DATE,GEOGRAPHY_NAME,SIC_SECTION_NAME,SIC_SECTION_CODE,JOBCOUNT
2022,Bedfordshire and Hertfordshire,"Agriculture, forestry and fishing",A (1-3),2775
2022,Bedfordshire and Hertfordshire,Mining and quarrying,B (5-9),185
2022,Bedfordshire and Hertfordshire,Manufacturing,C (10-33),50420
2022,Bedfordshire and Hertfordshire,"Electricity, gas, steam and air conditioning supply",D (35),1915
2022,Bedfordshire and Hertfordshire,Water supply; sewerage and waste management,E (36-39),5110
2022,Bedfordshire and Hertfordshire,Construction,F (41-43),53840
2022,Bedfordshire and Hertfordshire,Wholesale and retail trade; repair of motor vehicles,G (45-47),89825
2022,Bedfordshire and Hertfordshire,Transportation and storage,H (49-53),41980
2022,Bedfordshire and Hertfordshire,Accommodation and food service activities,I (55-56),26875
2022,Bedfordshire and Hertfordshire,Information and communication,J (58-63),31215
2022,Bedfordshire and Hertfordshire,Financial and insurance activities,K (64-66),10960
2022,Bedfordshire and Hertfordshire,Real estate activities,L (68),14350
2022,Bedfordshire and Hertfordshire,"Professional, scientific and technical activities",M (69-75),65175
2022,Bedfordshire and Hertfordshire,Administrative and support service activities,N (77-82),113575
2022,Bedfordshire and Hertfordshire,Public administration and defence,O (84),21000
2022,Bedfordshire and Hertfordshire,Education,P (85),39425
2022,Bedfordshire and Hertfordshire,Human health and social work activities,Q (86-88),59975
2022,Bedfordshire and Hertfordshire,"Arts, entertainment and recreation",R (90-93),8140
2022,Bedfordshire and Hertfordshire,Other service activities,S (94-96),12440
2022,Bedfordshire and Hertfordshire,Activities of households,T (97-98),0
2022,Bedfordshire and Hertfordshire,Activities of extraterritorial organisations and bodies,U (99),0
2022,"Berkshire, Buckinghamshire and Oxfordshire","Agriculture, forestry and fishing",A (1-3),4670
2022,"Berkshire, Buckinghamshire and Oxfordshire",Mining and quarrying,B (5-9),560
2022,"Berkshire, Buckinghamshire and Oxfordshire",Manufacturing,C (10-33),67670
2022,"Berkshire, Buckinghamshire and Oxfordshire","Electricity, gas, steam and air conditioning supply",D (35),3400
2022,"Berkshire, Buckinghamshire and Oxfordshire",Water supply; sewerage and waste management,E (36-39),11860
2022,"Berkshire, Buckinghamshire and Oxfordshire",Construction,F (41-43),37410
2022,"Berkshire, Buckinghamshire and Oxfordshire",Wholesale and retail trade; repair of motor vehicles,G (45-47),119430
2022,"Berkshire, Buckinghamshire and Oxfordshire",Transportation and storage,H (49-53),63160
2022,"Berkshire, Buckinghamshire and Oxfordshire",Accommodation and food service activities,I (55-56),35835
2022,"Berkshire, Buckinghamshire and Oxfordshire",Information and communication,J (58-63),107130
2022,"Berkshire, Buckinghamshire and Oxfordshire",Financial and insurance activities,K (64-66),27560
2022,"Berkshire, Buckinghamshire and Oxfordshire",Real estate activities,L (68),15545
2022,"Berkshire, Buckinghamshire and Oxfordshire","Professional, scientific and technical activities",M (69-75),130650
2022,"Berkshire, Buckinghamshire and Oxfordshire",Administrative and support service activities,N (77-82),78915
2022,"Berkshire, Buckinghamshire and Oxfordshire",Public administration and defence,O (84),26950
2022,"Berkshire, Buckinghamshire and Oxfordshire",Education,P (85),83125
2022,"Berkshire, Buckinghamshire and Oxfordshire",Human health and social work activities,Q (86-88),81000
2022,"Berkshire, Buckinghamshire and Oxfordshire","Arts, entertainment and recreation",R (90-93),15600
2022,"Berkshire, Buckinghamshire and Oxfordshire",Other service activities,S (94-96),16630
2022,"Berkshire, Buckinghamshire and Oxfordshire",Activities of households,T (97-98),0
2022,"Berkshire, Buckinghamshire and Oxfordshire",Activities of extraterritorial organisations and bodies,U (99),0
2022,Cheshire,"Agriculture, forestry and fishing",A (1-3),2970
2022,Cheshire,Mining and quarrying,B (5-9),1135
2022,Cheshire,Manufacturing,C (10-33),38025
2022,Cheshire,"Electricity, gas, steam and air conditioning supply",D (35),1340
2022,Cheshire,Water supply; sewerage and waste management,E (36-39),4505
2022,Cheshire,Construction,F (41-43),23655
2022,Cheshire,Wholesale and retail trade; repair of motor vehicles,G (45-47),46695
2022,Cheshire,Transportation and storage,H (49-53),23555
2022,Cheshire,Accommodation and food service activities,I (55-56),15445
2022,Cheshire,Information and communication,J (58-63),15770
2022,Cheshire,Financial and insurance activities,K (64-66),19335
2022,Cheshire,Real estate activities,L (68),5325
2022,Cheshire,"Professional, scientific and technical activities",M (69-75),49170
2022,Cheshire,Administrative and support service activities,N (77-82),33435
2022,Cheshire,Public administration and defence,O (84),12300
2022,Cheshire,Education,P (85),18050
2022,Cheshire,Human health and social work activities,Q (86-88),32400
2022,Cheshire,"Arts, entertainment and recreation",R (90-93),4650
2022,Cheshire,Other service activities,S (94-96),5900
2022,Cheshire,Activities of households,T (97-98),0
2022,Cheshire,Activities of extraterritorial organisations and bodies,U (99),0
2022,Cornwall and Isles of Scilly,"Agriculture, forestry and fishing",A (1-3),3835
2022,Cornwall and Isles of Scilly,Mining and quarrying,B (5-9),805
2022,Cornwall and Isles of Scilly,Manufacturing,C (10-33),14910
2022,Cornwall and Isles of Scilly,"Electricity, gas, steam and air conditioning supply",D (35),840
2022,Cornwall and Isles of Scilly,Water supply; sewerage and waste management,E (36-39),2020
2022,Cornwall and Isles of Scilly,Construction,F (41-43),12165
2022,Cornwall and Isles of Scilly,Wholesale and retail trade; repair of motor vehicles,G (45-47),18600
2022,Cornwall and Isles of Scilly,Transportation and storage,H (49-53),6120
2022,Cornwall and Isles of Scilly,Accommodation and food service activities,I (55-56),16275
2022,Cornwall and Isles of Scilly,Information and communication,J (58-63),3320
2022,Cornwall and Isles of Scilly,Financial and insurance activities,K (64-66),1250
2022,Cornwall and Isles of Scilly,Real estate activities,L (68),2675
2022,Cornwall and Isles of Scilly,"Professional, scientific and technical activities",M (69-75),9220
2022,Cornwall and Isles of Scilly,Administrative and support service activities,N (77-82),9180
2022,Cornwall and Isles of Scilly,Public administration and defence,O (84),5130
2022,Cornwall and Isles of Scilly,Education,P (85),9125
2022,Cornwall and Isles of Scilly,Human health and social work activities,Q (86-88),18090
2022,Cornwall and Isles of Scilly,"Arts, entertainment and recreation",R (90-93),3715
2022,Cornwall and Isles of Scilly,Other service activities,S (94-96),2275
2022,Cornwall and Isles of Scilly,Activities of households,T (97-98),0
2022,Cornwall and Isles of Scilly,Activities of extraterritorial organisations and bodies,U (99),0
2022,Cumbria,"Agriculture, forestry and fishing",A (1-3),2240
2022,Cumbria,Mining and quarrying,B (5-9),680
2022,Cumbria,Manufacturing,C (10-33),35735
2022,Cumbria,"Electricity, gas, steam and air conditioning supply",D (35),610
2022,Cumbria,Water supply; sewerage and waste management,E (36-39),1880
2022,Cumbria,Construction,F (41-43),13095
2022,Cumbria,Wholesale and retail trade; repair of motor vehicles,G (45-47),18865
2022,Cumbria,Transportation and storage,H (49-53),8405
2022,Cumbria,Accommodation and food service activities,I (55-56),11365
2022,Cumbria,Information and communication,J (58-63),2500
2022,Cumbria,Financial and insurance activities,K (64-66),1810
2022,Cumbria,Real estate activities,L (68),1730
2022,Cumbria,"Professional, scientific and technical activities",M (69-75),11325
2022,Cumbria,Administrative and support service activities,N (77-82),6550
2022,Cumbria,Public administration and defence,O (84),7875
2022,Cumbria,Education,P (85),7570
2022,Cumbria,Human health and social work activities,Q (86-88),17000
2022,Cumbria,"Arts, entertainment and recreation",R (90-93),2280
2022,Cumbria,Other service activities,S (94-96),2725
2022,Cumbria,Activities of households,T (97-98),0
2022,Cumbria,Activities of extraterritorial organisations and bodies,U (99),0
2022,Derbyshire and Nottinghamshire,"Agriculture, forestry and fishing",A (1-3),3020
2022,Derbyshire and Nottinghamshire,Mining and quarrying,B (5-9),1710
2022,Derbyshire and Nottinghamshire,Manufacturing,C (10-33),101795
2022,Derbyshire and Nottinghamshire,"Electricity, gas, steam and air conditioning supply",D (35),5665
2022,Derbyshire and Nottinghamshire,Water supply; sewerage and waste management,E (36-39),5175
2022,Derbyshire and Nottinghamshire,Construction,F (41-43),47430
2022,Derbyshire and Nottinghamshire,Wholesale and retail trade; repair of motor vehicles,G (45-47),84965
2022,Derbyshire and Nottinghamshire,Transportation and storage,H (49-53),44035
2022,Derbyshire and Nottinghamshire,Accommodation and food service activities,I (55-56),25250
2022,Derbyshire and Nottinghamshire,Information and communication,J (58-63),25530
2022,Derbyshire and Nottinghamshire,Financial and insurance activities,K (64-66),11190
2022,Derbyshire and Nottinghamshire,Real estate activities,L (68),8625
2022,Derbyshire and Nottinghamshire,"Professional, scientific and technical activities",M (69-75),50225
2022,Derbyshire and Nottinghamshire,Administrative and support service activities,N (77-82),54035
2022,Derbyshire and Nottinghamshire,Public administration and defence,O (84),32250
2022,Derbyshire and Nottinghamshire,Education,P (85),45555
2022,Derbyshire and Nottinghamshire,Human health and social work activities,Q (86-88),81800
2022,Derbyshire and Nottinghamshire,"Arts, entertainment and recreation",R (90-93),7575
2022,Derbyshire and Nottinghamshire,Other service activities,S (94-96),7180
2022,Derbyshire and Nottinghamshire,Activities of households,T (97-98),0
2022,Derbyshire and Nottinghamshire,Activities of extraterritorial organisations and bodies,U (99),0
2022,Devon,"Agriculture, forestry and fishing",A (1-3),4095
2022,Devon,Mining and quarrying,B (5-9),495
2022,Devon,Manufacturing,C (10-33),42170
2022,Devon,"Electricity, gas, steam and air conditioning supply",D (35),2120
2022,Devon,Water supply; sewerage and waste management,E (36-39),4415
2022,Devon,Construction,F (41-43),23695
2022,Devon,Wholesale and retail trade; repair of motor vehicles,G (45-47),38990
2022,Devon,Transportation and storage,H (49-53),16075
2022,Devon,Accommodation and food service activities,I (55-56),24800
2022,Devon,Information and communication,J (58-63),9260
2022,Devon,Financial and insurance activities,K (64-66),3740
2022,Devon,Real estate activities,L (68),6225
2022,Devon,"Professional, scientific and technical activities",M (69-75),24370
2022,Devon,Administrative and support service activities,N (77-82),19460
2022,Devon,Public administration and defence,O (84),17950
2022,Devon,Education,P (85),26005
2022,Devon,Human health and social work activities,Q (86-88),46600
2022,Devon,"Arts, entertainment and recreation",R (90-93),6330
2022,Devon,Other service activities,S (94-96),5585
2022,Devon,Activities of households,T (97-98),0
2022,Devon,Activities of extraterritorial organisations and bodies,U (99),0
2022,Dorset and Somerset,"Agriculture, forestry and fishing",A (1-3),4325
2022,Dorset and Somerset,Mining and quarrying,B (5-9),560
2022,Dorset and Somerset,Manufacturing,C (10-33),56960
2022,Dorset and Somerset,"Electricity, gas, steam and air conditioning supply",D (35),700
2022,Dorset and Somerset,Water supply; sewerage and waste management,E (36-39),2575
2022,Dorset and Somerset,Construction,F (41-43),16660
2022,Dorset and Somerset,Wholesale and retail trade; repair of motor vehicles,G (45-47),30615
2022,Dorset and Somerset,Transportation and storage,H (49-53),12340
2022,Dorset and Somerset,Accommodation and food service activities,I (55-56),12625
2022,Dorset and Somerset,Information and communication,J (58-63),5760
2022,Dorset and Somerset,Financial and insurance activities,K (64-66),1665
2022,Dorset and Somerset,Real estate activities,L (68),5625
2022,Dorset and Somerset,"Professional, scientific and technical activities",M (69-75),16885
2022,Dorset and Somerset,Administrative and support service activities,N (77-82),23015
2022,Dorset and Somerset,Public administration and defence,O (84),8390
2022,Dorset and Somerset,Education,P (85),14325
2022,Dorset and Somerset,Human health and social work activities,Q (86-88),22195
2022,Dorset and Somerset,"Arts, entertainment and recreation",R (90-93),3955
2022,Dorset and Somerset,Other service activities,S (94-96),5140
2022,Dorset and Somerset,Activities of households,T (97-98),0
2022,Dorset and Somerset,Activities of extraterritorial organisations and bodies,U (99),0
2022,East Anglia,"Agriculture, forestry and fishing",A (1-3),15605
2022,East Anglia,Mining and quarrying,B (5-9),495
2022,East Anglia,Manufacturing,C (10-33),88940
2022,East Anglia,"Electricity, gas, steam and air conditioning supply",D (35),2720
2022,East Anglia,Water supply; sewerage and waste management,E (36-39),8275
2022,East Anglia,Construction,F (41-43),54470
2022,East Anglia,Wholesale and retail trade; repair of motor vehicles,G (45-47),92635
2022,East Anglia,Transportation and storage,H (49-53),43570
2022,East Anglia,Accommodation and food service activities,I (55-56),32410
2022,East Anglia,Information and communication,J (58-63),32685
2022,East Anglia,Financial and insurance activities,K (64-66),20550
2022,East Anglia,Real estate activities,L (68),11475
2022,East Anglia,"Professional, scientific and technical activities",M (69-75),71430
2022,East Anglia,Administrative and support service activities,N (77-82),51430
2022,East Anglia,Public administration and defence,O (84),29800
2022,East Anglia,Education,P (85),54100
2022,East Anglia,Human health and social work activities,Q (86-88),88200
2022,East Anglia,"Arts, entertainment and recreation",R (90-93),9440
2022,East Anglia,Other service activities,S (94-96),11545
2022,East Anglia,Activities of households,T (97-98),0
2022,East Anglia,Activities of extraterritorial organisations and bodies,U (99),0
2022,East Wales,"Agriculture, forestry and fishing",A (1-3),3635
2022,East Wales,Mining and quarrying,B (5-9),590
2022,East Wales,Manufacturing,C (10-33),56010
2022,East Wales,"Electricity, gas, steam and air conditioning supply",D (35),3515
2022,East Wales,Water supply; sewerage and waste management,E (36-39),4455
2022,East Wales,Construction,F (41-43),19420
2022,East Wales,Wholesale and retail trade; repair of motor vehicles,G (45-47),34460
2022,East Wales,Transportation and storage,H (49-53),18925
2022,East Wales,Accommodation and food service activities,I (55-56),17335
2022,East Wales,Information and communication,J (58-63),15360
2022,East Wales,Financial and insurance activities,K (64-66),17225
2022,East Wales,Real estate activities,L (68),6680
2022,East Wales,"Professional, scientific and technical activities",M (69-75),29370
2022,East Wales,Administrative and support service activities,N (77-82),27455
2022,East Wales,Public administration and defence,O (84),33300
2022,East Wales,Education,P (85),26930
2022,East Wales,Human health and social work activities,Q (86-88),43450
2022,East Wales,"Arts, entertainment and recreation",R (90-93),6505
2022,East Wales,Other service activities,S (94-96),6410
2022,East Wales,Activities of households,T (97-98),0
2022,East Wales,Activities of extraterritorial organisations and bodies,U (99),0
2022,East Yorkshire and Northern Lincolnshire,"Agriculture, forestry and fishing",A (1-3),3695
2022,East Yorkshire and Northern Lincolnshire,Mining and quarrying,B (5-9),420
2022,East Yorkshire and Northern Lincolnshire,Manufacturing,C (10-33),68760
2022,East Yorkshire and Northern Lincolnshire,"Electricity, gas, steam and air conditioning supply",D (35),1365
2022,East Yorkshire and Northern Lincolnshire,Water supply; sewerage and waste management,E (36-39),3300
2022,East Yorkshire and Northern Lincolnshire,Construction,F (41-43),19000
2022,East Yorkshire and Northern Lincolnshire,Wholesale and retail trade; repair of motor vehicles,G (45-47),34570
2022,East Yorkshire and Northern Lincolnshire,Transportation and storage,H (49-53),18220
2022,East Yorkshire and Northern Lincolnshire,Accommodation and food service activities,I (55-56),9775
2022,East Yorkshire and Northern Lincolnshire,Information and communication,J (58-63),5655
2022,East Yorkshire and Northern Lincolnshire,Financial and insurance activities,K (64-66),2530
2022,East Yorkshire and Northern Lincolnshire,Real estate activities,L (68),2900
2022,East Yorkshire and Northern Lincolnshire,"Professional, scientific and technical activities",M (69-75),12930
2022,East Yorkshire and Northern Lincolnshire,Administrative and support service activities,N (77-82),18695
2022,East Yorkshire and Northern Lincolnshire,Public administration and defence,O (84),12475
2022,East Yorkshire and Northern Lincolnshire,Education,P (85),18000
2022,East Yorkshire and Northern Lincolnshire,Human health and social work activities,Q (86-88),33575
2022,East Yorkshire and Northern Lincolnshire,"Arts, entertainment and recreation",R (90-93),2840
2022,East Yorkshire and Northern Lincolnshire,Other service activities,S (94-96),2720
2022,East Yorkshire and Northern Lincolnshire,Activities of households,T (97-98),0
2022,East Yorkshire and Northern Lincolnshire,Activities of extraterritorial organisations and bodies,U (99),0
2022,Eastern Scotland,"Agriculture, forestry and fishing",A (1-3),6505
2022,Eastern Scotland,Mining and quarrying,B (5-9),745
2022,Eastern Scotland,Manufacturing,C (10-33),52910
2022,Eastern Scotland,"Electricity, gas, steam and air conditioning supply",D (35),7005
2022,Eastern Scotland,Water supply; sewerage and waste management,E (36-39),4905
2022,Eastern Scotland,Construction,F (41-43),40055
2022,Eastern Scotland,Wholesale and retail trade; repair of motor vehicles,G (45-47),63995
2022,Eastern Scotland,Transportation and storage,H (49-53),30355
2022,Eastern Scotland,Accommodation and food service activities,I (55-56),35400
2022,Eastern Scotland,Information and communication,J (58-63),30545
2022,Eastern Scotland,Financial and insurance activities,K (64-66),43920
2022,Eastern Scotland,Real estate activities,L (68),8750
2022,Eastern Scotland,"Professional, scientific and technical activities",M (69-75),56010
2022,Eastern Scotland,Administrative and support service activities,N (77-82),42625
2022,Eastern Scotland,Public administration and defence,O (84),48550
2022,Eastern Scotland,Education,P (85),53835
2022,Eastern Scotland,Human health and social work activities,Q (86-88),81050
2022,Eastern Scotland,"Arts, entertainment and recreation",R (90-93),14900
2022,Eastern Scotland,Other service activities,S (94-96),11125
2022,Eastern Scotland,Activities of households,T (97-98),0
2022,Eastern Scotland,Activities of extraterritorial organisations and bodies,U (99),0
2022,Essex,"Agriculture, forestry and fishing",A (1-3),4290
2022,Essex,Mining and quarrying,B (5-9),235
2022,Essex,Manufacturing,C (10-33),41660
2022,Essex,"Electricity, gas, steam and air conditioning supply",D (35),1000
2022,Essex,Water supply; sewerage and waste management,E (36-39),6170
2022,Essex,Construction,F (41-43),52505
2022,Essex,Wholesale and retail trade; repair of motor vehicles,G (45-47),70490
2022,Essex,Transportation and storage,H (49-53),44515
2022,Essex,Accommodation and food service activities,I (55-56),23140
2022,Essex,Information and communication,J (58-63),14870
2022,Essex,Financial and insurance activities,K (64-66),13575
2022,Essex,Real estate activities,L (68),9900
2022,Essex,"Professional, scientific and technical activities",M (69-75),33245
2022,Essex,Administrative and support service activities,N (77-82),42115
2022,Essex,Public administration and defence,O (84),21100
2022,Essex,Education,P (85),32705
2022,Essex,Human health and social work activities,Q (86-88),58950
2022,Essex,"Arts, entertainment and recreation",R (90-93),6305
2022,Essex,Other service activities,S (94-96),8345
2022,Essex,Activities of households,T (97-98),0
2022,Essex,Activities of extraterritorial organisations and bodies,U (99),0
2022,"Gloucestershire, Wiltshire and Bath/Bristol area","Agriculture, forestry and fishing",A (1-3),5770
2022,"Gloucestershire, Wiltshire and Bath/Bristol area",Mining and quarrying,B (5-9),345
2022,"Gloucestershire, Wiltshire and Bath/Bristol area",Manufacturing,C (10-33),90570
2022,"Gloucestershire, Wiltshire and Bath/Bristol area","Electricity, gas, steam and air conditioning supply",D (35),5590
2022,"Gloucestershire, Wiltshire and Bath/Bristol area",Water supply; sewerage and waste management,E (36-39),13150
2022,"Gloucestershire, Wiltshire and Bath/Bristol area",Construction,F (41-43),53340
2022,"Gloucestershire, Wiltshire and Bath/Bristol area",Wholesale and retail trade; repair of motor vehicles,G (45-47),90385
2022,"Gloucestershire, Wiltshire and Bath/Bristol area",Transportation and storage,H (49-53),50410
2022,"Gloucestershire, Wiltshire and Bath/Bristol area",Accommodation and food service activities,I (55-56),40320
2022,"Gloucestershire, Wiltshire and Bath/Bristol area",Information and communication,J (58-63),46500
2022,"Gloucestershire, Wiltshire and Bath/Bristol area",Financial and insurance activities,K (64-66),39655
2022,"Gloucestershire, Wiltshire and Bath/Bristol area",Real estate activities,L (68),15005
2022,"Gloucestershire, Wiltshire and Bath/Bristol area","Professional, scientific and technical activities",M (69-75),100375
2022,"Gloucestershire, Wiltshire and Bath/Bristol area",Administrative and support service activities,N (77-82),70580
2022,"Gloucestershire, Wiltshire and Bath/Bristol area",Public administration and defence,O (84),47800
2022,"Gloucestershire, Wiltshire and Bath/Bristol area",Education,P (85),57520
2022,"Gloucestershire, Wiltshire and Bath/Bristol area",Human health and social work activities,Q (86-88),89700
2022,"Gloucestershire, Wiltshire and Bath/Bristol area","Arts, entertainment and recreation",R (90-93),13230
2022,"Gloucestershire, Wiltshire and Bath/Bristol area",Other service activities,S (94-96),12215
2022,"Gloucestershire, Wiltshire and Bath/Bristol area",Activities of households,T (97-98),0
2022,"Gloucestershire, Wiltshire and Bath/Bristol area",Activities of extraterritorial organisations and bodies,U (99),0
2022,Greater Manchester,"Agriculture, forestry and fishing",A (1-3),415
2022,Greater Manchester,Mining and quarrying,B (5-9),640
2022,Greater Manchester,Manufacturing,C (10-33),88715
2022,Greater Manchester,"Electricity, gas, steam and air conditioning supply",D (35),4090
2022,Greater Manchester,Water supply; sewerage and waste management,E (36-39),6530
2022,Greater Manchester,Construction,F (41-43),61015
2022,Greater Manchester,Wholesale and retail trade; repair of motor vehicles,G (45-47),127610
2022,Greater Manchester,Transportation and storage,H (49-53),59930
2022,Greater Manchester,Accommodation and food service activities,I (55-56),38620
2022,Greater Manchester,Information and communication,J (58-63),55200
2022,Greater Manchester,Financial and insurance activities,K (64-66),37225
2022,Greater Manchester,Real estate activities,L (68),20175
2022,Greater Manchester,"Professional, scientific and technical activities",M (69-75),138475
2022,Greater Manchester,Administrative and support service activities,N (77-82),94255
2022,Greater Manchester,Public administration and defence,O (84),48900
2022,Greater Manchester,Education,P (85),63210
2022,Greater Manchester,Human health and social work activities,Q (86-88),129250
2022,Greater Manchester,"Arts, entertainment and recreation",R (90-93),11740
2022,Greater Manchester,Other service activities,S (94-96),17010
2022,Greater Manchester,Activities of households,T (97-98),0
2022,Greater Manchester,Activities of extraterritorial organisations and bodies,U (99),0
2022,Hampshire and Isle of Wight,"Agriculture, forestry and fishing",A (1-3),4720
2022,Hampshire and Isle of Wight,Mining and quarrying,B (5-9),470
2022,Hampshire and Isle of Wight,Manufacturing,C (10-33),55145
2022,Hampshire and Isle of Wight,"Electricity, gas, steam and air conditioning supply",D (35),3755
2022,Hampshire and Isle of Wight,Water supply; sewerage and waste management,E (36-39),6920
2022,Hampshire and Isle of Wight,Construction,F (41-43),36115
2022,Hampshire and Isle of Wight,Wholesale and retail trade; repair of motor vehicles,G (45-47),80960
2022,Hampshire and Isle of Wight,Transportation and storage,H (49-53),36815
2022,Hampshire and Isle of Wight,Accommodation and food service activities,I (55-56),29305
2022,Hampshire and Isle of Wight,Information and communication,J (58-63),40900
2022,Hampshire and Isle of Wight,Financial and insurance activities,K (64-66),16285
2022,Hampshire and Isle of Wight,Real estate activities,L (68),11465
2022,Hampshire and Isle of Wight,"Professional, scientific and technical activities",M (69-75),58955
2022,Hampshire and Isle of Wight,Administrative and support service activities,N (77-82),51245
2022,Hampshire and Isle of Wight,Public administration and defence,O (84),29350
2022,Hampshire and Isle of Wight,Education,P (85),49425
2022,Hampshire and Isle of Wight,Human health and social work activities,Q (86-88),68700
2022,Hampshire and Isle of Wight,"Arts, entertainment and recreation",R (90-93),10485
2022,Hampshire and Isle of Wight,Other service activities,S (94-96),12930
2022,Hampshire and Isle of Wight,Activities of households,T (97-98),0
2022,Hampshire and Isle of Wight,Activities of extraterritorial organisations and bodies,U (99),0
2022,"Herefordshire, Worcestershire and Warwickshire","Agriculture, forestry and fishing",A (1-3),8265
2022,"Herefordshire, Worcestershire and Warwickshire",Mining and quarrying,B (5-9),305
2022,"Herefordshire, Worcestershire and Warwickshire",Manufacturing,C (10-33),75045
2022,"Herefordshire, Worcestershire and Warwickshire","Electricity, gas, steam and air conditioning supply",D (35),6895
2022,"Herefordshire, Worcestershire and Warwickshire",Water supply; sewerage and waste management,E (36-39),3860
2022,"Herefordshire, Worcestershire and Warwickshire",Construction,F (41-43),25530
2022,"Herefordshire, Worcestershire and Warwickshire",Wholesale and retail trade; repair of motor vehicles,G (45-47),63270
2022,"Herefordshire, Worcestershire and Warwickshire",Transportation and storage,H (49-53),37995
2022,"Herefordshire, Worcestershire and Warwickshire",Accommodation and food service activities,I (55-56),18285
2022,"Herefordshire, Worcestershire and Warwickshire",Information and communication,J (58-63),17740
2022,"Herefordshire, Worcestershire and Warwickshire",Financial and insurance activities,K (64-66),9370
2022,"Herefordshire, Worcestershire and Warwickshire",Real estate activities,L (68),11425
2022,"Herefordshire, Worcestershire and Warwickshire","Professional, scientific and technical activities",M (69-75),41285
2022,"Herefordshire, Worcestershire and Warwickshire",Administrative and support service activities,N (77-82),28935
2022,"Herefordshire, Worcestershire and Warwickshire",Public administration and defence,O (84),15050
2022,"Herefordshire, Worcestershire and Warwickshire",Education,P (85),21680
2022,"Herefordshire, Worcestershire and Warwickshire",Human health and social work activities,Q (86-88),43250
2022,"Herefordshire, Worcestershire and Warwickshire","Arts, entertainment and recreation",R (90-93),6410
2022,"Herefordshire, Worcestershire and Warwickshire",Other service activities,S (94-96),10110
2022,"Herefordshire, Worcestershire and Warwickshire",Activities of households,T (97-98),0
2022,"Herefordshire, Worcestershire and Warwickshire",Activities of extraterritorial organisations and bodies,U (99),0
2022,Highlands and Islands,"Agriculture, forestry and fishing",A (1-3),7405
2022,Highlands and Islands,Mining and quarrying,B (5-9),805
2022,Highlands and Islands,Manufacturing,C (10-33),13510
2022,Highlands and Islands,"Electricity, gas, steam and air conditioning supply",D (35),1670
2022,Highlands and Islands,Water supply; sewerage and waste management,E (36-39),2790
2022,Highlands and Islands,Construction,F (41-43),13510
2022,Highlands and Islands,Wholesale and retail trade; repair of motor vehicles,G (45-47),15330
2022,Highlands and Islands,Transportation and storage,H (49-53),8065
2022,Highlands and Islands,Accommodation and food service activities,I (55-56),12175
2022,Highlands and Islands,Information and communication,J (58-63),3135
2022,Highlands and Islands,Financial and insurance activities,K (64-66),1065
2022,Highlands and Islands,Real estate activities,L (68),1675
2022,Highlands and Islands,"Professional, scientific and technical activities",M (69-75),7950
2022,Highlands and Islands,Administrative and support service activities,N (77-82),6870
2022,Highlands and Islands,Public administration and defence,O (84),9700
2022,Highlands and Islands,Education,P (85),8145
2022,Highlands and Islands,Human health and social work activities,Q (86-88),18635
2022,Highlands and Islands,"Arts, entertainment and recreation",R (90-93),3425
2022,Highlands and Islands,Other service activities,S (94-96),1760
2022,Highlands and Islands,Activities of households,T (97-98),0
2022,Highlands and Islands,Activities of extraterritorial organisations and bodies,U (99),0
2022,Inner London - East,"Agriculture, forestry and fishing",A (1-3),365
2022,Inner London - East,Mining and quarrying,B (5-9),100
2022,Inner London - East,Manufacturing,C (10-33),18325
2022,Inner London - East,"Electricity, gas, steam and air conditioning supply",D (35),2645
2022,Inner London - East,Water supply; sewerage and waste management,E (36-39),3950
2022,Inner London - East,Construction,F (41-43),30015
2022,Inner London - East,Wholesale and retail trade; repair of motor vehicles,G (45-47),80770
2022,Inner London - East,Transportation and storage,H (49-53),45525
2022,Inner London - East,Accommodation and food service activities,I (55-56),63195
2022,Inner London - East,Information and communication,J (58-63),124705
2022,Inner London - East,Financial and insurance activities,K (64-66),96585
2022,Inner London - East,Real estate activities,L (68),28600
2022,Inner London - East,"Professional, scientific and technical activities",M (69-75),206025
2022,Inner London - East,Administrative and support service activities,N (77-82),113165
2022,Inner London - East,Public administration and defence,O (84),60100
2022,Inner London - East,Education,P (85),65120
2022,Inner London - East,Human health and social work activities,Q (86-88),111550
2022,Inner London - East,"Arts, entertainment and recreation",R (90-93),18720
2022,Inner London - East,Other service activities,S (94-96),25300
2022,Inner London - East,Activities of households,T (97-98),0
2022,Inner London - East,Activities of extraterritorial organisations and bodies,U (99),0
2022,Inner London - West,"Agriculture, forestry and fishing",A (1-3),465
2022,Inner London - West,Mining and quarrying,B (5-9),1410
2022,Inner London - West,Manufacturing,C (10-33),21320
2022,Inner London - West,"Electricity, gas, steam and air conditioning supply",D (35),5670
2022,Inner London - West,Water supply; sewerage and waste management,E (36-39),2025
2022,Inner London - West,Construction,F (41-43),33670
2022,Inner London - West,Wholesale and retail trade; repair of motor vehicles,G (45-47),121375
2022,Inner London - West,Transportation and storage,H (49-53),31615
2022,Inner London - West,Accommodation and food service activities,I (55-56),116250
2022,Inner London - West,Information and communication,J (58-63),244050
2022,Inner London - West,Financial and insurance activities,K (64-66),238035
2022,Inner London - West,Real estate activities,L (68),51700
2022,Inner London - West,"Professional, scientific and technical activities",M (69-75),372550
2022,Inner London - West,Administrative and support service activities,N (77-82),152695
2022,Inner London - West,Public administration and defence,O (84),96800
2022,Inner London - West,Education,P (85),66800
2022,Inner London - West,Human health and social work activities,Q (86-88),116450
2022,Inner London - West,"Arts, entertainment and recreation",R (90-93),35840
2022,Inner London - West,Other service activities,S (94-96),39025
2022,Inner London - West,Activities of households,T (97-98),0
2022,Inner London - West,Activities of extraterritorial organisations and bodies,U (99),0
2022,Kent,"Agriculture, forestry and fishing",A (1-3),11010
2022,Kent,Mining and quarrying,B (5-9),355
2022,Kent,Manufacturing,C (10-33),37705
2022,Kent,"Electricity, gas, steam and air conditioning supply",D (35),1885
2022,Kent,Water supply; sewerage and waste management,E (36-39),8330
2022,Kent,Construction,F (41-43),42660
2022,Kent,Wholesale and retail trade; repair of motor vehicles,G (45-47),66995
2022,Kent,Transportation and storage,H (49-53),39730
2022,Kent,Accommodation and food service activities,I (55-56),22575
2022,Kent,Information and communication,J (58-63),17845
2022,Kent,Financial and insurance activities,K (64-66),13720
2022,Kent,Real estate activities,L (68),8710
2022,Kent,"Professional, scientific and technical activities",M (69-75),35585
2022,Kent,Administrative and support service activities,N (77-82),47010
2022,Kent,Public administration and defence,O (84),24100
2022,Kent,Education,P (85),42630
2022,Kent,Human health and social work activities,Q (86-88),56850
2022,Kent,"Arts, entertainment and recreation",R (90-93),7810
2022,Kent,Other service activities,S (94-96),8235
2022,Kent,Activities of households,T (97-98),0
2022,Kent,Activities of extraterritorial organisations and bodies,U (99),0
2022,Lancashire,"Agriculture, forestry and fishing",A (1-3),3660
2022,Lancashire,Mining and quarrying,B (5-9),530
2022,Lancashire,Manufacturing,C (10-33),76065
2022,Lancashire,"Electricity, gas, steam and air conditioning supply",D (35),2290
2022,Lancashire,Water supply; sewerage and waste management,E (36-39),4410
2022,Lancashire,Construction,F (41-43),31815
2022,Lancashire,Wholesale and retail trade; repair of motor vehicles,G (45-47),64500
2022,Lancashire,Transportation and storage,H (49-53),18845
2022,Lancashire,Accommodation and food service activities,I (55-56),19125
2022,Lancashire,Information and communication,J (58-63),13695
2022,Lancashire,Financial and insurance activities,K (64-66),7480
2022,Lancashire,Real estate activities,L (68),5935
2022,Lancashire,"Professional, scientific and technical activities",M (69-75),34000
2022,Lancashire,Administrative and support service activities,N (77-82),28375
2022,Lancashire,Public administration and defence,O (84),28250
2022,Lancashire,Education,P (85),32510
2022,Lancashire,Human health and social work activities,Q (86-88),64750
2022,Lancashire,"Arts, entertainment and recreation",R (90-93),5800
2022,Lancashire,Other service activities,S (94-96),6965
2022,Lancashire,Activities of households,T (97-98),0
2022,Lancashire,Activities of extraterritorial organisations and bodies,U (99),0
2022,"Leicestershire, Rutland and Northamptonshire","Agriculture, forestry and fishing",A (1-3),3105
2022,"Leicestershire, Rutland and Northamptonshire",Mining and quarrying,B (5-9),2330
2022,"Leicestershire, Rutland and Northamptonshire",Manufacturing,C (10-33),86200
2022,"Leicestershire, Rutland and Northamptonshire","Electricity, gas, steam and air conditioning supply",D (35),5100
2022,"Leicestershire, Rutland and Northamptonshire",Water supply; sewerage and waste management,E (36-39),3915
2022,"Leicestershire, Rutland and Northamptonshire",Construction,F (41-43),37370
2022,"Leicestershire, Rutland and Northamptonshire",Wholesale and retail trade; repair of motor vehicles,G (45-47),90210
2022,"Leicestershire, Rutland and Northamptonshire",Transportation and storage,H (49-53),68455
2022,"Leicestershire, Rutland and Northamptonshire",Accommodation and food service activities,I (55-56),19250
2022,"Leicestershire, Rutland and Northamptonshire",Information and communication,J (58-63),19735
2022,"Leicestershire, Rutland and Northamptonshire",Financial and insurance activities,K (64-66),19320
2022,"Leicestershire, Rutland and Northamptonshire",Real estate activities,L (68),9015
2022,"Leicestershire, Rutland and Northamptonshire","Professional, scientific and technical activities",M (69-75),56180
2022,"Leicestershire, Rutland and Northamptonshire",Administrative and support service activities,N (77-82),57995
2022,"Leicestershire, Rutland and Northamptonshire",Public administration and defence,O (84),26700
2022,"Leicestershire, Rutland and Northamptonshire",Education,P (85),42740
2022,"Leicestershire, Rutland and Northamptonshire",Human health and social work activities,Q (86-88),63500
2022,"Leicestershire, Rutland and Northamptonshire","Arts, entertainment and recreation",R (90-93),8420
2022,"Leicestershire, Rutland and Northamptonshire",Other service activities,S (94-96),7755
2022,"Leicestershire, Rutland and Northamptonshire",Activities of households,T (97-98),0
2022,"Leicestershire, Rutland and Northamptonshire",Activities of extraterritorial organisations and bodies,U (99),0
2022,Lincolnshire,"Agriculture, forestry and fishing",A (1-3),8205
2022,Lincolnshire,Mining and quarrying,B (5-9),450
2022,Lincolnshire,Manufacturing,C (10-33),32290
2022,Lincolnshire,"Electricity, gas, steam and air conditioning supply",D (35),530
2022,Lincolnshire,Water supply; sewerage and waste management,E (36-39),3065
2022,Lincolnshire,Construction,F (41-43),14205
2022,Lincolnshire,Wholesale and retail trade; repair of motor vehicles,G (45-47),31000
2022,Lincolnshire,Transportation and storage,H (49-53),10115
2022,Lincolnshire,Accommodation and food service activities,I (55-56),9715
2022,Lincolnshire,Information and communication,J (58-63),5010
2022,Lincolnshire,Financial and insurance activities,K (64-66),1980
2022,Lincolnshire,Real estate activities,L (68),2580
2022,Lincolnshire,"Professional, scientific and technical activities",M (69-75),10205
2022,Lincolnshire,Administrative and support service activities,N (77-82),17795
2022,Lincolnshire,Public administration and defence,O (84),8225
2022,Lincolnshire,Education,P (85),14445
2022,Lincolnshire,Human health and social work activities,Q (86-88),25350
2022,Lincolnshire,"Arts, entertainment and recreation",R (90-93),2375
2022,Lincolnshire,Other service activities,S (94-96),2890
2022,Lincolnshire,Activities of households,T (97-98),0
2022,Lincolnshire,Activities of extraterritorial organisations and bodies,U (99),0
2022,Merseyside,"Agriculture, forestry and fishing",A (1-3),450
2022,Merseyside,Mining and quarrying,B (5-9),390
2022,Merseyside,Manufacturing,C (10-33),42215
2022,Merseyside,"Electricity, gas, steam and air conditioning supply",D (35),745
2022,Merseyside,Water supply; sewerage and waste management,E (36-39),4400
2022,Merseyside,Construction,F (41-43),28235
2022,Merseyside,Wholesale and retail trade; repair of motor vehicles,G (45-47),50050
2022,Merseyside,Transportation and storage,H (49-53),33260
2022,Merseyside,Accommodation and food service activities,I (55-56),18560
2022,Merseyside,Information and communication,J (58-63),14860
2022,Merseyside,Financial and insurance activities,K (64-66),13300
2022,Merseyside,Real estate activities,L (68),7850
2022,Merseyside,"Professional, scientific and technical activities",M (69-75),37135
2022,Merseyside,Administrative and support service activities,N (77-82),32130
2022,Merseyside,Public administration and defence,O (84),34400
2022,Merseyside,Education,P (85),33580
2022,Merseyside,Human health and social work activities,Q (86-88),78550
2022,Merseyside,"Arts, entertainment and recreation",R (90-93),6180
2022,Merseyside,Other service activities,S (94-96),7975
2022,Merseyside,Activities of households,T (97-98),0
2022,Merseyside,Activities of extraterritorial organisations and bodies,U (99),0
2022,North Eastern Scotland,"Agriculture, forestry and fishing",A (1-3),4010
2022,North Eastern Scotland,Mining and quarrying,B (5-9),22310
2022,North Eastern Scotland,Manufacturing,C (10-33),18660
2022,North Eastern Scotland,"Electricity, gas, steam and air conditioning supply",D (35),975
2022,North Eastern Scotland,Water supply; sewerage and waste management,E (36-39),1110
2022,North Eastern Scotland,Construction,F (41-43),11880
2022,North Eastern Scotland,Wholesale and retail trade; repair of motor vehicles,G (45-47),16185
2022,North Eastern Scotland,Transportation and storage,H (49-53),9375
2022,North Eastern Scotland,Accommodation and food service activities,I (55-56),8250
2022,North Eastern Scotland,Information and communication,J (58-63),4130
2022,North Eastern Scotland,Financial and insurance activities,K (64-66),1395
2022,North Eastern Scotland,Real estate activities,L (68),1545
2022,North Eastern Scotland,"Professional, scientific and technical activities",M (69-75),26780
2022,North Eastern Scotland,Administrative and support service activities,N (77-82),12865
2022,North Eastern Scotland,Public administration and defence,O (84),8010
2022,North Eastern Scotland,Education,P (85),10730
2022,North Eastern Scotland,Human health and social work activities,Q (86-88),15470
2022,North Eastern Scotland,"Arts, entertainment and recreation",R (90-93),2695
2022,North Eastern Scotland,Other service activities,S (94-96),2000
2022,North Eastern Scotland,Activities of households,T (97-98),0
2022,North Eastern Scotland,Activities of extraterritorial organisations and bodies,U (99),0
2022,North Yorkshire,"Agriculture, forestry and fishing",A (1-3),5045
2022,North Yorkshire,Mining and quarrying,B (5-9),515
2022,North Yorkshire,Manufacturing,C (10-33),34575
2022,North Yorkshire,"Electricity, gas, steam and air conditioning supply",D (35),1360
2022,North Yorkshire,Water supply; sewerage and waste management,E (36-39),1850
2022,North Yorkshire,Construction,F (41-43),14805
2022,North Yorkshire,Wholesale and retail trade; repair of motor vehicles,G (45-47),31265
2022,North Yorkshire,Transportation and storage,H (49-53),13230
2022,North Yorkshire,Accommodation and food service activities,I (55-56),18825
2022,North Yorkshire,Information and communication,J (58-63),7200
2022,North Yorkshire,Financial and insurance activities,K (64-66),8770
2022,North Yorkshire,Real estate activities,L (68),3350
2022,North Yorkshire,"Professional, scientific and technical activities",M (69-75),21345
2022,North Yorkshire,Administrative and support service activities,N (77-82),15725
2022,North Yorkshire,Public administration and defence,O (84),14950
2022,North Yorkshire,Education,P (85),18455
2022,North Yorkshire,Human health and social work activities,Q (86-88),27225
2022,North Yorkshire,"Arts, entertainment and recreation",R (90-93),4160
2022,North Yorkshire,Other service activities,S (94-96),3210
2022,North Yorkshire,Activities of households,T (97-98),0
2022,North Yorkshire,Activities of extraterritorial organisations and bodies,U (99),0
2022,"Northumberland, and Tyne and Wear","Agriculture, forestry and fishing",A (1-3),2070
2022,"Northumberland, and Tyne and Wear",Mining and quarrying,B (5-9),160
2022,"Northumberland, and Tyne and Wear",Manufacturing,C (10-33),53240
2022,"Northumberland, and Tyne and Wear","Electricity, gas, steam and air conditioning supply",D (35),2320
2022,"Northumberland, and Tyne and Wear",Water supply; sewerage and waste management,E (36-39),3075
2022,"Northumberland, and Tyne and Wear",Construction,F (41-43),22170
2022,"Northumberland, and Tyne and Wear",Wholesale and retail trade; repair of motor vehicles,G (45-47),41105
2022,"Northumberland, and Tyne and Wear",Transportation and storage,H (49-53),26490
2022,"Northumberland, and Tyne and Wear",Accommodation and food service activities,I (55-56),20535
2022,"Northumberland, and Tyne and Wear",Information and communication,J (58-63),20390
2022,"Northumberland, and Tyne and Wear",Financial and insurance activities,K (64-66),13485
2022,"Northumberland, and Tyne and Wear",Real estate activities,L (68),7370
2022,"Northumberland, and Tyne and Wear","Professional, scientific and technical activities",M (69-75),29625
2022,"Northumberland, and Tyne and Wear",Administrative and support service activities,N (77-82),38330
2022,"Northumberland, and Tyne and Wear",Public administration and defence,O (84),33750
2022,"Northumberland, and Tyne and Wear",Education,P (85),37940
2022,"Northumberland, and Tyne and Wear",Human health and social work activities,Q (86-88),61850
2022,"Northumberland, and Tyne and Wear","Arts, entertainment and recreation",R (90-93),6340
2022,"Northumberland, and Tyne and Wear",Other service activities,S (94-96),6640
2022,"Northumberland, and Tyne and Wear",Activities of households,T (97-98),0
2022,"Northumberland, and Tyne and Wear",Activities of extraterritorial organisations and bodies,U (99),0
2022,Outer London - East and North East,"Agriculture, forestry and fishing",A (1-3),305
2022,Outer London - East and North East,Mining and quarrying,B (5-9),210
2022,Outer London - East and North East,Manufacturing,C (10-33),19910
2022,Outer London - East and North East,"Electricity, gas, steam and air conditioning supply",D (35),495
2022,Outer London - East and North East,Water supply; sewerage and waste management,E (36-39),6490
2022,Outer London - East and North East,Construction,F (41-43),27720
2022,Outer London - East and North East,Wholesale and retail trade; repair of motor vehicles,G (45-47),52095
2022,Outer London - East and North East,Transportation and storage,H (49-53),32170
2022,Outer London - East and North East,Accommodation and food service activities,I (55-56),20850
2022,Outer London - East and North East,Information and communication,J (58-63),13430
2022,Outer London - East and North East,Financial and insurance activities,K (64-66),4370
2022,Outer London - East and North East,Real estate activities,L (68),7315
2022,Outer London - East and North East,"Professional, scientific and technical activities",M (69-75),25435
2022,Outer London - East and North East,Administrative and support service activities,N (77-82),42550
2022,Outer London - East and North East,Public administration and defence,O (84),19650
2022,Outer London - East and North East,Education,P (85),31760
2022,Outer London - East and North East,Human health and social work activities,Q (86-88),54300
2022,Outer London - East and North East,"Arts, entertainment and recreation",R (90-93),6985
2022,Outer London - East and North East,Other service activities,S (94-96),11605
2022,Outer London - East and North East,Activities of households,T (97-98),0
2022,Outer London - East and North East,Activities of extraterritorial organisations and bodies,U (99),0
2022,Outer London - South,"Agriculture, forestry and fishing",A (1-3),370
2022,Outer London - South,Mining and quarrying,B (5-9),5
2022,Outer London - South,Manufacturing,C (10-33),9450
2022,Outer London - South,"Electricity, gas, steam and air conditioning supply",D (35),635
2022,Outer London - South,Water supply; sewerage and waste management,E (36-39),1990
2022,Outer London - South,Construction,F (41-43),18585
2022,Outer London - South,Wholesale and retail trade; repair of motor vehicles,G (45-47),39600
2022,Outer London - South,Transportation and storage,H (49-53),16870
2022,Outer London - South,Accommodation and food service activities,I (55-56),17590
2022,Outer London - South,Information and communication,J (58-63),16380
2022,Outer London - South,Financial and insurance activities,K (64-66),11135
2022,Outer London - South,Real estate activities,L (68),6490
2022,Outer London - South,"Professional, scientific and technical activities",M (69-75),32600
2022,Outer London - South,Administrative and support service activities,N (77-82),41970
2022,Outer London - South,Public administration and defence,O (84),21160
2022,Outer London - South,Education,P (85),23825
2022,Outer London - South,Human health and social work activities,Q (86-88),42500
2022,Outer London - South,"Arts, entertainment and recreation",R (90-93),5455
2022,Outer London - South,Other service activities,S (94-96),8680
2022,Outer London - South,Activities of households,T (97-98),0
2022,Outer London - South,Activities of extraterritorial organisations and bodies,U (99),0
2022,Outer London - West and North West,"Agriculture, forestry and fishing",A (1-3),280
2022,Outer London - West and North West,Mining and quarrying,B (5-9),415
2022,Outer London - West and North West,Manufacturing,C (10-33),32675
2022,Outer London - West and North West,"Electricity, gas, steam and air conditioning supply",D (35),865
2022,Outer London - West and North West,Water supply; sewerage and waste management,E (36-39),5040
2022,Outer London - West and North West,Construction,F (41-43),30965
2022,Outer London - West and North West,Wholesale and retail trade; repair of motor vehicles,G (45-47),85840
2022,Outer London - West and North West,Transportation and storage,H (49-53),68555
2022,Outer London - West and North West,Accommodation and food service activities,I (55-56),43760
2022,Outer London - West and North West,Information and communication,J (58-63),56630
2022,Outer London - West and North West,Financial and insurance activities,K (64-66),8600
2022,Outer London - West and North West,Real estate activities,L (68),15410
2022,Outer London - West and North West,"Professional, scientific and technical activities",M (69-75),61700
2022,Outer London - West and North West,Administrative and support service activities,N (77-82),67415
2022,Outer London - West and North West,Public administration and defence,O (84),23600
2022,Outer London - West and North West,Education,P (85),42530
2022,Outer London - West and North West,Human health and social work activities,Q (86-88),65950
2022,Outer London - West and North West,"Arts, entertainment and recreation",R (90-93),10865
2022,Outer London - West and North West,Other service activities,S (94-96),13420
2022,Outer London - West and North West,Activities of households,T (97-98),0
2022,Outer London - West and North West,Activities of extraterritorial organisations and bodies,U (99),0
2022,Shropshire and Staffordshire,"Agriculture, forestry and fishing",A (1-3),6385
2022,Shropshire and Staffordshire,Mining and quarrying,B (5-9),485
2022,Shropshire and Staffordshire,Manufacturing,C (10-33),80680
2022,Shropshire and Staffordshire,"Electricity, gas, steam and air conditioning supply",D (35),980
2022,Shropshire and Staffordshire,Water supply; sewerage and waste management,E (36-39),5555
2022,Shropshire and Staffordshire,Construction,F (41-43),27595
2022,Shropshire and Staffordshire,Wholesale and retail trade; repair of motor vehicles,G (45-47),68780
2022,Shropshire and Staffordshire,Transportation and storage,H (49-53),41265
2022,Shropshire and Staffordshire,Accommodation and food service activities,I (55-56),17530
2022,Shropshire and Staffordshire,Information and communication,J (58-63),17210
2022,Shropshire and Staffordshire,Financial and insurance activities,K (64-66),7245
2022,Shropshire and Staffordshire,Real estate activities,L (68),10550
2022,Shropshire and Staffordshire,"Professional, scientific and technical activities",M (69-75),30240
2022,Shropshire and Staffordshire,Administrative and support service activities,N (77-82),35115
2022,Shropshire and Staffordshire,Public administration and defence,O (84),22550
2022,Shropshire and Staffordshire,Education,P (85),28765
2022,Shropshire and Staffordshire,Human health and social work activities,Q (86-88),60050
2022,Shropshire and Staffordshire,"Arts, entertainment and recreation",R (90-93),8165
2022,Shropshire and Staffordshire,Other service activities,S (94-96),10565
2022,Shropshire and Staffordshire,Activities of households,T (97-98),0
2022,Shropshire and Staffordshire,Activities of extraterritorial organisations and bodies,U (99),0
2022,South Yorkshire,"Agriculture, forestry and fishing",A (1-3),750
2022,South Yorkshire,Mining and quarrying,B (5-9),150
2022,South Yorkshire,Manufacturing,C (10-33),54365
2022,South Yorkshire,"Electricity, gas, steam and air conditioning supply",D (35),750
2022,South Yorkshire,Water supply; sewerage and waste management,E (36-39),4250
2022,South Yorkshire,Construction,F (41-43),26385
2022,South Yorkshire,Wholesale and retail trade; repair of motor vehicles,G (45-47),50215
2022,South Yorkshire,Transportation and storage,H (49-53),33730
2022,South Yorkshire,Accommodation and food service activities,I (55-56),13605
2022,South Yorkshire,Information and communication,J (58-63),13945
2022,South Yorkshire,Financial and insurance activities,K (64-66),11410
2022,South Yorkshire,Real estate activities,L (68),4015
2022,South Yorkshire,"Professional, scientific and technical activities",M (69-75),24290
2022,South Yorkshire,Administrative and support service activities,N (77-82),27800
2022,South Yorkshire,Public administration and defence,O (84),24145
2022,South Yorkshire,Education,P (85),36320
2022,South Yorkshire,Human health and social work activities,Q (86-88),54650
2022,South Yorkshire,"Arts, entertainment and recreation",R (90-93),4450
2022,South Yorkshire,Other service activities,S (94-96),3940
2022,South Yorkshire,Activities of households,T (97-98),0
2022,South Yorkshire,Activities of extraterritorial organisations and bodies,U (99),0
2022,Southern Scotland,"Agriculture, forestry and fishing",A (1-3),6250
2022,Southern Scotland,Mining and quarrying,B (5-9),480
2022,Southern Scotland,Manufacturing,C (10-33),28985
2022,Southern Scotland,"Electricity, gas, steam and air conditioning supply",D (35),2550
2022,Southern Scotland,Water supply; sewerage and waste management,E (36-39),2600
2022,Southern Scotland,Construction,F (41-43),20590
2022,Southern Scotland,Wholesale and retail trade; repair of motor vehicles,G (45-47),28240
2022,Southern Scotland,Transportation and storage,H (49-53),10545
2022,Southern Scotland,Accommodation and food service activities,I (55-56),12330
2022,Southern Scotland,Information and communication,J (58-63),3695
2022,Southern Scotland,Financial and insurance activities,K (64-66),3135
2022,Southern Scotland,Real estate activities,L (68),3160
2022,Southern Scotland,"Professional, scientific and technical activities",M (69-75),14480
2022,Southern Scotland,Administrative and support service activities,N (77-82),13830
2022,Southern Scotland,Public administration and defence,O (84),13350
2022,Southern Scotland,Education,P (85),15550
2022,Southern Scotland,Human health and social work activities,Q (86-88),34300
2022,Southern Scotland,"Arts, entertainment and recreation",R (90-93),4695
2022,Southern Scotland,Other service activities,S (94-96),3260
2022,Southern Scotland,Activities of households,T (97-98),0
2022,Southern Scotland,Activities of extraterritorial organisations and bodies,U (99),0
2022,"Surrey, East and West Sussex","Agriculture, forestry and fishing",A (1-3),7570
2022,"Surrey, East and West Sussex",Mining and quarrying,B (5-9),1030
2022,"Surrey, East and West Sussex",Manufacturing,C (10-33),56385
2022,"Surrey, East and West Sussex","Electricity, gas, steam and air conditioning supply",D (35),3295
2022,"Surrey, East and West Sussex",Water supply; sewerage and waste management,E (36-39),9630
2022,"Surrey, East and West Sussex",Construction,F (41-43),50925
2022,"Surrey, East and West Sussex",Wholesale and retail trade; repair of motor vehicles,G (45-47),107320
2022,"Surrey, East and West Sussex",Transportation and storage,H (49-53),45380
2022,"Surrey, East and West Sussex",Accommodation and food service activities,I (55-56),46425
2022,"Surrey, East and West Sussex",Information and communication,J (58-63),59000
2022,"Surrey, East and West Sussex",Financial and insurance activities,K (64-66),33080
2022,"Surrey, East and West Sussex",Real estate activities,L (68),15075
2022,"Surrey, East and West Sussex","Professional, scientific and technical activities",M (69-75),93515
2022,"Surrey, East and West Sussex",Administrative and support service activities,N (77-82),77595
2022,"Surrey, East and West Sussex",Public administration and defence,O (84),31000
2022,"Surrey, East and West Sussex",Education,P (85),64775
2022,"Surrey, East and West Sussex",Human health and social work activities,Q (86-88),105300
2022,"Surrey, East and West Sussex","Arts, entertainment and recreation",R (90-93),22590
2022,"Surrey, East and West Sussex",Other service activities,S (94-96),16610
2022,"Surrey, East and West Sussex",Activities of households,T (97-98),0
2022,"Surrey, East and West Sussex",Activities of extraterritorial organisations and bodies,U (99),0
2022,Tees Valley and Durham,"Agriculture, forestry and fishing",A (1-3),1120
2022,Tees Valley and Durham,Mining and quarrying,B (5-9),1200
2022,Tees Valley and Durham,Manufacturing,C (10-33),42315
2022,Tees Valley and Durham,"Electricity, gas, steam and air conditioning supply",D (35),1535
2022,Tees Valley and Durham,Water supply; sewerage and waste management,E (36-39),3885
2022,Tees Valley and Durham,Construction,F (41-43),21070
2022,Tees Valley and Durham,Wholesale and retail trade; repair of motor vehicles,G (45-47),29500
2022,Tees Valley and Durham,Transportation and storage,H (49-53),24120
2022,Tees Valley and Durham,Accommodation and food service activities,I (55-56),11540
2022,Tees Valley and Durham,Information and communication,J (58-63),8635
2022,Tees Valley and Durham,Financial and insurance activities,K (64-66),4050
2022,Tees Valley and Durham,Real estate activities,L (68),4680
2022,Tees Valley and Durham,"Professional, scientific and technical activities",M (69-75),17610
2022,Tees Valley and Durham,Administrative and support service activities,N (77-82),21915
2022,Tees Valley and Durham,Public administration and defence,O (84),24650
2022,Tees Valley and Durham,Education,P (85),27175
2022,Tees Valley and Durham,Human health and social work activities,Q (86-88),44425
2022,Tees Valley and Durham,"Arts, entertainment and recreation",R (90-93),3420
2022,Tees Valley and Durham,Other service activities,S (94-96),4085
2022,Tees Valley and Durham,Activities of households,T (97-98),0
2022,Tees Valley and Durham,Activities of extraterritorial organisations and bodies,U (99),0
2022,West Central Scotland,"Agriculture, forestry and fishing",A (1-3),715
2022,West Central Scotland,Mining and quarrying,B (5-9),215
2022,West Central Scotland,Manufacturing,C (10-33),40175
2022,West Central Scotland,"Electricity, gas, steam and air conditioning supply",D (35),5250
2022,West Central Scotland,Water supply; sewerage and waste management,E (36-39),5380
2022,West Central Scotland,Construction,F (41-43),38415
2022,West Central Scotland,Wholesale and retail trade; repair of motor vehicles,G (45-47),49770
2022,West Central Scotland,Transportation and storage,H (49-53),26805
2022,West Central Scotland,Accommodation and food service activities,I (55-56),23080
2022,West Central Scotland,Information and communication,J (58-63),26785
2022,West Central Scotland,Financial and insurance activities,K (64-66),24570
2022,West Central Scotland,Real estate activities,L (68),8600
2022,West Central Scotland,"Professional, scientific and technical activities",M (69-75),50005
2022,West Central Scotland,Administrative and support service activities,N (77-82),55300
2022,West Central Scotland,Public administration and defence,O (84),45150
2022,West Central Scotland,Education,P (85),38425
2022,West Central Scotland,Human health and social work activities,Q (86-88),66700
2022,West Central Scotland,"Arts, entertainment and recreation",R (90-93),9635
2022,West Central Scotland,Other service activities,S (94-96),8550
2022,West Central Scotland,Activities of households,T (97-98),0
2022,West Central Scotland,Activities of extraterritorial organisations and bodies,U (99),0
2022,West Midlands,"Agriculture, forestry and fishing",A (1-3),240
2022,West Midlands,Mining and quarrying,B (5-9),80
2022,West Midlands,Manufacturing,C (10-33),113635
2022,West Midlands,"Electricity, gas, steam and air conditioning supply",D (35),5150
2022,West Midlands,Water supply; sewerage and waste management,E (36-39),9450
2022,West Midlands,Construction,F (41-43),42210
2022,West Midlands,Wholesale and retail trade; repair of motor vehicles,G (45-47),110950
2022,West Midlands,Transportation and storage,H (49-53),58215
2022,West Midlands,Accommodation and food service activities,I (55-56),29115
2022,West Midlands,Information and communication,J (58-63),28585
2022,West Midlands,Financial and insurance activities,K (64-66),35435
2022,West Midlands,Real estate activities,L (68),26050
2022,West Midlands,"Professional, scientific and technical activities",M (69-75),83685
2022,West Midlands,Administrative and support service activities,N (77-82),83390
2022,West Midlands,Public administration and defence,O (84),45100
2022,West Midlands,Education,P (85),74825
2022,West Midlands,Human health and social work activities,Q (86-88),122250
2022,West Midlands,"Arts, entertainment and recreation",R (90-93),10110
2022,West Midlands,Other service activities,S (94-96),20200
2022,West Midlands,Activities of households,T (97-98),0
2022,West Midlands,Activities of extraterritorial organisations and bodies,U (99),0
2022,West Wales and The Valleys,"Agriculture, forestry and fishing",A (1-3),7030
2022,West Wales and The Valleys,Mining and quarrying,B (5-9),1430
2022,West Wales and The Valleys,Manufacturing,C (10-33),72675
2022,West Wales and The Valleys,"Electricity, gas, steam and air conditioning supply",D (35),2165
2022,West Wales and The Valleys,Water supply; sewerage and waste management,E (36-39),7105
2022,West Wales and The Valleys,Construction,F (41-43),33500
2022,West Wales and The Valleys,Wholesale and retail trade; repair of motor vehicles,G (45-47),47495
2022,West Wales and The Valleys,Transportation and storage,H (49-53),25185
2022,West Wales and The Valleys,Accommodation and food service activities,I (55-56),27460
2022,West Wales and The Valleys,Information and communication,J (58-63),10120
2022,West Wales and The Valleys,Financial and insurance activities,K (64-66),7820
2022,West Wales and The Valleys,Real estate activities,L (68),8475
2022,West Wales and The Valleys,"Professional, scientific and technical activities",M (69-75),19995
2022,West Wales and The Valleys,Administrative and support service activities,N (77-82),25115
2022,West Wales and The Valleys,Public administration and defence,O (84),43575
2022,West Wales and The Valleys,Education,P (85),36715
2022,West Wales and The Valleys,Human health and social work activities,Q (86-88),71325
2022,West Wales and The Valleys,"Arts, entertainment and recreation",R (90-93),8520
2022,West Wales and The Valleys,Other service activities,S (94-96),7665
2022,West Wales and The Valleys,Activities of households,T (97-98),0
2022,West Wales and The Valleys,Activities of extraterritorial organisations and bodies,U (99),0
2022,West Yorkshire,"Agriculture, forestry and fishing",A (1-3),1180
2022,West Yorkshire,Mining and quarrying,B (5-9),485
2022,West Yorkshire,Manufacturing,C (10-33),101230
2022,West Yorkshire,"Electricity, gas, steam and air conditioning supply",D (35),2855
2022,West Yorkshire,Water supply; sewerage and waste management,E (36-39),8710
2022,West Yorkshire,Construction,F (41-43),41460
2022,West Yorkshire,Wholesale and retail trade; repair of motor vehicles,G (45-47),99815
2022,West Yorkshire,Transportation and storage,H (49-53),45770
2022,West Yorkshire,Accommodation and food service activities,I (55-56),23980
2022,West Yorkshire,Information and communication,J (58-63),30365
2022,West Yorkshire,Financial and insurance activities,K (64-66),35085
2022,West Yorkshire,Real estate activities,L (68),10590
2022,West Yorkshire,"Professional, scientific and technical activities",M (69-75),66115
2022,West Yorkshire,Administrative and support service activities,N (77-82),67015
2022,West Yorkshire,Public administration and defence,O (84),36440
2022,West Yorkshire,Education,P (85),59250
2022,West Yorkshire,Human health and social work activities,Q (86-88),101750
2022,West Yorkshire,"Arts, entertainment and recreation",R (90-93),9320
2022,West Yorkshire,Other service activities,S (94-96),9295
2022,West Yorkshire,Activities of households,T (97-98),0
2022,West Yorkshire,Activities of extraterritorial organisations and bodies,U (99),0
2023,Bedfordshire and Hertfordshire,"Agriculture, forestry and fishing",A (1-3),2085
2023,Bedfordshire and Hertfordshire,Mining and quarrying,B (5-9),145
2023,Bedfordshire and Hertfordshire,Manufacturing,C (10-33),48930
2023,Bedfordshire and Hertfordshire,"Electricity, gas, steam and air conditioning supply",D (35),1550
2023,Bedfordshire and Hertfordshire,Water supply; sewerage and waste management,E (36-39),5260
2023,Bedfordshire and Hertfordshire,Construction,F (41-43),51270
2023,Bedfordshire and Hertfordshire,Wholesale and retail trade; repair of motor vehicles,G (45-47),85890
2023,Bedfordshire and Hertfordshire,Transportation and storage,H (49-53),42550
2023,Bedfordshire and Hertfordshire,Accommodation and food service activities,I (55-56),24025
2023,Bedfordshire and Hertfordshire,Information and communication,J (58-63),30130
2023,Bedfordshire and Hertfordshire,Financial and insurance activities,K (64-66),10365
2023,Bedfordshire and Hertfordshire,Real estate activities,L (68),17350
2023,Bedfordshire and Hertfordshire,"Professional, scientific and technical activities",M (69-75),74735
2023,Bedfordshire and Hertfordshire,Administrative and support service activities,N (77-82),65970
2023,Bedfordshire and Hertfordshire,Public administration and defence,O (84),19400
2023,Bedfordshire and Hertfordshire,Education,P (85),41400
2023,Bedfordshire and Hertfordshire,Human health and social work activities,Q (86-88),60000
2023,Bedfordshire and Hertfordshire,"Arts, entertainment and recreation",R (90-93),9360
2023,Bedfordshire and Hertfordshire,Other service activities,S (94-96),14995
2023,Bedfordshire and Hertfordshire,Activities of households,T (97-98),0
2023,Bedfordshire and Hertfordshire,Activities of extraterritorial organisations and bodies,U (99),0
2023,"Berkshire, Buckinghamshire and Oxfordshire","Agriculture, forestry and fishing",A (1-3),3740
2023,"Berkshire, Buckinghamshire and Oxfordshire",Mining and quarrying,B (5-9),470
2023,"Berkshire, Buckinghamshire and Oxfordshire",Manufacturing,C (10-33),71295
2023,"Berkshire, Buckinghamshire and Oxfordshire","Electricity, gas, steam and air conditioning supply",D (35),3550
2023,"Berkshire, Buckinghamshire and Oxfordshire",Water supply; sewerage and waste management,E (36-39),10110
2023,"Berkshire, Buckinghamshire and Oxfordshire",Construction,F (41-43),39010
2023,"Berkshire, Buckinghamshire and Oxfordshire",Wholesale and retail trade; repair of motor vehicles,G (45-47),126805
2023,"Berkshire, Buckinghamshire and Oxfordshire",Transportation and storage,H (49-53),60830
2023,"Berkshire, Buckinghamshire and Oxfordshire",Accommodation and food service activities,I (55-56),41250
2023,"Berkshire, Buckinghamshire and Oxfordshire",Information and communication,J (58-63),97370
2023,"Berkshire, Buckinghamshire and Oxfordshire",Financial and insurance activities,K (64-66),32420
2023,"Berkshire, Buckinghamshire and Oxfordshire",Real estate activities,L (68),15525
2023,"Berkshire, Buckinghamshire and Oxfordshire","Professional, scientific and technical activities",M (69-75),129435
2023,"Berkshire, Buckinghamshire and Oxfordshire",Administrative and support service activities,N (77-82),72025
2023,"Berkshire, Buckinghamshire and Oxfordshire",Public administration and defence,O (84),27400
2023,"Berkshire, Buckinghamshire and Oxfordshire",Education,P (85),82600
2023,"Berkshire, Buckinghamshire and Oxfordshire",Human health and social work activities,Q (86-88),89500
2023,"Berkshire, Buckinghamshire and Oxfordshire","Arts, entertainment and recreation",R (90-93),16075
2023,"Berkshire, Buckinghamshire and Oxfordshire",Other service activities,S (94-96),19080
2023,"Berkshire, Buckinghamshire and Oxfordshire",Activities of households,T (97-98),0
2023,"Berkshire, Buckinghamshire and Oxfordshire",Activities of extraterritorial organisations and bodies,U (99),0
2023,Cheshire,"Agriculture, forestry and fishing",A (1-3),3255
2023,Cheshire,Mining and quarrying,B (5-9),600
2023,Cheshire,Manufacturing,C (10-33),41825
2023,Cheshire,"Electricity, gas, steam and air conditioning supply",D (35),1630
2023,Cheshire,Water supply; sewerage and waste management,E (36-39),6250
2023,Cheshire,Construction,F (41-43),23145
2023,Cheshire,Wholesale and retail trade; repair of motor vehicles,G (45-47),45700
2023,Cheshire,Transportation and storage,H (49-53),22060
2023,Cheshire,Accommodation and food service activities,I (55-56),13880
2023,Cheshire,Information and communication,J (58-63),13130
2023,Cheshire,Financial and insurance activities,K (64-66),14445
2023,Cheshire,Real estate activities,L (68),6375
2023,Cheshire,"Professional, scientific and technical activities",M (69-75),67505
2023,Cheshire,Administrative and support service activities,N (77-82),33700
2023,Cheshire,Public administration and defence,O (84),10850
2023,Cheshire,Education,P (85),19820
2023,Cheshire,Human health and social work activities,Q (86-88),35700
2023,Cheshire,"Arts, entertainment and recreation",R (90-93),5870
2023,Cheshire,Other service activities,S (94-96),5470
2023,Cheshire,Activities of households,T (97-98),0
2023,Cheshire,Activities of extraterritorial organisations and bodies,U (99),0
2023,Cornwall and Isles of Scilly,"Agriculture, forestry and fishing",A (1-3),3385
2023,Cornwall and Isles of Scilly,Mining and quarrying,B (5-9),830
2023,Cornwall and Isles of Scilly,Manufacturing,C (10-33),13915
2023,Cornwall and Isles of Scilly,"Electricity, gas, steam and air conditioning supply",D (35),620
2023,Cornwall and Isles of Scilly,Water supply; sewerage and waste management,E (36-39),2200
2023,Cornwall and Isles of Scilly,Construction,F (41-43),13915
2023,Cornwall and Isles of Scilly,Wholesale and retail trade; repair of motor vehicles,G (45-47),20905
2023,Cornwall and Isles of Scilly,Transportation and storage,H (49-53),5645
2023,Cornwall and Isles of Scilly,Accommodation and food service activities,I (55-56),14970
2023,Cornwall and Isles of Scilly,Information and communication,J (58-63),4100
2023,Cornwall and Isles of Scilly,Financial and insurance activities,K (64-66),1210
2023,Cornwall and Isles of Scilly,Real estate activities,L (68),2750
2023,Cornwall and Isles of Scilly,"Professional, scientific and technical activities",M (69-75),8420
2023,Cornwall and Isles of Scilly,Administrative and support service activities,N (77-82),9245
2023,Cornwall and Isles of Scilly,Public administration and defence,O (84),5740
2023,Cornwall and Isles of Scilly,Education,P (85),8980
2023,Cornwall and Isles of Scilly,Human health and social work activities,Q (86-88),20840
2023,Cornwall and Isles of Scilly,"Arts, entertainment and recreation",R (90-93),3310
2023,Cornwall and Isles of Scilly,Other service activities,S (94-96),2080
2023,Cornwall and Isles of Scilly,Activities of households,T (97-98),0
2023,Cornwall and Isles of Scilly,Activities of extraterritorial organisations and bodies,U (99),0
2023,Cumbria,"Agriculture, forestry and fishing",A (1-3),3225
2023,Cumbria,Mining and quarrying,B (5-9),510
2023,Cumbria,Manufacturing,C (10-33),37935
2023,Cumbria,"Electricity, gas, steam and air conditioning supply",D (35),940
2023,Cumbria,Water supply; sewerage and waste management,E (36-39),2265
2023,Cumbria,Construction,F (41-43),12135
2023,Cumbria,Wholesale and retail trade; repair of motor vehicles,G (45-47),19525
2023,Cumbria,Transportation and storage,H (49-53),7715
2023,Cumbria,Accommodation and food service activities,I (55-56),12445
2023,Cumbria,Information and communication,J (58-63),2380
2023,Cumbria,Financial and insurance activities,K (64-66),1800
2023,Cumbria,Real estate activities,L (68),3550
2023,Cumbria,"Professional, scientific and technical activities",M (69-75),11130
2023,Cumbria,Administrative and support service activities,N (77-82),7025
2023,Cumbria,Public administration and defence,O (84),5650
2023,Cumbria,Education,P (85),8380
2023,Cumbria,Human health and social work activities,Q (86-88),17350
2023,Cumbria,"Arts, entertainment and recreation",R (90-93),2370
2023,Cumbria,Other service activities,S (94-96),2515
2023,Cumbria,Activities of households,T (97-98),0
2023,Cumbria,Activities of extraterritorial organisations and bodies,U (99),0
2023,Derbyshire and Nottinghamshire,"Agriculture, forestry and fishing",A (1-3),2775
2023,Derbyshire and Nottinghamshire,Mining and quarrying,B (5-9),1600
2023,Derbyshire and Nottinghamshire,Manufacturing,C (10-33),113810
2023,Derbyshire and Nottinghamshire,"Electricity, gas, steam and air conditioning supply",D (35),3835
2023,Derbyshire and Nottinghamshire,Water supply; sewerage and waste management,E (36-39),5775
2023,Derbyshire and Nottinghamshire,Construction,F (41-43),36430
2023,Derbyshire and Nottinghamshire,Wholesale and retail trade; repair of motor vehicles,G (45-47),82960
2023,Derbyshire and Nottinghamshire,Transportation and storage,H (49-53),44275
2023,Derbyshire and Nottinghamshire,Accommodation and food service activities,I (55-56),24570
2023,Derbyshire and Nottinghamshire,Information and communication,J (58-63),25905
2023,Derbyshire and Nottinghamshire,Financial and insurance activities,K (64-66),8545
2023,Derbyshire and Nottinghamshire,Real estate activities,L (68),9325
2023,Derbyshire and Nottinghamshire,"Professional, scientific and technical activities",M (69-75),50625
2023,Derbyshire and Nottinghamshire,Administrative and support service activities,N (77-82),45175
2023,Derbyshire and Nottinghamshire,Public administration and defence,O (84),33750
2023,Derbyshire and Nottinghamshire,Education,P (85),47700
2023,Derbyshire and Nottinghamshire,Human health and social work activities,Q (86-88),88500
2023,Derbyshire and Nottinghamshire,"Arts, entertainment and recreation",R (90-93),9030
2023,Derbyshire and Nottinghamshire,Other service activities,S (94-96),7440
2023,Derbyshire and Nottinghamshire,Activities of households,T (97-98),0
2023,Derbyshire and Nottinghamshire,Activities of extraterritorial organisations and bodies,U (99),0
2023,Devon,"Agriculture, forestry and fishing",A (1-3),3735
2023,Devon,Mining and quarrying,B (5-9),605
2023,Devon,Manufacturing,C (10-33),40930
2023,Devon,"Electricity, gas, steam and air conditioning supply",D (35),1855
2023,Devon,Water supply; sewerage and waste management,E (36-39),3980
2023,Devon,Construction,F (41-43),28035
2023,Devon,Wholesale and retail trade; repair of motor vehicles,G (45-47),41825
2023,Devon,Transportation and storage,H (49-53),14400
2023,Devon,Accommodation and food service activities,I (55-56),24225
2023,Devon,Information and communication,J (58-63),11025
2023,Devon,Financial and insurance activities,K (64-66),3905
2023,Devon,Real estate activities,L (68),6680
2023,Devon,"Professional, scientific and technical activities",M (69-75),23515
2023,Devon,Administrative and support service activities,N (77-82),16170
2023,Devon,Public administration and defence,O (84),18500
2023,Devon,Education,P (85),25660
2023,Devon,Human health and social work activities,Q (86-88),49950
2023,Devon,"Arts, entertainment and recreation",R (90-93),5615
2023,Devon,Other service activities,S (94-96),5030
2023,Devon,Activities of households,T (97-98),0
2023,Devon,Activities of extraterritorial organisations and bodies,U (99),0
2023,Dorset and Somerset,"Agriculture, forestry and fishing",A (1-3),4385
2023,Dorset and Somerset,Mining and quarrying,B (5-9),715
2023,Dorset and Somerset,Manufacturing,C (10-33),51405
2023,Dorset and Somerset,"Electricity, gas, steam and air conditioning supply",D (35),595
2023,Dorset and Somerset,Water supply; sewerage and waste management,E (36-39),2790
2023,Dorset and Somerset,Construction,F (41-43),20305
2023,Dorset and Somerset,Wholesale and retail trade; repair of motor vehicles,G (45-47),34245
2023,Dorset and Somerset,Transportation and storage,H (49-53),10510
2023,Dorset and Somerset,Accommodation and food service activities,I (55-56),13325
2023,Dorset and Somerset,Information and communication,J (58-63),6375
2023,Dorset and Somerset,Financial and insurance activities,K (64-66),1615
2023,Dorset and Somerset,Real estate activities,L (68),5775
2023,Dorset and Somerset,"Professional, scientific and technical activities",M (69-75),14885
2023,Dorset and Somerset,Administrative and support service activities,N (77-82),23700
2023,Dorset and Somerset,Public administration and defence,O (84),8845
2023,Dorset and Somerset,Education,P (85),15215
2023,Dorset and Somerset,Human health and social work activities,Q (86-88),24525
2023,Dorset and Somerset,"Arts, entertainment and recreation",R (90-93),3510
2023,Dorset and Somerset,Other service activities,S (94-96),4940
2023,Dorset and Somerset,Activities of households,T (97-98),0
2023,Dorset and Somerset,Activities of extraterritorial organisations and bodies,U (99),0
2023,East Anglia,"Agriculture, forestry and fishing",A (1-3),13325
2023,East Anglia,Mining and quarrying,B (5-9),915
2023,East Anglia,Manufacturing,C (10-33),90510
2023,East Anglia,"Electricity, gas, steam and air conditioning supply",D (35),2290
2023,East Anglia,Water supply; sewerage and waste management,E (36-39),8415
2023,East Anglia,Construction,F (41-43),49180
2023,East Anglia,Wholesale and retail trade; repair of motor vehicles,G (45-47),88905
2023,East Anglia,Transportation and storage,H (49-53),43175
2023,East Anglia,Accommodation and food service activities,I (55-56),30535
2023,East Anglia,Information and communication,J (58-63),32320
2023,East Anglia,Financial and insurance activities,K (64-66),21030
2023,East Anglia,Real estate activities,L (68),15125
2023,East Anglia,"Professional, scientific and technical activities",M (69-75),81495
2023,East Anglia,Administrative and support service activities,N (77-82),47725
2023,East Anglia,Public administration and defence,O (84),30800
2023,East Anglia,Education,P (85),57575
2023,East Anglia,Human health and social work activities,Q (86-88),87400
2023,East Anglia,"Arts, entertainment and recreation",R (90-93),10610
2023,East Anglia,Other service activities,S (94-96),12895
2023,East Anglia,Activities of households,T (97-98),0
2023,East Anglia,Activities of extraterritorial organisations and bodies,U (99),0
2023,East Wales,"Agriculture, forestry and fishing",A (1-3),4055
2023,East Wales,Mining and quarrying,B (5-9),540
2023,East Wales,Manufacturing,C (10-33),57410
2023,East Wales,"Electricity, gas, steam and air conditioning supply",D (35),2670
2023,East Wales,Water supply; sewerage and waste management,E (36-39),4240
2023,East Wales,Construction,F (41-43),21625
2023,East Wales,Wholesale and retail trade; repair of motor vehicles,G (45-47),34640
2023,East Wales,Transportation and storage,H (49-53),15425
2023,East Wales,Accommodation and food service activities,I (55-56),16035
2023,East Wales,Information and communication,J (58-63),14830
2023,East Wales,Financial and insurance activities,K (64-66),19935
2023,East Wales,Real estate activities,L (68),6160
2023,East Wales,"Professional, scientific and technical activities",M (69-75),31735
2023,East Wales,Administrative and support service activities,N (77-82),29805
2023,East Wales,Public administration and defence,O (84),38300
2023,East Wales,Education,P (85),26270
2023,East Wales,Human health and social work activities,Q (86-88),51450
2023,East Wales,"Arts, entertainment and recreation",R (90-93),7265
2023,East Wales,Other service activities,S (94-96),5480
2023,East Wales,Activities of households,T (97-98),0
2023,East Wales,Activities of extraterritorial organisations and bodies,U (99),0
2023,East Yorkshire and Northern Lincolnshire,"Agriculture, forestry and fishing",A (1-3),2985
2023,East Yorkshire and Northern Lincolnshire,Mining and quarrying,B (5-9),690
2023,East Yorkshire and Northern Lincolnshire,Manufacturing,C (10-33),63060
2023,East Yorkshire and Northern Lincolnshire,"Electricity, gas, steam and air conditioning supply",D (35),1660
2023,East Yorkshire and Northern Lincolnshire,Water supply; sewerage and waste management,E (36-39),3130
2023,East Yorkshire and Northern Lincolnshire,Construction,F (41-43),18895
2023,East Yorkshire and Northern Lincolnshire,Wholesale and retail trade; repair of motor vehicles,G (45-47),34210
2023,East Yorkshire and Northern Lincolnshire,Transportation and storage,H (49-53),22140
2023,East Yorkshire and Northern Lincolnshire,Accommodation and food service activities,I (55-56),9850
2023,East Yorkshire and Northern Lincolnshire,Information and communication,J (58-63),5540
2023,East Yorkshire and Northern Lincolnshire,Financial and insurance activities,K (64-66),2655
2023,East Yorkshire and Northern Lincolnshire,Real estate activities,L (68),3275
2023,East Yorkshire and Northern Lincolnshire,"Professional, scientific and technical activities",M (69-75),16250
2023,East Yorkshire and Northern Lincolnshire,Administrative and support service activities,N (77-82),20040
2023,East Yorkshire and Northern Lincolnshire,Public administration and defence,O (84),13400
2023,East Yorkshire and Northern Lincolnshire,Education,P (85),19455
2023,East Yorkshire and Northern Lincolnshire,Human health and social work activities,Q (86-88),32000
2023,East Yorkshire and Northern Lincolnshire,"Arts, entertainment and recreation",R (90-93),2745
2023,East Yorkshire and Northern Lincolnshire,Other service activities,S (94-96),3170
2023,East Yorkshire and Northern Lincolnshire,Activities of households,T (97-98),0
2023,East Yorkshire and Northern Lincolnshire,Activities of extraterritorial organisations and bodies,U (99),0
2023,Eastern Scotland,"Agriculture, forestry and fishing",A (1-3),7335
2023,Eastern Scotland,Mining and quarrying,B (5-9),555
2023,Eastern Scotland,Manufacturing,C (10-33),55485
2023,Eastern Scotland,"Electricity, gas, steam and air conditioning supply",D (35),5780
2023,Eastern Scotland,Water supply; sewerage and waste management,E (36-39),5940
2023,Eastern Scotland,Construction,F (41-43),36300
2023,Eastern Scotland,Wholesale and retail trade; repair of motor vehicles,G (45-47),66775
2023,Eastern Scotland,Transportation and storage,H (49-53),34310
2023,Eastern Scotland,Accommodation and food service activities,I (55-56),40900
2023,Eastern Scotland,Information and communication,J (58-63),34725
2023,Eastern Scotland,Financial and insurance activities,K (64-66),44670
2023,Eastern Scotland,Real estate activities,L (68),8975
2023,Eastern Scotland,"Professional, scientific and technical activities",M (69-75),52235
2023,Eastern Scotland,Administrative and support service activities,N (77-82),38155
2023,Eastern Scotland,Public administration and defence,O (84),49100
2023,Eastern Scotland,Education,P (85),54580
2023,Eastern Scotland,Human health and social work activities,Q (86-88),85750
2023,Eastern Scotland,"Arts, entertainment and recreation",R (90-93),14335
2023,Eastern Scotland,Other service activities,S (94-96),11230
2023,Eastern Scotland,Activities of households,T (97-98),0
2023,Eastern Scotland,Activities of extraterritorial organisations and bodies,U (99),0
2023,Essex,"Agriculture, forestry and fishing",A (1-3),3110
2023,Essex,Mining and quarrying,B (5-9),450
2023,Essex,Manufacturing,C (10-33),40905
2023,Essex,"Electricity, gas, steam and air conditioning supply",D (35),930
2023,Essex,Water supply; sewerage and waste management,E (36-39),5940
2023,Essex,Construction,F (41-43),48950
2023,Essex,Wholesale and retail trade; repair of motor vehicles,G (45-47),68605
2023,Essex,Transportation and storage,H (49-53),48295
2023,Essex,Accommodation and food service activities,I (55-56),20680
2023,Essex,Information and communication,J (58-63),15875
2023,Essex,Financial and insurance activities,K (64-66),14600
2023,Essex,Real estate activities,L (68),12650
2023,Essex,"Professional, scientific and technical activities",M (69-75),38465
2023,Essex,Administrative and support service activities,N (77-82),39630
2023,Essex,Public administration and defence,O (84),21400
2023,Essex,Education,P (85),33580
2023,Essex,Human health and social work activities,Q (86-88),58800
2023,Essex,"Arts, entertainment and recreation",R (90-93),7055
2023,Essex,Other service activities,S (94-96),10070
2023,Essex,Activities of households,T (97-98),0
2023,Essex,Activities of extraterritorial organisations and bodies,U (99),0
2023,"Gloucestershire, Wiltshire and Bath/Bristol area","Agriculture, forestry and fishing",A (1-3),6035
2023,"Gloucestershire, Wiltshire and Bath/Bristol area",Mining and quarrying,B (5-9),435
2023,"Gloucestershire, Wiltshire and Bath/Bristol area",Manufacturing,C (10-33),85005
2023,"Gloucestershire, Wiltshire and Bath/Bristol area","Electricity, gas, steam and air conditioning supply",D (35),5815
2023,"Gloucestershire, Wiltshire and Bath/Bristol area",Water supply; sewerage and waste management,E (36-39),13350
2023,"Gloucestershire, Wiltshire and Bath/Bristol area",Construction,F (41-43),61805
2023,"Gloucestershire, Wiltshire and Bath/Bristol area",Wholesale and retail trade; repair of motor vehicles,G (45-47),102745
2023,"Gloucestershire, Wiltshire and Bath/Bristol area",Transportation and storage,H (49-53),48895
2023,"Gloucestershire, Wiltshire and Bath/Bristol area",Accommodation and food service activities,I (55-56),39175
2023,"Gloucestershire, Wiltshire and Bath/Bristol area",Information and communication,J (58-63),55150
2023,"Gloucestershire, Wiltshire and Bath/Bristol area",Financial and insurance activities,K (64-66),41145
2023,"Gloucestershire, Wiltshire and Bath/Bristol area",Real estate activities,L (68),15050
2023,"Gloucestershire, Wiltshire and Bath/Bristol area","Professional, scientific and technical activities",M (69-75),99525
2023,"Gloucestershire, Wiltshire and Bath/Bristol area",Administrative and support service activities,N (77-82),63745
2023,"Gloucestershire, Wiltshire and Bath/Bristol area",Public administration and defence,O (84),50350
2023,"Gloucestershire, Wiltshire and Bath/Bristol area",Education,P (85),57595
2023,"Gloucestershire, Wiltshire and Bath/Bristol area",Human health and social work activities,Q (86-88),96000
2023,"Gloucestershire, Wiltshire and Bath/Bristol area","Arts, entertainment and recreation",R (90-93),12490
2023,"Gloucestershire, Wiltshire and Bath/Bristol area",Other service activities,S (94-96),13275
2023,"Gloucestershire, Wiltshire and Bath/Bristol area",Activities of households,T (97-98),0
2023,"Gloucestershire, Wiltshire and Bath/Bristol area",Activities of extraterritorial organisations and bodies,U (99),0
2023,Greater Manchester,"Agriculture, forestry and fishing",A (1-3),1010
2023,Greater Manchester,Mining and quarrying,B (5-9),445
2023,Greater Manchester,Manufacturing,C (10-33),93425
2023,Greater Manchester,"Electricity, gas, steam and air conditioning supply",D (35),3230
2023,Greater Manchester,Water supply; sewerage and waste management,E (36-39),5700
2023,Greater Manchester,Construction,F (41-43),56550
2023,Greater Manchester,Wholesale and retail trade; repair of motor vehicles,G (45-47),129035
2023,Greater Manchester,Transportation and storage,H (49-53),57445
2023,Greater Manchester,Accommodation and food service activities,I (55-56),34675
2023,Greater Manchester,Information and communication,J (58-63),56845
2023,Greater Manchester,Financial and insurance activities,K (64-66),41015
2023,Greater Manchester,Real estate activities,L (68),22700
2023,Greater Manchester,"Professional, scientific and technical activities",M (69-75),139675
2023,Greater Manchester,Administrative and support service activities,N (77-82),95005
2023,Greater Manchester,Public administration and defence,O (84),54000
2023,Greater Manchester,Education,P (85),68260
2023,Greater Manchester,Human health and social work activities,Q (86-88),133400
2023,Greater Manchester,"Arts, entertainment and recreation",R (90-93),14305
2023,Greater Manchester,Other service activities,S (94-96),16010
2023,Greater Manchester,Activities of households,T (97-98),0
2023,Greater Manchester,Activities of extraterritorial organisations and bodies,U (99),0
2023,Hampshire and Isle of Wight,"Agriculture, forestry and fishing",A (1-3),3725
2023,Hampshire and Isle of Wight,Mining and quarrying,B (5-9),365
2023,Hampshire and Isle of Wight,Manufacturing,C (10-33),58440
2023,Hampshire and Isle of Wight,"Electricity, gas, steam and air conditioning supply",D (35),3275
2023,Hampshire and Isle of Wight,Water supply; sewerage and waste management,E (36-39),5350
2023,Hampshire and Isle of Wight,Construction,F (41-43),36845
2023,Hampshire and Isle of Wight,Wholesale and retail trade; repair of motor vehicles,G (45-47),84870
2023,Hampshire and Isle of Wight,Transportation and storage,H (49-53),36025
2023,Hampshire and Isle of Wight,Accommodation and food service activities,I (55-56),33655
2023,Hampshire and Isle of Wight,Information and communication,J (58-63),36095
2023,Hampshire and Isle of Wight,Financial and insurance activities,K (64-66),19260
2023,Hampshire and Isle of Wight,Real estate activities,L (68),10520
2023,Hampshire and Isle of Wight,"Professional, scientific and technical activities",M (69-75),56325
2023,Hampshire and Isle of Wight,Administrative and support service activities,N (77-82),44340
2023,Hampshire and Isle of Wight,Public administration and defence,O (84),29850
2023,Hampshire and Isle of Wight,Education,P (85),46645
2023,Hampshire and Isle of Wight,Human health and social work activities,Q (86-88),74800
2023,Hampshire and Isle of Wight,"Arts, entertainment and recreation",R (90-93),11170
2023,Hampshire and Isle of Wight,Other service activities,S (94-96),14700
2023,Hampshire and Isle of Wight,Activities of households,T (97-98),0
2023,Hampshire and Isle of Wight,Activities of extraterritorial organisations and bodies,U (99),0
2023,"Herefordshire, Worcestershire and Warwickshire","Agriculture, forestry and fishing",A (1-3),7580
2023,"Herefordshire, Worcestershire and Warwickshire",Mining and quarrying,B (5-9),170
2023,"Herefordshire, Worcestershire and Warwickshire",Manufacturing,C (10-33),64345
2023,"Herefordshire, Worcestershire and Warwickshire","Electricity, gas, steam and air conditioning supply",D (35),6625
2023,"Herefordshire, Worcestershire and Warwickshire",Water supply; sewerage and waste management,E (36-39),5050
2023,"Herefordshire, Worcestershire and Warwickshire",Construction,F (41-43),27365
2023,"Herefordshire, Worcestershire and Warwickshire",Wholesale and retail trade; repair of motor vehicles,G (45-47),66475
2023,"Herefordshire, Worcestershire and Warwickshire",Transportation and storage,H (49-53),33930
2023,"Herefordshire, Worcestershire and Warwickshire",Accommodation and food service activities,I (55-56),18860
2023,"Herefordshire, Worcestershire and Warwickshire",Information and communication,J (58-63),20190
2023,"Herefordshire, Worcestershire and Warwickshire",Financial and insurance activities,K (64-66),8410
2023,"Herefordshire, Worcestershire and Warwickshire",Real estate activities,L (68),7025
2023,"Herefordshire, Worcestershire and Warwickshire","Professional, scientific and technical activities",M (69-75),51820
2023,"Herefordshire, Worcestershire and Warwickshire",Administrative and support service activities,N (77-82),34060
2023,"Herefordshire, Worcestershire and Warwickshire",Public administration and defence,O (84),16200
2023,"Herefordshire, Worcestershire and Warwickshire",Education,P (85),25560
2023,"Herefordshire, Worcestershire and Warwickshire",Human health and social work activities,Q (86-88),40600
2023,"Herefordshire, Worcestershire and Warwickshire","Arts, entertainment and recreation",R (90-93),7610
2023,"Herefordshire, Worcestershire and Warwickshire",Other service activities,S (94-96),7840
2023,"Herefordshire, Worcestershire and Warwickshire",Activities of households,T (97-98),0
2023,"Herefordshire, Worcestershire and Warwickshire",Activities of extraterritorial organisations and bodies,U (99),0
2023,Highlands and Islands,"Agriculture, forestry and fishing",A (1-3),8135
2023,Highlands and Islands,Mining and quarrying,B (5-9),780
2023,Highlands and Islands,Manufacturing,C (10-33),14135
2023,Highlands and Islands,"Electricity, gas, steam and air conditioning supply",D (35),1610
2023,Highlands and Islands,Water supply; sewerage and waste management,E (36-39),2965
2023,Highlands and Islands,Construction,F (41-43),12275
2023,Highlands and Islands,Wholesale and retail trade; repair of motor vehicles,G (45-47),15785
2023,Highlands and Islands,Transportation and storage,H (49-53),9270
2023,Highlands and Islands,Accommodation and food service activities,I (55-56),12550
2023,Highlands and Islands,Information and communication,J (58-63),2790
2023,Highlands and Islands,Financial and insurance activities,K (64-66),1060
2023,Highlands and Islands,Real estate activities,L (68),1765
2023,Highlands and Islands,"Professional, scientific and technical activities",M (69-75),7260
2023,Highlands and Islands,Administrative and support service activities,N (77-82),6080
2023,Highlands and Islands,Public administration and defence,O (84),9600
2023,Highlands and Islands,Education,P (85),7460
2023,Highlands and Islands,Human health and social work activities,Q (86-88),19595
2023,Highlands and Islands,"Arts, entertainment and recreation",R (90-93),3180
2023,Highlands and Islands,Other service activities,S (94-96),1785
2023,Highlands and Islands,Activities of households,T (97-98),0
2023,Highlands and Islands,Activities of extraterritorial organisations and bodies,U (99),0
2023,Inner London - East,"Agriculture, forestry and fishing",A (1-3),170
2023,Inner London - East,Mining and quarrying,B (5-9),75
2023,Inner London - East,Manufacturing,C (10-33),18905
2023,Inner London - East,"Electricity, gas, steam and air conditioning supply",D (35),2750
2023,Inner London - East,Water supply; sewerage and waste management,E (36-39),3875
2023,Inner London - East,Construction,F (41-43),31210
2023,Inner London - East,Wholesale and retail trade; repair of motor vehicles,G (45-47),72175
2023,Inner London - East,Transportation and storage,H (49-53),42535
2023,Inner London - East,Accommodation and food service activities,I (55-56),56090
2023,Inner London - East,Information and communication,J (58-63),136325
2023,Inner London - East,Financial and insurance activities,K (64-66),104435
2023,Inner London - East,Real estate activities,L (68),31250
2023,Inner London - East,"Professional, scientific and technical activities",M (69-75),215950
2023,Inner London - East,Administrative and support service activities,N (77-82),102495
2023,Inner London - East,Public administration and defence,O (84),66900
2023,Inner London - East,Education,P (85),65965
2023,Inner London - East,Human health and social work activities,Q (86-88),121600
2023,Inner London - East,"Arts, entertainment and recreation",R (90-93),19465
2023,Inner London - East,Other service activities,S (94-96),27040
2023,Inner London - East,Activities of households,T (97-98),0
2023,Inner London - East,Activities of extraterritorial organisations and bodies,U (99),0
2023,Inner London - West,"Agriculture, forestry and fishing",A (1-3),280
2023,Inner London - West,Mining and quarrying,B (5-9),1460
2023,Inner London - West,Manufacturing,C (10-33),16230
2023,Inner London - West,"Electricity, gas, steam and air conditioning supply",D (35),8715
2023,Inner London - West,Water supply; sewerage and waste management,E (36-39),1705
2023,Inner London - West,Construction,F (41-43),35620
2023,Inner London - West,Wholesale and retail trade; repair of motor vehicles,G (45-47),115055
2023,Inner London - West,Transportation and storage,H (49-53),28795
2023,Inner London - West,Accommodation and food service activities,I (55-56),109725
2023,Inner London - West,Information and communication,J (58-63),255975
2023,Inner London - West,Financial and insurance activities,K (64-66),281120
2023,Inner London - West,Real estate activities,L (68),51950
2023,Inner London - West,"Professional, scientific and technical activities",M (69-75),387000
2023,Inner London - West,Administrative and support service activities,N (77-82),165970
2023,Inner London - West,Public administration and defence,O (84),91800
2023,Inner London - West,Education,P (85),69590
2023,Inner London - West,Human health and social work activities,Q (86-88),121650
2023,Inner London - West,"Arts, entertainment and recreation",R (90-93),37500
2023,Inner London - West,Other service activities,S (94-96),42135
2023,Inner London - West,Activities of households,T (97-98),0
2023,Inner London - West,Activities of extraterritorial organisations and bodies,U (99),0
2023,Kent,"Agriculture, forestry and fishing",A (1-3),9675
2023,Kent,Mining and quarrying,B (5-9),255
2023,Kent,Manufacturing,C (10-33),41220
2023,Kent,"Electricity, gas, steam and air conditioning supply",D (35),2335
2023,Kent,Water supply; sewerage and waste management,E (36-39),6105
2023,Kent,Construction,F (41-43),43655
2023,Kent,Wholesale and retail trade; repair of motor vehicles,G (45-47),69365
2023,Kent,Transportation and storage,H (49-53),36425
2023,Kent,Accommodation and food service activities,I (55-56),27135
2023,Kent,Information and communication,J (58-63),15100
2023,Kent,Financial and insurance activities,K (64-66),13840
2023,Kent,Real estate activities,L (68),8300
2023,Kent,"Professional, scientific and technical activities",M (69-75),31610
2023,Kent,Administrative and support service activities,N (77-82),42465
2023,Kent,Public administration and defence,O (84),25600
2023,Kent,Education,P (85),41430
2023,Kent,Human health and social work activities,Q (86-88),64250
2023,Kent,"Arts, entertainment and recreation",R (90-93),8840
2023,Kent,Other service activities,S (94-96),9945
2023,Kent,Activities of households,T (97-98),0
2023,Kent,Activities of extraterritorial organisations and bodies,U (99),0
2023,Lancashire,"Agriculture, forestry and fishing",A (1-3),4060
2023,Lancashire,Mining and quarrying,B (5-9),425
2023,Lancashire,Manufacturing,C (10-33),79105
2023,Lancashire,"Electricity, gas, steam and air conditioning supply",D (35),2255
2023,Lancashire,Water supply; sewerage and waste management,E (36-39),3940
2023,Lancashire,Construction,F (41-43),31930
2023,Lancashire,Wholesale and retail trade; repair of motor vehicles,G (45-47),64435
2023,Lancashire,Transportation and storage,H (49-53),19700
2023,Lancashire,Accommodation and food service activities,I (55-56),17650
2023,Lancashire,Information and communication,J (58-63),10925
2023,Lancashire,Financial and insurance activities,K (64-66),6540
2023,Lancashire,Real estate activities,L (68),6935
2023,Lancashire,"Professional, scientific and technical activities",M (69-75),34380
2023,Lancashire,Administrative and support service activities,N (77-82),30745
2023,Lancashire,Public administration and defence,O (84),28450
2023,Lancashire,Education,P (85),34375
2023,Lancashire,Human health and social work activities,Q (86-88),65300
2023,Lancashire,"Arts, entertainment and recreation",R (90-93),6695
2023,Lancashire,Other service activities,S (94-96),6500
2023,Lancashire,Activities of households,T (97-98),0
2023,Lancashire,Activities of extraterritorial organisations and bodies,U (99),0
2023,"Leicestershire, Rutland and Northamptonshire","Agriculture, forestry and fishing",A (1-3),2570
2023,"Leicestershire, Rutland and Northamptonshire",Mining and quarrying,B (5-9),2390
2023,"Leicestershire, Rutland and Northamptonshire",Manufacturing,C (10-33),92350
2023,"Leicestershire, Rutland and Northamptonshire","Electricity, gas, steam and air conditioning supply",D (35),5050
2023,"Leicestershire, Rutland and Northamptonshire",Water supply; sewerage and waste management,E (36-39),4310
2023,"Leicestershire, Rutland and Northamptonshire",Construction,F (41-43),29445
2023,"Leicestershire, Rutland and Northamptonshire",Wholesale and retail trade; repair of motor vehicles,G (45-47),85960
2023,"Leicestershire, Rutland and Northamptonshire",Transportation and storage,H (49-53),73420
2023,"Leicestershire, Rutland and Northamptonshire",Accommodation and food service activities,I (55-56),18575
2023,"Leicestershire, Rutland and Northamptonshire",Information and communication,J (58-63),17530
2023,"Leicestershire, Rutland and Northamptonshire",Financial and insurance activities,K (64-66),13770
2023,"Leicestershire, Rutland and Northamptonshire",Real estate activities,L (68),10640
2023,"Leicestershire, Rutland and Northamptonshire","Professional, scientific and technical activities",M (69-75),60760
2023,"Leicestershire, Rutland and Northamptonshire",Administrative and support service activities,N (77-82),45410
2023,"Leicestershire, Rutland and Northamptonshire",Public administration and defence,O (84),24350
2023,"Leicestershire, Rutland and Northamptonshire",Education,P (85),46395
2023,"Leicestershire, Rutland and Northamptonshire",Human health and social work activities,Q (86-88),67950
2023,"Leicestershire, Rutland and Northamptonshire","Arts, entertainment and recreation",R (90-93),9435
2023,"Leicestershire, Rutland and Northamptonshire",Other service activities,S (94-96),6675
2023,"Leicestershire, Rutland and Northamptonshire",Activities of households,T (97-98),0
2023,"Leicestershire, Rutland and Northamptonshire",Activities of extraterritorial organisations and bodies,U (99),0
2023,Lincolnshire,"Agriculture, forestry and fishing",A (1-3),7040
2023,Lincolnshire,Mining and quarrying,B (5-9),355
2023,Lincolnshire,Manufacturing,C (10-33),31785
2023,Lincolnshire,"Electricity, gas, steam and air conditioning supply",D (35),550
2023,Lincolnshire,Water supply; sewerage and waste management,E (36-39),3110
2023,Lincolnshire,Construction,F (41-43),12080
2023,Lincolnshire,Wholesale and retail trade; repair of motor vehicles,G (45-47),29665
2023,Lincolnshire,Transportation and storage,H (49-53),10750
2023,Lincolnshire,Accommodation and food service activities,I (55-56),10580
2023,Lincolnshire,Information and communication,J (58-63),5400
2023,Lincolnshire,Financial and insurance activities,K (64-66),1365
2023,Lincolnshire,Real estate activities,L (68),2840
2023,Lincolnshire,"Professional, scientific and technical activities",M (69-75),11555
2023,Lincolnshire,Administrative and support service activities,N (77-82),12370
2023,Lincolnshire,Public administration and defence,O (84),8775
2023,Lincolnshire,Education,P (85),15520
2023,Lincolnshire,Human health and social work activities,Q (86-88),27125
2023,Lincolnshire,"Arts, entertainment and recreation",R (90-93),3255
2023,Lincolnshire,Other service activities,S (94-96),2795
2023,Lincolnshire,Activities of households,T (97-98),0
2023,Lincolnshire,Activities of extraterritorial organisations and bodies,U (99),0
2023,Merseyside,"Agriculture, forestry and fishing",A (1-3),640
2023,Merseyside,Mining and quarrying,B (5-9),420
2023,Merseyside,Manufacturing,C (10-33),43445
2023,Merseyside,"Electricity, gas, steam and air conditioning supply",D (35),680
2023,Merseyside,Water supply; sewerage and waste management,E (36-39),4500
2023,Merseyside,Construction,F (41-43),26485
2023,Merseyside,Wholesale and retail trade; repair of motor vehicles,G (45-47),47670
2023,Merseyside,Transportation and storage,H (49-53),30955
2023,Merseyside,Accommodation and food service activities,I (55-56),17490
2023,Merseyside,Information and communication,J (58-63),14095
2023,Merseyside,Financial and insurance activities,K (64-66),12560
2023,Merseyside,Real estate activities,L (68),8500
2023,Merseyside,"Professional, scientific and technical activities",M (69-75),36690
2023,Merseyside,Administrative and support service activities,N (77-82),36945
2023,Merseyside,Public administration and defence,O (84),36600
2023,Merseyside,Education,P (85),36665
2023,Merseyside,Human health and social work activities,Q (86-88),79000
2023,Merseyside,"Arts, entertainment and recreation",R (90-93),7485
2023,Merseyside,Other service activities,S (94-96),8630
2023,Merseyside,Activities of households,T (97-98),0
2023,Merseyside,Activities of extraterritorial organisations and bodies,U (99),0
2023,North Eastern Scotland,"Agriculture, forestry and fishing",A (1-3),4365
2023,North Eastern Scotland,Mining and quarrying,B (5-9),22385
2023,North Eastern Scotland,Manufacturing,C (10-33),18630
2023,North Eastern Scotland,"Electricity, gas, steam and air conditioning supply",D (35),850
2023,North Eastern Scotland,Water supply; sewerage and waste management,E (36-39),1045
2023,North Eastern Scotland,Construction,F (41-43),11255
2023,North Eastern Scotland,Wholesale and retail trade; repair of motor vehicles,G (45-47),18105
2023,North Eastern Scotland,Transportation and storage,H (49-53),10505
2023,North Eastern Scotland,Accommodation and food service activities,I (55-56),8635
2023,North Eastern Scotland,Information and communication,J (58-63),4015
2023,North Eastern Scotland,Financial and insurance activities,K (64-66),1335
2023,North Eastern Scotland,Real estate activities,L (68),1500
2023,North Eastern Scotland,"Professional, scientific and technical activities",M (69-75),24355
2023,North Eastern Scotland,Administrative and support service activities,N (77-82),12045
2023,North Eastern Scotland,Public administration and defence,O (84),7945
2023,North Eastern Scotland,Education,P (85),9995
2023,North Eastern Scotland,Human health and social work activities,Q (86-88),16120
2023,North Eastern Scotland,"Arts, entertainment and recreation",R (90-93),2245
2023,North Eastern Scotland,Other service activities,S (94-96),2215
2023,North Eastern Scotland,Activities of households,T (97-98),0
2023,North Eastern Scotland,Activities of extraterritorial organisations and bodies,U (99),0
2023,North Yorkshire,"Agriculture, forestry and fishing",A (1-3),4710
2023,North Yorkshire,Mining and quarrying,B (5-9),550
2023,North Yorkshire,Manufacturing,C (10-33),34250
2023,North Yorkshire,"Electricity, gas, steam and air conditioning supply",D (35),1570
2023,North Yorkshire,Water supply; sewerage and waste management,E (36-39),1500
2023,North Yorkshire,Construction,F (41-43),16245
2023,North Yorkshire,Wholesale and retail trade; repair of motor vehicles,G (45-47),32715
2023,North Yorkshire,Transportation and storage,H (49-53),13940
2023,North Yorkshire,Accommodation and food service activities,I (55-56),18600
2023,North Yorkshire,Information and communication,J (58-63),7180
2023,North Yorkshire,Financial and insurance activities,K (64-66),8460
2023,North Yorkshire,Real estate activities,L (68),4600
2023,North Yorkshire,"Professional, scientific and technical activities",M (69-75),26730
2023,North Yorkshire,Administrative and support service activities,N (77-82),17150
2023,North Yorkshire,Public administration and defence,O (84),16250
2023,North Yorkshire,Education,P (85),19885
2023,North Yorkshire,Human health and social work activities,Q (86-88),26825
2023,North Yorkshire,"Arts, entertainment and recreation",R (90-93),4885
2023,North Yorkshire,Other service activities,S (94-96),3440
2023,North Yorkshire,Activities of households,T (97-98),0
2023,North Yorkshire,Activities of extraterritorial organisations and bodies,U (99),0
2023,"Northumberland, and Tyne and Wear","Agriculture, forestry and fishing",A (1-3),1990
2023,"Northumberland, and Tyne and Wear",Mining and quarrying,B (5-9),150
2023,"Northumberland, and Tyne and Wear",Manufacturing,C (10-33),56145
2023,"Northumberland, and Tyne and Wear","Electricity, gas, steam and air conditioning supply",D (35),2340
2023,"Northumberland, and Tyne and Wear",Water supply; sewerage and waste management,E (36-39),4045
2023,"Northumberland, and Tyne and Wear",Construction,F (41-43),23885
2023,"Northumberland, and Tyne and Wear",Wholesale and retail trade; repair of motor vehicles,G (45-47),37405
2023,"Northumberland, and Tyne and Wear",Transportation and storage,H (49-53),27385
2023,"Northumberland, and Tyne and Wear",Accommodation and food service activities,I (55-56),21135
2023,"Northumberland, and Tyne and Wear",Information and communication,J (58-63),22730
2023,"Northumberland, and Tyne and Wear",Financial and insurance activities,K (64-66),13495
2023,"Northumberland, and Tyne and Wear",Real estate activities,L (68),12550
2023,"Northumberland, and Tyne and Wear","Professional, scientific and technical activities",M (69-75),33275
2023,"Northumberland, and Tyne and Wear",Administrative and support service activities,N (77-82),34725
2023,"Northumberland, and Tyne and Wear",Public administration and defence,O (84),36450
2023,"Northumberland, and Tyne and Wear",Education,P (85),37770
2023,"Northumberland, and Tyne and Wear",Human health and social work activities,Q (86-88),66650
2023,"Northumberland, and Tyne and Wear","Arts, entertainment and recreation",R (90-93),7670
2023,"Northumberland, and Tyne and Wear",Other service activities,S (94-96),8260
2023,"Northumberland, and Tyne and Wear",Activities of households,T (97-98),0
2023,"Northumberland, and Tyne and Wear",Activities of extraterritorial organisations and bodies,U (99),0
2023,Outer London - East and North East,"Agriculture, forestry and fishing",A (1-3),180
2023,Outer London - East and North East,Mining and quarrying,B (5-9),105
2023,Outer London - East and North East,Manufacturing,C (10-33),21675
2023,Outer London - East and North East,"Electricity, gas, steam and air conditioning supply",D (35),635
2023,Outer London - East and North East,Water supply; sewerage and waste management,E (36-39),5735
2023,Outer London - East and North East,Construction,F (41-43),32250
2023,Outer London - East and North East,Wholesale and retail trade; repair of motor vehicles,G (45-47),47820
2023,Outer London - East and North East,Transportation and storage,H (49-53),31100
2023,Outer London - East and North East,Accommodation and food service activities,I (55-56),17950
2023,Outer London - East and North East,Information and communication,J (58-63),16540
2023,Outer London - East and North East,Financial and insurance activities,K (64-66),4290
2023,Outer London - East and North East,Real estate activities,L (68),8475
2023,Outer London - East and North East,"Professional, scientific and technical activities",M (69-75),24800
2023,Outer London - East and North East,Administrative and support service activities,N (77-82),52760
2023,Outer London - East and North East,Public administration and defence,O (84),20850
2023,Outer London - East and North East,Education,P (85),33930
2023,Outer London - East and North East,Human health and social work activities,Q (86-88),57000
2023,Outer London - East and North East,"Arts, entertainment and recreation",R (90-93),8055
2023,Outer London - East and North East,Other service activities,S (94-96),8560
2023,Outer London - East and North East,Activities of households,T (97-98),0
2023,Outer London - East and North East,Activities of extraterritorial organisations and bodies,U (99),0
2023,Outer London - South,"Agriculture, forestry and fishing",A (1-3),255
2023,Outer London - South,Mining and quarrying,B (5-9),10
2023,Outer London - South,Manufacturing,C (10-33),10725
2023,Outer London - South,"Electricity, gas, steam and air conditioning supply",D (35),580
2023,Outer London - South,Water supply; sewerage and waste management,E (36-39),1470
2023,Outer London - South,Construction,F (41-43),20520
2023,Outer London - South,Wholesale and retail trade; repair of motor vehicles,G (45-47),35085
2023,Outer London - South,Transportation and storage,H (49-53),15735
2023,Outer London - South,Accommodation and food service activities,I (55-56),14055
2023,Outer London - South,Information and communication,J (58-63),16005
2023,Outer London - South,Financial and insurance activities,K (64-66),9750
2023,Outer London - South,Real estate activities,L (68),6740
2023,Outer London - South,"Professional, scientific and technical activities",M (69-75),33255
2023,Outer London - South,Administrative and support service activities,N (77-82),27960
2023,Outer London - South,Public administration and defence,O (84),21760
2023,Outer London - South,Education,P (85),23500
2023,Outer London - South,Human health and social work activities,Q (86-88),44850
2023,Outer London - South,"Arts, entertainment and recreation",R (90-93),6425
2023,Outer London - South,Other service activities,S (94-96),8545
2023,Outer London - South,Activities of households,T (97-98),0
2023,Outer London - South,Activities of extraterritorial organisations and bodies,U (99),0
2023,Outer London - West and North West,"Agriculture, forestry and fishing",A (1-3),180
2023,Outer London - West and North West,Mining and quarrying,B (5-9),280
2023,Outer London - West and North West,Manufacturing,C (10-33),34230
2023,Outer London - West and North West,"Electricity, gas, steam and air conditioning supply",D (35),970
2023,Outer London - West and North West,Water supply; sewerage and waste management,E (36-39),3620
2023,Outer London - West and North West,Construction,F (41-43),33510
2023,Outer London - West and North West,Wholesale and retail trade; repair of motor vehicles,G (45-47),76550
2023,Outer London - West and North West,Transportation and storage,H (49-53),69650
2023,Outer London - West and North West,Accommodation and food service activities,I (55-56),36190
2023,Outer London - West and North West,Information and communication,J (58-63),51475
2023,Outer London - West and North West,Financial and insurance activities,K (64-66),9145
2023,Outer London - West and North West,Real estate activities,L (68),15510
2023,Outer London - West and North West,"Professional, scientific and technical activities",M (69-75),61425
2023,Outer London - West and North West,Administrative and support service activities,N (77-82),69210
2023,Outer London - West and North West,Public administration and defence,O (84),23500
2023,Outer London - West and North West,Education,P (85),42550
2023,Outer London - West and North West,Human health and social work activities,Q (86-88),67900
2023,Outer London - West and North West,"Arts, entertainment and recreation",R (90-93),11900
2023,Outer London - West and North West,Other service activities,S (94-96),12875
2023,Outer London - West and North West,Activities of households,T (97-98),0
2023,Outer London - West and North West,Activities of extraterritorial organisations and bodies,U (99),0
2023,Shropshire and Staffordshire,"Agriculture, forestry and fishing",A (1-3),6840
2023,Shropshire and Staffordshire,Mining and quarrying,B (5-9),415
2023,Shropshire and Staffordshire,Manufacturing,C (10-33),74790
2023,Shropshire and Staffordshire,"Electricity, gas, steam and air conditioning supply",D (35),870
2023,Shropshire and Staffordshire,Water supply; sewerage and waste management,E (36-39),6075
2023,Shropshire and Staffordshire,Construction,F (41-43),31480
2023,Shropshire and Staffordshire,Wholesale and retail trade; repair of motor vehicles,G (45-47),70175
2023,Shropshire and Staffordshire,Transportation and storage,H (49-53),41060
2023,Shropshire and Staffordshire,Accommodation and food service activities,I (55-56),16705
2023,Shropshire and Staffordshire,Information and communication,J (58-63),18460
2023,Shropshire and Staffordshire,Financial and insurance activities,K (64-66),6265
2023,Shropshire and Staffordshire,Real estate activities,L (68),7175
2023,Shropshire and Staffordshire,"Professional, scientific and technical activities",M (69-75),34555
2023,Shropshire and Staffordshire,Administrative and support service activities,N (77-82),35985
2023,Shropshire and Staffordshire,Public administration and defence,O (84),24025
2023,Shropshire and Staffordshire,Education,P (85),34550
2023,Shropshire and Staffordshire,Human health and social work activities,Q (86-88),57250
2023,Shropshire and Staffordshire,"Arts, entertainment and recreation",R (90-93),9715
2023,Shropshire and Staffordshire,Other service activities,S (94-96),7600
2023,Shropshire and Staffordshire,Activities of households,T (97-98),0
2023,Shropshire and Staffordshire,Activities of extraterritorial organisations and bodies,U (99),0
2023,South Yorkshire,"Agriculture, forestry and fishing",A (1-3),585
2023,South Yorkshire,Mining and quarrying,B (5-9),205
2023,South Yorkshire,Manufacturing,C (10-33),52330
2023,South Yorkshire,"Electricity, gas, steam and air conditioning supply",D (35),755
2023,South Yorkshire,Water supply; sewerage and waste management,E (36-39),3690
2023,South Yorkshire,Construction,F (41-43),23665
2023,South Yorkshire,Wholesale and retail trade; repair of motor vehicles,G (45-47),51885
2023,South Yorkshire,Transportation and storage,H (49-53),34045
2023,South Yorkshire,Accommodation and food service activities,I (55-56),13415
2023,South Yorkshire,Information and communication,J (58-63),12720
2023,South Yorkshire,Financial and insurance activities,K (64-66),11970
2023,South Yorkshire,Real estate activities,L (68),4365
2023,South Yorkshire,"Professional, scientific and technical activities",M (69-75),28435
2023,South Yorkshire,Administrative and support service activities,N (77-82),26415
2023,South Yorkshire,Public administration and defence,O (84),25445
2023,South Yorkshire,Education,P (85),38015
2023,South Yorkshire,Human health and social work activities,Q (86-88),54850
2023,South Yorkshire,"Arts, entertainment and recreation",R (90-93),4600
2023,South Yorkshire,Other service activities,S (94-96),4260
2023,South Yorkshire,Activities of households,T (97-98),0
2023,South Yorkshire,Activities of extraterritorial organisations and bodies,U (99),0
2023,Southern Scotland,"Agriculture, forestry and fishing",A (1-3),6915
2023,Southern Scotland,Mining and quarrying,B (5-9),320
2023,Southern Scotland,Manufacturing,C (10-33),28555
2023,Southern Scotland,"Electricity, gas, steam and air conditioning supply",D (35),1780
2023,Southern Scotland,Water supply; sewerage and waste management,E (36-39),3975
2023,Southern Scotland,Construction,F (41-43),18490
2023,Southern Scotland,Wholesale and retail trade; repair of motor vehicles,G (45-47),30675
2023,Southern Scotland,Transportation and storage,H (49-53),12025
2023,Southern Scotland,Accommodation and food service activities,I (55-56),13800
2023,Southern Scotland,Information and communication,J (58-63),2930
2023,Southern Scotland,Financial and insurance activities,K (64-66),2785
2023,Southern Scotland,Real estate activities,L (68),3260
2023,Southern Scotland,"Professional, scientific and technical activities",M (69-75),12270
2023,Southern Scotland,Administrative and support service activities,N (77-82),13200
2023,Southern Scotland,Public administration and defence,O (84),15150
2023,Southern Scotland,Education,P (85),15665
2023,Southern Scotland,Human health and social work activities,Q (86-88),36650
2023,Southern Scotland,"Arts, entertainment and recreation",R (90-93),4130
2023,Southern Scotland,Other service activities,S (94-96),3255
2023,Southern Scotland,Activities of households,T (97-98),0
2023,Southern Scotland,Activities of extraterritorial organisations and bodies,U (99),0
2023,"Surrey, East and West Sussex","Agriculture, forestry and fishing",A (1-3),6715
2023,"Surrey, East and West Sussex",Mining and quarrying,B (5-9),770
2023,"Surrey, East and West Sussex",Manufacturing,C (10-33),56575
2023,"Surrey, East and West Sussex","Electricity, gas, steam and air conditioning supply",D (35),3860
2023,"Surrey, East and West Sussex",Water supply; sewerage and waste management,E (36-39),8430
2023,"Surrey, East and West Sussex",Construction,F (41-43),54450
2023,"Surrey, East and West Sussex",Wholesale and retail trade; repair of motor vehicles,G (45-47),113065
2023,"Surrey, East and West Sussex",Transportation and storage,H (49-53),42535
2023,"Surrey, East and West Sussex",Accommodation and food service activities,I (55-56),53370
2023,"Surrey, East and West Sussex",Information and communication,J (58-63),51000
2023,"Surrey, East and West Sussex",Financial and insurance activities,K (64-66),37430
2023,"Surrey, East and West Sussex",Real estate activities,L (68),14550
2023,"Surrey, East and West Sussex","Professional, scientific and technical activities",M (69-75),85865
2023,"Surrey, East and West Sussex",Administrative and support service activities,N (77-82),68115
2023,"Surrey, East and West Sussex",Public administration and defence,O (84),31650
2023,"Surrey, East and West Sussex",Education,P (85),66695
2023,"Surrey, East and West Sussex",Human health and social work activities,Q (86-88),118000
2023,"Surrey, East and West Sussex","Arts, entertainment and recreation",R (90-93),22725
2023,"Surrey, East and West Sussex",Other service activities,S (94-96),19460
2023,"Surrey, East and West Sussex",Activities of households,T (97-98),0
2023,"Surrey, East and West Sussex",Activities of extraterritorial organisations and bodies,U (99),0
2023,Tees Valley and Durham,"Agriculture, forestry and fishing",A (1-3),1085
2023,Tees Valley and Durham,Mining and quarrying,B (5-9),1285
2023,Tees Valley and Durham,Manufacturing,C (10-33),44750
2023,Tees Valley and Durham,"Electricity, gas, steam and air conditioning supply",D (35),1360
2023,Tees Valley and Durham,Water supply; sewerage and waste management,E (36-39),4930
2023,Tees Valley and Durham,Construction,F (41-43),22345
2023,Tees Valley and Durham,Wholesale and retail trade; repair of motor vehicles,G (45-47),25485
2023,Tees Valley and Durham,Transportation and storage,H (49-53),22655
2023,Tees Valley and Durham,Accommodation and food service activities,I (55-56),12395
2023,Tees Valley and Durham,Information and communication,J (58-63),8655
2023,Tees Valley and Durham,Financial and insurance activities,K (64-66),4165
2023,Tees Valley and Durham,Real estate activities,L (68),8320
2023,Tees Valley and Durham,"Professional, scientific and technical activities",M (69-75),20850
2023,Tees Valley and Durham,Administrative and support service activities,N (77-82),17335
2023,Tees Valley and Durham,Public administration and defence,O (84),26100
2023,Tees Valley and Durham,Education,P (85),27200
2023,Tees Valley and Durham,Human health and social work activities,Q (86-88),46650
2023,Tees Valley and Durham,"Arts, entertainment and recreation",R (90-93),4755
2023,Tees Valley and Durham,Other service activities,S (94-96),5120
2023,Tees Valley and Durham,Activities of households,T (97-98),0
2023,Tees Valley and Durham,Activities of extraterritorial organisations and bodies,U (99),0
2023,West Central Scotland,"Agriculture, forestry and fishing",A (1-3),740
2023,West Central Scotland,Mining and quarrying,B (5-9),135
2023,West Central Scotland,Manufacturing,C (10-33),43355
2023,West Central Scotland,"Electricity, gas, steam and air conditioning supply",D (35),8755
2023,West Central Scotland,Water supply; sewerage and waste management,E (36-39),5495
2023,West Central Scotland,Construction,F (41-43),37645
2023,West Central Scotland,Wholesale and retail trade; repair of motor vehicles,G (45-47),53075
2023,West Central Scotland,Transportation and storage,H (49-53),30960
2023,West Central Scotland,Accommodation and food service activities,I (55-56),24260
2023,West Central Scotland,Information and communication,J (58-63),25865
2023,West Central Scotland,Financial and insurance activities,K (64-66),21775
2023,West Central Scotland,Real estate activities,L (68),8600
2023,West Central Scotland,"Professional, scientific and technical activities",M (69-75),52725
2023,West Central Scotland,Administrative and support service activities,N (77-82),46520
2023,West Central Scotland,Public administration and defence,O (84),48150
2023,West Central Scotland,Education,P (85),36965
2023,West Central Scotland,Human health and social work activities,Q (86-88),70075
2023,West Central Scotland,"Arts, entertainment and recreation",R (90-93),8820
2023,West Central Scotland,Other service activities,S (94-96),7970
2023,West Central Scotland,Activities of households,T (97-98),0
2023,West Central Scotland,Activities of extraterritorial organisations and bodies,U (99),0
2023,West Midlands,"Agriculture, forestry and fishing",A (1-3),295
2023,West Midlands,Mining and quarrying,B (5-9),115
2023,West Midlands,Manufacturing,C (10-33),111015
2023,West Midlands,"Electricity, gas, steam and air conditioning supply",D (35),4310
2023,West Midlands,Water supply; sewerage and waste management,E (36-39),12010
2023,West Midlands,Construction,F (41-43),46835
2023,West Midlands,Wholesale and retail trade; repair of motor vehicles,G (45-47),111160
2023,West Midlands,Transportation and storage,H (49-53),62900
2023,West Midlands,Accommodation and food service activities,I (55-56),27260
2023,West Midlands,Information and communication,J (58-63),32400
2023,West Midlands,Financial and insurance activities,K (64-66),33245
2023,West Midlands,Real estate activities,L (68),17950
2023,West Midlands,"Professional, scientific and technical activities",M (69-75),90055
2023,West Midlands,Administrative and support service activities,N (77-82),82250
2023,West Midlands,Public administration and defence,O (84),50100
2023,West Midlands,Education,P (85),84050
2023,West Midlands,Human health and social work activities,Q (86-88),118350
2023,West Midlands,"Arts, entertainment and recreation",R (90-93),10535
2023,West Midlands,Other service activities,S (94-96),15065
2023,West Midlands,Activities of households,T (97-98),0
2023,West Midlands,Activities of extraterritorial organisations and bodies,U (99),0
2023,West Wales and The Valleys,"Agriculture, forestry and fishing",A (1-3),6870
2023,West Wales and The Valleys,Mining and quarrying,B (5-9),1165
2023,West Wales and The Valleys,Manufacturing,C (10-33),71675
2023,West Wales and The Valleys,"Electricity, gas, steam and air conditioning supply",D (35),2190
2023,West Wales and The Valleys,Water supply; sewerage and waste management,E (36-39),6910
2023,West Wales and The Valleys,Construction,F (41-43),35475
2023,West Wales and The Valleys,Wholesale and retail trade; repair of motor vehicles,G (45-47),46840
2023,West Wales and The Valleys,Transportation and storage,H (49-53),19590
2023,West Wales and The Valleys,Accommodation and food service activities,I (55-56),25710
2023,West Wales and The Valleys,Information and communication,J (58-63),10495
2023,West Wales and The Valleys,Financial and insurance activities,K (64-66),7360
2023,West Wales and The Valleys,Real estate activities,L (68),7225
2023,West Wales and The Valleys,"Professional, scientific and technical activities",M (69-75),21140
2023,West Wales and The Valleys,Administrative and support service activities,N (77-82),34345
2023,West Wales and The Valleys,Public administration and defence,O (84),48275
2023,West Wales and The Valleys,Education,P (85),34530
2023,West Wales and The Valleys,Human health and social work activities,Q (86-88),79850
2023,West Wales and The Valleys,"Arts, entertainment and recreation",R (90-93),9240
2023,West Wales and The Valleys,Other service activities,S (94-96),6215
2023,West Wales and The Valleys,Activities of households,T (97-98),0
2023,West Wales and The Valleys,Activities of extraterritorial organisations and bodies,U (99),0
2023,West Yorkshire,"Agriculture, forestry and fishing",A (1-3),990
2023,West Yorkshire,Mining and quarrying,B (5-9),550
2023,West Yorkshire,Manufacturing,C (10-33),98890
2023,West Yorkshire,"Electricity, gas, steam and air conditioning supply",D (35),2980
2023,West Yorkshire,Water supply; sewerage and waste management,E (36-39),8380
2023,West Yorkshire,Construction,F (41-43),42735
2023,West Yorkshire,Wholesale and retail trade; repair of motor vehicles,G (45-47),97235
2023,West Yorkshire,Transportation and storage,H (49-53),51870
2023,West Yorkshire,Accommodation and food service activities,I (55-56),26255
2023,West Yorkshire,Information and communication,J (58-63),31235
2023,West Yorkshire,Financial and insurance activities,K (64-66),35855
2023,West Yorkshire,Real estate activities,L (68),13340
2023,West Yorkshire,"Professional, scientific and technical activities",M (69-75),72060
2023,West Yorkshire,Administrative and support service activities,N (77-82),66430
2023,West Yorkshire,Public administration and defence,O (84),39940
2023,West Yorkshire,Education,P (85),57325
2023,West Yorkshire,Human health and social work activities,Q (86-88),98200
2023,West Yorkshire,"Arts, entertainment and recreation",R (90-93),9575
2023,West Yorkshire,Other service activities,S (94-96),9870
2023,West Yorkshire,Activities of households,T (97-98),0
2023,West Yorkshire,Activities of extraterritorial organisations and bodies,U (99),0
