DATE,GEOGRAPHY_NAME,SIC_2DIGIT_NAME,SIC_2DIGIT_CODE,SIC_2DIGIT_CODE_NUMERIC,JOBCOUNT
2022,Bedfordshire and Hertfordshire,"01 : Crop and animal production, hunting and related service activities",01,1,2090
2022,Bedfordshire and Hertfordshire,02 : Forestry and logging,02,2,625
2022,Bedfordshire and Hertfordshire,03 : Fishing and aquaculture,03,3,60
2022,Bedfordshire and Hertfordshire,05 : Mining of coal and lignite,05,5,0
2022,Bedfordshire and Hertfordshire,06 : Extraction of crude petroleum and natural gas,06,6,0
2022,Bedfordshire and Hertfordshire,07 : Mining of metal ores,07,7,0
2022,Bedfordshire and Hertfordshire,08 : Other mining and quarrying,08,8,185
2022,Bedfordshire and Hertfordshire,09 : Mining support service activities,09,9,0
2022,Bedfordshire and Hertfordshire,10 : Manufacture of food products,10,10,6030
2022,Bedfordshire and Hertfordshire,11 : Manufacture of beverages,11,11,1015
2022,Bedfordshire and Hertfordshire,12 : Manufacture of tobacco products,12,12,0
2022,Bedfordshire and Hertfordshire,13 : Manufacture of textiles,13,13,570
2022,Bedfordshire and Hertfordshire,14 : Manufacture of wearing apparel,14,14,205
2022,Bedfordshire and Hertfordshire,15 : Manufacture of leather and related products,15,15,60
2022,Bedfordshire and Hertfordshire,"16 : Manufacture of wood and of products of wood and cork, except furniture;manufacture of articles of straw and plaiting materials",16,16,1030
2022,Bedfordshire and Hertfordshire,17 : Manufacture of paper and paper products,17,17,900
2022,Bedfordshire and Hertfordshire,18 : Printing and reproduction of recorded media,18,18,2055
2022,Bedfordshire and Hertfordshire,19 : Manufacture of coke and refined petroleum products,19,19,0
2022,Bedfordshire and Hertfordshire,20 : Manufacture of chemicals and chemical products,20,20,1340
2022,Bedfordshire and Hertfordshire,21 : Manufacture of basic pharmaceutical products and pharmaceutical preparations,21,21,3000
2022,Bedfordshire and Hertfordshire,22 : Manufacture of rubber and plastic products,22,22,2200
2022,Bedfordshire and Hertfordshire,23 : Manufacture of other non-metallic mineral products,23,23,5565
2022,Bedfordshire and Hertfordshire,24 : Manufacture of basic metals,24,24,805
2022,Bedfordshire and Hertfordshire,"25 : Manufacture of fabricated metal products, except machinery and equipment",25,25,7255
2022,Bedfordshire and Hertfordshire,"26 : Manufacture of computer, electronic and optical products",26,26,4585
2022,Bedfordshire and Hertfordshire,27 : Manufacture of electrical equipment,27,27,1725
2022,Bedfordshire and Hertfordshire,28 : Manufacture of machinery and equipment n.e.c.,28,28,3785
2022,Bedfordshire and Hertfordshire,"29 : Manufacture of motor vehicles, trailers and semi-trailers",29,29,1400
2022,Bedfordshire and Hertfordshire,30 : Manufacture of other transport equipment,30,30,2655
2022,Bedfordshire and Hertfordshire,31 : Manufacture of furniture,31,31,1585
2022,Bedfordshire and Hertfordshire,32 : Other manufacturing,32,32,595
2022,Bedfordshire and Hertfordshire,33 : Repair and installation of machinery and equipment,33,33,2060
2022,Bedfordshire and Hertfordshire,"35 : Electricity, gas, steam and air conditioning supply",35,35,1915
2022,Bedfordshire and Hertfordshire,"36 : Water collection, treatment and supply",36,36,1750
2022,Bedfordshire and Hertfordshire,37 : Sewerage,37,37,600
2022,Bedfordshire and Hertfordshire,"38 : Waste collection, treatment and disposal activities; materials recovery",38,38,2710
2022,Bedfordshire and Hertfordshire,"39 : Remediation activities and other waste management services. This division includes the provision of remediation services, i.e. the cleanup of contaminated buildings and sites, soil, surface or ground water.",39,39,50
2022,Bedfordshire and Hertfordshire,41 : Construction of buildings,41,41,15500
2022,Bedfordshire and Hertfordshire,42 : Civil engineering,42,42,9415
2022,Bedfordshire and Hertfordshire,43 : Specialised construction activities,43,43,28925
2022,Bedfordshire and Hertfordshire,45 : Wholesale and retail trade and repair of motor vehicles and motorcycles,45,45,17475
2022,Bedfordshire and Hertfordshire,"46 : Wholesale trade, except of motor vehicles and motorcycles",46,46,42780
2022,Bedfordshire and Hertfordshire,"47 : Retail trade, except of motor vehicles and motorcycles",47,47,29570
2022,Bedfordshire and Hertfordshire,49 : Land transport and transport via pipelines,49,49,9620
2022,Bedfordshire and Hertfordshire,50 : Water transport,50,50,10
2022,Bedfordshire and Hertfordshire,51 : Air transport,51,51,3250
2022,Bedfordshire and Hertfordshire,52 : Warehousing and support activities for transportation,52,52,22300
2022,Bedfordshire and Hertfordshire,53 : Postal and courier activities,53,53,6800
2022,Bedfordshire and Hertfordshire,55 : Accommodation,55,55,4275
2022,Bedfordshire and Hertfordshire,56 : Food and beverage service activities,56,56,22600
2022,Bedfordshire and Hertfordshire,58 : Publishing activities,58,58,3855
2022,Bedfordshire and Hertfordshire,"59 : Motion picture, video and television programme production, sound recording and music publishing activities",59,59,2315
2022,Bedfordshire and Hertfordshire,60 : Programming and broadcasting activities,60,60,145
2022,Bedfordshire and Hertfordshire,61 : Telecommunications,61,61,5380
2022,Bedfordshire and Hertfordshire,"62 : Computer programming, consultancy and related activities",62,62,18150
2022,Bedfordshire and Hertfordshire,63 : Information service activities,63,63,1370
2022,Bedfordshire and Hertfordshire,"64 : Financial service activities, except insurance and pension funding",64,64,2730
2022,Bedfordshire and Hertfordshire,"65 : Insurance, reinsurance and pension funding, except compulsory social security",65,65,2250
2022,Bedfordshire and Hertfordshire,66 : Activities auxiliary to financial services and insurance activities,66,66,5980
2022,Bedfordshire and Hertfordshire,68 : Real estate activities,68,68,14350
2022,Bedfordshire and Hertfordshire,69 : Legal and accounting activities,69,69,14470
2022,Bedfordshire and Hertfordshire,70 : Activities of head offices; management consultancy activities,70,70,24800
2022,Bedfordshire and Hertfordshire,71 : Architectural and engineering activities; technical testing and analysis,71,71,10875
2022,Bedfordshire and Hertfordshire,72 : Scientific research and development,72,72,7775
2022,Bedfordshire and Hertfordshire,73 : Advertising and market research,73,73,1600
2022,Bedfordshire and Hertfordshire,"74 : Other professional, scientific and technical activities",74,74,3905
2022,Bedfordshire and Hertfordshire,75 : Veterinary activities,75,75,1750
2022,Bedfordshire and Hertfordshire,77 : Rental and leasing activities,77,77,6080
2022,Bedfordshire and Hertfordshire,78 : Employment activities,78,78,76515
2022,Bedfordshire and Hertfordshire,"79 : Travel agency, tour operator and other reservation service and related activities",79,79,3100
2022,Bedfordshire and Hertfordshire,80 : Security and investigation activities,80,80,5435
2022,Bedfordshire and Hertfordshire,81 : Services to buildings and landscape activities,81,81,13445
2022,Bedfordshire and Hertfordshire,"82 : Office administrative, office support and other business support activities",82,82,9000
2022,Bedfordshire and Hertfordshire,84 : Public administration and defence; compulsory social security,84,84,21000
2022,Bedfordshire and Hertfordshire,85 : Education,85,85,39425
2022,Bedfordshire and Hertfordshire,86 : Human health activities,86,86,34475
2022,Bedfordshire and Hertfordshire,87 : Residential care activities,87,87,12500
2022,Bedfordshire and Hertfordshire,88 : Social work activities without accommodation,88,88,13000
2022,Bedfordshire and Hertfordshire,"90 : Creative, arts and entertainment activities",90,90,850
2022,Bedfordshire and Hertfordshire,"91 : Libraries, archives, museums and other cultural activities",91,91,800
2022,Bedfordshire and Hertfordshire,92 : Gambling and betting activities,92,92,1500
2022,Bedfordshire and Hertfordshire,93 : Sports activities and amusement and recreation activities,93,93,4990
2022,Bedfordshire and Hertfordshire,94 : Activities of membership organisations,94,94,3390
2022,Bedfordshire and Hertfordshire,95 : Repair of computers and personal and household goods,95,95,4500
2022,Bedfordshire and Hertfordshire,96 : Other personal service activities,96,96,4550
2022,Bedfordshire and Hertfordshire,97 : Activities of households as employers of domestic personnel,97,97,0
2022,Bedfordshire and Hertfordshire,98 : Undifferentiated goods- and services-producing activities of private households for own use,98,98,0
2022,Bedfordshire and Hertfordshire,99 : Activities of extraterritorial organisations and bodies,99,99,0
2022,"Berkshire, Buckinghamshire and Oxfordshire","01 : Crop and animal production, hunting and related service activities",01,1,4355
2022,"Berkshire, Buckinghamshire and Oxfordshire",02 : Forestry and logging,02,2,275
2022,"Berkshire, Buckinghamshire and Oxfordshire",03 : Fishing and aquaculture,03,3,40
2022,"Berkshire, Buckinghamshire and Oxfordshire",05 : Mining of coal and lignite,05,5,0
2022,"Berkshire, Buckinghamshire and Oxfordshire",06 : Extraction of crude petroleum and natural gas,06,6,10
2022,"Berkshire, Buckinghamshire and Oxfordshire",07 : Mining of metal ores,07,7,0
2022,"Berkshire, Buckinghamshire and Oxfordshire",08 : Other mining and quarrying,08,8,495
2022,"Berkshire, Buckinghamshire and Oxfordshire",09 : Mining support service activities,09,9,55
2022,"Berkshire, Buckinghamshire and Oxfordshire",10 : Manufacture of food products,10,10,8695
2022,"Berkshire, Buckinghamshire and Oxfordshire",11 : Manufacture of beverages,11,11,935
2022,"Berkshire, Buckinghamshire and Oxfordshire",12 : Manufacture of tobacco products,12,12,0
2022,"Berkshire, Buckinghamshire and Oxfordshire",13 : Manufacture of textiles,13,13,610
2022,"Berkshire, Buckinghamshire and Oxfordshire",14 : Manufacture of wearing apparel,14,14,215
2022,"Berkshire, Buckinghamshire and Oxfordshire",15 : Manufacture of leather and related products,15,15,135
2022,"Berkshire, Buckinghamshire and Oxfordshire","16 : Manufacture of wood and of products of wood and cork, except furniture;manufacture of articles of straw and plaiting materials",16,16,1410
2022,"Berkshire, Buckinghamshire and Oxfordshire",17 : Manufacture of paper and paper products,17,17,790
2022,"Berkshire, Buckinghamshire and Oxfordshire",18 : Printing and reproduction of recorded media,18,18,2185
2022,"Berkshire, Buckinghamshire and Oxfordshire",19 : Manufacture of coke and refined petroleum products,19,19,50
2022,"Berkshire, Buckinghamshire and Oxfordshire",20 : Manufacture of chemicals and chemical products,20,20,2455
2022,"Berkshire, Buckinghamshire and Oxfordshire",21 : Manufacture of basic pharmaceutical products and pharmaceutical preparations,21,21,1700
2022,"Berkshire, Buckinghamshire and Oxfordshire",22 : Manufacture of rubber and plastic products,22,22,3425
2022,"Berkshire, Buckinghamshire and Oxfordshire",23 : Manufacture of other non-metallic mineral products,23,23,650
2022,"Berkshire, Buckinghamshire and Oxfordshire",24 : Manufacture of basic metals,24,24,680
2022,"Berkshire, Buckinghamshire and Oxfordshire","25 : Manufacture of fabricated metal products, except machinery and equipment",25,25,13850
2022,"Berkshire, Buckinghamshire and Oxfordshire","26 : Manufacture of computer, electronic and optical products",26,26,5560
2022,"Berkshire, Buckinghamshire and Oxfordshire",27 : Manufacture of electrical equipment,27,27,2080
2022,"Berkshire, Buckinghamshire and Oxfordshire",28 : Manufacture of machinery and equipment n.e.c.,28,28,5645
2022,"Berkshire, Buckinghamshire and Oxfordshire","29 : Manufacture of motor vehicles, trailers and semi-trailers",29,29,6620
2022,"Berkshire, Buckinghamshire and Oxfordshire",30 : Manufacture of other transport equipment,30,30,1000
2022,"Berkshire, Buckinghamshire and Oxfordshire",31 : Manufacture of furniture,31,31,855
2022,"Berkshire, Buckinghamshire and Oxfordshire",32 : Other manufacturing,32,32,4475
2022,"Berkshire, Buckinghamshire and Oxfordshire",33 : Repair and installation of machinery and equipment,33,33,3650
2022,"Berkshire, Buckinghamshire and Oxfordshire","35 : Electricity, gas, steam and air conditioning supply",35,35,3400
2022,"Berkshire, Buckinghamshire and Oxfordshire","36 : Water collection, treatment and supply",36,36,400
2022,"Berkshire, Buckinghamshire and Oxfordshire",37 : Sewerage,37,37,4500
2022,"Berkshire, Buckinghamshire and Oxfordshire","38 : Waste collection, treatment and disposal activities; materials recovery",38,38,6885
2022,"Berkshire, Buckinghamshire and Oxfordshire","39 : Remediation activities and other waste management services. This division includes the provision of remediation services, i.e. the cleanup of contaminated buildings and sites, soil, surface or ground water.",39,39,75
2022,"Berkshire, Buckinghamshire and Oxfordshire",41 : Construction of buildings,41,41,13000
2022,"Berkshire, Buckinghamshire and Oxfordshire",42 : Civil engineering,42,42,4960
2022,"Berkshire, Buckinghamshire and Oxfordshire",43 : Specialised construction activities,43,43,19450
2022,"Berkshire, Buckinghamshire and Oxfordshire",45 : Wholesale and retail trade and repair of motor vehicles and motorcycles,45,45,24250
2022,"Berkshire, Buckinghamshire and Oxfordshire","46 : Wholesale trade, except of motor vehicles and motorcycles",46,46,57135
2022,"Berkshire, Buckinghamshire and Oxfordshire","47 : Retail trade, except of motor vehicles and motorcycles",47,47,38045
2022,"Berkshire, Buckinghamshire and Oxfordshire",49 : Land transport and transport via pipelines,49,49,12840
2022,"Berkshire, Buckinghamshire and Oxfordshire",50 : Water transport,50,50,120
2022,"Berkshire, Buckinghamshire and Oxfordshire",51 : Air transport,51,51,755
2022,"Berkshire, Buckinghamshire and Oxfordshire",52 : Warehousing and support activities for transportation,52,52,39145
2022,"Berkshire, Buckinghamshire and Oxfordshire",53 : Postal and courier activities,53,53,10300
2022,"Berkshire, Buckinghamshire and Oxfordshire",55 : Accommodation,55,55,7585
2022,"Berkshire, Buckinghamshire and Oxfordshire",56 : Food and beverage service activities,56,56,28250
2022,"Berkshire, Buckinghamshire and Oxfordshire",58 : Publishing activities,58,58,7400
2022,"Berkshire, Buckinghamshire and Oxfordshire","59 : Motion picture, video and television programme production, sound recording and music publishing activities",59,59,3180
2022,"Berkshire, Buckinghamshire and Oxfordshire",60 : Programming and broadcasting activities,60,60,425
2022,"Berkshire, Buckinghamshire and Oxfordshire",61 : Telecommunications,61,61,21500
2022,"Berkshire, Buckinghamshire and Oxfordshire","62 : Computer programming, consultancy and related activities",62,62,67725
2022,"Berkshire, Buckinghamshire and Oxfordshire",63 : Information service activities,63,63,6900
2022,"Berkshire, Buckinghamshire and Oxfordshire","64 : Financial service activities, except insurance and pension funding",64,64,16155
2022,"Berkshire, Buckinghamshire and Oxfordshire","65 : Insurance, reinsurance and pension funding, except compulsory social security",65,65,1350
2022,"Berkshire, Buckinghamshire and Oxfordshire",66 : Activities auxiliary to financial services and insurance activities,66,66,10055
2022,"Berkshire, Buckinghamshire and Oxfordshire",68 : Real estate activities,68,68,15545
2022,"Berkshire, Buckinghamshire and Oxfordshire",69 : Legal and accounting activities,69,69,17200
2022,"Berkshire, Buckinghamshire and Oxfordshire",70 : Activities of head offices; management consultancy activities,70,70,49300
2022,"Berkshire, Buckinghamshire and Oxfordshire",71 : Architectural and engineering activities; technical testing and analysis,71,71,20350
2022,"Berkshire, Buckinghamshire and Oxfordshire",72 : Scientific research and development,72,72,25500
2022,"Berkshire, Buckinghamshire and Oxfordshire",73 : Advertising and market research,73,73,10000
2022,"Berkshire, Buckinghamshire and Oxfordshire","74 : Other professional, scientific and technical activities",74,74,6550
2022,"Berkshire, Buckinghamshire and Oxfordshire",75 : Veterinary activities,75,75,1750
2022,"Berkshire, Buckinghamshire and Oxfordshire",77 : Rental and leasing activities,77,77,7095
2022,"Berkshire, Buckinghamshire and Oxfordshire",78 : Employment activities,78,78,26820
2022,"Berkshire, Buckinghamshire and Oxfordshire","79 : Travel agency, tour operator and other reservation service and related activities",79,79,1520
2022,"Berkshire, Buckinghamshire and Oxfordshire",80 : Security and investigation activities,80,80,4875
2022,"Berkshire, Buckinghamshire and Oxfordshire",81 : Services to buildings and landscape activities,81,81,21735
2022,"Berkshire, Buckinghamshire and Oxfordshire","82 : Office administrative, office support and other business support activities",82,82,16870
2022,"Berkshire, Buckinghamshire and Oxfordshire",84 : Public administration and defence; compulsory social security,84,84,26950
2022,"Berkshire, Buckinghamshire and Oxfordshire",85 : Education,85,85,83125
2022,"Berkshire, Buckinghamshire and Oxfordshire",86 : Human health activities,86,86,46750
2022,"Berkshire, Buckinghamshire and Oxfordshire",87 : Residential care activities,87,87,12750
2022,"Berkshire, Buckinghamshire and Oxfordshire",88 : Social work activities without accommodation,88,88,21500
2022,"Berkshire, Buckinghamshire and Oxfordshire","90 : Creative, arts and entertainment activities",90,90,2600
2022,"Berkshire, Buckinghamshire and Oxfordshire","91 : Libraries, archives, museums and other cultural activities",91,91,1250
2022,"Berkshire, Buckinghamshire and Oxfordshire",92 : Gambling and betting activities,92,92,1250
2022,"Berkshire, Buckinghamshire and Oxfordshire",93 : Sports activities and amusement and recreation activities,93,93,10500
2022,"Berkshire, Buckinghamshire and Oxfordshire",94 : Activities of membership organisations,94,94,7025
2022,"Berkshire, Buckinghamshire and Oxfordshire",95 : Repair of computers and personal and household goods,95,95,1605
2022,"Berkshire, Buckinghamshire and Oxfordshire",96 : Other personal service activities,96,96,8000
2022,"Berkshire, Buckinghamshire and Oxfordshire",97 : Activities of households as employers of domestic personnel,97,97,0
2022,"Berkshire, Buckinghamshire and Oxfordshire",98 : Undifferentiated goods- and services-producing activities of private households for own use,98,98,0
2022,"Berkshire, Buckinghamshire and Oxfordshire",99 : Activities of extraterritorial organisations and bodies,99,99,0
2022,Cheshire,"01 : Crop and animal production, hunting and related service activities",01,1,2850
2022,Cheshire,02 : Forestry and logging,02,2,120
2022,Cheshire,03 : Fishing and aquaculture,03,3,0
2022,Cheshire,05 : Mining of coal and lignite,05,5,0
2022,Cheshire,06 : Extraction of crude petroleum and natural gas,06,6,0
2022,Cheshire,07 : Mining of metal ores,07,7,0
2022,Cheshire,08 : Other mining and quarrying,08,8,1125
2022,Cheshire,09 : Mining support service activities,09,9,10
2022,Cheshire,10 : Manufacture of food products,10,10,5130
2022,Cheshire,11 : Manufacture of beverages,11,11,285
2022,Cheshire,12 : Manufacture of tobacco products,12,12,0
2022,Cheshire,13 : Manufacture of textiles,13,13,380
2022,Cheshire,14 : Manufacture of wearing apparel,14,14,55
2022,Cheshire,15 : Manufacture of leather and related products,15,15,0
2022,Cheshire,"16 : Manufacture of wood and of products of wood and cork, except furniture;manufacture of articles of straw and plaiting materials",16,16,585
2022,Cheshire,17 : Manufacture of paper and paper products,17,17,1200
2022,Cheshire,18 : Printing and reproduction of recorded media,18,18,565
2022,Cheshire,19 : Manufacture of coke and refined petroleum products,19,19,850
2022,Cheshire,20 : Manufacture of chemicals and chemical products,20,20,2910
2022,Cheshire,21 : Manufacture of basic pharmaceutical products and pharmaceutical preparations,21,21,4020
2022,Cheshire,22 : Manufacture of rubber and plastic products,22,22,2050
2022,Cheshire,23 : Manufacture of other non-metallic mineral products,23,23,1470
2022,Cheshire,24 : Manufacture of basic metals,24,24,530
2022,Cheshire,"25 : Manufacture of fabricated metal products, except machinery and equipment",25,25,4155
2022,Cheshire,"26 : Manufacture of computer, electronic and optical products",26,26,1380
2022,Cheshire,27 : Manufacture of electrical equipment,27,27,820
2022,Cheshire,28 : Manufacture of machinery and equipment n.e.c.,28,28,1930
2022,Cheshire,"29 : Manufacture of motor vehicles, trailers and semi-trailers",29,29,6760
2022,Cheshire,30 : Manufacture of other transport equipment,30,30,655
2022,Cheshire,31 : Manufacture of furniture,31,31,380
2022,Cheshire,32 : Other manufacturing,32,32,835
2022,Cheshire,33 : Repair and installation of machinery and equipment,33,33,1080
2022,Cheshire,"35 : Electricity, gas, steam and air conditioning supply",35,35,1340
2022,Cheshire,"36 : Water collection, treatment and supply",36,36,300
2022,Cheshire,37 : Sewerage,37,37,400
2022,Cheshire,"38 : Waste collection, treatment and disposal activities; materials recovery",38,38,2805
2022,Cheshire,"39 : Remediation activities and other waste management services. This division includes the provision of remediation services, i.e. the cleanup of contaminated buildings and sites, soil, surface or ground water.",39,39,1000
2022,Cheshire,41 : Construction of buildings,41,41,8000
2022,Cheshire,42 : Civil engineering,42,42,5250
2022,Cheshire,43 : Specialised construction activities,43,43,10405
2022,Cheshire,45 : Wholesale and retail trade and repair of motor vehicles and motorcycles,45,45,8195
2022,Cheshire,"46 : Wholesale trade, except of motor vehicles and motorcycles",46,46,18045
2022,Cheshire,"47 : Retail trade, except of motor vehicles and motorcycles",47,47,20455
2022,Cheshire,49 : Land transport and transport via pipelines,49,49,5455
2022,Cheshire,50 : Water transport,50,50,135
2022,Cheshire,51 : Air transport,51,51,80
2022,Cheshire,52 : Warehousing and support activities for transportation,52,52,12835
2022,Cheshire,53 : Postal and courier activities,53,53,5050
2022,Cheshire,55 : Accommodation,55,55,2895
2022,Cheshire,56 : Food and beverage service activities,56,56,12550
2022,Cheshire,58 : Publishing activities,58,58,945
2022,Cheshire,"59 : Motion picture, video and television programme production, sound recording and music publishing activities",59,59,290
2022,Cheshire,60 : Programming and broadcasting activities,60,60,100
2022,Cheshire,61 : Telecommunications,61,61,3250
2022,Cheshire,"62 : Computer programming, consultancy and related activities",62,62,10485
2022,Cheshire,63 : Information service activities,63,63,700
2022,Cheshire,"64 : Financial service activities, except insurance and pension funding",64,64,12555
2022,Cheshire,"65 : Insurance, reinsurance and pension funding, except compulsory social security",65,65,250
2022,Cheshire,66 : Activities auxiliary to financial services and insurance activities,66,66,6530
2022,Cheshire,68 : Real estate activities,68,68,5325
2022,Cheshire,69 : Legal and accounting activities,69,69,17820
2022,Cheshire,70 : Activities of head offices; management consultancy activities,70,70,10725
2022,Cheshire,71 : Architectural and engineering activities; technical testing and analysis,71,71,13700
2022,Cheshire,72 : Scientific research and development,72,72,1475
2022,Cheshire,73 : Advertising and market research,73,73,1875
2022,Cheshire,"74 : Other professional, scientific and technical activities",74,74,2575
2022,Cheshire,75 : Veterinary activities,75,75,1000
2022,Cheshire,77 : Rental and leasing activities,77,77,2150
2022,Cheshire,78 : Employment activities,78,78,12800
2022,Cheshire,"79 : Travel agency, tour operator and other reservation service and related activities",79,79,1695
2022,Cheshire,80 : Security and investigation activities,80,80,1665
2022,Cheshire,81 : Services to buildings and landscape activities,81,81,7825
2022,Cheshire,"82 : Office administrative, office support and other business support activities",82,82,7300
2022,Cheshire,84 : Public administration and defence; compulsory social security,84,84,12300
2022,Cheshire,85 : Education,85,85,18050
2022,Cheshire,86 : Human health activities,86,86,21050
2022,Cheshire,87 : Residential care activities,87,87,5850
2022,Cheshire,88 : Social work activities without accommodation,88,88,5500
2022,Cheshire,"90 : Creative, arts and entertainment activities",90,90,105
2022,Cheshire,"91 : Libraries, archives, museums and other cultural activities",91,91,1020
2022,Cheshire,92 : Gambling and betting activities,92,92,900
2022,Cheshire,93 : Sports activities and amusement and recreation activities,93,93,2625
2022,Cheshire,94 : Activities of membership organisations,94,94,1860
2022,Cheshire,95 : Repair of computers and personal and household goods,95,95,790
2022,Cheshire,96 : Other personal service activities,96,96,3250
2022,Cheshire,97 : Activities of households as employers of domestic personnel,97,97,0
2022,Cheshire,98 : Undifferentiated goods- and services-producing activities of private households for own use,98,98,0
2022,Cheshire,99 : Activities of extraterritorial organisations and bodies,99,99,0
2022,Cornwall and Isles of Scilly,"01 : Crop and animal production, hunting and related service activities",01,1,3585
2022,Cornwall and Isles of Scilly,02 : Forestry and logging,02,2,105
2022,Cornwall and Isles of Scilly,03 : Fishing and aquaculture,03,3,145
2022,Cornwall and Isles of Scilly,05 : Mining of coal and lignite,05,5,0
2022,Cornwall and Isles of Scilly,06 : Extraction of crude petroleum and natural gas,06,6,0
2022,Cornwall and Isles of Scilly,07 : Mining of metal ores,07,7,0
2022,Cornwall and Isles of Scilly,08 : Other mining and quarrying,08,8,805
2022,Cornwall and Isles of Scilly,09 : Mining support service activities,09,9,0
2022,Cornwall and Isles of Scilly,10 : Manufacture of food products,10,10,3580
2022,Cornwall and Isles of Scilly,11 : Manufacture of beverages,11,11,660
2022,Cornwall and Isles of Scilly,12 : Manufacture of tobacco products,12,12,0
2022,Cornwall and Isles of Scilly,13 : Manufacture of textiles,13,13,175
2022,Cornwall and Isles of Scilly,14 : Manufacture of wearing apparel,14,14,30
2022,Cornwall and Isles of Scilly,15 : Manufacture of leather and related products,15,15,5
2022,Cornwall and Isles of Scilly,"16 : Manufacture of wood and of products of wood and cork, except furniture;manufacture of articles of straw and plaiting materials",16,16,1060
2022,Cornwall and Isles of Scilly,17 : Manufacture of paper and paper products,17,17,205
2022,Cornwall and Isles of Scilly,18 : Printing and reproduction of recorded media,18,18,605
2022,Cornwall and Isles of Scilly,19 : Manufacture of coke and refined petroleum products,19,19,0
2022,Cornwall and Isles of Scilly,20 : Manufacture of chemicals and chemical products,20,20,205
2022,Cornwall and Isles of Scilly,21 : Manufacture of basic pharmaceutical products and pharmaceutical preparations,21,21,0
2022,Cornwall and Isles of Scilly,22 : Manufacture of rubber and plastic products,22,22,1450
2022,Cornwall and Isles of Scilly,23 : Manufacture of other non-metallic mineral products,23,23,210
2022,Cornwall and Isles of Scilly,24 : Manufacture of basic metals,24,24,210
2022,Cornwall and Isles of Scilly,"25 : Manufacture of fabricated metal products, except machinery and equipment",25,25,950
2022,Cornwall and Isles of Scilly,"26 : Manufacture of computer, electronic and optical products",26,26,355
2022,Cornwall and Isles of Scilly,27 : Manufacture of electrical equipment,27,27,100
2022,Cornwall and Isles of Scilly,28 : Manufacture of machinery and equipment n.e.c.,28,28,1765
2022,Cornwall and Isles of Scilly,"29 : Manufacture of motor vehicles, trailers and semi-trailers",29,29,40
2022,Cornwall and Isles of Scilly,30 : Manufacture of other transport equipment,30,30,655
2022,Cornwall and Isles of Scilly,31 : Manufacture of furniture,31,31,425
2022,Cornwall and Isles of Scilly,32 : Other manufacturing,32,32,595
2022,Cornwall and Isles of Scilly,33 : Repair and installation of machinery and equipment,33,33,1630
2022,Cornwall and Isles of Scilly,"35 : Electricity, gas, steam and air conditioning supply",35,35,840
2022,Cornwall and Isles of Scilly,"36 : Water collection, treatment and supply",36,36,400
2022,Cornwall and Isles of Scilly,37 : Sewerage,37,37,75
2022,Cornwall and Isles of Scilly,"38 : Waste collection, treatment and disposal activities; materials recovery",38,38,1445
2022,Cornwall and Isles of Scilly,"39 : Remediation activities and other waste management services. This division includes the provision of remediation services, i.e. the cleanup of contaminated buildings and sites, soil, surface or ground water.",39,39,100
2022,Cornwall and Isles of Scilly,41 : Construction of buildings,41,41,4350
2022,Cornwall and Isles of Scilly,42 : Civil engineering,42,42,2145
2022,Cornwall and Isles of Scilly,43 : Specialised construction activities,43,43,5670
2022,Cornwall and Isles of Scilly,45 : Wholesale and retail trade and repair of motor vehicles and motorcycles,45,45,3230
2022,Cornwall and Isles of Scilly,"46 : Wholesale trade, except of motor vehicles and motorcycles",46,46,5725
2022,Cornwall and Isles of Scilly,"47 : Retail trade, except of motor vehicles and motorcycles",47,47,9645
2022,Cornwall and Isles of Scilly,49 : Land transport and transport via pipelines,49,49,2960
2022,Cornwall and Isles of Scilly,50 : Water transport,50,50,175
2022,Cornwall and Isles of Scilly,51 : Air transport,51,51,205
2022,Cornwall and Isles of Scilly,52 : Warehousing and support activities for transportation,52,52,1595
2022,Cornwall and Isles of Scilly,53 : Postal and courier activities,53,53,1185
2022,Cornwall and Isles of Scilly,55 : Accommodation,55,55,7375
2022,Cornwall and Isles of Scilly,56 : Food and beverage service activities,56,56,8900
2022,Cornwall and Isles of Scilly,58 : Publishing activities,58,58,325
2022,Cornwall and Isles of Scilly,"59 : Motion picture, video and television programme production, sound recording and music publishing activities",59,59,365
2022,Cornwall and Isles of Scilly,60 : Programming and broadcasting activities,60,60,60
2022,Cornwall and Isles of Scilly,61 : Telecommunications,61,61,755
2022,Cornwall and Isles of Scilly,"62 : Computer programming, consultancy and related activities",62,62,1730
2022,Cornwall and Isles of Scilly,63 : Information service activities,63,63,85
2022,Cornwall and Isles of Scilly,"64 : Financial service activities, except insurance and pension funding",64,64,495
2022,Cornwall and Isles of Scilly,"65 : Insurance, reinsurance and pension funding, except compulsory social security",65,65,0
2022,Cornwall and Isles of Scilly,66 : Activities auxiliary to financial services and insurance activities,66,66,755
2022,Cornwall and Isles of Scilly,68 : Real estate activities,68,68,2675
2022,Cornwall and Isles of Scilly,69 : Legal and accounting activities,69,69,2235
2022,Cornwall and Isles of Scilly,70 : Activities of head offices; management consultancy activities,70,70,1300
2022,Cornwall and Isles of Scilly,71 : Architectural and engineering activities; technical testing and analysis,71,71,2420
2022,Cornwall and Isles of Scilly,72 : Scientific research and development,72,72,275
2022,Cornwall and Isles of Scilly,73 : Advertising and market research,73,73,650
2022,Cornwall and Isles of Scilly,"74 : Other professional, scientific and technical activities",74,74,1340
2022,Cornwall and Isles of Scilly,75 : Veterinary activities,75,75,1000
2022,Cornwall and Isles of Scilly,77 : Rental and leasing activities,77,77,1415
2022,Cornwall and Isles of Scilly,78 : Employment activities,78,78,3335
2022,Cornwall and Isles of Scilly,"79 : Travel agency, tour operator and other reservation service and related activities",79,79,170
2022,Cornwall and Isles of Scilly,80 : Security and investigation activities,80,80,720
2022,Cornwall and Isles of Scilly,81 : Services to buildings and landscape activities,81,81,2010
2022,Cornwall and Isles of Scilly,"82 : Office administrative, office support and other business support activities",82,82,1530
2022,Cornwall and Isles of Scilly,84 : Public administration and defence; compulsory social security,84,84,5130
2022,Cornwall and Isles of Scilly,85 : Education,85,85,9125
2022,Cornwall and Isles of Scilly,86 : Human health activities,86,86,10940
2022,Cornwall and Isles of Scilly,87 : Residential care activities,87,87,3700
2022,Cornwall and Isles of Scilly,88 : Social work activities without accommodation,88,88,3450
2022,Cornwall and Isles of Scilly,"90 : Creative, arts and entertainment activities",90,90,225
2022,Cornwall and Isles of Scilly,"91 : Libraries, archives, museums and other cultural activities",91,91,1690
2022,Cornwall and Isles of Scilly,92 : Gambling and betting activities,92,92,150
2022,Cornwall and Isles of Scilly,93 : Sports activities and amusement and recreation activities,93,93,1650
2022,Cornwall and Isles of Scilly,94 : Activities of membership organisations,94,94,575
2022,Cornwall and Isles of Scilly,95 : Repair of computers and personal and household goods,95,95,130
2022,Cornwall and Isles of Scilly,96 : Other personal service activities,96,96,1570
2022,Cornwall and Isles of Scilly,97 : Activities of households as employers of domestic personnel,97,97,0
2022,Cornwall and Isles of Scilly,98 : Undifferentiated goods- and services-producing activities of private households for own use,98,98,0
2022,Cornwall and Isles of Scilly,99 : Activities of extraterritorial organisations and bodies,99,99,0
2022,Cumbria,"01 : Crop and animal production, hunting and related service activities",01,1,2080
2022,Cumbria,02 : Forestry and logging,02,2,145
2022,Cumbria,03 : Fishing and aquaculture,03,3,15
2022,Cumbria,05 : Mining of coal and lignite,05,5,20
2022,Cumbria,06 : Extraction of crude petroleum and natural gas,06,6,110
2022,Cumbria,07 : Mining of metal ores,07,7,0
2022,Cumbria,08 : Other mining and quarrying,08,8,475
2022,Cumbria,09 : Mining support service activities,09,9,75
2022,Cumbria,10 : Manufacture of food products,10,10,4120
2022,Cumbria,11 : Manufacture of beverages,11,11,240
2022,Cumbria,12 : Manufacture of tobacco products,12,12,0
2022,Cumbria,13 : Manufacture of textiles,13,13,315
2022,Cumbria,14 : Manufacture of wearing apparel,14,14,10
2022,Cumbria,15 : Manufacture of leather and related products,15,15,300
2022,Cumbria,"16 : Manufacture of wood and of products of wood and cork, except furniture;manufacture of articles of straw and plaiting materials",16,16,1055
2022,Cumbria,17 : Manufacture of paper and paper products,17,17,1200
2022,Cumbria,18 : Printing and reproduction of recorded media,18,18,145
2022,Cumbria,19 : Manufacture of coke and refined petroleum products,19,19,0
2022,Cumbria,20 : Manufacture of chemicals and chemical products,20,20,170
2022,Cumbria,21 : Manufacture of basic pharmaceutical products and pharmaceutical preparations,21,21,100
2022,Cumbria,22 : Manufacture of rubber and plastic products,22,22,2495
2022,Cumbria,23 : Manufacture of other non-metallic mineral products,23,23,580
2022,Cumbria,24 : Manufacture of basic metals,24,24,10240
2022,Cumbria,"25 : Manufacture of fabricated metal products, except machinery and equipment",25,25,3020
2022,Cumbria,"26 : Manufacture of computer, electronic and optical products",26,26,460
2022,Cumbria,27 : Manufacture of electrical equipment,27,27,1045
2022,Cumbria,28 : Manufacture of machinery and equipment n.e.c.,28,28,450
2022,Cumbria,"29 : Manufacture of motor vehicles, trailers and semi-trailers",29,29,185
2022,Cumbria,30 : Manufacture of other transport equipment,30,30,8115
2022,Cumbria,31 : Manufacture of furniture,31,31,400
2022,Cumbria,32 : Other manufacturing,32,32,410
2022,Cumbria,33 : Repair and installation of machinery and equipment,33,33,680
2022,Cumbria,"35 : Electricity, gas, steam and air conditioning supply",35,35,610
2022,Cumbria,"36 : Water collection, treatment and supply",36,36,400
2022,Cumbria,37 : Sewerage,37,37,100
2022,Cumbria,"38 : Waste collection, treatment and disposal activities; materials recovery",38,38,1305
2022,Cumbria,"39 : Remediation activities and other waste management services. This division includes the provision of remediation services, i.e. the cleanup of contaminated buildings and sites, soil, surface or ground water.",39,39,75
2022,Cumbria,41 : Construction of buildings,41,41,4800
2022,Cumbria,42 : Civil engineering,42,42,2065
2022,Cumbria,43 : Specialised construction activities,43,43,6230
2022,Cumbria,45 : Wholesale and retail trade and repair of motor vehicles and motorcycles,45,45,4110
2022,Cumbria,"46 : Wholesale trade, except of motor vehicles and motorcycles",46,46,5920
2022,Cumbria,"47 : Retail trade, except of motor vehicles and motorcycles",47,47,8835
2022,Cumbria,49 : Land transport and transport via pipelines,49,49,4550
2022,Cumbria,50 : Water transport,50,50,360
2022,Cumbria,51 : Air transport,51,51,20
2022,Cumbria,52 : Warehousing and support activities for transportation,52,52,2060
2022,Cumbria,53 : Postal and courier activities,53,53,1415
2022,Cumbria,55 : Accommodation,55,55,5390
2022,Cumbria,56 : Food and beverage service activities,56,56,5975
2022,Cumbria,58 : Publishing activities,58,58,280
2022,Cumbria,"59 : Motion picture, video and television programme production, sound recording and music publishing activities",59,59,125
2022,Cumbria,60 : Programming and broadcasting activities,60,60,85
2022,Cumbria,61 : Telecommunications,61,61,620
2022,Cumbria,"62 : Computer programming, consultancy and related activities",62,62,1360
2022,Cumbria,63 : Information service activities,63,63,30
2022,Cumbria,"64 : Financial service activities, except insurance and pension funding",64,64,985
2022,Cumbria,"65 : Insurance, reinsurance and pension funding, except compulsory social security",65,65,0
2022,Cumbria,66 : Activities auxiliary to financial services and insurance activities,66,66,825
2022,Cumbria,68 : Real estate activities,68,68,1730
2022,Cumbria,69 : Legal and accounting activities,69,69,2695
2022,Cumbria,70 : Activities of head offices; management consultancy activities,70,70,2560
2022,Cumbria,71 : Architectural and engineering activities; technical testing and analysis,71,71,4375
2022,Cumbria,72 : Scientific research and development,72,72,235
2022,Cumbria,73 : Advertising and market research,73,73,190
2022,Cumbria,"74 : Other professional, scientific and technical activities",74,74,670
2022,Cumbria,75 : Veterinary activities,75,75,600
2022,Cumbria,77 : Rental and leasing activities,77,77,590
2022,Cumbria,78 : Employment activities,78,78,1030
2022,Cumbria,"79 : Travel agency, tour operator and other reservation service and related activities",79,79,410
2022,Cumbria,80 : Security and investigation activities,80,80,810
2022,Cumbria,81 : Services to buildings and landscape activities,81,81,2165
2022,Cumbria,"82 : Office administrative, office support and other business support activities",82,82,1545
2022,Cumbria,84 : Public administration and defence; compulsory social security,84,84,7875
2022,Cumbria,85 : Education,85,85,7570
2022,Cumbria,86 : Human health activities,86,86,10500
2022,Cumbria,87 : Residential care activities,87,87,3800
2022,Cumbria,88 : Social work activities without accommodation,88,88,2700
2022,Cumbria,"90 : Creative, arts and entertainment activities",90,90,90
2022,Cumbria,"91 : Libraries, archives, museums and other cultural activities",91,91,925
2022,Cumbria,92 : Gambling and betting activities,92,92,200
2022,Cumbria,93 : Sports activities and amusement and recreation activities,93,93,1065
2022,Cumbria,94 : Activities of membership organisations,94,94,1090
2022,Cumbria,95 : Repair of computers and personal and household goods,95,95,145
2022,Cumbria,96 : Other personal service activities,96,96,1490
2022,Cumbria,97 : Activities of households as employers of domestic personnel,97,97,0
2022,Cumbria,98 : Undifferentiated goods- and services-producing activities of private households for own use,98,98,0
2022,Cumbria,99 : Activities of extraterritorial organisations and bodies,99,99,0
2022,Derbyshire and Nottinghamshire,"01 : Crop and animal production, hunting and related service activities",01,1,2660
2022,Derbyshire and Nottinghamshire,02 : Forestry and logging,02,2,330
2022,Derbyshire and Nottinghamshire,03 : Fishing and aquaculture,03,3,30
2022,Derbyshire and Nottinghamshire,05 : Mining of coal and lignite,05,5,50
2022,Derbyshire and Nottinghamshire,06 : Extraction of crude petroleum and natural gas,06,6,15
2022,Derbyshire and Nottinghamshire,07 : Mining of metal ores,07,7,0
2022,Derbyshire and Nottinghamshire,08 : Other mining and quarrying,08,8,1370
2022,Derbyshire and Nottinghamshire,09 : Mining support service activities,09,9,275
2022,Derbyshire and Nottinghamshire,10 : Manufacture of food products,10,10,15650
2022,Derbyshire and Nottinghamshire,11 : Manufacture of beverages,11,11,745
2022,Derbyshire and Nottinghamshire,12 : Manufacture of tobacco products,12,12,0
2022,Derbyshire and Nottinghamshire,13 : Manufacture of textiles,13,13,3595
2022,Derbyshire and Nottinghamshire,14 : Manufacture of wearing apparel,14,14,1060
2022,Derbyshire and Nottinghamshire,15 : Manufacture of leather and related products,15,15,20
2022,Derbyshire and Nottinghamshire,"16 : Manufacture of wood and of products of wood and cork, except furniture;manufacture of articles of straw and plaiting materials",16,16,1645
2022,Derbyshire and Nottinghamshire,17 : Manufacture of paper and paper products,17,17,1810
2022,Derbyshire and Nottinghamshire,18 : Printing and reproduction of recorded media,18,18,3605
2022,Derbyshire and Nottinghamshire,19 : Manufacture of coke and refined petroleum products,19,19,300
2022,Derbyshire and Nottinghamshire,20 : Manufacture of chemicals and chemical products,20,20,3710
2022,Derbyshire and Nottinghamshire,21 : Manufacture of basic pharmaceutical products and pharmaceutical preparations,21,21,1950
2022,Derbyshire and Nottinghamshire,22 : Manufacture of rubber and plastic products,22,22,8550
2022,Derbyshire and Nottinghamshire,23 : Manufacture of other non-metallic mineral products,23,23,6015
2022,Derbyshire and Nottinghamshire,24 : Manufacture of basic metals,24,24,2110
2022,Derbyshire and Nottinghamshire,"25 : Manufacture of fabricated metal products, except machinery and equipment",25,25,15650
2022,Derbyshire and Nottinghamshire,"26 : Manufacture of computer, electronic and optical products",26,26,3495
2022,Derbyshire and Nottinghamshire,27 : Manufacture of electrical equipment,27,27,2445
2022,Derbyshire and Nottinghamshire,28 : Manufacture of machinery and equipment n.e.c.,28,28,5380
2022,Derbyshire and Nottinghamshire,"29 : Manufacture of motor vehicles, trailers and semi-trailers",29,29,3530
2022,Derbyshire and Nottinghamshire,30 : Manufacture of other transport equipment,30,30,9590
2022,Derbyshire and Nottinghamshire,31 : Manufacture of furniture,31,31,3340
2022,Derbyshire and Nottinghamshire,32 : Other manufacturing,32,32,3465
2022,Derbyshire and Nottinghamshire,33 : Repair and installation of machinery and equipment,33,33,4135
2022,Derbyshire and Nottinghamshire,"35 : Electricity, gas, steam and air conditioning supply",35,35,5665
2022,Derbyshire and Nottinghamshire,"36 : Water collection, treatment and supply",36,36,1500
2022,Derbyshire and Nottinghamshire,37 : Sewerage,37,37,500
2022,Derbyshire and Nottinghamshire,"38 : Waste collection, treatment and disposal activities; materials recovery",38,38,3125
2022,Derbyshire and Nottinghamshire,"39 : Remediation activities and other waste management services. This division includes the provision of remediation services, i.e. the cleanup of contaminated buildings and sites, soil, surface or ground water.",39,39,50
2022,Derbyshire and Nottinghamshire,41 : Construction of buildings,41,41,9750
2022,Derbyshire and Nottinghamshire,42 : Civil engineering,42,42,8495
2022,Derbyshire and Nottinghamshire,43 : Specialised construction activities,43,43,29185
2022,Derbyshire and Nottinghamshire,45 : Wholesale and retail trade and repair of motor vehicles and motorcycles,45,45,22400
2022,Derbyshire and Nottinghamshire,"46 : Wholesale trade, except of motor vehicles and motorcycles",46,46,28785
2022,Derbyshire and Nottinghamshire,"47 : Retail trade, except of motor vehicles and motorcycles",47,47,33780
2022,Derbyshire and Nottinghamshire,49 : Land transport and transport via pipelines,49,49,12450
2022,Derbyshire and Nottinghamshire,50 : Water transport,50,50,0
2022,Derbyshire and Nottinghamshire,51 : Air transport,51,51,35
2022,Derbyshire and Nottinghamshire,52 : Warehousing and support activities for transportation,52,52,21500
2022,Derbyshire and Nottinghamshire,53 : Postal and courier activities,53,53,10050
2022,Derbyshire and Nottinghamshire,55 : Accommodation,55,55,4150
2022,Derbyshire and Nottinghamshire,56 : Food and beverage service activities,56,56,21100
2022,Derbyshire and Nottinghamshire,58 : Publishing activities,58,58,380
2022,Derbyshire and Nottinghamshire,"59 : Motion picture, video and television programme production, sound recording and music publishing activities",59,59,615
2022,Derbyshire and Nottinghamshire,60 : Programming and broadcasting activities,60,60,350
2022,Derbyshire and Nottinghamshire,61 : Telecommunications,61,61,2675
2022,Derbyshire and Nottinghamshire,"62 : Computer programming, consultancy and related activities",62,62,17835
2022,Derbyshire and Nottinghamshire,63 : Information service activities,63,63,3675
2022,Derbyshire and Nottinghamshire,"64 : Financial service activities, except insurance and pension funding",64,64,2745
2022,Derbyshire and Nottinghamshire,"65 : Insurance, reinsurance and pension funding, except compulsory social security",65,65,1540
2022,Derbyshire and Nottinghamshire,66 : Activities auxiliary to financial services and insurance activities,66,66,6905
2022,Derbyshire and Nottinghamshire,68 : Real estate activities,68,68,8625
2022,Derbyshire and Nottinghamshire,69 : Legal and accounting activities,69,69,9420
2022,Derbyshire and Nottinghamshire,70 : Activities of head offices; management consultancy activities,70,70,18550
2022,Derbyshire and Nottinghamshire,71 : Architectural and engineering activities; technical testing and analysis,71,71,14925
2022,Derbyshire and Nottinghamshire,72 : Scientific research and development,72,72,2380
2022,Derbyshire and Nottinghamshire,73 : Advertising and market research,73,73,575
2022,Derbyshire and Nottinghamshire,"74 : Other professional, scientific and technical activities",74,74,3125
2022,Derbyshire and Nottinghamshire,75 : Veterinary activities,75,75,1250
2022,Derbyshire and Nottinghamshire,77 : Rental and leasing activities,77,77,4955
2022,Derbyshire and Nottinghamshire,78 : Employment activities,78,78,15455
2022,Derbyshire and Nottinghamshire,"79 : Travel agency, tour operator and other reservation service and related activities",79,79,940
2022,Derbyshire and Nottinghamshire,80 : Security and investigation activities,80,80,8575
2022,Derbyshire and Nottinghamshire,81 : Services to buildings and landscape activities,81,81,9360
2022,Derbyshire and Nottinghamshire,"82 : Office administrative, office support and other business support activities",82,82,14750
2022,Derbyshire and Nottinghamshire,84 : Public administration and defence; compulsory social security,84,84,32250
2022,Derbyshire and Nottinghamshire,85 : Education,85,85,45555
2022,Derbyshire and Nottinghamshire,86 : Human health activities,86,86,48100
2022,Derbyshire and Nottinghamshire,87 : Residential care activities,87,87,14200
2022,Derbyshire and Nottinghamshire,88 : Social work activities without accommodation,88,88,19500
2022,Derbyshire and Nottinghamshire,"90 : Creative, arts and entertainment activities",90,90,1225
2022,Derbyshire and Nottinghamshire,"91 : Libraries, archives, museums and other cultural activities",91,91,1200
2022,Derbyshire and Nottinghamshire,92 : Gambling and betting activities,92,92,800
2022,Derbyshire and Nottinghamshire,93 : Sports activities and amusement and recreation activities,93,93,4350
2022,Derbyshire and Nottinghamshire,94 : Activities of membership organisations,94,94,2465
2022,Derbyshire and Nottinghamshire,95 : Repair of computers and personal and household goods,95,95,1315
2022,Derbyshire and Nottinghamshire,96 : Other personal service activities,96,96,3400
2022,Derbyshire and Nottinghamshire,97 : Activities of households as employers of domestic personnel,97,97,0
2022,Derbyshire and Nottinghamshire,98 : Undifferentiated goods- and services-producing activities of private households for own use,98,98,0
2022,Derbyshire and Nottinghamshire,99 : Activities of extraterritorial organisations and bodies,99,99,0
2022,Devon,"01 : Crop and animal production, hunting and related service activities",01,1,3685
2022,Devon,02 : Forestry and logging,02,2,265
2022,Devon,03 : Fishing and aquaculture,03,3,145
2022,Devon,05 : Mining of coal and lignite,05,5,0
2022,Devon,06 : Extraction of crude petroleum and natural gas,06,6,0
2022,Devon,07 : Mining of metal ores,07,7,0
2022,Devon,08 : Other mining and quarrying,08,8,475
2022,Devon,09 : Mining support service activities,09,9,20
2022,Devon,10 : Manufacture of food products,10,10,4415
2022,Devon,11 : Manufacture of beverages,11,11,550
2022,Devon,12 : Manufacture of tobacco products,12,12,0
2022,Devon,13 : Manufacture of textiles,13,13,960
2022,Devon,14 : Manufacture of wearing apparel,14,14,130
2022,Devon,15 : Manufacture of leather and related products,15,15,45
2022,Devon,"16 : Manufacture of wood and of products of wood and cork, except furniture;manufacture of articles of straw and plaiting materials",16,16,1370
2022,Devon,17 : Manufacture of paper and paper products,17,17,450
2022,Devon,18 : Printing and reproduction of recorded media,18,18,875
2022,Devon,19 : Manufacture of coke and refined petroleum products,19,19,0
2022,Devon,20 : Manufacture of chemicals and chemical products,20,20,390
2022,Devon,21 : Manufacture of basic pharmaceutical products and pharmaceutical preparations,21,21,1265
2022,Devon,22 : Manufacture of rubber and plastic products,22,22,2155
2022,Devon,23 : Manufacture of other non-metallic mineral products,23,23,320
2022,Devon,24 : Manufacture of basic metals,24,24,545
2022,Devon,"25 : Manufacture of fabricated metal products, except machinery and equipment",25,25,3705
2022,Devon,"26 : Manufacture of computer, electronic and optical products",26,26,1360
2022,Devon,27 : Manufacture of electrical equipment,27,27,1575
2022,Devon,28 : Manufacture of machinery and equipment n.e.c.,28,28,4450
2022,Devon,"29 : Manufacture of motor vehicles, trailers and semi-trailers",29,29,420
2022,Devon,30 : Manufacture of other transport equipment,30,30,12565
2022,Devon,31 : Manufacture of furniture,31,31,1400
2022,Devon,32 : Other manufacturing,32,32,2225
2022,Devon,33 : Repair and installation of machinery and equipment,33,33,1000
2022,Devon,"35 : Electricity, gas, steam and air conditioning supply",35,35,2120
2022,Devon,"36 : Water collection, treatment and supply",36,36,1500
2022,Devon,37 : Sewerage,37,37,100
2022,Devon,"38 : Waste collection, treatment and disposal activities; materials recovery",38,38,2640
2022,Devon,"39 : Remediation activities and other waste management services. This division includes the provision of remediation services, i.e. the cleanup of contaminated buildings and sites, soil, surface or ground water.",39,39,175
2022,Devon,41 : Construction of buildings,41,41,8500
2022,Devon,42 : Civil engineering,42,42,2030
2022,Devon,43 : Specialised construction activities,43,43,13165
2022,Devon,45 : Wholesale and retail trade and repair of motor vehicles and motorcycles,45,45,7650
2022,Devon,"46 : Wholesale trade, except of motor vehicles and motorcycles",46,46,12820
2022,Devon,"47 : Retail trade, except of motor vehicles and motorcycles",47,47,18520
2022,Devon,49 : Land transport and transport via pipelines,49,49,6850
2022,Devon,50 : Water transport,50,50,185
2022,Devon,51 : Air transport,51,51,855
2022,Devon,52 : Warehousing and support activities for transportation,52,52,4610
2022,Devon,53 : Postal and courier activities,53,53,3575
2022,Devon,55 : Accommodation,55,55,9250
2022,Devon,56 : Food and beverage service activities,56,56,15550
2022,Devon,58 : Publishing activities,58,58,1045
2022,Devon,"59 : Motion picture, video and television programme production, sound recording and music publishing activities",59,59,470
2022,Devon,60 : Programming and broadcasting activities,60,60,40
2022,Devon,61 : Telecommunications,61,61,3210
2022,Devon,"62 : Computer programming, consultancy and related activities",62,62,4110
2022,Devon,63 : Information service activities,63,63,385
2022,Devon,"64 : Financial service activities, except insurance and pension funding",64,64,1130
2022,Devon,"65 : Insurance, reinsurance and pension funding, except compulsory social security",65,65,235
2022,Devon,66 : Activities auxiliary to financial services and insurance activities,66,66,2375
2022,Devon,68 : Real estate activities,68,68,6225
2022,Devon,69 : Legal and accounting activities,69,69,6795
2022,Devon,70 : Activities of head offices; management consultancy activities,70,70,4325
2022,Devon,71 : Architectural and engineering activities; technical testing and analysis,71,71,5450
2022,Devon,72 : Scientific research and development,72,72,590
2022,Devon,73 : Advertising and market research,73,73,1250
2022,Devon,"74 : Other professional, scientific and technical activities",74,74,3460
2022,Devon,75 : Veterinary activities,75,75,2500
2022,Devon,77 : Rental and leasing activities,77,77,2550
2022,Devon,78 : Employment activities,78,78,5625
2022,Devon,"79 : Travel agency, tour operator and other reservation service and related activities",79,79,350
2022,Devon,80 : Security and investigation activities,80,80,2395
2022,Devon,81 : Services to buildings and landscape activities,81,81,5225
2022,Devon,"82 : Office administrative, office support and other business support activities",82,82,3315
2022,Devon,84 : Public administration and defence; compulsory social security,84,84,17950
2022,Devon,85 : Education,85,85,26005
2022,Devon,86 : Human health activities,86,86,31350
2022,Devon,87 : Residential care activities,87,87,9250
2022,Devon,88 : Social work activities without accommodation,88,88,6000
2022,Devon,"90 : Creative, arts and entertainment activities",90,90,550
2022,Devon,"91 : Libraries, archives, museums and other cultural activities",91,91,1120
2022,Devon,92 : Gambling and betting activities,92,92,400
2022,Devon,93 : Sports activities and amusement and recreation activities,93,93,4260
2022,Devon,94 : Activities of membership organisations,94,94,1795
2022,Devon,95 : Repair of computers and personal and household goods,95,95,265
2022,Devon,96 : Other personal service activities,96,96,3525
2022,Devon,97 : Activities of households as employers of domestic personnel,97,97,0
2022,Devon,98 : Undifferentiated goods- and services-producing activities of private households for own use,98,98,0
2022,Devon,99 : Activities of extraterritorial organisations and bodies,99,99,0
2022,Dorset and Somerset,"01 : Crop and animal production, hunting and related service activities",01,1,4265
2022,Dorset and Somerset,02 : Forestry and logging,02,2,55
2022,Dorset and Somerset,03 : Fishing and aquaculture,03,3,5
2022,Dorset and Somerset,05 : Mining of coal and lignite,05,5,0
2022,Dorset and Somerset,06 : Extraction of crude petroleum and natural gas,06,6,0
2022,Dorset and Somerset,07 : Mining of metal ores,07,7,0
2022,Dorset and Somerset,08 : Other mining and quarrying,08,8,560
2022,Dorset and Somerset,09 : Mining support service activities,09,9,0
2022,Dorset and Somerset,10 : Manufacture of food products,10,10,8825
2022,Dorset and Somerset,11 : Manufacture of beverages,11,11,1335
2022,Dorset and Somerset,12 : Manufacture of tobacco products,12,12,0
2022,Dorset and Somerset,13 : Manufacture of textiles,13,13,710
2022,Dorset and Somerset,14 : Manufacture of wearing apparel,14,14,120
2022,Dorset and Somerset,15 : Manufacture of leather and related products,15,15,710
2022,Dorset and Somerset,"16 : Manufacture of wood and of products of wood and cork, except furniture;manufacture of articles of straw and plaiting materials",16,16,2080
2022,Dorset and Somerset,17 : Manufacture of paper and paper products,17,17,475
2022,Dorset and Somerset,18 : Printing and reproduction of recorded media,18,18,330
2022,Dorset and Somerset,19 : Manufacture of coke and refined petroleum products,19,19,10
2022,Dorset and Somerset,20 : Manufacture of chemicals and chemical products,20,20,1115
2022,Dorset and Somerset,21 : Manufacture of basic pharmaceutical products and pharmaceutical preparations,21,21,55
2022,Dorset and Somerset,22 : Manufacture of rubber and plastic products,22,22,2300
2022,Dorset and Somerset,23 : Manufacture of other non-metallic mineral products,23,23,480
2022,Dorset and Somerset,24 : Manufacture of basic metals,24,24,185
2022,Dorset and Somerset,"25 : Manufacture of fabricated metal products, except machinery and equipment",25,25,4290
2022,Dorset and Somerset,"26 : Manufacture of computer, electronic and optical products",26,26,4010
2022,Dorset and Somerset,27 : Manufacture of electrical equipment,27,27,6060
2022,Dorset and Somerset,28 : Manufacture of machinery and equipment n.e.c.,28,28,5190
2022,Dorset and Somerset,"29 : Manufacture of motor vehicles, trailers and semi-trailers",29,29,310
2022,Dorset and Somerset,30 : Manufacture of other transport equipment,30,30,14580
2022,Dorset and Somerset,31 : Manufacture of furniture,31,31,1500
2022,Dorset and Somerset,32 : Other manufacturing,32,32,1000
2022,Dorset and Somerset,33 : Repair and installation of machinery and equipment,33,33,1290
2022,Dorset and Somerset,"35 : Electricity, gas, steam and air conditioning supply",35,35,700
2022,Dorset and Somerset,"36 : Water collection, treatment and supply",36,36,600
2022,Dorset and Somerset,37 : Sewerage,37,37,450
2022,Dorset and Somerset,"38 : Waste collection, treatment and disposal activities; materials recovery",38,38,1450
2022,Dorset and Somerset,"39 : Remediation activities and other waste management services. This division includes the provision of remediation services, i.e. the cleanup of contaminated buildings and sites, soil, surface or ground water.",39,39,75
2022,Dorset and Somerset,41 : Construction of buildings,41,41,5500
2022,Dorset and Somerset,42 : Civil engineering,42,42,1065
2022,Dorset and Somerset,43 : Specialised construction activities,43,43,10095
2022,Dorset and Somerset,45 : Wholesale and retail trade and repair of motor vehicles and motorcycles,45,45,6550
2022,Dorset and Somerset,"46 : Wholesale trade, except of motor vehicles and motorcycles",46,46,11275
2022,Dorset and Somerset,"47 : Retail trade, except of motor vehicles and motorcycles",47,47,12790
2022,Dorset and Somerset,49 : Land transport and transport via pipelines,49,49,5800
2022,Dorset and Somerset,50 : Water transport,50,50,0
2022,Dorset and Somerset,51 : Air transport,51,51,10
2022,Dorset and Somerset,52 : Warehousing and support activities for transportation,52,52,4730
2022,Dorset and Somerset,53 : Postal and courier activities,53,53,1800
2022,Dorset and Somerset,55 : Accommodation,55,55,3875
2022,Dorset and Somerset,56 : Food and beverage service activities,56,56,8750
2022,Dorset and Somerset,58 : Publishing activities,58,58,775
2022,Dorset and Somerset,"59 : Motion picture, video and television programme production, sound recording and music publishing activities",59,59,240
2022,Dorset and Somerset,60 : Programming and broadcasting activities,60,60,15
2022,Dorset and Somerset,61 : Telecommunications,61,61,790
2022,Dorset and Somerset,"62 : Computer programming, consultancy and related activities",62,62,3650
2022,Dorset and Somerset,63 : Information service activities,63,63,290
2022,Dorset and Somerset,"64 : Financial service activities, except insurance and pension funding",64,64,605
2022,Dorset and Somerset,"65 : Insurance, reinsurance and pension funding, except compulsory social security",65,65,20
2022,Dorset and Somerset,66 : Activities auxiliary to financial services and insurance activities,66,66,1040
2022,Dorset and Somerset,68 : Real estate activities,68,68,5625
2022,Dorset and Somerset,69 : Legal and accounting activities,69,69,4765
2022,Dorset and Somerset,70 : Activities of head offices; management consultancy activities,70,70,4225
2022,Dorset and Somerset,71 : Architectural and engineering activities; technical testing and analysis,71,71,4175
2022,Dorset and Somerset,72 : Scientific research and development,72,72,195
2022,Dorset and Somerset,73 : Advertising and market research,73,73,650
2022,Dorset and Somerset,"74 : Other professional, scientific and technical activities",74,74,1125
2022,Dorset and Somerset,75 : Veterinary activities,75,75,1750
2022,Dorset and Somerset,77 : Rental and leasing activities,77,77,2425
2022,Dorset and Somerset,78 : Employment activities,78,78,9035
2022,Dorset and Somerset,"79 : Travel agency, tour operator and other reservation service and related activities",79,79,120
2022,Dorset and Somerset,80 : Security and investigation activities,80,80,665
2022,Dorset and Somerset,81 : Services to buildings and landscape activities,81,81,4175
2022,Dorset and Somerset,"82 : Office administrative, office support and other business support activities",82,82,6595
2022,Dorset and Somerset,84 : Public administration and defence; compulsory social security,84,84,8390
2022,Dorset and Somerset,85 : Education,85,85,14325
2022,Dorset and Somerset,86 : Human health activities,86,86,13995
2022,Dorset and Somerset,87 : Residential care activities,87,87,5450
2022,Dorset and Somerset,88 : Social work activities without accommodation,88,88,2750
2022,Dorset and Somerset,"90 : Creative, arts and entertainment activities",90,90,395
2022,Dorset and Somerset,"91 : Libraries, archives, museums and other cultural activities",91,91,980
2022,Dorset and Somerset,92 : Gambling and betting activities,92,92,225
2022,Dorset and Somerset,93 : Sports activities and amusement and recreation activities,93,93,2355
2022,Dorset and Somerset,94 : Activities of membership organisations,94,94,780
2022,Dorset and Somerset,95 : Repair of computers and personal and household goods,95,95,335
2022,Dorset and Somerset,96 : Other personal service activities,96,96,4025
2022,Dorset and Somerset,97 : Activities of households as employers of domestic personnel,97,97,0
2022,Dorset and Somerset,98 : Undifferentiated goods- and services-producing activities of private households for own use,98,98,0
2022,Dorset and Somerset,99 : Activities of extraterritorial organisations and bodies,99,99,0
2022,East Anglia,"01 : Crop and animal production, hunting and related service activities",01,1,14900
2022,East Anglia,02 : Forestry and logging,02,2,525
2022,East Anglia,03 : Fishing and aquaculture,03,3,180
2022,East Anglia,05 : Mining of coal and lignite,05,5,0
2022,East Anglia,06 : Extraction of crude petroleum and natural gas,06,6,150
2022,East Anglia,07 : Mining of metal ores,07,7,0
2022,East Anglia,08 : Other mining and quarrying,08,8,245
2022,East Anglia,09 : Mining support service activities,09,9,100
2022,East Anglia,10 : Manufacture of food products,10,10,20385
2022,East Anglia,11 : Manufacture of beverages,11,11,1420
2022,East Anglia,12 : Manufacture of tobacco products,12,12,0
2022,East Anglia,13 : Manufacture of textiles,13,13,1750
2022,East Anglia,14 : Manufacture of wearing apparel,14,14,170
2022,East Anglia,15 : Manufacture of leather and related products,15,15,235
2022,East Anglia,"16 : Manufacture of wood and of products of wood and cork, except furniture;manufacture of articles of straw and plaiting materials",16,16,3015
2022,East Anglia,17 : Manufacture of paper and paper products,17,17,2505
2022,East Anglia,18 : Printing and reproduction of recorded media,18,18,2020
2022,East Anglia,19 : Manufacture of coke and refined petroleum products,19,19,0
2022,East Anglia,20 : Manufacture of chemicals and chemical products,20,20,3755
2022,East Anglia,21 : Manufacture of basic pharmaceutical products and pharmaceutical preparations,21,21,1875
2022,East Anglia,22 : Manufacture of rubber and plastic products,22,22,4840
2022,East Anglia,23 : Manufacture of other non-metallic mineral products,23,23,8150
2022,East Anglia,24 : Manufacture of basic metals,24,24,575
2022,East Anglia,"25 : Manufacture of fabricated metal products, except machinery and equipment",25,25,7230
2022,East Anglia,"26 : Manufacture of computer, electronic and optical products",26,26,5665
2022,East Anglia,27 : Manufacture of electrical equipment,27,27,2010
2022,East Anglia,28 : Manufacture of machinery and equipment n.e.c.,28,28,11000
2022,East Anglia,"29 : Manufacture of motor vehicles, trailers and semi-trailers",29,29,3560
2022,East Anglia,30 : Manufacture of other transport equipment,30,30,1960
2022,East Anglia,31 : Manufacture of furniture,31,31,2600
2022,East Anglia,32 : Other manufacturing,32,32,1195
2022,East Anglia,33 : Repair and installation of machinery and equipment,33,33,3025
2022,East Anglia,"35 : Electricity, gas, steam and air conditioning supply",35,35,2720
2022,East Anglia,"36 : Water collection, treatment and supply",36,36,2500
2022,East Anglia,37 : Sewerage,37,37,1500
2022,East Anglia,"38 : Waste collection, treatment and disposal activities; materials recovery",38,38,4200
2022,East Anglia,"39 : Remediation activities and other waste management services. This division includes the provision of remediation services, i.e. the cleanup of contaminated buildings and sites, soil, surface or ground water.",39,39,75
2022,East Anglia,41 : Construction of buildings,41,41,14000
2022,East Anglia,42 : Civil engineering,42,42,10120
2022,East Anglia,43 : Specialised construction activities,43,43,30350
2022,East Anglia,45 : Wholesale and retail trade and repair of motor vehicles and motorcycles,45,45,19750
2022,East Anglia,"46 : Wholesale trade, except of motor vehicles and motorcycles",46,46,34545
2022,East Anglia,"47 : Retail trade, except of motor vehicles and motorcycles",47,47,38340
2022,East Anglia,49 : Land transport and transport via pipelines,49,49,17100
2022,East Anglia,50 : Water transport,50,50,195
2022,East Anglia,51 : Air transport,51,51,450
2022,East Anglia,52 : Warehousing and support activities for transportation,52,52,19325
2022,East Anglia,53 : Postal and courier activities,53,53,6500
2022,East Anglia,55 : Accommodation,55,55,7610
2022,East Anglia,56 : Food and beverage service activities,56,56,24800
2022,East Anglia,58 : Publishing activities,58,58,6855
2022,East Anglia,"59 : Motion picture, video and television programme production, sound recording and music publishing activities",59,59,720
2022,East Anglia,60 : Programming and broadcasting activities,60,60,175
2022,East Anglia,61 : Telecommunications,61,61,4570
2022,East Anglia,"62 : Computer programming, consultancy and related activities",62,62,18875
2022,East Anglia,63 : Information service activities,63,63,1490
2022,East Anglia,"64 : Financial service activities, except insurance and pension funding",64,64,3400
2022,East Anglia,"65 : Insurance, reinsurance and pension funding, except compulsory social security",65,65,5600
2022,East Anglia,66 : Activities auxiliary to financial services and insurance activities,66,66,11550
2022,East Anglia,68 : Real estate activities,68,68,11475
2022,East Anglia,69 : Legal and accounting activities,69,69,11925
2022,East Anglia,70 : Activities of head offices; management consultancy activities,70,70,14725
2022,East Anglia,71 : Architectural and engineering activities; technical testing and analysis,71,71,18700
2022,East Anglia,72 : Scientific research and development,72,72,18200
2022,East Anglia,73 : Advertising and market research,73,73,1050
2022,East Anglia,"74 : Other professional, scientific and technical activities",74,74,3830
2022,East Anglia,75 : Veterinary activities,75,75,3000
2022,East Anglia,77 : Rental and leasing activities,77,77,5560
2022,East Anglia,78 : Employment activities,78,78,22735
2022,East Anglia,"79 : Travel agency, tour operator and other reservation service and related activities",79,79,825
2022,East Anglia,80 : Security and investigation activities,80,80,2300
2022,East Anglia,81 : Services to buildings and landscape activities,81,81,10430
2022,East Anglia,"82 : Office administrative, office support and other business support activities",82,82,9580
2022,East Anglia,84 : Public administration and defence; compulsory social security,84,84,29800
2022,East Anglia,85 : Education,85,85,54100
2022,East Anglia,86 : Human health activities,86,86,58450
2022,East Anglia,87 : Residential care activities,87,87,17250
2022,East Anglia,88 : Social work activities without accommodation,88,88,12500
2022,East Anglia,"90 : Creative, arts and entertainment activities",90,90,875
2022,East Anglia,"91 : Libraries, archives, museums and other cultural activities",91,91,2925
2022,East Anglia,92 : Gambling and betting activities,92,92,800
2022,East Anglia,93 : Sports activities and amusement and recreation activities,93,93,4840
2022,East Anglia,94 : Activities of membership organisations,94,94,3425
2022,East Anglia,95 : Repair of computers and personal and household goods,95,95,1345
2022,East Anglia,96 : Other personal service activities,96,96,6775
2022,East Anglia,97 : Activities of households as employers of domestic personnel,97,97,0
2022,East Anglia,98 : Undifferentiated goods- and services-producing activities of private households for own use,98,98,0
2022,East Anglia,99 : Activities of extraterritorial organisations and bodies,99,99,0
2022,East Wales,"01 : Crop and animal production, hunting and related service activities",01,1,3210
2022,East Wales,02 : Forestry and logging,02,2,400
2022,East Wales,03 : Fishing and aquaculture,03,3,25
2022,East Wales,05 : Mining of coal and lignite,05,5,0
2022,East Wales,06 : Extraction of crude petroleum and natural gas,06,6,40
2022,East Wales,07 : Mining of metal ores,07,7,0
2022,East Wales,08 : Other mining and quarrying,08,8,550
2022,East Wales,09 : Mining support service activities,09,9,0
2022,East Wales,10 : Manufacture of food products,10,10,9405
2022,East Wales,11 : Manufacture of beverages,11,11,1175
2022,East Wales,12 : Manufacture of tobacco products,12,12,0
2022,East Wales,13 : Manufacture of textiles,13,13,410
2022,East Wales,14 : Manufacture of wearing apparel,14,14,205
2022,East Wales,15 : Manufacture of leather and related products,15,15,0
2022,East Wales,"16 : Manufacture of wood and of products of wood and cork, except furniture;manufacture of articles of straw and plaiting materials",16,16,1900
2022,East Wales,17 : Manufacture of paper and paper products,17,17,3750
2022,East Wales,18 : Printing and reproduction of recorded media,18,18,1050
2022,East Wales,19 : Manufacture of coke and refined petroleum products,19,19,0
2022,East Wales,20 : Manufacture of chemicals and chemical products,20,20,2350
2022,East Wales,21 : Manufacture of basic pharmaceutical products and pharmaceutical preparations,21,21,850
2022,East Wales,22 : Manufacture of rubber and plastic products,22,22,1750
2022,East Wales,23 : Manufacture of other non-metallic mineral products,23,23,1380
2022,East Wales,24 : Manufacture of basic metals,24,24,3990
2022,East Wales,"25 : Manufacture of fabricated metal products, except machinery and equipment",25,25,4845
2022,East Wales,"26 : Manufacture of computer, electronic and optical products",26,26,3270
2022,East Wales,27 : Manufacture of electrical equipment,27,27,1925
2022,East Wales,28 : Manufacture of machinery and equipment n.e.c.,28,28,2640
2022,East Wales,"29 : Manufacture of motor vehicles, trailers and semi-trailers",29,29,2320
2022,East Wales,30 : Manufacture of other transport equipment,30,30,6340
2022,East Wales,31 : Manufacture of furniture,31,31,1550
2022,East Wales,32 : Other manufacturing,32,32,2855
2022,East Wales,33 : Repair and installation of machinery and equipment,33,33,2050
2022,East Wales,"35 : Electricity, gas, steam and air conditioning supply",35,35,3515
2022,East Wales,"36 : Water collection, treatment and supply",36,36,1750
2022,East Wales,37 : Sewerage,37,37,350
2022,East Wales,"38 : Waste collection, treatment and disposal activities; materials recovery",38,38,2055
2022,East Wales,"39 : Remediation activities and other waste management services. This division includes the provision of remediation services, i.e. the cleanup of contaminated buildings and sites, soil, surface or ground water.",39,39,300
2022,East Wales,41 : Construction of buildings,41,41,4725
2022,East Wales,42 : Civil engineering,42,42,3410
2022,East Wales,43 : Specialised construction activities,43,43,11285
2022,East Wales,45 : Wholesale and retail trade and repair of motor vehicles and motorcycles,45,45,7275
2022,East Wales,"46 : Wholesale trade, except of motor vehicles and motorcycles",46,46,11545
2022,East Wales,"47 : Retail trade, except of motor vehicles and motorcycles",47,47,15640
2022,East Wales,49 : Land transport and transport via pipelines,49,49,8750
2022,East Wales,50 : Water transport,50,50,40
2022,East Wales,51 : Air transport,51,51,400
2022,East Wales,52 : Warehousing and support activities for transportation,52,52,6610
2022,East Wales,53 : Postal and courier activities,53,53,3125
2022,East Wales,55 : Accommodation,55,55,3810
2022,East Wales,56 : Food and beverage service activities,56,56,13525
2022,East Wales,58 : Publishing activities,58,58,510
2022,East Wales,"59 : Motion picture, video and television programme production, sound recording and music publishing activities",59,59,1955
2022,East Wales,60 : Programming and broadcasting activities,60,60,1600
2022,East Wales,61 : Telecommunications,61,61,4200
2022,East Wales,"62 : Computer programming, consultancy and related activities",62,62,5965
2022,East Wales,63 : Information service activities,63,63,1130
2022,East Wales,"64 : Financial service activities, except insurance and pension funding",64,64,5705
2022,East Wales,"65 : Insurance, reinsurance and pension funding, except compulsory social security",65,65,3290
2022,East Wales,66 : Activities auxiliary to financial services and insurance activities,66,66,8230
2022,East Wales,68 : Real estate activities,68,68,6680
2022,East Wales,69 : Legal and accounting activities,69,69,11300
2022,East Wales,70 : Activities of head offices; management consultancy activities,70,70,6900
2022,East Wales,71 : Architectural and engineering activities; technical testing and analysis,71,71,6675
2022,East Wales,72 : Scientific research and development,72,72,1675
2022,East Wales,73 : Advertising and market research,73,73,450
2022,East Wales,"74 : Other professional, scientific and technical activities",74,74,1370
2022,East Wales,75 : Veterinary activities,75,75,1000
2022,East Wales,77 : Rental and leasing activities,77,77,2695
2022,East Wales,78 : Employment activities,78,78,12600
2022,East Wales,"79 : Travel agency, tour operator and other reservation service and related activities",79,79,500
2022,East Wales,80 : Security and investigation activities,80,80,2610
2022,East Wales,81 : Services to buildings and landscape activities,81,81,4110
2022,East Wales,"82 : Office administrative, office support and other business support activities",82,82,4940
2022,East Wales,84 : Public administration and defence; compulsory social security,84,84,33300
2022,East Wales,85 : Education,85,85,26930
2022,East Wales,86 : Human health activities,86,86,23700
2022,East Wales,87 : Residential care activities,87,87,11000
2022,East Wales,88 : Social work activities without accommodation,88,88,8750
2022,East Wales,"90 : Creative, arts and entertainment activities",90,90,1450
2022,East Wales,"91 : Libraries, archives, museums and other cultural activities",91,91,480
2022,East Wales,92 : Gambling and betting activities,92,92,600
2022,East Wales,93 : Sports activities and amusement and recreation activities,93,93,3975
2022,East Wales,94 : Activities of membership organisations,94,94,2745
2022,East Wales,95 : Repair of computers and personal and household goods,95,95,465
2022,East Wales,96 : Other personal service activities,96,96,3200
2022,East Wales,97 : Activities of households as employers of domestic personnel,97,97,0
2022,East Wales,98 : Undifferentiated goods- and services-producing activities of private households for own use,98,98,0
2022,East Wales,99 : Activities of extraterritorial organisations and bodies,99,99,0
2022,East Yorkshire and Northern Lincolnshire,"01 : Crop and animal production, hunting and related service activities",01,1,3425
2022,East Yorkshire and Northern Lincolnshire,02 : Forestry and logging,02,2,95
2022,East Yorkshire and Northern Lincolnshire,03 : Fishing and aquaculture,03,3,175
2022,East Yorkshire and Northern Lincolnshire,05 : Mining of coal and lignite,05,5,0
2022,East Yorkshire and Northern Lincolnshire,06 : Extraction of crude petroleum and natural gas,06,6,180
2022,East Yorkshire and Northern Lincolnshire,07 : Mining of metal ores,07,7,0
2022,East Yorkshire and Northern Lincolnshire,08 : Other mining and quarrying,08,8,210
2022,East Yorkshire and Northern Lincolnshire,09 : Mining support service activities,09,9,30
2022,East Yorkshire and Northern Lincolnshire,10 : Manufacture of food products,10,10,15980
2022,East Yorkshire and Northern Lincolnshire,11 : Manufacture of beverages,11,11,90
2022,East Yorkshire and Northern Lincolnshire,12 : Manufacture of tobacco products,12,12,0
2022,East Yorkshire and Northern Lincolnshire,13 : Manufacture of textiles,13,13,215
2022,East Yorkshire and Northern Lincolnshire,14 : Manufacture of wearing apparel,14,14,245
2022,East Yorkshire and Northern Lincolnshire,15 : Manufacture of leather and related products,15,15,0
2022,East Yorkshire and Northern Lincolnshire,"16 : Manufacture of wood and of products of wood and cork, except furniture;manufacture of articles of straw and plaiting materials",16,16,4425
2022,East Yorkshire and Northern Lincolnshire,17 : Manufacture of paper and paper products,17,17,1080
2022,East Yorkshire and Northern Lincolnshire,18 : Printing and reproduction of recorded media,18,18,1860
2022,East Yorkshire and Northern Lincolnshire,19 : Manufacture of coke and refined petroleum products,19,19,1250
2022,East Yorkshire and Northern Lincolnshire,20 : Manufacture of chemicals and chemical products,20,20,3795
2022,East Yorkshire and Northern Lincolnshire,21 : Manufacture of basic pharmaceutical products and pharmaceutical preparations,21,21,1600
2022,East Yorkshire and Northern Lincolnshire,22 : Manufacture of rubber and plastic products,22,22,5630
2022,East Yorkshire and Northern Lincolnshire,23 : Manufacture of other non-metallic mineral products,23,23,2105
2022,East Yorkshire and Northern Lincolnshire,24 : Manufacture of basic metals,24,24,4270
2022,East Yorkshire and Northern Lincolnshire,"25 : Manufacture of fabricated metal products, except machinery and equipment",25,25,6480
2022,East Yorkshire and Northern Lincolnshire,"26 : Manufacture of computer, electronic and optical products",26,26,380
2022,East Yorkshire and Northern Lincolnshire,27 : Manufacture of electrical equipment,27,27,580
2022,East Yorkshire and Northern Lincolnshire,28 : Manufacture of machinery and equipment n.e.c.,28,28,4295
2022,East Yorkshire and Northern Lincolnshire,"29 : Manufacture of motor vehicles, trailers and semi-trailers",29,29,3705
2022,East Yorkshire and Northern Lincolnshire,30 : Manufacture of other transport equipment,30,30,995
2022,East Yorkshire and Northern Lincolnshire,31 : Manufacture of furniture,31,31,7000
2022,East Yorkshire and Northern Lincolnshire,32 : Other manufacturing,32,32,525
2022,East Yorkshire and Northern Lincolnshire,33 : Repair and installation of machinery and equipment,33,33,2255
2022,East Yorkshire and Northern Lincolnshire,"35 : Electricity, gas, steam and air conditioning supply",35,35,1365
2022,East Yorkshire and Northern Lincolnshire,"36 : Water collection, treatment and supply",36,36,175
2022,East Yorkshire and Northern Lincolnshire,37 : Sewerage,37,37,150
2022,East Yorkshire and Northern Lincolnshire,"38 : Waste collection, treatment and disposal activities; materials recovery",38,38,2525
2022,East Yorkshire and Northern Lincolnshire,"39 : Remediation activities and other waste management services. This division includes the provision of remediation services, i.e. the cleanup of contaminated buildings and sites, soil, surface or ground water.",39,39,450
2022,East Yorkshire and Northern Lincolnshire,41 : Construction of buildings,41,41,3700
2022,East Yorkshire and Northern Lincolnshire,42 : Civil engineering,42,42,2720
2022,East Yorkshire and Northern Lincolnshire,43 : Specialised construction activities,43,43,12580
2022,East Yorkshire and Northern Lincolnshire,45 : Wholesale and retail trade and repair of motor vehicles and motorcycles,45,45,8140
2022,East Yorkshire and Northern Lincolnshire,"46 : Wholesale trade, except of motor vehicles and motorcycles",46,46,12990
2022,East Yorkshire and Northern Lincolnshire,"47 : Retail trade, except of motor vehicles and motorcycles",47,47,13440
2022,East Yorkshire and Northern Lincolnshire,49 : Land transport and transport via pipelines,49,49,7350
2022,East Yorkshire and Northern Lincolnshire,50 : Water transport,50,50,155
2022,East Yorkshire and Northern Lincolnshire,51 : Air transport,51,51,375
2022,East Yorkshire and Northern Lincolnshire,52 : Warehousing and support activities for transportation,52,52,8855
2022,East Yorkshire and Northern Lincolnshire,53 : Postal and courier activities,53,53,1485
2022,East Yorkshire and Northern Lincolnshire,55 : Accommodation,55,55,2075
2022,East Yorkshire and Northern Lincolnshire,56 : Food and beverage service activities,56,56,7700
2022,East Yorkshire and Northern Lincolnshire,58 : Publishing activities,58,58,360
2022,East Yorkshire and Northern Lincolnshire,"59 : Motion picture, video and television programme production, sound recording and music publishing activities",59,59,395
2022,East Yorkshire and Northern Lincolnshire,60 : Programming and broadcasting activities,60,60,100
2022,East Yorkshire and Northern Lincolnshire,61 : Telecommunications,61,61,1255
2022,East Yorkshire and Northern Lincolnshire,"62 : Computer programming, consultancy and related activities",62,62,3040
2022,East Yorkshire and Northern Lincolnshire,63 : Information service activities,63,63,505
2022,East Yorkshire and Northern Lincolnshire,"64 : Financial service activities, except insurance and pension funding",64,64,1155
2022,East Yorkshire and Northern Lincolnshire,"65 : Insurance, reinsurance and pension funding, except compulsory social security",65,65,40
2022,East Yorkshire and Northern Lincolnshire,66 : Activities auxiliary to financial services and insurance activities,66,66,1335
2022,East Yorkshire and Northern Lincolnshire,68 : Real estate activities,68,68,2900
2022,East Yorkshire and Northern Lincolnshire,69 : Legal and accounting activities,69,69,4130
2022,East Yorkshire and Northern Lincolnshire,70 : Activities of head offices; management consultancy activities,70,70,3625
2022,East Yorkshire and Northern Lincolnshire,71 : Architectural and engineering activities; technical testing and analysis,71,71,2475
2022,East Yorkshire and Northern Lincolnshire,72 : Scientific research and development,72,72,30
2022,East Yorkshire and Northern Lincolnshire,73 : Advertising and market research,73,73,1225
2022,East Yorkshire and Northern Lincolnshire,"74 : Other professional, scientific and technical activities",74,74,845
2022,East Yorkshire and Northern Lincolnshire,75 : Veterinary activities,75,75,600
2022,East Yorkshire and Northern Lincolnshire,77 : Rental and leasing activities,77,77,1300
2022,East Yorkshire and Northern Lincolnshire,78 : Employment activities,78,78,8045
2022,East Yorkshire and Northern Lincolnshire,"79 : Travel agency, tour operator and other reservation service and related activities",79,79,275
2022,East Yorkshire and Northern Lincolnshire,80 : Security and investigation activities,80,80,950
2022,East Yorkshire and Northern Lincolnshire,81 : Services to buildings and landscape activities,81,81,2205
2022,East Yorkshire and Northern Lincolnshire,"82 : Office administrative, office support and other business support activities",82,82,5920
2022,East Yorkshire and Northern Lincolnshire,84 : Public administration and defence; compulsory social security,84,84,12475
2022,East Yorkshire and Northern Lincolnshire,85 : Education,85,85,18000
2022,East Yorkshire and Northern Lincolnshire,86 : Human health activities,86,86,19825
2022,East Yorkshire and Northern Lincolnshire,87 : Residential care activities,87,87,5500
2022,East Yorkshire and Northern Lincolnshire,88 : Social work activities without accommodation,88,88,8250
2022,East Yorkshire and Northern Lincolnshire,"90 : Creative, arts and entertainment activities",90,90,220
2022,East Yorkshire and Northern Lincolnshire,"91 : Libraries, archives, museums and other cultural activities",91,91,340
2022,East Yorkshire and Northern Lincolnshire,92 : Gambling and betting activities,92,92,500
2022,East Yorkshire and Northern Lincolnshire,93 : Sports activities and amusement and recreation activities,93,93,1780
2022,East Yorkshire and Northern Lincolnshire,94 : Activities of membership organisations,94,94,535
2022,East Yorkshire and Northern Lincolnshire,95 : Repair of computers and personal and household goods,95,95,350
2022,East Yorkshire and Northern Lincolnshire,96 : Other personal service activities,96,96,1835
2022,East Yorkshire and Northern Lincolnshire,97 : Activities of households as employers of domestic personnel,97,97,0
2022,East Yorkshire and Northern Lincolnshire,98 : Undifferentiated goods- and services-producing activities of private households for own use,98,98,0
2022,East Yorkshire and Northern Lincolnshire,99 : Activities of extraterritorial organisations and bodies,99,99,0
2022,Eastern Scotland,"01 : Crop and animal production, hunting and related service activities",01,1,4930
2022,Eastern Scotland,02 : Forestry and logging,02,2,1200
2022,Eastern Scotland,03 : Fishing and aquaculture,03,3,375
2022,Eastern Scotland,05 : Mining of coal and lignite,05,5,0
2022,Eastern Scotland,06 : Extraction of crude petroleum and natural gas,06,6,200
2022,Eastern Scotland,07 : Mining of metal ores,07,7,0
2022,Eastern Scotland,08 : Other mining and quarrying,08,8,435
2022,Eastern Scotland,09 : Mining support service activities,09,9,110
2022,Eastern Scotland,10 : Manufacture of food products,10,10,7190
2022,Eastern Scotland,11 : Manufacture of beverages,11,11,3120
2022,Eastern Scotland,12 : Manufacture of tobacco products,12,12,0
2022,Eastern Scotland,13 : Manufacture of textiles,13,13,1230
2022,Eastern Scotland,14 : Manufacture of wearing apparel,14,14,340
2022,Eastern Scotland,15 : Manufacture of leather and related products,15,15,30
2022,Eastern Scotland,"16 : Manufacture of wood and of products of wood and cork, except furniture;manufacture of articles of straw and plaiting materials",16,16,2445
2022,Eastern Scotland,17 : Manufacture of paper and paper products,17,17,1145
2022,Eastern Scotland,18 : Printing and reproduction of recorded media,18,18,975
2022,Eastern Scotland,19 : Manufacture of coke and refined petroleum products,19,19,1500
2022,Eastern Scotland,20 : Manufacture of chemicals and chemical products,20,20,1785
2022,Eastern Scotland,21 : Manufacture of basic pharmaceutical products and pharmaceutical preparations,21,21,1650
2022,Eastern Scotland,22 : Manufacture of rubber and plastic products,22,22,1550
2022,Eastern Scotland,23 : Manufacture of other non-metallic mineral products,23,23,2380
2022,Eastern Scotland,24 : Manufacture of basic metals,24,24,455
2022,Eastern Scotland,"25 : Manufacture of fabricated metal products, except machinery and equipment",25,25,5420
2022,Eastern Scotland,"26 : Manufacture of computer, electronic and optical products",26,26,6180
2022,Eastern Scotland,27 : Manufacture of electrical equipment,27,27,1215
2022,Eastern Scotland,28 : Manufacture of machinery and equipment n.e.c.,28,28,5760
2022,Eastern Scotland,"29 : Manufacture of motor vehicles, trailers and semi-trailers",29,29,1400
2022,Eastern Scotland,30 : Manufacture of other transport equipment,30,30,2270
2022,Eastern Scotland,31 : Manufacture of furniture,31,31,650
2022,Eastern Scotland,32 : Other manufacturing,32,32,1245
2022,Eastern Scotland,33 : Repair and installation of machinery and equipment,33,33,2975
2022,Eastern Scotland,"35 : Electricity, gas, steam and air conditioning supply",35,35,7005
2022,Eastern Scotland,"36 : Water collection, treatment and supply",36,36,1500
2022,Eastern Scotland,37 : Sewerage,37,37,300
2022,Eastern Scotland,"38 : Waste collection, treatment and disposal activities; materials recovery",38,38,3080
2022,Eastern Scotland,"39 : Remediation activities and other waste management services. This division includes the provision of remediation services, i.e. the cleanup of contaminated buildings and sites, soil, surface or ground water.",39,39,25
2022,Eastern Scotland,41 : Construction of buildings,41,41,12250
2022,Eastern Scotland,42 : Civil engineering,42,42,4330
2022,Eastern Scotland,43 : Specialised construction activities,43,43,23475
2022,Eastern Scotland,45 : Wholesale and retail trade and repair of motor vehicles and motorcycles,45,45,14300
2022,Eastern Scotland,"46 : Wholesale trade, except of motor vehicles and motorcycles",46,46,19350
2022,Eastern Scotland,"47 : Retail trade, except of motor vehicles and motorcycles",47,47,30345
2022,Eastern Scotland,49 : Land transport and transport via pipelines,49,49,11050
2022,Eastern Scotland,50 : Water transport,50,50,35
2022,Eastern Scotland,51 : Air transport,51,51,1130
2022,Eastern Scotland,52 : Warehousing and support activities for transportation,52,52,13540
2022,Eastern Scotland,53 : Postal and courier activities,53,53,4600
2022,Eastern Scotland,55 : Accommodation,55,55,10550
2022,Eastern Scotland,56 : Food and beverage service activities,56,56,24850
2022,Eastern Scotland,58 : Publishing activities,58,58,1345
2022,Eastern Scotland,"59 : Motion picture, video and television programme production, sound recording and music publishing activities",59,59,855
2022,Eastern Scotland,60 : Programming and broadcasting activities,60,60,105
2022,Eastern Scotland,61 : Telecommunications,61,61,9050
2022,Eastern Scotland,"62 : Computer programming, consultancy and related activities",62,62,16000
2022,Eastern Scotland,63 : Information service activities,63,63,3190
2022,Eastern Scotland,"64 : Financial service activities, except insurance and pension funding",64,64,22495
2022,Eastern Scotland,"65 : Insurance, reinsurance and pension funding, except compulsory social security",65,65,6450
2022,Eastern Scotland,66 : Activities auxiliary to financial services and insurance activities,66,66,14975
2022,Eastern Scotland,68 : Real estate activities,68,68,8750
2022,Eastern Scotland,69 : Legal and accounting activities,69,69,12775
2022,Eastern Scotland,70 : Activities of head offices; management consultancy activities,70,70,11200
2022,Eastern Scotland,71 : Architectural and engineering activities; technical testing and analysis,71,71,15650
2022,Eastern Scotland,72 : Scientific research and development,72,72,8100
2022,Eastern Scotland,73 : Advertising and market research,73,73,1225
2022,Eastern Scotland,"74 : Other professional, scientific and technical activities",74,74,4810
2022,Eastern Scotland,75 : Veterinary activities,75,75,2250
2022,Eastern Scotland,77 : Rental and leasing activities,77,77,3470
2022,Eastern Scotland,78 : Employment activities,78,78,12600
2022,Eastern Scotland,"79 : Travel agency, tour operator and other reservation service and related activities",79,79,2130
2022,Eastern Scotland,80 : Security and investigation activities,80,80,3690
2022,Eastern Scotland,81 : Services to buildings and landscape activities,81,81,12085
2022,Eastern Scotland,"82 : Office administrative, office support and other business support activities",82,82,8650
2022,Eastern Scotland,84 : Public administration and defence; compulsory social security,84,84,48550
2022,Eastern Scotland,85 : Education,85,85,53835
2022,Eastern Scotland,86 : Human health activities,86,86,48650
2022,Eastern Scotland,87 : Residential care activities,87,87,14400
2022,Eastern Scotland,88 : Social work activities without accommodation,88,88,18000
2022,Eastern Scotland,"90 : Creative, arts and entertainment activities",90,90,1900
2022,Eastern Scotland,"91 : Libraries, archives, museums and other cultural activities",91,91,4075
2022,Eastern Scotland,92 : Gambling and betting activities,92,92,1250
2022,Eastern Scotland,93 : Sports activities and amusement and recreation activities,93,93,7675
2022,Eastern Scotland,94 : Activities of membership organisations,94,94,4260
2022,Eastern Scotland,95 : Repair of computers and personal and household goods,95,95,965
2022,Eastern Scotland,96 : Other personal service activities,96,96,5900
2022,Eastern Scotland,97 : Activities of households as employers of domestic personnel,97,97,0
2022,Eastern Scotland,98 : Undifferentiated goods- and services-producing activities of private households for own use,98,98,0
2022,Eastern Scotland,99 : Activities of extraterritorial organisations and bodies,99,99,0
2022,Essex,"01 : Crop and animal production, hunting and related service activities",01,1,3605
2022,Essex,02 : Forestry and logging,02,2,400
2022,Essex,03 : Fishing and aquaculture,03,3,285
2022,Essex,05 : Mining of coal and lignite,05,5,0
2022,Essex,06 : Extraction of crude petroleum and natural gas,06,6,0
2022,Essex,07 : Mining of metal ores,07,7,0
2022,Essex,08 : Other mining and quarrying,08,8,235
2022,Essex,09 : Mining support service activities,09,9,0
2022,Essex,10 : Manufacture of food products,10,10,3060
2022,Essex,11 : Manufacture of beverages,11,11,145
2022,Essex,12 : Manufacture of tobacco products,12,12,0
2022,Essex,13 : Manufacture of textiles,13,13,810
2022,Essex,14 : Manufacture of wearing apparel,14,14,150
2022,Essex,15 : Manufacture of leather and related products,15,15,30
2022,Essex,"16 : Manufacture of wood and of products of wood and cork, except furniture;manufacture of articles of straw and plaiting materials",16,16,1725
2022,Essex,17 : Manufacture of paper and paper products,17,17,740
2022,Essex,18 : Printing and reproduction of recorded media,18,18,1275
2022,Essex,19 : Manufacture of coke and refined petroleum products,19,19,110
2022,Essex,20 : Manufacture of chemicals and chemical products,20,20,1905
2022,Essex,21 : Manufacture of basic pharmaceutical products and pharmaceutical preparations,21,21,85
2022,Essex,22 : Manufacture of rubber and plastic products,22,22,1950
2022,Essex,23 : Manufacture of other non-metallic mineral products,23,23,5430
2022,Essex,24 : Manufacture of basic metals,24,24,730
2022,Essex,"25 : Manufacture of fabricated metal products, except machinery and equipment",25,25,4755
2022,Essex,"26 : Manufacture of computer, electronic and optical products",26,26,3280
2022,Essex,27 : Manufacture of electrical equipment,27,27,1610
2022,Essex,28 : Manufacture of machinery and equipment n.e.c.,28,28,3480
2022,Essex,"29 : Manufacture of motor vehicles, trailers and semi-trailers",29,29,3750
2022,Essex,30 : Manufacture of other transport equipment,30,30,885
2022,Essex,31 : Manufacture of furniture,31,31,2650
2022,Essex,32 : Other manufacturing,32,32,605
2022,Essex,33 : Repair and installation of machinery and equipment,33,33,2500
2022,Essex,"35 : Electricity, gas, steam and air conditioning supply",35,35,1000
2022,Essex,"36 : Water collection, treatment and supply",36,36,1750
2022,Essex,37 : Sewerage,37,37,700
2022,Essex,"38 : Waste collection, treatment and disposal activities; materials recovery",38,38,3420
2022,Essex,"39 : Remediation activities and other waste management services. This division includes the provision of remediation services, i.e. the cleanup of contaminated buildings and sites, soil, surface or ground water.",39,39,300
2022,Essex,41 : Construction of buildings,41,41,14000
2022,Essex,42 : Civil engineering,42,42,5030
2022,Essex,43 : Specialised construction activities,43,43,33475
2022,Essex,45 : Wholesale and retail trade and repair of motor vehicles and motorcycles,45,45,14750
2022,Essex,"46 : Wholesale trade, except of motor vehicles and motorcycles",46,46,26895
2022,Essex,"47 : Retail trade, except of motor vehicles and motorcycles",47,47,28845
2022,Essex,49 : Land transport and transport via pipelines,49,49,12045
2022,Essex,50 : Water transport,50,50,125
2022,Essex,51 : Air transport,51,51,3025
2022,Essex,52 : Warehousing and support activities for transportation,52,52,23645
2022,Essex,53 : Postal and courier activities,53,53,5675
2022,Essex,55 : Accommodation,55,55,3390
2022,Essex,56 : Food and beverage service activities,56,56,19750
2022,Essex,58 : Publishing activities,58,58,2475
2022,Essex,"59 : Motion picture, video and television programme production, sound recording and music publishing activities",59,59,490
2022,Essex,60 : Programming and broadcasting activities,60,60,35
2022,Essex,61 : Telecommunications,61,61,2960
2022,Essex,"62 : Computer programming, consultancy and related activities",62,62,8450
2022,Essex,63 : Information service activities,63,63,460
2022,Essex,"64 : Financial service activities, except insurance and pension funding",64,64,3190
2022,Essex,"65 : Insurance, reinsurance and pension funding, except compulsory social security",65,65,1400
2022,Essex,66 : Activities auxiliary to financial services and insurance activities,66,66,8985
2022,Essex,68 : Real estate activities,68,68,9900
2022,Essex,69 : Legal and accounting activities,69,69,8065
2022,Essex,70 : Activities of head offices; management consultancy activities,70,70,10525
2022,Essex,71 : Architectural and engineering activities; technical testing and analysis,71,71,7225
2022,Essex,72 : Scientific research and development,72,72,2050
2022,Essex,73 : Advertising and market research,73,73,1000
2022,Essex,"74 : Other professional, scientific and technical activities",74,74,3130
2022,Essex,75 : Veterinary activities,75,75,1250
2022,Essex,77 : Rental and leasing activities,77,77,3740
2022,Essex,78 : Employment activities,78,78,16640
2022,Essex,"79 : Travel agency, tour operator and other reservation service and related activities",79,79,765
2022,Essex,80 : Security and investigation activities,80,80,4700
2022,Essex,81 : Services to buildings and landscape activities,81,81,10455
2022,Essex,"82 : Office administrative, office support and other business support activities",82,82,5815
2022,Essex,84 : Public administration and defence; compulsory social security,84,84,21100
2022,Essex,85 : Education,85,85,32705
2022,Essex,86 : Human health activities,86,86,36700
2022,Essex,87 : Residential care activities,87,87,12250
2022,Essex,88 : Social work activities without accommodation,88,88,10000
2022,Essex,"90 : Creative, arts and entertainment activities",90,90,700
2022,Essex,"91 : Libraries, archives, museums and other cultural activities",91,91,1075
2022,Essex,92 : Gambling and betting activities,92,92,600
2022,Essex,93 : Sports activities and amusement and recreation activities,93,93,3930
2022,Essex,94 : Activities of membership organisations,94,94,1765
2022,Essex,95 : Repair of computers and personal and household goods,95,95,1355
2022,Essex,96 : Other personal service activities,96,96,5225
2022,Essex,97 : Activities of households as employers of domestic personnel,97,97,0
2022,Essex,98 : Undifferentiated goods- and services-producing activities of private households for own use,98,98,0
2022,Essex,99 : Activities of extraterritorial organisations and bodies,99,99,0
2022,"Gloucestershire, Wiltshire and Bath/Bristol area","01 : Crop and animal production, hunting and related service activities",01,1,5420
2022,"Gloucestershire, Wiltshire and Bath/Bristol area",02 : Forestry and logging,02,2,300
2022,"Gloucestershire, Wiltshire and Bath/Bristol area",03 : Fishing and aquaculture,03,3,50
2022,"Gloucestershire, Wiltshire and Bath/Bristol area",05 : Mining of coal and lignite,05,5,0
2022,"Gloucestershire, Wiltshire and Bath/Bristol area",06 : Extraction of crude petroleum and natural gas,06,6,0
2022,"Gloucestershire, Wiltshire and Bath/Bristol area",07 : Mining of metal ores,07,7,0
2022,"Gloucestershire, Wiltshire and Bath/Bristol area",08 : Other mining and quarrying,08,8,330
2022,"Gloucestershire, Wiltshire and Bath/Bristol area",09 : Mining support service activities,09,9,15
2022,"Gloucestershire, Wiltshire and Bath/Bristol area",10 : Manufacture of food products,10,10,8805
2022,"Gloucestershire, Wiltshire and Bath/Bristol area",11 : Manufacture of beverages,11,11,1600
2022,"Gloucestershire, Wiltshire and Bath/Bristol area",12 : Manufacture of tobacco products,12,12,0
2022,"Gloucestershire, Wiltshire and Bath/Bristol area",13 : Manufacture of textiles,13,13,975
2022,"Gloucestershire, Wiltshire and Bath/Bristol area",14 : Manufacture of wearing apparel,14,14,250
2022,"Gloucestershire, Wiltshire and Bath/Bristol area",15 : Manufacture of leather and related products,15,15,30
2022,"Gloucestershire, Wiltshire and Bath/Bristol area","16 : Manufacture of wood and of products of wood and cork, except furniture;manufacture of articles of straw and plaiting materials",16,16,3100
2022,"Gloucestershire, Wiltshire and Bath/Bristol area",17 : Manufacture of paper and paper products,17,17,2255
2022,"Gloucestershire, Wiltshire and Bath/Bristol area",18 : Printing and reproduction of recorded media,18,18,2815
2022,"Gloucestershire, Wiltshire and Bath/Bristol area",19 : Manufacture of coke and refined petroleum products,19,19,50
2022,"Gloucestershire, Wiltshire and Bath/Bristol area",20 : Manufacture of chemicals and chemical products,20,20,2280
2022,"Gloucestershire, Wiltshire and Bath/Bristol area",21 : Manufacture of basic pharmaceutical products and pharmaceutical preparations,21,21,2500
2022,"Gloucestershire, Wiltshire and Bath/Bristol area",22 : Manufacture of rubber and plastic products,22,22,5250
2022,"Gloucestershire, Wiltshire and Bath/Bristol area",23 : Manufacture of other non-metallic mineral products,23,23,1355
2022,"Gloucestershire, Wiltshire and Bath/Bristol area",24 : Manufacture of basic metals,24,24,380
2022,"Gloucestershire, Wiltshire and Bath/Bristol area","25 : Manufacture of fabricated metal products, except machinery and equipment",25,25,10850
2022,"Gloucestershire, Wiltshire and Bath/Bristol area","26 : Manufacture of computer, electronic and optical products",26,26,5840
2022,"Gloucestershire, Wiltshire and Bath/Bristol area",27 : Manufacture of electrical equipment,27,27,3450
2022,"Gloucestershire, Wiltshire and Bath/Bristol area",28 : Manufacture of machinery and equipment n.e.c.,28,28,12025
2022,"Gloucestershire, Wiltshire and Bath/Bristol area","29 : Manufacture of motor vehicles, trailers and semi-trailers",29,29,2695
2022,"Gloucestershire, Wiltshire and Bath/Bristol area",30 : Manufacture of other transport equipment,30,30,13695
2022,"Gloucestershire, Wiltshire and Bath/Bristol area",31 : Manufacture of furniture,31,31,3475
2022,"Gloucestershire, Wiltshire and Bath/Bristol area",32 : Other manufacturing,32,32,4280
2022,"Gloucestershire, Wiltshire and Bath/Bristol area",33 : Repair and installation of machinery and equipment,33,33,2615
2022,"Gloucestershire, Wiltshire and Bath/Bristol area","35 : Electricity, gas, steam and air conditioning supply",35,35,5590
2022,"Gloucestershire, Wiltshire and Bath/Bristol area","36 : Water collection, treatment and supply",36,36,2250
2022,"Gloucestershire, Wiltshire and Bath/Bristol area",37 : Sewerage,37,37,1750
2022,"Gloucestershire, Wiltshire and Bath/Bristol area","38 : Waste collection, treatment and disposal activities; materials recovery",38,38,8925
2022,"Gloucestershire, Wiltshire and Bath/Bristol area","39 : Remediation activities and other waste management services. This division includes the provision of remediation services, i.e. the cleanup of contaminated buildings and sites, soil, surface or ground water.",39,39,225
2022,"Gloucestershire, Wiltshire and Bath/Bristol area",41 : Construction of buildings,41,41,18000
2022,"Gloucestershire, Wiltshire and Bath/Bristol area",42 : Civil engineering,42,42,4190
2022,"Gloucestershire, Wiltshire and Bath/Bristol area",43 : Specialised construction activities,43,43,31150
2022,"Gloucestershire, Wiltshire and Bath/Bristol area",45 : Wholesale and retail trade and repair of motor vehicles and motorcycles,45,45,18150
2022,"Gloucestershire, Wiltshire and Bath/Bristol area","46 : Wholesale trade, except of motor vehicles and motorcycles",46,46,34420
2022,"Gloucestershire, Wiltshire and Bath/Bristol area","47 : Retail trade, except of motor vehicles and motorcycles",47,47,37815
2022,"Gloucestershire, Wiltshire and Bath/Bristol area",49 : Land transport and transport via pipelines,49,49,14355
2022,"Gloucestershire, Wiltshire and Bath/Bristol area",50 : Water transport,50,50,40
2022,"Gloucestershire, Wiltshire and Bath/Bristol area",51 : Air transport,51,51,1525
2022,"Gloucestershire, Wiltshire and Bath/Bristol area",52 : Warehousing and support activities for transportation,52,52,26140
2022,"Gloucestershire, Wiltshire and Bath/Bristol area",53 : Postal and courier activities,53,53,8350
2022,"Gloucestershire, Wiltshire and Bath/Bristol area",55 : Accommodation,55,55,9120
2022,"Gloucestershire, Wiltshire and Bath/Bristol area",56 : Food and beverage service activities,56,56,31200
2022,"Gloucestershire, Wiltshire and Bath/Bristol area",58 : Publishing activities,58,58,5825
2022,"Gloucestershire, Wiltshire and Bath/Bristol area","59 : Motion picture, video and television programme production, sound recording and music publishing activities",59,59,2450
2022,"Gloucestershire, Wiltshire and Bath/Bristol area",60 : Programming and broadcasting activities,60,60,1050
2022,"Gloucestershire, Wiltshire and Bath/Bristol area",61 : Telecommunications,61,61,7225
2022,"Gloucestershire, Wiltshire and Bath/Bristol area","62 : Computer programming, consultancy and related activities",62,62,27600
2022,"Gloucestershire, Wiltshire and Bath/Bristol area",63 : Information service activities,63,63,2350
2022,"Gloucestershire, Wiltshire and Bath/Bristol area","64 : Financial service activities, except insurance and pension funding",64,64,16600
2022,"Gloucestershire, Wiltshire and Bath/Bristol area","65 : Insurance, reinsurance and pension funding, except compulsory social security",65,65,5510
2022,"Gloucestershire, Wiltshire and Bath/Bristol area",66 : Activities auxiliary to financial services and insurance activities,66,66,17545
2022,"Gloucestershire, Wiltshire and Bath/Bristol area",68 : Real estate activities,68,68,15005
2022,"Gloucestershire, Wiltshire and Bath/Bristol area",69 : Legal and accounting activities,69,69,27450
2022,"Gloucestershire, Wiltshire and Bath/Bristol area",70 : Activities of head offices; management consultancy activities,70,70,18300
2022,"Gloucestershire, Wiltshire and Bath/Bristol area",71 : Architectural and engineering activities; technical testing and analysis,71,71,25800
2022,"Gloucestershire, Wiltshire and Bath/Bristol area",72 : Scientific research and development,72,72,13300
2022,"Gloucestershire, Wiltshire and Bath/Bristol area",73 : Advertising and market research,73,73,5400
2022,"Gloucestershire, Wiltshire and Bath/Bristol area","74 : Other professional, scientific and technical activities",74,74,5625
2022,"Gloucestershire, Wiltshire and Bath/Bristol area",75 : Veterinary activities,75,75,4500
2022,"Gloucestershire, Wiltshire and Bath/Bristol area",77 : Rental and leasing activities,77,77,10605
2022,"Gloucestershire, Wiltshire and Bath/Bristol area",78 : Employment activities,78,78,21715
2022,"Gloucestershire, Wiltshire and Bath/Bristol area","79 : Travel agency, tour operator and other reservation service and related activities",79,79,930
2022,"Gloucestershire, Wiltshire and Bath/Bristol area",80 : Security and investigation activities,80,80,9300
2022,"Gloucestershire, Wiltshire and Bath/Bristol area",81 : Services to buildings and landscape activities,81,81,15295
2022,"Gloucestershire, Wiltshire and Bath/Bristol area","82 : Office administrative, office support and other business support activities",82,82,12735
2022,"Gloucestershire, Wiltshire and Bath/Bristol area",84 : Public administration and defence; compulsory social security,84,84,47800
2022,"Gloucestershire, Wiltshire and Bath/Bristol area",85 : Education,85,85,57520
2022,"Gloucestershire, Wiltshire and Bath/Bristol area",86 : Human health activities,86,86,57900
2022,"Gloucestershire, Wiltshire and Bath/Bristol area",87 : Residential care activities,87,87,16800
2022,"Gloucestershire, Wiltshire and Bath/Bristol area",88 : Social work activities without accommodation,88,88,15000
2022,"Gloucestershire, Wiltshire and Bath/Bristol area","90 : Creative, arts and entertainment activities",90,90,1550
2022,"Gloucestershire, Wiltshire and Bath/Bristol area","91 : Libraries, archives, museums and other cultural activities",91,91,2815
2022,"Gloucestershire, Wiltshire and Bath/Bristol area",92 : Gambling and betting activities,92,92,700
2022,"Gloucestershire, Wiltshire and Bath/Bristol area",93 : Sports activities and amusement and recreation activities,93,93,8165
2022,"Gloucestershire, Wiltshire and Bath/Bristol area",94 : Activities of membership organisations,94,94,3805
2022,"Gloucestershire, Wiltshire and Bath/Bristol area",95 : Repair of computers and personal and household goods,95,95,1010
2022,"Gloucestershire, Wiltshire and Bath/Bristol area",96 : Other personal service activities,96,96,7400
2022,"Gloucestershire, Wiltshire and Bath/Bristol area",97 : Activities of households as employers of domestic personnel,97,97,0
2022,"Gloucestershire, Wiltshire and Bath/Bristol area",98 : Undifferentiated goods- and services-producing activities of private households for own use,98,98,0
2022,"Gloucestershire, Wiltshire and Bath/Bristol area",99 : Activities of extraterritorial organisations and bodies,99,99,0
2022,Greater Manchester,"01 : Crop and animal production, hunting and related service activities",01,1,345
2022,Greater Manchester,02 : Forestry and logging,02,2,60
2022,Greater Manchester,03 : Fishing and aquaculture,03,3,10
2022,Greater Manchester,05 : Mining of coal and lignite,05,5,0
2022,Greater Manchester,06 : Extraction of crude petroleum and natural gas,06,6,0
2022,Greater Manchester,07 : Mining of metal ores,07,7,0
2022,Greater Manchester,08 : Other mining and quarrying,08,8,365
2022,Greater Manchester,09 : Mining support service activities,09,9,275
2022,Greater Manchester,10 : Manufacture of food products,10,10,18490
2022,Greater Manchester,11 : Manufacture of beverages,11,11,875
2022,Greater Manchester,12 : Manufacture of tobacco products,12,12,0
2022,Greater Manchester,13 : Manufacture of textiles,13,13,4970
2022,Greater Manchester,14 : Manufacture of wearing apparel,14,14,480
2022,Greater Manchester,15 : Manufacture of leather and related products,15,15,5
2022,Greater Manchester,"16 : Manufacture of wood and of products of wood and cork, except furniture;manufacture of articles of straw and plaiting materials",16,16,2050
2022,Greater Manchester,17 : Manufacture of paper and paper products,17,17,2415
2022,Greater Manchester,18 : Printing and reproduction of recorded media,18,18,2625
2022,Greater Manchester,19 : Manufacture of coke and refined petroleum products,19,19,50
2022,Greater Manchester,20 : Manufacture of chemicals and chemical products,20,20,6190
2022,Greater Manchester,21 : Manufacture of basic pharmaceutical products and pharmaceutical preparations,21,21,425
2022,Greater Manchester,22 : Manufacture of rubber and plastic products,22,22,8600
2022,Greater Manchester,23 : Manufacture of other non-metallic mineral products,23,23,1795
2022,Greater Manchester,24 : Manufacture of basic metals,24,24,1640
2022,Greater Manchester,"25 : Manufacture of fabricated metal products, except machinery and equipment",25,25,13000
2022,Greater Manchester,"26 : Manufacture of computer, electronic and optical products",26,26,3930
2022,Greater Manchester,27 : Manufacture of electrical equipment,27,27,3150
2022,Greater Manchester,28 : Manufacture of machinery and equipment n.e.c.,28,28,5545
2022,Greater Manchester,"29 : Manufacture of motor vehicles, trailers and semi-trailers",29,29,2475
2022,Greater Manchester,30 : Manufacture of other transport equipment,30,30,2515
2022,Greater Manchester,31 : Manufacture of furniture,31,31,2275
2022,Greater Manchester,32 : Other manufacturing,32,32,2305
2022,Greater Manchester,33 : Repair and installation of machinery and equipment,33,33,2910
2022,Greater Manchester,"35 : Electricity, gas, steam and air conditioning supply",35,35,4090
2022,Greater Manchester,"36 : Water collection, treatment and supply",36,36,400
2022,Greater Manchester,37 : Sewerage,37,37,1000
2022,Greater Manchester,"38 : Waste collection, treatment and disposal activities; materials recovery",38,38,4130
2022,Greater Manchester,"39 : Remediation activities and other waste management services. This division includes the provision of remediation services, i.e. the cleanup of contaminated buildings and sites, soil, surface or ground water.",39,39,1000
2022,Greater Manchester,41 : Construction of buildings,41,41,19500
2022,Greater Manchester,42 : Civil engineering,42,42,11035
2022,Greater Manchester,43 : Specialised construction activities,43,43,30480
2022,Greater Manchester,45 : Wholesale and retail trade and repair of motor vehicles and motorcycles,45,45,16375
2022,Greater Manchester,"46 : Wholesale trade, except of motor vehicles and motorcycles",46,46,58715
2022,Greater Manchester,"47 : Retail trade, except of motor vehicles and motorcycles",47,47,52520
2022,Greater Manchester,49 : Land transport and transport via pipelines,49,49,18510
2022,Greater Manchester,50 : Water transport,50,50,170
2022,Greater Manchester,51 : Air transport,51,51,4725
2022,Greater Manchester,52 : Warehousing and support activities for transportation,52,52,27325
2022,Greater Manchester,53 : Postal and courier activities,53,53,9200
2022,Greater Manchester,55 : Accommodation,55,55,4370
2022,Greater Manchester,56 : Food and beverage service activities,56,56,34250
2022,Greater Manchester,58 : Publishing activities,58,58,2210
2022,Greater Manchester,"59 : Motion picture, video and television programme production, sound recording and music publishing activities",59,59,3495
2022,Greater Manchester,60 : Programming and broadcasting activities,60,60,4000
2022,Greater Manchester,61 : Telecommunications,61,61,14900
2022,Greater Manchester,"62 : Computer programming, consultancy and related activities",62,62,29000
2022,Greater Manchester,63 : Information service activities,63,63,1595
2022,Greater Manchester,"64 : Financial service activities, except insurance and pension funding",64,64,16215
2022,Greater Manchester,"65 : Insurance, reinsurance and pension funding, except compulsory social security",65,65,5500
2022,Greater Manchester,66 : Activities auxiliary to financial services and insurance activities,66,66,15510
2022,Greater Manchester,68 : Real estate activities,68,68,20175
2022,Greater Manchester,69 : Legal and accounting activities,69,69,68250
2022,Greater Manchester,70 : Activities of head offices; management consultancy activities,70,70,25500
2022,Greater Manchester,71 : Architectural and engineering activities; technical testing and analysis,71,71,27100
2022,Greater Manchester,72 : Scientific research and development,72,72,1950
2022,Greater Manchester,73 : Advertising and market research,73,73,7400
2022,Greater Manchester,"74 : Other professional, scientific and technical activities",74,74,6775
2022,Greater Manchester,75 : Veterinary activities,75,75,1500
2022,Greater Manchester,77 : Rental and leasing activities,77,77,9095
2022,Greater Manchester,78 : Employment activities,78,78,30835
2022,Greater Manchester,"79 : Travel agency, tour operator and other reservation service and related activities",79,79,4430
2022,Greater Manchester,80 : Security and investigation activities,80,80,6540
2022,Greater Manchester,81 : Services to buildings and landscape activities,81,81,14430
2022,Greater Manchester,"82 : Office administrative, office support and other business support activities",82,82,28925
2022,Greater Manchester,84 : Public administration and defence; compulsory social security,84,84,48900
2022,Greater Manchester,85 : Education,85,85,63210
2022,Greater Manchester,86 : Human health activities,86,86,92750
2022,Greater Manchester,87 : Residential care activities,87,87,17500
2022,Greater Manchester,88 : Social work activities without accommodation,88,88,19000
2022,Greater Manchester,"90 : Creative, arts and entertainment activities",90,90,1300
2022,Greater Manchester,"91 : Libraries, archives, museums and other cultural activities",91,91,970
2022,Greater Manchester,92 : Gambling and betting activities,92,92,2250
2022,Greater Manchester,93 : Sports activities and amusement and recreation activities,93,93,7220
2022,Greater Manchester,94 : Activities of membership organisations,94,94,6750
2022,Greater Manchester,95 : Repair of computers and personal and household goods,95,95,2360
2022,Greater Manchester,96 : Other personal service activities,96,96,7900
2022,Greater Manchester,97 : Activities of households as employers of domestic personnel,97,97,0
2022,Greater Manchester,98 : Undifferentiated goods- and services-producing activities of private households for own use,98,98,0
2022,Greater Manchester,99 : Activities of extraterritorial organisations and bodies,99,99,0
2022,Hampshire and Isle of Wight,"01 : Crop and animal production, hunting and related service activities",01,1,3885
2022,Hampshire and Isle of Wight,02 : Forestry and logging,02,2,710
2022,Hampshire and Isle of Wight,03 : Fishing and aquaculture,03,3,125
2022,Hampshire and Isle of Wight,05 : Mining of coal and lignite,05,5,0
2022,Hampshire and Isle of Wight,06 : Extraction of crude petroleum and natural gas,06,6,100
2022,Hampshire and Isle of Wight,07 : Mining of metal ores,07,7,0
2022,Hampshire and Isle of Wight,08 : Other mining and quarrying,08,8,310
2022,Hampshire and Isle of Wight,09 : Mining support service activities,09,9,60
2022,Hampshire and Isle of Wight,10 : Manufacture of food products,10,10,2780
2022,Hampshire and Isle of Wight,11 : Manufacture of beverages,11,11,395
2022,Hampshire and Isle of Wight,12 : Manufacture of tobacco products,12,12,150
2022,Hampshire and Isle of Wight,13 : Manufacture of textiles,13,13,415
2022,Hampshire and Isle of Wight,14 : Manufacture of wearing apparel,14,14,160
2022,Hampshire and Isle of Wight,15 : Manufacture of leather and related products,15,15,40
2022,Hampshire and Isle of Wight,"16 : Manufacture of wood and of products of wood and cork, except furniture;manufacture of articles of straw and plaiting materials",16,16,1245
2022,Hampshire and Isle of Wight,17 : Manufacture of paper and paper products,17,17,920
2022,Hampshire and Isle of Wight,18 : Printing and reproduction of recorded media,18,18,1625
2022,Hampshire and Isle of Wight,19 : Manufacture of coke and refined petroleum products,19,19,1000
2022,Hampshire and Isle of Wight,20 : Manufacture of chemicals and chemical products,20,20,2615
2022,Hampshire and Isle of Wight,21 : Manufacture of basic pharmaceutical products and pharmaceutical preparations,21,21,320
2022,Hampshire and Isle of Wight,22 : Manufacture of rubber and plastic products,22,22,3450
2022,Hampshire and Isle of Wight,23 : Manufacture of other non-metallic mineral products,23,23,560
2022,Hampshire and Isle of Wight,24 : Manufacture of basic metals,24,24,510
2022,Hampshire and Isle of Wight,"25 : Manufacture of fabricated metal products, except machinery and equipment",25,25,6735
2022,Hampshire and Isle of Wight,"26 : Manufacture of computer, electronic and optical products",26,26,5470
2022,Hampshire and Isle of Wight,27 : Manufacture of electrical equipment,27,27,2870
2022,Hampshire and Isle of Wight,28 : Manufacture of machinery and equipment n.e.c.,28,28,6525
2022,Hampshire and Isle of Wight,"29 : Manufacture of motor vehicles, trailers and semi-trailers",29,29,1525
2022,Hampshire and Isle of Wight,30 : Manufacture of other transport equipment,30,30,5095
2022,Hampshire and Isle of Wight,31 : Manufacture of furniture,31,31,675
2022,Hampshire and Isle of Wight,32 : Other manufacturing,32,32,3470
2022,Hampshire and Isle of Wight,33 : Repair and installation of machinery and equipment,33,33,6595
2022,Hampshire and Isle of Wight,"35 : Electricity, gas, steam and air conditioning supply",35,35,3755
2022,Hampshire and Isle of Wight,"36 : Water collection, treatment and supply",36,36,1000
2022,Hampshire and Isle of Wight,37 : Sewerage,37,37,225
2022,Hampshire and Isle of Wight,"38 : Waste collection, treatment and disposal activities; materials recovery",38,38,5445
2022,Hampshire and Isle of Wight,"39 : Remediation activities and other waste management services. This division includes the provision of remediation services, i.e. the cleanup of contaminated buildings and sites, soil, surface or ground water.",39,39,250
2022,Hampshire and Isle of Wight,41 : Construction of buildings,41,41,11000
2022,Hampshire and Isle of Wight,42 : Civil engineering,42,42,3840
2022,Hampshire and Isle of Wight,43 : Specialised construction activities,43,43,21275
2022,Hampshire and Isle of Wight,45 : Wholesale and retail trade and repair of motor vehicles and motorcycles,45,45,18450
2022,Hampshire and Isle of Wight,"46 : Wholesale trade, except of motor vehicles and motorcycles",46,46,29870
2022,Hampshire and Isle of Wight,"47 : Retail trade, except of motor vehicles and motorcycles",47,47,32640
2022,Hampshire and Isle of Wight,49 : Land transport and transport via pipelines,49,49,9510
2022,Hampshire and Isle of Wight,50 : Water transport,50,50,3575
2022,Hampshire and Isle of Wight,51 : Air transport,51,51,900
2022,Hampshire and Isle of Wight,52 : Warehousing and support activities for transportation,52,52,17180
2022,Hampshire and Isle of Wight,53 : Postal and courier activities,53,53,5650
2022,Hampshire and Isle of Wight,55 : Accommodation,55,55,7955
2022,Hampshire and Isle of Wight,56 : Food and beverage service activities,56,56,21350
2022,Hampshire and Isle of Wight,58 : Publishing activities,58,58,2085
2022,Hampshire and Isle of Wight,"59 : Motion picture, video and television programme production, sound recording and music publishing activities",59,59,1255
2022,Hampshire and Isle of Wight,60 : Programming and broadcasting activities,60,60,675
2022,Hampshire and Isle of Wight,61 : Telecommunications,61,61,6150
2022,Hampshire and Isle of Wight,"62 : Computer programming, consultancy and related activities",62,62,28925
2022,Hampshire and Isle of Wight,63 : Information service activities,63,63,1810
2022,Hampshire and Isle of Wight,"64 : Financial service activities, except insurance and pension funding",64,64,5180
2022,Hampshire and Isle of Wight,"65 : Insurance, reinsurance and pension funding, except compulsory social security",65,65,3250
2022,Hampshire and Isle of Wight,66 : Activities auxiliary to financial services and insurance activities,66,66,7855
2022,Hampshire and Isle of Wight,68 : Real estate activities,68,68,11465
2022,Hampshire and Isle of Wight,69 : Legal and accounting activities,69,69,10165
2022,Hampshire and Isle of Wight,70 : Activities of head offices; management consultancy activities,70,70,18200
2022,Hampshire and Isle of Wight,71 : Architectural and engineering activities; technical testing and analysis,71,71,15475
2022,Hampshire and Isle of Wight,72 : Scientific research and development,72,72,7250
2022,Hampshire and Isle of Wight,73 : Advertising and market research,73,73,2175
2022,Hampshire and Isle of Wight,"74 : Other professional, scientific and technical activities",74,74,3690
2022,Hampshire and Isle of Wight,75 : Veterinary activities,75,75,2000
2022,Hampshire and Isle of Wight,77 : Rental and leasing activities,77,77,5585
2022,Hampshire and Isle of Wight,78 : Employment activities,78,78,15755
2022,Hampshire and Isle of Wight,"79 : Travel agency, tour operator and other reservation service and related activities",79,79,1120
2022,Hampshire and Isle of Wight,80 : Security and investigation activities,80,80,3870
2022,Hampshire and Isle of Wight,81 : Services to buildings and landscape activities,81,81,14640
2022,Hampshire and Isle of Wight,"82 : Office administrative, office support and other business support activities",82,82,10275
2022,Hampshire and Isle of Wight,84 : Public administration and defence; compulsory social security,84,84,29350
2022,Hampshire and Isle of Wight,85 : Education,85,85,49425
2022,Hampshire and Isle of Wight,86 : Human health activities,86,86,43200
2022,Hampshire and Isle of Wight,87 : Residential care activities,87,87,14000
2022,Hampshire and Isle of Wight,88 : Social work activities without accommodation,88,88,11500
2022,Hampshire and Isle of Wight,"90 : Creative, arts and entertainment activities",90,90,1850
2022,Hampshire and Isle of Wight,"91 : Libraries, archives, museums and other cultural activities",91,91,1475
2022,Hampshire and Isle of Wight,92 : Gambling and betting activities,92,92,1000
2022,Hampshire and Isle of Wight,93 : Sports activities and amusement and recreation activities,93,93,6160
2022,Hampshire and Isle of Wight,94 : Activities of membership organisations,94,94,6800
2022,Hampshire and Isle of Wight,95 : Repair of computers and personal and household goods,95,95,680
2022,Hampshire and Isle of Wight,96 : Other personal service activities,96,96,5450
2022,Hampshire and Isle of Wight,97 : Activities of households as employers of domestic personnel,97,97,0
2022,Hampshire and Isle of Wight,98 : Undifferentiated goods- and services-producing activities of private households for own use,98,98,0
2022,Hampshire and Isle of Wight,99 : Activities of extraterritorial organisations and bodies,99,99,0
2022,"Herefordshire, Worcestershire and Warwickshire","01 : Crop and animal production, hunting and related service activities",01,1,8170
2022,"Herefordshire, Worcestershire and Warwickshire",02 : Forestry and logging,02,2,85
2022,"Herefordshire, Worcestershire and Warwickshire",03 : Fishing and aquaculture,03,3,10
2022,"Herefordshire, Worcestershire and Warwickshire",05 : Mining of coal and lignite,05,5,0
2022,"Herefordshire, Worcestershire and Warwickshire",06 : Extraction of crude petroleum and natural gas,06,6,10
2022,"Herefordshire, Worcestershire and Warwickshire",07 : Mining of metal ores,07,7,0
2022,"Herefordshire, Worcestershire and Warwickshire",08 : Other mining and quarrying,08,8,280
2022,"Herefordshire, Worcestershire and Warwickshire",09 : Mining support service activities,09,9,15
2022,"Herefordshire, Worcestershire and Warwickshire",10 : Manufacture of food products,10,10,7970
2022,"Herefordshire, Worcestershire and Warwickshire",11 : Manufacture of beverages,11,11,1400
2022,"Herefordshire, Worcestershire and Warwickshire",12 : Manufacture of tobacco products,12,12,0
2022,"Herefordshire, Worcestershire and Warwickshire",13 : Manufacture of textiles,13,13,360
2022,"Herefordshire, Worcestershire and Warwickshire",14 : Manufacture of wearing apparel,14,14,70
2022,"Herefordshire, Worcestershire and Warwickshire",15 : Manufacture of leather and related products,15,15,65
2022,"Herefordshire, Worcestershire and Warwickshire","16 : Manufacture of wood and of products of wood and cork, except furniture;manufacture of articles of straw and plaiting materials",16,16,2805
2022,"Herefordshire, Worcestershire and Warwickshire",17 : Manufacture of paper and paper products,17,17,825
2022,"Herefordshire, Worcestershire and Warwickshire",18 : Printing and reproduction of recorded media,18,18,955
2022,"Herefordshire, Worcestershire and Warwickshire",19 : Manufacture of coke and refined petroleum products,19,19,0
2022,"Herefordshire, Worcestershire and Warwickshire",20 : Manufacture of chemicals and chemical products,20,20,1010
2022,"Herefordshire, Worcestershire and Warwickshire",21 : Manufacture of basic pharmaceutical products and pharmaceutical preparations,21,21,40
2022,"Herefordshire, Worcestershire and Warwickshire",22 : Manufacture of rubber and plastic products,22,22,4150
2022,"Herefordshire, Worcestershire and Warwickshire",23 : Manufacture of other non-metallic mineral products,23,23,3405
2022,"Herefordshire, Worcestershire and Warwickshire",24 : Manufacture of basic metals,24,24,2400
2022,"Herefordshire, Worcestershire and Warwickshire","25 : Manufacture of fabricated metal products, except machinery and equipment",25,25,12020
2022,"Herefordshire, Worcestershire and Warwickshire","26 : Manufacture of computer, electronic and optical products",26,26,2210
2022,"Herefordshire, Worcestershire and Warwickshire",27 : Manufacture of electrical equipment,27,27,3260
2022,"Herefordshire, Worcestershire and Warwickshire",28 : Manufacture of machinery and equipment n.e.c.,28,28,6280
2022,"Herefordshire, Worcestershire and Warwickshire","29 : Manufacture of motor vehicles, trailers and semi-trailers",29,29,17340
2022,"Herefordshire, Worcestershire and Warwickshire",30 : Manufacture of other transport equipment,30,30,2585
2022,"Herefordshire, Worcestershire and Warwickshire",31 : Manufacture of furniture,31,31,1000
2022,"Herefordshire, Worcestershire and Warwickshire",32 : Other manufacturing,32,32,1675
2022,"Herefordshire, Worcestershire and Warwickshire",33 : Repair and installation of machinery and equipment,33,33,3220
2022,"Herefordshire, Worcestershire and Warwickshire","35 : Electricity, gas, steam and air conditioning supply",35,35,6895
2022,"Herefordshire, Worcestershire and Warwickshire","36 : Water collection, treatment and supply",36,36,800
2022,"Herefordshire, Worcestershire and Warwickshire",37 : Sewerage,37,37,1250
2022,"Herefordshire, Worcestershire and Warwickshire","38 : Waste collection, treatment and disposal activities; materials recovery",38,38,1710
2022,"Herefordshire, Worcestershire and Warwickshire","39 : Remediation activities and other waste management services. This division includes the provision of remediation services, i.e. the cleanup of contaminated buildings and sites, soil, surface or ground water.",39,39,100
2022,"Herefordshire, Worcestershire and Warwickshire",41 : Construction of buildings,41,41,9500
2022,"Herefordshire, Worcestershire and Warwickshire",42 : Civil engineering,42,42,3280
2022,"Herefordshire, Worcestershire and Warwickshire",43 : Specialised construction activities,43,43,12750
2022,"Herefordshire, Worcestershire and Warwickshire",45 : Wholesale and retail trade and repair of motor vehicles and motorcycles,45,45,15650
2022,"Herefordshire, Worcestershire and Warwickshire","46 : Wholesale trade, except of motor vehicles and motorcycles",46,46,26960
2022,"Herefordshire, Worcestershire and Warwickshire","47 : Retail trade, except of motor vehicles and motorcycles",47,47,20660
2022,"Herefordshire, Worcestershire and Warwickshire",49 : Land transport and transport via pipelines,49,49,11245
2022,"Herefordshire, Worcestershire and Warwickshire",50 : Water transport,50,50,100
2022,"Herefordshire, Worcestershire and Warwickshire",51 : Air transport,51,51,65
2022,"Herefordshire, Worcestershire and Warwickshire",52 : Warehousing and support activities for transportation,52,52,18555
2022,"Herefordshire, Worcestershire and Warwickshire",53 : Postal and courier activities,53,53,8030
2022,"Herefordshire, Worcestershire and Warwickshire",55 : Accommodation,55,55,5835
2022,"Herefordshire, Worcestershire and Warwickshire",56 : Food and beverage service activities,56,56,12450
2022,"Herefordshire, Worcestershire and Warwickshire",58 : Publishing activities,58,58,485
2022,"Herefordshire, Worcestershire and Warwickshire","59 : Motion picture, video and television programme production, sound recording and music publishing activities",59,59,730
2022,"Herefordshire, Worcestershire and Warwickshire",60 : Programming and broadcasting activities,60,60,90
2022,"Herefordshire, Worcestershire and Warwickshire",61 : Telecommunications,61,61,2815
2022,"Herefordshire, Worcestershire and Warwickshire","62 : Computer programming, consultancy and related activities",62,62,13295
2022,"Herefordshire, Worcestershire and Warwickshire",63 : Information service activities,63,63,325
2022,"Herefordshire, Worcestershire and Warwickshire","64 : Financial service activities, except insurance and pension funding",64,64,1665
2022,"Herefordshire, Worcestershire and Warwickshire","65 : Insurance, reinsurance and pension funding, except compulsory social security",65,65,2800
2022,"Herefordshire, Worcestershire and Warwickshire",66 : Activities auxiliary to financial services and insurance activities,66,66,4905
2022,"Herefordshire, Worcestershire and Warwickshire",68 : Real estate activities,68,68,11425
2022,"Herefordshire, Worcestershire and Warwickshire",69 : Legal and accounting activities,69,69,6465
2022,"Herefordshire, Worcestershire and Warwickshire",70 : Activities of head offices; management consultancy activities,70,70,21050
2022,"Herefordshire, Worcestershire and Warwickshire",71 : Architectural and engineering activities; technical testing and analysis,71,71,7800
2022,"Herefordshire, Worcestershire and Warwickshire",72 : Scientific research and development,72,72,2295
2022,"Herefordshire, Worcestershire and Warwickshire",73 : Advertising and market research,73,73,485
2022,"Herefordshire, Worcestershire and Warwickshire","74 : Other professional, scientific and technical activities",74,74,2290
2022,"Herefordshire, Worcestershire and Warwickshire",75 : Veterinary activities,75,75,900
2022,"Herefordshire, Worcestershire and Warwickshire",77 : Rental and leasing activities,77,77,3335
2022,"Herefordshire, Worcestershire and Warwickshire",78 : Employment activities,78,78,9700
2022,"Herefordshire, Worcestershire and Warwickshire","79 : Travel agency, tour operator and other reservation service and related activities",79,79,1050
2022,"Herefordshire, Worcestershire and Warwickshire",80 : Security and investigation activities,80,80,1250
2022,"Herefordshire, Worcestershire and Warwickshire",81 : Services to buildings and landscape activities,81,81,6705
2022,"Herefordshire, Worcestershire and Warwickshire","82 : Office administrative, office support and other business support activities",82,82,6895
2022,"Herefordshire, Worcestershire and Warwickshire",84 : Public administration and defence; compulsory social security,84,84,15050
2022,"Herefordshire, Worcestershire and Warwickshire",85 : Education,85,85,21680
2022,"Herefordshire, Worcestershire and Warwickshire",86 : Human health activities,86,86,24550
2022,"Herefordshire, Worcestershire and Warwickshire",87 : Residential care activities,87,87,9950
2022,"Herefordshire, Worcestershire and Warwickshire",88 : Social work activities without accommodation,88,88,8750
2022,"Herefordshire, Worcestershire and Warwickshire","90 : Creative, arts and entertainment activities",90,90,1475
2022,"Herefordshire, Worcestershire and Warwickshire","91 : Libraries, archives, museums and other cultural activities",91,91,1225
2022,"Herefordshire, Worcestershire and Warwickshire",92 : Gambling and betting activities,92,92,400
2022,"Herefordshire, Worcestershire and Warwickshire",93 : Sports activities and amusement and recreation activities,93,93,3310
2022,"Herefordshire, Worcestershire and Warwickshire",94 : Activities of membership organisations,94,94,2950
2022,"Herefordshire, Worcestershire and Warwickshire",95 : Repair of computers and personal and household goods,95,95,785
2022,"Herefordshire, Worcestershire and Warwickshire",96 : Other personal service activities,96,96,6375
2022,"Herefordshire, Worcestershire and Warwickshire",97 : Activities of households as employers of domestic personnel,97,97,0
2022,"Herefordshire, Worcestershire and Warwickshire",98 : Undifferentiated goods- and services-producing activities of private households for own use,98,98,0
2022,"Herefordshire, Worcestershire and Warwickshire",99 : Activities of extraterritorial organisations and bodies,99,99,0
2022,Highlands and Islands,"01 : Crop and animal production, hunting and related service activities",01,1,2835
2022,Highlands and Islands,02 : Forestry and logging,02,2,1120
2022,Highlands and Islands,03 : Fishing and aquaculture,03,3,3450
2022,Highlands and Islands,05 : Mining of coal and lignite,05,5,0
2022,Highlands and Islands,06 : Extraction of crude petroleum and natural gas,06,6,105
2022,Highlands and Islands,07 : Mining of metal ores,07,7,0
2022,Highlands and Islands,08 : Other mining and quarrying,08,8,650
2022,Highlands and Islands,09 : Mining support service activities,09,9,50
2022,Highlands and Islands,10 : Manufacture of food products,10,10,3755
2022,Highlands and Islands,11 : Manufacture of beverages,11,11,2535
2022,Highlands and Islands,12 : Manufacture of tobacco products,12,12,0
2022,Highlands and Islands,13 : Manufacture of textiles,13,13,860
2022,Highlands and Islands,14 : Manufacture of wearing apparel,14,14,35
2022,Highlands and Islands,15 : Manufacture of leather and related products,15,15,0
2022,Highlands and Islands,"16 : Manufacture of wood and of products of wood and cork, except furniture;manufacture of articles of straw and plaiting materials",16,16,1125
2022,Highlands and Islands,17 : Manufacture of paper and paper products,17,17,20
2022,Highlands and Islands,18 : Printing and reproduction of recorded media,18,18,70
2022,Highlands and Islands,19 : Manufacture of coke and refined petroleum products,19,19,0
2022,Highlands and Islands,20 : Manufacture of chemicals and chemical products,20,20,280
2022,Highlands and Islands,21 : Manufacture of basic pharmaceutical products and pharmaceutical preparations,21,21,600
2022,Highlands and Islands,22 : Manufacture of rubber and plastic products,22,22,365
2022,Highlands and Islands,23 : Manufacture of other non-metallic mineral products,23,23,215
2022,Highlands and Islands,24 : Manufacture of basic metals,24,24,190
2022,Highlands and Islands,"25 : Manufacture of fabricated metal products, except machinery and equipment",25,25,1505
2022,Highlands and Islands,"26 : Manufacture of computer, electronic and optical products",26,26,195
2022,Highlands and Islands,27 : Manufacture of electrical equipment,27,27,65
2022,Highlands and Islands,28 : Manufacture of machinery and equipment n.e.c.,28,28,295
2022,Highlands and Islands,"29 : Manufacture of motor vehicles, trailers and semi-trailers",29,29,10
2022,Highlands and Islands,30 : Manufacture of other transport equipment,30,30,545
2022,Highlands and Islands,31 : Manufacture of furniture,31,31,180
2022,Highlands and Islands,32 : Other manufacturing,32,32,165
2022,Highlands and Islands,33 : Repair and installation of machinery and equipment,33,33,500
2022,Highlands and Islands,"35 : Electricity, gas, steam and air conditioning supply",35,35,1670
2022,Highlands and Islands,"36 : Water collection, treatment and supply",36,36,600
2022,Highlands and Islands,37 : Sewerage,37,37,75
2022,Highlands and Islands,"38 : Waste collection, treatment and disposal activities; materials recovery",38,38,2110
2022,Highlands and Islands,"39 : Remediation activities and other waste management services. This division includes the provision of remediation services, i.e. the cleanup of contaminated buildings and sites, soil, surface or ground water.",39,39,5
2022,Highlands and Islands,41 : Construction of buildings,41,41,3750
2022,Highlands and Islands,42 : Civil engineering,42,42,2605
2022,Highlands and Islands,43 : Specialised construction activities,43,43,7155
2022,Highlands and Islands,45 : Wholesale and retail trade and repair of motor vehicles and motorcycles,45,45,3220
2022,Highlands and Islands,"46 : Wholesale trade, except of motor vehicles and motorcycles",46,46,4285
2022,Highlands and Islands,"47 : Retail trade, except of motor vehicles and motorcycles",47,47,7825
2022,Highlands and Islands,49 : Land transport and transport via pipelines,49,49,3095
2022,Highlands and Islands,50 : Water transport,50,50,510
2022,Highlands and Islands,51 : Air transport,51,51,300
2022,Highlands and Islands,52 : Warehousing and support activities for transportation,52,52,2605
2022,Highlands and Islands,53 : Postal and courier activities,53,53,1555
2022,Highlands and Islands,55 : Accommodation,55,55,7300
2022,Highlands and Islands,56 : Food and beverage service activities,56,56,4875
2022,Highlands and Islands,58 : Publishing activities,58,58,230
2022,Highlands and Islands,"59 : Motion picture, video and television programme production, sound recording and music publishing activities",59,59,255
2022,Highlands and Islands,60 : Programming and broadcasting activities,60,60,120
2022,Highlands and Islands,61 : Telecommunications,61,61,1300
2022,Highlands and Islands,"62 : Computer programming, consultancy and related activities",62,62,1120
2022,Highlands and Islands,63 : Information service activities,63,63,110
2022,Highlands and Islands,"64 : Financial service activities, except insurance and pension funding",64,64,465
2022,Highlands and Islands,"65 : Insurance, reinsurance and pension funding, except compulsory social security",65,65,0
2022,Highlands and Islands,66 : Activities auxiliary to financial services and insurance activities,66,66,600
2022,Highlands and Islands,68 : Real estate activities,68,68,1675
2022,Highlands and Islands,69 : Legal and accounting activities,69,69,1905
2022,Highlands and Islands,70 : Activities of head offices; management consultancy activities,70,70,670
2022,Highlands and Islands,71 : Architectural and engineering activities; technical testing and analysis,71,71,3170
2022,Highlands and Islands,72 : Scientific research and development,72,72,520
2022,Highlands and Islands,73 : Advertising and market research,73,73,40
2022,Highlands and Islands,"74 : Other professional, scientific and technical activities",74,74,1045
2022,Highlands and Islands,75 : Veterinary activities,75,75,600
2022,Highlands and Islands,77 : Rental and leasing activities,77,77,1195
2022,Highlands and Islands,78 : Employment activities,78,78,1110
2022,Highlands and Islands,"79 : Travel agency, tour operator and other reservation service and related activities",79,79,245
2022,Highlands and Islands,80 : Security and investigation activities,80,80,525
2022,Highlands and Islands,81 : Services to buildings and landscape activities,81,81,1935
2022,Highlands and Islands,"82 : Office administrative, office support and other business support activities",82,82,1860
2022,Highlands and Islands,84 : Public administration and defence; compulsory social security,84,84,9700
2022,Highlands and Islands,85 : Education,85,85,8145
2022,Highlands and Islands,86 : Human health activities,86,86,11785
2022,Highlands and Islands,87 : Residential care activities,87,87,2950
2022,Highlands and Islands,88 : Social work activities without accommodation,88,88,3900
2022,Highlands and Islands,"90 : Creative, arts and entertainment activities",90,90,305
2022,Highlands and Islands,"91 : Libraries, archives, museums and other cultural activities",91,91,1000
2022,Highlands and Islands,92 : Gambling and betting activities,92,92,75
2022,Highlands and Islands,93 : Sports activities and amusement and recreation activities,93,93,2045
2022,Highlands and Islands,94 : Activities of membership organisations,94,94,705
2022,Highlands and Islands,95 : Repair of computers and personal and household goods,95,95,70
2022,Highlands and Islands,96 : Other personal service activities,96,96,985
2022,Highlands and Islands,97 : Activities of households as employers of domestic personnel,97,97,0
2022,Highlands and Islands,98 : Undifferentiated goods- and services-producing activities of private households for own use,98,98,0
2022,Highlands and Islands,99 : Activities of extraterritorial organisations and bodies,99,99,0
2022,Inner London - East,"01 : Crop and animal production, hunting and related service activities",01,1,60
2022,Inner London - East,02 : Forestry and logging,02,2,210
2022,Inner London - East,03 : Fishing and aquaculture,03,3,95
2022,Inner London - East,05 : Mining of coal and lignite,05,5,0
2022,Inner London - East,06 : Extraction of crude petroleum and natural gas,06,6,50
2022,Inner London - East,07 : Mining of metal ores,07,7,0
2022,Inner London - East,08 : Other mining and quarrying,08,8,15
2022,Inner London - East,09 : Mining support service activities,09,9,35
2022,Inner London - East,10 : Manufacture of food products,10,10,4940
2022,Inner London - East,11 : Manufacture of beverages,11,11,625
2022,Inner London - East,12 : Manufacture of tobacco products,12,12,0
2022,Inner London - East,13 : Manufacture of textiles,13,13,610
2022,Inner London - East,14 : Manufacture of wearing apparel,14,14,930
2022,Inner London - East,15 : Manufacture of leather and related products,15,15,475
2022,Inner London - East,"16 : Manufacture of wood and of products of wood and cork, except furniture;manufacture of articles of straw and plaiting materials",16,16,605
2022,Inner London - East,17 : Manufacture of paper and paper products,17,17,20
2022,Inner London - East,18 : Printing and reproduction of recorded media,18,18,1720
2022,Inner London - East,19 : Manufacture of coke and refined petroleum products,19,19,0
2022,Inner London - East,20 : Manufacture of chemicals and chemical products,20,20,460
2022,Inner London - East,21 : Manufacture of basic pharmaceutical products and pharmaceutical preparations,21,21,15
2022,Inner London - East,22 : Manufacture of rubber and plastic products,22,22,140
2022,Inner London - East,23 : Manufacture of other non-metallic mineral products,23,23,190
2022,Inner London - East,24 : Manufacture of basic metals,24,24,30
2022,Inner London - East,"25 : Manufacture of fabricated metal products, except machinery and equipment",25,25,1450
2022,Inner London - East,"26 : Manufacture of computer, electronic and optical products",26,26,435
2022,Inner London - East,27 : Manufacture of electrical equipment,27,27,765
2022,Inner London - East,28 : Manufacture of machinery and equipment n.e.c.,28,28,480
2022,Inner London - East,"29 : Manufacture of motor vehicles, trailers and semi-trailers",29,29,190
2022,Inner London - East,30 : Manufacture of other transport equipment,30,30,730
2022,Inner London - East,31 : Manufacture of furniture,31,31,1160
2022,Inner London - East,32 : Other manufacturing,32,32,1175
2022,Inner London - East,33 : Repair and installation of machinery and equipment,33,33,1180
2022,Inner London - East,"35 : Electricity, gas, steam and air conditioning supply",35,35,2645
2022,Inner London - East,"36 : Water collection, treatment and supply",36,36,150
2022,Inner London - East,37 : Sewerage,37,37,300
2022,Inner London - East,"38 : Waste collection, treatment and disposal activities; materials recovery",38,38,3455
2022,Inner London - East,"39 : Remediation activities and other waste management services. This division includes the provision of remediation services, i.e. the cleanup of contaminated buildings and sites, soil, surface or ground water.",39,39,45
2022,Inner London - East,41 : Construction of buildings,41,41,17000
2022,Inner London - East,42 : Civil engineering,42,42,3395
2022,Inner London - East,43 : Specialised construction activities,43,43,9620
2022,Inner London - East,45 : Wholesale and retail trade and repair of motor vehicles and motorcycles,45,45,2445
2022,Inner London - East,"46 : Wholesale trade, except of motor vehicles and motorcycles",46,46,24205
2022,Inner London - East,"47 : Retail trade, except of motor vehicles and motorcycles",47,47,54120
2022,Inner London - East,49 : Land transport and transport via pipelines,49,49,25750
2022,Inner London - East,50 : Water transport,50,50,795
2022,Inner London - East,51 : Air transport,51,51,560
2022,Inner London - East,52 : Warehousing and support activities for transportation,52,52,11070
2022,Inner London - East,53 : Postal and courier activities,53,53,7350
2022,Inner London - East,55 : Accommodation,55,55,9945
2022,Inner London - East,56 : Food and beverage service activities,56,56,53250
2022,Inner London - East,58 : Publishing activities,58,58,18550
2022,Inner London - East,"59 : Motion picture, video and television programme production, sound recording and music publishing activities",59,59,11770
2022,Inner London - East,60 : Programming and broadcasting activities,60,60,1000
2022,Inner London - East,61 : Telecommunications,61,61,13310
2022,Inner London - East,"62 : Computer programming, consultancy and related activities",62,62,66075
2022,Inner London - East,63 : Information service activities,63,63,14000
2022,Inner London - East,"64 : Financial service activities, except insurance and pension funding",64,64,72260
2022,Inner London - East,"65 : Insurance, reinsurance and pension funding, except compulsory social security",65,65,1150
2022,Inner London - East,66 : Activities auxiliary to financial services and insurance activities,66,66,23175
2022,Inner London - East,68 : Real estate activities,68,68,28600
2022,Inner London - East,69 : Legal and accounting activities,69,69,56450
2022,Inner London - East,70 : Activities of head offices; management consultancy activities,70,70,60000
2022,Inner London - East,71 : Architectural and engineering activities; technical testing and analysis,71,71,36950
2022,Inner London - East,72 : Scientific research and development,72,72,8000
2022,Inner London - East,73 : Advertising and market research,73,73,30500
2022,Inner London - East,"74 : Other professional, scientific and technical activities",74,74,13625
2022,Inner London - East,75 : Veterinary activities,75,75,500
2022,Inner London - East,77 : Rental and leasing activities,77,77,2845
2022,Inner London - East,78 : Employment activities,78,78,26050
2022,Inner London - East,"79 : Travel agency, tour operator and other reservation service and related activities",79,79,5025
2022,Inner London - East,80 : Security and investigation activities,80,80,23800
2022,Inner London - East,81 : Services to buildings and landscape activities,81,81,25270
2022,Inner London - East,"82 : Office administrative, office support and other business support activities",82,82,30175
2022,Inner London - East,84 : Public administration and defence; compulsory social security,84,84,60100
2022,Inner London - East,85 : Education,85,85,65120
2022,Inner London - East,86 : Human health activities,86,86,73650
2022,Inner London - East,87 : Residential care activities,87,87,8400
2022,Inner London - East,88 : Social work activities without accommodation,88,88,29500
2022,Inner London - East,"90 : Creative, arts and entertainment activities",90,90,9250
2022,Inner London - East,"91 : Libraries, archives, museums and other cultural activities",91,91,2500
2022,Inner London - East,92 : Gambling and betting activities,92,92,1750
2022,Inner London - East,93 : Sports activities and amusement and recreation activities,93,93,5220
2022,Inner London - East,94 : Activities of membership organisations,94,94,12475
2022,Inner London - East,95 : Repair of computers and personal and household goods,95,95,3625
2022,Inner London - East,96 : Other personal service activities,96,96,9200
2022,Inner London - East,97 : Activities of households as employers of domestic personnel,97,97,0
2022,Inner London - East,98 : Undifferentiated goods- and services-producing activities of private households for own use,98,98,0
2022,Inner London - East,99 : Activities of extraterritorial organisations and bodies,99,99,0
2022,Inner London - West,"01 : Crop and animal production, hunting and related service activities",01,1,225
2022,Inner London - West,02 : Forestry and logging,02,2,200
2022,Inner London - West,03 : Fishing and aquaculture,03,3,40
2022,Inner London - West,05 : Mining of coal and lignite,05,5,0
2022,Inner London - West,06 : Extraction of crude petroleum and natural gas,06,6,1025
2022,Inner London - West,07 : Mining of metal ores,07,7,0
2022,Inner London - West,08 : Other mining and quarrying,08,8,110
2022,Inner London - West,09 : Mining support service activities,09,9,275
2022,Inner London - West,10 : Manufacture of food products,10,10,1935
2022,Inner London - West,11 : Manufacture of beverages,11,11,765
2022,Inner London - West,12 : Manufacture of tobacco products,12,12,0
2022,Inner London - West,13 : Manufacture of textiles,13,13,300
2022,Inner London - West,14 : Manufacture of wearing apparel,14,14,905
2022,Inner London - West,15 : Manufacture of leather and related products,15,15,200
2022,Inner London - West,"16 : Manufacture of wood and of products of wood and cork, except furniture;manufacture of articles of straw and plaiting materials",16,16,580
2022,Inner London - West,17 : Manufacture of paper and paper products,17,17,25
2022,Inner London - West,18 : Printing and reproduction of recorded media,18,18,1115
2022,Inner London - West,19 : Manufacture of coke and refined petroleum products,19,19,10
2022,Inner London - West,20 : Manufacture of chemicals and chemical products,20,20,475
2022,Inner London - West,21 : Manufacture of basic pharmaceutical products and pharmaceutical preparations,21,21,160
2022,Inner London - West,22 : Manufacture of rubber and plastic products,22,22,35
2022,Inner London - West,23 : Manufacture of other non-metallic mineral products,23,23,175
2022,Inner London - West,24 : Manufacture of basic metals,24,24,30
2022,Inner London - West,"25 : Manufacture of fabricated metal products, except machinery and equipment",25,25,1575
2022,Inner London - West,"26 : Manufacture of computer, electronic and optical products",26,26,645
2022,Inner London - West,27 : Manufacture of electrical equipment,27,27,265
2022,Inner London - West,28 : Manufacture of machinery and equipment n.e.c.,28,28,290
2022,Inner London - West,"29 : Manufacture of motor vehicles, trailers and semi-trailers",29,29,195
2022,Inner London - West,30 : Manufacture of other transport equipment,30,30,110
2022,Inner London - West,31 : Manufacture of furniture,31,31,860
2022,Inner London - West,32 : Other manufacturing,32,32,1790
2022,Inner London - West,33 : Repair and installation of machinery and equipment,33,33,8880
2022,Inner London - West,"35 : Electricity, gas, steam and air conditioning supply",35,35,5670
2022,Inner London - West,"36 : Water collection, treatment and supply",36,36,50
2022,Inner London - West,37 : Sewerage,37,37,300
2022,Inner London - West,"38 : Waste collection, treatment and disposal activities; materials recovery",38,38,1640
2022,Inner London - West,"39 : Remediation activities and other waste management services. This division includes the provision of remediation services, i.e. the cleanup of contaminated buildings and sites, soil, surface or ground water.",39,39,35
2022,Inner London - West,41 : Construction of buildings,41,41,20500
2022,Inner London - West,42 : Civil engineering,42,42,5800
2022,Inner London - West,43 : Specialised construction activities,43,43,7370
2022,Inner London - West,45 : Wholesale and retail trade and repair of motor vehicles and motorcycles,45,45,3000
2022,Inner London - West,"46 : Wholesale trade, except of motor vehicles and motorcycles",46,46,41610
2022,Inner London - West,"47 : Retail trade, except of motor vehicles and motorcycles",47,47,76765
2022,Inner London - West,49 : Land transport and transport via pipelines,49,49,15250
2022,Inner London - West,50 : Water transport,50,50,530
2022,Inner London - West,51 : Air transport,51,51,1650
2022,Inner London - West,52 : Warehousing and support activities for transportation,52,52,11310
2022,Inner London - West,53 : Postal and courier activities,53,53,2875
2022,Inner London - West,55 : Accommodation,55,55,30750
2022,Inner London - West,56 : Food and beverage service activities,56,56,85500
2022,Inner London - West,58 : Publishing activities,58,58,29550
2022,Inner London - West,"59 : Motion picture, video and television programme production, sound recording and music publishing activities",59,59,39675
2022,Inner London - West,60 : Programming and broadcasting activities,60,60,13000
2022,Inner London - West,61 : Telecommunications,61,61,17175
2022,Inner London - West,"62 : Computer programming, consultancy and related activities",62,62,122900
2022,Inner London - West,63 : Information service activities,63,63,21750
2022,Inner London - West,"64 : Financial service activities, except insurance and pension funding",64,64,95135
2022,Inner London - West,"65 : Insurance, reinsurance and pension funding, except compulsory social security",65,65,16900
2022,Inner London - West,66 : Activities auxiliary to financial services and insurance activities,66,66,126000
2022,Inner London - West,68 : Real estate activities,68,68,51700
2022,Inner London - West,69 : Legal and accounting activities,69,69,103200
2022,Inner London - West,70 : Activities of head offices; management consultancy activities,70,70,139000
2022,Inner London - West,71 : Architectural and engineering activities; technical testing and analysis,71,71,52250
2022,Inner London - West,72 : Scientific research and development,72,72,18500
2022,Inner London - West,73 : Advertising and market research,73,73,41000
2022,Inner London - West,"74 : Other professional, scientific and technical activities",74,74,18350
2022,Inner London - West,75 : Veterinary activities,75,75,250
2022,Inner London - West,77 : Rental and leasing activities,77,77,2765
2022,Inner London - West,78 : Employment activities,78,78,59700
2022,Inner London - West,"79 : Travel agency, tour operator and other reservation service and related activities",79,79,7575
2022,Inner London - West,80 : Security and investigation activities,80,80,9550
2022,Inner London - West,81 : Services to buildings and landscape activities,81,81,15355
2022,Inner London - West,"82 : Office administrative, office support and other business support activities",82,82,57750
2022,Inner London - West,84 : Public administration and defence; compulsory social security,84,84,96800
2022,Inner London - West,85 : Education,85,85,66800
2022,Inner London - West,86 : Human health activities,86,86,89500
2022,Inner London - West,87 : Residential care activities,87,87,6700
2022,Inner London - West,88 : Social work activities without accommodation,88,88,20250
2022,Inner London - West,"90 : Creative, arts and entertainment activities",90,90,15250
2022,Inner London - West,"91 : Libraries, archives, museums and other cultural activities",91,91,7410
2022,Inner London - West,92 : Gambling and betting activities,92,92,5000
2022,Inner London - West,93 : Sports activities and amusement and recreation activities,93,93,8180
2022,Inner London - West,94 : Activities of membership organisations,94,94,24200
2022,Inner London - West,95 : Repair of computers and personal and household goods,95,95,2750
2022,Inner London - West,96 : Other personal service activities,96,96,12075
2022,Inner London - West,97 : Activities of households as employers of domestic personnel,97,97,0
2022,Inner London - West,98 : Undifferentiated goods- and services-producing activities of private households for own use,98,98,0
2022,Inner London - West,99 : Activities of extraterritorial organisations and bodies,99,99,0
2022,Kent,"01 : Crop and animal production, hunting and related service activities",01,1,10625
2022,Kent,02 : Forestry and logging,02,2,285
2022,Kent,03 : Fishing and aquaculture,03,3,100
2022,Kent,05 : Mining of coal and lignite,05,5,0
2022,Kent,06 : Extraction of crude petroleum and natural gas,06,6,10
2022,Kent,07 : Mining of metal ores,07,7,0
2022,Kent,08 : Other mining and quarrying,08,8,310
2022,Kent,09 : Mining support service activities,09,9,35
2022,Kent,10 : Manufacture of food products,10,10,5415
2022,Kent,11 : Manufacture of beverages,11,11,470
2022,Kent,12 : Manufacture of tobacco products,12,12,0
2022,Kent,13 : Manufacture of textiles,13,13,410
2022,Kent,14 : Manufacture of wearing apparel,14,14,150
2022,Kent,15 : Manufacture of leather and related products,15,15,50
2022,Kent,"16 : Manufacture of wood and of products of wood and cork, except furniture;manufacture of articles of straw and plaiting materials",16,16,1570
2022,Kent,17 : Manufacture of paper and paper products,17,17,1510
2022,Kent,18 : Printing and reproduction of recorded media,18,18,1715
2022,Kent,19 : Manufacture of coke and refined petroleum products,19,19,100
2022,Kent,20 : Manufacture of chemicals and chemical products,20,20,2105
2022,Kent,21 : Manufacture of basic pharmaceutical products and pharmaceutical preparations,21,21,500
2022,Kent,22 : Manufacture of rubber and plastic products,22,22,2250
2022,Kent,23 : Manufacture of other non-metallic mineral products,23,23,1390
2022,Kent,24 : Manufacture of basic metals,24,24,800
2022,Kent,"25 : Manufacture of fabricated metal products, except machinery and equipment",25,25,5540
2022,Kent,"26 : Manufacture of computer, electronic and optical products",26,26,3830
2022,Kent,27 : Manufacture of electrical equipment,27,27,1010
2022,Kent,28 : Manufacture of machinery and equipment n.e.c.,28,28,3140
2022,Kent,"29 : Manufacture of motor vehicles, trailers and semi-trailers",29,29,1120
2022,Kent,30 : Manufacture of other transport equipment,30,30,275
2022,Kent,31 : Manufacture of furniture,31,31,1005
2022,Kent,32 : Other manufacturing,32,32,1025
2022,Kent,33 : Repair and installation of machinery and equipment,33,33,2325
2022,Kent,"35 : Electricity, gas, steam and air conditioning supply",35,35,1885
2022,Kent,"36 : Water collection, treatment and supply",36,36,1250
2022,Kent,37 : Sewerage,37,37,350
2022,Kent,"38 : Waste collection, treatment and disposal activities; materials recovery",38,38,6555
2022,Kent,"39 : Remediation activities and other waste management services. This division includes the provision of remediation services, i.e. the cleanup of contaminated buildings and sites, soil, surface or ground water.",39,39,175
2022,Kent,41 : Construction of buildings,41,41,13500
2022,Kent,42 : Civil engineering,42,42,5085
2022,Kent,43 : Specialised construction activities,43,43,24075
2022,Kent,45 : Wholesale and retail trade and repair of motor vehicles and motorcycles,45,45,14100
2022,Kent,"46 : Wholesale trade, except of motor vehicles and motorcycles",46,46,25685
2022,Kent,"47 : Retail trade, except of motor vehicles and motorcycles",47,47,27210
2022,Kent,49 : Land transport and transport via pipelines,49,49,13075
2022,Kent,50 : Water transport,50,50,785
2022,Kent,51 : Air transport,51,51,285
2022,Kent,52 : Warehousing and support activities for transportation,52,52,19835
2022,Kent,53 : Postal and courier activities,53,53,5750
2022,Kent,55 : Accommodation,55,55,3975
2022,Kent,56 : Food and beverage service activities,56,56,18600
2022,Kent,58 : Publishing activities,58,58,1720
2022,Kent,"59 : Motion picture, video and television programme production, sound recording and music publishing activities",59,59,1325
2022,Kent,60 : Programming and broadcasting activities,60,60,275
2022,Kent,61 : Telecommunications,61,61,2760
2022,Kent,"62 : Computer programming, consultancy and related activities",62,62,10840
2022,Kent,63 : Information service activities,63,63,925
2022,Kent,"64 : Financial service activities, except insurance and pension funding",64,64,3670
2022,Kent,"65 : Insurance, reinsurance and pension funding, except compulsory social security",65,65,1900
2022,Kent,66 : Activities auxiliary to financial services and insurance activities,66,66,8150
2022,Kent,68 : Real estate activities,68,68,8710
2022,Kent,69 : Legal and accounting activities,69,69,7970
2022,Kent,70 : Activities of head offices; management consultancy activities,70,70,10650
2022,Kent,71 : Architectural and engineering activities; technical testing and analysis,71,71,7350
2022,Kent,72 : Scientific research and development,72,72,2875
2022,Kent,73 : Advertising and market research,73,73,1700
2022,Kent,"74 : Other professional, scientific and technical activities",74,74,3790
2022,Kent,75 : Veterinary activities,75,75,1250
2022,Kent,77 : Rental and leasing activities,77,77,4205
2022,Kent,78 : Employment activities,78,78,14160
2022,Kent,"79 : Travel agency, tour operator and other reservation service and related activities",79,79,1545
2022,Kent,80 : Security and investigation activities,80,80,4395
2022,Kent,81 : Services to buildings and landscape activities,81,81,12480
2022,Kent,"82 : Office administrative, office support and other business support activities",82,82,10225
2022,Kent,84 : Public administration and defence; compulsory social security,84,84,24100
2022,Kent,85 : Education,85,85,42630
2022,Kent,86 : Human health activities,86,86,33050
2022,Kent,87 : Residential care activities,87,87,12300
2022,Kent,88 : Social work activities without accommodation,88,88,11500
2022,Kent,"90 : Creative, arts and entertainment activities",90,90,1550
2022,Kent,"91 : Libraries, archives, museums and other cultural activities",91,91,1200
2022,Kent,92 : Gambling and betting activities,92,92,600
2022,Kent,93 : Sports activities and amusement and recreation activities,93,93,4460
2022,Kent,94 : Activities of membership organisations,94,94,2800
2022,Kent,95 : Repair of computers and personal and household goods,95,95,1060
2022,Kent,96 : Other personal service activities,96,96,4375
2022,Kent,97 : Activities of households as employers of domestic personnel,97,97,0
2022,Kent,98 : Undifferentiated goods- and services-producing activities of private households for own use,98,98,0
2022,Kent,99 : Activities of extraterritorial organisations and bodies,99,99,0
2022,Lancashire,"01 : Crop and animal production, hunting and related service activities",01,1,3595
2022,Lancashire,02 : Forestry and logging,02,2,55
2022,Lancashire,03 : Fishing and aquaculture,03,3,10
2022,Lancashire,05 : Mining of coal and lignite,05,5,0
2022,Lancashire,06 : Extraction of crude petroleum and natural gas,06,6,20
2022,Lancashire,07 : Mining of metal ores,07,7,0
2022,Lancashire,08 : Other mining and quarrying,08,8,500
2022,Lancashire,09 : Mining support service activities,09,9,10
2022,Lancashire,10 : Manufacture of food products,10,10,12035
2022,Lancashire,11 : Manufacture of beverages,11,11,825
2022,Lancashire,12 : Manufacture of tobacco products,12,12,0
2022,Lancashire,13 : Manufacture of textiles,13,13,3050
2022,Lancashire,14 : Manufacture of wearing apparel,14,14,200
2022,Lancashire,15 : Manufacture of leather and related products,15,15,500
2022,Lancashire,"16 : Manufacture of wood and of products of wood and cork, except furniture;manufacture of articles of straw and plaiting materials",16,16,1100
2022,Lancashire,17 : Manufacture of paper and paper products,17,17,2775
2022,Lancashire,18 : Printing and reproduction of recorded media,18,18,1230
2022,Lancashire,19 : Manufacture of coke and refined petroleum products,19,19,50
2022,Lancashire,20 : Manufacture of chemicals and chemical products,20,20,3945
2022,Lancashire,21 : Manufacture of basic pharmaceutical products and pharmaceutical preparations,21,21,460
2022,Lancashire,22 : Manufacture of rubber and plastic products,22,22,6450
2022,Lancashire,23 : Manufacture of other non-metallic mineral products,23,23,1035
2022,Lancashire,24 : Manufacture of basic metals,24,24,1450
2022,Lancashire,"25 : Manufacture of fabricated metal products, except machinery and equipment",25,25,10865
2022,Lancashire,"26 : Manufacture of computer, electronic and optical products",26,26,1295
2022,Lancashire,27 : Manufacture of electrical equipment,27,27,1180
2022,Lancashire,28 : Manufacture of machinery and equipment n.e.c.,28,28,3460
2022,Lancashire,"29 : Manufacture of motor vehicles, trailers and semi-trailers",29,29,4375
2022,Lancashire,30 : Manufacture of other transport equipment,30,30,12590
2022,Lancashire,31 : Manufacture of furniture,31,31,4650
2022,Lancashire,32 : Other manufacturing,32,32,1390
2022,Lancashire,33 : Repair and installation of machinery and equipment,33,33,1155
2022,Lancashire,"35 : Electricity, gas, steam and air conditioning supply",35,35,2290
2022,Lancashire,"36 : Water collection, treatment and supply",36,36,350
2022,Lancashire,37 : Sewerage,37,37,600
2022,Lancashire,"38 : Waste collection, treatment and disposal activities; materials recovery",38,38,3010
2022,Lancashire,"39 : Remediation activities and other waste management services. This division includes the provision of remediation services, i.e. the cleanup of contaminated buildings and sites, soil, surface or ground water.",39,39,450
2022,Lancashire,41 : Construction of buildings,41,41,8000
2022,Lancashire,42 : Civil engineering,42,42,6490
2022,Lancashire,43 : Specialised construction activities,43,43,17325
2022,Lancashire,45 : Wholesale and retail trade and repair of motor vehicles and motorcycles,45,45,10375
2022,Lancashire,"46 : Wholesale trade, except of motor vehicles and motorcycles",46,46,27490
2022,Lancashire,"47 : Retail trade, except of motor vehicles and motorcycles",47,47,26635
2022,Lancashire,49 : Land transport and transport via pipelines,49,49,7895
2022,Lancashire,50 : Water transport,50,50,160
2022,Lancashire,51 : Air transport,51,51,95
2022,Lancashire,52 : Warehousing and support activities for transportation,52,52,7270
2022,Lancashire,53 : Postal and courier activities,53,53,3425
2022,Lancashire,55 : Accommodation,55,55,4225
2022,Lancashire,56 : Food and beverage service activities,56,56,14900
2022,Lancashire,58 : Publishing activities,58,58,225
2022,Lancashire,"59 : Motion picture, video and television programme production, sound recording and music publishing activities",59,59,305
2022,Lancashire,60 : Programming and broadcasting activities,60,60,125
2022,Lancashire,61 : Telecommunications,61,61,5550
2022,Lancashire,"62 : Computer programming, consultancy and related activities",62,62,7200
2022,Lancashire,63 : Information service activities,63,63,290
2022,Lancashire,"64 : Financial service activities, except insurance and pension funding",64,64,2440
2022,Lancashire,"65 : Insurance, reinsurance and pension funding, except compulsory social security",65,65,140
2022,Lancashire,66 : Activities auxiliary to financial services and insurance activities,66,66,4900
2022,Lancashire,68 : Real estate activities,68,68,5935
2022,Lancashire,69 : Legal and accounting activities,69,69,13025
2022,Lancashire,70 : Activities of head offices; management consultancy activities,70,70,6425
2022,Lancashire,71 : Architectural and engineering activities; technical testing and analysis,71,71,8725
2022,Lancashire,72 : Scientific research and development,72,72,835
2022,Lancashire,73 : Advertising and market research,73,73,970
2022,Lancashire,"74 : Other professional, scientific and technical activities",74,74,2770
2022,Lancashire,75 : Veterinary activities,75,75,1250
2022,Lancashire,77 : Rental and leasing activities,77,77,3355
2022,Lancashire,78 : Employment activities,78,78,9150
2022,Lancashire,"79 : Travel agency, tour operator and other reservation service and related activities",79,79,1340
2022,Lancashire,80 : Security and investigation activities,80,80,1420
2022,Lancashire,81 : Services to buildings and landscape activities,81,81,4890
2022,Lancashire,"82 : Office administrative, office support and other business support activities",82,82,8220
2022,Lancashire,84 : Public administration and defence; compulsory social security,84,84,28250
2022,Lancashire,85 : Education,85,85,32510
2022,Lancashire,86 : Human health activities,86,86,43500
2022,Lancashire,87 : Residential care activities,87,87,10750
2022,Lancashire,88 : Social work activities without accommodation,88,88,10500
2022,Lancashire,"90 : Creative, arts and entertainment activities",90,90,150
2022,Lancashire,"91 : Libraries, archives, museums and other cultural activities",91,91,650
2022,Lancashire,92 : Gambling and betting activities,92,92,1000
2022,Lancashire,93 : Sports activities and amusement and recreation activities,93,93,4000
2022,Lancashire,94 : Activities of membership organisations,94,94,1950
2022,Lancashire,95 : Repair of computers and personal and household goods,95,95,765
2022,Lancashire,96 : Other personal service activities,96,96,4250
2022,Lancashire,97 : Activities of households as employers of domestic personnel,97,97,0
2022,Lancashire,98 : Undifferentiated goods- and services-producing activities of private households for own use,98,98,0
2022,Lancashire,99 : Activities of extraterritorial organisations and bodies,99,99,0
2022,"Leicestershire, Rutland and Northamptonshire","01 : Crop and animal production, hunting and related service activities",01,1,2800
2022,"Leicestershire, Rutland and Northamptonshire",02 : Forestry and logging,02,2,250
2022,"Leicestershire, Rutland and Northamptonshire",03 : Fishing and aquaculture,03,3,55
2022,"Leicestershire, Rutland and Northamptonshire",05 : Mining of coal and lignite,05,5,0
2022,"Leicestershire, Rutland and Northamptonshire",06 : Extraction of crude petroleum and natural gas,06,6,0
2022,"Leicestershire, Rutland and Northamptonshire",07 : Mining of metal ores,07,7,0
2022,"Leicestershire, Rutland and Northamptonshire",08 : Other mining and quarrying,08,8,2275
2022,"Leicestershire, Rutland and Northamptonshire",09 : Mining support service activities,09,9,55
2022,"Leicestershire, Rutland and Northamptonshire",10 : Manufacture of food products,10,10,20320
2022,"Leicestershire, Rutland and Northamptonshire",11 : Manufacture of beverages,11,11,1175
2022,"Leicestershire, Rutland and Northamptonshire",12 : Manufacture of tobacco products,12,12,0
2022,"Leicestershire, Rutland and Northamptonshire",13 : Manufacture of textiles,13,13,2780
2022,"Leicestershire, Rutland and Northamptonshire",14 : Manufacture of wearing apparel,14,14,3945
2022,"Leicestershire, Rutland and Northamptonshire",15 : Manufacture of leather and related products,15,15,815
2022,"Leicestershire, Rutland and Northamptonshire","16 : Manufacture of wood and of products of wood and cork, except furniture;manufacture of articles of straw and plaiting materials",16,16,2710
2022,"Leicestershire, Rutland and Northamptonshire",17 : Manufacture of paper and paper products,17,17,5575
2022,"Leicestershire, Rutland and Northamptonshire",18 : Printing and reproduction of recorded media,18,18,3395
2022,"Leicestershire, Rutland and Northamptonshire",19 : Manufacture of coke and refined petroleum products,19,19,10
2022,"Leicestershire, Rutland and Northamptonshire",20 : Manufacture of chemicals and chemical products,20,20,2205
2022,"Leicestershire, Rutland and Northamptonshire",21 : Manufacture of basic pharmaceutical products and pharmaceutical preparations,21,21,1050
2022,"Leicestershire, Rutland and Northamptonshire",22 : Manufacture of rubber and plastic products,22,22,6750
2022,"Leicestershire, Rutland and Northamptonshire",23 : Manufacture of other non-metallic mineral products,23,23,3050
2022,"Leicestershire, Rutland and Northamptonshire",24 : Manufacture of basic metals,24,24,1865
2022,"Leicestershire, Rutland and Northamptonshire","25 : Manufacture of fabricated metal products, except machinery and equipment",25,25,7150
2022,"Leicestershire, Rutland and Northamptonshire","26 : Manufacture of computer, electronic and optical products",26,26,4795
2022,"Leicestershire, Rutland and Northamptonshire",27 : Manufacture of electrical equipment,27,27,1935
2022,"Leicestershire, Rutland and Northamptonshire",28 : Manufacture of machinery and equipment n.e.c.,28,28,6905
2022,"Leicestershire, Rutland and Northamptonshire","29 : Manufacture of motor vehicles, trailers and semi-trailers",29,29,2730
2022,"Leicestershire, Rutland and Northamptonshire",30 : Manufacture of other transport equipment,30,30,1775
2022,"Leicestershire, Rutland and Northamptonshire",31 : Manufacture of furniture,31,31,2575
2022,"Leicestershire, Rutland and Northamptonshire",32 : Other manufacturing,32,32,1510
2022,"Leicestershire, Rutland and Northamptonshire",33 : Repair and installation of machinery and equipment,33,33,1180
2022,"Leicestershire, Rutland and Northamptonshire","35 : Electricity, gas, steam and air conditioning supply",35,35,5100
2022,"Leicestershire, Rutland and Northamptonshire","36 : Water collection, treatment and supply",36,36,500
2022,"Leicestershire, Rutland and Northamptonshire",37 : Sewerage,37,37,600
2022,"Leicestershire, Rutland and Northamptonshire","38 : Waste collection, treatment and disposal activities; materials recovery",38,38,2800
2022,"Leicestershire, Rutland and Northamptonshire","39 : Remediation activities and other waste management services. This division includes the provision of remediation services, i.e. the cleanup of contaminated buildings and sites, soil, surface or ground water.",39,39,15
2022,"Leicestershire, Rutland and Northamptonshire",41 : Construction of buildings,41,41,10250
2022,"Leicestershire, Rutland and Northamptonshire",42 : Civil engineering,42,42,2850
2022,"Leicestershire, Rutland and Northamptonshire",43 : Specialised construction activities,43,43,24270
2022,"Leicestershire, Rutland and Northamptonshire",45 : Wholesale and retail trade and repair of motor vehicles and motorcycles,45,45,20850
2022,"Leicestershire, Rutland and Northamptonshire","46 : Wholesale trade, except of motor vehicles and motorcycles",46,46,40900
2022,"Leicestershire, Rutland and Northamptonshire","47 : Retail trade, except of motor vehicles and motorcycles",47,47,28460
2022,"Leicestershire, Rutland and Northamptonshire",49 : Land transport and transport via pipelines,49,49,11060
2022,"Leicestershire, Rutland and Northamptonshire",50 : Water transport,50,50,0
2022,"Leicestershire, Rutland and Northamptonshire",51 : Air transport,51,51,1200
2022,"Leicestershire, Rutland and Northamptonshire",52 : Warehousing and support activities for transportation,52,52,41945
2022,"Leicestershire, Rutland and Northamptonshire",53 : Postal and courier activities,53,53,14250
2022,"Leicestershire, Rutland and Northamptonshire",55 : Accommodation,55,55,2850
2022,"Leicestershire, Rutland and Northamptonshire",56 : Food and beverage service activities,56,56,16400
2022,"Leicestershire, Rutland and Northamptonshire",58 : Publishing activities,58,58,520
2022,"Leicestershire, Rutland and Northamptonshire","59 : Motion picture, video and television programme production, sound recording and music publishing activities",59,59,470
2022,"Leicestershire, Rutland and Northamptonshire",60 : Programming and broadcasting activities,60,60,375
2022,"Leicestershire, Rutland and Northamptonshire",61 : Telecommunications,61,61,2095
2022,"Leicestershire, Rutland and Northamptonshire","62 : Computer programming, consultancy and related activities",62,62,15150
2022,"Leicestershire, Rutland and Northamptonshire",63 : Information service activities,63,63,1125
2022,"Leicestershire, Rutland and Northamptonshire","64 : Financial service activities, except insurance and pension funding",64,64,10395
2022,"Leicestershire, Rutland and Northamptonshire","65 : Insurance, reinsurance and pension funding, except compulsory social security",65,65,100
2022,"Leicestershire, Rutland and Northamptonshire",66 : Activities auxiliary to financial services and insurance activities,66,66,8825
2022,"Leicestershire, Rutland and Northamptonshire",68 : Real estate activities,68,68,9015
2022,"Leicestershire, Rutland and Northamptonshire",69 : Legal and accounting activities,69,69,8520
2022,"Leicestershire, Rutland and Northamptonshire",70 : Activities of head offices; management consultancy activities,70,70,29750
2022,"Leicestershire, Rutland and Northamptonshire",71 : Architectural and engineering activities; technical testing and analysis,71,71,10000
2022,"Leicestershire, Rutland and Northamptonshire",72 : Scientific research and development,72,72,2310
2022,"Leicestershire, Rutland and Northamptonshire",73 : Advertising and market research,73,73,740
2022,"Leicestershire, Rutland and Northamptonshire","74 : Other professional, scientific and technical activities",74,74,3860
2022,"Leicestershire, Rutland and Northamptonshire",75 : Veterinary activities,75,75,1000
2022,"Leicestershire, Rutland and Northamptonshire",77 : Rental and leasing activities,77,77,4960
2022,"Leicestershire, Rutland and Northamptonshire",78 : Employment activities,78,78,22850
2022,"Leicestershire, Rutland and Northamptonshire","79 : Travel agency, tour operator and other reservation service and related activities",79,79,725
2022,"Leicestershire, Rutland and Northamptonshire",80 : Security and investigation activities,80,80,5530
2022,"Leicestershire, Rutland and Northamptonshire",81 : Services to buildings and landscape activities,81,81,8045
2022,"Leicestershire, Rutland and Northamptonshire","82 : Office administrative, office support and other business support activities",82,82,15885
2022,"Leicestershire, Rutland and Northamptonshire",84 : Public administration and defence; compulsory social security,84,84,26700
2022,"Leicestershire, Rutland and Northamptonshire",85 : Education,85,85,42740
2022,"Leicestershire, Rutland and Northamptonshire",86 : Human health activities,86,86,36000
2022,"Leicestershire, Rutland and Northamptonshire",87 : Residential care activities,87,87,12500
2022,"Leicestershire, Rutland and Northamptonshire",88 : Social work activities without accommodation,88,88,15000
2022,"Leicestershire, Rutland and Northamptonshire","90 : Creative, arts and entertainment activities",90,90,1050
2022,"Leicestershire, Rutland and Northamptonshire","91 : Libraries, archives, museums and other cultural activities",91,91,695
2022,"Leicestershire, Rutland and Northamptonshire",92 : Gambling and betting activities,92,92,700
2022,"Leicestershire, Rutland and Northamptonshire",93 : Sports activities and amusement and recreation activities,93,93,5975
2022,"Leicestershire, Rutland and Northamptonshire",94 : Activities of membership organisations,94,94,3090
2022,"Leicestershire, Rutland and Northamptonshire",95 : Repair of computers and personal and household goods,95,95,1065
2022,"Leicestershire, Rutland and Northamptonshire",96 : Other personal service activities,96,96,3600
2022,"Leicestershire, Rutland and Northamptonshire",97 : Activities of households as employers of domestic personnel,97,97,0
2022,"Leicestershire, Rutland and Northamptonshire",98 : Undifferentiated goods- and services-producing activities of private households for own use,98,98,0
2022,"Leicestershire, Rutland and Northamptonshire",99 : Activities of extraterritorial organisations and bodies,99,99,0
2022,Lincolnshire,"01 : Crop and animal production, hunting and related service activities",01,1,8015
2022,Lincolnshire,02 : Forestry and logging,02,2,165
2022,Lincolnshire,03 : Fishing and aquaculture,03,3,25
2022,Lincolnshire,05 : Mining of coal and lignite,05,5,0
2022,Lincolnshire,06 : Extraction of crude petroleum and natural gas,06,6,10
2022,Lincolnshire,07 : Mining of metal ores,07,7,0
2022,Lincolnshire,08 : Other mining and quarrying,08,8,400
2022,Lincolnshire,09 : Mining support service activities,09,9,40
2022,Lincolnshire,10 : Manufacture of food products,10,10,14455
2022,Lincolnshire,11 : Manufacture of beverages,11,11,70
2022,Lincolnshire,12 : Manufacture of tobacco products,12,12,0
2022,Lincolnshire,13 : Manufacture of textiles,13,13,490
2022,Lincolnshire,14 : Manufacture of wearing apparel,14,14,30
2022,Lincolnshire,15 : Manufacture of leather and related products,15,15,5
2022,Lincolnshire,"16 : Manufacture of wood and of products of wood and cork, except furniture;manufacture of articles of straw and plaiting materials",16,16,875
2022,Lincolnshire,17 : Manufacture of paper and paper products,17,17,1570
2022,Lincolnshire,18 : Printing and reproduction of recorded media,18,18,1250
2022,Lincolnshire,19 : Manufacture of coke and refined petroleum products,19,19,0
2022,Lincolnshire,20 : Manufacture of chemicals and chemical products,20,20,435
2022,Lincolnshire,21 : Manufacture of basic pharmaceutical products and pharmaceutical preparations,21,21,450
2022,Lincolnshire,22 : Manufacture of rubber and plastic products,22,22,1950
2022,Lincolnshire,23 : Manufacture of other non-metallic mineral products,23,23,385
2022,Lincolnshire,24 : Manufacture of basic metals,24,24,70
2022,Lincolnshire,"25 : Manufacture of fabricated metal products, except machinery and equipment",25,25,2345
2022,Lincolnshire,"26 : Manufacture of computer, electronic and optical products",26,26,795
2022,Lincolnshire,27 : Manufacture of electrical equipment,27,27,335
2022,Lincolnshire,28 : Manufacture of machinery and equipment n.e.c.,28,28,3030
2022,Lincolnshire,"29 : Manufacture of motor vehicles, trailers and semi-trailers",29,29,1185
2022,Lincolnshire,30 : Manufacture of other transport equipment,30,30,850
2022,Lincolnshire,31 : Manufacture of furniture,31,31,240
2022,Lincolnshire,32 : Other manufacturing,32,32,400
2022,Lincolnshire,33 : Repair and installation of machinery and equipment,33,33,1075
2022,Lincolnshire,"35 : Electricity, gas, steam and air conditioning supply",35,35,530
2022,Lincolnshire,"36 : Water collection, treatment and supply",36,36,1000
2022,Lincolnshire,37 : Sewerage,37,37,600
2022,Lincolnshire,"38 : Waste collection, treatment and disposal activities; materials recovery",38,38,1450
2022,Lincolnshire,"39 : Remediation activities and other waste management services. This division includes the provision of remediation services, i.e. the cleanup of contaminated buildings and sites, soil, surface or ground water.",39,39,15
2022,Lincolnshire,41 : Construction of buildings,41,41,3700
2022,Lincolnshire,42 : Civil engineering,42,42,1850
2022,Lincolnshire,43 : Specialised construction activities,43,43,8655
2022,Lincolnshire,45 : Wholesale and retail trade and repair of motor vehicles and motorcycles,45,45,8200
2022,Lincolnshire,"46 : Wholesale trade, except of motor vehicles and motorcycles",46,46,12405
2022,Lincolnshire,"47 : Retail trade, except of motor vehicles and motorcycles",47,47,10395
2022,Lincolnshire,49 : Land transport and transport via pipelines,49,49,5700
2022,Lincolnshire,50 : Water transport,50,50,0
2022,Lincolnshire,51 : Air transport,51,51,40
2022,Lincolnshire,52 : Warehousing and support activities for transportation,52,52,1875
2022,Lincolnshire,53 : Postal and courier activities,53,53,2500
2022,Lincolnshire,55 : Accommodation,55,55,3365
2022,Lincolnshire,56 : Food and beverage service activities,56,56,6350
2022,Lincolnshire,58 : Publishing activities,58,58,285
2022,Lincolnshire,"59 : Motion picture, video and television programme production, sound recording and music publishing activities",59,59,205
2022,Lincolnshire,60 : Programming and broadcasting activities,60,60,95
2022,Lincolnshire,61 : Telecommunications,61,61,815
2022,Lincolnshire,"62 : Computer programming, consultancy and related activities",62,62,3415
2022,Lincolnshire,63 : Information service activities,63,63,195
2022,Lincolnshire,"64 : Financial service activities, except insurance and pension funding",64,64,655
2022,Lincolnshire,"65 : Insurance, reinsurance and pension funding, except compulsory social security",65,65,20
2022,Lincolnshire,66 : Activities auxiliary to financial services and insurance activities,66,66,1305
2022,Lincolnshire,68 : Real estate activities,68,68,2580
2022,Lincolnshire,69 : Legal and accounting activities,69,69,2600
2022,Lincolnshire,70 : Activities of head offices; management consultancy activities,70,70,3325
2022,Lincolnshire,71 : Architectural and engineering activities; technical testing and analysis,71,71,2210
2022,Lincolnshire,72 : Scientific research and development,72,72,140
2022,Lincolnshire,73 : Advertising and market research,73,73,65
2022,Lincolnshire,"74 : Other professional, scientific and technical activities",74,74,1265
2022,Lincolnshire,75 : Veterinary activities,75,75,600
2022,Lincolnshire,77 : Rental and leasing activities,77,77,1635
2022,Lincolnshire,78 : Employment activities,78,78,6050
2022,Lincolnshire,"79 : Travel agency, tour operator and other reservation service and related activities",79,79,195
2022,Lincolnshire,80 : Security and investigation activities,80,80,975
2022,Lincolnshire,81 : Services to buildings and landscape activities,81,81,3435
2022,Lincolnshire,"82 : Office administrative, office support and other business support activities",82,82,5505
2022,Lincolnshire,84 : Public administration and defence; compulsory social security,84,84,8225
2022,Lincolnshire,85 : Education,85,85,14445
2022,Lincolnshire,86 : Human health activities,86,86,13950
2022,Lincolnshire,87 : Residential care activities,87,87,5650
2022,Lincolnshire,88 : Social work activities without accommodation,88,88,5750
2022,Lincolnshire,"90 : Creative, arts and entertainment activities",90,90,290
2022,Lincolnshire,"91 : Libraries, archives, museums and other cultural activities",91,91,380
2022,Lincolnshire,92 : Gambling and betting activities,92,92,400
2022,Lincolnshire,93 : Sports activities and amusement and recreation activities,93,93,1305
2022,Lincolnshire,94 : Activities of membership organisations,94,94,870
2022,Lincolnshire,95 : Repair of computers and personal and household goods,95,95,515
2022,Lincolnshire,96 : Other personal service activities,96,96,1505
2022,Lincolnshire,97 : Activities of households as employers of domestic personnel,97,97,0
2022,Lincolnshire,98 : Undifferentiated goods- and services-producing activities of private households for own use,98,98,0
2022,Lincolnshire,99 : Activities of extraterritorial organisations and bodies,99,99,0
2022,Merseyside,"01 : Crop and animal production, hunting and related service activities",01,1,435
2022,Merseyside,02 : Forestry and logging,02,2,15
2022,Merseyside,03 : Fishing and aquaculture,03,3,0
2022,Merseyside,05 : Mining of coal and lignite,05,5,0
2022,Merseyside,06 : Extraction of crude petroleum and natural gas,06,6,0
2022,Merseyside,07 : Mining of metal ores,07,7,0
2022,Merseyside,08 : Other mining and quarrying,08,8,90
2022,Merseyside,09 : Mining support service activities,09,9,300
2022,Merseyside,10 : Manufacture of food products,10,10,6285
2022,Merseyside,11 : Manufacture of beverages,11,11,70
2022,Merseyside,12 : Manufacture of tobacco products,12,12,0
2022,Merseyside,13 : Manufacture of textiles,13,13,600
2022,Merseyside,14 : Manufacture of wearing apparel,14,14,105
2022,Merseyside,15 : Manufacture of leather and related products,15,15,0
2022,Merseyside,"16 : Manufacture of wood and of products of wood and cork, except furniture;manufacture of articles of straw and plaiting materials",16,16,950
2022,Merseyside,17 : Manufacture of paper and paper products,17,17,675
2022,Merseyside,18 : Printing and reproduction of recorded media,18,18,1090
2022,Merseyside,19 : Manufacture of coke and refined petroleum products,19,19,150
2022,Merseyside,20 : Manufacture of chemicals and chemical products,20,20,4060
2022,Merseyside,21 : Manufacture of basic pharmaceutical products and pharmaceutical preparations,21,21,2150
2022,Merseyside,22 : Manufacture of rubber and plastic products,22,22,2235
2022,Merseyside,23 : Manufacture of other non-metallic mineral products,23,23,2270
2022,Merseyside,24 : Manufacture of basic metals,24,24,790
2022,Merseyside,"25 : Manufacture of fabricated metal products, except machinery and equipment",25,25,5680
2022,Merseyside,"26 : Manufacture of computer, electronic and optical products",26,26,555
2022,Merseyside,27 : Manufacture of electrical equipment,27,27,1220
2022,Merseyside,28 : Manufacture of machinery and equipment n.e.c.,28,28,1500
2022,Merseyside,"29 : Manufacture of motor vehicles, trailers and semi-trailers",29,29,5660
2022,Merseyside,30 : Manufacture of other transport equipment,30,30,2450
2022,Merseyside,31 : Manufacture of furniture,31,31,1180
2022,Merseyside,32 : Other manufacturing,32,32,1045
2022,Merseyside,33 : Repair and installation of machinery and equipment,33,33,1495
2022,Merseyside,"35 : Electricity, gas, steam and air conditioning supply",35,35,745
2022,Merseyside,"36 : Water collection, treatment and supply",36,36,150
2022,Merseyside,37 : Sewerage,37,37,500
2022,Merseyside,"38 : Waste collection, treatment and disposal activities; materials recovery",38,38,3250
2022,Merseyside,"39 : Remediation activities and other waste management services. This division includes the provision of remediation services, i.e. the cleanup of contaminated buildings and sites, soil, surface or ground water.",39,39,500
2022,Merseyside,41 : Construction of buildings,41,41,8750
2022,Merseyside,42 : Civil engineering,42,42,3180
2022,Merseyside,43 : Specialised construction activities,43,43,16305
2022,Merseyside,45 : Wholesale and retail trade and repair of motor vehicles and motorcycles,45,45,6570
2022,Merseyside,"46 : Wholesale trade, except of motor vehicles and motorcycles",46,46,20565
2022,Merseyside,"47 : Retail trade, except of motor vehicles and motorcycles",47,47,22915
2022,Merseyside,49 : Land transport and transport via pipelines,49,49,10400
2022,Merseyside,50 : Water transport,50,50,875
2022,Merseyside,51 : Air transport,51,51,875
2022,Merseyside,52 : Warehousing and support activities for transportation,52,52,18035
2022,Merseyside,53 : Postal and courier activities,53,53,3075
2022,Merseyside,55 : Accommodation,55,55,2510
2022,Merseyside,56 : Food and beverage service activities,56,56,16050
2022,Merseyside,58 : Publishing activities,58,58,2255
2022,Merseyside,"59 : Motion picture, video and television programme production, sound recording and music publishing activities",59,59,1055
2022,Merseyside,60 : Programming and broadcasting activities,60,60,265
2022,Merseyside,61 : Telecommunications,61,61,3850
2022,Merseyside,"62 : Computer programming, consultancy and related activities",62,62,6715
2022,Merseyside,63 : Information service activities,63,63,720
2022,Merseyside,"64 : Financial service activities, except insurance and pension funding",64,64,5900
2022,Merseyside,"65 : Insurance, reinsurance and pension funding, except compulsory social security",65,65,1070
2022,Merseyside,66 : Activities auxiliary to financial services and insurance activities,66,66,6330
2022,Merseyside,68 : Real estate activities,68,68,7850
2022,Merseyside,69 : Legal and accounting activities,69,69,13025
2022,Merseyside,70 : Activities of head offices; management consultancy activities,70,70,9175
2022,Merseyside,71 : Architectural and engineering activities; technical testing and analysis,71,71,8375
2022,Merseyside,72 : Scientific research and development,72,72,2605
2022,Merseyside,73 : Advertising and market research,73,73,725
2022,Merseyside,"74 : Other professional, scientific and technical activities",74,74,2430
2022,Merseyside,75 : Veterinary activities,75,75,800
2022,Merseyside,77 : Rental and leasing activities,77,77,2760
2022,Merseyside,78 : Employment activities,78,78,10250
2022,Merseyside,"79 : Travel agency, tour operator and other reservation service and related activities",79,79,500
2022,Merseyside,80 : Security and investigation activities,80,80,4715
2022,Merseyside,81 : Services to buildings and landscape activities,81,81,6295
2022,Merseyside,"82 : Office administrative, office support and other business support activities",82,82,7610
2022,Merseyside,84 : Public administration and defence; compulsory social security,84,84,34400
2022,Merseyside,85 : Education,85,85,33580
2022,Merseyside,86 : Human health activities,86,86,56350
2022,Merseyside,87 : Residential care activities,87,87,10450
2022,Merseyside,88 : Social work activities without accommodation,88,88,11750
2022,Merseyside,"90 : Creative, arts and entertainment activities",90,90,425
2022,Merseyside,"91 : Libraries, archives, museums and other cultural activities",91,91,855
2022,Merseyside,92 : Gambling and betting activities,92,92,1500
2022,Merseyside,93 : Sports activities and amusement and recreation activities,93,93,3400
2022,Merseyside,94 : Activities of membership organisations,94,94,3200
2022,Merseyside,95 : Repair of computers and personal and household goods,95,95,650
2022,Merseyside,96 : Other personal service activities,96,96,4125
2022,Merseyside,97 : Activities of households as employers of domestic personnel,97,97,0
2022,Merseyside,98 : Undifferentiated goods- and services-producing activities of private households for own use,98,98,0
2022,Merseyside,99 : Activities of extraterritorial organisations and bodies,99,99,0
2022,North Eastern Scotland,"01 : Crop and animal production, hunting and related service activities",01,1,2095
2022,North Eastern Scotland,02 : Forestry and logging,02,2,375
2022,North Eastern Scotland,03 : Fishing and aquaculture,03,3,1540
2022,North Eastern Scotland,05 : Mining of coal and lignite,05,5,0
2022,North Eastern Scotland,06 : Extraction of crude petroleum and natural gas,06,6,8010
2022,North Eastern Scotland,07 : Mining of metal ores,07,7,0
2022,North Eastern Scotland,08 : Other mining and quarrying,08,8,300
2022,North Eastern Scotland,09 : Mining support service activities,09,9,14000
2022,North Eastern Scotland,10 : Manufacture of food products,10,10,3875
2022,North Eastern Scotland,11 : Manufacture of beverages,11,11,455
2022,North Eastern Scotland,12 : Manufacture of tobacco products,12,12,0
2022,North Eastern Scotland,13 : Manufacture of textiles,13,13,100
2022,North Eastern Scotland,14 : Manufacture of wearing apparel,14,14,140
2022,North Eastern Scotland,15 : Manufacture of leather and related products,15,15,0
2022,North Eastern Scotland,"16 : Manufacture of wood and of products of wood and cork, except furniture;manufacture of articles of straw and plaiting materials",16,16,875
2022,North Eastern Scotland,17 : Manufacture of paper and paper products,17,17,200
2022,North Eastern Scotland,18 : Printing and reproduction of recorded media,18,18,100
2022,North Eastern Scotland,19 : Manufacture of coke and refined petroleum products,19,19,225
2022,North Eastern Scotland,20 : Manufacture of chemicals and chemical products,20,20,235
2022,North Eastern Scotland,21 : Manufacture of basic pharmaceutical products and pharmaceutical preparations,21,21,0
2022,North Eastern Scotland,22 : Manufacture of rubber and plastic products,22,22,520
2022,North Eastern Scotland,23 : Manufacture of other non-metallic mineral products,23,23,200
2022,North Eastern Scotland,24 : Manufacture of basic metals,24,24,505
2022,North Eastern Scotland,"25 : Manufacture of fabricated metal products, except machinery and equipment",25,25,2895
2022,North Eastern Scotland,"26 : Manufacture of computer, electronic and optical products",26,26,565
2022,North Eastern Scotland,27 : Manufacture of electrical equipment,27,27,405
2022,North Eastern Scotland,28 : Manufacture of machinery and equipment n.e.c.,28,28,2220
2022,North Eastern Scotland,"29 : Manufacture of motor vehicles, trailers and semi-trailers",29,29,645
2022,North Eastern Scotland,30 : Manufacture of other transport equipment,30,30,1040
2022,North Eastern Scotland,31 : Manufacture of furniture,31,31,65
2022,North Eastern Scotland,32 : Other manufacturing,32,32,100
2022,North Eastern Scotland,33 : Repair and installation of machinery and equipment,33,33,3295
2022,North Eastern Scotland,"35 : Electricity, gas, steam and air conditioning supply",35,35,975
2022,North Eastern Scotland,"36 : Water collection, treatment and supply",36,36,150
2022,North Eastern Scotland,37 : Sewerage,37,37,125
2022,North Eastern Scotland,"38 : Waste collection, treatment and disposal activities; materials recovery",38,38,825
2022,North Eastern Scotland,"39 : Remediation activities and other waste management services. This division includes the provision of remediation services, i.e. the cleanup of contaminated buildings and sites, soil, surface or ground water.",39,39,10
2022,North Eastern Scotland,41 : Construction of buildings,41,41,2750
2022,North Eastern Scotland,42 : Civil engineering,42,42,2495
2022,North Eastern Scotland,43 : Specialised construction activities,43,43,6635
2022,North Eastern Scotland,45 : Wholesale and retail trade and repair of motor vehicles and motorcycles,45,45,2930
2022,North Eastern Scotland,"46 : Wholesale trade, except of motor vehicles and motorcycles",46,46,6120
2022,North Eastern Scotland,"47 : Retail trade, except of motor vehicles and motorcycles",47,47,7135
2022,North Eastern Scotland,49 : Land transport and transport via pipelines,49,49,2765
2022,North Eastern Scotland,50 : Water transport,50,50,265
2022,North Eastern Scotland,51 : Air transport,51,51,925
2022,North Eastern Scotland,52 : Warehousing and support activities for transportation,52,52,4335
2022,North Eastern Scotland,53 : Postal and courier activities,53,53,1085
2022,North Eastern Scotland,55 : Accommodation,55,55,2150
2022,North Eastern Scotland,56 : Food and beverage service activities,56,56,6100
2022,North Eastern Scotland,58 : Publishing activities,58,58,205
2022,North Eastern Scotland,"59 : Motion picture, video and television programme production, sound recording and music publishing activities",59,59,75
2022,North Eastern Scotland,60 : Programming and broadcasting activities,60,60,115
2022,North Eastern Scotland,61 : Telecommunications,61,61,1235
2022,North Eastern Scotland,"62 : Computer programming, consultancy and related activities",62,62,2355
2022,North Eastern Scotland,63 : Information service activities,63,63,145
2022,North Eastern Scotland,"64 : Financial service activities, except insurance and pension funding",64,64,515
2022,North Eastern Scotland,"65 : Insurance, reinsurance and pension funding, except compulsory social security",65,65,40
2022,North Eastern Scotland,66 : Activities auxiliary to financial services and insurance activities,66,66,840
2022,North Eastern Scotland,68 : Real estate activities,68,68,1545
2022,North Eastern Scotland,69 : Legal and accounting activities,69,69,3325
2022,North Eastern Scotland,70 : Activities of head offices; management consultancy activities,70,70,2650
2022,North Eastern Scotland,71 : Architectural and engineering activities; technical testing and analysis,71,71,16640
2022,North Eastern Scotland,72 : Scientific research and development,72,72,1950
2022,North Eastern Scotland,73 : Advertising and market research,73,73,95
2022,North Eastern Scotland,"74 : Other professional, scientific and technical activities",74,74,1620
2022,North Eastern Scotland,75 : Veterinary activities,75,75,500
2022,North Eastern Scotland,77 : Rental and leasing activities,77,77,2725
2022,North Eastern Scotland,78 : Employment activities,78,78,4150
2022,North Eastern Scotland,"79 : Travel agency, tour operator and other reservation service and related activities",79,79,210
2022,North Eastern Scotland,80 : Security and investigation activities,80,80,610
2022,North Eastern Scotland,81 : Services to buildings and landscape activities,81,81,2790
2022,North Eastern Scotland,"82 : Office administrative, office support and other business support activities",82,82,2380
2022,North Eastern Scotland,84 : Public administration and defence; compulsory social security,84,84,8010
2022,North Eastern Scotland,85 : Education,85,85,10730
2022,North Eastern Scotland,86 : Human health activities,86,86,9240
2022,North Eastern Scotland,87 : Residential care activities,87,87,2630
2022,North Eastern Scotland,88 : Social work activities without accommodation,88,88,3600
2022,North Eastern Scotland,"90 : Creative, arts and entertainment activities",90,90,220
2022,North Eastern Scotland,"91 : Libraries, archives, museums and other cultural activities",91,91,400
2022,North Eastern Scotland,92 : Gambling and betting activities,92,92,250
2022,North Eastern Scotland,93 : Sports activities and amusement and recreation activities,93,93,1825
2022,North Eastern Scotland,94 : Activities of membership organisations,94,94,615
2022,North Eastern Scotland,95 : Repair of computers and personal and household goods,95,95,160
2022,North Eastern Scotland,96 : Other personal service activities,96,96,1225
2022,North Eastern Scotland,97 : Activities of households as employers of domestic personnel,97,97,0
2022,North Eastern Scotland,98 : Undifferentiated goods- and services-producing activities of private households for own use,98,98,0
2022,North Eastern Scotland,99 : Activities of extraterritorial organisations and bodies,99,99,0
2022,North Yorkshire,"01 : Crop and animal production, hunting and related service activities",01,1,4600
2022,North Yorkshire,02 : Forestry and logging,02,2,320
2022,North Yorkshire,03 : Fishing and aquaculture,03,3,125
2022,North Yorkshire,05 : Mining of coal and lignite,05,5,0
2022,North Yorkshire,06 : Extraction of crude petroleum and natural gas,06,6,0
2022,North Yorkshire,07 : Mining of metal ores,07,7,0
2022,North Yorkshire,08 : Other mining and quarrying,08,8,515
2022,North Yorkshire,09 : Mining support service activities,09,9,0
2022,North Yorkshire,10 : Manufacture of food products,10,10,11160
2022,North Yorkshire,11 : Manufacture of beverages,11,11,1295
2022,North Yorkshire,12 : Manufacture of tobacco products,12,12,0
2022,North Yorkshire,13 : Manufacture of textiles,13,13,245
2022,North Yorkshire,14 : Manufacture of wearing apparel,14,14,160
2022,North Yorkshire,15 : Manufacture of leather and related products,15,15,0
2022,North Yorkshire,"16 : Manufacture of wood and of products of wood and cork, except furniture;manufacture of articles of straw and plaiting materials",16,16,2240
2022,North Yorkshire,17 : Manufacture of paper and paper products,17,17,415
2022,North Yorkshire,18 : Printing and reproduction of recorded media,18,18,950
2022,North Yorkshire,19 : Manufacture of coke and refined petroleum products,19,19,0
2022,North Yorkshire,20 : Manufacture of chemicals and chemical products,20,20,790
2022,North Yorkshire,21 : Manufacture of basic pharmaceutical products and pharmaceutical preparations,21,21,1270
2022,North Yorkshire,22 : Manufacture of rubber and plastic products,22,22,2125
2022,North Yorkshire,23 : Manufacture of other non-metallic mineral products,23,23,1190
2022,North Yorkshire,24 : Manufacture of basic metals,24,24,670
2022,North Yorkshire,"25 : Manufacture of fabricated metal products, except machinery and equipment",25,25,3660
2022,North Yorkshire,"26 : Manufacture of computer, electronic and optical products",26,26,670
2022,North Yorkshire,27 : Manufacture of electrical equipment,27,27,1775
2022,North Yorkshire,28 : Manufacture of machinery and equipment n.e.c.,28,28,1430
2022,North Yorkshire,"29 : Manufacture of motor vehicles, trailers and semi-trailers",29,29,1600
2022,North Yorkshire,30 : Manufacture of other transport equipment,30,30,465
2022,North Yorkshire,31 : Manufacture of furniture,31,31,685
2022,North Yorkshire,32 : Other manufacturing,32,32,710
2022,North Yorkshire,33 : Repair and installation of machinery and equipment,33,33,1070
2022,North Yorkshire,"35 : Electricity, gas, steam and air conditioning supply",35,35,1360
2022,North Yorkshire,"36 : Water collection, treatment and supply",36,36,250
2022,North Yorkshire,37 : Sewerage,37,37,100
2022,North Yorkshire,"38 : Waste collection, treatment and disposal activities; materials recovery",38,38,1100
2022,North Yorkshire,"39 : Remediation activities and other waste management services. This division includes the provision of remediation services, i.e. the cleanup of contaminated buildings and sites, soil, surface or ground water.",39,39,400
2022,North Yorkshire,41 : Construction of buildings,41,41,3200
2022,North Yorkshire,42 : Civil engineering,42,42,1635
2022,North Yorkshire,43 : Specialised construction activities,43,43,9970
2022,North Yorkshire,45 : Wholesale and retail trade and repair of motor vehicles and motorcycles,45,45,5450
2022,North Yorkshire,"46 : Wholesale trade, except of motor vehicles and motorcycles",46,46,10930
2022,North Yorkshire,"47 : Retail trade, except of motor vehicles and motorcycles",47,47,14885
2022,North Yorkshire,49 : Land transport and transport via pipelines,49,49,5625
2022,North Yorkshire,50 : Water transport,50,50,45
2022,North Yorkshire,51 : Air transport,51,51,40
2022,North Yorkshire,52 : Warehousing and support activities for transportation,52,52,6115
2022,North Yorkshire,53 : Postal and courier activities,53,53,1405
2022,North Yorkshire,55 : Accommodation,55,55,6375
2022,North Yorkshire,56 : Food and beverage service activities,56,56,12450
2022,North Yorkshire,58 : Publishing activities,58,58,455
2022,North Yorkshire,"59 : Motion picture, video and television programme production, sound recording and music publishing activities",59,59,560
2022,North Yorkshire,60 : Programming and broadcasting activities,60,60,55
2022,North Yorkshire,61 : Telecommunications,61,61,1250
2022,North Yorkshire,"62 : Computer programming, consultancy and related activities",62,62,4830
2022,North Yorkshire,63 : Information service activities,63,63,50
2022,North Yorkshire,"64 : Financial service activities, except insurance and pension funding",64,64,2750
2022,North Yorkshire,"65 : Insurance, reinsurance and pension funding, except compulsory social security",65,65,2300
2022,North Yorkshire,66 : Activities auxiliary to financial services and insurance activities,66,66,3720
2022,North Yorkshire,68 : Real estate activities,68,68,3350
2022,North Yorkshire,69 : Legal and accounting activities,69,69,4145
2022,North Yorkshire,70 : Activities of head offices; management consultancy activities,70,70,5245
2022,North Yorkshire,71 : Architectural and engineering activities; technical testing and analysis,71,71,4525
2022,North Yorkshire,72 : Scientific research and development,72,72,2495
2022,North Yorkshire,73 : Advertising and market research,73,73,1850
2022,North Yorkshire,"74 : Other professional, scientific and technical activities",74,74,1585
2022,North Yorkshire,75 : Veterinary activities,75,75,1500
2022,North Yorkshire,77 : Rental and leasing activities,77,77,1145
2022,North Yorkshire,78 : Employment activities,78,78,5655
2022,North Yorkshire,"79 : Travel agency, tour operator and other reservation service and related activities",79,79,470
2022,North Yorkshire,80 : Security and investigation activities,80,80,740
2022,North Yorkshire,81 : Services to buildings and landscape activities,81,81,4040
2022,North Yorkshire,"82 : Office administrative, office support and other business support activities",82,82,3675
2022,North Yorkshire,84 : Public administration and defence; compulsory social security,84,84,14950
2022,North Yorkshire,85 : Education,85,85,18455
2022,North Yorkshire,86 : Human health activities,86,86,14675
2022,North Yorkshire,87 : Residential care activities,87,87,5050
2022,North Yorkshire,88 : Social work activities without accommodation,88,88,7500
2022,North Yorkshire,"90 : Creative, arts and entertainment activities",90,90,415
2022,North Yorkshire,"91 : Libraries, archives, museums and other cultural activities",91,91,1460
2022,North Yorkshire,92 : Gambling and betting activities,92,92,225
2022,North Yorkshire,93 : Sports activities and amusement and recreation activities,93,93,2060
2022,North Yorkshire,94 : Activities of membership organisations,94,94,1130
2022,North Yorkshire,95 : Repair of computers and personal and household goods,95,95,255
2022,North Yorkshire,96 : Other personal service activities,96,96,1825
2022,North Yorkshire,97 : Activities of households as employers of domestic personnel,97,97,0
2022,North Yorkshire,98 : Undifferentiated goods- and services-producing activities of private households for own use,98,98,0
2022,North Yorkshire,99 : Activities of extraterritorial organisations and bodies,99,99,0
2022,"Northumberland, and Tyne and Wear","01 : Crop and animal production, hunting and related service activities",01,1,1810
2022,"Northumberland, and Tyne and Wear",02 : Forestry and logging,02,2,230
2022,"Northumberland, and Tyne and Wear",03 : Fishing and aquaculture,03,3,30
2022,"Northumberland, and Tyne and Wear",05 : Mining of coal and lignite,05,5,0
2022,"Northumberland, and Tyne and Wear",06 : Extraction of crude petroleum and natural gas,06,6,0
2022,"Northumberland, and Tyne and Wear",07 : Mining of metal ores,07,7,0
2022,"Northumberland, and Tyne and Wear",08 : Other mining and quarrying,08,8,150
2022,"Northumberland, and Tyne and Wear",09 : Mining support service activities,09,9,10
2022,"Northumberland, and Tyne and Wear",10 : Manufacture of food products,10,10,5030
2022,"Northumberland, and Tyne and Wear",11 : Manufacture of beverages,11,11,810
2022,"Northumberland, and Tyne and Wear",12 : Manufacture of tobacco products,12,12,0
2022,"Northumberland, and Tyne and Wear",13 : Manufacture of textiles,13,13,1155
2022,"Northumberland, and Tyne and Wear",14 : Manufacture of wearing apparel,14,14,160
2022,"Northumberland, and Tyne and Wear",15 : Manufacture of leather and related products,15,15,0
2022,"Northumberland, and Tyne and Wear","16 : Manufacture of wood and of products of wood and cork, except furniture;manufacture of articles of straw and plaiting materials",16,16,1745
2022,"Northumberland, and Tyne and Wear",17 : Manufacture of paper and paper products,17,17,2050
2022,"Northumberland, and Tyne and Wear",18 : Printing and reproduction of recorded media,18,18,1650
2022,"Northumberland, and Tyne and Wear",19 : Manufacture of coke and refined petroleum products,19,19,300
2022,"Northumberland, and Tyne and Wear",20 : Manufacture of chemicals and chemical products,20,20,1310
2022,"Northumberland, and Tyne and Wear",21 : Manufacture of basic pharmaceutical products and pharmaceutical preparations,21,21,2500
2022,"Northumberland, and Tyne and Wear",22 : Manufacture of rubber and plastic products,22,22,3750
2022,"Northumberland, and Tyne and Wear",23 : Manufacture of other non-metallic mineral products,23,23,1395
2022,"Northumberland, and Tyne and Wear",24 : Manufacture of basic metals,24,24,520
2022,"Northumberland, and Tyne and Wear","25 : Manufacture of fabricated metal products, except machinery and equipment",25,25,6935
2022,"Northumberland, and Tyne and Wear","26 : Manufacture of computer, electronic and optical products",26,26,2240
2022,"Northumberland, and Tyne and Wear",27 : Manufacture of electrical equipment,27,27,2010
2022,"Northumberland, and Tyne and Wear",28 : Manufacture of machinery and equipment n.e.c.,28,28,4715
2022,"Northumberland, and Tyne and Wear","29 : Manufacture of motor vehicles, trailers and semi-trailers",29,29,9845
2022,"Northumberland, and Tyne and Wear",30 : Manufacture of other transport equipment,30,30,535
2022,"Northumberland, and Tyne and Wear",31 : Manufacture of furniture,31,31,900
2022,"Northumberland, and Tyne and Wear",32 : Other manufacturing,32,32,1380
2022,"Northumberland, and Tyne and Wear",33 : Repair and installation of machinery and equipment,33,33,2305
2022,"Northumberland, and Tyne and Wear","35 : Electricity, gas, steam and air conditioning supply",35,35,2320
2022,"Northumberland, and Tyne and Wear","36 : Water collection, treatment and supply",36,36,800
2022,"Northumberland, and Tyne and Wear",37 : Sewerage,37,37,30
2022,"Northumberland, and Tyne and Wear","38 : Waste collection, treatment and disposal activities; materials recovery",38,38,2120
2022,"Northumberland, and Tyne and Wear","39 : Remediation activities and other waste management services. This division includes the provision of remediation services, i.e. the cleanup of contaminated buildings and sites, soil, surface or ground water.",39,39,125
2022,"Northumberland, and Tyne and Wear",41 : Construction of buildings,41,41,5350
2022,"Northumberland, and Tyne and Wear",42 : Civil engineering,42,42,3395
2022,"Northumberland, and Tyne and Wear",43 : Specialised construction activities,43,43,13425
2022,"Northumberland, and Tyne and Wear",45 : Wholesale and retail trade and repair of motor vehicles and motorcycles,45,45,7275
2022,"Northumberland, and Tyne and Wear","46 : Wholesale trade, except of motor vehicles and motorcycles",46,46,11840
2022,"Northumberland, and Tyne and Wear","47 : Retail trade, except of motor vehicles and motorcycles",47,47,21990
2022,"Northumberland, and Tyne and Wear",49 : Land transport and transport via pipelines,49,49,12710
2022,"Northumberland, and Tyne and Wear",50 : Water transport,50,50,30
2022,"Northumberland, and Tyne and Wear",51 : Air transport,51,51,1515
2022,"Northumberland, and Tyne and Wear",52 : Warehousing and support activities for transportation,52,52,8815
2022,"Northumberland, and Tyne and Wear",53 : Postal and courier activities,53,53,3420
2022,"Northumberland, and Tyne and Wear",55 : Accommodation,55,55,4585
2022,"Northumberland, and Tyne and Wear",56 : Food and beverage service activities,56,56,15950
2022,"Northumberland, and Tyne and Wear",58 : Publishing activities,58,58,1710
2022,"Northumberland, and Tyne and Wear","59 : Motion picture, video and television programme production, sound recording and music publishing activities",59,59,275
2022,"Northumberland, and Tyne and Wear",60 : Programming and broadcasting activities,60,60,130
2022,"Northumberland, and Tyne and Wear",61 : Telecommunications,61,61,6550
2022,"Northumberland, and Tyne and Wear","62 : Computer programming, consultancy and related activities",62,62,10550
2022,"Northumberland, and Tyne and Wear",63 : Information service activities,63,63,1175
2022,"Northumberland, and Tyne and Wear","64 : Financial service activities, except insurance and pension funding",64,64,7065
2022,"Northumberland, and Tyne and Wear","65 : Insurance, reinsurance and pension funding, except compulsory social security",65,65,1020
2022,"Northumberland, and Tyne and Wear",66 : Activities auxiliary to financial services and insurance activities,66,66,5400
2022,"Northumberland, and Tyne and Wear",68 : Real estate activities,68,68,7370
2022,"Northumberland, and Tyne and Wear",69 : Legal and accounting activities,69,69,9325
2022,"Northumberland, and Tyne and Wear",70 : Activities of head offices; management consultancy activities,70,70,7225
2022,"Northumberland, and Tyne and Wear",71 : Architectural and engineering activities; technical testing and analysis,71,71,7200
2022,"Northumberland, and Tyne and Wear",72 : Scientific research and development,72,72,1410
2022,"Northumberland, and Tyne and Wear",73 : Advertising and market research,73,73,575
2022,"Northumberland, and Tyne and Wear","74 : Other professional, scientific and technical activities",74,74,2990
2022,"Northumberland, and Tyne and Wear",75 : Veterinary activities,75,75,900
2022,"Northumberland, and Tyne and Wear",77 : Rental and leasing activities,77,77,2805
2022,"Northumberland, and Tyne and Wear",78 : Employment activities,78,78,8510
2022,"Northumberland, and Tyne and Wear","79 : Travel agency, tour operator and other reservation service and related activities",79,79,1565
2022,"Northumberland, and Tyne and Wear",80 : Security and investigation activities,80,80,2865
2022,"Northumberland, and Tyne and Wear",81 : Services to buildings and landscape activities,81,81,8440
2022,"Northumberland, and Tyne and Wear","82 : Office administrative, office support and other business support activities",82,82,14145
2022,"Northumberland, and Tyne and Wear",84 : Public administration and defence; compulsory social security,84,84,33750
2022,"Northumberland, and Tyne and Wear",85 : Education,85,85,37940
2022,"Northumberland, and Tyne and Wear",86 : Human health activities,86,86,40750
2022,"Northumberland, and Tyne and Wear",87 : Residential care activities,87,87,9850
2022,"Northumberland, and Tyne and Wear",88 : Social work activities without accommodation,88,88,11250
2022,"Northumberland, and Tyne and Wear","90 : Creative, arts and entertainment activities",90,90,1700
2022,"Northumberland, and Tyne and Wear","91 : Libraries, archives, museums and other cultural activities",91,91,690
2022,"Northumberland, and Tyne and Wear",92 : Gambling and betting activities,92,92,1500
2022,"Northumberland, and Tyne and Wear",93 : Sports activities and amusement and recreation activities,93,93,2450
2022,"Northumberland, and Tyne and Wear",94 : Activities of membership organisations,94,94,2825
2022,"Northumberland, and Tyne and Wear",95 : Repair of computers and personal and household goods,95,95,1190
2022,"Northumberland, and Tyne and Wear",96 : Other personal service activities,96,96,2625
2022,"Northumberland, and Tyne and Wear",97 : Activities of households as employers of domestic personnel,97,97,0
2022,"Northumberland, and Tyne and Wear",98 : Undifferentiated goods- and services-producing activities of private households for own use,98,98,0
2022,"Northumberland, and Tyne and Wear",99 : Activities of extraterritorial organisations and bodies,99,99,0
2022,Outer London - East and North East,"01 : Crop and animal production, hunting and related service activities",01,1,135
2022,Outer London - East and North East,02 : Forestry and logging,02,2,115
2022,Outer London - East and North East,03 : Fishing and aquaculture,03,3,55
2022,Outer London - East and North East,05 : Mining of coal and lignite,05,5,0
2022,Outer London - East and North East,06 : Extraction of crude petroleum and natural gas,06,6,0
2022,Outer London - East and North East,07 : Mining of metal ores,07,7,0
2022,Outer London - East and North East,08 : Other mining and quarrying,08,8,205
2022,Outer London - East and North East,09 : Mining support service activities,09,9,5
2022,Outer London - East and North East,10 : Manufacture of food products,10,10,5270
2022,Outer London - East and North East,11 : Manufacture of beverages,11,11,955
2022,Outer London - East and North East,12 : Manufacture of tobacco products,12,12,0
2022,Outer London - East and North East,13 : Manufacture of textiles,13,13,560
2022,Outer London - East and North East,14 : Manufacture of wearing apparel,14,14,400
2022,Outer London - East and North East,15 : Manufacture of leather and related products,15,15,100
2022,Outer London - East and North East,"16 : Manufacture of wood and of products of wood and cork, except furniture;manufacture of articles of straw and plaiting materials",16,16,830
2022,Outer London - East and North East,17 : Manufacture of paper and paper products,17,17,115
2022,Outer London - East and North East,18 : Printing and reproduction of recorded media,18,18,905
2022,Outer London - East and North East,19 : Manufacture of coke and refined petroleum products,19,19,0
2022,Outer London - East and North East,20 : Manufacture of chemicals and chemical products,20,20,190
2022,Outer London - East and North East,21 : Manufacture of basic pharmaceutical products and pharmaceutical preparations,21,21,100
2022,Outer London - East and North East,22 : Manufacture of rubber and plastic products,22,22,495
2022,Outer London - East and North East,23 : Manufacture of other non-metallic mineral products,23,23,580
2022,Outer London - East and North East,24 : Manufacture of basic metals,24,24,120
2022,Outer London - East and North East,"25 : Manufacture of fabricated metal products, except machinery and equipment",25,25,2195
2022,Outer London - East and North East,"26 : Manufacture of computer, electronic and optical products",26,26,955
2022,Outer London - East and North East,27 : Manufacture of electrical equipment,27,27,445
2022,Outer London - East and North East,28 : Manufacture of machinery and equipment n.e.c.,28,28,420
2022,Outer London - East and North East,"29 : Manufacture of motor vehicles, trailers and semi-trailers",29,29,2050
2022,Outer London - East and North East,30 : Manufacture of other transport equipment,30,30,185
2022,Outer London - East and North East,31 : Manufacture of furniture,31,31,1225
2022,Outer London - East and North East,32 : Other manufacturing,32,32,585
2022,Outer London - East and North East,33 : Repair and installation of machinery and equipment,33,33,1230
2022,Outer London - East and North East,"35 : Electricity, gas, steam and air conditioning supply",35,35,495
2022,Outer London - East and North East,"36 : Water collection, treatment and supply",36,36,200
2022,Outer London - East and North East,37 : Sewerage,37,37,600
2022,Outer London - East and North East,"38 : Waste collection, treatment and disposal activities; materials recovery",38,38,5290
2022,Outer London - East and North East,"39 : Remediation activities and other waste management services. This division includes the provision of remediation services, i.e. the cleanup of contaminated buildings and sites, soil, surface or ground water.",39,39,400
2022,Outer London - East and North East,41 : Construction of buildings,41,41,11250
2022,Outer London - East and North East,42 : Civil engineering,42,42,2440
2022,Outer London - East and North East,43 : Specialised construction activities,43,43,14030
2022,Outer London - East and North East,45 : Wholesale and retail trade and repair of motor vehicles and motorcycles,45,45,6600
2022,Outer London - East and North East,"46 : Wholesale trade, except of motor vehicles and motorcycles",46,46,20000
2022,Outer London - East and North East,"47 : Retail trade, except of motor vehicles and motorcycles",47,47,25495
2022,Outer London - East and North East,49 : Land transport and transport via pipelines,49,49,14100
2022,Outer London - East and North East,50 : Water transport,50,50,155
2022,Outer London - East and North East,51 : Air transport,51,51,50
2022,Outer London - East and North East,52 : Warehousing and support activities for transportation,52,52,13615
2022,Outer London - East and North East,53 : Postal and courier activities,53,53,4250
2022,Outer London - East and North East,55 : Accommodation,55,55,1450
2022,Outer London - East and North East,56 : Food and beverage service activities,56,56,19400
2022,Outer London - East and North East,58 : Publishing activities,58,58,540
2022,Outer London - East and North East,"59 : Motion picture, video and television programme production, sound recording and music publishing activities",59,59,1200
2022,Outer London - East and North East,60 : Programming and broadcasting activities,60,60,165
2022,Outer London - East and North East,61 : Telecommunications,61,61,2590
2022,Outer London - East and North East,"62 : Computer programming, consultancy and related activities",62,62,8400
2022,Outer London - East and North East,63 : Information service activities,63,63,535
2022,Outer London - East and North East,"64 : Financial service activities, except insurance and pension funding",64,64,2330
2022,Outer London - East and North East,"65 : Insurance, reinsurance and pension funding, except compulsory social security",65,65,105
2022,Outer London - East and North East,66 : Activities auxiliary to financial services and insurance activities,66,66,1935
2022,Outer London - East and North East,68 : Real estate activities,68,68,7315
2022,Outer London - East and North East,69 : Legal and accounting activities,69,69,7760
2022,Outer London - East and North East,70 : Activities of head offices; management consultancy activities,70,70,7100
2022,Outer London - East and North East,71 : Architectural and engineering activities; technical testing and analysis,71,71,6225
2022,Outer London - East and North East,72 : Scientific research and development,72,72,315
2022,Outer London - East and North East,73 : Advertising and market research,73,73,1100
2022,Outer London - East and North East,"74 : Other professional, scientific and technical activities",74,74,2435
2022,Outer London - East and North East,75 : Veterinary activities,75,75,500
2022,Outer London - East and North East,77 : Rental and leasing activities,77,77,2335
2022,Outer London - East and North East,78 : Employment activities,78,78,10235
2022,Outer London - East and North East,"79 : Travel agency, tour operator and other reservation service and related activities",79,79,730
2022,Outer London - East and North East,80 : Security and investigation activities,80,80,11470
2022,Outer London - East and North East,81 : Services to buildings and landscape activities,81,81,9250
2022,Outer London - East and North East,"82 : Office administrative, office support and other business support activities",82,82,8530
2022,Outer London - East and North East,84 : Public administration and defence; compulsory social security,84,84,19650
2022,Outer London - East and North East,85 : Education,85,85,31760
2022,Outer London - East and North East,86 : Human health activities,86,86,33300
2022,Outer London - East and North East,87 : Residential care activities,87,87,9000
2022,Outer London - East and North East,88 : Social work activities without accommodation,88,88,12000
2022,Outer London - East and North East,"90 : Creative, arts and entertainment activities",90,90,1375
2022,Outer London - East and North East,"91 : Libraries, archives, museums and other cultural activities",91,91,1600
2022,Outer London - East and North East,92 : Gambling and betting activities,92,92,900
2022,Outer London - East and North East,93 : Sports activities and amusement and recreation activities,93,93,3110
2022,Outer London - East and North East,94 : Activities of membership organisations,94,94,1860
2022,Outer London - East and North East,95 : Repair of computers and personal and household goods,95,95,4445
2022,Outer London - East and North East,96 : Other personal service activities,96,96,5300
2022,Outer London - East and North East,97 : Activities of households as employers of domestic personnel,97,97,0
2022,Outer London - East and North East,98 : Undifferentiated goods- and services-producing activities of private households for own use,98,98,0
2022,Outer London - East and North East,99 : Activities of extraterritorial organisations and bodies,99,99,0
2022,Outer London - South,"01 : Crop and animal production, hunting and related service activities",01,1,230
2022,Outer London - South,02 : Forestry and logging,02,2,110
2022,Outer London - South,03 : Fishing and aquaculture,03,3,30
2022,Outer London - South,05 : Mining of coal and lignite,05,5,0
2022,Outer London - South,06 : Extraction of crude petroleum and natural gas,06,6,0
2022,Outer London - South,07 : Mining of metal ores,07,7,0
2022,Outer London - South,08 : Other mining and quarrying,08,8,5
2022,Outer London - South,09 : Mining support service activities,09,9,0
2022,Outer London - South,10 : Manufacture of food products,10,10,1470
2022,Outer London - South,11 : Manufacture of beverages,11,11,40
2022,Outer London - South,12 : Manufacture of tobacco products,12,12,0
2022,Outer London - South,13 : Manufacture of textiles,13,13,190
2022,Outer London - South,14 : Manufacture of wearing apparel,14,14,95
2022,Outer London - South,15 : Manufacture of leather and related products,15,15,60
2022,Outer London - South,"16 : Manufacture of wood and of products of wood and cork, except furniture;manufacture of articles of straw and plaiting materials",16,16,345
2022,Outer London - South,17 : Manufacture of paper and paper products,17,17,40
2022,Outer London - South,18 : Printing and reproduction of recorded media,18,18,760
2022,Outer London - South,19 : Manufacture of coke and refined petroleum products,19,19,0
2022,Outer London - South,20 : Manufacture of chemicals and chemical products,20,20,475
2022,Outer London - South,21 : Manufacture of basic pharmaceutical products and pharmaceutical preparations,21,21,150
2022,Outer London - South,22 : Manufacture of rubber and plastic products,22,22,520
2022,Outer London - South,23 : Manufacture of other non-metallic mineral products,23,23,85
2022,Outer London - South,24 : Manufacture of basic metals,24,24,15
2022,Outer London - South,"25 : Manufacture of fabricated metal products, except machinery and equipment",25,25,1435
2022,Outer London - South,"26 : Manufacture of computer, electronic and optical products",26,26,650
2022,Outer London - South,27 : Manufacture of electrical equipment,27,27,325
2022,Outer London - South,28 : Manufacture of machinery and equipment n.e.c.,28,28,175
2022,Outer London - South,"29 : Manufacture of motor vehicles, trailers and semi-trailers",29,29,65
2022,Outer London - South,30 : Manufacture of other transport equipment,30,30,540
2022,Outer London - South,31 : Manufacture of furniture,31,31,415
2022,Outer London - South,32 : Other manufacturing,32,32,715
2022,Outer London - South,33 : Repair and installation of machinery and equipment,33,33,885
2022,Outer London - South,"35 : Electricity, gas, steam and air conditioning supply",35,35,635
2022,Outer London - South,"36 : Water collection, treatment and supply",36,36,150
2022,Outer London - South,37 : Sewerage,37,37,125
2022,Outer London - South,"38 : Waste collection, treatment and disposal activities; materials recovery",38,38,1695
2022,Outer London - South,"39 : Remediation activities and other waste management services. This division includes the provision of remediation services, i.e. the cleanup of contaminated buildings and sites, soil, surface or ground water.",39,39,20
2022,Outer London - South,41 : Construction of buildings,41,41,6400
2022,Outer London - South,42 : Civil engineering,42,42,1610
2022,Outer London - South,43 : Specialised construction activities,43,43,10575
2022,Outer London - South,45 : Wholesale and retail trade and repair of motor vehicles and motorcycles,45,45,4375
2022,Outer London - South,"46 : Wholesale trade, except of motor vehicles and motorcycles",46,46,12995
2022,Outer London - South,"47 : Retail trade, except of motor vehicles and motorcycles",47,47,22230
2022,Outer London - South,49 : Land transport and transport via pipelines,49,49,9060
2022,Outer London - South,50 : Water transport,50,50,85
2022,Outer London - South,51 : Air transport,51,51,650
2022,Outer London - South,52 : Warehousing and support activities for transportation,52,52,3875
2022,Outer London - South,53 : Postal and courier activities,53,53,3200
2022,Outer London - South,55 : Accommodation,55,55,1440
2022,Outer London - South,56 : Food and beverage service activities,56,56,16150
2022,Outer London - South,58 : Publishing activities,58,58,1780
2022,Outer London - South,"59 : Motion picture, video and television programme production, sound recording and music publishing activities",59,59,1075
2022,Outer London - South,60 : Programming and broadcasting activities,60,60,430
2022,Outer London - South,61 : Telecommunications,61,61,1660
2022,Outer London - South,"62 : Computer programming, consultancy and related activities",62,62,10875
2022,Outer London - South,63 : Information service activities,63,63,560
2022,Outer London - South,"64 : Financial service activities, except insurance and pension funding",64,64,4070
2022,Outer London - South,"65 : Insurance, reinsurance and pension funding, except compulsory social security",65,65,730
2022,Outer London - South,66 : Activities auxiliary to financial services and insurance activities,66,66,6335
2022,Outer London - South,68 : Real estate activities,68,68,6490
2022,Outer London - South,69 : Legal and accounting activities,69,69,6945
2022,Outer London - South,70 : Activities of head offices; management consultancy activities,70,70,10900
2022,Outer London - South,71 : Architectural and engineering activities; technical testing and analysis,71,71,8775
2022,Outer London - South,72 : Scientific research and development,72,72,1250
2022,Outer London - South,73 : Advertising and market research,73,73,1425
2022,Outer London - South,"74 : Other professional, scientific and technical activities",74,74,2955
2022,Outer London - South,75 : Veterinary activities,75,75,350
2022,Outer London - South,77 : Rental and leasing activities,77,77,1540
2022,Outer London - South,78 : Employment activities,78,78,8410
2022,Outer London - South,"79 : Travel agency, tour operator and other reservation service and related activities",79,79,1595
2022,Outer London - South,80 : Security and investigation activities,80,80,16280
2022,Outer London - South,81 : Services to buildings and landscape activities,81,81,7910
2022,Outer London - South,"82 : Office administrative, office support and other business support activities",82,82,6235
2022,Outer London - South,84 : Public administration and defence; compulsory social security,84,84,21160
2022,Outer London - South,85 : Education,85,85,23825
2022,Outer London - South,86 : Human health activities,86,86,25750
2022,Outer London - South,87 : Residential care activities,87,87,7250
2022,Outer London - South,88 : Social work activities without accommodation,88,88,9500
2022,Outer London - South,"90 : Creative, arts and entertainment activities",90,90,1125
2022,Outer London - South,"91 : Libraries, archives, museums and other cultural activities",91,91,155
2022,Outer London - South,92 : Gambling and betting activities,92,92,400
2022,Outer London - South,93 : Sports activities and amusement and recreation activities,93,93,3775
2022,Outer London - South,94 : Activities of membership organisations,94,94,1435
2022,Outer London - South,95 : Repair of computers and personal and household goods,95,95,1320
2022,Outer London - South,96 : Other personal service activities,96,96,5925
2022,Outer London - South,97 : Activities of households as employers of domestic personnel,97,97,0
2022,Outer London - South,98 : Undifferentiated goods- and services-producing activities of private households for own use,98,98,0
2022,Outer London - South,99 : Activities of extraterritorial organisations and bodies,99,99,0
2022,Outer London - West and North West,"01 : Crop and animal production, hunting and related service activities",01,1,150
2022,Outer London - West and North West,02 : Forestry and logging,02,2,100
2022,Outer London - West and North West,03 : Fishing and aquaculture,03,3,30
2022,Outer London - West and North West,05 : Mining of coal and lignite,05,5,0
2022,Outer London - West and North West,06 : Extraction of crude petroleum and natural gas,06,6,310
2022,Outer London - West and North West,07 : Mining of metal ores,07,7,0
2022,Outer London - West and North West,08 : Other mining and quarrying,08,8,75
2022,Outer London - West and North West,09 : Mining support service activities,09,9,30
2022,Outer London - West and North West,10 : Manufacture of food products,10,10,14550
2022,Outer London - West and North West,11 : Manufacture of beverages,11,11,1800
2022,Outer London - West and North West,12 : Manufacture of tobacco products,12,12,0
2022,Outer London - West and North West,13 : Manufacture of textiles,13,13,325
2022,Outer London - West and North West,14 : Manufacture of wearing apparel,14,14,250
2022,Outer London - West and North West,15 : Manufacture of leather and related products,15,15,280
2022,Outer London - West and North West,"16 : Manufacture of wood and of products of wood and cork, except furniture;manufacture of articles of straw and plaiting materials",16,16,905
2022,Outer London - West and North West,17 : Manufacture of paper and paper products,17,17,25
2022,Outer London - West and North West,18 : Printing and reproduction of recorded media,18,18,1020
2022,Outer London - West and North West,19 : Manufacture of coke and refined petroleum products,19,19,0
2022,Outer London - West and North West,20 : Manufacture of chemicals and chemical products,20,20,470
2022,Outer London - West and North West,21 : Manufacture of basic pharmaceutical products and pharmaceutical preparations,21,21,400
2022,Outer London - West and North West,22 : Manufacture of rubber and plastic products,22,22,865
2022,Outer London - West and North West,23 : Manufacture of other non-metallic mineral products,23,23,680
2022,Outer London - West and North West,24 : Manufacture of basic metals,24,24,65
2022,Outer London - West and North West,"25 : Manufacture of fabricated metal products, except machinery and equipment",25,25,2580
2022,Outer London - West and North West,"26 : Manufacture of computer, electronic and optical products",26,26,1235
2022,Outer London - West and North West,27 : Manufacture of electrical equipment,27,27,370
2022,Outer London - West and North West,28 : Manufacture of machinery and equipment n.e.c.,28,28,725
2022,Outer London - West and North West,"29 : Manufacture of motor vehicles, trailers and semi-trailers",29,29,255
2022,Outer London - West and North West,30 : Manufacture of other transport equipment,30,30,325
2022,Outer London - West and North West,31 : Manufacture of furniture,31,31,1735
2022,Outer London - West and North West,32 : Other manufacturing,32,32,1025
2022,Outer London - West and North West,33 : Repair and installation of machinery and equipment,33,33,2790
2022,Outer London - West and North West,"35 : Electricity, gas, steam and air conditioning supply",35,35,865
2022,Outer London - West and North West,"36 : Water collection, treatment and supply",36,36,100
2022,Outer London - West and North West,37 : Sewerage,37,37,350
2022,Outer London - West and North West,"38 : Waste collection, treatment and disposal activities; materials recovery",38,38,4550
2022,Outer London - West and North West,"39 : Remediation activities and other waste management services. This division includes the provision of remediation services, i.e. the cleanup of contaminated buildings and sites, soil, surface or ground water.",39,39,40
2022,Outer London - West and North West,41 : Construction of buildings,41,41,15500
2022,Outer London - West and North West,42 : Civil engineering,42,42,3595
2022,Outer London - West and North West,43 : Specialised construction activities,43,43,11870
2022,Outer London - West and North West,45 : Wholesale and retail trade and repair of motor vehicles and motorcycles,45,45,7775
2022,Outer London - West and North West,"46 : Wholesale trade, except of motor vehicles and motorcycles",46,46,37210
2022,Outer London - West and North West,"47 : Retail trade, except of motor vehicles and motorcycles",47,47,40855
2022,Outer London - West and North West,49 : Land transport and transport via pipelines,49,49,18445
2022,Outer London - West and North West,50 : Water transport,50,50,280
2022,Outer London - West and North West,51 : Air transport,51,51,13550
2022,Outer London - West and North West,52 : Warehousing and support activities for transportation,52,52,26830
2022,Outer London - West and North West,53 : Postal and courier activities,53,53,9450
2022,Outer London - West and North West,55 : Accommodation,55,55,6460
2022,Outer London - West and North West,56 : Food and beverage service activities,56,56,37300
2022,Outer London - West and North West,58 : Publishing activities,58,58,2385
2022,Outer London - West and North West,"59 : Motion picture, video and television programme production, sound recording and music publishing activities",59,59,6120
2022,Outer London - West and North West,60 : Programming and broadcasting activities,60,60,18225
2022,Outer London - West and North West,61 : Telecommunications,61,61,4400
2022,Outer London - West and North West,"62 : Computer programming, consultancy and related activities",62,62,23200
2022,Outer London - West and North West,63 : Information service activities,63,63,2300
2022,Outer London - West and North West,"64 : Financial service activities, except insurance and pension funding",64,64,4380
2022,Outer London - West and North West,"65 : Insurance, reinsurance and pension funding, except compulsory social security",65,65,30
2022,Outer London - West and North West,66 : Activities auxiliary to financial services and insurance activities,66,66,4190
2022,Outer London - West and North West,68 : Real estate activities,68,68,15410
2022,Outer London - West and North West,69 : Legal and accounting activities,69,69,14875
2022,Outer London - West and North West,70 : Activities of head offices; management consultancy activities,70,70,20200
2022,Outer London - West and North West,71 : Architectural and engineering activities; technical testing and analysis,71,71,10450
2022,Outer London - West and North West,72 : Scientific research and development,72,72,4425
2022,Outer London - West and North West,73 : Advertising and market research,73,73,5200
2022,Outer London - West and North West,"74 : Other professional, scientific and technical activities",74,74,6100
2022,Outer London - West and North West,75 : Veterinary activities,75,75,450
2022,Outer London - West and North West,77 : Rental and leasing activities,77,77,4690
2022,Outer London - West and North West,78 : Employment activities,78,78,26300
2022,Outer London - West and North West,"79 : Travel agency, tour operator and other reservation service and related activities",79,79,2135
2022,Outer London - West and North West,80 : Security and investigation activities,80,80,7600
2022,Outer London - West and North West,81 : Services to buildings and landscape activities,81,81,11825
2022,Outer London - West and North West,"82 : Office administrative, office support and other business support activities",82,82,14865
2022,Outer London - West and North West,84 : Public administration and defence; compulsory social security,84,84,23600
2022,Outer London - West and North West,85 : Education,85,85,42530
2022,Outer London - West and North West,86 : Human health activities,86,86,44750
2022,Outer London - West and North West,87 : Residential care activities,87,87,9200
2022,Outer London - West and North West,88 : Social work activities without accommodation,88,88,12000
2022,Outer London - West and North West,"90 : Creative, arts and entertainment activities",90,90,2500
2022,Outer London - West and North West,"91 : Libraries, archives, museums and other cultural activities",91,91,2200
2022,Outer London - West and North West,92 : Gambling and betting activities,92,92,1000
2022,Outer London - West and North West,93 : Sports activities and amusement and recreation activities,93,93,5165
2022,Outer London - West and North West,94 : Activities of membership organisations,94,94,2595
2022,Outer London - West and North West,95 : Repair of computers and personal and household goods,95,95,2925
2022,Outer London - West and North West,96 : Other personal service activities,96,96,7900
2022,Outer London - West and North West,97 : Activities of households as employers of domestic personnel,97,97,0
2022,Outer London - West and North West,98 : Undifferentiated goods- and services-producing activities of private households for own use,98,98,0
2022,Outer London - West and North West,99 : Activities of extraterritorial organisations and bodies,99,99,0
2022,Shropshire and Staffordshire,"01 : Crop and animal production, hunting and related service activities",01,1,6155
2022,Shropshire and Staffordshire,02 : Forestry and logging,02,2,205
2022,Shropshire and Staffordshire,03 : Fishing and aquaculture,03,3,25
2022,Shropshire and Staffordshire,05 : Mining of coal and lignite,05,5,0
2022,Shropshire and Staffordshire,06 : Extraction of crude petroleum and natural gas,06,6,0
2022,Shropshire and Staffordshire,07 : Mining of metal ores,07,7,0
2022,Shropshire and Staffordshire,08 : Other mining and quarrying,08,8,480
2022,Shropshire and Staffordshire,09 : Mining support service activities,09,9,5
2022,Shropshire and Staffordshire,10 : Manufacture of food products,10,10,11585
2022,Shropshire and Staffordshire,11 : Manufacture of beverages,11,11,2030
2022,Shropshire and Staffordshire,12 : Manufacture of tobacco products,12,12,0
2022,Shropshire and Staffordshire,13 : Manufacture of textiles,13,13,345
2022,Shropshire and Staffordshire,14 : Manufacture of wearing apparel,14,14,225
2022,Shropshire and Staffordshire,15 : Manufacture of leather and related products,15,15,125
2022,Shropshire and Staffordshire,"16 : Manufacture of wood and of products of wood and cork, except furniture;manufacture of articles of straw and plaiting materials",16,16,2925
2022,Shropshire and Staffordshire,17 : Manufacture of paper and paper products,17,17,1730
2022,Shropshire and Staffordshire,18 : Printing and reproduction of recorded media,18,18,1465
2022,Shropshire and Staffordshire,19 : Manufacture of coke and refined petroleum products,19,19,540
2022,Shropshire and Staffordshire,20 : Manufacture of chemicals and chemical products,20,20,2335
2022,Shropshire and Staffordshire,21 : Manufacture of basic pharmaceutical products and pharmaceutical preparations,21,21,130
2022,Shropshire and Staffordshire,22 : Manufacture of rubber and plastic products,22,22,4900
2022,Shropshire and Staffordshire,23 : Manufacture of other non-metallic mineral products,23,23,11575
2022,Shropshire and Staffordshire,24 : Manufacture of basic metals,24,24,2930
2022,Shropshire and Staffordshire,"25 : Manufacture of fabricated metal products, except machinery and equipment",25,25,10980
2022,Shropshire and Staffordshire,"26 : Manufacture of computer, electronic and optical products",26,26,1460
2022,Shropshire and Staffordshire,27 : Manufacture of electrical equipment,27,27,2490
2022,Shropshire and Staffordshire,28 : Manufacture of machinery and equipment n.e.c.,28,28,10060
2022,Shropshire and Staffordshire,"29 : Manufacture of motor vehicles, trailers and semi-trailers",29,29,5795
2022,Shropshire and Staffordshire,30 : Manufacture of other transport equipment,30,30,2085
2022,Shropshire and Staffordshire,31 : Manufacture of furniture,31,31,1025
2022,Shropshire and Staffordshire,32 : Other manufacturing,32,32,1025
2022,Shropshire and Staffordshire,33 : Repair and installation of machinery and equipment,33,33,2920
2022,Shropshire and Staffordshire,"35 : Electricity, gas, steam and air conditioning supply",35,35,980
2022,Shropshire and Staffordshire,"36 : Water collection, treatment and supply",36,36,1500
2022,Shropshire and Staffordshire,37 : Sewerage,37,37,1500
2022,Shropshire and Staffordshire,"38 : Waste collection, treatment and disposal activities; materials recovery",38,38,2525
2022,Shropshire and Staffordshire,"39 : Remediation activities and other waste management services. This division includes the provision of remediation services, i.e. the cleanup of contaminated buildings and sites, soil, surface or ground water.",39,39,30
2022,Shropshire and Staffordshire,41 : Construction of buildings,41,41,8000
2022,Shropshire and Staffordshire,42 : Civil engineering,42,42,3000
2022,Shropshire and Staffordshire,43 : Specialised construction activities,43,43,16595
2022,Shropshire and Staffordshire,45 : Wholesale and retail trade and repair of motor vehicles and motorcycles,45,45,13175
2022,Shropshire and Staffordshire,"46 : Wholesale trade, except of motor vehicles and motorcycles",46,46,32720
2022,Shropshire and Staffordshire,"47 : Retail trade, except of motor vehicles and motorcycles",47,47,22885
2022,Shropshire and Staffordshire,49 : Land transport and transport via pipelines,49,49,10060
2022,Shropshire and Staffordshire,50 : Water transport,50,50,100
2022,Shropshire and Staffordshire,51 : Air transport,51,51,45
2022,Shropshire and Staffordshire,52 : Warehousing and support activities for transportation,52,52,26485
2022,Shropshire and Staffordshire,53 : Postal and courier activities,53,53,4575
2022,Shropshire and Staffordshire,55 : Accommodation,55,55,3680
2022,Shropshire and Staffordshire,56 : Food and beverage service activities,56,56,13850
2022,Shropshire and Staffordshire,58 : Publishing activities,58,58,360
2022,Shropshire and Staffordshire,"59 : Motion picture, video and television programme production, sound recording and music publishing activities",59,59,220
2022,Shropshire and Staffordshire,60 : Programming and broadcasting activities,60,60,160
2022,Shropshire and Staffordshire,61 : Telecommunications,61,61,3800
2022,Shropshire and Staffordshire,"62 : Computer programming, consultancy and related activities",62,62,12400
2022,Shropshire and Staffordshire,63 : Information service activities,63,63,270
2022,Shropshire and Staffordshire,"64 : Financial service activities, except insurance and pension funding",64,64,2155
2022,Shropshire and Staffordshire,"65 : Insurance, reinsurance and pension funding, except compulsory social security",65,65,1650
2022,Shropshire and Staffordshire,66 : Activities auxiliary to financial services and insurance activities,66,66,3440
2022,Shropshire and Staffordshire,68 : Real estate activities,68,68,10550
2022,Shropshire and Staffordshire,69 : Legal and accounting activities,69,69,6305
2022,Shropshire and Staffordshire,70 : Activities of head offices; management consultancy activities,70,70,13350
2022,Shropshire and Staffordshire,71 : Architectural and engineering activities; technical testing and analysis,71,71,6275
2022,Shropshire and Staffordshire,72 : Scientific research and development,72,72,460
2022,Shropshire and Staffordshire,73 : Advertising and market research,73,73,970
2022,Shropshire and Staffordshire,"74 : Other professional, scientific and technical activities",74,74,1880
2022,Shropshire and Staffordshire,75 : Veterinary activities,75,75,1000
2022,Shropshire and Staffordshire,77 : Rental and leasing activities,77,77,3110
2022,Shropshire and Staffordshire,78 : Employment activities,78,78,17650
2022,Shropshire and Staffordshire,"79 : Travel agency, tour operator and other reservation service and related activities",79,79,1050
2022,Shropshire and Staffordshire,80 : Security and investigation activities,80,80,1415
2022,Shropshire and Staffordshire,81 : Services to buildings and landscape activities,81,81,5045
2022,Shropshire and Staffordshire,"82 : Office administrative, office support and other business support activities",82,82,6845
2022,Shropshire and Staffordshire,84 : Public administration and defence; compulsory social security,84,84,22550
2022,Shropshire and Staffordshire,85 : Education,85,85,28765
2022,Shropshire and Staffordshire,86 : Human health activities,86,86,37350
2022,Shropshire and Staffordshire,87 : Residential care activities,87,87,11700
2022,Shropshire and Staffordshire,88 : Social work activities without accommodation,88,88,11000
2022,Shropshire and Staffordshire,"90 : Creative, arts and entertainment activities",90,90,625
2022,Shropshire and Staffordshire,"91 : Libraries, archives, museums and other cultural activities",91,91,585
2022,Shropshire and Staffordshire,92 : Gambling and betting activities,92,92,3000
2022,Shropshire and Staffordshire,93 : Sports activities and amusement and recreation activities,93,93,3955
2022,Shropshire and Staffordshire,94 : Activities of membership organisations,94,94,2570
2022,Shropshire and Staffordshire,95 : Repair of computers and personal and household goods,95,95,1495
2022,Shropshire and Staffordshire,96 : Other personal service activities,96,96,6500
2022,Shropshire and Staffordshire,97 : Activities of households as employers of domestic personnel,97,97,0
2022,Shropshire and Staffordshire,98 : Undifferentiated goods- and services-producing activities of private households for own use,98,98,0
2022,Shropshire and Staffordshire,99 : Activities of extraterritorial organisations and bodies,99,99,0
2022,South Yorkshire,"01 : Crop and animal production, hunting and related service activities",01,1,585
2022,South Yorkshire,02 : Forestry and logging,02,2,150
2022,South Yorkshire,03 : Fishing and aquaculture,03,3,15
2022,South Yorkshire,05 : Mining of coal and lignite,05,5,0
2022,South Yorkshire,06 : Extraction of crude petroleum and natural gas,06,6,0
2022,South Yorkshire,07 : Mining of metal ores,07,7,0
2022,South Yorkshire,08 : Other mining and quarrying,08,8,135
2022,South Yorkshire,09 : Mining support service activities,09,9,15
2022,South Yorkshire,10 : Manufacture of food products,10,10,5740
2022,South Yorkshire,11 : Manufacture of beverages,11,11,90
2022,South Yorkshire,12 : Manufacture of tobacco products,12,12,0
2022,South Yorkshire,13 : Manufacture of textiles,13,13,220
2022,South Yorkshire,14 : Manufacture of wearing apparel,14,14,575
2022,South Yorkshire,15 : Manufacture of leather and related products,15,15,0
2022,South Yorkshire,"16 : Manufacture of wood and of products of wood and cork, except furniture;manufacture of articles of straw and plaiting materials",16,16,3535
2022,South Yorkshire,17 : Manufacture of paper and paper products,17,17,455
2022,South Yorkshire,18 : Printing and reproduction of recorded media,18,18,1805
2022,South Yorkshire,19 : Manufacture of coke and refined petroleum products,19,19,10
2022,South Yorkshire,20 : Manufacture of chemicals and chemical products,20,20,1635
2022,South Yorkshire,21 : Manufacture of basic pharmaceutical products and pharmaceutical preparations,21,21,0
2022,South Yorkshire,22 : Manufacture of rubber and plastic products,22,22,5800
2022,South Yorkshire,23 : Manufacture of other non-metallic mineral products,23,23,3145
2022,South Yorkshire,24 : Manufacture of basic metals,24,24,4260
2022,South Yorkshire,"25 : Manufacture of fabricated metal products, except machinery and equipment",25,25,9885
2022,South Yorkshire,"26 : Manufacture of computer, electronic and optical products",26,26,755
2022,South Yorkshire,27 : Manufacture of electrical equipment,27,27,2070
2022,South Yorkshire,28 : Manufacture of machinery and equipment n.e.c.,28,28,2835
2022,South Yorkshire,"29 : Manufacture of motor vehicles, trailers and semi-trailers",29,29,1980
2022,South Yorkshire,30 : Manufacture of other transport equipment,30,30,675
2022,South Yorkshire,31 : Manufacture of furniture,31,31,3325
2022,South Yorkshire,32 : Other manufacturing,32,32,2525
2022,South Yorkshire,33 : Repair and installation of machinery and equipment,33,33,3045
2022,South Yorkshire,"35 : Electricity, gas, steam and air conditioning supply",35,35,750
2022,South Yorkshire,"36 : Water collection, treatment and supply",36,36,250
2022,South Yorkshire,37 : Sewerage,37,37,400
2022,South Yorkshire,"38 : Waste collection, treatment and disposal activities; materials recovery",38,38,2700
2022,South Yorkshire,"39 : Remediation activities and other waste management services. This division includes the provision of remediation services, i.e. the cleanup of contaminated buildings and sites, soil, surface or ground water.",39,39,900
2022,South Yorkshire,41 : Construction of buildings,41,41,6000
2022,South Yorkshire,42 : Civil engineering,42,42,4395
2022,South Yorkshire,43 : Specialised construction activities,43,43,15990
2022,South Yorkshire,45 : Wholesale and retail trade and repair of motor vehicles and motorcycles,45,45,11125
2022,South Yorkshire,"46 : Wholesale trade, except of motor vehicles and motorcycles",46,46,18160
2022,South Yorkshire,"47 : Retail trade, except of motor vehicles and motorcycles",47,47,20930
2022,South Yorkshire,49 : Land transport and transport via pipelines,49,49,9000
2022,South Yorkshire,50 : Water transport,50,50,0
2022,South Yorkshire,51 : Air transport,51,51,405
2022,South Yorkshire,52 : Warehousing and support activities for transportation,52,52,19545
2022,South Yorkshire,53 : Postal and courier activities,53,53,4780
2022,South Yorkshire,55 : Accommodation,55,55,1355
2022,South Yorkshire,56 : Food and beverage service activities,56,56,12250
2022,South Yorkshire,58 : Publishing activities,58,58,850
2022,South Yorkshire,"59 : Motion picture, video and television programme production, sound recording and music publishing activities",59,59,575
2022,South Yorkshire,60 : Programming and broadcasting activities,60,60,55
2022,South Yorkshire,61 : Telecommunications,61,61,5400
2022,South Yorkshire,"62 : Computer programming, consultancy and related activities",62,62,6900
2022,South Yorkshire,63 : Information service activities,63,63,165
2022,South Yorkshire,"64 : Financial service activities, except insurance and pension funding",64,64,5560
2022,South Yorkshire,"65 : Insurance, reinsurance and pension funding, except compulsory social security",65,65,1625
2022,South Yorkshire,66 : Activities auxiliary to financial services and insurance activities,66,66,4225
2022,South Yorkshire,68 : Real estate activities,68,68,4015
2022,South Yorkshire,69 : Legal and accounting activities,69,69,7210
2022,South Yorkshire,70 : Activities of head offices; management consultancy activities,70,70,5815
2022,South Yorkshire,71 : Architectural and engineering activities; technical testing and analysis,71,71,5800
2022,South Yorkshire,72 : Scientific research and development,72,72,530
2022,South Yorkshire,73 : Advertising and market research,73,73,2375
2022,South Yorkshire,"74 : Other professional, scientific and technical activities",74,74,1860
2022,South Yorkshire,75 : Veterinary activities,75,75,700
2022,South Yorkshire,77 : Rental and leasing activities,77,77,1890
2022,South Yorkshire,78 : Employment activities,78,78,9850
2022,South Yorkshire,"79 : Travel agency, tour operator and other reservation service and related activities",79,79,500
2022,South Yorkshire,80 : Security and investigation activities,80,80,1580
2022,South Yorkshire,81 : Services to buildings and landscape activities,81,81,3650
2022,South Yorkshire,"82 : Office administrative, office support and other business support activities",82,82,10330
2022,South Yorkshire,84 : Public administration and defence; compulsory social security,84,84,24145
2022,South Yorkshire,85 : Education,85,85,36320
2022,South Yorkshire,86 : Human health activities,86,86,35850
2022,South Yorkshire,87 : Residential care activities,87,87,9300
2022,South Yorkshire,88 : Social work activities without accommodation,88,88,9500
2022,South Yorkshire,"90 : Creative, arts and entertainment activities",90,90,325
2022,South Yorkshire,"91 : Libraries, archives, museums and other cultural activities",91,91,575
2022,South Yorkshire,92 : Gambling and betting activities,92,92,800
2022,South Yorkshire,93 : Sports activities and amusement and recreation activities,93,93,2750
2022,South Yorkshire,94 : Activities of membership organisations,94,94,1035
2022,South Yorkshire,95 : Repair of computers and personal and household goods,95,95,655
2022,South Yorkshire,96 : Other personal service activities,96,96,2250
2022,South Yorkshire,97 : Activities of households as employers of domestic personnel,97,97,0
2022,South Yorkshire,98 : Undifferentiated goods- and services-producing activities of private households for own use,98,98,0
2022,South Yorkshire,99 : Activities of extraterritorial organisations and bodies,99,99,0
2022,Southern Scotland,"01 : Crop and animal production, hunting and related service activities",01,1,5060
2022,Southern Scotland,02 : Forestry and logging,02,2,1000
2022,Southern Scotland,03 : Fishing and aquaculture,03,3,190
2022,Southern Scotland,05 : Mining of coal and lignite,05,5,100
2022,Southern Scotland,06 : Extraction of crude petroleum and natural gas,06,6,0
2022,Southern Scotland,07 : Mining of metal ores,07,7,0
2022,Southern Scotland,08 : Other mining and quarrying,08,8,380
2022,Southern Scotland,09 : Mining support service activities,09,9,0
2022,Southern Scotland,10 : Manufacture of food products,10,10,6240
2022,Southern Scotland,11 : Manufacture of beverages,11,11,990
2022,Southern Scotland,12 : Manufacture of tobacco products,12,12,0
2022,Southern Scotland,13 : Manufacture of textiles,13,13,690
2022,Southern Scotland,14 : Manufacture of wearing apparel,14,14,740
2022,Southern Scotland,15 : Manufacture of leather and related products,15,15,110
2022,Southern Scotland,"16 : Manufacture of wood and of products of wood and cork, except furniture;manufacture of articles of straw and plaiting materials",16,16,1850
2022,Southern Scotland,17 : Manufacture of paper and paper products,17,17,985
2022,Southern Scotland,18 : Printing and reproduction of recorded media,18,18,680
2022,Southern Scotland,19 : Manufacture of coke and refined petroleum products,19,19,0
2022,Southern Scotland,20 : Manufacture of chemicals and chemical products,20,20,640
2022,Southern Scotland,21 : Manufacture of basic pharmaceutical products and pharmaceutical preparations,21,21,1000
2022,Southern Scotland,22 : Manufacture of rubber and plastic products,22,22,1720
2022,Southern Scotland,23 : Manufacture of other non-metallic mineral products,23,23,1205
2022,Southern Scotland,24 : Manufacture of basic metals,24,24,200
2022,Southern Scotland,"25 : Manufacture of fabricated metal products, except machinery and equipment",25,25,4460
2022,Southern Scotland,"26 : Manufacture of computer, electronic and optical products",26,26,850
2022,Southern Scotland,27 : Manufacture of electrical equipment,27,27,360
2022,Southern Scotland,28 : Manufacture of machinery and equipment n.e.c.,28,28,1690
2022,Southern Scotland,"29 : Manufacture of motor vehicles, trailers and semi-trailers",29,29,200
2022,Southern Scotland,30 : Manufacture of other transport equipment,30,30,1105
2022,Southern Scotland,31 : Manufacture of furniture,31,31,110
2022,Southern Scotland,32 : Other manufacturing,32,32,580
2022,Southern Scotland,33 : Repair and installation of machinery and equipment,33,33,2580
2022,Southern Scotland,"35 : Electricity, gas, steam and air conditioning supply",35,35,2550
2022,Southern Scotland,"36 : Water collection, treatment and supply",36,36,300
2022,Southern Scotland,37 : Sewerage,37,37,500
2022,Southern Scotland,"38 : Waste collection, treatment and disposal activities; materials recovery",38,38,1800
2022,Southern Scotland,"39 : Remediation activities and other waste management services. This division includes the provision of remediation services, i.e. the cleanup of contaminated buildings and sites, soil, surface or ground water.",39,39,0
2022,Southern Scotland,41 : Construction of buildings,41,41,5000
2022,Southern Scotland,42 : Civil engineering,42,42,3950
2022,Southern Scotland,43 : Specialised construction activities,43,43,11640
2022,Southern Scotland,45 : Wholesale and retail trade and repair of motor vehicles and motorcycles,45,45,6305
2022,Southern Scotland,"46 : Wholesale trade, except of motor vehicles and motorcycles",46,46,9155
2022,Southern Scotland,"47 : Retail trade, except of motor vehicles and motorcycles",47,47,12780
2022,Southern Scotland,49 : Land transport and transport via pipelines,49,49,5270
2022,Southern Scotland,50 : Water transport,50,50,160
2022,Southern Scotland,51 : Air transport,51,51,80
2022,Southern Scotland,52 : Warehousing and support activities for transportation,52,52,3660
2022,Southern Scotland,53 : Postal and courier activities,53,53,1375
2022,Southern Scotland,55 : Accommodation,55,55,4430
2022,Southern Scotland,56 : Food and beverage service activities,56,56,7900
2022,Southern Scotland,58 : Publishing activities,58,58,115
2022,Southern Scotland,"59 : Motion picture, video and television programme production, sound recording and music publishing activities",59,59,180
2022,Southern Scotland,60 : Programming and broadcasting activities,60,60,35
2022,Southern Scotland,61 : Telecommunications,61,61,1310
2022,Southern Scotland,"62 : Computer programming, consultancy and related activities",62,62,1825
2022,Southern Scotland,63 : Information service activities,63,63,230
2022,Southern Scotland,"64 : Financial service activities, except insurance and pension funding",64,64,2030
2022,Southern Scotland,"65 : Insurance, reinsurance and pension funding, except compulsory social security",65,65,110
2022,Southern Scotland,66 : Activities auxiliary to financial services and insurance activities,66,66,995
2022,Southern Scotland,68 : Real estate activities,68,68,3160
2022,Southern Scotland,69 : Legal and accounting activities,69,69,3195
2022,Southern Scotland,70 : Activities of head offices; management consultancy activities,70,70,1770
2022,Southern Scotland,71 : Architectural and engineering activities; technical testing and analysis,71,71,5550
2022,Southern Scotland,72 : Scientific research and development,72,72,850
2022,Southern Scotland,73 : Advertising and market research,73,73,130
2022,Southern Scotland,"74 : Other professional, scientific and technical activities",74,74,1735
2022,Southern Scotland,75 : Veterinary activities,75,75,1250
2022,Southern Scotland,77 : Rental and leasing activities,77,77,1715
2022,Southern Scotland,78 : Employment activities,78,78,1220
2022,Southern Scotland,"79 : Travel agency, tour operator and other reservation service and related activities",79,79,455
2022,Southern Scotland,80 : Security and investigation activities,80,80,1335
2022,Southern Scotland,81 : Services to buildings and landscape activities,81,81,4605
2022,Southern Scotland,"82 : Office administrative, office support and other business support activities",82,82,4500
2022,Southern Scotland,84 : Public administration and defence; compulsory social security,84,84,13350
2022,Southern Scotland,85 : Education,85,85,15550
2022,Southern Scotland,86 : Human health activities,86,86,18700
2022,Southern Scotland,87 : Residential care activities,87,87,7100
2022,Southern Scotland,88 : Social work activities without accommodation,88,88,8500
2022,Southern Scotland,"90 : Creative, arts and entertainment activities",90,90,395
2022,Southern Scotland,"91 : Libraries, archives, museums and other cultural activities",91,91,760
2022,Southern Scotland,92 : Gambling and betting activities,92,92,450
2022,Southern Scotland,93 : Sports activities and amusement and recreation activities,93,93,3090
2022,Southern Scotland,94 : Activities of membership organisations,94,94,800
2022,Southern Scotland,95 : Repair of computers and personal and household goods,95,95,185
2022,Southern Scotland,96 : Other personal service activities,96,96,2275
2022,Southern Scotland,97 : Activities of households as employers of domestic personnel,97,97,0
2022,Southern Scotland,98 : Undifferentiated goods- and services-producing activities of private households for own use,98,98,0
2022,Southern Scotland,99 : Activities of extraterritorial organisations and bodies,99,99,0
2022,"Surrey, East and West Sussex","01 : Crop and animal production, hunting and related service activities",01,1,6610
2022,"Surrey, East and West Sussex",02 : Forestry and logging,02,2,800
2022,"Surrey, East and West Sussex",03 : Fishing and aquaculture,03,3,160
2022,"Surrey, East and West Sussex",05 : Mining of coal and lignite,05,5,0
2022,"Surrey, East and West Sussex",06 : Extraction of crude petroleum and natural gas,06,6,400
2022,"Surrey, East and West Sussex",07 : Mining of metal ores,07,7,0
2022,"Surrey, East and West Sussex",08 : Other mining and quarrying,08,8,350
2022,"Surrey, East and West Sussex",09 : Mining support service activities,09,9,280
2022,"Surrey, East and West Sussex",10 : Manufacture of food products,10,10,5670
2022,"Surrey, East and West Sussex",11 : Manufacture of beverages,11,11,515
2022,"Surrey, East and West Sussex",12 : Manufacture of tobacco products,12,12,0
2022,"Surrey, East and West Sussex",13 : Manufacture of textiles,13,13,600
2022,"Surrey, East and West Sussex",14 : Manufacture of wearing apparel,14,14,200
2022,"Surrey, East and West Sussex",15 : Manufacture of leather and related products,15,15,75
2022,"Surrey, East and West Sussex","16 : Manufacture of wood and of products of wood and cork, except furniture;manufacture of articles of straw and plaiting materials",16,16,1975
2022,"Surrey, East and West Sussex",17 : Manufacture of paper and paper products,17,17,335
2022,"Surrey, East and West Sussex",18 : Printing and reproduction of recorded media,18,18,2335
2022,"Surrey, East and West Sussex",19 : Manufacture of coke and refined petroleum products,19,19,170
2022,"Surrey, East and West Sussex",20 : Manufacture of chemicals and chemical products,20,20,1535
2022,"Surrey, East and West Sussex",21 : Manufacture of basic pharmaceutical products and pharmaceutical preparations,21,21,1075
2022,"Surrey, East and West Sussex",22 : Manufacture of rubber and plastic products,22,22,2300
2022,"Surrey, East and West Sussex",23 : Manufacture of other non-metallic mineral products,23,23,1310
2022,"Surrey, East and West Sussex",24 : Manufacture of basic metals,24,24,450
2022,"Surrey, East and West Sussex","25 : Manufacture of fabricated metal products, except machinery and equipment",25,25,5675
2022,"Surrey, East and West Sussex","26 : Manufacture of computer, electronic and optical products",26,26,8790
2022,"Surrey, East and West Sussex",27 : Manufacture of electrical equipment,27,27,2545
2022,"Surrey, East and West Sussex",28 : Manufacture of machinery and equipment n.e.c.,28,28,5785
2022,"Surrey, East and West Sussex","29 : Manufacture of motor vehicles, trailers and semi-trailers",29,29,5530
2022,"Surrey, East and West Sussex",30 : Manufacture of other transport equipment,30,30,1690
2022,"Surrey, East and West Sussex",31 : Manufacture of furniture,31,31,1125
2022,"Surrey, East and West Sussex",32 : Other manufacturing,32,32,1875
2022,"Surrey, East and West Sussex",33 : Repair and installation of machinery and equipment,33,33,4825
2022,"Surrey, East and West Sussex","35 : Electricity, gas, steam and air conditioning supply",35,35,3295
2022,"Surrey, East and West Sussex","36 : Water collection, treatment and supply",36,36,2250
2022,"Surrey, East and West Sussex",37 : Sewerage,37,37,450
2022,"Surrey, East and West Sussex","38 : Waste collection, treatment and disposal activities; materials recovery",38,38,6755
2022,"Surrey, East and West Sussex","39 : Remediation activities and other waste management services. This division includes the provision of remediation services, i.e. the cleanup of contaminated buildings and sites, soil, surface or ground water.",39,39,175
2022,"Surrey, East and West Sussex",41 : Construction of buildings,41,41,16000
2022,"Surrey, East and West Sussex",42 : Civil engineering,42,42,4700
2022,"Surrey, East and West Sussex",43 : Specialised construction activities,43,43,30225
2022,"Surrey, East and West Sussex",45 : Wholesale and retail trade and repair of motor vehicles and motorcycles,45,45,21050
2022,"Surrey, East and West Sussex","46 : Wholesale trade, except of motor vehicles and motorcycles",46,46,40935
2022,"Surrey, East and West Sussex","47 : Retail trade, except of motor vehicles and motorcycles",47,47,45335
2022,"Surrey, East and West Sussex",49 : Land transport and transport via pipelines,49,49,12340
2022,"Surrey, East and West Sussex",50 : Water transport,50,50,170
2022,"Surrey, East and West Sussex",51 : Air transport,51,51,5875
2022,"Surrey, East and West Sussex",52 : Warehousing and support activities for transportation,52,52,19270
2022,"Surrey, East and West Sussex",53 : Postal and courier activities,53,53,7725
2022,"Surrey, East and West Sussex",55 : Accommodation,55,55,11025
2022,"Surrey, East and West Sussex",56 : Food and beverage service activities,56,56,35400
2022,"Surrey, East and West Sussex",58 : Publishing activities,58,58,3875
2022,"Surrey, East and West Sussex","59 : Motion picture, video and television programme production, sound recording and music publishing activities",59,59,4825
2022,"Surrey, East and West Sussex",60 : Programming and broadcasting activities,60,60,375
2022,"Surrey, East and West Sussex",61 : Telecommunications,61,61,5100
2022,"Surrey, East and West Sussex","62 : Computer programming, consultancy and related activities",62,62,41575
2022,"Surrey, East and West Sussex",63 : Information service activities,63,63,3250
2022,"Surrey, East and West Sussex","64 : Financial service activities, except insurance and pension funding",64,64,7775
2022,"Surrey, East and West Sussex","65 : Insurance, reinsurance and pension funding, except compulsory social security",65,65,7000
2022,"Surrey, East and West Sussex",66 : Activities auxiliary to financial services and insurance activities,66,66,18305
2022,"Surrey, East and West Sussex",68 : Real estate activities,68,68,15075
2022,"Surrey, East and West Sussex",69 : Legal and accounting activities,69,69,18340
2022,"Surrey, East and West Sussex",70 : Activities of head offices; management consultancy activities,70,70,32800
2022,"Surrey, East and West Sussex",71 : Architectural and engineering activities; technical testing and analysis,71,71,18350
2022,"Surrey, East and West Sussex",72 : Scientific research and development,72,72,7200
2022,"Surrey, East and West Sussex",73 : Advertising and market research,73,73,6200
2022,"Surrey, East and West Sussex","74 : Other professional, scientific and technical activities",74,74,7125
2022,"Surrey, East and West Sussex",75 : Veterinary activities,75,75,3500
2022,"Surrey, East and West Sussex",77 : Rental and leasing activities,77,77,5645
2022,"Surrey, East and West Sussex",78 : Employment activities,78,78,21370
2022,"Surrey, East and West Sussex","79 : Travel agency, tour operator and other reservation service and related activities",79,79,3355
2022,"Surrey, East and West Sussex",80 : Security and investigation activities,80,80,3175
2022,"Surrey, East and West Sussex",81 : Services to buildings and landscape activities,81,81,20650
2022,"Surrey, East and West Sussex","82 : Office administrative, office support and other business support activities",82,82,23400
2022,"Surrey, East and West Sussex",84 : Public administration and defence; compulsory social security,84,84,31000
2022,"Surrey, East and West Sussex",85 : Education,85,85,64775
2022,"Surrey, East and West Sussex",86 : Human health activities,86,86,59300
2022,"Surrey, East and West Sussex",87 : Residential care activities,87,87,24000
2022,"Surrey, East and West Sussex",88 : Social work activities without accommodation,88,88,22000
2022,"Surrey, East and West Sussex","90 : Creative, arts and entertainment activities",90,90,5100
2022,"Surrey, East and West Sussex","91 : Libraries, archives, museums and other cultural activities",91,91,1445
2022,"Surrey, East and West Sussex",92 : Gambling and betting activities,92,92,1250
2022,"Surrey, East and West Sussex",93 : Sports activities and amusement and recreation activities,93,93,14795
2022,"Surrey, East and West Sussex",94 : Activities of membership organisations,94,94,6845
2022,"Surrey, East and West Sussex",95 : Repair of computers and personal and household goods,95,95,1340
2022,"Surrey, East and West Sussex",96 : Other personal service activities,96,96,8425
2022,"Surrey, East and West Sussex",97 : Activities of households as employers of domestic personnel,97,97,0
2022,"Surrey, East and West Sussex",98 : Undifferentiated goods- and services-producing activities of private households for own use,98,98,0
2022,"Surrey, East and West Sussex",99 : Activities of extraterritorial organisations and bodies,99,99,0
2022,Tees Valley and Durham,"01 : Crop and animal production, hunting and related service activities",01,1,1070
2022,Tees Valley and Durham,02 : Forestry and logging,02,2,45
2022,Tees Valley and Durham,03 : Fishing and aquaculture,03,3,5
2022,Tees Valley and Durham,05 : Mining of coal and lignite,05,5,100
2022,Tees Valley and Durham,06 : Extraction of crude petroleum and natural gas,06,6,300
2022,Tees Valley and Durham,07 : Mining of metal ores,07,7,0
2022,Tees Valley and Durham,08 : Other mining and quarrying,08,8,705
2022,Tees Valley and Durham,09 : Mining support service activities,09,9,95
2022,Tees Valley and Durham,10 : Manufacture of food products,10,10,4065
2022,Tees Valley and Durham,11 : Manufacture of beverages,11,11,275
2022,Tees Valley and Durham,12 : Manufacture of tobacco products,12,12,0
2022,Tees Valley and Durham,13 : Manufacture of textiles,13,13,910
2022,Tees Valley and Durham,14 : Manufacture of wearing apparel,14,14,105
2022,Tees Valley and Durham,15 : Manufacture of leather and related products,15,15,0
2022,Tees Valley and Durham,"16 : Manufacture of wood and of products of wood and cork, except furniture;manufacture of articles of straw and plaiting materials",16,16,1350
2022,Tees Valley and Durham,17 : Manufacture of paper and paper products,17,17,1100
2022,Tees Valley and Durham,18 : Printing and reproduction of recorded media,18,18,140
2022,Tees Valley and Durham,19 : Manufacture of coke and refined petroleum products,19,19,710
2022,Tees Valley and Durham,20 : Manufacture of chemicals and chemical products,20,20,4140
2022,Tees Valley and Durham,21 : Manufacture of basic pharmaceutical products and pharmaceutical preparations,21,21,1505
2022,Tees Valley and Durham,22 : Manufacture of rubber and plastic products,22,22,2645
2022,Tees Valley and Durham,23 : Manufacture of other non-metallic mineral products,23,23,1215
2022,Tees Valley and Durham,24 : Manufacture of basic metals,24,24,2050
2022,Tees Valley and Durham,"25 : Manufacture of fabricated metal products, except machinery and equipment",25,25,6395
2022,Tees Valley and Durham,"26 : Manufacture of computer, electronic and optical products",26,26,1500
2022,Tees Valley and Durham,27 : Manufacture of electrical equipment,27,27,1195
2022,Tees Valley and Durham,28 : Manufacture of machinery and equipment n.e.c.,28,28,3805
2022,Tees Valley and Durham,"29 : Manufacture of motor vehicles, trailers and semi-trailers",29,29,2660
2022,Tees Valley and Durham,30 : Manufacture of other transport equipment,30,30,2290
2022,Tees Valley and Durham,31 : Manufacture of furniture,31,31,1500
2022,Tees Valley and Durham,32 : Other manufacturing,32,32,680
2022,Tees Valley and Durham,33 : Repair and installation of machinery and equipment,33,33,2080
2022,Tees Valley and Durham,"35 : Electricity, gas, steam and air conditioning supply",35,35,1535
2022,Tees Valley and Durham,"36 : Water collection, treatment and supply",36,36,1750
2022,Tees Valley and Durham,37 : Sewerage,37,37,40
2022,Tees Valley and Durham,"38 : Waste collection, treatment and disposal activities; materials recovery",38,38,1995
2022,Tees Valley and Durham,"39 : Remediation activities and other waste management services. This division includes the provision of remediation services, i.e. the cleanup of contaminated buildings and sites, soil, surface or ground water.",39,39,100
2022,Tees Valley and Durham,41 : Construction of buildings,41,41,3600
2022,Tees Valley and Durham,42 : Civil engineering,42,42,5445
2022,Tees Valley and Durham,43 : Specialised construction activities,43,43,12025
2022,Tees Valley and Durham,45 : Wholesale and retail trade and repair of motor vehicles and motorcycles,45,45,5475
2022,Tees Valley and Durham,"46 : Wholesale trade, except of motor vehicles and motorcycles",46,46,10060
2022,Tees Valley and Durham,"47 : Retail trade, except of motor vehicles and motorcycles",47,47,13965
2022,Tees Valley and Durham,49 : Land transport and transport via pipelines,49,49,11050
2022,Tees Valley and Durham,50 : Water transport,50,50,15
2022,Tees Valley and Durham,51 : Air transport,51,51,10
2022,Tees Valley and Durham,52 : Warehousing and support activities for transportation,52,52,11015
2022,Tees Valley and Durham,53 : Postal and courier activities,53,53,2030
2022,Tees Valley and Durham,55 : Accommodation,55,55,2065
2022,Tees Valley and Durham,56 : Food and beverage service activities,56,56,9475
2022,Tees Valley and Durham,58 : Publishing activities,58,58,470
2022,Tees Valley and Durham,"59 : Motion picture, video and television programme production, sound recording and music publishing activities",59,59,45
2022,Tees Valley and Durham,60 : Programming and broadcasting activities,60,60,45
2022,Tees Valley and Durham,61 : Telecommunications,61,61,3105
2022,Tees Valley and Durham,"62 : Computer programming, consultancy and related activities",62,62,4565
2022,Tees Valley and Durham,63 : Information service activities,63,63,405
2022,Tees Valley and Durham,"64 : Financial service activities, except insurance and pension funding",64,64,1905
2022,Tees Valley and Durham,"65 : Insurance, reinsurance and pension funding, except compulsory social security",65,65,55
2022,Tees Valley and Durham,66 : Activities auxiliary to financial services and insurance activities,66,66,2090
2022,Tees Valley and Durham,68 : Real estate activities,68,68,4680
2022,Tees Valley and Durham,69 : Legal and accounting activities,69,69,4855
2022,Tees Valley and Durham,70 : Activities of head offices; management consultancy activities,70,70,4115
2022,Tees Valley and Durham,71 : Architectural and engineering activities; technical testing and analysis,71,71,4540
2022,Tees Valley and Durham,72 : Scientific research and development,72,72,2040
2022,Tees Valley and Durham,73 : Advertising and market research,73,73,160
2022,Tees Valley and Durham,"74 : Other professional, scientific and technical activities",74,74,1400
2022,Tees Valley and Durham,75 : Veterinary activities,75,75,500
2022,Tees Valley and Durham,77 : Rental and leasing activities,77,77,2960
2022,Tees Valley and Durham,78 : Employment activities,78,78,7600
2022,Tees Valley and Durham,"79 : Travel agency, tour operator and other reservation service and related activities",79,79,350
2022,Tees Valley and Durham,80 : Security and investigation activities,80,80,970
2022,Tees Valley and Durham,81 : Services to buildings and landscape activities,81,81,4585
2022,Tees Valley and Durham,"82 : Office administrative, office support and other business support activities",82,82,5450
2022,Tees Valley and Durham,84 : Public administration and defence; compulsory social security,84,84,24650
2022,Tees Valley and Durham,85 : Education,85,85,27175
2022,Tees Valley and Durham,86 : Human health activities,86,86,24425
2022,Tees Valley and Durham,87 : Residential care activities,87,87,10500
2022,Tees Valley and Durham,88 : Social work activities without accommodation,88,88,9500
2022,Tees Valley and Durham,"90 : Creative, arts and entertainment activities",90,90,470
2022,Tees Valley and Durham,"91 : Libraries, archives, museums and other cultural activities",91,91,825
2022,Tees Valley and Durham,92 : Gambling and betting activities,92,92,600
2022,Tees Valley and Durham,93 : Sports activities and amusement and recreation activities,93,93,1525
2022,Tees Valley and Durham,94 : Activities of membership organisations,94,94,1335
2022,Tees Valley and Durham,95 : Repair of computers and personal and household goods,95,95,675
2022,Tees Valley and Durham,96 : Other personal service activities,96,96,2075
2022,Tees Valley and Durham,97 : Activities of households as employers of domestic personnel,97,97,0
2022,Tees Valley and Durham,98 : Undifferentiated goods- and services-producing activities of private households for own use,98,98,0
2022,Tees Valley and Durham,99 : Activities of extraterritorial organisations and bodies,99,99,0
2022,West Central Scotland,"01 : Crop and animal production, hunting and related service activities",01,1,455
2022,West Central Scotland,02 : Forestry and logging,02,2,135
2022,West Central Scotland,03 : Fishing and aquaculture,03,3,125
2022,West Central Scotland,05 : Mining of coal and lignite,05,5,0
2022,West Central Scotland,06 : Extraction of crude petroleum and natural gas,06,6,0
2022,West Central Scotland,07 : Mining of metal ores,07,7,0
2022,West Central Scotland,08 : Other mining and quarrying,08,8,215
2022,West Central Scotland,09 : Mining support service activities,09,9,0
2022,West Central Scotland,10 : Manufacture of food products,10,10,4580
2022,West Central Scotland,11 : Manufacture of beverages,11,11,4400
2022,West Central Scotland,12 : Manufacture of tobacco products,12,12,0
2022,West Central Scotland,13 : Manufacture of textiles,13,13,480
2022,West Central Scotland,14 : Manufacture of wearing apparel,14,14,315
2022,West Central Scotland,15 : Manufacture of leather and related products,15,15,630
2022,West Central Scotland,"16 : Manufacture of wood and of products of wood and cork, except furniture;manufacture of articles of straw and plaiting materials",16,16,885
2022,West Central Scotland,17 : Manufacture of paper and paper products,17,17,1195
2022,West Central Scotland,18 : Printing and reproduction of recorded media,18,18,1145
2022,West Central Scotland,19 : Manufacture of coke and refined petroleum products,19,19,20
2022,West Central Scotland,20 : Manufacture of chemicals and chemical products,20,20,2100
2022,West Central Scotland,21 : Manufacture of basic pharmaceutical products and pharmaceutical preparations,21,21,105
2022,West Central Scotland,22 : Manufacture of rubber and plastic products,22,22,2110
2022,West Central Scotland,23 : Manufacture of other non-metallic mineral products,23,23,1255
2022,West Central Scotland,24 : Manufacture of basic metals,24,24,370
2022,West Central Scotland,"25 : Manufacture of fabricated metal products, except machinery and equipment",25,25,4290
2022,West Central Scotland,"26 : Manufacture of computer, electronic and optical products",26,26,2470
2022,West Central Scotland,27 : Manufacture of electrical equipment,27,27,1065
2022,West Central Scotland,28 : Manufacture of machinery and equipment n.e.c.,28,28,3045
2022,West Central Scotland,"29 : Manufacture of motor vehicles, trailers and semi-trailers",29,29,865
2022,West Central Scotland,30 : Manufacture of other transport equipment,30,30,4460
2022,West Central Scotland,31 : Manufacture of furniture,31,31,885
2022,West Central Scotland,32 : Other manufacturing,32,32,1615
2022,West Central Scotland,33 : Repair and installation of machinery and equipment,33,33,1890
2022,West Central Scotland,"35 : Electricity, gas, steam and air conditioning supply",35,35,5250
2022,West Central Scotland,"36 : Water collection, treatment and supply",36,36,1000
2022,West Central Scotland,37 : Sewerage,37,37,450
2022,West Central Scotland,"38 : Waste collection, treatment and disposal activities; materials recovery",38,38,3830
2022,West Central Scotland,"39 : Remediation activities and other waste management services. This division includes the provision of remediation services, i.e. the cleanup of contaminated buildings and sites, soil, surface or ground water.",39,39,100
2022,West Central Scotland,41 : Construction of buildings,41,41,10000
2022,West Central Scotland,42 : Civil engineering,42,42,6110
2022,West Central Scotland,43 : Specialised construction activities,43,43,22305
2022,West Central Scotland,45 : Wholesale and retail trade and repair of motor vehicles and motorcycles,45,45,11225
2022,West Central Scotland,"46 : Wholesale trade, except of motor vehicles and motorcycles",46,46,15185
2022,West Central Scotland,"47 : Retail trade, except of motor vehicles and motorcycles",47,47,23360
2022,West Central Scotland,49 : Land transport and transport via pipelines,49,49,8550
2022,West Central Scotland,50 : Water transport,50,50,340
2022,West Central Scotland,51 : Air transport,51,51,1220
2022,West Central Scotland,52 : Warehousing and support activities for transportation,52,52,12645
2022,West Central Scotland,53 : Postal and courier activities,53,53,4050
2022,West Central Scotland,55 : Accommodation,55,55,4480
2022,West Central Scotland,56 : Food and beverage service activities,56,56,18600
2022,West Central Scotland,58 : Publishing activities,58,58,1255
2022,West Central Scotland,"59 : Motion picture, video and television programme production, sound recording and music publishing activities",59,59,3090
2022,West Central Scotland,60 : Programming and broadcasting activities,60,60,350
2022,West Central Scotland,61 : Telecommunications,61,61,7650
2022,West Central Scotland,"62 : Computer programming, consultancy and related activities",62,62,13425
2022,West Central Scotland,63 : Information service activities,63,63,1015
2022,West Central Scotland,"64 : Financial service activities, except insurance and pension funding",64,64,12475
2022,West Central Scotland,"65 : Insurance, reinsurance and pension funding, except compulsory social security",65,65,2700
2022,West Central Scotland,66 : Activities auxiliary to financial services and insurance activities,66,66,9395
2022,West Central Scotland,68 : Real estate activities,68,68,8600
2022,West Central Scotland,69 : Legal and accounting activities,69,69,12915
2022,West Central Scotland,70 : Activities of head offices; management consultancy activities,70,70,11000
2022,West Central Scotland,71 : Architectural and engineering activities; technical testing and analysis,71,71,16025
2022,West Central Scotland,72 : Scientific research and development,72,72,4000
2022,West Central Scotland,73 : Advertising and market research,73,73,1250
2022,West Central Scotland,"74 : Other professional, scientific and technical activities",74,74,4015
2022,West Central Scotland,75 : Veterinary activities,75,75,800
2022,West Central Scotland,77 : Rental and leasing activities,77,77,3620
2022,West Central Scotland,78 : Employment activities,78,78,16000
2022,West Central Scotland,"79 : Travel agency, tour operator and other reservation service and related activities",79,79,1565
2022,West Central Scotland,80 : Security and investigation activities,80,80,5800
2022,West Central Scotland,81 : Services to buildings and landscape activities,81,81,14020
2022,West Central Scotland,"82 : Office administrative, office support and other business support activities",82,82,14295
2022,West Central Scotland,84 : Public administration and defence; compulsory social security,84,84,45150
2022,West Central Scotland,85 : Education,85,85,38425
2022,West Central Scotland,86 : Human health activities,86,86,41350
2022,West Central Scotland,87 : Residential care activities,87,87,9350
2022,West Central Scotland,88 : Social work activities without accommodation,88,88,16000
2022,West Central Scotland,"90 : Creative, arts and entertainment activities",90,90,1825
2022,West Central Scotland,"91 : Libraries, archives, museums and other cultural activities",91,91,1010
2022,West Central Scotland,92 : Gambling and betting activities,92,92,1250
2022,West Central Scotland,93 : Sports activities and amusement and recreation activities,93,93,5550
2022,West Central Scotland,94 : Activities of membership organisations,94,94,2645
2022,West Central Scotland,95 : Repair of computers and personal and household goods,95,95,630
2022,West Central Scotland,96 : Other personal service activities,96,96,5275
2022,West Central Scotland,97 : Activities of households as employers of domestic personnel,97,97,0
2022,West Central Scotland,98 : Undifferentiated goods- and services-producing activities of private households for own use,98,98,0
2022,West Central Scotland,99 : Activities of extraterritorial organisations and bodies,99,99,0
2022,West Midlands,"01 : Crop and animal production, hunting and related service activities",01,1,185
2022,West Midlands,02 : Forestry and logging,02,2,40
2022,West Midlands,03 : Fishing and aquaculture,03,3,15
2022,West Midlands,05 : Mining of coal and lignite,05,5,0
2022,West Midlands,06 : Extraction of crude petroleum and natural gas,06,6,0
2022,West Midlands,07 : Mining of metal ores,07,7,0
2022,West Midlands,08 : Other mining and quarrying,08,8,65
2022,West Midlands,09 : Mining support service activities,09,9,15
2022,West Midlands,10 : Manufacture of food products,10,10,9945
2022,West Midlands,11 : Manufacture of beverages,11,11,1035
2022,West Midlands,12 : Manufacture of tobacco products,12,12,0
2022,West Midlands,13 : Manufacture of textiles,13,13,790
2022,West Midlands,14 : Manufacture of wearing apparel,14,14,770
2022,West Midlands,15 : Manufacture of leather and related products,15,15,1030
2022,West Midlands,"16 : Manufacture of wood and of products of wood and cork, except furniture;manufacture of articles of straw and plaiting materials",16,16,2875
2022,West Midlands,17 : Manufacture of paper and paper products,17,17,2090
2022,West Midlands,18 : Printing and reproduction of recorded media,18,18,1795
2022,West Midlands,19 : Manufacture of coke and refined petroleum products,19,19,250
2022,West Midlands,20 : Manufacture of chemicals and chemical products,20,20,2170
2022,West Midlands,21 : Manufacture of basic pharmaceutical products and pharmaceutical preparations,21,21,170
2022,West Midlands,22 : Manufacture of rubber and plastic products,22,22,6350
2022,West Midlands,23 : Manufacture of other non-metallic mineral products,23,23,4405
2022,West Midlands,24 : Manufacture of basic metals,24,24,8005
2022,West Midlands,"25 : Manufacture of fabricated metal products, except machinery and equipment",25,25,24985
2022,West Midlands,"26 : Manufacture of computer, electronic and optical products",26,26,720
2022,West Midlands,27 : Manufacture of electrical equipment,27,27,1430
2022,West Midlands,28 : Manufacture of machinery and equipment n.e.c.,28,28,9220
2022,West Midlands,"29 : Manufacture of motor vehicles, trailers and semi-trailers",29,29,22080
2022,West Midlands,30 : Manufacture of other transport equipment,30,30,3490
2022,West Midlands,31 : Manufacture of furniture,31,31,3850
2022,West Midlands,32 : Other manufacturing,32,32,2350
2022,West Midlands,33 : Repair and installation of machinery and equipment,33,33,3830
2022,West Midlands,"35 : Electricity, gas, steam and air conditioning supply",35,35,5150
2022,West Midlands,"36 : Water collection, treatment and supply",36,36,4000
2022,West Midlands,37 : Sewerage,37,37,1250
2022,West Midlands,"38 : Waste collection, treatment and disposal activities; materials recovery",38,38,4000
2022,West Midlands,"39 : Remediation activities and other waste management services. This division includes the provision of remediation services, i.e. the cleanup of contaminated buildings and sites, soil, surface or ground water.",39,39,200
2022,West Midlands,41 : Construction of buildings,41,41,15000
2022,West Midlands,42 : Civil engineering,42,42,6415
2022,West Midlands,43 : Specialised construction activities,43,43,20795
2022,West Midlands,45 : Wholesale and retail trade and repair of motor vehicles and motorcycles,45,45,20125
2022,West Midlands,"46 : Wholesale trade, except of motor vehicles and motorcycles",46,46,50050
2022,West Midlands,"47 : Retail trade, except of motor vehicles and motorcycles",47,47,40775
2022,West Midlands,49 : Land transport and transport via pipelines,49,49,21100
2022,West Midlands,50 : Water transport,50,50,135
2022,West Midlands,51 : Air transport,51,51,1675
2022,West Midlands,52 : Warehousing and support activities for transportation,52,52,24580
2022,West Midlands,53 : Postal and courier activities,53,53,10725
2022,West Midlands,55 : Accommodation,55,55,5865
2022,West Midlands,56 : Food and beverage service activities,56,56,23250
2022,West Midlands,58 : Publishing activities,58,58,610
2022,West Midlands,"59 : Motion picture, video and television programme production, sound recording and music publishing activities",59,59,805
2022,West Midlands,60 : Programming and broadcasting activities,60,60,900
2022,West Midlands,61 : Telecommunications,61,61,6510
2022,West Midlands,"62 : Computer programming, consultancy and related activities",62,62,18925
2022,West Midlands,63 : Information service activities,63,63,835
2022,West Midlands,"64 : Financial service activities, except insurance and pension funding",64,64,19550
2022,West Midlands,"65 : Insurance, reinsurance and pension funding, except compulsory social security",65,65,3200
2022,West Midlands,66 : Activities auxiliary to financial services and insurance activities,66,66,12685
2022,West Midlands,68 : Real estate activities,68,68,26050
2022,West Midlands,69 : Legal and accounting activities,69,69,26400
2022,West Midlands,70 : Activities of head offices; management consultancy activities,70,70,35250
2022,West Midlands,71 : Architectural and engineering activities; technical testing and analysis,71,71,15250
2022,West Midlands,72 : Scientific research and development,72,72,495
2022,West Midlands,73 : Advertising and market research,73,73,1600
2022,West Midlands,"74 : Other professional, scientific and technical activities",74,74,3790
2022,West Midlands,75 : Veterinary activities,75,75,900
2022,West Midlands,77 : Rental and leasing activities,77,77,4335
2022,West Midlands,78 : Employment activities,78,78,32010
2022,West Midlands,"79 : Travel agency, tour operator and other reservation service and related activities",79,79,1050
2022,West Midlands,80 : Security and investigation activities,80,80,7515
2022,West Midlands,81 : Services to buildings and landscape activities,81,81,24545
2022,West Midlands,"82 : Office administrative, office support and other business support activities",82,82,13935
2022,West Midlands,84 : Public administration and defence; compulsory social security,84,84,45100
2022,West Midlands,85 : Education,85,85,74825
2022,West Midlands,86 : Human health activities,86,86,80000
2022,West Midlands,87 : Residential care activities,87,87,17250
2022,West Midlands,88 : Social work activities without accommodation,88,88,25000
2022,West Midlands,"90 : Creative, arts and entertainment activities",90,90,1350
2022,West Midlands,"91 : Libraries, archives, museums and other cultural activities",91,91,1175
2022,West Midlands,92 : Gambling and betting activities,92,92,2500
2022,West Midlands,93 : Sports activities and amusement and recreation activities,93,93,5085
2022,West Midlands,94 : Activities of membership organisations,94,94,5945
2022,West Midlands,95 : Repair of computers and personal and household goods,95,95,2030
2022,West Midlands,96 : Other personal service activities,96,96,12225
2022,West Midlands,97 : Activities of households as employers of domestic personnel,97,97,0
2022,West Midlands,98 : Undifferentiated goods- and services-producing activities of private households for own use,98,98,0
2022,West Midlands,99 : Activities of extraterritorial organisations and bodies,99,99,0
2022,West Wales and The Valleys,"01 : Crop and animal production, hunting and related service activities",01,1,6455
2022,West Wales and The Valleys,02 : Forestry and logging,02,2,450
2022,West Wales and The Valleys,03 : Fishing and aquaculture,03,3,125
2022,West Wales and The Valleys,05 : Mining of coal and lignite,05,5,300
2022,West Wales and The Valleys,06 : Extraction of crude petroleum and natural gas,06,6,0
2022,West Wales and The Valleys,07 : Mining of metal ores,07,7,0
2022,West Wales and The Valleys,08 : Other mining and quarrying,08,8,900
2022,West Wales and The Valleys,09 : Mining support service activities,09,9,230
2022,West Wales and The Valleys,10 : Manufacture of food products,10,10,10730
2022,West Wales and The Valleys,11 : Manufacture of beverages,11,11,585
2022,West Wales and The Valleys,12 : Manufacture of tobacco products,12,12,0
2022,West Wales and The Valleys,13 : Manufacture of textiles,13,13,1205
2022,West Wales and The Valleys,14 : Manufacture of wearing apparel,14,14,245
2022,West Wales and The Valleys,15 : Manufacture of leather and related products,15,15,0
2022,West Wales and The Valleys,"16 : Manufacture of wood and of products of wood and cork, except furniture;manufacture of articles of straw and plaiting materials",16,16,1670
2022,West Wales and The Valleys,17 : Manufacture of paper and paper products,17,17,2800
2022,West Wales and The Valleys,18 : Printing and reproduction of recorded media,18,18,1645
2022,West Wales and The Valleys,19 : Manufacture of coke and refined petroleum products,19,19,610
2022,West Wales and The Valleys,20 : Manufacture of chemicals and chemical products,20,20,2095
2022,West Wales and The Valleys,21 : Manufacture of basic pharmaceutical products and pharmaceutical preparations,21,21,2800
2022,West Wales and The Valleys,22 : Manufacture of rubber and plastic products,22,22,6740
2022,West Wales and The Valleys,23 : Manufacture of other non-metallic mineral products,23,23,3040
2022,West Wales and The Valleys,24 : Manufacture of basic metals,24,24,6190
2022,West Wales and The Valleys,"25 : Manufacture of fabricated metal products, except machinery and equipment",25,25,6710
2022,West Wales and The Valleys,"26 : Manufacture of computer, electronic and optical products",26,26,3575
2022,West Wales and The Valleys,27 : Manufacture of electrical equipment,27,27,2250
2022,West Wales and The Valleys,28 : Manufacture of machinery and equipment n.e.c.,28,28,3050
2022,West Wales and The Valleys,"29 : Manufacture of motor vehicles, trailers and semi-trailers",29,29,4890
2022,West Wales and The Valleys,30 : Manufacture of other transport equipment,30,30,2000
2022,West Wales and The Valleys,31 : Manufacture of furniture,31,31,2095
2022,West Wales and The Valleys,32 : Other manufacturing,32,32,3765
2022,West Wales and The Valleys,33 : Repair and installation of machinery and equipment,33,33,3985
2022,West Wales and The Valleys,"35 : Electricity, gas, steam and air conditioning supply",35,35,2165
2022,West Wales and The Valleys,"36 : Water collection, treatment and supply",36,36,1000
2022,West Wales and The Valleys,37 : Sewerage,37,37,600
2022,West Wales and The Valleys,"38 : Waste collection, treatment and disposal activities; materials recovery",38,38,5105
2022,West Wales and The Valleys,"39 : Remediation activities and other waste management services. This division includes the provision of remediation services, i.e. the cleanup of contaminated buildings and sites, soil, surface or ground water.",39,39,400
2022,West Wales and The Valleys,41 : Construction of buildings,41,41,7700
2022,West Wales and The Valleys,42 : Civil engineering,42,42,7865
2022,West Wales and The Valleys,43 : Specialised construction activities,43,43,17935
2022,West Wales and The Valleys,45 : Wholesale and retail trade and repair of motor vehicles and motorcycles,45,45,10975
2022,West Wales and The Valleys,"46 : Wholesale trade, except of motor vehicles and motorcycles",46,46,13390
2022,West Wales and The Valleys,"47 : Retail trade, except of motor vehicles and motorcycles",47,47,23130
2022,West Wales and The Valleys,49 : Land transport and transport via pipelines,49,49,12675
2022,West Wales and The Valleys,50 : Water transport,50,50,460
2022,West Wales and The Valleys,51 : Air transport,51,51,525
2022,West Wales and The Valleys,52 : Warehousing and support activities for transportation,52,52,7100
2022,West Wales and The Valleys,53 : Postal and courier activities,53,53,4425
2022,West Wales and The Valleys,55 : Accommodation,55,55,8260
2022,West Wales and The Valleys,56 : Food and beverage service activities,56,56,19200
2022,West Wales and The Valleys,58 : Publishing activities,58,58,225
2022,West Wales and The Valleys,"59 : Motion picture, video and television programme production, sound recording and music publishing activities",59,59,975
2022,West Wales and The Valleys,60 : Programming and broadcasting activities,60,60,250
2022,West Wales and The Valleys,61 : Telecommunications,61,61,3360
2022,West Wales and The Valleys,"62 : Computer programming, consultancy and related activities",62,62,5035
2022,West Wales and The Valleys,63 : Information service activities,63,63,275
2022,West Wales and The Valleys,"64 : Financial service activities, except insurance and pension funding",64,64,2785
2022,West Wales and The Valleys,"65 : Insurance, reinsurance and pension funding, except compulsory social security",65,65,900
2022,West Wales and The Valleys,66 : Activities auxiliary to financial services and insurance activities,66,66,4135
2022,West Wales and The Valleys,68 : Real estate activities,68,68,8475
2022,West Wales and The Valleys,69 : Legal and accounting activities,69,69,6655
2022,West Wales and The Valleys,70 : Activities of head offices; management consultancy activities,70,70,4500
2022,West Wales and The Valleys,71 : Architectural and engineering activities; technical testing and analysis,71,71,4185
2022,West Wales and The Valleys,72 : Scientific research and development,72,72,1425
2022,West Wales and The Valleys,73 : Advertising and market research,73,73,375
2022,West Wales and The Valleys,"74 : Other professional, scientific and technical activities",74,74,1355
2022,West Wales and The Valleys,75 : Veterinary activities,75,75,1500
2022,West Wales and The Valleys,77 : Rental and leasing activities,77,77,2895
2022,West Wales and The Valleys,78 : Employment activities,78,78,6450
2022,West Wales and The Valleys,"79 : Travel agency, tour operator and other reservation service and related activities",79,79,1070
2022,West Wales and The Valleys,80 : Security and investigation activities,80,80,1940
2022,West Wales and The Valleys,81 : Services to buildings and landscape activities,81,81,7165
2022,West Wales and The Valleys,"82 : Office administrative, office support and other business support activities",82,82,5595
2022,West Wales and The Valleys,84 : Public administration and defence; compulsory social security,84,84,43575
2022,West Wales and The Valleys,85 : Education,85,85,36715
2022,West Wales and The Valleys,86 : Human health activities,86,86,43075
2022,West Wales and The Valleys,87 : Residential care activities,87,87,14500
2022,West Wales and The Valleys,88 : Social work activities without accommodation,88,88,13750
2022,West Wales and The Valleys,"90 : Creative, arts and entertainment activities",90,90,1000
2022,West Wales and The Valleys,"91 : Libraries, archives, museums and other cultural activities",91,91,1110
2022,West Wales and The Valleys,92 : Gambling and betting activities,92,92,700
2022,West Wales and The Valleys,93 : Sports activities and amusement and recreation activities,93,93,5710
2022,West Wales and The Valleys,94 : Activities of membership organisations,94,94,2570
2022,West Wales and The Valleys,95 : Repair of computers and personal and household goods,95,95,245
2022,West Wales and The Valleys,96 : Other personal service activities,96,96,4850
2022,West Wales and The Valleys,97 : Activities of households as employers of domestic personnel,97,97,0
2022,West Wales and The Valleys,98 : Undifferentiated goods- and services-producing activities of private households for own use,98,98,0
2022,West Wales and The Valleys,99 : Activities of extraterritorial organisations and bodies,99,99,0
2022,West Yorkshire,"01 : Crop and animal production, hunting and related service activities",01,1,945
2022,West Yorkshire,02 : Forestry and logging,02,2,200
2022,West Yorkshire,03 : Fishing and aquaculture,03,3,35
2022,West Yorkshire,05 : Mining of coal and lignite,05,5,0
2022,West Yorkshire,06 : Extraction of crude petroleum and natural gas,06,6,10
2022,West Yorkshire,07 : Mining of metal ores,07,7,0
2022,West Yorkshire,08 : Other mining and quarrying,08,8,425
2022,West Yorkshire,09 : Mining support service activities,09,9,50
2022,West Yorkshire,10 : Manufacture of food products,10,10,15070
2022,West Yorkshire,11 : Manufacture of beverages,11,11,1620
2022,West Yorkshire,12 : Manufacture of tobacco products,12,12,0
2022,West Yorkshire,13 : Manufacture of textiles,13,13,6065
2022,West Yorkshire,14 : Manufacture of wearing apparel,14,14,2105
2022,West Yorkshire,15 : Manufacture of leather and related products,15,15,0
2022,West Yorkshire,"16 : Manufacture of wood and of products of wood and cork, except furniture;manufacture of articles of straw and plaiting materials",16,16,4250
2022,West Yorkshire,17 : Manufacture of paper and paper products,17,17,2305
2022,West Yorkshire,18 : Printing and reproduction of recorded media,18,18,5835
2022,West Yorkshire,19 : Manufacture of coke and refined petroleum products,19,19,510
2022,West Yorkshire,20 : Manufacture of chemicals and chemical products,20,20,6505
2022,West Yorkshire,21 : Manufacture of basic pharmaceutical products and pharmaceutical preparations,21,21,1100
2022,West Yorkshire,22 : Manufacture of rubber and plastic products,22,22,8090
2022,West Yorkshire,23 : Manufacture of other non-metallic mineral products,23,23,5295
2022,West Yorkshire,24 : Manufacture of basic metals,24,24,1435
2022,West Yorkshire,"25 : Manufacture of fabricated metal products, except machinery and equipment",25,25,10265
2022,West Yorkshire,"26 : Manufacture of computer, electronic and optical products",26,26,1535
2022,West Yorkshire,27 : Manufacture of electrical equipment,27,27,2570
2022,West Yorkshire,28 : Manufacture of machinery and equipment n.e.c.,28,28,10985
2022,West Yorkshire,"29 : Manufacture of motor vehicles, trailers and semi-trailers",29,29,1950
2022,West Yorkshire,30 : Manufacture of other transport equipment,30,30,885
2022,West Yorkshire,31 : Manufacture of furniture,31,31,7050
2022,West Yorkshire,32 : Other manufacturing,32,32,2595
2022,West Yorkshire,33 : Repair and installation of machinery and equipment,33,33,3210
2022,West Yorkshire,"35 : Electricity, gas, steam and air conditioning supply",35,35,2855
2022,West Yorkshire,"36 : Water collection, treatment and supply",36,36,3000
2022,West Yorkshire,37 : Sewerage,37,37,350
2022,West Yorkshire,"38 : Waste collection, treatment and disposal activities; materials recovery",38,38,4110
2022,West Yorkshire,"39 : Remediation activities and other waste management services. This division includes the provision of remediation services, i.e. the cleanup of contaminated buildings and sites, soil, surface or ground water.",39,39,1250
2022,West Yorkshire,41 : Construction of buildings,41,41,10800
2022,West Yorkshire,42 : Civil engineering,42,42,3355
2022,West Yorkshire,43 : Specialised construction activities,43,43,27305
2022,West Yorkshire,45 : Wholesale and retail trade and repair of motor vehicles and motorcycles,45,45,18950
2022,West Yorkshire,"46 : Wholesale trade, except of motor vehicles and motorcycles",46,46,43205
2022,West Yorkshire,"47 : Retail trade, except of motor vehicles and motorcycles",47,47,37660
2022,West Yorkshire,49 : Land transport and transport via pipelines,49,49,14150
2022,West Yorkshire,50 : Water transport,50,50,15
2022,West Yorkshire,51 : Air transport,51,51,2400
2022,West Yorkshire,52 : Warehousing and support activities for transportation,52,52,22405
2022,West Yorkshire,53 : Postal and courier activities,53,53,6800
2022,West Yorkshire,55 : Accommodation,55,55,3280
2022,West Yorkshire,56 : Food and beverage service activities,56,56,20700
2022,West Yorkshire,58 : Publishing activities,58,58,1600
2022,West Yorkshire,"59 : Motion picture, video and television programme production, sound recording and music publishing activities",59,59,2160
2022,West Yorkshire,60 : Programming and broadcasting activities,60,60,475
2022,West Yorkshire,61 : Telecommunications,61,61,6800
2022,West Yorkshire,"62 : Computer programming, consultancy and related activities",62,62,18850
2022,West Yorkshire,63 : Information service activities,63,63,480
2022,West Yorkshire,"64 : Financial service activities, except insurance and pension funding",64,64,18225
2022,West Yorkshire,"65 : Insurance, reinsurance and pension funding, except compulsory social security",65,65,2700
2022,West Yorkshire,66 : Activities auxiliary to financial services and insurance activities,66,66,14160
2022,West Yorkshire,68 : Real estate activities,68,68,10590
2022,West Yorkshire,69 : Legal and accounting activities,69,69,18975
2022,West Yorkshire,70 : Activities of head offices; management consultancy activities,70,70,17800
2022,West Yorkshire,71 : Architectural and engineering activities; technical testing and analysis,71,71,11950
2022,West Yorkshire,72 : Scientific research and development,72,72,1040
2022,West Yorkshire,73 : Advertising and market research,73,73,9700
2022,West Yorkshire,"74 : Other professional, scientific and technical activities",74,74,4150
2022,West Yorkshire,75 : Veterinary activities,75,75,2500
2022,West Yorkshire,77 : Rental and leasing activities,77,77,5245
2022,West Yorkshire,78 : Employment activities,78,78,25750
2022,West Yorkshire,"79 : Travel agency, tour operator and other reservation service and related activities",79,79,1980
2022,West Yorkshire,80 : Security and investigation activities,80,80,4630
2022,West Yorkshire,81 : Services to buildings and landscape activities,81,81,12135
2022,West Yorkshire,"82 : Office administrative, office support and other business support activities",82,82,17275
2022,West Yorkshire,84 : Public administration and defence; compulsory social security,84,84,36440
2022,West Yorkshire,85 : Education,85,85,59250
2022,West Yorkshire,86 : Human health activities,86,86,59450
2022,West Yorkshire,87 : Residential care activities,87,87,14300
2022,West Yorkshire,88 : Social work activities without accommodation,88,88,28000
2022,West Yorkshire,"90 : Creative, arts and entertainment activities",90,90,1175
2022,West Yorkshire,"91 : Libraries, archives, museums and other cultural activities",91,91,1550
2022,West Yorkshire,92 : Gambling and betting activities,92,92,1750
2022,West Yorkshire,93 : Sports activities and amusement and recreation activities,93,93,4845
2022,West Yorkshire,94 : Activities of membership organisations,94,94,3725
2022,West Yorkshire,95 : Repair of computers and personal and household goods,95,95,1095
2022,West Yorkshire,96 : Other personal service activities,96,96,4475
2022,West Yorkshire,97 : Activities of households as employers of domestic personnel,97,97,0
2022,West Yorkshire,98 : Undifferentiated goods- and services-producing activities of private households for own use,98,98,0
2022,West Yorkshire,99 : Activities of extraterritorial organisations and bodies,99,99,0
2023,Bedfordshire and Hertfordshire,"01 : Crop and animal production, hunting and related service activities",01,1,1610
2023,Bedfordshire and Hertfordshire,02 : Forestry and logging,02,2,450
2023,Bedfordshire and Hertfordshire,03 : Fishing and aquaculture,03,3,25
2023,Bedfordshire and Hertfordshire,05 : Mining of coal and lignite,05,5,0
2023,Bedfordshire and Hertfordshire,06 : Extraction of crude petroleum and natural gas,06,6,0
2023,Bedfordshire and Hertfordshire,07 : Mining of metal ores,07,7,0
2023,Bedfordshire and Hertfordshire,08 : Other mining and quarrying,08,8,140
2023,Bedfordshire and Hertfordshire,09 : Mining support service activities,09,9,5
2023,Bedfordshire and Hertfordshire,10 : Manufacture of food products,10,10,6730
2023,Bedfordshire and Hertfordshire,11 : Manufacture of beverages,11,11,940
2023,Bedfordshire and Hertfordshire,12 : Manufacture of tobacco products,12,12,0
2023,Bedfordshire and Hertfordshire,13 : Manufacture of textiles,13,13,480
2023,Bedfordshire and Hertfordshire,14 : Manufacture of wearing apparel,14,14,60
2023,Bedfordshire and Hertfordshire,15 : Manufacture of leather and related products,15,15,10
2023,Bedfordshire and Hertfordshire,"16 : Manufacture of wood and of products of wood and cork, except furniture;manufacture of articles of straw and plaiting materials",16,16,1325
2023,Bedfordshire and Hertfordshire,17 : Manufacture of paper and paper products,17,17,775
2023,Bedfordshire and Hertfordshire,18 : Printing and reproduction of recorded media,18,18,1705
2023,Bedfordshire and Hertfordshire,19 : Manufacture of coke and refined petroleum products,19,19,10
2023,Bedfordshire and Hertfordshire,20 : Manufacture of chemicals and chemical products,20,20,2360
2023,Bedfordshire and Hertfordshire,21 : Manufacture of basic pharmaceutical products and pharmaceutical preparations,21,21,2750
2023,Bedfordshire and Hertfordshire,22 : Manufacture of rubber and plastic products,22,22,2625
2023,Bedfordshire and Hertfordshire,23 : Manufacture of other non-metallic mineral products,23,23,1820
2023,Bedfordshire and Hertfordshire,24 : Manufacture of basic metals,24,24,1005
2023,Bedfordshire and Hertfordshire,"25 : Manufacture of fabricated metal products, except machinery and equipment",25,25,7945
2023,Bedfordshire and Hertfordshire,"26 : Manufacture of computer, electronic and optical products",26,26,3005
2023,Bedfordshire and Hertfordshire,27 : Manufacture of electrical equipment,27,27,1780
2023,Bedfordshire and Hertfordshire,28 : Manufacture of machinery and equipment n.e.c.,28,28,3795
2023,Bedfordshire and Hertfordshire,"29 : Manufacture of motor vehicles, trailers and semi-trailers",29,29,1365
2023,Bedfordshire and Hertfordshire,30 : Manufacture of other transport equipment,30,30,2965
2023,Bedfordshire and Hertfordshire,31 : Manufacture of furniture,31,31,1285
2023,Bedfordshire and Hertfordshire,32 : Other manufacturing,32,32,1130
2023,Bedfordshire and Hertfordshire,33 : Repair and installation of machinery and equipment,33,33,3065
2023,Bedfordshire and Hertfordshire,"35 : Electricity, gas, steam and air conditioning supply",35,35,1550
2023,Bedfordshire and Hertfordshire,"36 : Water collection, treatment and supply",36,36,1500
2023,Bedfordshire and Hertfordshire,37 : Sewerage,37,37,500
2023,Bedfordshire and Hertfordshire,"38 : Waste collection, treatment and disposal activities; materials recovery",38,38,3135
2023,Bedfordshire and Hertfordshire,"39 : Remediation activities and other waste management services. This division includes the provision of remediation services, i.e. the cleanup of contaminated buildings and sites, soil, surface or ground water.",39,39,125
2023,Bedfordshire and Hertfordshire,41 : Construction of buildings,41,41,15500
2023,Bedfordshire and Hertfordshire,42 : Civil engineering,42,42,11995
2023,Bedfordshire and Hertfordshire,43 : Specialised construction activities,43,43,23775
2023,Bedfordshire and Hertfordshire,45 : Wholesale and retail trade and repair of motor vehicles and motorcycles,45,45,16100
2023,Bedfordshire and Hertfordshire,"46 : Wholesale trade, except of motor vehicles and motorcycles",46,46,40470
2023,Bedfordshire and Hertfordshire,"47 : Retail trade, except of motor vehicles and motorcycles",47,47,29320
2023,Bedfordshire and Hertfordshire,49 : Land transport and transport via pipelines,49,49,11415
2023,Bedfordshire and Hertfordshire,50 : Water transport,50,50,55
2023,Bedfordshire and Hertfordshire,51 : Air transport,51,51,4250
2023,Bedfordshire and Hertfordshire,52 : Warehousing and support activities for transportation,52,52,19655
2023,Bedfordshire and Hertfordshire,53 : Postal and courier activities,53,53,7175
2023,Bedfordshire and Hertfordshire,55 : Accommodation,55,55,5025
2023,Bedfordshire and Hertfordshire,56 : Food and beverage service activities,56,56,19000
2023,Bedfordshire and Hertfordshire,58 : Publishing activities,58,58,715
2023,Bedfordshire and Hertfordshire,"59 : Motion picture, video and television programme production, sound recording and music publishing activities",59,59,3790
2023,Bedfordshire and Hertfordshire,60 : Programming and broadcasting activities,60,60,140
2023,Bedfordshire and Hertfordshire,61 : Telecommunications,61,61,3465
2023,Bedfordshire and Hertfordshire,"62 : Computer programming, consultancy and related activities",62,62,21175
2023,Bedfordshire and Hertfordshire,63 : Information service activities,63,63,845
2023,Bedfordshire and Hertfordshire,"64 : Financial service activities, except insurance and pension funding",64,64,3105
2023,Bedfordshire and Hertfordshire,"65 : Insurance, reinsurance and pension funding, except compulsory social security",65,65,1570
2023,Bedfordshire and Hertfordshire,66 : Activities auxiliary to financial services and insurance activities,66,66,5690
2023,Bedfordshire and Hertfordshire,68 : Real estate activities,68,68,17350
2023,Bedfordshire and Hertfordshire,69 : Legal and accounting activities,69,69,14965
2023,Bedfordshire and Hertfordshire,70 : Activities of head offices; management consultancy activities,70,70,28950
2023,Bedfordshire and Hertfordshire,71 : Architectural and engineering activities; technical testing and analysis,71,71,12150
2023,Bedfordshire and Hertfordshire,72 : Scientific research and development,72,72,8645
2023,Bedfordshire and Hertfordshire,73 : Advertising and market research,73,73,2025
2023,Bedfordshire and Hertfordshire,"74 : Other professional, scientific and technical activities",74,74,6000
2023,Bedfordshire and Hertfordshire,75 : Veterinary activities,75,75,2000
2023,Bedfordshire and Hertfordshire,77 : Rental and leasing activities,77,77,6490
2023,Bedfordshire and Hertfordshire,78 : Employment activities,78,78,27715
2023,Bedfordshire and Hertfordshire,"79 : Travel agency, tour operator and other reservation service and related activities",79,79,3210
2023,Bedfordshire and Hertfordshire,80 : Security and investigation activities,80,80,5430
2023,Bedfordshire and Hertfordshire,81 : Services to buildings and landscape activities,81,81,13100
2023,Bedfordshire and Hertfordshire,"82 : Office administrative, office support and other business support activities",82,82,10025
2023,Bedfordshire and Hertfordshire,84 : Public administration and defence; compulsory social security,84,84,19400
2023,Bedfordshire and Hertfordshire,85 : Education,85,85,41400
2023,Bedfordshire and Hertfordshire,86 : Human health activities,86,86,34000
2023,Bedfordshire and Hertfordshire,87 : Residential care activities,87,87,12500
2023,Bedfordshire and Hertfordshire,88 : Social work activities without accommodation,88,88,13500
2023,Bedfordshire and Hertfordshire,"90 : Creative, arts and entertainment activities",90,90,1325
2023,Bedfordshire and Hertfordshire,"91 : Libraries, archives, museums and other cultural activities",91,91,750
2023,Bedfordshire and Hertfordshire,92 : Gambling and betting activities,92,92,1750
2023,Bedfordshire and Hertfordshire,93 : Sports activities and amusement and recreation activities,93,93,5535
2023,Bedfordshire and Hertfordshire,94 : Activities of membership organisations,94,94,5580
2023,Bedfordshire and Hertfordshire,95 : Repair of computers and personal and household goods,95,95,3840
2023,Bedfordshire and Hertfordshire,96 : Other personal service activities,96,96,5575
2023,Bedfordshire and Hertfordshire,97 : Activities of households as employers of domestic personnel,97,97,0
2023,Bedfordshire and Hertfordshire,98 : Undifferentiated goods- and services-producing activities of private households for own use,98,98,0
2023,Bedfordshire and Hertfordshire,99 : Activities of extraterritorial organisations and bodies,99,99,0
2023,"Berkshire, Buckinghamshire and Oxfordshire","01 : Crop and animal production, hunting and related service activities",01,1,3620
2023,"Berkshire, Buckinghamshire and Oxfordshire",02 : Forestry and logging,02,2,110
2023,"Berkshire, Buckinghamshire and Oxfordshire",03 : Fishing and aquaculture,03,3,10
2023,"Berkshire, Buckinghamshire and Oxfordshire",05 : Mining of coal and lignite,05,5,0
2023,"Berkshire, Buckinghamshire and Oxfordshire",06 : Extraction of crude petroleum and natural gas,06,6,0
2023,"Berkshire, Buckinghamshire and Oxfordshire",07 : Mining of metal ores,07,7,0
2023,"Berkshire, Buckinghamshire and Oxfordshire",08 : Other mining and quarrying,08,8,410
2023,"Berkshire, Buckinghamshire and Oxfordshire",09 : Mining support service activities,09,9,60
2023,"Berkshire, Buckinghamshire and Oxfordshire",10 : Manufacture of food products,10,10,8620
2023,"Berkshire, Buckinghamshire and Oxfordshire",11 : Manufacture of beverages,11,11,1000
2023,"Berkshire, Buckinghamshire and Oxfordshire",12 : Manufacture of tobacco products,12,12,0
2023,"Berkshire, Buckinghamshire and Oxfordshire",13 : Manufacture of textiles,13,13,505
2023,"Berkshire, Buckinghamshire and Oxfordshire",14 : Manufacture of wearing apparel,14,14,805
2023,"Berkshire, Buckinghamshire and Oxfordshire",15 : Manufacture of leather and related products,15,15,15
2023,"Berkshire, Buckinghamshire and Oxfordshire","16 : Manufacture of wood and of products of wood and cork, except furniture;manufacture of articles of straw and plaiting materials",16,16,915
2023,"Berkshire, Buckinghamshire and Oxfordshire",17 : Manufacture of paper and paper products,17,17,1080
2023,"Berkshire, Buckinghamshire and Oxfordshire",18 : Printing and reproduction of recorded media,18,18,1550
2023,"Berkshire, Buckinghamshire and Oxfordshire",19 : Manufacture of coke and refined petroleum products,19,19,250
2023,"Berkshire, Buckinghamshire and Oxfordshire",20 : Manufacture of chemicals and chemical products,20,20,2615
2023,"Berkshire, Buckinghamshire and Oxfordshire",21 : Manufacture of basic pharmaceutical products and pharmaceutical preparations,21,21,2000
2023,"Berkshire, Buckinghamshire and Oxfordshire",22 : Manufacture of rubber and plastic products,22,22,3550
2023,"Berkshire, Buckinghamshire and Oxfordshire",23 : Manufacture of other non-metallic mineral products,23,23,1280
2023,"Berkshire, Buckinghamshire and Oxfordshire",24 : Manufacture of basic metals,24,24,440
2023,"Berkshire, Buckinghamshire and Oxfordshire","25 : Manufacture of fabricated metal products, except machinery and equipment",25,25,12650
2023,"Berkshire, Buckinghamshire and Oxfordshire","26 : Manufacture of computer, electronic and optical products",26,26,7155
2023,"Berkshire, Buckinghamshire and Oxfordshire",27 : Manufacture of electrical equipment,27,27,3020
2023,"Berkshire, Buckinghamshire and Oxfordshire",28 : Manufacture of machinery and equipment n.e.c.,28,28,6055
2023,"Berkshire, Buckinghamshire and Oxfordshire","29 : Manufacture of motor vehicles, trailers and semi-trailers",29,29,5590
2023,"Berkshire, Buckinghamshire and Oxfordshire",30 : Manufacture of other transport equipment,30,30,650
2023,"Berkshire, Buckinghamshire and Oxfordshire",31 : Manufacture of furniture,31,31,1450
2023,"Berkshire, Buckinghamshire and Oxfordshire",32 : Other manufacturing,32,32,5025
2023,"Berkshire, Buckinghamshire and Oxfordshire",33 : Repair and installation of machinery and equipment,33,33,5075
2023,"Berkshire, Buckinghamshire and Oxfordshire","35 : Electricity, gas, steam and air conditioning supply",35,35,3550
2023,"Berkshire, Buckinghamshire and Oxfordshire","36 : Water collection, treatment and supply",36,36,400
2023,"Berkshire, Buckinghamshire and Oxfordshire",37 : Sewerage,37,37,5000
2023,"Berkshire, Buckinghamshire and Oxfordshire","38 : Waste collection, treatment and disposal activities; materials recovery",38,38,4610
2023,"Berkshire, Buckinghamshire and Oxfordshire","39 : Remediation activities and other waste management services. This division includes the provision of remediation services, i.e. the cleanup of contaminated buildings and sites, soil, surface or ground water.",39,39,100
2023,"Berkshire, Buckinghamshire and Oxfordshire",41 : Construction of buildings,41,41,14000
2023,"Berkshire, Buckinghamshire and Oxfordshire",42 : Civil engineering,42,42,6010
2023,"Berkshire, Buckinghamshire and Oxfordshire",43 : Specialised construction activities,43,43,19000
2023,"Berkshire, Buckinghamshire and Oxfordshire",45 : Wholesale and retail trade and repair of motor vehicles and motorcycles,45,45,22000
2023,"Berkshire, Buckinghamshire and Oxfordshire","46 : Wholesale trade, except of motor vehicles and motorcycles",46,46,61440
2023,"Berkshire, Buckinghamshire and Oxfordshire","47 : Retail trade, except of motor vehicles and motorcycles",47,47,43365
2023,"Berkshire, Buckinghamshire and Oxfordshire",49 : Land transport and transport via pipelines,49,49,11450
2023,"Berkshire, Buckinghamshire and Oxfordshire",50 : Water transport,50,50,105
2023,"Berkshire, Buckinghamshire and Oxfordshire",51 : Air transport,51,51,230
2023,"Berkshire, Buckinghamshire and Oxfordshire",52 : Warehousing and support activities for transportation,52,52,39820
2023,"Berkshire, Buckinghamshire and Oxfordshire",53 : Postal and courier activities,53,53,9225
2023,"Berkshire, Buckinghamshire and Oxfordshire",55 : Accommodation,55,55,9750
2023,"Berkshire, Buckinghamshire and Oxfordshire",56 : Food and beverage service activities,56,56,31500
2023,"Berkshire, Buckinghamshire and Oxfordshire",58 : Publishing activities,58,58,7425
2023,"Berkshire, Buckinghamshire and Oxfordshire","59 : Motion picture, video and television programme production, sound recording and music publishing activities",59,59,2280
2023,"Berkshire, Buckinghamshire and Oxfordshire",60 : Programming and broadcasting activities,60,60,240
2023,"Berkshire, Buckinghamshire and Oxfordshire",61 : Telecommunications,61,61,19150
2023,"Berkshire, Buckinghamshire and Oxfordshire","62 : Computer programming, consultancy and related activities",62,62,62850
2023,"Berkshire, Buckinghamshire and Oxfordshire",63 : Information service activities,63,63,5425
2023,"Berkshire, Buckinghamshire and Oxfordshire","64 : Financial service activities, except insurance and pension funding",64,64,18815
2023,"Berkshire, Buckinghamshire and Oxfordshire","65 : Insurance, reinsurance and pension funding, except compulsory social security",65,65,1100
2023,"Berkshire, Buckinghamshire and Oxfordshire",66 : Activities auxiliary to financial services and insurance activities,66,66,12505
2023,"Berkshire, Buckinghamshire and Oxfordshire",68 : Real estate activities,68,68,15525
2023,"Berkshire, Buckinghamshire and Oxfordshire",69 : Legal and accounting activities,69,69,21200
2023,"Berkshire, Buckinghamshire and Oxfordshire",70 : Activities of head offices; management consultancy activities,70,70,49300
2023,"Berkshire, Buckinghamshire and Oxfordshire",71 : Architectural and engineering activities; technical testing and analysis,71,71,21850
2023,"Berkshire, Buckinghamshire and Oxfordshire",72 : Scientific research and development,72,72,21100
2023,"Berkshire, Buckinghamshire and Oxfordshire",73 : Advertising and market research,73,73,8900
2023,"Berkshire, Buckinghamshire and Oxfordshire","74 : Other professional, scientific and technical activities",74,74,5335
2023,"Berkshire, Buckinghamshire and Oxfordshire",75 : Veterinary activities,75,75,1750
2023,"Berkshire, Buckinghamshire and Oxfordshire",77 : Rental and leasing activities,77,77,6230
2023,"Berkshire, Buckinghamshire and Oxfordshire",78 : Employment activities,78,78,28630
2023,"Berkshire, Buckinghamshire and Oxfordshire","79 : Travel agency, tour operator and other reservation service and related activities",79,79,1880
2023,"Berkshire, Buckinghamshire and Oxfordshire",80 : Security and investigation activities,80,80,5900
2023,"Berkshire, Buckinghamshire and Oxfordshire",81 : Services to buildings and landscape activities,81,81,17150
2023,"Berkshire, Buckinghamshire and Oxfordshire","82 : Office administrative, office support and other business support activities",82,82,12235
2023,"Berkshire, Buckinghamshire and Oxfordshire",84 : Public administration and defence; compulsory social security,84,84,27400
2023,"Berkshire, Buckinghamshire and Oxfordshire",85 : Education,85,85,82600
2023,"Berkshire, Buckinghamshire and Oxfordshire",86 : Human health activities,86,86,53750
2023,"Berkshire, Buckinghamshire and Oxfordshire",87 : Residential care activities,87,87,15250
2023,"Berkshire, Buckinghamshire and Oxfordshire",88 : Social work activities without accommodation,88,88,20500
2023,"Berkshire, Buckinghamshire and Oxfordshire","90 : Creative, arts and entertainment activities",90,90,1050
2023,"Berkshire, Buckinghamshire and Oxfordshire","91 : Libraries, archives, museums and other cultural activities",91,91,2000
2023,"Berkshire, Buckinghamshire and Oxfordshire",92 : Gambling and betting activities,92,92,1000
2023,"Berkshire, Buckinghamshire and Oxfordshire",93 : Sports activities and amusement and recreation activities,93,93,12025
2023,"Berkshire, Buckinghamshire and Oxfordshire",94 : Activities of membership organisations,94,94,7435
2023,"Berkshire, Buckinghamshire and Oxfordshire",95 : Repair of computers and personal and household goods,95,95,2045
2023,"Berkshire, Buckinghamshire and Oxfordshire",96 : Other personal service activities,96,96,9600
2023,"Berkshire, Buckinghamshire and Oxfordshire",97 : Activities of households as employers of domestic personnel,97,97,0
2023,"Berkshire, Buckinghamshire and Oxfordshire",98 : Undifferentiated goods- and services-producing activities of private households for own use,98,98,0
2023,"Berkshire, Buckinghamshire and Oxfordshire",99 : Activities of extraterritorial organisations and bodies,99,99,0
2023,Cheshire,"01 : Crop and animal production, hunting and related service activities",01,1,2900
2023,Cheshire,02 : Forestry and logging,02,2,345
2023,Cheshire,03 : Fishing and aquaculture,03,3,10
2023,Cheshire,05 : Mining of coal and lignite,05,5,0
2023,Cheshire,06 : Extraction of crude petroleum and natural gas,06,6,0
2023,Cheshire,07 : Mining of metal ores,07,7,0
2023,Cheshire,08 : Other mining and quarrying,08,8,575
2023,Cheshire,09 : Mining support service activities,09,9,25
2023,Cheshire,10 : Manufacture of food products,10,10,5480
2023,Cheshire,11 : Manufacture of beverages,11,11,210
2023,Cheshire,12 : Manufacture of tobacco products,12,12,0
2023,Cheshire,13 : Manufacture of textiles,13,13,540
2023,Cheshire,14 : Manufacture of wearing apparel,14,14,135
2023,Cheshire,15 : Manufacture of leather and related products,15,15,5
2023,Cheshire,"16 : Manufacture of wood and of products of wood and cork, except furniture;manufacture of articles of straw and plaiting materials",16,16,470
2023,Cheshire,17 : Manufacture of paper and paper products,17,17,990
2023,Cheshire,18 : Printing and reproduction of recorded media,18,18,690
2023,Cheshire,19 : Manufacture of coke and refined petroleum products,19,19,875
2023,Cheshire,20 : Manufacture of chemicals and chemical products,20,20,3720
2023,Cheshire,21 : Manufacture of basic pharmaceutical products and pharmaceutical preparations,21,21,5030
2023,Cheshire,22 : Manufacture of rubber and plastic products,22,22,2275
2023,Cheshire,23 : Manufacture of other non-metallic mineral products,23,23,1665
2023,Cheshire,24 : Manufacture of basic metals,24,24,630
2023,Cheshire,"25 : Manufacture of fabricated metal products, except machinery and equipment",25,25,3690
2023,Cheshire,"26 : Manufacture of computer, electronic and optical products",26,26,2660
2023,Cheshire,27 : Manufacture of electrical equipment,27,27,835
2023,Cheshire,28 : Manufacture of machinery and equipment n.e.c.,28,28,1790
2023,Cheshire,"29 : Manufacture of motor vehicles, trailers and semi-trailers",29,29,5905
2023,Cheshire,30 : Manufacture of other transport equipment,30,30,680
2023,Cheshire,31 : Manufacture of furniture,31,31,685
2023,Cheshire,32 : Other manufacturing,32,32,1395
2023,Cheshire,33 : Repair and installation of machinery and equipment,33,33,1470
2023,Cheshire,"35 : Electricity, gas, steam and air conditioning supply",35,35,1630
2023,Cheshire,"36 : Water collection, treatment and supply",36,36,3000
2023,Cheshire,37 : Sewerage,37,37,400
2023,Cheshire,"38 : Waste collection, treatment and disposal activities; materials recovery",38,38,2650
2023,Cheshire,"39 : Remediation activities and other waste management services. This division includes the provision of remediation services, i.e. the cleanup of contaminated buildings and sites, soil, surface or ground water.",39,39,200
2023,Cheshire,41 : Construction of buildings,41,41,7400
2023,Cheshire,42 : Civil engineering,42,42,4820
2023,Cheshire,43 : Specialised construction activities,43,43,10925
2023,Cheshire,45 : Wholesale and retail trade and repair of motor vehicles and motorcycles,45,45,8650
2023,Cheshire,"46 : Wholesale trade, except of motor vehicles and motorcycles",46,46,16595
2023,Cheshire,"47 : Retail trade, except of motor vehicles and motorcycles",47,47,20455
2023,Cheshire,49 : Land transport and transport via pipelines,49,49,5930
2023,Cheshire,50 : Water transport,50,50,55
2023,Cheshire,51 : Air transport,51,51,55
2023,Cheshire,52 : Warehousing and support activities for transportation,52,52,11295
2023,Cheshire,53 : Postal and courier activities,53,53,4725
2023,Cheshire,55 : Accommodation,55,55,4180
2023,Cheshire,56 : Food and beverage service activities,56,56,9700
2023,Cheshire,58 : Publishing activities,58,58,1185
2023,Cheshire,"59 : Motion picture, video and television programme production, sound recording and music publishing activities",59,59,415
2023,Cheshire,60 : Programming and broadcasting activities,60,60,65
2023,Cheshire,61 : Telecommunications,61,61,2475
2023,Cheshire,"62 : Computer programming, consultancy and related activities",62,62,8250
2023,Cheshire,63 : Information service activities,63,63,740
2023,Cheshire,"64 : Financial service activities, except insurance and pension funding",64,64,8565
2023,Cheshire,"65 : Insurance, reinsurance and pension funding, except compulsory social security",65,65,200
2023,Cheshire,66 : Activities auxiliary to financial services and insurance activities,66,66,5680
2023,Cheshire,68 : Real estate activities,68,68,6375
2023,Cheshire,69 : Legal and accounting activities,69,69,30360
2023,Cheshire,70 : Activities of head offices; management consultancy activities,70,70,18750
2023,Cheshire,71 : Architectural and engineering activities; technical testing and analysis,71,71,10100
2023,Cheshire,72 : Scientific research and development,72,72,1355
2023,Cheshire,73 : Advertising and market research,73,73,2275
2023,Cheshire,"74 : Other professional, scientific and technical activities",74,74,3165
2023,Cheshire,75 : Veterinary activities,75,75,1500
2023,Cheshire,77 : Rental and leasing activities,77,77,3110
2023,Cheshire,78 : Employment activities,78,78,13300
2023,Cheshire,"79 : Travel agency, tour operator and other reservation service and related activities",79,79,1910
2023,Cheshire,80 : Security and investigation activities,80,80,2285
2023,Cheshire,81 : Services to buildings and landscape activities,81,81,5910
2023,Cheshire,"82 : Office administrative, office support and other business support activities",82,82,7185
2023,Cheshire,84 : Public administration and defence; compulsory social security,84,84,10850
2023,Cheshire,85 : Education,85,85,19820
2023,Cheshire,86 : Human health activities,86,86,22150
2023,Cheshire,87 : Residential care activities,87,87,6800
2023,Cheshire,88 : Social work activities without accommodation,88,88,6750
2023,Cheshire,"90 : Creative, arts and entertainment activities",90,90,525
2023,Cheshire,"91 : Libraries, archives, museums and other cultural activities",91,91,965
2023,Cheshire,92 : Gambling and betting activities,92,92,1000
2023,Cheshire,93 : Sports activities and amusement and recreation activities,93,93,3380
2023,Cheshire,94 : Activities of membership organisations,94,94,1915
2023,Cheshire,95 : Repair of computers and personal and household goods,95,95,805
2023,Cheshire,96 : Other personal service activities,96,96,2750
2023,Cheshire,97 : Activities of households as employers of domestic personnel,97,97,0
2023,Cheshire,98 : Undifferentiated goods- and services-producing activities of private households for own use,98,98,0
2023,Cheshire,99 : Activities of extraterritorial organisations and bodies,99,99,0
2023,Cornwall and Isles of Scilly,"01 : Crop and animal production, hunting and related service activities",01,1,3110
2023,Cornwall and Isles of Scilly,02 : Forestry and logging,02,2,120
2023,Cornwall and Isles of Scilly,03 : Fishing and aquaculture,03,3,155
2023,Cornwall and Isles of Scilly,05 : Mining of coal and lignite,05,5,0
2023,Cornwall and Isles of Scilly,06 : Extraction of crude petroleum and natural gas,06,6,0
2023,Cornwall and Isles of Scilly,07 : Mining of metal ores,07,7,0
2023,Cornwall and Isles of Scilly,08 : Other mining and quarrying,08,8,825
2023,Cornwall and Isles of Scilly,09 : Mining support service activities,09,9,5
2023,Cornwall and Isles of Scilly,10 : Manufacture of food products,10,10,3935
2023,Cornwall and Isles of Scilly,11 : Manufacture of beverages,11,11,390
2023,Cornwall and Isles of Scilly,12 : Manufacture of tobacco products,12,12,0
2023,Cornwall and Isles of Scilly,13 : Manufacture of textiles,13,13,305
2023,Cornwall and Isles of Scilly,14 : Manufacture of wearing apparel,14,14,10
2023,Cornwall and Isles of Scilly,15 : Manufacture of leather and related products,15,15,5
2023,Cornwall and Isles of Scilly,"16 : Manufacture of wood and of products of wood and cork, except furniture;manufacture of articles of straw and plaiting materials",16,16,700
2023,Cornwall and Isles of Scilly,17 : Manufacture of paper and paper products,17,17,170
2023,Cornwall and Isles of Scilly,18 : Printing and reproduction of recorded media,18,18,900
2023,Cornwall and Isles of Scilly,19 : Manufacture of coke and refined petroleum products,19,19,0
2023,Cornwall and Isles of Scilly,20 : Manufacture of chemicals and chemical products,20,20,210
2023,Cornwall and Isles of Scilly,21 : Manufacture of basic pharmaceutical products and pharmaceutical preparations,21,21,0
2023,Cornwall and Isles of Scilly,22 : Manufacture of rubber and plastic products,22,22,1100
2023,Cornwall and Isles of Scilly,23 : Manufacture of other non-metallic mineral products,23,23,270
2023,Cornwall and Isles of Scilly,24 : Manufacture of basic metals,24,24,100
2023,Cornwall and Isles of Scilly,"25 : Manufacture of fabricated metal products, except machinery and equipment",25,25,950
2023,Cornwall and Isles of Scilly,"26 : Manufacture of computer, electronic and optical products",26,26,525
2023,Cornwall and Isles of Scilly,27 : Manufacture of electrical equipment,27,27,160
2023,Cornwall and Isles of Scilly,28 : Manufacture of machinery and equipment n.e.c.,28,28,1630
2023,Cornwall and Isles of Scilly,"29 : Manufacture of motor vehicles, trailers and semi-trailers",29,29,40
2023,Cornwall and Isles of Scilly,30 : Manufacture of other transport equipment,30,30,350
2023,Cornwall and Isles of Scilly,31 : Manufacture of furniture,31,31,230
2023,Cornwall and Isles of Scilly,32 : Other manufacturing,32,32,410
2023,Cornwall and Isles of Scilly,33 : Repair and installation of machinery and equipment,33,33,1525
2023,Cornwall and Isles of Scilly,"35 : Electricity, gas, steam and air conditioning supply",35,35,620
2023,Cornwall and Isles of Scilly,"36 : Water collection, treatment and supply",36,36,500
2023,Cornwall and Isles of Scilly,37 : Sewerage,37,37,300
2023,Cornwall and Isles of Scilly,"38 : Waste collection, treatment and disposal activities; materials recovery",38,38,1370
2023,Cornwall and Isles of Scilly,"39 : Remediation activities and other waste management services. This division includes the provision of remediation services, i.e. the cleanup of contaminated buildings and sites, soil, surface or ground water.",39,39,30
2023,Cornwall and Isles of Scilly,41 : Construction of buildings,41,41,4450
2023,Cornwall and Isles of Scilly,42 : Civil engineering,42,42,2015
2023,Cornwall and Isles of Scilly,43 : Specialised construction activities,43,43,7450
2023,Cornwall and Isles of Scilly,45 : Wholesale and retail trade and repair of motor vehicles and motorcycles,45,45,3540
2023,Cornwall and Isles of Scilly,"46 : Wholesale trade, except of motor vehicles and motorcycles",46,46,6175
2023,Cornwall and Isles of Scilly,"47 : Retail trade, except of motor vehicles and motorcycles",47,47,11190
2023,Cornwall and Isles of Scilly,49 : Land transport and transport via pipelines,49,49,2635
2023,Cornwall and Isles of Scilly,50 : Water transport,50,50,175
2023,Cornwall and Isles of Scilly,51 : Air transport,51,51,135
2023,Cornwall and Isles of Scilly,52 : Warehousing and support activities for transportation,52,52,1410
2023,Cornwall and Isles of Scilly,53 : Postal and courier activities,53,53,1290
2023,Cornwall and Isles of Scilly,55 : Accommodation,55,55,6320
2023,Cornwall and Isles of Scilly,56 : Food and beverage service activities,56,56,8650
2023,Cornwall and Isles of Scilly,58 : Publishing activities,58,58,170
2023,Cornwall and Isles of Scilly,"59 : Motion picture, video and television programme production, sound recording and music publishing activities",59,59,830
2023,Cornwall and Isles of Scilly,60 : Programming and broadcasting activities,60,60,55
2023,Cornwall and Isles of Scilly,61 : Telecommunications,61,61,955
2023,Cornwall and Isles of Scilly,"62 : Computer programming, consultancy and related activities",62,62,1990
2023,Cornwall and Isles of Scilly,63 : Information service activities,63,63,100
2023,Cornwall and Isles of Scilly,"64 : Financial service activities, except insurance and pension funding",64,64,370
2023,Cornwall and Isles of Scilly,"65 : Insurance, reinsurance and pension funding, except compulsory social security",65,65,0
2023,Cornwall and Isles of Scilly,66 : Activities auxiliary to financial services and insurance activities,66,66,840
2023,Cornwall and Isles of Scilly,68 : Real estate activities,68,68,2750
2023,Cornwall and Isles of Scilly,69 : Legal and accounting activities,69,69,1555
2023,Cornwall and Isles of Scilly,70 : Activities of head offices; management consultancy activities,70,70,1275
2023,Cornwall and Isles of Scilly,71 : Architectural and engineering activities; technical testing and analysis,71,71,2190
2023,Cornwall and Isles of Scilly,72 : Scientific research and development,72,72,245
2023,Cornwall and Isles of Scilly,73 : Advertising and market research,73,73,500
2023,Cornwall and Isles of Scilly,"74 : Other professional, scientific and technical activities",74,74,1855
2023,Cornwall and Isles of Scilly,75 : Veterinary activities,75,75,800
2023,Cornwall and Isles of Scilly,77 : Rental and leasing activities,77,77,1235
2023,Cornwall and Isles of Scilly,78 : Employment activities,78,78,4405
2023,Cornwall and Isles of Scilly,"79 : Travel agency, tour operator and other reservation service and related activities",79,79,80
2023,Cornwall and Isles of Scilly,80 : Security and investigation activities,80,80,505
2023,Cornwall and Isles of Scilly,81 : Services to buildings and landscape activities,81,81,1520
2023,Cornwall and Isles of Scilly,"82 : Office administrative, office support and other business support activities",82,82,1500
2023,Cornwall and Isles of Scilly,84 : Public administration and defence; compulsory social security,84,84,5740
2023,Cornwall and Isles of Scilly,85 : Education,85,85,8980
2023,Cornwall and Isles of Scilly,86 : Human health activities,86,86,12090
2023,Cornwall and Isles of Scilly,87 : Residential care activities,87,87,4750
2023,Cornwall and Isles of Scilly,88 : Social work activities without accommodation,88,88,4000
2023,Cornwall and Isles of Scilly,"90 : Creative, arts and entertainment activities",90,90,450
2023,Cornwall and Isles of Scilly,"91 : Libraries, archives, museums and other cultural activities",91,91,1175
2023,Cornwall and Isles of Scilly,92 : Gambling and betting activities,92,92,175
2023,Cornwall and Isles of Scilly,93 : Sports activities and amusement and recreation activities,93,93,1510
2023,Cornwall and Isles of Scilly,94 : Activities of membership organisations,94,94,695
2023,Cornwall and Isles of Scilly,95 : Repair of computers and personal and household goods,95,95,235
2023,Cornwall and Isles of Scilly,96 : Other personal service activities,96,96,1150
2023,Cornwall and Isles of Scilly,97 : Activities of households as employers of domestic personnel,97,97,0
2023,Cornwall and Isles of Scilly,98 : Undifferentiated goods- and services-producing activities of private households for own use,98,98,0
2023,Cornwall and Isles of Scilly,99 : Activities of extraterritorial organisations and bodies,99,99,0
2023,Cumbria,"01 : Crop and animal production, hunting and related service activities",01,1,2715
2023,Cumbria,02 : Forestry and logging,02,2,425
2023,Cumbria,03 : Fishing and aquaculture,03,3,85
2023,Cumbria,05 : Mining of coal and lignite,05,5,10
2023,Cumbria,06 : Extraction of crude petroleum and natural gas,06,6,100
2023,Cumbria,07 : Mining of metal ores,07,7,0
2023,Cumbria,08 : Other mining and quarrying,08,8,350
2023,Cumbria,09 : Mining support service activities,09,9,50
2023,Cumbria,10 : Manufacture of food products,10,10,4340
2023,Cumbria,11 : Manufacture of beverages,11,11,265
2023,Cumbria,12 : Manufacture of tobacco products,12,12,30
2023,Cumbria,13 : Manufacture of textiles,13,13,265
2023,Cumbria,14 : Manufacture of wearing apparel,14,14,20
2023,Cumbria,15 : Manufacture of leather and related products,15,15,110
2023,Cumbria,"16 : Manufacture of wood and of products of wood and cork, except furniture;manufacture of articles of straw and plaiting materials",16,16,1000
2023,Cumbria,17 : Manufacture of paper and paper products,17,17,1200
2023,Cumbria,18 : Printing and reproduction of recorded media,18,18,145
2023,Cumbria,19 : Manufacture of coke and refined petroleum products,19,19,0
2023,Cumbria,20 : Manufacture of chemicals and chemical products,20,20,195
2023,Cumbria,21 : Manufacture of basic pharmaceutical products and pharmaceutical preparations,21,21,100
2023,Cumbria,22 : Manufacture of rubber and plastic products,22,22,2775
2023,Cumbria,23 : Manufacture of other non-metallic mineral products,23,23,840
2023,Cumbria,24 : Manufacture of basic metals,24,24,10245
2023,Cumbria,"25 : Manufacture of fabricated metal products, except machinery and equipment",25,25,2445
2023,Cumbria,"26 : Manufacture of computer, electronic and optical products",26,26,805
2023,Cumbria,27 : Manufacture of electrical equipment,27,27,725
2023,Cumbria,28 : Manufacture of machinery and equipment n.e.c.,28,28,305
2023,Cumbria,"29 : Manufacture of motor vehicles, trailers and semi-trailers",29,29,70
2023,Cumbria,30 : Manufacture of other transport equipment,30,30,10110
2023,Cumbria,31 : Manufacture of furniture,31,31,390
2023,Cumbria,32 : Other manufacturing,32,32,730
2023,Cumbria,33 : Repair and installation of machinery and equipment,33,33,825
2023,Cumbria,"35 : Electricity, gas, steam and air conditioning supply",35,35,940
2023,Cumbria,"36 : Water collection, treatment and supply",36,36,600
2023,Cumbria,37 : Sewerage,37,37,75
2023,Cumbria,"38 : Waste collection, treatment and disposal activities; materials recovery",38,38,1570
2023,Cumbria,"39 : Remediation activities and other waste management services. This division includes the provision of remediation services, i.e. the cleanup of contaminated buildings and sites, soil, surface or ground water.",39,39,20
2023,Cumbria,41 : Construction of buildings,41,41,3500
2023,Cumbria,42 : Civil engineering,42,42,2010
2023,Cumbria,43 : Specialised construction activities,43,43,6625
2023,Cumbria,45 : Wholesale and retail trade and repair of motor vehicles and motorcycles,45,45,4050
2023,Cumbria,"46 : Wholesale trade, except of motor vehicles and motorcycles",46,46,5920
2023,Cumbria,"47 : Retail trade, except of motor vehicles and motorcycles",47,47,9555
2023,Cumbria,49 : Land transport and transport via pipelines,49,49,3985
2023,Cumbria,50 : Water transport,50,50,315
2023,Cumbria,51 : Air transport,51,51,0
2023,Cumbria,52 : Warehousing and support activities for transportation,52,52,2005
2023,Cumbria,53 : Postal and courier activities,53,53,1410
2023,Cumbria,55 : Accommodation,55,55,6795
2023,Cumbria,56 : Food and beverage service activities,56,56,5650
2023,Cumbria,58 : Publishing activities,58,58,355
2023,Cumbria,"59 : Motion picture, video and television programme production, sound recording and music publishing activities",59,59,140
2023,Cumbria,60 : Programming and broadcasting activities,60,60,60
2023,Cumbria,61 : Telecommunications,61,61,750
2023,Cumbria,"62 : Computer programming, consultancy and related activities",62,62,1035
2023,Cumbria,63 : Information service activities,63,63,40
2023,Cumbria,"64 : Financial service activities, except insurance and pension funding",64,64,1065
2023,Cumbria,"65 : Insurance, reinsurance and pension funding, except compulsory social security",65,65,0
2023,Cumbria,66 : Activities auxiliary to financial services and insurance activities,66,66,735
2023,Cumbria,68 : Real estate activities,68,68,3550
2023,Cumbria,69 : Legal and accounting activities,69,69,3590
2023,Cumbria,70 : Activities of head offices; management consultancy activities,70,70,2320
2023,Cumbria,71 : Architectural and engineering activities; technical testing and analysis,71,71,3090
2023,Cumbria,72 : Scientific research and development,72,72,215
2023,Cumbria,73 : Advertising and market research,73,73,220
2023,Cumbria,"74 : Other professional, scientific and technical activities",74,74,695
2023,Cumbria,75 : Veterinary activities,75,75,1000
2023,Cumbria,77 : Rental and leasing activities,77,77,790
2023,Cumbria,78 : Employment activities,78,78,1160
2023,Cumbria,"79 : Travel agency, tour operator and other reservation service and related activities",79,79,425
2023,Cumbria,80 : Security and investigation activities,80,80,925
2023,Cumbria,81 : Services to buildings and landscape activities,81,81,2460
2023,Cumbria,"82 : Office administrative, office support and other business support activities",82,82,1265
2023,Cumbria,84 : Public administration and defence; compulsory social security,84,84,5650
2023,Cumbria,85 : Education,85,85,8380
2023,Cumbria,86 : Human health activities,86,86,10200
2023,Cumbria,87 : Residential care activities,87,87,4400
2023,Cumbria,88 : Social work activities without accommodation,88,88,2750
2023,Cumbria,"90 : Creative, arts and entertainment activities",90,90,285
2023,Cumbria,"91 : Libraries, archives, museums and other cultural activities",91,91,775
2023,Cumbria,92 : Gambling and betting activities,92,92,175
2023,Cumbria,93 : Sports activities and amusement and recreation activities,93,93,1135
2023,Cumbria,94 : Activities of membership organisations,94,94,1070
2023,Cumbria,95 : Repair of computers and personal and household goods,95,95,160
2023,Cumbria,96 : Other personal service activities,96,96,1285
2023,Cumbria,97 : Activities of households as employers of domestic personnel,97,97,0
2023,Cumbria,98 : Undifferentiated goods- and services-producing activities of private households for own use,98,98,0
2023,Cumbria,99 : Activities of extraterritorial organisations and bodies,99,99,0
2023,Derbyshire and Nottinghamshire,"01 : Crop and animal production, hunting and related service activities",01,1,2465
2023,Derbyshire and Nottinghamshire,02 : Forestry and logging,02,2,300
2023,Derbyshire and Nottinghamshire,03 : Fishing and aquaculture,03,3,10
2023,Derbyshire and Nottinghamshire,05 : Mining of coal and lignite,05,5,50
2023,Derbyshire and Nottinghamshire,06 : Extraction of crude petroleum and natural gas,06,6,40
2023,Derbyshire and Nottinghamshire,07 : Mining of metal ores,07,7,0
2023,Derbyshire and Nottinghamshire,08 : Other mining and quarrying,08,8,1360
2023,Derbyshire and Nottinghamshire,09 : Mining support service activities,09,9,150
2023,Derbyshire and Nottinghamshire,10 : Manufacture of food products,10,10,15525
2023,Derbyshire and Nottinghamshire,11 : Manufacture of beverages,11,11,640
2023,Derbyshire and Nottinghamshire,12 : Manufacture of tobacco products,12,12,0
2023,Derbyshire and Nottinghamshire,13 : Manufacture of textiles,13,13,3515
2023,Derbyshire and Nottinghamshire,14 : Manufacture of wearing apparel,14,14,985
2023,Derbyshire and Nottinghamshire,15 : Manufacture of leather and related products,15,15,40
2023,Derbyshire and Nottinghamshire,"16 : Manufacture of wood and of products of wood and cork, except furniture;manufacture of articles of straw and plaiting materials",16,16,3990
2023,Derbyshire and Nottinghamshire,17 : Manufacture of paper and paper products,17,17,1225
2023,Derbyshire and Nottinghamshire,18 : Printing and reproduction of recorded media,18,18,2600
2023,Derbyshire and Nottinghamshire,19 : Manufacture of coke and refined petroleum products,19,19,150
2023,Derbyshire and Nottinghamshire,20 : Manufacture of chemicals and chemical products,20,20,3855
2023,Derbyshire and Nottinghamshire,21 : Manufacture of basic pharmaceutical products and pharmaceutical preparations,21,21,1900
2023,Derbyshire and Nottinghamshire,22 : Manufacture of rubber and plastic products,22,22,10000
2023,Derbyshire and Nottinghamshire,23 : Manufacture of other non-metallic mineral products,23,23,5975
2023,Derbyshire and Nottinghamshire,24 : Manufacture of basic metals,24,24,6435
2023,Derbyshire and Nottinghamshire,"25 : Manufacture of fabricated metal products, except machinery and equipment",25,25,13020
2023,Derbyshire and Nottinghamshire,"26 : Manufacture of computer, electronic and optical products",26,26,2200
2023,Derbyshire and Nottinghamshire,27 : Manufacture of electrical equipment,27,27,4000
2023,Derbyshire and Nottinghamshire,28 : Manufacture of machinery and equipment n.e.c.,28,28,5480
2023,Derbyshire and Nottinghamshire,"29 : Manufacture of motor vehicles, trailers and semi-trailers",29,29,4390
2023,Derbyshire and Nottinghamshire,30 : Manufacture of other transport equipment,30,30,11910
2023,Derbyshire and Nottinghamshire,31 : Manufacture of furniture,31,31,4250
2023,Derbyshire and Nottinghamshire,32 : Other manufacturing,32,32,5015
2023,Derbyshire and Nottinghamshire,33 : Repair and installation of machinery and equipment,33,33,6710
2023,Derbyshire and Nottinghamshire,"35 : Electricity, gas, steam and air conditioning supply",35,35,3835
2023,Derbyshire and Nottinghamshire,"36 : Water collection, treatment and supply",36,36,1500
2023,Derbyshire and Nottinghamshire,37 : Sewerage,37,37,150
2023,Derbyshire and Nottinghamshire,"38 : Waste collection, treatment and disposal activities; materials recovery",38,38,4080
2023,Derbyshire and Nottinghamshire,"39 : Remediation activities and other waste management services. This division includes the provision of remediation services, i.e. the cleanup of contaminated buildings and sites, soil, surface or ground water.",39,39,45
2023,Derbyshire and Nottinghamshire,41 : Construction of buildings,41,41,10500
2023,Derbyshire and Nottinghamshire,42 : Civil engineering,42,42,6345
2023,Derbyshire and Nottinghamshire,43 : Specialised construction activities,43,43,19585
2023,Derbyshire and Nottinghamshire,45 : Wholesale and retail trade and repair of motor vehicles and motorcycles,45,45,18125
2023,Derbyshire and Nottinghamshire,"46 : Wholesale trade, except of motor vehicles and motorcycles",46,46,32500
2023,Derbyshire and Nottinghamshire,"47 : Retail trade, except of motor vehicles and motorcycles",47,47,32335
2023,Derbyshire and Nottinghamshire,49 : Land transport and transport via pipelines,49,49,15500
2023,Derbyshire and Nottinghamshire,50 : Water transport,50,50,0
2023,Derbyshire and Nottinghamshire,51 : Air transport,51,51,15
2023,Derbyshire and Nottinghamshire,52 : Warehousing and support activities for transportation,52,52,21310
2023,Derbyshire and Nottinghamshire,53 : Postal and courier activities,53,53,7450
2023,Derbyshire and Nottinghamshire,55 : Accommodation,55,55,4020
2023,Derbyshire and Nottinghamshire,56 : Food and beverage service activities,56,56,20550
2023,Derbyshire and Nottinghamshire,58 : Publishing activities,58,58,1785
2023,Derbyshire and Nottinghamshire,"59 : Motion picture, video and television programme production, sound recording and music publishing activities",59,59,660
2023,Derbyshire and Nottinghamshire,60 : Programming and broadcasting activities,60,60,1200
2023,Derbyshire and Nottinghamshire,61 : Telecommunications,61,61,3950
2023,Derbyshire and Nottinghamshire,"62 : Computer programming, consultancy and related activities",62,62,15130
2023,Derbyshire and Nottinghamshire,63 : Information service activities,63,63,3180
2023,Derbyshire and Nottinghamshire,"64 : Financial service activities, except insurance and pension funding",64,64,2915
2023,Derbyshire and Nottinghamshire,"65 : Insurance, reinsurance and pension funding, except compulsory social security",65,65,1020
2023,Derbyshire and Nottinghamshire,66 : Activities auxiliary to financial services and insurance activities,66,66,4610
2023,Derbyshire and Nottinghamshire,68 : Real estate activities,68,68,9325
2023,Derbyshire and Nottinghamshire,69 : Legal and accounting activities,69,69,9975
2023,Derbyshire and Nottinghamshire,70 : Activities of head offices; management consultancy activities,70,70,16475
2023,Derbyshire and Nottinghamshire,71 : Architectural and engineering activities; technical testing and analysis,71,71,13925
2023,Derbyshire and Nottinghamshire,72 : Scientific research and development,72,72,2635
2023,Derbyshire and Nottinghamshire,73 : Advertising and market research,73,73,3350
2023,Derbyshire and Nottinghamshire,"74 : Other professional, scientific and technical activities",74,74,2765
2023,Derbyshire and Nottinghamshire,75 : Veterinary activities,75,75,1500
2023,Derbyshire and Nottinghamshire,77 : Rental and leasing activities,77,77,6055
2023,Derbyshire and Nottinghamshire,78 : Employment activities,78,78,16480
2023,Derbyshire and Nottinghamshire,"79 : Travel agency, tour operator and other reservation service and related activities",79,79,1175
2023,Derbyshire and Nottinghamshire,80 : Security and investigation activities,80,80,5480
2023,Derbyshire and Nottinghamshire,81 : Services to buildings and landscape activities,81,81,6535
2023,Derbyshire and Nottinghamshire,"82 : Office administrative, office support and other business support activities",82,82,9450
2023,Derbyshire and Nottinghamshire,84 : Public administration and defence; compulsory social security,84,84,33750
2023,Derbyshire and Nottinghamshire,85 : Education,85,85,47700
2023,Derbyshire and Nottinghamshire,86 : Human health activities,86,86,53800
2023,Derbyshire and Nottinghamshire,87 : Residential care activities,87,87,15700
2023,Derbyshire and Nottinghamshire,88 : Social work activities without accommodation,88,88,19000
2023,Derbyshire and Nottinghamshire,"90 : Creative, arts and entertainment activities",90,90,1100
2023,Derbyshire and Nottinghamshire,"91 : Libraries, archives, museums and other cultural activities",91,91,1425
2023,Derbyshire and Nottinghamshire,92 : Gambling and betting activities,92,92,1000
2023,Derbyshire and Nottinghamshire,93 : Sports activities and amusement and recreation activities,93,93,5505
2023,Derbyshire and Nottinghamshire,94 : Activities of membership organisations,94,94,2630
2023,Derbyshire and Nottinghamshire,95 : Repair of computers and personal and household goods,95,95,1110
2023,Derbyshire and Nottinghamshire,96 : Other personal service activities,96,96,3700
2023,Derbyshire and Nottinghamshire,97 : Activities of households as employers of domestic personnel,97,97,0
2023,Derbyshire and Nottinghamshire,98 : Undifferentiated goods- and services-producing activities of private households for own use,98,98,0
2023,Derbyshire and Nottinghamshire,99 : Activities of extraterritorial organisations and bodies,99,99,0
2023,Devon,"01 : Crop and animal production, hunting and related service activities",01,1,3230
2023,Devon,02 : Forestry and logging,02,2,310
2023,Devon,03 : Fishing and aquaculture,03,3,195
2023,Devon,05 : Mining of coal and lignite,05,5,0
2023,Devon,06 : Extraction of crude petroleum and natural gas,06,6,0
2023,Devon,07 : Mining of metal ores,07,7,0
2023,Devon,08 : Other mining and quarrying,08,8,505
2023,Devon,09 : Mining support service activities,09,9,100
2023,Devon,10 : Manufacture of food products,10,10,5255
2023,Devon,11 : Manufacture of beverages,11,11,280
2023,Devon,12 : Manufacture of tobacco products,12,12,0
2023,Devon,13 : Manufacture of textiles,13,13,1220
2023,Devon,14 : Manufacture of wearing apparel,14,14,25
2023,Devon,15 : Manufacture of leather and related products,15,15,40
2023,Devon,"16 : Manufacture of wood and of products of wood and cork, except furniture;manufacture of articles of straw and plaiting materials",16,16,1095
2023,Devon,17 : Manufacture of paper and paper products,17,17,195
2023,Devon,18 : Printing and reproduction of recorded media,18,18,1365
2023,Devon,19 : Manufacture of coke and refined petroleum products,19,19,0
2023,Devon,20 : Manufacture of chemicals and chemical products,20,20,335
2023,Devon,21 : Manufacture of basic pharmaceutical products and pharmaceutical preparations,21,21,1270
2023,Devon,22 : Manufacture of rubber and plastic products,22,22,2230
2023,Devon,23 : Manufacture of other non-metallic mineral products,23,23,560
2023,Devon,24 : Manufacture of basic metals,24,24,630
2023,Devon,"25 : Manufacture of fabricated metal products, except machinery and equipment",25,25,3770
2023,Devon,"26 : Manufacture of computer, electronic and optical products",26,26,2040
2023,Devon,27 : Manufacture of electrical equipment,27,27,1885
2023,Devon,28 : Manufacture of machinery and equipment n.e.c.,28,28,2365
2023,Devon,"29 : Manufacture of motor vehicles, trailers and semi-trailers",29,29,420
2023,Devon,30 : Manufacture of other transport equipment,30,30,12470
2023,Devon,31 : Manufacture of furniture,31,31,720
2023,Devon,32 : Other manufacturing,32,32,1640
2023,Devon,33 : Repair and installation of machinery and equipment,33,33,1120
2023,Devon,"35 : Electricity, gas, steam and air conditioning supply",35,35,1855
2023,Devon,"36 : Water collection, treatment and supply",36,36,1500
2023,Devon,37 : Sewerage,37,37,250
2023,Devon,"38 : Waste collection, treatment and disposal activities; materials recovery",38,38,2180
2023,Devon,"39 : Remediation activities and other waste management services. This division includes the provision of remediation services, i.e. the cleanup of contaminated buildings and sites, soil, surface or ground water.",39,39,50
2023,Devon,41 : Construction of buildings,41,41,9000
2023,Devon,42 : Civil engineering,42,42,2410
2023,Devon,43 : Specialised construction activities,43,43,16625
2023,Devon,45 : Wholesale and retail trade and repair of motor vehicles and motorcycles,45,45,8000
2023,Devon,"46 : Wholesale trade, except of motor vehicles and motorcycles",46,46,14400
2023,Devon,"47 : Retail trade, except of motor vehicles and motorcycles",47,47,19425
2023,Devon,49 : Land transport and transport via pipelines,49,49,6150
2023,Devon,50 : Water transport,50,50,185
2023,Devon,51 : Air transport,51,51,50
2023,Devon,52 : Warehousing and support activities for transportation,52,52,4165
2023,Devon,53 : Postal and courier activities,53,53,3850
2023,Devon,55 : Accommodation,55,55,8225
2023,Devon,56 : Food and beverage service activities,56,56,16000
2023,Devon,58 : Publishing activities,58,58,635
2023,Devon,"59 : Motion picture, video and television programme production, sound recording and music publishing activities",59,59,1190
2023,Devon,60 : Programming and broadcasting activities,60,60,30
2023,Devon,61 : Telecommunications,61,61,3720
2023,Devon,"62 : Computer programming, consultancy and related activities",62,62,5075
2023,Devon,63 : Information service activities,63,63,375
2023,Devon,"64 : Financial service activities, except insurance and pension funding",64,64,1145
2023,Devon,"65 : Insurance, reinsurance and pension funding, except compulsory social security",65,65,210
2023,Devon,66 : Activities auxiliary to financial services and insurance activities,66,66,2550
2023,Devon,68 : Real estate activities,68,68,6680
2023,Devon,69 : Legal and accounting activities,69,69,5255
2023,Devon,70 : Activities of head offices; management consultancy activities,70,70,4525
2023,Devon,71 : Architectural and engineering activities; technical testing and analysis,71,71,5825
2023,Devon,72 : Scientific research and development,72,72,540
2023,Devon,73 : Advertising and market research,73,73,1125
2023,Devon,"74 : Other professional, scientific and technical activities",74,74,4495
2023,Devon,75 : Veterinary activities,75,75,1750
2023,Devon,77 : Rental and leasing activities,77,77,2185
2023,Devon,78 : Employment activities,78,78,5400
2023,Devon,"79 : Travel agency, tour operator and other reservation service and related activities",79,79,250
2023,Devon,80 : Security and investigation activities,80,80,1395
2023,Devon,81 : Services to buildings and landscape activities,81,81,3765
2023,Devon,"82 : Office administrative, office support and other business support activities",82,82,3175
2023,Devon,84 : Public administration and defence; compulsory social security,84,84,18500
2023,Devon,85 : Education,85,85,25660
2023,Devon,86 : Human health activities,86,86,32200
2023,Devon,87 : Residential care activities,87,87,10500
2023,Devon,88 : Social work activities without accommodation,88,88,7250
2023,Devon,"90 : Creative, arts and entertainment activities",90,90,875
2023,Devon,"91 : Libraries, archives, museums and other cultural activities",91,91,1110
2023,Devon,92 : Gambling and betting activities,92,92,450
2023,Devon,93 : Sports activities and amusement and recreation activities,93,93,3180
2023,Devon,94 : Activities of membership organisations,94,94,2200
2023,Devon,95 : Repair of computers and personal and household goods,95,95,430
2023,Devon,96 : Other personal service activities,96,96,2400
2023,Devon,97 : Activities of households as employers of domestic personnel,97,97,0
2023,Devon,98 : Undifferentiated goods- and services-producing activities of private households for own use,98,98,0
2023,Devon,99 : Activities of extraterritorial organisations and bodies,99,99,0
2023,Dorset and Somerset,"01 : Crop and animal production, hunting and related service activities",01,1,4275
2023,Dorset and Somerset,02 : Forestry and logging,02,2,100
2023,Dorset and Somerset,03 : Fishing and aquaculture,03,3,10
2023,Dorset and Somerset,05 : Mining of coal and lignite,05,5,0
2023,Dorset and Somerset,06 : Extraction of crude petroleum and natural gas,06,6,0
2023,Dorset and Somerset,07 : Mining of metal ores,07,7,0
2023,Dorset and Somerset,08 : Other mining and quarrying,08,8,705
2023,Dorset and Somerset,09 : Mining support service activities,09,9,10
2023,Dorset and Somerset,10 : Manufacture of food products,10,10,8575
2023,Dorset and Somerset,11 : Manufacture of beverages,11,11,1000
2023,Dorset and Somerset,12 : Manufacture of tobacco products,12,12,0
2023,Dorset and Somerset,13 : Manufacture of textiles,13,13,1095
2023,Dorset and Somerset,14 : Manufacture of wearing apparel,14,14,20
2023,Dorset and Somerset,15 : Manufacture of leather and related products,15,15,710
2023,Dorset and Somerset,"16 : Manufacture of wood and of products of wood and cork, except furniture;manufacture of articles of straw and plaiting materials",16,16,1585
2023,Dorset and Somerset,17 : Manufacture of paper and paper products,17,17,330
2023,Dorset and Somerset,18 : Printing and reproduction of recorded media,18,18,665
2023,Dorset and Somerset,19 : Manufacture of coke and refined petroleum products,19,19,0
2023,Dorset and Somerset,20 : Manufacture of chemicals and chemical products,20,20,900
2023,Dorset and Somerset,21 : Manufacture of basic pharmaceutical products and pharmaceutical preparations,21,21,225
2023,Dorset and Somerset,22 : Manufacture of rubber and plastic products,22,22,2100
2023,Dorset and Somerset,23 : Manufacture of other non-metallic mineral products,23,23,1085
2023,Dorset and Somerset,24 : Manufacture of basic metals,24,24,350
2023,Dorset and Somerset,"25 : Manufacture of fabricated metal products, except machinery and equipment",25,25,3835
2023,Dorset and Somerset,"26 : Manufacture of computer, electronic and optical products",26,26,4195
2023,Dorset and Somerset,27 : Manufacture of electrical equipment,27,27,6295
2023,Dorset and Somerset,28 : Manufacture of machinery and equipment n.e.c.,28,28,2950
2023,Dorset and Somerset,"29 : Manufacture of motor vehicles, trailers and semi-trailers",29,29,415
2023,Dorset and Somerset,30 : Manufacture of other transport equipment,30,30,12360
2023,Dorset and Somerset,31 : Manufacture of furniture,31,31,775
2023,Dorset and Somerset,32 : Other manufacturing,32,32,510
2023,Dorset and Somerset,33 : Repair and installation of machinery and equipment,33,33,1430
2023,Dorset and Somerset,"35 : Electricity, gas, steam and air conditioning supply",35,35,595
2023,Dorset and Somerset,"36 : Water collection, treatment and supply",36,36,600
2023,Dorset and Somerset,37 : Sewerage,37,37,600
2023,Dorset and Somerset,"38 : Waste collection, treatment and disposal activities; materials recovery",38,38,1550
2023,Dorset and Somerset,"39 : Remediation activities and other waste management services. This division includes the provision of remediation services, i.e. the cleanup of contaminated buildings and sites, soil, surface or ground water.",39,39,40
2023,Dorset and Somerset,41 : Construction of buildings,41,41,6250
2023,Dorset and Somerset,42 : Civil engineering,42,42,1585
2023,Dorset and Somerset,43 : Specialised construction activities,43,43,12470
2023,Dorset and Somerset,45 : Wholesale and retail trade and repair of motor vehicles and motorcycles,45,45,7250
2023,Dorset and Somerset,"46 : Wholesale trade, except of motor vehicles and motorcycles",46,46,13275
2023,Dorset and Somerset,"47 : Retail trade, except of motor vehicles and motorcycles",47,47,13720
2023,Dorset and Somerset,49 : Land transport and transport via pipelines,49,49,5025
2023,Dorset and Somerset,50 : Water transport,50,50,0
2023,Dorset and Somerset,51 : Air transport,51,51,10
2023,Dorset and Somerset,52 : Warehousing and support activities for transportation,52,52,3740
2023,Dorset and Somerset,53 : Postal and courier activities,53,53,1735
2023,Dorset and Somerset,55 : Accommodation,55,55,3875
2023,Dorset and Somerset,56 : Food and beverage service activities,56,56,9450
2023,Dorset and Somerset,58 : Publishing activities,58,58,350
2023,Dorset and Somerset,"59 : Motion picture, video and television programme production, sound recording and music publishing activities",59,59,745
2023,Dorset and Somerset,60 : Programming and broadcasting activities,60,60,5
2023,Dorset and Somerset,61 : Telecommunications,61,61,1195
2023,Dorset and Somerset,"62 : Computer programming, consultancy and related activities",62,62,3815
2023,Dorset and Somerset,63 : Information service activities,63,63,265
2023,Dorset and Somerset,"64 : Financial service activities, except insurance and pension funding",64,64,485
2023,Dorset and Somerset,"65 : Insurance, reinsurance and pension funding, except compulsory social security",65,65,15
2023,Dorset and Somerset,66 : Activities auxiliary to financial services and insurance activities,66,66,1115
2023,Dorset and Somerset,68 : Real estate activities,68,68,5775
2023,Dorset and Somerset,69 : Legal and accounting activities,69,69,3410
2023,Dorset and Somerset,70 : Activities of head offices; management consultancy activities,70,70,4175
2023,Dorset and Somerset,71 : Architectural and engineering activities; technical testing and analysis,71,71,3575
2023,Dorset and Somerset,72 : Scientific research and development,72,72,160
2023,Dorset and Somerset,73 : Advertising and market research,73,73,525
2023,Dorset and Somerset,"74 : Other professional, scientific and technical activities",74,74,1790
2023,Dorset and Somerset,75 : Veterinary activities,75,75,1250
2023,Dorset and Somerset,77 : Rental and leasing activities,77,77,1910
2023,Dorset and Somerset,78 : Employment activities,78,78,11290
2023,Dorset and Somerset,"79 : Travel agency, tour operator and other reservation service and related activities",79,79,105
2023,Dorset and Somerset,80 : Security and investigation activities,80,80,280
2023,Dorset and Somerset,81 : Services to buildings and landscape activities,81,81,3335
2023,Dorset and Somerset,"82 : Office administrative, office support and other business support activities",82,82,6780
2023,Dorset and Somerset,84 : Public administration and defence; compulsory social security,84,84,8845
2023,Dorset and Somerset,85 : Education,85,85,15215
2023,Dorset and Somerset,86 : Human health activities,86,86,15325
2023,Dorset and Somerset,87 : Residential care activities,87,87,5550
2023,Dorset and Somerset,88 : Social work activities without accommodation,88,88,3650
2023,Dorset and Somerset,"90 : Creative, arts and entertainment activities",90,90,475
2023,Dorset and Somerset,"91 : Libraries, archives, museums and other cultural activities",91,91,645
2023,Dorset and Somerset,92 : Gambling and betting activities,92,92,250
2023,Dorset and Somerset,93 : Sports activities and amusement and recreation activities,93,93,2140
2023,Dorset and Somerset,94 : Activities of membership organisations,94,94,995
2023,Dorset and Somerset,95 : Repair of computers and personal and household goods,95,95,745
2023,Dorset and Somerset,96 : Other personal service activities,96,96,3200
2023,Dorset and Somerset,97 : Activities of households as employers of domestic personnel,97,97,0
2023,Dorset and Somerset,98 : Undifferentiated goods- and services-producing activities of private households for own use,98,98,0
2023,Dorset and Somerset,99 : Activities of extraterritorial organisations and bodies,99,99,0
2023,East Anglia,"01 : Crop and animal production, hunting and related service activities",01,1,12920
2023,East Anglia,02 : Forestry and logging,02,2,300
2023,East Anglia,03 : Fishing and aquaculture,03,3,105
2023,East Anglia,05 : Mining of coal and lignite,05,5,0
2023,East Anglia,06 : Extraction of crude petroleum and natural gas,06,6,410
2023,East Anglia,07 : Mining of metal ores,07,7,0
2023,East Anglia,08 : Other mining and quarrying,08,8,345
2023,East Anglia,09 : Mining support service activities,09,9,160
2023,East Anglia,10 : Manufacture of food products,10,10,21410
2023,East Anglia,11 : Manufacture of beverages,11,11,1295
2023,East Anglia,12 : Manufacture of tobacco products,12,12,0
2023,East Anglia,13 : Manufacture of textiles,13,13,1440
2023,East Anglia,14 : Manufacture of wearing apparel,14,14,110
2023,East Anglia,15 : Manufacture of leather and related products,15,15,175
2023,East Anglia,"16 : Manufacture of wood and of products of wood and cork, except furniture;manufacture of articles of straw and plaiting materials",16,16,3900
2023,East Anglia,17 : Manufacture of paper and paper products,17,17,2050
2023,East Anglia,18 : Printing and reproduction of recorded media,18,18,1740
2023,East Anglia,19 : Manufacture of coke and refined petroleum products,19,19,0
2023,East Anglia,20 : Manufacture of chemicals and chemical products,20,20,5765
2023,East Anglia,21 : Manufacture of basic pharmaceutical products and pharmaceutical preparations,21,21,1300
2023,East Anglia,22 : Manufacture of rubber and plastic products,22,22,5700
2023,East Anglia,23 : Manufacture of other non-metallic mineral products,23,23,3265
2023,East Anglia,24 : Manufacture of basic metals,24,24,835
2023,East Anglia,"25 : Manufacture of fabricated metal products, except machinery and equipment",25,25,8850
2023,East Anglia,"26 : Manufacture of computer, electronic and optical products",26,26,4435
2023,East Anglia,27 : Manufacture of electrical equipment,27,27,1835
2023,East Anglia,28 : Manufacture of machinery and equipment n.e.c.,28,28,11735
2023,East Anglia,"29 : Manufacture of motor vehicles, trailers and semi-trailers",29,29,3645
2023,East Anglia,30 : Manufacture of other transport equipment,30,30,2225
2023,East Anglia,31 : Manufacture of furniture,31,31,2200
2023,East Anglia,32 : Other manufacturing,32,32,2275
2023,East Anglia,33 : Repair and installation of machinery and equipment,33,33,4325
2023,East Anglia,"35 : Electricity, gas, steam and air conditioning supply",35,35,2290
2023,East Anglia,"36 : Water collection, treatment and supply",36,36,2500
2023,East Anglia,37 : Sewerage,37,37,1000
2023,East Anglia,"38 : Waste collection, treatment and disposal activities; materials recovery",38,38,4765
2023,East Anglia,"39 : Remediation activities and other waste management services. This division includes the provision of remediation services, i.e. the cleanup of contaminated buildings and sites, soil, surface or ground water.",39,39,150
2023,East Anglia,41 : Construction of buildings,41,41,13250
2023,East Anglia,42 : Civil engineering,42,42,11560
2023,East Anglia,43 : Specialised construction activities,43,43,24370
2023,East Anglia,45 : Wholesale and retail trade and repair of motor vehicles and motorcycles,45,45,19750
2023,East Anglia,"46 : Wholesale trade, except of motor vehicles and motorcycles",46,46,33770
2023,East Anglia,"47 : Retail trade, except of motor vehicles and motorcycles",47,47,35385
2023,East Anglia,49 : Land transport and transport via pipelines,49,49,17550
2023,East Anglia,50 : Water transport,50,50,310
2023,East Anglia,51 : Air transport,51,51,485
2023,East Anglia,52 : Warehousing and support activities for transportation,52,52,18455
2023,East Anglia,53 : Postal and courier activities,53,53,6375
2023,East Anglia,55 : Accommodation,55,55,8685
2023,East Anglia,56 : Food and beverage service activities,56,56,21850
2023,East Anglia,58 : Publishing activities,58,58,3220
2023,East Anglia,"59 : Motion picture, video and television programme production, sound recording and music publishing activities",59,59,1625
2023,East Anglia,60 : Programming and broadcasting activities,60,60,400
2023,East Anglia,61 : Telecommunications,61,61,3690
2023,East Anglia,"62 : Computer programming, consultancy and related activities",62,62,22150
2023,East Anglia,63 : Information service activities,63,63,1235
2023,East Anglia,"64 : Financial service activities, except insurance and pension funding",64,64,3670
2023,East Anglia,"65 : Insurance, reinsurance and pension funding, except compulsory social security",65,65,5800
2023,East Anglia,66 : Activities auxiliary to financial services and insurance activities,66,66,11560
2023,East Anglia,68 : Real estate activities,68,68,15125
2023,East Anglia,69 : Legal and accounting activities,69,69,12725
2023,East Anglia,70 : Activities of head offices; management consultancy activities,70,70,17900
2023,East Anglia,71 : Architectural and engineering activities; technical testing and analysis,71,71,19700
2023,East Anglia,72 : Scientific research and development,72,72,20200
2023,East Anglia,73 : Advertising and market research,73,73,1600
2023,East Anglia,"74 : Other professional, scientific and technical activities",74,74,6370
2023,East Anglia,75 : Veterinary activities,75,75,3000
2023,East Anglia,77 : Rental and leasing activities,77,77,6235
2023,East Anglia,78 : Employment activities,78,78,19185
2023,East Anglia,"79 : Travel agency, tour operator and other reservation service and related activities",79,79,1215
2023,East Anglia,80 : Security and investigation activities,80,80,2350
2023,East Anglia,81 : Services to buildings and landscape activities,81,81,8680
2023,East Anglia,"82 : Office administrative, office support and other business support activities",82,82,10060
2023,East Anglia,84 : Public administration and defence; compulsory social security,84,84,30800
2023,East Anglia,85 : Education,85,85,57575
2023,East Anglia,86 : Human health activities,86,86,56400
2023,East Anglia,87 : Residential care activities,87,87,17500
2023,East Anglia,88 : Social work activities without accommodation,88,88,13500
2023,East Anglia,"90 : Creative, arts and entertainment activities",90,90,1375
2023,East Anglia,"91 : Libraries, archives, museums and other cultural activities",91,91,2975
2023,East Anglia,92 : Gambling and betting activities,92,92,800
2023,East Anglia,93 : Sports activities and amusement and recreation activities,93,93,5460
2023,East Anglia,94 : Activities of membership organisations,94,94,4850
2023,East Anglia,95 : Repair of computers and personal and household goods,95,95,1145
2023,East Anglia,96 : Other personal service activities,96,96,6900
2023,East Anglia,97 : Activities of households as employers of domestic personnel,97,97,0
2023,East Anglia,98 : Undifferentiated goods- and services-producing activities of private households for own use,98,98,0
2023,East Anglia,99 : Activities of extraterritorial organisations and bodies,99,99,0
2023,East Wales,"01 : Crop and animal production, hunting and related service activities",01,1,3695
2023,East Wales,02 : Forestry and logging,02,2,340
2023,East Wales,03 : Fishing and aquaculture,03,3,20
2023,East Wales,05 : Mining of coal and lignite,05,5,0
2023,East Wales,06 : Extraction of crude petroleum and natural gas,06,6,40
2023,East Wales,07 : Mining of metal ores,07,7,0
2023,East Wales,08 : Other mining and quarrying,08,8,500
2023,East Wales,09 : Mining support service activities,09,9,0
2023,East Wales,10 : Manufacture of food products,10,10,10285
2023,East Wales,11 : Manufacture of beverages,11,11,1275
2023,East Wales,12 : Manufacture of tobacco products,12,12,0
2023,East Wales,13 : Manufacture of textiles,13,13,445
2023,East Wales,14 : Manufacture of wearing apparel,14,14,80
2023,East Wales,15 : Manufacture of leather and related products,15,15,30
2023,East Wales,"16 : Manufacture of wood and of products of wood and cork, except furniture;manufacture of articles of straw and plaiting materials",16,16,2400
2023,East Wales,17 : Manufacture of paper and paper products,17,17,2120
2023,East Wales,18 : Printing and reproduction of recorded media,18,18,1060
2023,East Wales,19 : Manufacture of coke and refined petroleum products,19,19,0
2023,East Wales,20 : Manufacture of chemicals and chemical products,20,20,2775
2023,East Wales,21 : Manufacture of basic pharmaceutical products and pharmaceutical preparations,21,21,450
2023,East Wales,22 : Manufacture of rubber and plastic products,22,22,1500
2023,East Wales,23 : Manufacture of other non-metallic mineral products,23,23,1425
2023,East Wales,24 : Manufacture of basic metals,24,24,4480
2023,East Wales,"25 : Manufacture of fabricated metal products, except machinery and equipment",25,25,5315
2023,East Wales,"26 : Manufacture of computer, electronic and optical products",26,26,3505
2023,East Wales,27 : Manufacture of electrical equipment,27,27,3445
2023,East Wales,28 : Manufacture of machinery and equipment n.e.c.,28,28,1835
2023,East Wales,"29 : Manufacture of motor vehicles, trailers and semi-trailers",29,29,2080
2023,East Wales,30 : Manufacture of other transport equipment,30,30,6075
2023,East Wales,31 : Manufacture of furniture,31,31,1550
2023,East Wales,32 : Other manufacturing,32,32,2480
2023,East Wales,33 : Repair and installation of machinery and equipment,33,33,2800
2023,East Wales,"35 : Electricity, gas, steam and air conditioning supply",35,35,2670
2023,East Wales,"36 : Water collection, treatment and supply",36,36,2000
2023,East Wales,37 : Sewerage,37,37,350
2023,East Wales,"38 : Waste collection, treatment and disposal activities; materials recovery",38,38,1790
2023,East Wales,"39 : Remediation activities and other waste management services. This division includes the provision of remediation services, i.e. the cleanup of contaminated buildings and sites, soil, surface or ground water.",39,39,100
2023,East Wales,41 : Construction of buildings,41,41,5700
2023,East Wales,42 : Civil engineering,42,42,3450
2023,East Wales,43 : Specialised construction activities,43,43,12475
2023,East Wales,45 : Wholesale and retail trade and repair of motor vehicles and motorcycles,45,45,7075
2023,East Wales,"46 : Wholesale trade, except of motor vehicles and motorcycles",46,46,11390
2023,East Wales,"47 : Retail trade, except of motor vehicles and motorcycles",47,47,16175
2023,East Wales,49 : Land transport and transport via pipelines,49,49,5225
2023,East Wales,50 : Water transport,50,50,25
2023,East Wales,51 : Air transport,51,51,195
2023,East Wales,52 : Warehousing and support activities for transportation,52,52,6770
2023,East Wales,53 : Postal and courier activities,53,53,3210
2023,East Wales,55 : Accommodation,55,55,3935
2023,East Wales,56 : Food and beverage service activities,56,56,12100
2023,East Wales,58 : Publishing activities,58,58,380
2023,East Wales,"59 : Motion picture, video and television programme production, sound recording and music publishing activities",59,59,1345
2023,East Wales,60 : Programming and broadcasting activities,60,60,1575
2023,East Wales,61 : Telecommunications,61,61,4100
2023,East Wales,"62 : Computer programming, consultancy and related activities",62,62,6500
2023,East Wales,63 : Information service activities,63,63,930
2023,East Wales,"64 : Financial service activities, except insurance and pension funding",64,64,7135
2023,East Wales,"65 : Insurance, reinsurance and pension funding, except compulsory social security",65,65,2510
2023,East Wales,66 : Activities auxiliary to financial services and insurance activities,66,66,10290
2023,East Wales,68 : Real estate activities,68,68,6160
2023,East Wales,69 : Legal and accounting activities,69,69,11035
2023,East Wales,70 : Activities of head offices; management consultancy activities,70,70,6800
2023,East Wales,71 : Architectural and engineering activities; technical testing and analysis,71,71,7100
2023,East Wales,72 : Scientific research and development,72,72,1775
2023,East Wales,73 : Advertising and market research,73,73,590
2023,East Wales,"74 : Other professional, scientific and technical activities",74,74,3185
2023,East Wales,75 : Veterinary activities,75,75,1250
2023,East Wales,77 : Rental and leasing activities,77,77,3180
2023,East Wales,78 : Employment activities,78,78,10455
2023,East Wales,"79 : Travel agency, tour operator and other reservation service and related activities",79,79,400
2023,East Wales,80 : Security and investigation activities,80,80,2695
2023,East Wales,81 : Services to buildings and landscape activities,81,81,3815
2023,East Wales,"82 : Office administrative, office support and other business support activities",82,82,9260
2023,East Wales,84 : Public administration and defence; compulsory social security,84,84,38300
2023,East Wales,85 : Education,85,85,26270
2023,East Wales,86 : Human health activities,86,86,26700
2023,East Wales,87 : Residential care activities,87,87,12250
2023,East Wales,88 : Social work activities without accommodation,88,88,12500
2023,East Wales,"90 : Creative, arts and entertainment activities",90,90,1275
2023,East Wales,"91 : Libraries, archives, museums and other cultural activities",91,91,755
2023,East Wales,92 : Gambling and betting activities,92,92,600
2023,East Wales,93 : Sports activities and amusement and recreation activities,93,93,4635
2023,East Wales,94 : Activities of membership organisations,94,94,2315
2023,East Wales,95 : Repair of computers and personal and household goods,95,95,565
2023,East Wales,96 : Other personal service activities,96,96,2600
2023,East Wales,97 : Activities of households as employers of domestic personnel,97,97,0
2023,East Wales,98 : Undifferentiated goods- and services-producing activities of private households for own use,98,98,0
2023,East Wales,99 : Activities of extraterritorial organisations and bodies,99,99,0
2023,East Yorkshire and Northern Lincolnshire,"01 : Crop and animal production, hunting and related service activities",01,1,2820
2023,East Yorkshire and Northern Lincolnshire,02 : Forestry and logging,02,2,55
2023,East Yorkshire and Northern Lincolnshire,03 : Fishing and aquaculture,03,3,110
2023,East Yorkshire and Northern Lincolnshire,05 : Mining of coal and lignite,05,5,0
2023,East Yorkshire and Northern Lincolnshire,06 : Extraction of crude petroleum and natural gas,06,6,200
2023,East Yorkshire and Northern Lincolnshire,07 : Mining of metal ores,07,7,0
2023,East Yorkshire and Northern Lincolnshire,08 : Other mining and quarrying,08,8,390
2023,East Yorkshire and Northern Lincolnshire,09 : Mining support service activities,09,9,100
2023,East Yorkshire and Northern Lincolnshire,10 : Manufacture of food products,10,10,17005
2023,East Yorkshire and Northern Lincolnshire,11 : Manufacture of beverages,11,11,200
2023,East Yorkshire and Northern Lincolnshire,12 : Manufacture of tobacco products,12,12,0
2023,East Yorkshire and Northern Lincolnshire,13 : Manufacture of textiles,13,13,200
2023,East Yorkshire and Northern Lincolnshire,14 : Manufacture of wearing apparel,14,14,75
2023,East Yorkshire and Northern Lincolnshire,15 : Manufacture of leather and related products,15,15,15
2023,East Yorkshire and Northern Lincolnshire,"16 : Manufacture of wood and of products of wood and cork, except furniture;manufacture of articles of straw and plaiting materials",16,16,3850
2023,East Yorkshire and Northern Lincolnshire,17 : Manufacture of paper and paper products,17,17,1005
2023,East Yorkshire and Northern Lincolnshire,18 : Printing and reproduction of recorded media,18,18,1310
2023,East Yorkshire and Northern Lincolnshire,19 : Manufacture of coke and refined petroleum products,19,19,1500
2023,East Yorkshire and Northern Lincolnshire,20 : Manufacture of chemicals and chemical products,20,20,3090
2023,East Yorkshire and Northern Lincolnshire,21 : Manufacture of basic pharmaceutical products and pharmaceutical preparations,21,21,1850
2023,East Yorkshire and Northern Lincolnshire,22 : Manufacture of rubber and plastic products,22,22,4620
2023,East Yorkshire and Northern Lincolnshire,23 : Manufacture of other non-metallic mineral products,23,23,2115
2023,East Yorkshire and Northern Lincolnshire,24 : Manufacture of basic metals,24,24,3210
2023,East Yorkshire and Northern Lincolnshire,"25 : Manufacture of fabricated metal products, except machinery and equipment",25,25,6355
2023,East Yorkshire and Northern Lincolnshire,"26 : Manufacture of computer, electronic and optical products",26,26,530
2023,East Yorkshire and Northern Lincolnshire,27 : Manufacture of electrical equipment,27,27,525
2023,East Yorkshire and Northern Lincolnshire,28 : Manufacture of machinery and equipment n.e.c.,28,28,3385
2023,East Yorkshire and Northern Lincolnshire,"29 : Manufacture of motor vehicles, trailers and semi-trailers",29,29,3275
2023,East Yorkshire and Northern Lincolnshire,30 : Manufacture of other transport equipment,30,30,765
2023,East Yorkshire and Northern Lincolnshire,31 : Manufacture of furniture,31,31,6050
2023,East Yorkshire and Northern Lincolnshire,32 : Other manufacturing,32,32,655
2023,East Yorkshire and Northern Lincolnshire,33 : Repair and installation of machinery and equipment,33,33,1475
2023,East Yorkshire and Northern Lincolnshire,"35 : Electricity, gas, steam and air conditioning supply",35,35,1660
2023,East Yorkshire and Northern Lincolnshire,"36 : Water collection, treatment and supply",36,36,200
2023,East Yorkshire and Northern Lincolnshire,37 : Sewerage,37,37,100
2023,East Yorkshire and Northern Lincolnshire,"38 : Waste collection, treatment and disposal activities; materials recovery",38,38,2755
2023,East Yorkshire and Northern Lincolnshire,"39 : Remediation activities and other waste management services. This division includes the provision of remediation services, i.e. the cleanup of contaminated buildings and sites, soil, surface or ground water.",39,39,75
2023,East Yorkshire and Northern Lincolnshire,41 : Construction of buildings,41,41,5900
2023,East Yorkshire and Northern Lincolnshire,42 : Civil engineering,42,42,3310
2023,East Yorkshire and Northern Lincolnshire,43 : Specialised construction activities,43,43,9685
2023,East Yorkshire and Northern Lincolnshire,45 : Wholesale and retail trade and repair of motor vehicles and motorcycles,45,45,8475
2023,East Yorkshire and Northern Lincolnshire,"46 : Wholesale trade, except of motor vehicles and motorcycles",46,46,13090
2023,East Yorkshire and Northern Lincolnshire,"47 : Retail trade, except of motor vehicles and motorcycles",47,47,12645
2023,East Yorkshire and Northern Lincolnshire,49 : Land transport and transport via pipelines,49,49,11250
2023,East Yorkshire and Northern Lincolnshire,50 : Water transport,50,50,110
2023,East Yorkshire and Northern Lincolnshire,51 : Air transport,51,51,30
2023,East Yorkshire and Northern Lincolnshire,52 : Warehousing and support activities for transportation,52,52,9245
2023,East Yorkshire and Northern Lincolnshire,53 : Postal and courier activities,53,53,1505
2023,East Yorkshire and Northern Lincolnshire,55 : Accommodation,55,55,2550
2023,East Yorkshire and Northern Lincolnshire,56 : Food and beverage service activities,56,56,7300
2023,East Yorkshire and Northern Lincolnshire,58 : Publishing activities,58,58,130
2023,East Yorkshire and Northern Lincolnshire,"59 : Motion picture, video and television programme production, sound recording and music publishing activities",59,59,175
2023,East Yorkshire and Northern Lincolnshire,60 : Programming and broadcasting activities,60,60,100
2023,East Yorkshire and Northern Lincolnshire,61 : Telecommunications,61,61,1510
2023,East Yorkshire and Northern Lincolnshire,"62 : Computer programming, consultancy and related activities",62,62,3050
2023,East Yorkshire and Northern Lincolnshire,63 : Information service activities,63,63,575
2023,East Yorkshire and Northern Lincolnshire,"64 : Financial service activities, except insurance and pension funding",64,64,1185
2023,East Yorkshire and Northern Lincolnshire,"65 : Insurance, reinsurance and pension funding, except compulsory social security",65,65,60
2023,East Yorkshire and Northern Lincolnshire,66 : Activities auxiliary to financial services and insurance activities,66,66,1410
2023,East Yorkshire and Northern Lincolnshire,68 : Real estate activities,68,68,3275
2023,East Yorkshire and Northern Lincolnshire,69 : Legal and accounting activities,69,69,4085
2023,East Yorkshire and Northern Lincolnshire,70 : Activities of head offices; management consultancy activities,70,70,6660
2023,East Yorkshire and Northern Lincolnshire,71 : Architectural and engineering activities; technical testing and analysis,71,71,3590
2023,East Yorkshire and Northern Lincolnshire,72 : Scientific research and development,72,72,55
2023,East Yorkshire and Northern Lincolnshire,73 : Advertising and market research,73,73,675
2023,East Yorkshire and Northern Lincolnshire,"74 : Other professional, scientific and technical activities",74,74,685
2023,East Yorkshire and Northern Lincolnshire,75 : Veterinary activities,75,75,500
2023,East Yorkshire and Northern Lincolnshire,77 : Rental and leasing activities,77,77,1620
2023,East Yorkshire and Northern Lincolnshire,78 : Employment activities,78,78,9020
2023,East Yorkshire and Northern Lincolnshire,"79 : Travel agency, tour operator and other reservation service and related activities",79,79,285
2023,East Yorkshire and Northern Lincolnshire,80 : Security and investigation activities,80,80,1100
2023,East Yorkshire and Northern Lincolnshire,81 : Services to buildings and landscape activities,81,81,3130
2023,East Yorkshire and Northern Lincolnshire,"82 : Office administrative, office support and other business support activities",82,82,4885
2023,East Yorkshire and Northern Lincolnshire,84 : Public administration and defence; compulsory social security,84,84,13400
2023,East Yorkshire and Northern Lincolnshire,85 : Education,85,85,19455
2023,East Yorkshire and Northern Lincolnshire,86 : Human health activities,86,86,18150
2023,East Yorkshire and Northern Lincolnshire,87 : Residential care activities,87,87,6350
2023,East Yorkshire and Northern Lincolnshire,88 : Social work activities without accommodation,88,88,7500
2023,East Yorkshire and Northern Lincolnshire,"90 : Creative, arts and entertainment activities",90,90,270
2023,East Yorkshire and Northern Lincolnshire,"91 : Libraries, archives, museums and other cultural activities",91,91,295
2023,East Yorkshire and Northern Lincolnshire,92 : Gambling and betting activities,92,92,600
2023,East Yorkshire and Northern Lincolnshire,93 : Sports activities and amusement and recreation activities,93,93,1580
2023,East Yorkshire and Northern Lincolnshire,94 : Activities of membership organisations,94,94,660
2023,East Yorkshire and Northern Lincolnshire,95 : Repair of computers and personal and household goods,95,95,775
2023,East Yorkshire and Northern Lincolnshire,96 : Other personal service activities,96,96,1735
2023,East Yorkshire and Northern Lincolnshire,97 : Activities of households as employers of domestic personnel,97,97,0
2023,East Yorkshire and Northern Lincolnshire,98 : Undifferentiated goods- and services-producing activities of private households for own use,98,98,0
2023,East Yorkshire and Northern Lincolnshire,99 : Activities of extraterritorial organisations and bodies,99,99,0
2023,Eastern Scotland,"01 : Crop and animal production, hunting and related service activities",01,1,5510
2023,Eastern Scotland,02 : Forestry and logging,02,2,1425
2023,Eastern Scotland,03 : Fishing and aquaculture,03,3,400
2023,Eastern Scotland,05 : Mining of coal and lignite,05,5,0
2023,Eastern Scotland,06 : Extraction of crude petroleum and natural gas,06,6,50
2023,Eastern Scotland,07 : Mining of metal ores,07,7,0
2023,Eastern Scotland,08 : Other mining and quarrying,08,8,360
2023,Eastern Scotland,09 : Mining support service activities,09,9,145
2023,Eastern Scotland,10 : Manufacture of food products,10,10,7445
2023,Eastern Scotland,11 : Manufacture of beverages,11,11,4020
2023,Eastern Scotland,12 : Manufacture of tobacco products,12,12,0
2023,Eastern Scotland,13 : Manufacture of textiles,13,13,1360
2023,Eastern Scotland,14 : Manufacture of wearing apparel,14,14,220
2023,Eastern Scotland,15 : Manufacture of leather and related products,15,15,60
2023,Eastern Scotland,"16 : Manufacture of wood and of products of wood and cork, except furniture;manufacture of articles of straw and plaiting materials",16,16,2950
2023,Eastern Scotland,17 : Manufacture of paper and paper products,17,17,1045
2023,Eastern Scotland,18 : Printing and reproduction of recorded media,18,18,1090
2023,Eastern Scotland,19 : Manufacture of coke and refined petroleum products,19,19,1500
2023,Eastern Scotland,20 : Manufacture of chemicals and chemical products,20,20,3825
2023,Eastern Scotland,21 : Manufacture of basic pharmaceutical products and pharmaceutical preparations,21,21,1900
2023,Eastern Scotland,22 : Manufacture of rubber and plastic products,22,22,1925
2023,Eastern Scotland,23 : Manufacture of other non-metallic mineral products,23,23,1735
2023,Eastern Scotland,24 : Manufacture of basic metals,24,24,425
2023,Eastern Scotland,"25 : Manufacture of fabricated metal products, except machinery and equipment",25,25,4455
2023,Eastern Scotland,"26 : Manufacture of computer, electronic and optical products",26,26,6255
2023,Eastern Scotland,27 : Manufacture of electrical equipment,27,27,1210
2023,Eastern Scotland,28 : Manufacture of machinery and equipment n.e.c.,28,28,4860
2023,Eastern Scotland,"29 : Manufacture of motor vehicles, trailers and semi-trailers",29,29,1875
2023,Eastern Scotland,30 : Manufacture of other transport equipment,30,30,1865
2023,Eastern Scotland,31 : Manufacture of furniture,31,31,750
2023,Eastern Scotland,32 : Other manufacturing,32,32,1690
2023,Eastern Scotland,33 : Repair and installation of machinery and equipment,33,33,3025
2023,Eastern Scotland,"35 : Electricity, gas, steam and air conditioning supply",35,35,5780
2023,Eastern Scotland,"36 : Water collection, treatment and supply",36,36,2000
2023,Eastern Scotland,37 : Sewerage,37,37,700
2023,Eastern Scotland,"38 : Waste collection, treatment and disposal activities; materials recovery",38,38,3190
2023,Eastern Scotland,"39 : Remediation activities and other waste management services. This division includes the provision of remediation services, i.e. the cleanup of contaminated buildings and sites, soil, surface or ground water.",39,39,50
2023,Eastern Scotland,41 : Construction of buildings,41,41,11250
2023,Eastern Scotland,42 : Civil engineering,42,42,4575
2023,Eastern Scotland,43 : Specialised construction activities,43,43,20475
2023,Eastern Scotland,45 : Wholesale and retail trade and repair of motor vehicles and motorcycles,45,45,13700
2023,Eastern Scotland,"46 : Wholesale trade, except of motor vehicles and motorcycles",46,46,21235
2023,Eastern Scotland,"47 : Retail trade, except of motor vehicles and motorcycles",47,47,31840
2023,Eastern Scotland,49 : Land transport and transport via pipelines,49,49,12650
2023,Eastern Scotland,50 : Water transport,50,50,70
2023,Eastern Scotland,51 : Air transport,51,51,1130
2023,Eastern Scotland,52 : Warehousing and support activities for transportation,52,52,14110
2023,Eastern Scotland,53 : Postal and courier activities,53,53,6350
2023,Eastern Scotland,55 : Accommodation,55,55,11900
2023,Eastern Scotland,56 : Food and beverage service activities,56,56,29000
2023,Eastern Scotland,58 : Publishing activities,58,58,1765
2023,Eastern Scotland,"59 : Motion picture, video and television programme production, sound recording and music publishing activities",59,59,575
2023,Eastern Scotland,60 : Programming and broadcasting activities,60,60,185
2023,Eastern Scotland,61 : Telecommunications,61,61,10875
2023,Eastern Scotland,"62 : Computer programming, consultancy and related activities",62,62,17550
2023,Eastern Scotland,63 : Information service activities,63,63,3775
2023,Eastern Scotland,"64 : Financial service activities, except insurance and pension funding",64,64,25545
2023,Eastern Scotland,"65 : Insurance, reinsurance and pension funding, except compulsory social security",65,65,4675
2023,Eastern Scotland,66 : Activities auxiliary to financial services and insurance activities,66,66,14450
2023,Eastern Scotland,68 : Real estate activities,68,68,8975
2023,Eastern Scotland,69 : Legal and accounting activities,69,69,12100
2023,Eastern Scotland,70 : Activities of head offices; management consultancy activities,70,70,11850
2023,Eastern Scotland,71 : Architectural and engineering activities; technical testing and analysis,71,71,13300
2023,Eastern Scotland,72 : Scientific research and development,72,72,7850
2023,Eastern Scotland,73 : Advertising and market research,73,73,1675
2023,Eastern Scotland,"74 : Other professional, scientific and technical activities",74,74,3460
2023,Eastern Scotland,75 : Veterinary activities,75,75,2000
2023,Eastern Scotland,77 : Rental and leasing activities,77,77,2530
2023,Eastern Scotland,78 : Employment activities,78,78,8800
2023,Eastern Scotland,"79 : Travel agency, tour operator and other reservation service and related activities",79,79,2185
2023,Eastern Scotland,80 : Security and investigation activities,80,80,3060
2023,Eastern Scotland,81 : Services to buildings and landscape activities,81,81,8930
2023,Eastern Scotland,"82 : Office administrative, office support and other business support activities",82,82,12650
2023,Eastern Scotland,84 : Public administration and defence; compulsory social security,84,84,49100
2023,Eastern Scotland,85 : Education,85,85,54580
2023,Eastern Scotland,86 : Human health activities,86,86,50800
2023,Eastern Scotland,87 : Residential care activities,87,87,14950
2023,Eastern Scotland,88 : Social work activities without accommodation,88,88,20000
2023,Eastern Scotland,"90 : Creative, arts and entertainment activities",90,90,1600
2023,Eastern Scotland,"91 : Libraries, archives, museums and other cultural activities",91,91,4300
2023,Eastern Scotland,92 : Gambling and betting activities,92,92,1500
2023,Eastern Scotland,93 : Sports activities and amusement and recreation activities,93,93,6935
2023,Eastern Scotland,94 : Activities of membership organisations,94,94,4850
2023,Eastern Scotland,95 : Repair of computers and personal and household goods,95,95,1080
2023,Eastern Scotland,96 : Other personal service activities,96,96,5300
2023,Eastern Scotland,97 : Activities of households as employers of domestic personnel,97,97,0
2023,Eastern Scotland,98 : Undifferentiated goods- and services-producing activities of private households for own use,98,98,0
2023,Eastern Scotland,99 : Activities of extraterritorial organisations and bodies,99,99,0
2023,Essex,"01 : Crop and animal production, hunting and related service activities",01,1,2780
2023,Essex,02 : Forestry and logging,02,2,215
2023,Essex,03 : Fishing and aquaculture,03,3,115
2023,Essex,05 : Mining of coal and lignite,05,5,0
2023,Essex,06 : Extraction of crude petroleum and natural gas,06,6,0
2023,Essex,07 : Mining of metal ores,07,7,0
2023,Essex,08 : Other mining and quarrying,08,8,440
2023,Essex,09 : Mining support service activities,09,9,10
2023,Essex,10 : Manufacture of food products,10,10,2980
2023,Essex,11 : Manufacture of beverages,11,11,105
2023,Essex,12 : Manufacture of tobacco products,12,12,0
2023,Essex,13 : Manufacture of textiles,13,13,620
2023,Essex,14 : Manufacture of wearing apparel,14,14,105
2023,Essex,15 : Manufacture of leather and related products,15,15,5
2023,Essex,"16 : Manufacture of wood and of products of wood and cork, except furniture;manufacture of articles of straw and plaiting materials",16,16,2360
2023,Essex,17 : Manufacture of paper and paper products,17,17,585
2023,Essex,18 : Printing and reproduction of recorded media,18,18,1035
2023,Essex,19 : Manufacture of coke and refined petroleum products,19,19,200
2023,Essex,20 : Manufacture of chemicals and chemical products,20,20,2535
2023,Essex,21 : Manufacture of basic pharmaceutical products and pharmaceutical preparations,21,21,55
2023,Essex,22 : Manufacture of rubber and plastic products,22,22,2585
2023,Essex,23 : Manufacture of other non-metallic mineral products,23,23,2000
2023,Essex,24 : Manufacture of basic metals,24,24,920
2023,Essex,"25 : Manufacture of fabricated metal products, except machinery and equipment",25,25,5685
2023,Essex,"26 : Manufacture of computer, electronic and optical products",26,26,2410
2023,Essex,27 : Manufacture of electrical equipment,27,27,1345
2023,Essex,28 : Manufacture of machinery and equipment n.e.c.,28,28,3765
2023,Essex,"29 : Manufacture of motor vehicles, trailers and semi-trailers",29,29,3840
2023,Essex,30 : Manufacture of other transport equipment,30,30,930
2023,Essex,31 : Manufacture of furniture,31,31,1800
2023,Essex,32 : Other manufacturing,32,32,1145
2023,Essex,33 : Repair and installation of machinery and equipment,33,33,3895
2023,Essex,"35 : Electricity, gas, steam and air conditioning supply",35,35,930
2023,Essex,"36 : Water collection, treatment and supply",36,36,1250
2023,Essex,37 : Sewerage,37,37,500
2023,Essex,"38 : Waste collection, treatment and disposal activities; materials recovery",38,38,3840
2023,Essex,"39 : Remediation activities and other waste management services. This division includes the provision of remediation services, i.e. the cleanup of contaminated buildings and sites, soil, surface or ground water.",39,39,350
2023,Essex,41 : Construction of buildings,41,41,14000
2023,Essex,42 : Civil engineering,42,42,7125
2023,Essex,43 : Specialised construction activities,43,43,27825
2023,Essex,45 : Wholesale and retail trade and repair of motor vehicles and motorcycles,45,45,15350
2023,Essex,"46 : Wholesale trade, except of motor vehicles and motorcycles",46,46,26010
2023,Essex,"47 : Retail trade, except of motor vehicles and motorcycles",47,47,27245
2023,Essex,49 : Land transport and transport via pipelines,49,49,13595
2023,Essex,50 : Water transport,50,50,315
2023,Essex,51 : Air transport,51,51,3600
2023,Essex,52 : Warehousing and support activities for transportation,52,52,24710
2023,Essex,53 : Postal and courier activities,53,53,6075
2023,Essex,55 : Accommodation,55,55,3930
2023,Essex,56 : Food and beverage service activities,56,56,16750
2023,Essex,58 : Publishing activities,58,58,1460
2023,Essex,"59 : Motion picture, video and television programme production, sound recording and music publishing activities",59,59,1120
2023,Essex,60 : Programming and broadcasting activities,60,60,45
2023,Essex,61 : Telecommunications,61,61,2355
2023,Essex,"62 : Computer programming, consultancy and related activities",62,62,10435
2023,Essex,63 : Information service activities,63,63,460
2023,Essex,"64 : Financial service activities, except insurance and pension funding",64,64,3715
2023,Essex,"65 : Insurance, reinsurance and pension funding, except compulsory social security",65,65,1500
2023,Essex,66 : Activities auxiliary to financial services and insurance activities,66,66,9385
2023,Essex,68 : Real estate activities,68,68,12650
2023,Essex,69 : Legal and accounting activities,69,69,8340
2023,Essex,70 : Activities of head offices; management consultancy activities,70,70,12200
2023,Essex,71 : Architectural and engineering activities; technical testing and analysis,71,71,8125
2023,Essex,72 : Scientific research and development,72,72,2500
2023,Essex,73 : Advertising and market research,73,73,1225
2023,Essex,"74 : Other professional, scientific and technical activities",74,74,5075
2023,Essex,75 : Veterinary activities,75,75,1000
2023,Essex,77 : Rental and leasing activities,77,77,4255
2023,Essex,78 : Employment activities,78,78,13475
2023,Essex,"79 : Travel agency, tour operator and other reservation service and related activities",79,79,1170
2023,Essex,80 : Security and investigation activities,80,80,5075
2023,Essex,81 : Services to buildings and landscape activities,81,81,9000
2023,Essex,"82 : Office administrative, office support and other business support activities",82,82,6655
2023,Essex,84 : Public administration and defence; compulsory social security,84,84,21400
2023,Essex,85 : Education,85,85,33580
2023,Essex,86 : Human health activities,86,86,36650
2023,Essex,87 : Residential care activities,87,87,11650
2023,Essex,88 : Social work activities without accommodation,88,88,10500
2023,Essex,"90 : Creative, arts and entertainment activities",90,90,1075
2023,Essex,"91 : Libraries, archives, museums and other cultural activities",91,91,975
2023,Essex,92 : Gambling and betting activities,92,92,800
2023,Essex,93 : Sports activities and amusement and recreation activities,93,93,4205
2023,Essex,94 : Activities of membership organisations,94,94,2680
2023,Essex,95 : Repair of computers and personal and household goods,95,95,1065
2023,Essex,96 : Other personal service activities,96,96,6325
2023,Essex,97 : Activities of households as employers of domestic personnel,97,97,0
2023,Essex,98 : Undifferentiated goods- and services-producing activities of private households for own use,98,98,0
2023,Essex,99 : Activities of extraterritorial organisations and bodies,99,99,0
2023,"Gloucestershire, Wiltshire and Bath/Bristol area","01 : Crop and animal production, hunting and related service activities",01,1,5540
2023,"Gloucestershire, Wiltshire and Bath/Bristol area",02 : Forestry and logging,02,2,450
2023,"Gloucestershire, Wiltshire and Bath/Bristol area",03 : Fishing and aquaculture,03,3,45
2023,"Gloucestershire, Wiltshire and Bath/Bristol area",05 : Mining of coal and lignite,05,5,0
2023,"Gloucestershire, Wiltshire and Bath/Bristol area",06 : Extraction of crude petroleum and natural gas,06,6,0
2023,"Gloucestershire, Wiltshire and Bath/Bristol area",07 : Mining of metal ores,07,7,0
2023,"Gloucestershire, Wiltshire and Bath/Bristol area",08 : Other mining and quarrying,08,8,395
2023,"Gloucestershire, Wiltshire and Bath/Bristol area",09 : Mining support service activities,09,9,40
2023,"Gloucestershire, Wiltshire and Bath/Bristol area",10 : Manufacture of food products,10,10,8265
2023,"Gloucestershire, Wiltshire and Bath/Bristol area",11 : Manufacture of beverages,11,11,925
2023,"Gloucestershire, Wiltshire and Bath/Bristol area",12 : Manufacture of tobacco products,12,12,0
2023,"Gloucestershire, Wiltshire and Bath/Bristol area",13 : Manufacture of textiles,13,13,1225
2023,"Gloucestershire, Wiltshire and Bath/Bristol area",14 : Manufacture of wearing apparel,14,14,85
2023,"Gloucestershire, Wiltshire and Bath/Bristol area",15 : Manufacture of leather and related products,15,15,60
2023,"Gloucestershire, Wiltshire and Bath/Bristol area","16 : Manufacture of wood and of products of wood and cork, except furniture;manufacture of articles of straw and plaiting materials",16,16,2350
2023,"Gloucestershire, Wiltshire and Bath/Bristol area",17 : Manufacture of paper and paper products,17,17,1995
2023,"Gloucestershire, Wiltshire and Bath/Bristol area",18 : Printing and reproduction of recorded media,18,18,4660
2023,"Gloucestershire, Wiltshire and Bath/Bristol area",19 : Manufacture of coke and refined petroleum products,19,19,50
2023,"Gloucestershire, Wiltshire and Bath/Bristol area",20 : Manufacture of chemicals and chemical products,20,20,2410
2023,"Gloucestershire, Wiltshire and Bath/Bristol area",21 : Manufacture of basic pharmaceutical products and pharmaceutical preparations,21,21,2150
2023,"Gloucestershire, Wiltshire and Bath/Bristol area",22 : Manufacture of rubber and plastic products,22,22,5450
2023,"Gloucestershire, Wiltshire and Bath/Bristol area",23 : Manufacture of other non-metallic mineral products,23,23,1850
2023,"Gloucestershire, Wiltshire and Bath/Bristol area",24 : Manufacture of basic metals,24,24,505
2023,"Gloucestershire, Wiltshire and Bath/Bristol area","25 : Manufacture of fabricated metal products, except machinery and equipment",25,25,10370
2023,"Gloucestershire, Wiltshire and Bath/Bristol area","26 : Manufacture of computer, electronic and optical products",26,26,6585
2023,"Gloucestershire, Wiltshire and Bath/Bristol area",27 : Manufacture of electrical equipment,27,27,3800
2023,"Gloucestershire, Wiltshire and Bath/Bristol area",28 : Manufacture of machinery and equipment n.e.c.,28,28,6820
2023,"Gloucestershire, Wiltshire and Bath/Bristol area","29 : Manufacture of motor vehicles, trailers and semi-trailers",29,29,2725
2023,"Gloucestershire, Wiltshire and Bath/Bristol area",30 : Manufacture of other transport equipment,30,30,14035
2023,"Gloucestershire, Wiltshire and Bath/Bristol area",31 : Manufacture of furniture,31,31,2175
2023,"Gloucestershire, Wiltshire and Bath/Bristol area",32 : Other manufacturing,32,32,3380
2023,"Gloucestershire, Wiltshire and Bath/Bristol area",33 : Repair and installation of machinery and equipment,33,33,3135
2023,"Gloucestershire, Wiltshire and Bath/Bristol area","35 : Electricity, gas, steam and air conditioning supply",35,35,5815
2023,"Gloucestershire, Wiltshire and Bath/Bristol area","36 : Water collection, treatment and supply",36,36,1750
2023,"Gloucestershire, Wiltshire and Bath/Bristol area",37 : Sewerage,37,37,2500
2023,"Gloucestershire, Wiltshire and Bath/Bristol area","38 : Waste collection, treatment and disposal activities; materials recovery",38,38,9000
2023,"Gloucestershire, Wiltshire and Bath/Bristol area","39 : Remediation activities and other waste management services. This division includes the provision of remediation services, i.e. the cleanup of contaminated buildings and sites, soil, surface or ground water.",39,39,100
2023,"Gloucestershire, Wiltshire and Bath/Bristol area",41 : Construction of buildings,41,41,19000
2023,"Gloucestershire, Wiltshire and Bath/Bristol area",42 : Civil engineering,42,42,4455
2023,"Gloucestershire, Wiltshire and Bath/Bristol area",43 : Specialised construction activities,43,43,38350
2023,"Gloucestershire, Wiltshire and Bath/Bristol area",45 : Wholesale and retail trade and repair of motor vehicles and motorcycles,45,45,21350
2023,"Gloucestershire, Wiltshire and Bath/Bristol area","46 : Wholesale trade, except of motor vehicles and motorcycles",46,46,38335
2023,"Gloucestershire, Wiltshire and Bath/Bristol area","47 : Retail trade, except of motor vehicles and motorcycles",47,47,43060
2023,"Gloucestershire, Wiltshire and Bath/Bristol area",49 : Land transport and transport via pipelines,49,49,13880
2023,"Gloucestershire, Wiltshire and Bath/Bristol area",50 : Water transport,50,50,45
2023,"Gloucestershire, Wiltshire and Bath/Bristol area",51 : Air transport,51,51,1400
2023,"Gloucestershire, Wiltshire and Bath/Bristol area",52 : Warehousing and support activities for transportation,52,52,24820
2023,"Gloucestershire, Wiltshire and Bath/Bristol area",53 : Postal and courier activities,53,53,8750
2023,"Gloucestershire, Wiltshire and Bath/Bristol area",55 : Accommodation,55,55,8075
2023,"Gloucestershire, Wiltshire and Bath/Bristol area",56 : Food and beverage service activities,56,56,31100
2023,"Gloucestershire, Wiltshire and Bath/Bristol area",58 : Publishing activities,58,58,4040
2023,"Gloucestershire, Wiltshire and Bath/Bristol area","59 : Motion picture, video and television programme production, sound recording and music publishing activities",59,59,6085
2023,"Gloucestershire, Wiltshire and Bath/Bristol area",60 : Programming and broadcasting activities,60,60,1500
2023,"Gloucestershire, Wiltshire and Bath/Bristol area",61 : Telecommunications,61,61,8675
2023,"Gloucestershire, Wiltshire and Bath/Bristol area","62 : Computer programming, consultancy and related activities",62,62,32600
2023,"Gloucestershire, Wiltshire and Bath/Bristol area",63 : Information service activities,63,63,2250
2023,"Gloucestershire, Wiltshire and Bath/Bristol area","64 : Financial service activities, except insurance and pension funding",64,64,16120
2023,"Gloucestershire, Wiltshire and Bath/Bristol area","65 : Insurance, reinsurance and pension funding, except compulsory social security",65,65,6010
2023,"Gloucestershire, Wiltshire and Bath/Bristol area",66 : Activities auxiliary to financial services and insurance activities,66,66,19015
2023,"Gloucestershire, Wiltshire and Bath/Bristol area",68 : Real estate activities,68,68,15050
2023,"Gloucestershire, Wiltshire and Bath/Bristol area",69 : Legal and accounting activities,69,69,25275
2023,"Gloucestershire, Wiltshire and Bath/Bristol area",70 : Activities of head offices; management consultancy activities,70,70,17000
2023,"Gloucestershire, Wiltshire and Bath/Bristol area",71 : Architectural and engineering activities; technical testing and analysis,71,71,27300
2023,"Gloucestershire, Wiltshire and Bath/Bristol area",72 : Scientific research and development,72,72,13300
2023,"Gloucestershire, Wiltshire and Bath/Bristol area",73 : Advertising and market research,73,73,4100
2023,"Gloucestershire, Wiltshire and Bath/Bristol area","74 : Other professional, scientific and technical activities",74,74,7550
2023,"Gloucestershire, Wiltshire and Bath/Bristol area",75 : Veterinary activities,75,75,5000
2023,"Gloucestershire, Wiltshire and Bath/Bristol area",77 : Rental and leasing activities,77,77,7760
2023,"Gloucestershire, Wiltshire and Bath/Bristol area",78 : Employment activities,78,78,25825
2023,"Gloucestershire, Wiltshire and Bath/Bristol area","79 : Travel agency, tour operator and other reservation service and related activities",79,79,745
2023,"Gloucestershire, Wiltshire and Bath/Bristol area",80 : Security and investigation activities,80,80,4450
2023,"Gloucestershire, Wiltshire and Bath/Bristol area",81 : Services to buildings and landscape activities,81,81,10830
2023,"Gloucestershire, Wiltshire and Bath/Bristol area","82 : Office administrative, office support and other business support activities",82,82,14135
2023,"Gloucestershire, Wiltshire and Bath/Bristol area",84 : Public administration and defence; compulsory social security,84,84,50350
2023,"Gloucestershire, Wiltshire and Bath/Bristol area",85 : Education,85,85,57595
2023,"Gloucestershire, Wiltshire and Bath/Bristol area",86 : Human health activities,86,86,61000
2023,"Gloucestershire, Wiltshire and Bath/Bristol area",87 : Residential care activities,87,87,18500
2023,"Gloucestershire, Wiltshire and Bath/Bristol area",88 : Social work activities without accommodation,88,88,16500
2023,"Gloucestershire, Wiltshire and Bath/Bristol area","90 : Creative, arts and entertainment activities",90,90,2500
2023,"Gloucestershire, Wiltshire and Bath/Bristol area","91 : Libraries, archives, museums and other cultural activities",91,91,2375
2023,"Gloucestershire, Wiltshire and Bath/Bristol area",92 : Gambling and betting activities,92,92,800
2023,"Gloucestershire, Wiltshire and Bath/Bristol area",93 : Sports activities and amusement and recreation activities,93,93,6815
2023,"Gloucestershire, Wiltshire and Bath/Bristol area",94 : Activities of membership organisations,94,94,5725
2023,"Gloucestershire, Wiltshire and Bath/Bristol area",95 : Repair of computers and personal and household goods,95,95,1800
2023,"Gloucestershire, Wiltshire and Bath/Bristol area",96 : Other personal service activities,96,96,5750
2023,"Gloucestershire, Wiltshire and Bath/Bristol area",97 : Activities of households as employers of domestic personnel,97,97,0
2023,"Gloucestershire, Wiltshire and Bath/Bristol area",98 : Undifferentiated goods- and services-producing activities of private households for own use,98,98,0
2023,"Gloucestershire, Wiltshire and Bath/Bristol area",99 : Activities of extraterritorial organisations and bodies,99,99,0
2023,Greater Manchester,"01 : Crop and animal production, hunting and related service activities",01,1,595
2023,Greater Manchester,02 : Forestry and logging,02,2,345
2023,Greater Manchester,03 : Fishing and aquaculture,03,3,70
2023,Greater Manchester,05 : Mining of coal and lignite,05,5,0
2023,Greater Manchester,06 : Extraction of crude petroleum and natural gas,06,6,40
2023,Greater Manchester,07 : Mining of metal ores,07,7,0
2023,Greater Manchester,08 : Other mining and quarrying,08,8,255
2023,Greater Manchester,09 : Mining support service activities,09,9,150
2023,Greater Manchester,10 : Manufacture of food products,10,10,16790
2023,Greater Manchester,11 : Manufacture of beverages,11,11,880
2023,Greater Manchester,12 : Manufacture of tobacco products,12,12,0
2023,Greater Manchester,13 : Manufacture of textiles,13,13,4670
2023,Greater Manchester,14 : Manufacture of wearing apparel,14,14,730
2023,Greater Manchester,15 : Manufacture of leather and related products,15,15,15
2023,Greater Manchester,"16 : Manufacture of wood and of products of wood and cork, except furniture;manufacture of articles of straw and plaiting materials",16,16,1900
2023,Greater Manchester,17 : Manufacture of paper and paper products,17,17,2330
2023,Greater Manchester,18 : Printing and reproduction of recorded media,18,18,2635
2023,Greater Manchester,19 : Manufacture of coke and refined petroleum products,19,19,210
2023,Greater Manchester,20 : Manufacture of chemicals and chemical products,20,20,7195
2023,Greater Manchester,21 : Manufacture of basic pharmaceutical products and pharmaceutical preparations,21,21,650
2023,Greater Manchester,22 : Manufacture of rubber and plastic products,22,22,9800
2023,Greater Manchester,23 : Manufacture of other non-metallic mineral products,23,23,2705
2023,Greater Manchester,24 : Manufacture of basic metals,24,24,3110
2023,Greater Manchester,"25 : Manufacture of fabricated metal products, except machinery and equipment",25,25,9740
2023,Greater Manchester,"26 : Manufacture of computer, electronic and optical products",26,26,6050
2023,Greater Manchester,27 : Manufacture of electrical equipment,27,27,2350
2023,Greater Manchester,28 : Manufacture of machinery and equipment n.e.c.,28,28,5010
2023,Greater Manchester,"29 : Manufacture of motor vehicles, trailers and semi-trailers",29,29,1390
2023,Greater Manchester,30 : Manufacture of other transport equipment,30,30,2730
2023,Greater Manchester,31 : Manufacture of furniture,31,31,3850
2023,Greater Manchester,32 : Other manufacturing,32,32,4265
2023,Greater Manchester,33 : Repair and installation of machinery and equipment,33,33,4420
2023,Greater Manchester,"35 : Electricity, gas, steam and air conditioning supply",35,35,3230
2023,Greater Manchester,"36 : Water collection, treatment and supply",36,36,400
2023,Greater Manchester,37 : Sewerage,37,37,1000
2023,Greater Manchester,"38 : Waste collection, treatment and disposal activities; materials recovery",38,38,4100
2023,Greater Manchester,"39 : Remediation activities and other waste management services. This division includes the provision of remediation services, i.e. the cleanup of contaminated buildings and sites, soil, surface or ground water.",39,39,200
2023,Greater Manchester,41 : Construction of buildings,41,41,16500
2023,Greater Manchester,42 : Civil engineering,42,42,9250
2023,Greater Manchester,43 : Specialised construction activities,43,43,30800
2023,Greater Manchester,45 : Wholesale and retail trade and repair of motor vehicles and motorcycles,45,45,16950
2023,Greater Manchester,"46 : Wholesale trade, except of motor vehicles and motorcycles",46,46,56695
2023,Greater Manchester,"47 : Retail trade, except of motor vehicles and motorcycles",47,47,55390
2023,Greater Manchester,49 : Land transport and transport via pipelines,49,49,17470
2023,Greater Manchester,50 : Water transport,50,50,80
2023,Greater Manchester,51 : Air transport,51,51,4550
2023,Greater Manchester,52 : Warehousing and support activities for transportation,52,52,26745
2023,Greater Manchester,53 : Postal and courier activities,53,53,8600
2023,Greater Manchester,55 : Accommodation,55,55,5725
2023,Greater Manchester,56 : Food and beverage service activities,56,56,28950
2023,Greater Manchester,58 : Publishing activities,58,58,3475
2023,Greater Manchester,"59 : Motion picture, video and television programme production, sound recording and music publishing activities",59,59,3745
2023,Greater Manchester,60 : Programming and broadcasting activities,60,60,3900
2023,Greater Manchester,61 : Telecommunications,61,61,10750
2023,Greater Manchester,"62 : Computer programming, consultancy and related activities",62,62,33075
2023,Greater Manchester,63 : Information service activities,63,63,1900
2023,Greater Manchester,"64 : Financial service activities, except insurance and pension funding",64,64,20510
2023,Greater Manchester,"65 : Insurance, reinsurance and pension funding, except compulsory social security",65,65,6400
2023,Greater Manchester,66 : Activities auxiliary to financial services and insurance activities,66,66,14105
2023,Greater Manchester,68 : Real estate activities,68,68,22700
2023,Greater Manchester,69 : Legal and accounting activities,69,69,68650
2023,Greater Manchester,70 : Activities of head offices; management consultancy activities,70,70,32000
2023,Greater Manchester,71 : Architectural and engineering activities; technical testing and analysis,71,71,20950
2023,Greater Manchester,72 : Scientific research and development,72,72,1850
2023,Greater Manchester,73 : Advertising and market research,73,73,8050
2023,Greater Manchester,"74 : Other professional, scientific and technical activities",74,74,6425
2023,Greater Manchester,75 : Veterinary activities,75,75,1750
2023,Greater Manchester,77 : Rental and leasing activities,77,77,8930
2023,Greater Manchester,78 : Employment activities,78,78,32750
2023,Greater Manchester,"79 : Travel agency, tour operator and other reservation service and related activities",79,79,3905
2023,Greater Manchester,80 : Security and investigation activities,80,80,8075
2023,Greater Manchester,81 : Services to buildings and landscape activities,81,81,16625
2023,Greater Manchester,"82 : Office administrative, office support and other business support activities",82,82,24720
2023,Greater Manchester,84 : Public administration and defence; compulsory social security,84,84,54000
2023,Greater Manchester,85 : Education,85,85,68260
2023,Greater Manchester,86 : Human health activities,86,86,91900
2023,Greater Manchester,87 : Residential care activities,87,87,19500
2023,Greater Manchester,88 : Social work activities without accommodation,88,88,22000
2023,Greater Manchester,"90 : Creative, arts and entertainment activities",90,90,2650
2023,Greater Manchester,"91 : Libraries, archives, museums and other cultural activities",91,91,965
2023,Greater Manchester,92 : Gambling and betting activities,92,92,2500
2023,Greater Manchester,93 : Sports activities and amusement and recreation activities,93,93,8190
2023,Greater Manchester,94 : Activities of membership organisations,94,94,6050
2023,Greater Manchester,95 : Repair of computers and personal and household goods,95,95,2510
2023,Greater Manchester,96 : Other personal service activities,96,96,7450
2023,Greater Manchester,97 : Activities of households as employers of domestic personnel,97,97,0
2023,Greater Manchester,98 : Undifferentiated goods- and services-producing activities of private households for own use,98,98,0
2023,Greater Manchester,99 : Activities of extraterritorial organisations and bodies,99,99,0
2023,Hampshire and Isle of Wight,"01 : Crop and animal production, hunting and related service activities",01,1,3185
2023,Hampshire and Isle of Wight,02 : Forestry and logging,02,2,495
2023,Hampshire and Isle of Wight,03 : Fishing and aquaculture,03,3,45
2023,Hampshire and Isle of Wight,05 : Mining of coal and lignite,05,5,0
2023,Hampshire and Isle of Wight,06 : Extraction of crude petroleum and natural gas,06,6,100
2023,Hampshire and Isle of Wight,07 : Mining of metal ores,07,7,0
2023,Hampshire and Isle of Wight,08 : Other mining and quarrying,08,8,220
2023,Hampshire and Isle of Wight,09 : Mining support service activities,09,9,45
2023,Hampshire and Isle of Wight,10 : Manufacture of food products,10,10,2310
2023,Hampshire and Isle of Wight,11 : Manufacture of beverages,11,11,465
2023,Hampshire and Isle of Wight,12 : Manufacture of tobacco products,12,12,10
2023,Hampshire and Isle of Wight,13 : Manufacture of textiles,13,13,405
2023,Hampshire and Isle of Wight,14 : Manufacture of wearing apparel,14,14,490
2023,Hampshire and Isle of Wight,15 : Manufacture of leather and related products,15,15,20
2023,Hampshire and Isle of Wight,"16 : Manufacture of wood and of products of wood and cork, except furniture;manufacture of articles of straw and plaiting materials",16,16,715
2023,Hampshire and Isle of Wight,17 : Manufacture of paper and paper products,17,17,775
2023,Hampshire and Isle of Wight,18 : Printing and reproduction of recorded media,18,18,1305
2023,Hampshire and Isle of Wight,19 : Manufacture of coke and refined petroleum products,19,19,1000
2023,Hampshire and Isle of Wight,20 : Manufacture of chemicals and chemical products,20,20,2435
2023,Hampshire and Isle of Wight,21 : Manufacture of basic pharmaceutical products and pharmaceutical preparations,21,21,120
2023,Hampshire and Isle of Wight,22 : Manufacture of rubber and plastic products,22,22,3700
2023,Hampshire and Isle of Wight,23 : Manufacture of other non-metallic mineral products,23,23,1215
2023,Hampshire and Isle of Wight,24 : Manufacture of basic metals,24,24,560
2023,Hampshire and Isle of Wight,"25 : Manufacture of fabricated metal products, except machinery and equipment",25,25,6445
2023,Hampshire and Isle of Wight,"26 : Manufacture of computer, electronic and optical products",26,26,7860
2023,Hampshire and Isle of Wight,27 : Manufacture of electrical equipment,27,27,3555
2023,Hampshire and Isle of Wight,28 : Manufacture of machinery and equipment n.e.c.,28,28,6415
2023,Hampshire and Isle of Wight,"29 : Manufacture of motor vehicles, trailers and semi-trailers",29,29,1570
2023,Hampshire and Isle of Wight,30 : Manufacture of other transport equipment,30,30,4165
2023,Hampshire and Isle of Wight,31 : Manufacture of furniture,31,31,1000
2023,Hampshire and Isle of Wight,32 : Other manufacturing,32,32,3905
2023,Hampshire and Isle of Wight,33 : Repair and installation of machinery and equipment,33,33,8000
2023,Hampshire and Isle of Wight,"35 : Electricity, gas, steam and air conditioning supply",35,35,3275
2023,Hampshire and Isle of Wight,"36 : Water collection, treatment and supply",36,36,1000
2023,Hampshire and Isle of Wight,37 : Sewerage,37,37,250
2023,Hampshire and Isle of Wight,"38 : Waste collection, treatment and disposal activities; materials recovery",38,38,3800
2023,Hampshire and Isle of Wight,"39 : Remediation activities and other waste management services. This division includes the provision of remediation services, i.e. the cleanup of contaminated buildings and sites, soil, surface or ground water.",39,39,300
2023,Hampshire and Isle of Wight,41 : Construction of buildings,41,41,11750
2023,Hampshire and Isle of Wight,42 : Civil engineering,42,42,4920
2023,Hampshire and Isle of Wight,43 : Specialised construction activities,43,43,20175
2023,Hampshire and Isle of Wight,45 : Wholesale and retail trade and repair of motor vehicles and motorcycles,45,45,16650
2023,Hampshire and Isle of Wight,"46 : Wholesale trade, except of motor vehicles and motorcycles",46,46,31100
2023,Hampshire and Isle of Wight,"47 : Retail trade, except of motor vehicles and motorcycles",47,47,37120
2023,Hampshire and Isle of Wight,49 : Land transport and transport via pipelines,49,49,8610
2023,Hampshire and Isle of Wight,50 : Water transport,50,50,3500
2023,Hampshire and Isle of Wight,51 : Air transport,51,51,310
2023,Hampshire and Isle of Wight,52 : Warehousing and support activities for transportation,52,52,18280
2023,Hampshire and Isle of Wight,53 : Postal and courier activities,53,53,5325
2023,Hampshire and Isle of Wight,55 : Accommodation,55,55,9455
2023,Hampshire and Isle of Wight,56 : Food and beverage service activities,56,56,24200
2023,Hampshire and Isle of Wight,58 : Publishing activities,58,58,1305
2023,Hampshire and Isle of Wight,"59 : Motion picture, video and television programme production, sound recording and music publishing activities",59,59,1115
2023,Hampshire and Isle of Wight,60 : Programming and broadcasting activities,60,60,700
2023,Hampshire and Isle of Wight,61 : Telecommunications,61,61,5975
2023,Hampshire and Isle of Wight,"62 : Computer programming, consultancy and related activities",62,62,25450
2023,Hampshire and Isle of Wight,63 : Information service activities,63,63,1550
2023,Hampshire and Isle of Wight,"64 : Financial service activities, except insurance and pension funding",64,64,6770
2023,Hampshire and Isle of Wight,"65 : Insurance, reinsurance and pension funding, except compulsory social security",65,65,2750
2023,Hampshire and Isle of Wight,66 : Activities auxiliary to financial services and insurance activities,66,66,9740
2023,Hampshire and Isle of Wight,68 : Real estate activities,68,68,10520
2023,Hampshire and Isle of Wight,69 : Legal and accounting activities,69,69,10785
2023,Hampshire and Isle of Wight,70 : Activities of head offices; management consultancy activities,70,70,16200
2023,Hampshire and Isle of Wight,71 : Architectural and engineering activities; technical testing and analysis,71,71,15475
2023,Hampshire and Isle of Wight,72 : Scientific research and development,72,72,6195
2023,Hampshire and Isle of Wight,73 : Advertising and market research,73,73,2175
2023,Hampshire and Isle of Wight,"74 : Other professional, scientific and technical activities",74,74,3495
2023,Hampshire and Isle of Wight,75 : Veterinary activities,75,75,2000
2023,Hampshire and Isle of Wight,77 : Rental and leasing activities,77,77,4455
2023,Hampshire and Isle of Wight,78 : Employment activities,78,78,14365
2023,Hampshire and Isle of Wight,"79 : Travel agency, tour operator and other reservation service and related activities",79,79,1735
2023,Hampshire and Isle of Wight,80 : Security and investigation activities,80,80,4920
2023,Hampshire and Isle of Wight,81 : Services to buildings and landscape activities,81,81,10850
2023,Hampshire and Isle of Wight,"82 : Office administrative, office support and other business support activities",82,82,8015
2023,Hampshire and Isle of Wight,84 : Public administration and defence; compulsory social security,84,84,29850
2023,Hampshire and Isle of Wight,85 : Education,85,85,46645
2023,Hampshire and Isle of Wight,86 : Human health activities,86,86,46900
2023,Hampshire and Isle of Wight,87 : Residential care activities,87,87,15400
2023,Hampshire and Isle of Wight,88 : Social work activities without accommodation,88,88,12500
2023,Hampshire and Isle of Wight,"90 : Creative, arts and entertainment activities",90,90,775
2023,Hampshire and Isle of Wight,"91 : Libraries, archives, museums and other cultural activities",91,91,2100
2023,Hampshire and Isle of Wight,92 : Gambling and betting activities,92,92,900
2023,Hampshire and Isle of Wight,93 : Sports activities and amusement and recreation activities,93,93,7395
2023,Hampshire and Isle of Wight,94 : Activities of membership organisations,94,94,7020
2023,Hampshire and Isle of Wight,95 : Repair of computers and personal and household goods,95,95,755
2023,Hampshire and Isle of Wight,96 : Other personal service activities,96,96,6925
2023,Hampshire and Isle of Wight,97 : Activities of households as employers of domestic personnel,97,97,0
2023,Hampshire and Isle of Wight,98 : Undifferentiated goods- and services-producing activities of private households for own use,98,98,0
2023,Hampshire and Isle of Wight,99 : Activities of extraterritorial organisations and bodies,99,99,0
2023,"Herefordshire, Worcestershire and Warwickshire","01 : Crop and animal production, hunting and related service activities",01,1,7315
2023,"Herefordshire, Worcestershire and Warwickshire",02 : Forestry and logging,02,2,250
2023,"Herefordshire, Worcestershire and Warwickshire",03 : Fishing and aquaculture,03,3,15
2023,"Herefordshire, Worcestershire and Warwickshire",05 : Mining of coal and lignite,05,5,0
2023,"Herefordshire, Worcestershire and Warwickshire",06 : Extraction of crude petroleum and natural gas,06,6,10
2023,"Herefordshire, Worcestershire and Warwickshire",07 : Mining of metal ores,07,7,0
2023,"Herefordshire, Worcestershire and Warwickshire",08 : Other mining and quarrying,08,8,135
2023,"Herefordshire, Worcestershire and Warwickshire",09 : Mining support service activities,09,9,25
2023,"Herefordshire, Worcestershire and Warwickshire",10 : Manufacture of food products,10,10,6965
2023,"Herefordshire, Worcestershire and Warwickshire",11 : Manufacture of beverages,11,11,1225
2023,"Herefordshire, Worcestershire and Warwickshire",12 : Manufacture of tobacco products,12,12,0
2023,"Herefordshire, Worcestershire and Warwickshire",13 : Manufacture of textiles,13,13,540
2023,"Herefordshire, Worcestershire and Warwickshire",14 : Manufacture of wearing apparel,14,14,30
2023,"Herefordshire, Worcestershire and Warwickshire",15 : Manufacture of leather and related products,15,15,35
2023,"Herefordshire, Worcestershire and Warwickshire","16 : Manufacture of wood and of products of wood and cork, except furniture;manufacture of articles of straw and plaiting materials",16,16,2545
2023,"Herefordshire, Worcestershire and Warwickshire",17 : Manufacture of paper and paper products,17,17,480
2023,"Herefordshire, Worcestershire and Warwickshire",18 : Printing and reproduction of recorded media,18,18,395
2023,"Herefordshire, Worcestershire and Warwickshire",19 : Manufacture of coke and refined petroleum products,19,19,0
2023,"Herefordshire, Worcestershire and Warwickshire",20 : Manufacture of chemicals and chemical products,20,20,1665
2023,"Herefordshire, Worcestershire and Warwickshire",21 : Manufacture of basic pharmaceutical products and pharmaceutical preparations,21,21,180
2023,"Herefordshire, Worcestershire and Warwickshire",22 : Manufacture of rubber and plastic products,22,22,5400
2023,"Herefordshire, Worcestershire and Warwickshire",23 : Manufacture of other non-metallic mineral products,23,23,2235
2023,"Herefordshire, Worcestershire and Warwickshire",24 : Manufacture of basic metals,24,24,2300
2023,"Herefordshire, Worcestershire and Warwickshire","25 : Manufacture of fabricated metal products, except machinery and equipment",25,25,12195
2023,"Herefordshire, Worcestershire and Warwickshire","26 : Manufacture of computer, electronic and optical products",26,26,4360
2023,"Herefordshire, Worcestershire and Warwickshire",27 : Manufacture of electrical equipment,27,27,3520
2023,"Herefordshire, Worcestershire and Warwickshire",28 : Manufacture of machinery and equipment n.e.c.,28,28,4855
2023,"Herefordshire, Worcestershire and Warwickshire","29 : Manufacture of motor vehicles, trailers and semi-trailers",29,29,10340
2023,"Herefordshire, Worcestershire and Warwickshire",30 : Manufacture of other transport equipment,30,30,1525
2023,"Herefordshire, Worcestershire and Warwickshire",31 : Manufacture of furniture,31,31,350
2023,"Herefordshire, Worcestershire and Warwickshire",32 : Other manufacturing,32,32,1140
2023,"Herefordshire, Worcestershire and Warwickshire",33 : Repair and installation of machinery and equipment,33,33,2065
2023,"Herefordshire, Worcestershire and Warwickshire","35 : Electricity, gas, steam and air conditioning supply",35,35,6625
2023,"Herefordshire, Worcestershire and Warwickshire","36 : Water collection, treatment and supply",36,36,800
2023,"Herefordshire, Worcestershire and Warwickshire",37 : Sewerage,37,37,500
2023,"Herefordshire, Worcestershire and Warwickshire","38 : Waste collection, treatment and disposal activities; materials recovery",38,38,3450
2023,"Herefordshire, Worcestershire and Warwickshire","39 : Remediation activities and other waste management services. This division includes the provision of remediation services, i.e. the cleanup of contaminated buildings and sites, soil, surface or ground water.",39,39,300
2023,"Herefordshire, Worcestershire and Warwickshire",41 : Construction of buildings,41,41,9000
2023,"Herefordshire, Worcestershire and Warwickshire",42 : Civil engineering,42,42,4150
2023,"Herefordshire, Worcestershire and Warwickshire",43 : Specialised construction activities,43,43,14215
2023,"Herefordshire, Worcestershire and Warwickshire",45 : Wholesale and retail trade and repair of motor vehicles and motorcycles,45,45,17100
2023,"Herefordshire, Worcestershire and Warwickshire","46 : Wholesale trade, except of motor vehicles and motorcycles",46,46,28395
2023,"Herefordshire, Worcestershire and Warwickshire","47 : Retail trade, except of motor vehicles and motorcycles",47,47,20980
2023,"Herefordshire, Worcestershire and Warwickshire",49 : Land transport and transport via pipelines,49,49,9505
2023,"Herefordshire, Worcestershire and Warwickshire",50 : Water transport,50,50,0
2023,"Herefordshire, Worcestershire and Warwickshire",51 : Air transport,51,51,10
2023,"Herefordshire, Worcestershire and Warwickshire",52 : Warehousing and support activities for transportation,52,52,16790
2023,"Herefordshire, Worcestershire and Warwickshire",53 : Postal and courier activities,53,53,7625
2023,"Herefordshire, Worcestershire and Warwickshire",55 : Accommodation,55,55,5210
2023,"Herefordshire, Worcestershire and Warwickshire",56 : Food and beverage service activities,56,56,13650
2023,"Herefordshire, Worcestershire and Warwickshire",58 : Publishing activities,58,58,1490
2023,"Herefordshire, Worcestershire and Warwickshire","59 : Motion picture, video and television programme production, sound recording and music publishing activities",59,59,390
2023,"Herefordshire, Worcestershire and Warwickshire",60 : Programming and broadcasting activities,60,60,125
2023,"Herefordshire, Worcestershire and Warwickshire",61 : Telecommunications,61,61,2640
2023,"Herefordshire, Worcestershire and Warwickshire","62 : Computer programming, consultancy and related activities",62,62,15250
2023,"Herefordshire, Worcestershire and Warwickshire",63 : Information service activities,63,63,295
2023,"Herefordshire, Worcestershire and Warwickshire","64 : Financial service activities, except insurance and pension funding",64,64,1500
2023,"Herefordshire, Worcestershire and Warwickshire","65 : Insurance, reinsurance and pension funding, except compulsory social security",65,65,3000
2023,"Herefordshire, Worcestershire and Warwickshire",66 : Activities auxiliary to financial services and insurance activities,66,66,3910
2023,"Herefordshire, Worcestershire and Warwickshire",68 : Real estate activities,68,68,7025
2023,"Herefordshire, Worcestershire and Warwickshire",69 : Legal and accounting activities,69,69,6245
2023,"Herefordshire, Worcestershire and Warwickshire",70 : Activities of head offices; management consultancy activities,70,70,18800
2023,"Herefordshire, Worcestershire and Warwickshire",71 : Architectural and engineering activities; technical testing and analysis,71,71,17650
2023,"Herefordshire, Worcestershire and Warwickshire",72 : Scientific research and development,72,72,3100
2023,"Herefordshire, Worcestershire and Warwickshire",73 : Advertising and market research,73,73,975
2023,"Herefordshire, Worcestershire and Warwickshire","74 : Other professional, scientific and technical activities",74,74,4050
2023,"Herefordshire, Worcestershire and Warwickshire",75 : Veterinary activities,75,75,1000
2023,"Herefordshire, Worcestershire and Warwickshire",77 : Rental and leasing activities,77,77,2910
2023,"Herefordshire, Worcestershire and Warwickshire",78 : Employment activities,78,78,10130
2023,"Herefordshire, Worcestershire and Warwickshire","79 : Travel agency, tour operator and other reservation service and related activities",79,79,1000
2023,"Herefordshire, Worcestershire and Warwickshire",80 : Security and investigation activities,80,80,1275
2023,"Herefordshire, Worcestershire and Warwickshire",81 : Services to buildings and landscape activities,81,81,10850
2023,"Herefordshire, Worcestershire and Warwickshire","82 : Office administrative, office support and other business support activities",82,82,7895
2023,"Herefordshire, Worcestershire and Warwickshire",84 : Public administration and defence; compulsory social security,84,84,16200
2023,"Herefordshire, Worcestershire and Warwickshire",85 : Education,85,85,25560
2023,"Herefordshire, Worcestershire and Warwickshire",86 : Human health activities,86,86,23500
2023,"Herefordshire, Worcestershire and Warwickshire",87 : Residential care activities,87,87,10100
2023,"Herefordshire, Worcestershire and Warwickshire",88 : Social work activities without accommodation,88,88,7000
2023,"Herefordshire, Worcestershire and Warwickshire","90 : Creative, arts and entertainment activities",90,90,1325
2023,"Herefordshire, Worcestershire and Warwickshire","91 : Libraries, archives, museums and other cultural activities",91,91,1575
2023,"Herefordshire, Worcestershire and Warwickshire",92 : Gambling and betting activities,92,92,450
2023,"Herefordshire, Worcestershire and Warwickshire",93 : Sports activities and amusement and recreation activities,93,93,4260
2023,"Herefordshire, Worcestershire and Warwickshire",94 : Activities of membership organisations,94,94,2665
2023,"Herefordshire, Worcestershire and Warwickshire",95 : Repair of computers and personal and household goods,95,95,400
2023,"Herefordshire, Worcestershire and Warwickshire",96 : Other personal service activities,96,96,4775
2023,"Herefordshire, Worcestershire and Warwickshire",97 : Activities of households as employers of domestic personnel,97,97,0
2023,"Herefordshire, Worcestershire and Warwickshire",98 : Undifferentiated goods- and services-producing activities of private households for own use,98,98,0
2023,"Herefordshire, Worcestershire and Warwickshire",99 : Activities of extraterritorial organisations and bodies,99,99,0
2023,Highlands and Islands,"01 : Crop and animal production, hunting and related service activities",01,1,3395
2023,Highlands and Islands,02 : Forestry and logging,02,2,1240
2023,Highlands and Islands,03 : Fishing and aquaculture,03,3,3500
2023,Highlands and Islands,05 : Mining of coal and lignite,05,5,0
2023,Highlands and Islands,06 : Extraction of crude petroleum and natural gas,06,6,105
2023,Highlands and Islands,07 : Mining of metal ores,07,7,0
2023,Highlands and Islands,08 : Other mining and quarrying,08,8,650
2023,Highlands and Islands,09 : Mining support service activities,09,9,25
2023,Highlands and Islands,10 : Manufacture of food products,10,10,4140
2023,Highlands and Islands,11 : Manufacture of beverages,11,11,2840
2023,Highlands and Islands,12 : Manufacture of tobacco products,12,12,0
2023,Highlands and Islands,13 : Manufacture of textiles,13,13,890
2023,Highlands and Islands,14 : Manufacture of wearing apparel,14,14,40
2023,Highlands and Islands,15 : Manufacture of leather and related products,15,15,10
2023,Highlands and Islands,"16 : Manufacture of wood and of products of wood and cork, except furniture;manufacture of articles of straw and plaiting materials",16,16,1200
2023,Highlands and Islands,17 : Manufacture of paper and paper products,17,17,20
2023,Highlands and Islands,18 : Printing and reproduction of recorded media,18,18,95
2023,Highlands and Islands,19 : Manufacture of coke and refined petroleum products,19,19,0
2023,Highlands and Islands,20 : Manufacture of chemicals and chemical products,20,20,555
2023,Highlands and Islands,21 : Manufacture of basic pharmaceutical products and pharmaceutical preparations,21,21,600
2023,Highlands and Islands,22 : Manufacture of rubber and plastic products,22,22,445
2023,Highlands and Islands,23 : Manufacture of other non-metallic mineral products,23,23,120
2023,Highlands and Islands,24 : Manufacture of basic metals,24,24,160
2023,Highlands and Islands,"25 : Manufacture of fabricated metal products, except machinery and equipment",25,25,1215
2023,Highlands and Islands,"26 : Manufacture of computer, electronic and optical products",26,26,190
2023,Highlands and Islands,27 : Manufacture of electrical equipment,27,27,110
2023,Highlands and Islands,28 : Manufacture of machinery and equipment n.e.c.,28,28,155
2023,Highlands and Islands,"29 : Manufacture of motor vehicles, trailers and semi-trailers",29,29,120
2023,Highlands and Islands,30 : Manufacture of other transport equipment,30,30,395
2023,Highlands and Islands,31 : Manufacture of furniture,31,31,135
2023,Highlands and Islands,32 : Other manufacturing,32,32,265
2023,Highlands and Islands,33 : Repair and installation of machinery and equipment,33,33,435
2023,Highlands and Islands,"35 : Electricity, gas, steam and air conditioning supply",35,35,1610
2023,Highlands and Islands,"36 : Water collection, treatment and supply",36,36,700
2023,Highlands and Islands,37 : Sewerage,37,37,150
2023,Highlands and Islands,"38 : Waste collection, treatment and disposal activities; materials recovery",38,38,2065
2023,Highlands and Islands,"39 : Remediation activities and other waste management services. This division includes the provision of remediation services, i.e. the cleanup of contaminated buildings and sites, soil, surface or ground water.",39,39,50
2023,Highlands and Islands,41 : Construction of buildings,41,41,3450
2023,Highlands and Islands,42 : Civil engineering,42,42,2945
2023,Highlands and Islands,43 : Specialised construction activities,43,43,5880
2023,Highlands and Islands,45 : Wholesale and retail trade and repair of motor vehicles and motorcycles,45,45,3145
2023,Highlands and Islands,"46 : Wholesale trade, except of motor vehicles and motorcycles",46,46,4675
2023,Highlands and Islands,"47 : Retail trade, except of motor vehicles and motorcycles",47,47,7965
2023,Highlands and Islands,49 : Land transport and transport via pipelines,49,49,3670
2023,Highlands and Islands,50 : Water transport,50,50,615
2023,Highlands and Islands,51 : Air transport,51,51,180
2023,Highlands and Islands,52 : Warehousing and support activities for transportation,52,52,2510
2023,Highlands and Islands,53 : Postal and courier activities,53,53,2295
2023,Highlands and Islands,55 : Accommodation,55,55,7175
2023,Highlands and Islands,56 : Food and beverage service activities,56,56,5375
2023,Highlands and Islands,58 : Publishing activities,58,58,325
2023,Highlands and Islands,"59 : Motion picture, video and television programme production, sound recording and music publishing activities",59,59,240
2023,Highlands and Islands,60 : Programming and broadcasting activities,60,60,170
2023,Highlands and Islands,61 : Telecommunications,61,61,1050
2023,Highlands and Islands,"62 : Computer programming, consultancy and related activities",62,62,950
2023,Highlands and Islands,63 : Information service activities,63,63,55
2023,Highlands and Islands,"64 : Financial service activities, except insurance and pension funding",64,64,455
2023,Highlands and Islands,"65 : Insurance, reinsurance and pension funding, except compulsory social security",65,65,0
2023,Highlands and Islands,66 : Activities auxiliary to financial services and insurance activities,66,66,605
2023,Highlands and Islands,68 : Real estate activities,68,68,1765
2023,Highlands and Islands,69 : Legal and accounting activities,69,69,1965
2023,Highlands and Islands,70 : Activities of head offices; management consultancy activities,70,70,1000
2023,Highlands and Islands,71 : Architectural and engineering activities; technical testing and analysis,71,71,2540
2023,Highlands and Islands,72 : Scientific research and development,72,72,420
2023,Highlands and Islands,73 : Advertising and market research,73,73,105
2023,Highlands and Islands,"74 : Other professional, scientific and technical activities",74,74,630
2023,Highlands and Islands,75 : Veterinary activities,75,75,600
2023,Highlands and Islands,77 : Rental and leasing activities,77,77,915
2023,Highlands and Islands,78 : Employment activities,78,78,1355
2023,Highlands and Islands,"79 : Travel agency, tour operator and other reservation service and related activities",79,79,290
2023,Highlands and Islands,80 : Security and investigation activities,80,80,485
2023,Highlands and Islands,81 : Services to buildings and landscape activities,81,81,1875
2023,Highlands and Islands,"82 : Office administrative, office support and other business support activities",82,82,1160
2023,Highlands and Islands,84 : Public administration and defence; compulsory social security,84,84,9600
2023,Highlands and Islands,85 : Education,85,85,7460
2023,Highlands and Islands,86 : Human health activities,86,86,12875
2023,Highlands and Islands,87 : Residential care activities,87,87,2620
2023,Highlands and Islands,88 : Social work activities without accommodation,88,88,4100
2023,Highlands and Islands,"90 : Creative, arts and entertainment activities",90,90,245
2023,Highlands and Islands,"91 : Libraries, archives, museums and other cultural activities",91,91,1350
2023,Highlands and Islands,92 : Gambling and betting activities,92,92,100
2023,Highlands and Islands,93 : Sports activities and amusement and recreation activities,93,93,1485
2023,Highlands and Islands,94 : Activities of membership organisations,94,94,845
2023,Highlands and Islands,95 : Repair of computers and personal and household goods,95,95,85
2023,Highlands and Islands,96 : Other personal service activities,96,96,855
2023,Highlands and Islands,97 : Activities of households as employers of domestic personnel,97,97,0
2023,Highlands and Islands,98 : Undifferentiated goods- and services-producing activities of private households for own use,98,98,0
2023,Highlands and Islands,99 : Activities of extraterritorial organisations and bodies,99,99,0
2023,Inner London - East,"01 : Crop and animal production, hunting and related service activities",01,1,50
2023,Inner London - East,02 : Forestry and logging,02,2,100
2023,Inner London - East,03 : Fishing and aquaculture,03,3,20
2023,Inner London - East,05 : Mining of coal and lignite,05,5,0
2023,Inner London - East,06 : Extraction of crude petroleum and natural gas,06,6,50
2023,Inner London - East,07 : Mining of metal ores,07,7,0
2023,Inner London - East,08 : Other mining and quarrying,08,8,5
2023,Inner London - East,09 : Mining support service activities,09,9,20
2023,Inner London - East,10 : Manufacture of food products,10,10,4200
2023,Inner London - East,11 : Manufacture of beverages,11,11,625
2023,Inner London - East,12 : Manufacture of tobacco products,12,12,0
2023,Inner London - East,13 : Manufacture of textiles,13,13,405
2023,Inner London - East,14 : Manufacture of wearing apparel,14,14,1325
2023,Inner London - East,15 : Manufacture of leather and related products,15,15,240
2023,Inner London - East,"16 : Manufacture of wood and of products of wood and cork, except furniture;manufacture of articles of straw and plaiting materials",16,16,540
2023,Inner London - East,17 : Manufacture of paper and paper products,17,17,105
2023,Inner London - East,18 : Printing and reproduction of recorded media,18,18,3185
2023,Inner London - East,19 : Manufacture of coke and refined petroleum products,19,19,0
2023,Inner London - East,20 : Manufacture of chemicals and chemical products,20,20,1260
2023,Inner London - East,21 : Manufacture of basic pharmaceutical products and pharmaceutical preparations,21,21,125
2023,Inner London - East,22 : Manufacture of rubber and plastic products,22,22,365
2023,Inner London - East,23 : Manufacture of other non-metallic mineral products,23,23,115
2023,Inner London - East,24 : Manufacture of basic metals,24,24,0
2023,Inner London - East,"25 : Manufacture of fabricated metal products, except machinery and equipment",25,25,905
2023,Inner London - East,"26 : Manufacture of computer, electronic and optical products",26,26,670
2023,Inner London - East,27 : Manufacture of electrical equipment,27,27,90
2023,Inner London - East,28 : Manufacture of machinery and equipment n.e.c.,28,28,560
2023,Inner London - East,"29 : Manufacture of motor vehicles, trailers and semi-trailers",29,29,200
2023,Inner London - East,30 : Manufacture of other transport equipment,30,30,850
2023,Inner London - East,31 : Manufacture of furniture,31,31,430
2023,Inner London - East,32 : Other manufacturing,32,32,870
2023,Inner London - East,33 : Repair and installation of machinery and equipment,33,33,1840
2023,Inner London - East,"35 : Electricity, gas, steam and air conditioning supply",35,35,2750
2023,Inner London - East,"36 : Water collection, treatment and supply",36,36,150
2023,Inner London - East,37 : Sewerage,37,37,250
2023,Inner London - East,"38 : Waste collection, treatment and disposal activities; materials recovery",38,38,3250
2023,Inner London - East,"39 : Remediation activities and other waste management services. This division includes the provision of remediation services, i.e. the cleanup of contaminated buildings and sites, soil, surface or ground water.",39,39,225
2023,Inner London - East,41 : Construction of buildings,41,41,16500
2023,Inner London - East,42 : Civil engineering,42,42,3360
2023,Inner London - East,43 : Specialised construction activities,43,43,11350
2023,Inner London - East,45 : Wholesale and retail trade and repair of motor vehicles and motorcycles,45,45,2815
2023,Inner London - East,"46 : Wholesale trade, except of motor vehicles and motorcycles",46,46,22245
2023,Inner London - East,"47 : Retail trade, except of motor vehicles and motorcycles",47,47,47115
2023,Inner London - East,49 : Land transport and transport via pipelines,49,49,23325
2023,Inner London - East,50 : Water transport,50,50,590
2023,Inner London - East,51 : Air transport,51,51,530
2023,Inner London - East,52 : Warehousing and support activities for transportation,52,52,10440
2023,Inner London - East,53 : Postal and courier activities,53,53,7650
2023,Inner London - East,55 : Accommodation,55,55,9790
2023,Inner London - East,56 : Food and beverage service activities,56,56,46300
2023,Inner London - East,58 : Publishing activities,58,58,18200
2023,Inner London - East,"59 : Motion picture, video and television programme production, sound recording and music publishing activities",59,59,12750
2023,Inner London - East,60 : Programming and broadcasting activities,60,60,650
2023,Inner London - East,61 : Telecommunications,61,61,16900
2023,Inner London - East,"62 : Computer programming, consultancy and related activities",62,62,71325
2023,Inner London - East,63 : Information service activities,63,63,16500
2023,Inner London - East,"64 : Financial service activities, except insurance and pension funding",64,64,73440
2023,Inner London - East,"65 : Insurance, reinsurance and pension funding, except compulsory social security",65,65,1245
2023,Inner London - East,66 : Activities auxiliary to financial services and insurance activities,66,66,29750
2023,Inner London - East,68 : Real estate activities,68,68,31250
2023,Inner London - East,69 : Legal and accounting activities,69,69,64425
2023,Inner London - East,70 : Activities of head offices; management consultancy activities,70,70,64500
2023,Inner London - East,71 : Architectural and engineering activities; technical testing and analysis,71,71,32800
2023,Inner London - East,72 : Scientific research and development,72,72,6400
2023,Inner London - East,73 : Advertising and market research,73,73,33000
2023,Inner London - East,"74 : Other professional, scientific and technical activities",74,74,13825
2023,Inner London - East,75 : Veterinary activities,75,75,1000
2023,Inner London - East,77 : Rental and leasing activities,77,77,3075
2023,Inner London - East,78 : Employment activities,78,78,30400
2023,Inner London - East,"79 : Travel agency, tour operator and other reservation service and related activities",79,79,5420
2023,Inner London - East,80 : Security and investigation activities,80,80,11550
2023,Inner London - East,81 : Services to buildings and landscape activities,81,81,22650
2023,Inner London - East,"82 : Office administrative, office support and other business support activities",82,82,29400
2023,Inner London - East,84 : Public administration and defence; compulsory social security,84,84,66900
2023,Inner London - East,85 : Education,85,85,65965
2023,Inner London - East,86 : Human health activities,86,86,77300
2023,Inner London - East,87 : Residential care activities,87,87,8300
2023,Inner London - East,88 : Social work activities without accommodation,88,88,36000
2023,Inner London - East,"90 : Creative, arts and entertainment activities",90,90,8000
2023,Inner London - East,"91 : Libraries, archives, museums and other cultural activities",91,91,2150
2023,Inner London - East,92 : Gambling and betting activities,92,92,2000
2023,Inner London - East,93 : Sports activities and amusement and recreation activities,93,93,7315
2023,Inner London - East,94 : Activities of membership organisations,94,94,15850
2023,Inner London - East,95 : Repair of computers and personal and household goods,95,95,1740
2023,Inner London - East,96 : Other personal service activities,96,96,9450
2023,Inner London - East,97 : Activities of households as employers of domestic personnel,97,97,0
2023,Inner London - East,98 : Undifferentiated goods- and services-producing activities of private households for own use,98,98,0
2023,Inner London - East,99 : Activities of extraterritorial organisations and bodies,99,99,0
2023,Inner London - West,"01 : Crop and animal production, hunting and related service activities",01,1,90
2023,Inner London - West,02 : Forestry and logging,02,2,175
2023,Inner London - West,03 : Fishing and aquaculture,03,3,15
2023,Inner London - West,05 : Mining of coal and lignite,05,5,0
2023,Inner London - West,06 : Extraction of crude petroleum and natural gas,06,6,1050
2023,Inner London - West,07 : Mining of metal ores,07,7,0
2023,Inner London - West,08 : Other mining and quarrying,08,8,135
2023,Inner London - West,09 : Mining support service activities,09,9,275
2023,Inner London - West,10 : Manufacture of food products,10,10,1655
2023,Inner London - West,11 : Manufacture of beverages,11,11,765
2023,Inner London - West,12 : Manufacture of tobacco products,12,12,0
2023,Inner London - West,13 : Manufacture of textiles,13,13,210
2023,Inner London - West,14 : Manufacture of wearing apparel,14,14,1195
2023,Inner London - West,15 : Manufacture of leather and related products,15,15,20
2023,Inner London - West,"16 : Manufacture of wood and of products of wood and cork, except furniture;manufacture of articles of straw and plaiting materials",16,16,290
2023,Inner London - West,17 : Manufacture of paper and paper products,17,17,95
2023,Inner London - West,18 : Printing and reproduction of recorded media,18,18,2530
2023,Inner London - West,19 : Manufacture of coke and refined petroleum products,19,19,10
2023,Inner London - West,20 : Manufacture of chemicals and chemical products,20,20,1500
2023,Inner London - West,21 : Manufacture of basic pharmaceutical products and pharmaceutical preparations,21,21,425
2023,Inner London - West,22 : Manufacture of rubber and plastic products,22,22,100
2023,Inner London - West,23 : Manufacture of other non-metallic mineral products,23,23,90
2023,Inner London - West,24 : Manufacture of basic metals,24,24,0
2023,Inner London - West,"25 : Manufacture of fabricated metal products, except machinery and equipment",25,25,1480
2023,Inner London - West,"26 : Manufacture of computer, electronic and optical products",26,26,1100
2023,Inner London - West,27 : Manufacture of electrical equipment,27,27,725
2023,Inner London - West,28 : Manufacture of machinery and equipment n.e.c.,28,28,340
2023,Inner London - West,"29 : Manufacture of motor vehicles, trailers and semi-trailers",29,29,145
2023,Inner London - West,30 : Manufacture of other transport equipment,30,30,205
2023,Inner London - West,31 : Manufacture of furniture,31,31,290
2023,Inner London - West,32 : Other manufacturing,32,32,1285
2023,Inner London - West,33 : Repair and installation of machinery and equipment,33,33,1775
2023,Inner London - West,"35 : Electricity, gas, steam and air conditioning supply",35,35,8715
2023,Inner London - West,"36 : Water collection, treatment and supply",36,36,100
2023,Inner London - West,37 : Sewerage,37,37,300
2023,Inner London - West,"38 : Waste collection, treatment and disposal activities; materials recovery",38,38,1005
2023,Inner London - West,"39 : Remediation activities and other waste management services. This division includes the provision of remediation services, i.e. the cleanup of contaminated buildings and sites, soil, surface or ground water.",39,39,300
2023,Inner London - West,41 : Construction of buildings,41,41,21000
2023,Inner London - West,42 : Civil engineering,42,42,6475
2023,Inner London - West,43 : Specialised construction activities,43,43,8145
2023,Inner London - West,45 : Wholesale and retail trade and repair of motor vehicles and motorcycles,45,45,3125
2023,Inner London - West,"46 : Wholesale trade, except of motor vehicles and motorcycles",46,46,40885
2023,Inner London - West,"47 : Retail trade, except of motor vehicles and motorcycles",47,47,71045
2023,Inner London - West,49 : Land transport and transport via pipelines,49,49,14245
2023,Inner London - West,50 : Water transport,50,50,880
2023,Inner London - West,51 : Air transport,51,51,880
2023,Inner London - West,52 : Warehousing and support activities for transportation,52,52,10240
2023,Inner London - West,53 : Postal and courier activities,53,53,2550
2023,Inner London - West,55 : Accommodation,55,55,33725
2023,Inner London - West,56 : Food and beverage service activities,56,56,76000
2023,Inner London - West,58 : Publishing activities,58,58,31025
2023,Inner London - West,"59 : Motion picture, video and television programme production, sound recording and music publishing activities",59,59,38350
2023,Inner London - West,60 : Programming and broadcasting activities,60,60,14000
2023,Inner London - West,61 : Telecommunications,61,61,15650
2023,Inner London - West,"62 : Computer programming, consultancy and related activities",62,62,132450
2023,Inner London - West,63 : Information service activities,63,63,24500
2023,Inner London - West,"64 : Financial service activities, except insurance and pension funding",64,64,106520
2023,Inner London - West,"65 : Insurance, reinsurance and pension funding, except compulsory social security",65,65,22100
2023,Inner London - West,66 : Activities auxiliary to financial services and insurance activities,66,66,152500
2023,Inner London - West,68 : Real estate activities,68,68,51950
2023,Inner London - West,69 : Legal and accounting activities,69,69,97900
2023,Inner London - West,70 : Activities of head offices; management consultancy activities,70,70,157000
2023,Inner London - West,71 : Architectural and engineering activities; technical testing and analysis,71,71,45500
2023,Inner London - West,72 : Scientific research and development,72,72,16000
2023,Inner London - West,73 : Advertising and market research,73,73,50000
2023,Inner London - West,"74 : Other professional, scientific and technical activities",74,74,19900
2023,Inner London - West,75 : Veterinary activities,75,75,700
2023,Inner London - West,77 : Rental and leasing activities,77,77,2325
2023,Inner London - West,78 : Employment activities,78,78,59725
2023,Inner London - West,"79 : Travel agency, tour operator and other reservation service and related activities",79,79,11330
2023,Inner London - West,80 : Security and investigation activities,80,80,7500
2023,Inner London - West,81 : Services to buildings and landscape activities,81,81,16065
2023,Inner London - West,"82 : Office administrative, office support and other business support activities",82,82,69025
2023,Inner London - West,84 : Public administration and defence; compulsory social security,84,84,91800
2023,Inner London - West,85 : Education,85,85,69590
2023,Inner London - West,86 : Human health activities,86,86,93300
2023,Inner London - West,87 : Residential care activities,87,87,7100
2023,Inner London - West,88 : Social work activities without accommodation,88,88,21250
2023,Inner London - West,"90 : Creative, arts and entertainment activities",90,90,13000
2023,Inner London - West,"91 : Libraries, archives, museums and other cultural activities",91,91,7900
2023,Inner London - West,92 : Gambling and betting activities,92,92,6000
2023,Inner London - West,93 : Sports activities and amusement and recreation activities,93,93,10600
2023,Inner London - West,94 : Activities of membership organisations,94,94,27850
2023,Inner London - West,95 : Repair of computers and personal and household goods,95,95,1785
2023,Inner London - West,96 : Other personal service activities,96,96,12500
2023,Inner London - West,97 : Activities of households as employers of domestic personnel,97,97,0
2023,Inner London - West,98 : Undifferentiated goods- and services-producing activities of private households for own use,98,98,0
2023,Inner London - West,99 : Activities of extraterritorial organisations and bodies,99,99,0
2023,Kent,"01 : Crop and animal production, hunting and related service activities",01,1,9455
2023,Kent,02 : Forestry and logging,02,2,185
2023,Kent,03 : Fishing and aquaculture,03,3,35
2023,Kent,05 : Mining of coal and lignite,05,5,0
2023,Kent,06 : Extraction of crude petroleum and natural gas,06,6,0
2023,Kent,07 : Mining of metal ores,07,7,0
2023,Kent,08 : Other mining and quarrying,08,8,245
2023,Kent,09 : Mining support service activities,09,9,10
2023,Kent,10 : Manufacture of food products,10,10,5160
2023,Kent,11 : Manufacture of beverages,11,11,435
2023,Kent,12 : Manufacture of tobacco products,12,12,0
2023,Kent,13 : Manufacture of textiles,13,13,335
2023,Kent,14 : Manufacture of wearing apparel,14,14,535
2023,Kent,15 : Manufacture of leather and related products,15,15,10
2023,Kent,"16 : Manufacture of wood and of products of wood and cork, except furniture;manufacture of articles of straw and plaiting materials",16,16,1115
2023,Kent,17 : Manufacture of paper and paper products,17,17,2225
2023,Kent,18 : Printing and reproduction of recorded media,18,18,1115
2023,Kent,19 : Manufacture of coke and refined petroleum products,19,19,200
2023,Kent,20 : Manufacture of chemicals and chemical products,20,20,2265
2023,Kent,21 : Manufacture of basic pharmaceutical products and pharmaceutical preparations,21,21,550
2023,Kent,22 : Manufacture of rubber and plastic products,22,22,2700
2023,Kent,23 : Manufacture of other non-metallic mineral products,23,23,2390
2023,Kent,24 : Manufacture of basic metals,24,24,810
2023,Kent,"25 : Manufacture of fabricated metal products, except machinery and equipment",25,25,5260
2023,Kent,"26 : Manufacture of computer, electronic and optical products",26,26,4560
2023,Kent,27 : Manufacture of electrical equipment,27,27,1455
2023,Kent,28 : Manufacture of machinery and equipment n.e.c.,28,28,2905
2023,Kent,"29 : Manufacture of motor vehicles, trailers and semi-trailers",29,29,975
2023,Kent,30 : Manufacture of other transport equipment,30,30,225
2023,Kent,31 : Manufacture of furniture,31,31,1375
2023,Kent,32 : Other manufacturing,32,32,1535
2023,Kent,33 : Repair and installation of machinery and equipment,33,33,3085
2023,Kent,"35 : Electricity, gas, steam and air conditioning supply",35,35,2335
2023,Kent,"36 : Water collection, treatment and supply",36,36,1250
2023,Kent,37 : Sewerage,37,37,450
2023,Kent,"38 : Waste collection, treatment and disposal activities; materials recovery",38,38,4205
2023,Kent,"39 : Remediation activities and other waste management services. This division includes the provision of remediation services, i.e. the cleanup of contaminated buildings and sites, soil, surface or ground water.",39,39,200
2023,Kent,41 : Construction of buildings,41,41,15000
2023,Kent,42 : Civil engineering,42,42,6155
2023,Kent,43 : Specialised construction activities,43,43,22500
2023,Kent,45 : Wholesale and retail trade and repair of motor vehicles and motorcycles,45,45,14275
2023,Kent,"46 : Wholesale trade, except of motor vehicles and motorcycles",46,46,25655
2023,Kent,"47 : Retail trade, except of motor vehicles and motorcycles",47,47,29435
2023,Kent,49 : Land transport and transport via pipelines,49,49,12000
2023,Kent,50 : Water transport,50,50,825
2023,Kent,51 : Air transport,51,51,75
2023,Kent,52 : Warehousing and support activities for transportation,52,52,18175
2023,Kent,53 : Postal and courier activities,53,53,5350
2023,Kent,55 : Accommodation,55,55,5185
2023,Kent,56 : Food and beverage service activities,56,56,21950
2023,Kent,58 : Publishing activities,58,58,995
2023,Kent,"59 : Motion picture, video and television programme production, sound recording and music publishing activities",59,59,1110
2023,Kent,60 : Programming and broadcasting activities,60,60,150
2023,Kent,61 : Telecommunications,61,61,2605
2023,Kent,"62 : Computer programming, consultancy and related activities",62,62,9585
2023,Kent,63 : Information service activities,63,63,655
2023,Kent,"64 : Financial service activities, except insurance and pension funding",64,64,4360
2023,Kent,"65 : Insurance, reinsurance and pension funding, except compulsory social security",65,65,1650
2023,Kent,66 : Activities auxiliary to financial services and insurance activities,66,66,7830
2023,Kent,68 : Real estate activities,68,68,8300
2023,Kent,69 : Legal and accounting activities,69,69,7590
2023,Kent,70 : Activities of head offices; management consultancy activities,70,70,9075
2023,Kent,71 : Architectural and engineering activities; technical testing and analysis,71,71,6350
2023,Kent,72 : Scientific research and development,72,72,2390
2023,Kent,73 : Advertising and market research,73,73,1625
2023,Kent,"74 : Other professional, scientific and technical activities",74,74,3080
2023,Kent,75 : Veterinary activities,75,75,1500
2023,Kent,77 : Rental and leasing activities,77,77,3760
2023,Kent,78 : Employment activities,78,78,13665
2023,Kent,"79 : Travel agency, tour operator and other reservation service and related activities",79,79,1455
2023,Kent,80 : Security and investigation activities,80,80,5650
2023,Kent,81 : Services to buildings and landscape activities,81,81,10275
2023,Kent,"82 : Office administrative, office support and other business support activities",82,82,7660
2023,Kent,84 : Public administration and defence; compulsory social security,84,84,25600
2023,Kent,85 : Education,85,85,41430
2023,Kent,86 : Human health activities,86,86,36750
2023,Kent,87 : Residential care activities,87,87,15000
2023,Kent,88 : Social work activities without accommodation,88,88,12500
2023,Kent,"90 : Creative, arts and entertainment activities",90,90,725
2023,Kent,"91 : Libraries, archives, museums and other cultural activities",91,91,1700
2023,Kent,92 : Gambling and betting activities,92,92,600
2023,Kent,93 : Sports activities and amusement and recreation activities,93,93,5815
2023,Kent,94 : Activities of membership organisations,94,94,2620
2023,Kent,95 : Repair of computers and personal and household goods,95,95,1750
2023,Kent,96 : Other personal service activities,96,96,5575
2023,Kent,97 : Activities of households as employers of domestic personnel,97,97,0
2023,Kent,98 : Undifferentiated goods- and services-producing activities of private households for own use,98,98,0
2023,Kent,99 : Activities of extraterritorial organisations and bodies,99,99,0
2023,Lancashire,"01 : Crop and animal production, hunting and related service activities",01,1,3715
2023,Lancashire,02 : Forestry and logging,02,2,270
2023,Lancashire,03 : Fishing and aquaculture,03,3,75
2023,Lancashire,05 : Mining of coal and lignite,05,5,0
2023,Lancashire,06 : Extraction of crude petroleum and natural gas,06,6,0
2023,Lancashire,07 : Mining of metal ores,07,7,0
2023,Lancashire,08 : Other mining and quarrying,08,8,425
2023,Lancashire,09 : Mining support service activities,09,9,0
2023,Lancashire,10 : Manufacture of food products,10,10,13090
2023,Lancashire,11 : Manufacture of beverages,11,11,830
2023,Lancashire,12 : Manufacture of tobacco products,12,12,0
2023,Lancashire,13 : Manufacture of textiles,13,13,2285
2023,Lancashire,14 : Manufacture of wearing apparel,14,14,235
2023,Lancashire,15 : Manufacture of leather and related products,15,15,500
2023,Lancashire,"16 : Manufacture of wood and of products of wood and cork, except furniture;manufacture of articles of straw and plaiting materials",16,16,1000
2023,Lancashire,17 : Manufacture of paper and paper products,17,17,2425
2023,Lancashire,18 : Printing and reproduction of recorded media,18,18,1555
2023,Lancashire,19 : Manufacture of coke and refined petroleum products,19,19,60
2023,Lancashire,20 : Manufacture of chemicals and chemical products,20,20,4395
2023,Lancashire,21 : Manufacture of basic pharmaceutical products and pharmaceutical preparations,21,21,620
2023,Lancashire,22 : Manufacture of rubber and plastic products,22,22,7250
2023,Lancashire,23 : Manufacture of other non-metallic mineral products,23,23,1395
2023,Lancashire,24 : Manufacture of basic metals,24,24,2465
2023,Lancashire,"25 : Manufacture of fabricated metal products, except machinery and equipment",25,25,8045
2023,Lancashire,"26 : Manufacture of computer, electronic and optical products",26,26,1855
2023,Lancashire,27 : Manufacture of electrical equipment,27,27,1025
2023,Lancashire,28 : Manufacture of machinery and equipment n.e.c.,28,28,2900
2023,Lancashire,"29 : Manufacture of motor vehicles, trailers and semi-trailers",29,29,3210
2023,Lancashire,30 : Manufacture of other transport equipment,30,30,13445
2023,Lancashire,31 : Manufacture of furniture,31,31,5600
2023,Lancashire,32 : Other manufacturing,32,32,2915
2023,Lancashire,33 : Repair and installation of machinery and equipment,33,33,2005
2023,Lancashire,"35 : Electricity, gas, steam and air conditioning supply",35,35,2255
2023,Lancashire,"36 : Water collection, treatment and supply",36,36,500
2023,Lancashire,37 : Sewerage,37,37,600
2023,Lancashire,"38 : Waste collection, treatment and disposal activities; materials recovery",38,38,2765
2023,Lancashire,"39 : Remediation activities and other waste management services. This division includes the provision of remediation services, i.e. the cleanup of contaminated buildings and sites, soil, surface or ground water.",39,39,75
2023,Lancashire,41 : Construction of buildings,41,41,6250
2023,Lancashire,42 : Civil engineering,42,42,5950
2023,Lancashire,43 : Specialised construction activities,43,43,19730
2023,Lancashire,45 : Wholesale and retail trade and repair of motor vehicles and motorcycles,45,45,11050
2023,Lancashire,"46 : Wholesale trade, except of motor vehicles and motorcycles",46,46,25850
2023,Lancashire,"47 : Retail trade, except of motor vehicles and motorcycles",47,47,27535
2023,Lancashire,49 : Land transport and transport via pipelines,49,49,8195
2023,Lancashire,50 : Water transport,50,50,65
2023,Lancashire,51 : Air transport,51,51,45
2023,Lancashire,52 : Warehousing and support activities for transportation,52,52,8245
2023,Lancashire,53 : Postal and courier activities,53,53,3150
2023,Lancashire,55 : Accommodation,55,55,5450
2023,Lancashire,56 : Food and beverage service activities,56,56,12200
2023,Lancashire,58 : Publishing activities,58,58,495
2023,Lancashire,"59 : Motion picture, video and television programme production, sound recording and music publishing activities",59,59,360
2023,Lancashire,60 : Programming and broadcasting activities,60,60,110
2023,Lancashire,61 : Telecommunications,61,61,3770
2023,Lancashire,"62 : Computer programming, consultancy and related activities",62,62,5925
2023,Lancashire,63 : Information service activities,63,63,265
2023,Lancashire,"64 : Financial service activities, except insurance and pension funding",64,64,2980
2023,Lancashire,"65 : Insurance, reinsurance and pension funding, except compulsory social security",65,65,130
2023,Lancashire,66 : Activities auxiliary to financial services and insurance activities,66,66,3430
2023,Lancashire,68 : Real estate activities,68,68,6935
2023,Lancashire,69 : Legal and accounting activities,69,69,13805
2023,Lancashire,70 : Activities of head offices; management consultancy activities,70,70,9500
2023,Lancashire,71 : Architectural and engineering activities; technical testing and analysis,71,71,5475
2023,Lancashire,72 : Scientific research and development,72,72,710
2023,Lancashire,73 : Advertising and market research,73,73,1025
2023,Lancashire,"74 : Other professional, scientific and technical activities",74,74,2365
2023,Lancashire,75 : Veterinary activities,75,75,1500
2023,Lancashire,77 : Rental and leasing activities,77,77,3765
2023,Lancashire,78 : Employment activities,78,78,8480
2023,Lancashire,"79 : Travel agency, tour operator and other reservation service and related activities",79,79,2115
2023,Lancashire,80 : Security and investigation activities,80,80,2290
2023,Lancashire,81 : Services to buildings and landscape activities,81,81,6610
2023,Lancashire,"82 : Office administrative, office support and other business support activities",82,82,7485
2023,Lancashire,84 : Public administration and defence; compulsory social security,84,84,28450
2023,Lancashire,85 : Education,85,85,34375
2023,Lancashire,86 : Human health activities,86,86,42000
2023,Lancashire,87 : Residential care activities,87,87,11300
2023,Lancashire,88 : Social work activities without accommodation,88,88,12000
2023,Lancashire,"90 : Creative, arts and entertainment activities",90,90,575
2023,Lancashire,"91 : Libraries, archives, museums and other cultural activities",91,91,515
2023,Lancashire,92 : Gambling and betting activities,92,92,1250
2023,Lancashire,93 : Sports activities and amusement and recreation activities,93,93,4355
2023,Lancashire,94 : Activities of membership organisations,94,94,1905
2023,Lancashire,95 : Repair of computers and personal and household goods,95,95,845
2023,Lancashire,96 : Other personal service activities,96,96,3750
2023,Lancashire,97 : Activities of households as employers of domestic personnel,97,97,0
2023,Lancashire,98 : Undifferentiated goods- and services-producing activities of private households for own use,98,98,0
2023,Lancashire,99 : Activities of extraterritorial organisations and bodies,99,99,0
2023,"Leicestershire, Rutland and Northamptonshire","01 : Crop and animal production, hunting and related service activities",01,1,2335
2023,"Leicestershire, Rutland and Northamptonshire",02 : Forestry and logging,02,2,205
2023,"Leicestershire, Rutland and Northamptonshire",03 : Fishing and aquaculture,03,3,30
2023,"Leicestershire, Rutland and Northamptonshire",05 : Mining of coal and lignite,05,5,0
2023,"Leicestershire, Rutland and Northamptonshire",06 : Extraction of crude petroleum and natural gas,06,6,0
2023,"Leicestershire, Rutland and Northamptonshire",07 : Mining of metal ores,07,7,0
2023,"Leicestershire, Rutland and Northamptonshire",08 : Other mining and quarrying,08,8,2375
2023,"Leicestershire, Rutland and Northamptonshire",09 : Mining support service activities,09,9,15
2023,"Leicestershire, Rutland and Northamptonshire",10 : Manufacture of food products,10,10,20990
2023,"Leicestershire, Rutland and Northamptonshire",11 : Manufacture of beverages,11,11,1125
2023,"Leicestershire, Rutland and Northamptonshire",12 : Manufacture of tobacco products,12,12,0
2023,"Leicestershire, Rutland and Northamptonshire",13 : Manufacture of textiles,13,13,2095
2023,"Leicestershire, Rutland and Northamptonshire",14 : Manufacture of wearing apparel,14,14,3545
2023,"Leicestershire, Rutland and Northamptonshire",15 : Manufacture of leather and related products,15,15,1055
2023,"Leicestershire, Rutland and Northamptonshire","16 : Manufacture of wood and of products of wood and cork, except furniture;manufacture of articles of straw and plaiting materials",16,16,4420
2023,"Leicestershire, Rutland and Northamptonshire",17 : Manufacture of paper and paper products,17,17,3840
2023,"Leicestershire, Rutland and Northamptonshire",18 : Printing and reproduction of recorded media,18,18,1795
2023,"Leicestershire, Rutland and Northamptonshire",19 : Manufacture of coke and refined petroleum products,19,19,0
2023,"Leicestershire, Rutland and Northamptonshire",20 : Manufacture of chemicals and chemical products,20,20,3600
2023,"Leicestershire, Rutland and Northamptonshire",21 : Manufacture of basic pharmaceutical products and pharmaceutical preparations,21,21,950
2023,"Leicestershire, Rutland and Northamptonshire",22 : Manufacture of rubber and plastic products,22,22,8200
2023,"Leicestershire, Rutland and Northamptonshire",23 : Manufacture of other non-metallic mineral products,23,23,3320
2023,"Leicestershire, Rutland and Northamptonshire",24 : Manufacture of basic metals,24,24,2405
2023,"Leicestershire, Rutland and Northamptonshire","25 : Manufacture of fabricated metal products, except machinery and equipment",25,25,7105
2023,"Leicestershire, Rutland and Northamptonshire","26 : Manufacture of computer, electronic and optical products",26,26,3260
2023,"Leicestershire, Rutland and Northamptonshire",27 : Manufacture of electrical equipment,27,27,3000
2023,"Leicestershire, Rutland and Northamptonshire",28 : Manufacture of machinery and equipment n.e.c.,28,28,7235
2023,"Leicestershire, Rutland and Northamptonshire","29 : Manufacture of motor vehicles, trailers and semi-trailers",29,29,3950
2023,"Leicestershire, Rutland and Northamptonshire",30 : Manufacture of other transport equipment,30,30,2225
2023,"Leicestershire, Rutland and Northamptonshire",31 : Manufacture of furniture,31,31,3125
2023,"Leicestershire, Rutland and Northamptonshire",32 : Other manufacturing,32,32,2310
2023,"Leicestershire, Rutland and Northamptonshire",33 : Repair and installation of machinery and equipment,33,33,2800
2023,"Leicestershire, Rutland and Northamptonshire","35 : Electricity, gas, steam and air conditioning supply",35,35,5050
2023,"Leicestershire, Rutland and Northamptonshire","36 : Water collection, treatment and supply",36,36,350
2023,"Leicestershire, Rutland and Northamptonshire",37 : Sewerage,37,37,400
2023,"Leicestershire, Rutland and Northamptonshire","38 : Waste collection, treatment and disposal activities; materials recovery",38,38,3555
2023,"Leicestershire, Rutland and Northamptonshire","39 : Remediation activities and other waste management services. This division includes the provision of remediation services, i.e. the cleanup of contaminated buildings and sites, soil, surface or ground water.",39,39,5
2023,"Leicestershire, Rutland and Northamptonshire",41 : Construction of buildings,41,41,11750
2023,"Leicestershire, Rutland and Northamptonshire",42 : Civil engineering,42,42,2480
2023,"Leicestershire, Rutland and Northamptonshire",43 : Specialised construction activities,43,43,15215
2023,"Leicestershire, Rutland and Northamptonshire",45 : Wholesale and retail trade and repair of motor vehicles and motorcycles,45,45,17300
2023,"Leicestershire, Rutland and Northamptonshire","46 : Wholesale trade, except of motor vehicles and motorcycles",46,46,43885
2023,"Leicestershire, Rutland and Northamptonshire","47 : Retail trade, except of motor vehicles and motorcycles",47,47,24775
2023,"Leicestershire, Rutland and Northamptonshire",49 : Land transport and transport via pipelines,49,49,16585
2023,"Leicestershire, Rutland and Northamptonshire",50 : Water transport,50,50,0
2023,"Leicestershire, Rutland and Northamptonshire",51 : Air transport,51,51,1000
2023,"Leicestershire, Rutland and Northamptonshire",52 : Warehousing and support activities for transportation,52,52,42135
2023,"Leicestershire, Rutland and Northamptonshire",53 : Postal and courier activities,53,53,13700
2023,"Leicestershire, Rutland and Northamptonshire",55 : Accommodation,55,55,2825
2023,"Leicestershire, Rutland and Northamptonshire",56 : Food and beverage service activities,56,56,15750
2023,"Leicestershire, Rutland and Northamptonshire",58 : Publishing activities,58,58,1925
2023,"Leicestershire, Rutland and Northamptonshire","59 : Motion picture, video and television programme production, sound recording and music publishing activities",59,59,530
2023,"Leicestershire, Rutland and Northamptonshire",60 : Programming and broadcasting activities,60,60,900
2023,"Leicestershire, Rutland and Northamptonshire",61 : Telecommunications,61,61,3125
2023,"Leicestershire, Rutland and Northamptonshire","62 : Computer programming, consultancy and related activities",62,62,10570
2023,"Leicestershire, Rutland and Northamptonshire",63 : Information service activities,63,63,480
2023,"Leicestershire, Rutland and Northamptonshire","64 : Financial service activities, except insurance and pension funding",64,64,8325
2023,"Leicestershire, Rutland and Northamptonshire","65 : Insurance, reinsurance and pension funding, except compulsory social security",65,65,55
2023,"Leicestershire, Rutland and Northamptonshire",66 : Activities auxiliary to financial services and insurance activities,66,66,5390
2023,"Leicestershire, Rutland and Northamptonshire",68 : Real estate activities,68,68,10640
2023,"Leicestershire, Rutland and Northamptonshire",69 : Legal and accounting activities,69,69,9365
2023,"Leicestershire, Rutland and Northamptonshire",70 : Activities of head offices; management consultancy activities,70,70,31625
2023,"Leicestershire, Rutland and Northamptonshire",71 : Architectural and engineering activities; technical testing and analysis,71,71,10450
2023,"Leicestershire, Rutland and Northamptonshire",72 : Scientific research and development,72,72,2330
2023,"Leicestershire, Rutland and Northamptonshire",73 : Advertising and market research,73,73,2850
2023,"Leicestershire, Rutland and Northamptonshire","74 : Other professional, scientific and technical activities",74,74,3240
2023,"Leicestershire, Rutland and Northamptonshire",75 : Veterinary activities,75,75,900
2023,"Leicestershire, Rutland and Northamptonshire",77 : Rental and leasing activities,77,77,3130
2023,"Leicestershire, Rutland and Northamptonshire",78 : Employment activities,78,78,18800
2023,"Leicestershire, Rutland and Northamptonshire","79 : Travel agency, tour operator and other reservation service and related activities",79,79,775
2023,"Leicestershire, Rutland and Northamptonshire",80 : Security and investigation activities,80,80,3705
2023,"Leicestershire, Rutland and Northamptonshire",81 : Services to buildings and landscape activities,81,81,6380
2023,"Leicestershire, Rutland and Northamptonshire","82 : Office administrative, office support and other business support activities",82,82,12620
2023,"Leicestershire, Rutland and Northamptonshire",84 : Public administration and defence; compulsory social security,84,84,24350
2023,"Leicestershire, Rutland and Northamptonshire",85 : Education,85,85,46395
2023,"Leicestershire, Rutland and Northamptonshire",86 : Human health activities,86,86,41950
2023,"Leicestershire, Rutland and Northamptonshire",87 : Residential care activities,87,87,13500
2023,"Leicestershire, Rutland and Northamptonshire",88 : Social work activities without accommodation,88,88,12500
2023,"Leicestershire, Rutland and Northamptonshire","90 : Creative, arts and entertainment activities",90,90,1225
2023,"Leicestershire, Rutland and Northamptonshire","91 : Libraries, archives, museums and other cultural activities",91,91,660
2023,"Leicestershire, Rutland and Northamptonshire",92 : Gambling and betting activities,92,92,1000
2023,"Leicestershire, Rutland and Northamptonshire",93 : Sports activities and amusement and recreation activities,93,93,6550
2023,"Leicestershire, Rutland and Northamptonshire",94 : Activities of membership organisations,94,94,3135
2023,"Leicestershire, Rutland and Northamptonshire",95 : Repair of computers and personal and household goods,95,95,540
2023,"Leicestershire, Rutland and Northamptonshire",96 : Other personal service activities,96,96,3000
2023,"Leicestershire, Rutland and Northamptonshire",97 : Activities of households as employers of domestic personnel,97,97,0
2023,"Leicestershire, Rutland and Northamptonshire",98 : Undifferentiated goods- and services-producing activities of private households for own use,98,98,0
2023,"Leicestershire, Rutland and Northamptonshire",99 : Activities of extraterritorial organisations and bodies,99,99,0
2023,Lincolnshire,"01 : Crop and animal production, hunting and related service activities",01,1,6930
2023,Lincolnshire,02 : Forestry and logging,02,2,100
2023,Lincolnshire,03 : Fishing and aquaculture,03,3,10
2023,Lincolnshire,05 : Mining of coal and lignite,05,5,0
2023,Lincolnshire,06 : Extraction of crude petroleum and natural gas,06,6,40
2023,Lincolnshire,07 : Mining of metal ores,07,7,0
2023,Lincolnshire,08 : Other mining and quarrying,08,8,305
2023,Lincolnshire,09 : Mining support service activities,09,9,10
2023,Lincolnshire,10 : Manufacture of food products,10,10,13400
2023,Lincolnshire,11 : Manufacture of beverages,11,11,75
2023,Lincolnshire,12 : Manufacture of tobacco products,12,12,0
2023,Lincolnshire,13 : Manufacture of textiles,13,13,490
2023,Lincolnshire,14 : Manufacture of wearing apparel,14,14,30
2023,Lincolnshire,15 : Manufacture of leather and related products,15,15,20
2023,Lincolnshire,"16 : Manufacture of wood and of products of wood and cork, except furniture;manufacture of articles of straw and plaiting materials",16,16,1585
2023,Lincolnshire,17 : Manufacture of paper and paper products,17,17,1230
2023,Lincolnshire,18 : Printing and reproduction of recorded media,18,18,975
2023,Lincolnshire,19 : Manufacture of coke and refined petroleum products,19,19,10
2023,Lincolnshire,20 : Manufacture of chemicals and chemical products,20,20,545
2023,Lincolnshire,21 : Manufacture of basic pharmaceutical products and pharmaceutical preparations,21,21,350
2023,Lincolnshire,22 : Manufacture of rubber and plastic products,22,22,2250
2023,Lincolnshire,23 : Manufacture of other non-metallic mineral products,23,23,430
2023,Lincolnshire,24 : Manufacture of basic metals,24,24,195
2023,Lincolnshire,"25 : Manufacture of fabricated metal products, except machinery and equipment",25,25,2140
2023,Lincolnshire,"26 : Manufacture of computer, electronic and optical products",26,26,555
2023,Lincolnshire,27 : Manufacture of electrical equipment,27,27,600
2023,Lincolnshire,28 : Manufacture of machinery and equipment n.e.c.,28,28,2345
2023,Lincolnshire,"29 : Manufacture of motor vehicles, trailers and semi-trailers",29,29,1530
2023,Lincolnshire,30 : Manufacture of other transport equipment,30,30,975
2023,Lincolnshire,31 : Manufacture of furniture,31,31,305
2023,Lincolnshire,32 : Other manufacturing,32,32,665
2023,Lincolnshire,33 : Repair and installation of machinery and equipment,33,33,1085
2023,Lincolnshire,"35 : Electricity, gas, steam and air conditioning supply",35,35,550
2023,Lincolnshire,"36 : Water collection, treatment and supply",36,36,1000
2023,Lincolnshire,37 : Sewerage,37,37,350
2023,Lincolnshire,"38 : Waste collection, treatment and disposal activities; materials recovery",38,38,1750
2023,Lincolnshire,"39 : Remediation activities and other waste management services. This division includes the provision of remediation services, i.e. the cleanup of contaminated buildings and sites, soil, surface or ground water.",39,39,10
2023,Lincolnshire,41 : Construction of buildings,41,41,4200
2023,Lincolnshire,42 : Civil engineering,42,42,1680
2023,Lincolnshire,43 : Specialised construction activities,43,43,6200
2023,Lincolnshire,45 : Wholesale and retail trade and repair of motor vehicles and motorcycles,45,45,6000
2023,Lincolnshire,"46 : Wholesale trade, except of motor vehicles and motorcycles",46,46,13870
2023,Lincolnshire,"47 : Retail trade, except of motor vehicles and motorcycles",47,47,9795
2023,Lincolnshire,49 : Land transport and transport via pipelines,49,49,6750
2023,Lincolnshire,50 : Water transport,50,50,0
2023,Lincolnshire,51 : Air transport,51,51,5
2023,Lincolnshire,52 : Warehousing and support activities for transportation,52,52,2370
2023,Lincolnshire,53 : Postal and courier activities,53,53,1625
2023,Lincolnshire,55 : Accommodation,55,55,4855
2023,Lincolnshire,56 : Food and beverage service activities,56,56,5725
2023,Lincolnshire,58 : Publishing activities,58,58,1505
2023,Lincolnshire,"59 : Motion picture, video and television programme production, sound recording and music publishing activities",59,59,195
2023,Lincolnshire,60 : Programming and broadcasting activities,60,60,375
2023,Lincolnshire,61 : Telecommunications,61,61,840
2023,Lincolnshire,"62 : Computer programming, consultancy and related activities",62,62,2430
2023,Lincolnshire,63 : Information service activities,63,63,55
2023,Lincolnshire,"64 : Financial service activities, except insurance and pension funding",64,64,630
2023,Lincolnshire,"65 : Insurance, reinsurance and pension funding, except compulsory social security",65,65,5
2023,Lincolnshire,66 : Activities auxiliary to financial services and insurance activities,66,66,730
2023,Lincolnshire,68 : Real estate activities,68,68,2840
2023,Lincolnshire,69 : Legal and accounting activities,69,69,3225
2023,Lincolnshire,70 : Activities of head offices; management consultancy activities,70,70,3550
2023,Lincolnshire,71 : Architectural and engineering activities; technical testing and analysis,71,71,2240
2023,Lincolnshire,72 : Scientific research and development,72,72,235
2023,Lincolnshire,73 : Advertising and market research,73,73,625
2023,Lincolnshire,"74 : Other professional, scientific and technical activities",74,74,1080
2023,Lincolnshire,75 : Veterinary activities,75,75,600
2023,Lincolnshire,77 : Rental and leasing activities,77,77,1125
2023,Lincolnshire,78 : Employment activities,78,78,4800
2023,Lincolnshire,"79 : Travel agency, tour operator and other reservation service and related activities",79,79,195
2023,Lincolnshire,80 : Security and investigation activities,80,80,285
2023,Lincolnshire,81 : Services to buildings and landscape activities,81,81,2250
2023,Lincolnshire,"82 : Office administrative, office support and other business support activities",82,82,3715
2023,Lincolnshire,84 : Public administration and defence; compulsory social security,84,84,8775
2023,Lincolnshire,85 : Education,85,85,15520
2023,Lincolnshire,86 : Human health activities,86,86,15575
2023,Lincolnshire,87 : Residential care activities,87,87,6300
2023,Lincolnshire,88 : Social work activities without accommodation,88,88,5250
2023,Lincolnshire,"90 : Creative, arts and entertainment activities",90,90,335
2023,Lincolnshire,"91 : Libraries, archives, museums and other cultural activities",91,91,465
2023,Lincolnshire,92 : Gambling and betting activities,92,92,700
2023,Lincolnshire,93 : Sports activities and amusement and recreation activities,93,93,1755
2023,Lincolnshire,94 : Activities of membership organisations,94,94,965
2023,Lincolnshire,95 : Repair of computers and personal and household goods,95,95,355
2023,Lincolnshire,96 : Other personal service activities,96,96,1475
2023,Lincolnshire,97 : Activities of households as employers of domestic personnel,97,97,0
2023,Lincolnshire,98 : Undifferentiated goods- and services-producing activities of private households for own use,98,98,0
2023,Lincolnshire,99 : Activities of extraterritorial organisations and bodies,99,99,0
2023,Merseyside,"01 : Crop and animal production, hunting and related service activities",01,1,550
2023,Merseyside,02 : Forestry and logging,02,2,75
2023,Merseyside,03 : Fishing and aquaculture,03,3,15
2023,Merseyside,05 : Mining of coal and lignite,05,5,0
2023,Merseyside,06 : Extraction of crude petroleum and natural gas,06,6,0
2023,Merseyside,07 : Mining of metal ores,07,7,0
2023,Merseyside,08 : Other mining and quarrying,08,8,120
2023,Merseyside,09 : Mining support service activities,09,9,300
2023,Merseyside,10 : Manufacture of food products,10,10,6670
2023,Merseyside,11 : Manufacture of beverages,11,11,95
2023,Merseyside,12 : Manufacture of tobacco products,12,12,0
2023,Merseyside,13 : Manufacture of textiles,13,13,525
2023,Merseyside,14 : Manufacture of wearing apparel,14,14,105
2023,Merseyside,15 : Manufacture of leather and related products,15,15,10
2023,Merseyside,"16 : Manufacture of wood and of products of wood and cork, except furniture;manufacture of articles of straw and plaiting materials",16,16,750
2023,Merseyside,17 : Manufacture of paper and paper products,17,17,440
2023,Merseyside,18 : Printing and reproduction of recorded media,18,18,775
2023,Merseyside,19 : Manufacture of coke and refined petroleum products,19,19,375
2023,Merseyside,20 : Manufacture of chemicals and chemical products,20,20,4405
2023,Merseyside,21 : Manufacture of basic pharmaceutical products and pharmaceutical preparations,21,21,2650
2023,Merseyside,22 : Manufacture of rubber and plastic products,22,22,2695
2023,Merseyside,23 : Manufacture of other non-metallic mineral products,23,23,2755
2023,Merseyside,24 : Manufacture of basic metals,24,24,1275
2023,Merseyside,"25 : Manufacture of fabricated metal products, except machinery and equipment",25,25,4000
2023,Merseyside,"26 : Manufacture of computer, electronic and optical products",26,26,1275
2023,Merseyside,27 : Manufacture of electrical equipment,27,27,1050
2023,Merseyside,28 : Manufacture of machinery and equipment n.e.c.,28,28,1310
2023,Merseyside,"29 : Manufacture of motor vehicles, trailers and semi-trailers",29,29,4365
2023,Merseyside,30 : Manufacture of other transport equipment,30,30,2650
2023,Merseyside,31 : Manufacture of furniture,31,31,1540
2023,Merseyside,32 : Other manufacturing,32,32,1585
2023,Merseyside,33 : Repair and installation of machinery and equipment,33,33,2145
2023,Merseyside,"35 : Electricity, gas, steam and air conditioning supply",35,35,680
2023,Merseyside,"36 : Water collection, treatment and supply",36,36,600
2023,Merseyside,37 : Sewerage,37,37,450
2023,Merseyside,"38 : Waste collection, treatment and disposal activities; materials recovery",38,38,3325
2023,Merseyside,"39 : Remediation activities and other waste management services. This division includes the provision of remediation services, i.e. the cleanup of contaminated buildings and sites, soil, surface or ground water.",39,39,125
2023,Merseyside,41 : Construction of buildings,41,41,6750
2023,Merseyside,42 : Civil engineering,42,42,3170
2023,Merseyside,43 : Specialised construction activities,43,43,16565
2023,Merseyside,45 : Wholesale and retail trade and repair of motor vehicles and motorcycles,45,45,6400
2023,Merseyside,"46 : Wholesale trade, except of motor vehicles and motorcycles",46,46,17230
2023,Merseyside,"47 : Retail trade, except of motor vehicles and motorcycles",47,47,24040
2023,Merseyside,49 : Land transport and transport via pipelines,49,49,8425
2023,Merseyside,50 : Water transport,50,50,385
2023,Merseyside,51 : Air transport,51,51,665
2023,Merseyside,52 : Warehousing and support activities for transportation,52,52,18445
2023,Merseyside,53 : Postal and courier activities,53,53,3035
2023,Merseyside,55 : Accommodation,55,55,3290
2023,Merseyside,56 : Food and beverage service activities,56,56,14200
2023,Merseyside,58 : Publishing activities,58,58,2550
2023,Merseyside,"59 : Motion picture, video and television programme production, sound recording and music publishing activities",59,59,1140
2023,Merseyside,60 : Programming and broadcasting activities,60,60,135
2023,Merseyside,61 : Telecommunications,61,61,3800
2023,Merseyside,"62 : Computer programming, consultancy and related activities",62,62,5715
2023,Merseyside,63 : Information service activities,63,63,755
2023,Merseyside,"64 : Financial service activities, except insurance and pension funding",64,64,5540
2023,Merseyside,"65 : Insurance, reinsurance and pension funding, except compulsory social security",65,65,660
2023,Merseyside,66 : Activities auxiliary to financial services and insurance activities,66,66,6360
2023,Merseyside,68 : Real estate activities,68,68,8500
2023,Merseyside,69 : Legal and accounting activities,69,69,13475
2023,Merseyside,70 : Activities of head offices; management consultancy activities,70,70,10300
2023,Merseyside,71 : Architectural and engineering activities; technical testing and analysis,71,71,5600
2023,Merseyside,72 : Scientific research and development,72,72,3080
2023,Merseyside,73 : Advertising and market research,73,73,875
2023,Merseyside,"74 : Other professional, scientific and technical activities",74,74,2360
2023,Merseyside,75 : Veterinary activities,75,75,1000
2023,Merseyside,77 : Rental and leasing activities,77,77,2975
2023,Merseyside,78 : Employment activities,78,78,13750
2023,Merseyside,"79 : Travel agency, tour operator and other reservation service and related activities",79,79,585
2023,Merseyside,80 : Security and investigation activities,80,80,5380
2023,Merseyside,81 : Services to buildings and landscape activities,81,81,7150
2023,Merseyside,"82 : Office administrative, office support and other business support activities",82,82,7105
2023,Merseyside,84 : Public administration and defence; compulsory social security,84,84,36600
2023,Merseyside,85 : Education,85,85,36665
2023,Merseyside,86 : Human health activities,86,86,54400
2023,Merseyside,87 : Residential care activities,87,87,10600
2023,Merseyside,88 : Social work activities without accommodation,88,88,14000
2023,Merseyside,"90 : Creative, arts and entertainment activities",90,90,1225
2023,Merseyside,"91 : Libraries, archives, museums and other cultural activities",91,91,910
2023,Merseyside,92 : Gambling and betting activities,92,92,1250
2023,Merseyside,93 : Sports activities and amusement and recreation activities,93,93,4100
2023,Merseyside,94 : Activities of membership organisations,94,94,4025
2023,Merseyside,95 : Repair of computers and personal and household goods,95,95,830
2023,Merseyside,96 : Other personal service activities,96,96,3775
2023,Merseyside,97 : Activities of households as employers of domestic personnel,97,97,0
2023,Merseyside,98 : Undifferentiated goods- and services-producing activities of private households for own use,98,98,0
2023,Merseyside,99 : Activities of extraterritorial organisations and bodies,99,99,0
2023,North Eastern Scotland,"01 : Crop and animal production, hunting and related service activities",01,1,2400
2023,North Eastern Scotland,02 : Forestry and logging,02,2,425
2023,North Eastern Scotland,03 : Fishing and aquaculture,03,3,1540
2023,North Eastern Scotland,05 : Mining of coal and lignite,05,5,0
2023,North Eastern Scotland,06 : Extraction of crude petroleum and natural gas,06,6,9005
2023,North Eastern Scotland,07 : Mining of metal ores,07,7,0
2023,North Eastern Scotland,08 : Other mining and quarrying,08,8,380
2023,North Eastern Scotland,09 : Mining support service activities,09,9,13000
2023,North Eastern Scotland,10 : Manufacture of food products,10,10,4290
2023,North Eastern Scotland,11 : Manufacture of beverages,11,11,605
2023,North Eastern Scotland,12 : Manufacture of tobacco products,12,12,0
2023,North Eastern Scotland,13 : Manufacture of textiles,13,13,115
2023,North Eastern Scotland,14 : Manufacture of wearing apparel,14,14,80
2023,North Eastern Scotland,15 : Manufacture of leather and related products,15,15,20
2023,North Eastern Scotland,"16 : Manufacture of wood and of products of wood and cork, except furniture;manufacture of articles of straw and plaiting materials",16,16,775
2023,North Eastern Scotland,17 : Manufacture of paper and paper products,17,17,10
2023,North Eastern Scotland,18 : Printing and reproduction of recorded media,18,18,125
2023,North Eastern Scotland,19 : Manufacture of coke and refined petroleum products,19,19,125
2023,North Eastern Scotland,20 : Manufacture of chemicals and chemical products,20,20,730
2023,North Eastern Scotland,21 : Manufacture of basic pharmaceutical products and pharmaceutical preparations,21,21,0
2023,North Eastern Scotland,22 : Manufacture of rubber and plastic products,22,22,845
2023,North Eastern Scotland,23 : Manufacture of other non-metallic mineral products,23,23,120
2023,North Eastern Scotland,24 : Manufacture of basic metals,24,24,470
2023,North Eastern Scotland,"25 : Manufacture of fabricated metal products, except machinery and equipment",25,25,2530
2023,North Eastern Scotland,"26 : Manufacture of computer, electronic and optical products",26,26,675
2023,North Eastern Scotland,27 : Manufacture of electrical equipment,27,27,385
2023,North Eastern Scotland,28 : Manufacture of machinery and equipment n.e.c.,28,28,1895
2023,North Eastern Scotland,"29 : Manufacture of motor vehicles, trailers and semi-trailers",29,29,740
2023,North Eastern Scotland,30 : Manufacture of other transport equipment,30,30,815
2023,North Eastern Scotland,31 : Manufacture of furniture,31,31,85
2023,North Eastern Scotland,32 : Other manufacturing,32,32,140
2023,North Eastern Scotland,33 : Repair and installation of machinery and equipment,33,33,3055
2023,North Eastern Scotland,"35 : Electricity, gas, steam and air conditioning supply",35,35,850
2023,North Eastern Scotland,"36 : Water collection, treatment and supply",36,36,150
2023,North Eastern Scotland,37 : Sewerage,37,37,175
2023,North Eastern Scotland,"38 : Waste collection, treatment and disposal activities; materials recovery",38,38,700
2023,North Eastern Scotland,"39 : Remediation activities and other waste management services. This division includes the provision of remediation services, i.e. the cleanup of contaminated buildings and sites, soil, surface or ground water.",39,39,20
2023,North Eastern Scotland,41 : Construction of buildings,41,41,2600
2023,North Eastern Scotland,42 : Civil engineering,42,42,2620
2023,North Eastern Scotland,43 : Specialised construction activities,43,43,6035
2023,North Eastern Scotland,45 : Wholesale and retail trade and repair of motor vehicles and motorcycles,45,45,3240
2023,North Eastern Scotland,"46 : Wholesale trade, except of motor vehicles and motorcycles",46,46,7315
2023,North Eastern Scotland,"47 : Retail trade, except of motor vehicles and motorcycles",47,47,7550
2023,North Eastern Scotland,49 : Land transport and transport via pipelines,49,49,3455
2023,North Eastern Scotland,50 : Water transport,50,50,265
2023,North Eastern Scotland,51 : Air transport,51,51,450
2023,North Eastern Scotland,52 : Warehousing and support activities for transportation,52,52,4535
2023,North Eastern Scotland,53 : Postal and courier activities,53,53,1800
2023,North Eastern Scotland,55 : Accommodation,55,55,2160
2023,North Eastern Scotland,56 : Food and beverage service activities,56,56,6475
2023,North Eastern Scotland,58 : Publishing activities,58,58,220
2023,North Eastern Scotland,"59 : Motion picture, video and television programme production, sound recording and music publishing activities",59,59,65
2023,North Eastern Scotland,60 : Programming and broadcasting activities,60,60,175
2023,North Eastern Scotland,61 : Telecommunications,61,61,1100
2023,North Eastern Scotland,"62 : Computer programming, consultancy and related activities",62,62,2360
2023,North Eastern Scotland,63 : Information service activities,63,63,95
2023,North Eastern Scotland,"64 : Financial service activities, except insurance and pension funding",64,64,500
2023,North Eastern Scotland,"65 : Insurance, reinsurance and pension funding, except compulsory social security",65,65,0
2023,North Eastern Scotland,66 : Activities auxiliary to financial services and insurance activities,66,66,835
2023,North Eastern Scotland,68 : Real estate activities,68,68,1500
2023,North Eastern Scotland,69 : Legal and accounting activities,69,69,3035
2023,North Eastern Scotland,70 : Activities of head offices; management consultancy activities,70,70,3950
2023,North Eastern Scotland,71 : Architectural and engineering activities; technical testing and analysis,71,71,14030
2023,North Eastern Scotland,72 : Scientific research and development,72,72,1675
2023,North Eastern Scotland,73 : Advertising and market research,73,73,170
2023,North Eastern Scotland,"74 : Other professional, scientific and technical activities",74,74,1095
2023,North Eastern Scotland,75 : Veterinary activities,75,75,400
2023,North Eastern Scotland,77 : Rental and leasing activities,77,77,2990
2023,North Eastern Scotland,78 : Employment activities,78,78,3540
2023,North Eastern Scotland,"79 : Travel agency, tour operator and other reservation service and related activities",79,79,270
2023,North Eastern Scotland,80 : Security and investigation activities,80,80,610
2023,North Eastern Scotland,81 : Services to buildings and landscape activities,81,81,2730
2023,North Eastern Scotland,"82 : Office administrative, office support and other business support activities",82,82,1905
2023,North Eastern Scotland,84 : Public administration and defence; compulsory social security,84,84,7945
2023,North Eastern Scotland,85 : Education,85,85,9995
2023,North Eastern Scotland,86 : Human health activities,86,86,9475
2023,North Eastern Scotland,87 : Residential care activities,87,87,2745
2023,North Eastern Scotland,88 : Social work activities without accommodation,88,88,3900
2023,North Eastern Scotland,"90 : Creative, arts and entertainment activities",90,90,135
2023,North Eastern Scotland,"91 : Libraries, archives, museums and other cultural activities",91,91,460
2023,North Eastern Scotland,92 : Gambling and betting activities,92,92,225
2023,North Eastern Scotland,93 : Sports activities and amusement and recreation activities,93,93,1425
2023,North Eastern Scotland,94 : Activities of membership organisations,94,94,835
2023,North Eastern Scotland,95 : Repair of computers and personal and household goods,95,95,135
2023,North Eastern Scotland,96 : Other personal service activities,96,96,1245
2023,North Eastern Scotland,97 : Activities of households as employers of domestic personnel,97,97,0
2023,North Eastern Scotland,98 : Undifferentiated goods- and services-producing activities of private households for own use,98,98,0
2023,North Eastern Scotland,99 : Activities of extraterritorial organisations and bodies,99,99,0
2023,North Yorkshire,"01 : Crop and animal production, hunting and related service activities",01,1,4405
2023,North Yorkshire,02 : Forestry and logging,02,2,225
2023,North Yorkshire,03 : Fishing and aquaculture,03,3,80
2023,North Yorkshire,05 : Mining of coal and lignite,05,5,0
2023,North Yorkshire,06 : Extraction of crude petroleum and natural gas,06,6,0
2023,North Yorkshire,07 : Mining of metal ores,07,7,0
2023,North Yorkshire,08 : Other mining and quarrying,08,8,535
2023,North Yorkshire,09 : Mining support service activities,09,9,15
2023,North Yorkshire,10 : Manufacture of food products,10,10,13875
2023,North Yorkshire,11 : Manufacture of beverages,11,11,1830
2023,North Yorkshire,12 : Manufacture of tobacco products,12,12,0
2023,North Yorkshire,13 : Manufacture of textiles,13,13,255
2023,North Yorkshire,14 : Manufacture of wearing apparel,14,14,45
2023,North Yorkshire,15 : Manufacture of leather and related products,15,15,20
2023,North Yorkshire,"16 : Manufacture of wood and of products of wood and cork, except furniture;manufacture of articles of straw and plaiting materials",16,16,750
2023,North Yorkshire,17 : Manufacture of paper and paper products,17,17,425
2023,North Yorkshire,18 : Printing and reproduction of recorded media,18,18,475
2023,North Yorkshire,19 : Manufacture of coke and refined petroleum products,19,19,50
2023,North Yorkshire,20 : Manufacture of chemicals and chemical products,20,20,655
2023,North Yorkshire,21 : Manufacture of basic pharmaceutical products and pharmaceutical preparations,21,21,320
2023,North Yorkshire,22 : Manufacture of rubber and plastic products,22,22,1550
2023,North Yorkshire,23 : Manufacture of other non-metallic mineral products,23,23,1190
2023,North Yorkshire,24 : Manufacture of basic metals,24,24,550
2023,North Yorkshire,"25 : Manufacture of fabricated metal products, except machinery and equipment",25,25,3720
2023,North Yorkshire,"26 : Manufacture of computer, electronic and optical products",26,26,1115
2023,North Yorkshire,27 : Manufacture of electrical equipment,27,27,1645
2023,North Yorkshire,28 : Manufacture of machinery and equipment n.e.c.,28,28,1580
2023,North Yorkshire,"29 : Manufacture of motor vehicles, trailers and semi-trailers",29,29,1450
2023,North Yorkshire,30 : Manufacture of other transport equipment,30,30,320
2023,North Yorkshire,31 : Manufacture of furniture,31,31,670
2023,North Yorkshire,32 : Other manufacturing,32,32,945
2023,North Yorkshire,33 : Repair and installation of machinery and equipment,33,33,815
2023,North Yorkshire,"35 : Electricity, gas, steam and air conditioning supply",35,35,1570
2023,North Yorkshire,"36 : Water collection, treatment and supply",36,36,250
2023,North Yorkshire,37 : Sewerage,37,37,75
2023,North Yorkshire,"38 : Waste collection, treatment and disposal activities; materials recovery",38,38,1100
2023,North Yorkshire,"39 : Remediation activities and other waste management services. This division includes the provision of remediation services, i.e. the cleanup of contaminated buildings and sites, soil, surface or ground water.",39,39,75
2023,North Yorkshire,41 : Construction of buildings,41,41,5250
2023,North Yorkshire,42 : Civil engineering,42,42,3145
2023,North Yorkshire,43 : Specialised construction activities,43,43,7850
2023,North Yorkshire,45 : Wholesale and retail trade and repair of motor vehicles and motorcycles,45,45,6750
2023,North Yorkshire,"46 : Wholesale trade, except of motor vehicles and motorcycles",46,46,10780
2023,North Yorkshire,"47 : Retail trade, except of motor vehicles and motorcycles",47,47,15185
2023,North Yorkshire,49 : Land transport and transport via pipelines,49,49,7950
2023,North Yorkshire,50 : Water transport,50,50,10
2023,North Yorkshire,51 : Air transport,51,51,0
2023,North Yorkshire,52 : Warehousing and support activities for transportation,52,52,4550
2023,North Yorkshire,53 : Postal and courier activities,53,53,1430
2023,North Yorkshire,55 : Accommodation,55,55,7300
2023,North Yorkshire,56 : Food and beverage service activities,56,56,11300
2023,North Yorkshire,58 : Publishing activities,58,58,105
2023,North Yorkshire,"59 : Motion picture, video and television programme production, sound recording and music publishing activities",59,59,295
2023,North Yorkshire,60 : Programming and broadcasting activities,60,60,90
2023,North Yorkshire,61 : Telecommunications,61,61,1050
2023,North Yorkshire,"62 : Computer programming, consultancy and related activities",62,62,5490
2023,North Yorkshire,63 : Information service activities,63,63,150
2023,North Yorkshire,"64 : Financial service activities, except insurance and pension funding",64,64,2735
2023,North Yorkshire,"65 : Insurance, reinsurance and pension funding, except compulsory social security",65,65,2000
2023,North Yorkshire,66 : Activities auxiliary to financial services and insurance activities,66,66,3725
2023,North Yorkshire,68 : Real estate activities,68,68,4600
2023,North Yorkshire,69 : Legal and accounting activities,69,69,6155
2023,North Yorkshire,70 : Activities of head offices; management consultancy activities,70,70,8325
2023,North Yorkshire,71 : Architectural and engineering activities; technical testing and analysis,71,71,5550
2023,North Yorkshire,72 : Scientific research and development,72,72,3280
2023,North Yorkshire,73 : Advertising and market research,73,73,1225
2023,North Yorkshire,"74 : Other professional, scientific and technical activities",74,74,1395
2023,North Yorkshire,75 : Veterinary activities,75,75,800
2023,North Yorkshire,77 : Rental and leasing activities,77,77,1280
2023,North Yorkshire,78 : Employment activities,78,78,6110
2023,North Yorkshire,"79 : Travel agency, tour operator and other reservation service and related activities",79,79,575
2023,North Yorkshire,80 : Security and investigation activities,80,80,905
2023,North Yorkshire,81 : Services to buildings and landscape activities,81,81,4985
2023,North Yorkshire,"82 : Office administrative, office support and other business support activities",82,82,3295
2023,North Yorkshire,84 : Public administration and defence; compulsory social security,84,84,16250
2023,North Yorkshire,85 : Education,85,85,19885
2023,North Yorkshire,86 : Human health activities,86,86,15075
2023,North Yorkshire,87 : Residential care activities,87,87,5250
2023,North Yorkshire,88 : Social work activities without accommodation,88,88,6500
2023,North Yorkshire,"90 : Creative, arts and entertainment activities",90,90,585
2023,North Yorkshire,"91 : Libraries, archives, museums and other cultural activities",91,91,1375
2023,North Yorkshire,92 : Gambling and betting activities,92,92,350
2023,North Yorkshire,93 : Sports activities and amusement and recreation activities,93,93,2575
2023,North Yorkshire,94 : Activities of membership organisations,94,94,1135
2023,North Yorkshire,95 : Repair of computers and personal and household goods,95,95,605
2023,North Yorkshire,96 : Other personal service activities,96,96,1700
2023,North Yorkshire,97 : Activities of households as employers of domestic personnel,97,97,0
2023,North Yorkshire,98 : Undifferentiated goods- and services-producing activities of private households for own use,98,98,0
2023,North Yorkshire,99 : Activities of extraterritorial organisations and bodies,99,99,0
2023,"Northumberland, and Tyne and Wear","01 : Crop and animal production, hunting and related service activities",01,1,1630
2023,"Northumberland, and Tyne and Wear",02 : Forestry and logging,02,2,285
2023,"Northumberland, and Tyne and Wear",03 : Fishing and aquaculture,03,3,75
2023,"Northumberland, and Tyne and Wear",05 : Mining of coal and lignite,05,5,0
2023,"Northumberland, and Tyne and Wear",06 : Extraction of crude petroleum and natural gas,06,6,0
2023,"Northumberland, and Tyne and Wear",07 : Mining of metal ores,07,7,0
2023,"Northumberland, and Tyne and Wear",08 : Other mining and quarrying,08,8,140
2023,"Northumberland, and Tyne and Wear",09 : Mining support service activities,09,9,10
2023,"Northumberland, and Tyne and Wear",10 : Manufacture of food products,10,10,4555
2023,"Northumberland, and Tyne and Wear",11 : Manufacture of beverages,11,11,1405
2023,"Northumberland, and Tyne and Wear",12 : Manufacture of tobacco products,12,12,0
2023,"Northumberland, and Tyne and Wear",13 : Manufacture of textiles,13,13,590
2023,"Northumberland, and Tyne and Wear",14 : Manufacture of wearing apparel,14,14,250
2023,"Northumberland, and Tyne and Wear",15 : Manufacture of leather and related products,15,15,420
2023,"Northumberland, and Tyne and Wear","16 : Manufacture of wood and of products of wood and cork, except furniture;manufacture of articles of straw and plaiting materials",16,16,1450
2023,"Northumberland, and Tyne and Wear",17 : Manufacture of paper and paper products,17,17,1600
2023,"Northumberland, and Tyne and Wear",18 : Printing and reproduction of recorded media,18,18,2740
2023,"Northumberland, and Tyne and Wear",19 : Manufacture of coke and refined petroleum products,19,19,100
2023,"Northumberland, and Tyne and Wear",20 : Manufacture of chemicals and chemical products,20,20,1765
2023,"Northumberland, and Tyne and Wear",21 : Manufacture of basic pharmaceutical products and pharmaceutical preparations,21,21,1950
2023,"Northumberland, and Tyne and Wear",22 : Manufacture of rubber and plastic products,22,22,2850
2023,"Northumberland, and Tyne and Wear",23 : Manufacture of other non-metallic mineral products,23,23,1415
2023,"Northumberland, and Tyne and Wear",24 : Manufacture of basic metals,24,24,1015
2023,"Northumberland, and Tyne and Wear","25 : Manufacture of fabricated metal products, except machinery and equipment",25,25,7605
2023,"Northumberland, and Tyne and Wear","26 : Manufacture of computer, electronic and optical products",26,26,1960
2023,"Northumberland, and Tyne and Wear",27 : Manufacture of electrical equipment,27,27,3030
2023,"Northumberland, and Tyne and Wear",28 : Manufacture of machinery and equipment n.e.c.,28,28,4085
2023,"Northumberland, and Tyne and Wear","29 : Manufacture of motor vehicles, trailers and semi-trailers",29,29,11340
2023,"Northumberland, and Tyne and Wear",30 : Manufacture of other transport equipment,30,30,400
2023,"Northumberland, and Tyne and Wear",31 : Manufacture of furniture,31,31,950
2023,"Northumberland, and Tyne and Wear",32 : Other manufacturing,32,32,2040
2023,"Northumberland, and Tyne and Wear",33 : Repair and installation of machinery and equipment,33,33,2630
2023,"Northumberland, and Tyne and Wear","35 : Electricity, gas, steam and air conditioning supply",35,35,2340
2023,"Northumberland, and Tyne and Wear","36 : Water collection, treatment and supply",36,36,1000
2023,"Northumberland, and Tyne and Wear",37 : Sewerage,37,37,30
2023,"Northumberland, and Tyne and Wear","38 : Waste collection, treatment and disposal activities; materials recovery",38,38,2990
2023,"Northumberland, and Tyne and Wear","39 : Remediation activities and other waste management services. This division includes the provision of remediation services, i.e. the cleanup of contaminated buildings and sites, soil, surface or ground water.",39,39,25
2023,"Northumberland, and Tyne and Wear",41 : Construction of buildings,41,41,7000
2023,"Northumberland, and Tyne and Wear",42 : Civil engineering,42,42,1560
2023,"Northumberland, and Tyne and Wear",43 : Specialised construction activities,43,43,15325
2023,"Northumberland, and Tyne and Wear",45 : Wholesale and retail trade and repair of motor vehicles and motorcycles,45,45,6110
2023,"Northumberland, and Tyne and Wear","46 : Wholesale trade, except of motor vehicles and motorcycles",46,46,10840
2023,"Northumberland, and Tyne and Wear","47 : Retail trade, except of motor vehicles and motorcycles",47,47,20455
2023,"Northumberland, and Tyne and Wear",49 : Land transport and transport via pipelines,49,49,10660
2023,"Northumberland, and Tyne and Wear",50 : Water transport,50,50,0
2023,"Northumberland, and Tyne and Wear",51 : Air transport,51,51,1215
2023,"Northumberland, and Tyne and Wear",52 : Warehousing and support activities for transportation,52,52,11110
2023,"Northumberland, and Tyne and Wear",53 : Postal and courier activities,53,53,4400
2023,"Northumberland, and Tyne and Wear",55 : Accommodation,55,55,5135
2023,"Northumberland, and Tyne and Wear",56 : Food and beverage service activities,56,56,16000
2023,"Northumberland, and Tyne and Wear",58 : Publishing activities,58,58,785
2023,"Northumberland, and Tyne and Wear","59 : Motion picture, video and television programme production, sound recording and music publishing activities",59,59,560
2023,"Northumberland, and Tyne and Wear",60 : Programming and broadcasting activities,60,60,250
2023,"Northumberland, and Tyne and Wear",61 : Telecommunications,61,61,6250
2023,"Northumberland, and Tyne and Wear","62 : Computer programming, consultancy and related activities",62,62,13375
2023,"Northumberland, and Tyne and Wear",63 : Information service activities,63,63,1510
2023,"Northumberland, and Tyne and Wear","64 : Financial service activities, except insurance and pension funding",64,64,7580
2023,"Northumberland, and Tyne and Wear","65 : Insurance, reinsurance and pension funding, except compulsory social security",65,65,1270
2023,"Northumberland, and Tyne and Wear",66 : Activities auxiliary to financial services and insurance activities,66,66,4645
2023,"Northumberland, and Tyne and Wear",68 : Real estate activities,68,68,12550
2023,"Northumberland, and Tyne and Wear",69 : Legal and accounting activities,69,69,9215
2023,"Northumberland, and Tyne and Wear",70 : Activities of head offices; management consultancy activities,70,70,7350
2023,"Northumberland, and Tyne and Wear",71 : Architectural and engineering activities; technical testing and analysis,71,71,8650
2023,"Northumberland, and Tyne and Wear",72 : Scientific research and development,72,72,1165
2023,"Northumberland, and Tyne and Wear",73 : Advertising and market research,73,73,2250
2023,"Northumberland, and Tyne and Wear","74 : Other professional, scientific and technical activities",74,74,3645
2023,"Northumberland, and Tyne and Wear",75 : Veterinary activities,75,75,1000
2023,"Northumberland, and Tyne and Wear",77 : Rental and leasing activities,77,77,2315
2023,"Northumberland, and Tyne and Wear",78 : Employment activities,78,78,9000
2023,"Northumberland, and Tyne and Wear","79 : Travel agency, tour operator and other reservation service and related activities",79,79,1320
2023,"Northumberland, and Tyne and Wear",80 : Security and investigation activities,80,80,3575
2023,"Northumberland, and Tyne and Wear",81 : Services to buildings and landscape activities,81,81,7355
2023,"Northumberland, and Tyne and Wear","82 : Office administrative, office support and other business support activities",82,82,11160
2023,"Northumberland, and Tyne and Wear",84 : Public administration and defence; compulsory social security,84,84,36450
2023,"Northumberland, and Tyne and Wear",85 : Education,85,85,37770
2023,"Northumberland, and Tyne and Wear",86 : Human health activities,86,86,40550
2023,"Northumberland, and Tyne and Wear",87 : Residential care activities,87,87,11100
2023,"Northumberland, and Tyne and Wear",88 : Social work activities without accommodation,88,88,15000
2023,"Northumberland, and Tyne and Wear","90 : Creative, arts and entertainment activities",90,90,700
2023,"Northumberland, and Tyne and Wear","91 : Libraries, archives, museums and other cultural activities",91,91,1390
2023,"Northumberland, and Tyne and Wear",92 : Gambling and betting activities,92,92,2000
2023,"Northumberland, and Tyne and Wear",93 : Sports activities and amusement and recreation activities,93,93,3580
2023,"Northumberland, and Tyne and Wear",94 : Activities of membership organisations,94,94,2385
2023,"Northumberland, and Tyne and Wear",95 : Repair of computers and personal and household goods,95,95,275
2023,"Northumberland, and Tyne and Wear",96 : Other personal service activities,96,96,5600
2023,"Northumberland, and Tyne and Wear",97 : Activities of households as employers of domestic personnel,97,97,0
2023,"Northumberland, and Tyne and Wear",98 : Undifferentiated goods- and services-producing activities of private households for own use,98,98,0
2023,"Northumberland, and Tyne and Wear",99 : Activities of extraterritorial organisations and bodies,99,99,0
2023,Outer London - East and North East,"01 : Crop and animal production, hunting and related service activities",01,1,95
2023,Outer London - East and North East,02 : Forestry and logging,02,2,70
2023,Outer London - East and North East,03 : Fishing and aquaculture,03,3,15
2023,Outer London - East and North East,05 : Mining of coal and lignite,05,5,0
2023,Outer London - East and North East,06 : Extraction of crude petroleum and natural gas,06,6,0
2023,Outer London - East and North East,07 : Mining of metal ores,07,7,0
2023,Outer London - East and North East,08 : Other mining and quarrying,08,8,105
2023,Outer London - East and North East,09 : Mining support service activities,09,9,0
2023,Outer London - East and North East,10 : Manufacture of food products,10,10,5235
2023,Outer London - East and North East,11 : Manufacture of beverages,11,11,1105
2023,Outer London - East and North East,12 : Manufacture of tobacco products,12,12,0
2023,Outer London - East and North East,13 : Manufacture of textiles,13,13,415
2023,Outer London - East and North East,14 : Manufacture of wearing apparel,14,14,555
2023,Outer London - East and North East,15 : Manufacture of leather and related products,15,15,15
2023,Outer London - East and North East,"16 : Manufacture of wood and of products of wood and cork, except furniture;manufacture of articles of straw and plaiting materials",16,16,945
2023,Outer London - East and North East,17 : Manufacture of paper and paper products,17,17,245
2023,Outer London - East and North East,18 : Printing and reproduction of recorded media,18,18,1955
2023,Outer London - East and North East,19 : Manufacture of coke and refined petroleum products,19,19,0
2023,Outer London - East and North East,20 : Manufacture of chemicals and chemical products,20,20,410
2023,Outer London - East and North East,21 : Manufacture of basic pharmaceutical products and pharmaceutical preparations,21,21,600
2023,Outer London - East and North East,22 : Manufacture of rubber and plastic products,22,22,745
2023,Outer London - East and North East,23 : Manufacture of other non-metallic mineral products,23,23,335
2023,Outer London - East and North East,24 : Manufacture of basic metals,24,24,0
2023,Outer London - East and North East,"25 : Manufacture of fabricated metal products, except machinery and equipment",25,25,1725
2023,Outer London - East and North East,"26 : Manufacture of computer, electronic and optical products",26,26,1295
2023,Outer London - East and North East,27 : Manufacture of electrical equipment,27,27,265
2023,Outer London - East and North East,28 : Manufacture of machinery and equipment n.e.c.,28,28,675
2023,Outer London - East and North East,"29 : Manufacture of motor vehicles, trailers and semi-trailers",29,29,2035
2023,Outer London - East and North East,30 : Manufacture of other transport equipment,30,30,100
2023,Outer London - East and North East,31 : Manufacture of furniture,31,31,405
2023,Outer London - East and North East,32 : Other manufacturing,32,32,405
2023,Outer London - East and North East,33 : Repair and installation of machinery and equipment,33,33,2210
2023,Outer London - East and North East,"35 : Electricity, gas, steam and air conditioning supply",35,35,635
2023,Outer London - East and North East,"36 : Water collection, treatment and supply",36,36,200
2023,Outer London - East and North East,37 : Sewerage,37,37,700
2023,Outer London - East and North East,"38 : Waste collection, treatment and disposal activities; materials recovery",38,38,4035
2023,Outer London - East and North East,"39 : Remediation activities and other waste management services. This division includes the provision of remediation services, i.e. the cleanup of contaminated buildings and sites, soil, surface or ground water.",39,39,800
2023,Outer London - East and North East,41 : Construction of buildings,41,41,12250
2023,Outer London - East and North East,42 : Civil engineering,42,42,3400
2023,Outer London - East and North East,43 : Specialised construction activities,43,43,16600
2023,Outer London - East and North East,45 : Wholesale and retail trade and repair of motor vehicles and motorcycles,45,45,6940
2023,Outer London - East and North East,"46 : Wholesale trade, except of motor vehicles and motorcycles",46,46,18405
2023,Outer London - East and North East,"47 : Retail trade, except of motor vehicles and motorcycles",47,47,22475
2023,Outer London - East and North East,49 : Land transport and transport via pipelines,49,49,12950
2023,Outer London - East and North East,50 : Water transport,50,50,140
2023,Outer London - East and North East,51 : Air transport,51,51,35
2023,Outer London - East and North East,52 : Warehousing and support activities for transportation,52,52,13350
2023,Outer London - East and North East,53 : Postal and courier activities,53,53,4625
2023,Outer London - East and North East,55 : Accommodation,55,55,1700
2023,Outer London - East and North East,56 : Food and beverage service activities,56,56,16250
2023,Outer London - East and North East,58 : Publishing activities,58,58,535
2023,Outer London - East and North East,"59 : Motion picture, video and television programme production, sound recording and music publishing activities",59,59,1300
2023,Outer London - East and North East,60 : Programming and broadcasting activities,60,60,110
2023,Outer London - East and North East,61 : Telecommunications,61,61,2865
2023,Outer London - East and North East,"62 : Computer programming, consultancy and related activities",62,62,11150
2023,Outer London - East and North East,63 : Information service activities,63,63,580
2023,Outer London - East and North East,"64 : Financial service activities, except insurance and pension funding",64,64,1945
2023,Outer London - East and North East,"65 : Insurance, reinsurance and pension funding, except compulsory social security",65,65,85
2023,Outer London - East and North East,66 : Activities auxiliary to financial services and insurance activities,66,66,2260
2023,Outer London - East and North East,68 : Real estate activities,68,68,8475
2023,Outer London - East and North East,69 : Legal and accounting activities,69,69,7610
2023,Outer London - East and North East,70 : Activities of head offices; management consultancy activities,70,70,6975
2023,Outer London - East and North East,71 : Architectural and engineering activities; technical testing and analysis,71,71,5100
2023,Outer London - East and North East,72 : Scientific research and development,72,72,210
2023,Outer London - East and North East,73 : Advertising and market research,73,73,1125
2023,Outer London - East and North East,"74 : Other professional, scientific and technical activities",74,74,2780
2023,Outer London - East and North East,75 : Veterinary activities,75,75,1000
2023,Outer London - East and North East,77 : Rental and leasing activities,77,77,2570
2023,Outer London - East and North East,78 : Employment activities,78,78,10290
2023,Outer London - East and North East,"79 : Travel agency, tour operator and other reservation service and related activities",79,79,830
2023,Outer London - East and North East,80 : Security and investigation activities,80,80,22355
2023,Outer London - East and North East,81 : Services to buildings and landscape activities,81,81,9300
2023,Outer London - East and North East,"82 : Office administrative, office support and other business support activities",82,82,7415
2023,Outer London - East and North East,84 : Public administration and defence; compulsory social security,84,84,20850
2023,Outer London - East and North East,85 : Education,85,85,33930
2023,Outer London - East and North East,86 : Human health activities,86,86,33500
2023,Outer London - East and North East,87 : Residential care activities,87,87,10000
2023,Outer London - East and North East,88 : Social work activities without accommodation,88,88,13500
2023,Outer London - East and North East,"90 : Creative, arts and entertainment activities",90,90,1050
2023,Outer London - East and North East,"91 : Libraries, archives, museums and other cultural activities",91,91,1655
2023,Outer London - East and North East,92 : Gambling and betting activities,92,92,1000
2023,Outer London - East and North East,93 : Sports activities and amusement and recreation activities,93,93,4350
2023,Outer London - East and North East,94 : Activities of membership organisations,94,94,2725
2023,Outer London - East and North East,95 : Repair of computers and personal and household goods,95,95,660
2023,Outer London - East and North East,96 : Other personal service activities,96,96,5175
2023,Outer London - East and North East,97 : Activities of households as employers of domestic personnel,97,97,0
2023,Outer London - East and North East,98 : Undifferentiated goods- and services-producing activities of private households for own use,98,98,0
2023,Outer London - East and North East,99 : Activities of extraterritorial organisations and bodies,99,99,0
2023,Outer London - South,"01 : Crop and animal production, hunting and related service activities",01,1,175
2023,Outer London - South,02 : Forestry and logging,02,2,80
2023,Outer London - South,03 : Fishing and aquaculture,03,3,0
2023,Outer London - South,05 : Mining of coal and lignite,05,5,0
2023,Outer London - South,06 : Extraction of crude petroleum and natural gas,06,6,0
2023,Outer London - South,07 : Mining of metal ores,07,7,0
2023,Outer London - South,08 : Other mining and quarrying,08,8,5
2023,Outer London - South,09 : Mining support service activities,09,9,5
2023,Outer London - South,10 : Manufacture of food products,10,10,1115
2023,Outer London - South,11 : Manufacture of beverages,11,11,50
2023,Outer London - South,12 : Manufacture of tobacco products,12,12,0
2023,Outer London - South,13 : Manufacture of textiles,13,13,140
2023,Outer London - South,14 : Manufacture of wearing apparel,14,14,160
2023,Outer London - South,15 : Manufacture of leather and related products,15,15,15
2023,Outer London - South,"16 : Manufacture of wood and of products of wood and cork, except furniture;manufacture of articles of straw and plaiting materials",16,16,390
2023,Outer London - South,17 : Manufacture of paper and paper products,17,17,120
2023,Outer London - South,18 : Printing and reproduction of recorded media,18,18,1505
2023,Outer London - South,19 : Manufacture of coke and refined petroleum products,19,19,0
2023,Outer London - South,20 : Manufacture of chemicals and chemical products,20,20,1060
2023,Outer London - South,21 : Manufacture of basic pharmaceutical products and pharmaceutical preparations,21,21,180
2023,Outer London - South,22 : Manufacture of rubber and plastic products,22,22,410
2023,Outer London - South,23 : Manufacture of other non-metallic mineral products,23,23,25
2023,Outer London - South,24 : Manufacture of basic metals,24,24,0
2023,Outer London - South,"25 : Manufacture of fabricated metal products, except machinery and equipment",25,25,970
2023,Outer London - South,"26 : Manufacture of computer, electronic and optical products",26,26,720
2023,Outer London - South,27 : Manufacture of electrical equipment,27,27,235
2023,Outer London - South,28 : Manufacture of machinery and equipment n.e.c.,28,28,290
2023,Outer London - South,"29 : Manufacture of motor vehicles, trailers and semi-trailers",29,29,30
2023,Outer London - South,30 : Manufacture of other transport equipment,30,30,665
2023,Outer London - South,31 : Manufacture of furniture,31,31,160
2023,Outer London - South,32 : Other manufacturing,32,32,570
2023,Outer London - South,33 : Repair and installation of machinery and equipment,33,33,1915
2023,Outer London - South,"35 : Electricity, gas, steam and air conditioning supply",35,35,580
2023,Outer London - South,"36 : Water collection, treatment and supply",36,36,150
2023,Outer London - South,37 : Sewerage,37,37,150
2023,Outer London - South,"38 : Waste collection, treatment and disposal activities; materials recovery",38,38,1070
2023,Outer London - South,"39 : Remediation activities and other waste management services. This division includes the provision of remediation services, i.e. the cleanup of contaminated buildings and sites, soil, surface or ground water.",39,39,100
2023,Outer London - South,41 : Construction of buildings,41,41,6650
2023,Outer London - South,42 : Civil engineering,42,42,1650
2023,Outer London - South,43 : Specialised construction activities,43,43,12220
2023,Outer London - South,45 : Wholesale and retail trade and repair of motor vehicles and motorcycles,45,45,4300
2023,Outer London - South,"46 : Wholesale trade, except of motor vehicles and motorcycles",46,46,12110
2023,Outer London - South,"47 : Retail trade, except of motor vehicles and motorcycles",47,47,18675
2023,Outer London - South,49 : Land transport and transport via pipelines,49,49,7810
2023,Outer London - South,50 : Water transport,50,50,50
2023,Outer London - South,51 : Air transport,51,51,500
2023,Outer London - South,52 : Warehousing and support activities for transportation,52,52,4250
2023,Outer London - South,53 : Postal and courier activities,53,53,3125
2023,Outer London - South,55 : Accommodation,55,55,1180
2023,Outer London - South,56 : Food and beverage service activities,56,56,12875
2023,Outer London - South,58 : Publishing activities,58,58,1600
2023,Outer London - South,"59 : Motion picture, video and television programme production, sound recording and music publishing activities",59,59,1190
2023,Outer London - South,60 : Programming and broadcasting activities,60,60,320
2023,Outer London - South,61 : Telecommunications,61,61,1660
2023,Outer London - South,"62 : Computer programming, consultancy and related activities",62,62,10525
2023,Outer London - South,63 : Information service activities,63,63,710
2023,Outer London - South,"64 : Financial service activities, except insurance and pension funding",64,64,4135
2023,Outer London - South,"65 : Insurance, reinsurance and pension funding, except compulsory social security",65,65,975
2023,Outer London - South,66 : Activities auxiliary to financial services and insurance activities,66,66,4640
2023,Outer London - South,68 : Real estate activities,68,68,6740
2023,Outer London - South,69 : Legal and accounting activities,69,69,6545
2023,Outer London - South,70 : Activities of head offices; management consultancy activities,70,70,12800
2023,Outer London - South,71 : Architectural and engineering activities; technical testing and analysis,71,71,7425
2023,Outer London - South,72 : Scientific research and development,72,72,1075
2023,Outer London - South,73 : Advertising and market research,73,73,1775
2023,Outer London - South,"74 : Other professional, scientific and technical activities",74,74,2735
2023,Outer London - South,75 : Veterinary activities,75,75,900
2023,Outer London - South,77 : Rental and leasing activities,77,77,1415
2023,Outer London - South,78 : Employment activities,78,78,9730
2023,Outer London - South,"79 : Travel agency, tour operator and other reservation service and related activities",79,79,1910
2023,Outer London - South,80 : Security and investigation activities,80,80,1645
2023,Outer London - South,81 : Services to buildings and landscape activities,81,81,7425
2023,Outer London - South,"82 : Office administrative, office support and other business support activities",82,82,5835
2023,Outer London - South,84 : Public administration and defence; compulsory social security,84,84,21760
2023,Outer London - South,85 : Education,85,85,23500
2023,Outer London - South,86 : Human health activities,86,86,25700
2023,Outer London - South,87 : Residential care activities,87,87,7650
2023,Outer London - South,88 : Social work activities without accommodation,88,88,11500
2023,Outer London - South,"90 : Creative, arts and entertainment activities",90,90,775
2023,Outer London - South,"91 : Libraries, archives, museums and other cultural activities",91,91,175
2023,Outer London - South,92 : Gambling and betting activities,92,92,500
2023,Outer London - South,93 : Sports activities and amusement and recreation activities,93,93,4975
2023,Outer London - South,94 : Activities of membership organisations,94,94,2015
2023,Outer London - South,95 : Repair of computers and personal and household goods,95,95,555
2023,Outer London - South,96 : Other personal service activities,96,96,5975
2023,Outer London - South,97 : Activities of households as employers of domestic personnel,97,97,0
2023,Outer London - South,98 : Undifferentiated goods- and services-producing activities of private households for own use,98,98,0
2023,Outer London - South,99 : Activities of extraterritorial organisations and bodies,99,99,0
2023,Outer London - West and North West,"01 : Crop and animal production, hunting and related service activities",01,1,110
2023,Outer London - West and North West,02 : Forestry and logging,02,2,55
2023,Outer London - West and North West,03 : Fishing and aquaculture,03,3,15
2023,Outer London - West and North West,05 : Mining of coal and lignite,05,5,0
2023,Outer London - West and North West,06 : Extraction of crude petroleum and natural gas,06,6,210
2023,Outer London - West and North West,07 : Mining of metal ores,07,7,0
2023,Outer London - West and North West,08 : Other mining and quarrying,08,8,55
2023,Outer London - West and North West,09 : Mining support service activities,09,9,15
2023,Outer London - West and North West,10 : Manufacture of food products,10,10,12820
2023,Outer London - West and North West,11 : Manufacture of beverages,11,11,2200
2023,Outer London - West and North West,12 : Manufacture of tobacco products,12,12,0
2023,Outer London - West and North West,13 : Manufacture of textiles,13,13,210
2023,Outer London - West and North West,14 : Manufacture of wearing apparel,14,14,385
2023,Outer London - West and North West,15 : Manufacture of leather and related products,15,15,25
2023,Outer London - West and North West,"16 : Manufacture of wood and of products of wood and cork, except furniture;manufacture of articles of straw and plaiting materials",16,16,1040
2023,Outer London - West and North West,17 : Manufacture of paper and paper products,17,17,85
2023,Outer London - West and North West,18 : Printing and reproduction of recorded media,18,18,1910
2023,Outer London - West and North West,19 : Manufacture of coke and refined petroleum products,19,19,0
2023,Outer London - West and North West,20 : Manufacture of chemicals and chemical products,20,20,1350
2023,Outer London - West and North West,21 : Manufacture of basic pharmaceutical products and pharmaceutical preparations,21,21,750
2023,Outer London - West and North West,22 : Manufacture of rubber and plastic products,22,22,1835
2023,Outer London - West and North West,23 : Manufacture of other non-metallic mineral products,23,23,420
2023,Outer London - West and North West,24 : Manufacture of basic metals,24,24,10
2023,Outer London - West and North West,"25 : Manufacture of fabricated metal products, except machinery and equipment",25,25,1775
2023,Outer London - West and North West,"26 : Manufacture of computer, electronic and optical products",26,26,1770
2023,Outer London - West and North West,27 : Manufacture of electrical equipment,27,27,325
2023,Outer London - West and North West,28 : Manufacture of machinery and equipment n.e.c.,28,28,905
2023,Outer London - West and North West,"29 : Manufacture of motor vehicles, trailers and semi-trailers",29,29,160
2023,Outer London - West and North West,30 : Manufacture of other transport equipment,30,30,770
2023,Outer London - West and North West,31 : Manufacture of furniture,31,31,900
2023,Outer London - West and North West,32 : Other manufacturing,32,32,775
2023,Outer London - West and North West,33 : Repair and installation of machinery and equipment,33,33,3810
2023,Outer London - West and North West,"35 : Electricity, gas, steam and air conditioning supply",35,35,970
2023,Outer London - West and North West,"36 : Water collection, treatment and supply",36,36,150
2023,Outer London - West and North West,37 : Sewerage,37,37,350
2023,Outer London - West and North West,"38 : Waste collection, treatment and disposal activities; materials recovery",38,38,2895
2023,Outer London - West and North West,"39 : Remediation activities and other waste management services. This division includes the provision of remediation services, i.e. the cleanup of contaminated buildings and sites, soil, surface or ground water.",39,39,225
2023,Outer London - West and North West,41 : Construction of buildings,41,41,15000
2023,Outer London - West and North West,42 : Civil engineering,42,42,4125
2023,Outer London - West and North West,43 : Specialised construction activities,43,43,14385
2023,Outer London - West and North West,45 : Wholesale and retail trade and repair of motor vehicles and motorcycles,45,45,8600
2023,Outer London - West and North West,"46 : Wholesale trade, except of motor vehicles and motorcycles",46,46,31705
2023,Outer London - West and North West,"47 : Retail trade, except of motor vehicles and motorcycles",47,47,36245
2023,Outer London - West and North West,49 : Land transport and transport via pipelines,49,49,17920
2023,Outer London - West and North West,50 : Water transport,50,50,330
2023,Outer London - West and North West,51 : Air transport,51,51,14125
2023,Outer London - West and North West,52 : Warehousing and support activities for transportation,52,52,29050
2023,Outer London - West and North West,53 : Postal and courier activities,53,53,8225
2023,Outer London - West and North West,55 : Accommodation,55,55,6440
2023,Outer London - West and North West,56 : Food and beverage service activities,56,56,29750
2023,Outer London - West and North West,58 : Publishing activities,58,58,2795
2023,Outer London - West and North West,"59 : Motion picture, video and television programme production, sound recording and music publishing activities",59,59,5705
2023,Outer London - West and North West,60 : Programming and broadcasting activities,60,60,15175
2023,Outer London - West and North West,61 : Telecommunications,61,61,3250
2023,Outer London - West and North West,"62 : Computer programming, consultancy and related activities",62,62,22200
2023,Outer London - West and North West,63 : Information service activities,63,63,2350
2023,Outer London - West and North West,"64 : Financial service activities, except insurance and pension funding",64,64,3975
2023,Outer London - West and North West,"65 : Insurance, reinsurance and pension funding, except compulsory social security",65,65,45
2023,Outer London - West and North West,66 : Activities auxiliary to financial services and insurance activities,66,66,5125
2023,Outer London - West and North West,68 : Real estate activities,68,68,15510
2023,Outer London - West and North West,69 : Legal and accounting activities,69,69,15550
2023,Outer London - West and North West,70 : Activities of head offices; management consultancy activities,70,70,20200
2023,Outer London - West and North West,71 : Architectural and engineering activities; technical testing and analysis,71,71,8650
2023,Outer London - West and North West,72 : Scientific research and development,72,72,3800
2023,Outer London - West and North West,73 : Advertising and market research,73,73,5800
2023,Outer London - West and North West,"74 : Other professional, scientific and technical activities",74,74,6175
2023,Outer London - West and North West,75 : Veterinary activities,75,75,1250
2023,Outer London - West and North West,77 : Rental and leasing activities,77,77,4510
2023,Outer London - West and North West,78 : Employment activities,78,78,28490
2023,Outer London - West and North West,"79 : Travel agency, tour operator and other reservation service and related activities",79,79,2465
2023,Outer London - West and North West,80 : Security and investigation activities,80,80,7335
2023,Outer London - West and North West,81 : Services to buildings and landscape activities,81,81,12225
2023,Outer London - West and North West,"82 : Office administrative, office support and other business support activities",82,82,14185
2023,Outer London - West and North West,84 : Public administration and defence; compulsory social security,84,84,23500
2023,Outer London - West and North West,85 : Education,85,85,42550
2023,Outer London - West and North West,86 : Human health activities,86,86,43500
2023,Outer London - West and North West,87 : Residential care activities,87,87,10900
2023,Outer London - West and North West,88 : Social work activities without accommodation,88,88,13500
2023,Outer London - West and North West,"90 : Creative, arts and entertainment activities",90,90,1650
2023,Outer London - West and North West,"91 : Libraries, archives, museums and other cultural activities",91,91,2325
2023,Outer London - West and North West,92 : Gambling and betting activities,92,92,1000
2023,Outer London - West and North West,93 : Sports activities and amusement and recreation activities,93,93,6925
2023,Outer London - West and North West,94 : Activities of membership organisations,94,94,3460
2023,Outer London - West and North West,95 : Repair of computers and personal and household goods,95,95,1240
2023,Outer London - West and North West,96 : Other personal service activities,96,96,8175
2023,Outer London - West and North West,97 : Activities of households as employers of domestic personnel,97,97,0
2023,Outer London - West and North West,98 : Undifferentiated goods- and services-producing activities of private households for own use,98,98,0
2023,Outer London - West and North West,99 : Activities of extraterritorial organisations and bodies,99,99,0
2023,Shropshire and Staffordshire,"01 : Crop and animal production, hunting and related service activities",01,1,6470
2023,Shropshire and Staffordshire,02 : Forestry and logging,02,2,350
2023,Shropshire and Staffordshire,03 : Fishing and aquaculture,03,3,20
2023,Shropshire and Staffordshire,05 : Mining of coal and lignite,05,5,0
2023,Shropshire and Staffordshire,06 : Extraction of crude petroleum and natural gas,06,6,0
2023,Shropshire and Staffordshire,07 : Mining of metal ores,07,7,0
2023,Shropshire and Staffordshire,08 : Other mining and quarrying,08,8,410
2023,Shropshire and Staffordshire,09 : Mining support service activities,09,9,5
2023,Shropshire and Staffordshire,10 : Manufacture of food products,10,10,11110
2023,Shropshire and Staffordshire,11 : Manufacture of beverages,11,11,2005
2023,Shropshire and Staffordshire,12 : Manufacture of tobacco products,12,12,0
2023,Shropshire and Staffordshire,13 : Manufacture of textiles,13,13,515
2023,Shropshire and Staffordshire,14 : Manufacture of wearing apparel,14,14,125
2023,Shropshire and Staffordshire,15 : Manufacture of leather and related products,15,15,50
2023,Shropshire and Staffordshire,"16 : Manufacture of wood and of products of wood and cork, except furniture;manufacture of articles of straw and plaiting materials",16,16,2635
2023,Shropshire and Staffordshire,17 : Manufacture of paper and paper products,17,17,1280
2023,Shropshire and Staffordshire,18 : Printing and reproduction of recorded media,18,18,845
2023,Shropshire and Staffordshire,19 : Manufacture of coke and refined petroleum products,19,19,530
2023,Shropshire and Staffordshire,20 : Manufacture of chemicals and chemical products,20,20,3390
2023,Shropshire and Staffordshire,21 : Manufacture of basic pharmaceutical products and pharmaceutical preparations,21,21,175
2023,Shropshire and Staffordshire,22 : Manufacture of rubber and plastic products,22,22,5550
2023,Shropshire and Staffordshire,23 : Manufacture of other non-metallic mineral products,23,23,6360
2023,Shropshire and Staffordshire,24 : Manufacture of basic metals,24,24,2650
2023,Shropshire and Staffordshire,"25 : Manufacture of fabricated metal products, except machinery and equipment",25,25,11745
2023,Shropshire and Staffordshire,"26 : Manufacture of computer, electronic and optical products",26,26,3255
2023,Shropshire and Staffordshire,27 : Manufacture of electrical equipment,27,27,2555
2023,Shropshire and Staffordshire,28 : Manufacture of machinery and equipment n.e.c.,28,28,8505
2023,Shropshire and Staffordshire,"29 : Manufacture of motor vehicles, trailers and semi-trailers",29,29,5320
2023,Shropshire and Staffordshire,30 : Manufacture of other transport equipment,30,30,1600
2023,Shropshire and Staffordshire,31 : Manufacture of furniture,31,31,500
2023,Shropshire and Staffordshire,32 : Other manufacturing,32,32,835
2023,Shropshire and Staffordshire,33 : Repair and installation of machinery and equipment,33,33,3255
2023,Shropshire and Staffordshire,"35 : Electricity, gas, steam and air conditioning supply",35,35,870
2023,Shropshire and Staffordshire,"36 : Water collection, treatment and supply",36,36,1250
2023,Shropshire and Staffordshire,37 : Sewerage,37,37,500
2023,Shropshire and Staffordshire,"38 : Waste collection, treatment and disposal activities; materials recovery",38,38,4100
2023,Shropshire and Staffordshire,"39 : Remediation activities and other waste management services. This division includes the provision of remediation services, i.e. the cleanup of contaminated buildings and sites, soil, surface or ground water.",39,39,225
2023,Shropshire and Staffordshire,41 : Construction of buildings,41,41,8550
2023,Shropshire and Staffordshire,42 : Civil engineering,42,42,3620
2023,Shropshire and Staffordshire,43 : Specialised construction activities,43,43,19310
2023,Shropshire and Staffordshire,45 : Wholesale and retail trade and repair of motor vehicles and motorcycles,45,45,15175
2023,Shropshire and Staffordshire,"46 : Wholesale trade, except of motor vehicles and motorcycles",46,46,32415
2023,Shropshire and Staffordshire,"47 : Retail trade, except of motor vehicles and motorcycles",47,47,22585
2023,Shropshire and Staffordshire,49 : Land transport and transport via pipelines,49,49,15550
2023,Shropshire and Staffordshire,50 : Water transport,50,50,0
2023,Shropshire and Staffordshire,51 : Air transport,51,51,15
2023,Shropshire and Staffordshire,52 : Warehousing and support activities for transportation,52,52,20070
2023,Shropshire and Staffordshire,53 : Postal and courier activities,53,53,5425
2023,Shropshire and Staffordshire,55 : Accommodation,55,55,2955
2023,Shropshire and Staffordshire,56 : Food and beverage service activities,56,56,13750
2023,Shropshire and Staffordshire,58 : Publishing activities,58,58,490
2023,Shropshire and Staffordshire,"59 : Motion picture, video and television programme production, sound recording and music publishing activities",59,59,145
2023,Shropshire and Staffordshire,60 : Programming and broadcasting activities,60,60,200
2023,Shropshire and Staffordshire,61 : Telecommunications,61,61,3800
2023,Shropshire and Staffordshire,"62 : Computer programming, consultancy and related activities",62,62,13695
2023,Shropshire and Staffordshire,63 : Information service activities,63,63,130
2023,Shropshire and Staffordshire,"64 : Financial service activities, except insurance and pension funding",64,64,2080
2023,Shropshire and Staffordshire,"65 : Insurance, reinsurance and pension funding, except compulsory social security",65,65,1540
2023,Shropshire and Staffordshire,66 : Activities auxiliary to financial services and insurance activities,66,66,2645
2023,Shropshire and Staffordshire,68 : Real estate activities,68,68,7175
2023,Shropshire and Staffordshire,69 : Legal and accounting activities,69,69,5955
2023,Shropshire and Staffordshire,70 : Activities of head offices; management consultancy activities,70,70,13625
2023,Shropshire and Staffordshire,71 : Architectural and engineering activities; technical testing and analysis,71,71,8450
2023,Shropshire and Staffordshire,72 : Scientific research and development,72,72,565
2023,Shropshire and Staffordshire,73 : Advertising and market research,73,73,1400
2023,Shropshire and Staffordshire,"74 : Other professional, scientific and technical activities",74,74,3060
2023,Shropshire and Staffordshire,75 : Veterinary activities,75,75,1500
2023,Shropshire and Staffordshire,77 : Rental and leasing activities,77,77,3965
2023,Shropshire and Staffordshire,78 : Employment activities,78,78,14055
2023,Shropshire and Staffordshire,"79 : Travel agency, tour operator and other reservation service and related activities",79,79,900
2023,Shropshire and Staffordshire,80 : Security and investigation activities,80,80,1135
2023,Shropshire and Staffordshire,81 : Services to buildings and landscape activities,81,81,9355
2023,Shropshire and Staffordshire,"82 : Office administrative, office support and other business support activities",82,82,6575
2023,Shropshire and Staffordshire,84 : Public administration and defence; compulsory social security,84,84,24025
2023,Shropshire and Staffordshire,85 : Education,85,85,34550
2023,Shropshire and Staffordshire,86 : Human health activities,86,86,38100
2023,Shropshire and Staffordshire,87 : Residential care activities,87,87,10900
2023,Shropshire and Staffordshire,88 : Social work activities without accommodation,88,88,8250
2023,Shropshire and Staffordshire,"90 : Creative, arts and entertainment activities",90,90,525
2023,Shropshire and Staffordshire,"91 : Libraries, archives, museums and other cultural activities",91,91,685
2023,Shropshire and Staffordshire,92 : Gambling and betting activities,92,92,3500
2023,Shropshire and Staffordshire,93 : Sports activities and amusement and recreation activities,93,93,5005
2023,Shropshire and Staffordshire,94 : Activities of membership organisations,94,94,2050
2023,Shropshire and Staffordshire,95 : Repair of computers and personal and household goods,95,95,750
2023,Shropshire and Staffordshire,96 : Other personal service activities,96,96,4800
2023,Shropshire and Staffordshire,97 : Activities of households as employers of domestic personnel,97,97,0
2023,Shropshire and Staffordshire,98 : Undifferentiated goods- and services-producing activities of private households for own use,98,98,0
2023,Shropshire and Staffordshire,99 : Activities of extraterritorial organisations and bodies,99,99,0
2023,South Yorkshire,"01 : Crop and animal production, hunting and related service activities",01,1,495
2023,South Yorkshire,02 : Forestry and logging,02,2,85
2023,South Yorkshire,03 : Fishing and aquaculture,03,3,5
2023,South Yorkshire,05 : Mining of coal and lignite,05,5,0
2023,South Yorkshire,06 : Extraction of crude petroleum and natural gas,06,6,10
2023,South Yorkshire,07 : Mining of metal ores,07,7,0
2023,South Yorkshire,08 : Other mining and quarrying,08,8,170
2023,South Yorkshire,09 : Mining support service activities,09,9,25
2023,South Yorkshire,10 : Manufacture of food products,10,10,6775
2023,South Yorkshire,11 : Manufacture of beverages,11,11,220
2023,South Yorkshire,12 : Manufacture of tobacco products,12,12,0
2023,South Yorkshire,13 : Manufacture of textiles,13,13,165
2023,South Yorkshire,14 : Manufacture of wearing apparel,14,14,140
2023,South Yorkshire,15 : Manufacture of leather and related products,15,15,40
2023,South Yorkshire,"16 : Manufacture of wood and of products of wood and cork, except furniture;manufacture of articles of straw and plaiting materials",16,16,1825
2023,South Yorkshire,17 : Manufacture of paper and paper products,17,17,505
2023,South Yorkshire,18 : Printing and reproduction of recorded media,18,18,1220
2023,South Yorkshire,19 : Manufacture of coke and refined petroleum products,19,19,0
2023,South Yorkshire,20 : Manufacture of chemicals and chemical products,20,20,1240
2023,South Yorkshire,21 : Manufacture of basic pharmaceutical products and pharmaceutical preparations,21,21,0
2023,South Yorkshire,22 : Manufacture of rubber and plastic products,22,22,4350
2023,South Yorkshire,23 : Manufacture of other non-metallic mineral products,23,23,2735
2023,South Yorkshire,24 : Manufacture of basic metals,24,24,5045
2023,South Yorkshire,"25 : Manufacture of fabricated metal products, except machinery and equipment",25,25,10585
2023,South Yorkshire,"26 : Manufacture of computer, electronic and optical products",26,26,1280
2023,South Yorkshire,27 : Manufacture of electrical equipment,27,27,1735
2023,South Yorkshire,28 : Manufacture of machinery and equipment n.e.c.,28,28,3355
2023,South Yorkshire,"29 : Manufacture of motor vehicles, trailers and semi-trailers",29,29,1110
2023,South Yorkshire,30 : Manufacture of other transport equipment,30,30,470
2023,South Yorkshire,31 : Manufacture of furniture,31,31,3450
2023,South Yorkshire,32 : Other manufacturing,32,32,3275
2023,South Yorkshire,33 : Repair and installation of machinery and equipment,33,33,2810
2023,South Yorkshire,"35 : Electricity, gas, steam and air conditioning supply",35,35,755
2023,South Yorkshire,"36 : Water collection, treatment and supply",36,36,350
2023,South Yorkshire,37 : Sewerage,37,37,400
2023,South Yorkshire,"38 : Waste collection, treatment and disposal activities; materials recovery",38,38,2865
2023,South Yorkshire,"39 : Remediation activities and other waste management services. This division includes the provision of remediation services, i.e. the cleanup of contaminated buildings and sites, soil, surface or ground water.",39,39,75
2023,South Yorkshire,41 : Construction of buildings,41,41,6500
2023,South Yorkshire,42 : Civil engineering,42,42,4320
2023,South Yorkshire,43 : Specialised construction activities,43,43,12845
2023,South Yorkshire,45 : Wholesale and retail trade and repair of motor vehicles and motorcycles,45,45,12025
2023,South Yorkshire,"46 : Wholesale trade, except of motor vehicles and motorcycles",46,46,17815
2023,South Yorkshire,"47 : Retail trade, except of motor vehicles and motorcycles",47,47,22045
2023,South Yorkshire,49 : Land transport and transport via pipelines,49,49,13225
2023,South Yorkshire,50 : Water transport,50,50,0
2023,South Yorkshire,51 : Air transport,51,51,150
2023,South Yorkshire,52 : Warehousing and support activities for transportation,52,52,15890
2023,South Yorkshire,53 : Postal and courier activities,53,53,4780
2023,South Yorkshire,55 : Accommodation,55,55,1665
2023,South Yorkshire,56 : Food and beverage service activities,56,56,11750
2023,South Yorkshire,58 : Publishing activities,58,58,245
2023,South Yorkshire,"59 : Motion picture, video and television programme production, sound recording and music publishing activities",59,59,365
2023,South Yorkshire,60 : Programming and broadcasting activities,60,60,65
2023,South Yorkshire,61 : Telecommunications,61,61,5100
2023,South Yorkshire,"62 : Computer programming, consultancy and related activities",62,62,6475
2023,South Yorkshire,63 : Information service activities,63,63,470
2023,South Yorkshire,"64 : Financial service activities, except insurance and pension funding",64,64,6270
2023,South Yorkshire,"65 : Insurance, reinsurance and pension funding, except compulsory social security",65,65,1510
2023,South Yorkshire,66 : Activities auxiliary to financial services and insurance activities,66,66,4190
2023,South Yorkshire,68 : Real estate activities,68,68,4365
2023,South Yorkshire,69 : Legal and accounting activities,69,69,7395
2023,South Yorkshire,70 : Activities of head offices; management consultancy activities,70,70,9940
2023,South Yorkshire,71 : Architectural and engineering activities; technical testing and analysis,71,71,7100
2023,South Yorkshire,72 : Scientific research and development,72,72,755
2023,South Yorkshire,73 : Advertising and market research,73,73,1250
2023,South Yorkshire,"74 : Other professional, scientific and technical activities",74,74,1395
2023,South Yorkshire,75 : Veterinary activities,75,75,600
2023,South Yorkshire,77 : Rental and leasing activities,77,77,1940
2023,South Yorkshire,78 : Employment activities,78,78,10400
2023,South Yorkshire,"79 : Travel agency, tour operator and other reservation service and related activities",79,79,525
2023,South Yorkshire,80 : Security and investigation activities,80,80,2630
2023,South Yorkshire,81 : Services to buildings and landscape activities,81,81,4330
2023,South Yorkshire,"82 : Office administrative, office support and other business support activities",82,82,6590
2023,South Yorkshire,84 : Public administration and defence; compulsory social security,84,84,25445
2023,South Yorkshire,85 : Education,85,85,38015
2023,South Yorkshire,86 : Human health activities,86,86,36100
2023,South Yorkshire,87 : Residential care activities,87,87,9750
2023,South Yorkshire,88 : Social work activities without accommodation,88,88,9000
2023,South Yorkshire,"90 : Creative, arts and entertainment activities",90,90,600
2023,South Yorkshire,"91 : Libraries, archives, museums and other cultural activities",91,91,250
2023,South Yorkshire,92 : Gambling and betting activities,92,92,800
2023,South Yorkshire,93 : Sports activities and amusement and recreation activities,93,93,2950
2023,South Yorkshire,94 : Activities of membership organisations,94,94,1045
2023,South Yorkshire,95 : Repair of computers and personal and household goods,95,95,1140
2023,South Yorkshire,96 : Other personal service activities,96,96,2075
2023,South Yorkshire,97 : Activities of households as employers of domestic personnel,97,97,0
2023,South Yorkshire,98 : Undifferentiated goods- and services-producing activities of private households for own use,98,98,0
2023,South Yorkshire,99 : Activities of extraterritorial organisations and bodies,99,99,0
2023,Southern Scotland,"01 : Crop and animal production, hunting and related service activities",01,1,5630
2023,Southern Scotland,02 : Forestry and logging,02,2,1100
2023,Southern Scotland,03 : Fishing and aquaculture,03,3,185
2023,Southern Scotland,05 : Mining of coal and lignite,05,5,20
2023,Southern Scotland,06 : Extraction of crude petroleum and natural gas,06,6,0
2023,Southern Scotland,07 : Mining of metal ores,07,7,0
2023,Southern Scotland,08 : Other mining and quarrying,08,8,300
2023,Southern Scotland,09 : Mining support service activities,09,9,0
2023,Southern Scotland,10 : Manufacture of food products,10,10,5960
2023,Southern Scotland,11 : Manufacture of beverages,11,11,1150
2023,Southern Scotland,12 : Manufacture of tobacco products,12,12,0
2023,Southern Scotland,13 : Manufacture of textiles,13,13,960
2023,Southern Scotland,14 : Manufacture of wearing apparel,14,14,495
2023,Southern Scotland,15 : Manufacture of leather and related products,15,15,115
2023,Southern Scotland,"16 : Manufacture of wood and of products of wood and cork, except furniture;manufacture of articles of straw and plaiting materials",16,16,1850
2023,Southern Scotland,17 : Manufacture of paper and paper products,17,17,895
2023,Southern Scotland,18 : Printing and reproduction of recorded media,18,18,715
2023,Southern Scotland,19 : Manufacture of coke and refined petroleum products,19,19,0
2023,Southern Scotland,20 : Manufacture of chemicals and chemical products,20,20,955
2023,Southern Scotland,21 : Manufacture of basic pharmaceutical products and pharmaceutical preparations,21,21,900
2023,Southern Scotland,22 : Manufacture of rubber and plastic products,22,22,2505
2023,Southern Scotland,23 : Manufacture of other non-metallic mineral products,23,23,870
2023,Southern Scotland,24 : Manufacture of basic metals,24,24,165
2023,Southern Scotland,"25 : Manufacture of fabricated metal products, except machinery and equipment",25,25,3660
2023,Southern Scotland,"26 : Manufacture of computer, electronic and optical products",26,26,935
2023,Southern Scotland,27 : Manufacture of electrical equipment,27,27,435
2023,Southern Scotland,28 : Manufacture of machinery and equipment n.e.c.,28,28,1210
2023,Southern Scotland,"29 : Manufacture of motor vehicles, trailers and semi-trailers",29,29,410
2023,Southern Scotland,30 : Manufacture of other transport equipment,30,30,1075
2023,Southern Scotland,31 : Manufacture of furniture,31,31,140
2023,Southern Scotland,32 : Other manufacturing,32,32,665
2023,Southern Scotland,33 : Repair and installation of machinery and equipment,33,33,2490
2023,Southern Scotland,"35 : Electricity, gas, steam and air conditioning supply",35,35,1780
2023,Southern Scotland,"36 : Water collection, treatment and supply",36,36,600
2023,Southern Scotland,37 : Sewerage,37,37,1500
2023,Southern Scotland,"38 : Waste collection, treatment and disposal activities; materials recovery",38,38,1850
2023,Southern Scotland,"39 : Remediation activities and other waste management services. This division includes the provision of remediation services, i.e. the cleanup of contaminated buildings and sites, soil, surface or ground water.",39,39,25
2023,Southern Scotland,41 : Construction of buildings,41,41,5000
2023,Southern Scotland,42 : Civil engineering,42,42,3865
2023,Southern Scotland,43 : Specialised construction activities,43,43,9625
2023,Southern Scotland,45 : Wholesale and retail trade and repair of motor vehicles and motorcycles,45,45,6075
2023,Southern Scotland,"46 : Wholesale trade, except of motor vehicles and motorcycles",46,46,10590
2023,Southern Scotland,"47 : Retail trade, except of motor vehicles and motorcycles",47,47,14010
2023,Southern Scotland,49 : Land transport and transport via pipelines,49,49,5895
2023,Southern Scotland,50 : Water transport,50,50,115
2023,Southern Scotland,51 : Air transport,51,51,50
2023,Southern Scotland,52 : Warehousing and support activities for transportation,52,52,3215
2023,Southern Scotland,53 : Postal and courier activities,53,53,2750
2023,Southern Scotland,55 : Accommodation,55,55,4450
2023,Southern Scotland,56 : Food and beverage service activities,56,56,9350
2023,Southern Scotland,58 : Publishing activities,58,58,210
2023,Southern Scotland,"59 : Motion picture, video and television programme production, sound recording and music publishing activities",59,59,115
2023,Southern Scotland,60 : Programming and broadcasting activities,60,60,60
2023,Southern Scotland,61 : Telecommunications,61,61,1060
2023,Southern Scotland,"62 : Computer programming, consultancy and related activities",62,62,1305
2023,Southern Scotland,63 : Information service activities,63,63,180
2023,Southern Scotland,"64 : Financial service activities, except insurance and pension funding",64,64,1745
2023,Southern Scotland,"65 : Insurance, reinsurance and pension funding, except compulsory social security",65,65,10
2023,Southern Scotland,66 : Activities auxiliary to financial services and insurance activities,66,66,1030
2023,Southern Scotland,68 : Real estate activities,68,68,3260
2023,Southern Scotland,69 : Legal and accounting activities,69,69,2615
2023,Southern Scotland,70 : Activities of head offices; management consultancy activities,70,70,2125
2023,Southern Scotland,71 : Architectural and engineering activities; technical testing and analysis,71,71,4625
2023,Southern Scotland,72 : Scientific research and development,72,72,675
2023,Southern Scotland,73 : Advertising and market research,73,73,305
2023,Southern Scotland,"74 : Other professional, scientific and technical activities",74,74,1025
2023,Southern Scotland,75 : Veterinary activities,75,75,900
2023,Southern Scotland,77 : Rental and leasing activities,77,77,1230
2023,Southern Scotland,78 : Employment activities,78,78,2865
2023,Southern Scotland,"79 : Travel agency, tour operator and other reservation service and related activities",79,79,510
2023,Southern Scotland,80 : Security and investigation activities,80,80,1525
2023,Southern Scotland,81 : Services to buildings and landscape activities,81,81,3435
2023,Southern Scotland,"82 : Office administrative, office support and other business support activities",82,82,3635
2023,Southern Scotland,84 : Public administration and defence; compulsory social security,84,84,15150
2023,Southern Scotland,85 : Education,85,85,15665
2023,Southern Scotland,86 : Human health activities,86,86,19850
2023,Southern Scotland,87 : Residential care activities,87,87,7050
2023,Southern Scotland,88 : Social work activities without accommodation,88,88,9750
2023,Southern Scotland,"90 : Creative, arts and entertainment activities",90,90,305
2023,Southern Scotland,"91 : Libraries, archives, museums and other cultural activities",91,91,790
2023,Southern Scotland,92 : Gambling and betting activities,92,92,450
2023,Southern Scotland,93 : Sports activities and amusement and recreation activities,93,93,2585
2023,Southern Scotland,94 : Activities of membership organisations,94,94,1010
2023,Southern Scotland,95 : Repair of computers and personal and household goods,95,95,145
2023,Southern Scotland,96 : Other personal service activities,96,96,2100
2023,Southern Scotland,97 : Activities of households as employers of domestic personnel,97,97,0
2023,Southern Scotland,98 : Undifferentiated goods- and services-producing activities of private households for own use,98,98,0
2023,Southern Scotland,99 : Activities of extraterritorial organisations and bodies,99,99,0
2023,"Surrey, East and West Sussex","01 : Crop and animal production, hunting and related service activities",01,1,6295
2023,"Surrey, East and West Sussex",02 : Forestry and logging,02,2,370
2023,"Surrey, East and West Sussex",03 : Fishing and aquaculture,03,3,50
2023,"Surrey, East and West Sussex",05 : Mining of coal and lignite,05,5,0
2023,"Surrey, East and West Sussex",06 : Extraction of crude petroleum and natural gas,06,6,300
2023,"Surrey, East and West Sussex",07 : Mining of metal ores,07,7,0
2023,"Surrey, East and West Sussex",08 : Other mining and quarrying,08,8,260
2023,"Surrey, East and West Sussex",09 : Mining support service activities,09,9,210
2023,"Surrey, East and West Sussex",10 : Manufacture of food products,10,10,4865
2023,"Surrey, East and West Sussex",11 : Manufacture of beverages,11,11,655
2023,"Surrey, East and West Sussex",12 : Manufacture of tobacco products,12,12,0
2023,"Surrey, East and West Sussex",13 : Manufacture of textiles,13,13,420
2023,"Surrey, East and West Sussex",14 : Manufacture of wearing apparel,14,14,755
2023,"Surrey, East and West Sussex",15 : Manufacture of leather and related products,15,15,25
2023,"Surrey, East and West Sussex","16 : Manufacture of wood and of products of wood and cork, except furniture;manufacture of articles of straw and plaiting materials",16,16,1300
2023,"Surrey, East and West Sussex",17 : Manufacture of paper and paper products,17,17,510
2023,"Surrey, East and West Sussex",18 : Printing and reproduction of recorded media,18,18,1725
2023,"Surrey, East and West Sussex",19 : Manufacture of coke and refined petroleum products,19,19,200
2023,"Surrey, East and West Sussex",20 : Manufacture of chemicals and chemical products,20,20,1845
2023,"Surrey, East and West Sussex",21 : Manufacture of basic pharmaceutical products and pharmaceutical preparations,21,21,1325
2023,"Surrey, East and West Sussex",22 : Manufacture of rubber and plastic products,22,22,2400
2023,"Surrey, East and West Sussex",23 : Manufacture of other non-metallic mineral products,23,23,2400
2023,"Surrey, East and West Sussex",24 : Manufacture of basic metals,24,24,475
2023,"Surrey, East and West Sussex","25 : Manufacture of fabricated metal products, except machinery and equipment",25,25,5175
2023,"Surrey, East and West Sussex","26 : Manufacture of computer, electronic and optical products",26,26,9925
2023,"Surrey, East and West Sussex",27 : Manufacture of electrical equipment,27,27,2820
2023,"Surrey, East and West Sussex",28 : Manufacture of machinery and equipment n.e.c.,28,28,4215
2023,"Surrey, East and West Sussex","29 : Manufacture of motor vehicles, trailers and semi-trailers",29,29,5405
2023,"Surrey, East and West Sussex",30 : Manufacture of other transport equipment,30,30,1535
2023,"Surrey, East and West Sussex",31 : Manufacture of furniture,31,31,1800
2023,"Surrey, East and West Sussex",32 : Other manufacturing,32,32,2700
2023,"Surrey, East and West Sussex",33 : Repair and installation of machinery and equipment,33,33,4100
2023,"Surrey, East and West Sussex","35 : Electricity, gas, steam and air conditioning supply",35,35,3860
2023,"Surrey, East and West Sussex","36 : Water collection, treatment and supply",36,36,3000
2023,"Surrey, East and West Sussex",37 : Sewerage,37,37,500
2023,"Surrey, East and West Sussex","38 : Waste collection, treatment and disposal activities; materials recovery",38,38,4680
2023,"Surrey, East and West Sussex","39 : Remediation activities and other waste management services. This division includes the provision of remediation services, i.e. the cleanup of contaminated buildings and sites, soil, surface or ground water.",39,39,250
2023,"Surrey, East and West Sussex",41 : Construction of buildings,41,41,20500
2023,"Surrey, East and West Sussex",42 : Civil engineering,42,42,5825
2023,"Surrey, East and West Sussex",43 : Specialised construction activities,43,43,28125
2023,"Surrey, East and West Sussex",45 : Wholesale and retail trade and repair of motor vehicles and motorcycles,45,45,20400
2023,"Surrey, East and West Sussex","46 : Wholesale trade, except of motor vehicles and motorcycles",46,46,43310
2023,"Surrey, East and West Sussex","47 : Retail trade, except of motor vehicles and motorcycles",47,47,49355
2023,"Surrey, East and West Sussex",49 : Land transport and transport via pipelines,49,49,11860
2023,"Surrey, East and West Sussex",50 : Water transport,50,50,140
2023,"Surrey, East and West Sussex",51 : Air transport,51,51,5525
2023,"Surrey, East and West Sussex",52 : Warehousing and support activities for transportation,52,52,17385
2023,"Surrey, East and West Sussex",53 : Postal and courier activities,53,53,7625
2023,"Surrey, East and West Sussex",55 : Accommodation,55,55,12870
2023,"Surrey, East and West Sussex",56 : Food and beverage service activities,56,56,40500
2023,"Surrey, East and West Sussex",58 : Publishing activities,58,58,2855
2023,"Surrey, East and West Sussex","59 : Motion picture, video and television programme production, sound recording and music publishing activities",59,59,4050
2023,"Surrey, East and West Sussex",60 : Programming and broadcasting activities,60,60,150
2023,"Surrey, East and West Sussex",61 : Telecommunications,61,61,5425
2023,"Surrey, East and West Sussex","62 : Computer programming, consultancy and related activities",62,62,35575
2023,"Surrey, East and West Sussex",63 : Information service activities,63,63,2945
2023,"Surrey, East and West Sussex","64 : Financial service activities, except insurance and pension funding",64,64,12110
2023,"Surrey, East and West Sussex","65 : Insurance, reinsurance and pension funding, except compulsory social security",65,65,6500
2023,"Surrey, East and West Sussex",66 : Activities auxiliary to financial services and insurance activities,66,66,18820
2023,"Surrey, East and West Sussex",68 : Real estate activities,68,68,14550
2023,"Surrey, East and West Sussex",69 : Legal and accounting activities,69,69,16190
2023,"Surrey, East and West Sussex",70 : Activities of head offices; management consultancy activities,70,70,30800
2023,"Surrey, East and West Sussex",71 : Architectural and engineering activities; technical testing and analysis,71,71,17600
2023,"Surrey, East and West Sussex",72 : Scientific research and development,72,72,6050
2023,"Surrey, East and West Sussex",73 : Advertising and market research,73,73,6100
2023,"Surrey, East and West Sussex","74 : Other professional, scientific and technical activities",74,74,5625
2023,"Surrey, East and West Sussex",75 : Veterinary activities,75,75,3500
2023,"Surrey, East and West Sussex",77 : Rental and leasing activities,77,77,5290
2023,"Surrey, East and West Sussex",78 : Employment activities,78,78,21375
2023,"Surrey, East and West Sussex","79 : Travel agency, tour operator and other reservation service and related activities",79,79,4110
2023,"Surrey, East and West Sussex",80 : Security and investigation activities,80,80,3925
2023,"Surrey, East and West Sussex",81 : Services to buildings and landscape activities,81,81,16915
2023,"Surrey, East and West Sussex","82 : Office administrative, office support and other business support activities",82,82,16500
2023,"Surrey, East and West Sussex",84 : Public administration and defence; compulsory social security,84,84,31650
2023,"Surrey, East and West Sussex",85 : Education,85,85,66695
2023,"Surrey, East and West Sussex",86 : Human health activities,86,86,66500
2023,"Surrey, East and West Sussex",87 : Residential care activities,87,87,28500
2023,"Surrey, East and West Sussex",88 : Social work activities without accommodation,88,88,23000
2023,"Surrey, East and West Sussex","90 : Creative, arts and entertainment activities",90,90,2200
2023,"Surrey, East and West Sussex","91 : Libraries, archives, museums and other cultural activities",91,91,2340
2023,"Surrey, East and West Sussex",92 : Gambling and betting activities,92,92,1000
2023,"Surrey, East and West Sussex",93 : Sports activities and amusement and recreation activities,93,93,17185
2023,"Surrey, East and West Sussex",94 : Activities of membership organisations,94,94,7025
2023,"Surrey, East and West Sussex",95 : Repair of computers and personal and household goods,95,95,1635
2023,"Surrey, East and West Sussex",96 : Other personal service activities,96,96,10800
2023,"Surrey, East and West Sussex",97 : Activities of households as employers of domestic personnel,97,97,0
2023,"Surrey, East and West Sussex",98 : Undifferentiated goods- and services-producing activities of private households for own use,98,98,0
2023,"Surrey, East and West Sussex",99 : Activities of extraterritorial organisations and bodies,99,99,0
2023,Tees Valley and Durham,"01 : Crop and animal production, hunting and related service activities",01,1,985
2023,Tees Valley and Durham,02 : Forestry and logging,02,2,90
2023,Tees Valley and Durham,03 : Fishing and aquaculture,03,3,10
2023,Tees Valley and Durham,05 : Mining of coal and lignite,05,5,0
2023,Tees Valley and Durham,06 : Extraction of crude petroleum and natural gas,06,6,305
2023,Tees Valley and Durham,07 : Mining of metal ores,07,7,0
2023,Tees Valley and Durham,08 : Other mining and quarrying,08,8,860
2023,Tees Valley and Durham,09 : Mining support service activities,09,9,120
2023,Tees Valley and Durham,10 : Manufacture of food products,10,10,3995
2023,Tees Valley and Durham,11 : Manufacture of beverages,11,11,515
2023,Tees Valley and Durham,12 : Manufacture of tobacco products,12,12,0
2023,Tees Valley and Durham,13 : Manufacture of textiles,13,13,395
2023,Tees Valley and Durham,14 : Manufacture of wearing apparel,14,14,135
2023,Tees Valley and Durham,15 : Manufacture of leather and related products,15,15,170
2023,Tees Valley and Durham,"16 : Manufacture of wood and of products of wood and cork, except furniture;manufacture of articles of straw and plaiting materials",16,16,1025
2023,Tees Valley and Durham,17 : Manufacture of paper and paper products,17,17,660
2023,Tees Valley and Durham,18 : Printing and reproduction of recorded media,18,18,670
2023,Tees Valley and Durham,19 : Manufacture of coke and refined petroleum products,19,19,320
2023,Tees Valley and Durham,20 : Manufacture of chemicals and chemical products,20,20,3710
2023,Tees Valley and Durham,21 : Manufacture of basic pharmaceutical products and pharmaceutical preparations,21,21,1755
2023,Tees Valley and Durham,22 : Manufacture of rubber and plastic products,22,22,2050
2023,Tees Valley and Durham,23 : Manufacture of other non-metallic mineral products,23,23,1235
2023,Tees Valley and Durham,24 : Manufacture of basic metals,24,24,2450
2023,Tees Valley and Durham,"25 : Manufacture of fabricated metal products, except machinery and equipment",25,25,7700
2023,Tees Valley and Durham,"26 : Manufacture of computer, electronic and optical products",26,26,1620
2023,Tees Valley and Durham,27 : Manufacture of electrical equipment,27,27,1545
2023,Tees Valley and Durham,28 : Manufacture of machinery and equipment n.e.c.,28,28,3550
2023,Tees Valley and Durham,"29 : Manufacture of motor vehicles, trailers and semi-trailers",29,29,5800
2023,Tees Valley and Durham,30 : Manufacture of other transport equipment,30,30,800
2023,Tees Valley and Durham,31 : Manufacture of furniture,31,31,1550
2023,Tees Valley and Durham,32 : Other manufacturing,32,32,775
2023,Tees Valley and Durham,33 : Repair and installation of machinery and equipment,33,33,2325
2023,Tees Valley and Durham,"35 : Electricity, gas, steam and air conditioning supply",35,35,1360
2023,Tees Valley and Durham,"36 : Water collection, treatment and supply",36,36,1750
2023,Tees Valley and Durham,37 : Sewerage,37,37,50
2023,Tees Valley and Durham,"38 : Waste collection, treatment and disposal activities; materials recovery",38,38,3100
2023,Tees Valley and Durham,"39 : Remediation activities and other waste management services. This division includes the provision of remediation services, i.e. the cleanup of contaminated buildings and sites, soil, surface or ground water.",39,39,30
2023,Tees Valley and Durham,41 : Construction of buildings,41,41,5750
2023,Tees Valley and Durham,42 : Civil engineering,42,42,3585
2023,Tees Valley and Durham,43 : Specialised construction activities,43,43,13010
2023,Tees Valley and Durham,45 : Wholesale and retail trade and repair of motor vehicles and motorcycles,45,45,4665
2023,Tees Valley and Durham,"46 : Wholesale trade, except of motor vehicles and motorcycles",46,46,8645
2023,Tees Valley and Durham,"47 : Retail trade, except of motor vehicles and motorcycles",47,47,12175
2023,Tees Valley and Durham,49 : Land transport and transport via pipelines,49,49,7600
2023,Tees Valley and Durham,50 : Water transport,50,50,0
2023,Tees Valley and Durham,51 : Air transport,51,51,10
2023,Tees Valley and Durham,52 : Warehousing and support activities for transportation,52,52,12070
2023,Tees Valley and Durham,53 : Postal and courier activities,53,53,2975
2023,Tees Valley and Durham,55 : Accommodation,55,55,2570
2023,Tees Valley and Durham,56 : Food and beverage service activities,56,56,9825
2023,Tees Valley and Durham,58 : Publishing activities,58,58,170
2023,Tees Valley and Durham,"59 : Motion picture, video and television programme production, sound recording and music publishing activities",59,59,125
2023,Tees Valley and Durham,60 : Programming and broadcasting activities,60,60,60
2023,Tees Valley and Durham,61 : Telecommunications,61,61,2850
2023,Tees Valley and Durham,"62 : Computer programming, consultancy and related activities",62,62,5220
2023,Tees Valley and Durham,63 : Information service activities,63,63,230
2023,Tees Valley and Durham,"64 : Financial service activities, except insurance and pension funding",64,64,2135
2023,Tees Valley and Durham,"65 : Insurance, reinsurance and pension funding, except compulsory social security",65,65,100
2023,Tees Valley and Durham,66 : Activities auxiliary to financial services and insurance activities,66,66,1930
2023,Tees Valley and Durham,68 : Real estate activities,68,68,8320
2023,Tees Valley and Durham,69 : Legal and accounting activities,69,69,4205
2023,Tees Valley and Durham,70 : Activities of head offices; management consultancy activities,70,70,4365
2023,Tees Valley and Durham,71 : Architectural and engineering activities; technical testing and analysis,71,71,6550
2023,Tees Valley and Durham,72 : Scientific research and development,72,72,2435
2023,Tees Valley and Durham,73 : Advertising and market research,73,73,800
2023,Tees Valley and Durham,"74 : Other professional, scientific and technical activities",74,74,1895
2023,Tees Valley and Durham,75 : Veterinary activities,75,75,600
2023,Tees Valley and Durham,77 : Rental and leasing activities,77,77,2315
2023,Tees Valley and Durham,78 : Employment activities,78,78,5575
2023,Tees Valley and Durham,"79 : Travel agency, tour operator and other reservation service and related activities",79,79,275
2023,Tees Valley and Durham,80 : Security and investigation activities,80,80,1775
2023,Tees Valley and Durham,81 : Services to buildings and landscape activities,81,81,3860
2023,Tees Valley and Durham,"82 : Office administrative, office support and other business support activities",82,82,3535
2023,Tees Valley and Durham,84 : Public administration and defence; compulsory social security,84,84,26100
2023,Tees Valley and Durham,85 : Education,85,85,27200
2023,Tees Valley and Durham,86 : Human health activities,86,86,23300
2023,Tees Valley and Durham,87 : Residential care activities,87,87,10600
2023,Tees Valley and Durham,88 : Social work activities without accommodation,88,88,12750
2023,Tees Valley and Durham,"90 : Creative, arts and entertainment activities",90,90,140
2023,Tees Valley and Durham,"91 : Libraries, archives, museums and other cultural activities",91,91,1185
2023,Tees Valley and Durham,92 : Gambling and betting activities,92,92,800
2023,Tees Valley and Durham,93 : Sports activities and amusement and recreation activities,93,93,2630
2023,Tees Valley and Durham,94 : Activities of membership organisations,94,94,980
2023,Tees Valley and Durham,95 : Repair of computers and personal and household goods,95,95,240
2023,Tees Valley and Durham,96 : Other personal service activities,96,96,3900
2023,Tees Valley and Durham,97 : Activities of households as employers of domestic personnel,97,97,0
2023,Tees Valley and Durham,98 : Undifferentiated goods- and services-producing activities of private households for own use,98,98,0
2023,Tees Valley and Durham,99 : Activities of extraterritorial organisations and bodies,99,99,0
2023,West Central Scotland,"01 : Crop and animal production, hunting and related service activities",01,1,495
2023,West Central Scotland,02 : Forestry and logging,02,2,110
2023,West Central Scotland,03 : Fishing and aquaculture,03,3,135
2023,West Central Scotland,05 : Mining of coal and lignite,05,5,0
2023,West Central Scotland,06 : Extraction of crude petroleum and natural gas,06,6,0
2023,West Central Scotland,07 : Mining of metal ores,07,7,0
2023,West Central Scotland,08 : Other mining and quarrying,08,8,135
2023,West Central Scotland,09 : Mining support service activities,09,9,0
2023,West Central Scotland,10 : Manufacture of food products,10,10,4925
2023,West Central Scotland,11 : Manufacture of beverages,11,11,5100
2023,West Central Scotland,12 : Manufacture of tobacco products,12,12,0
2023,West Central Scotland,13 : Manufacture of textiles,13,13,690
2023,West Central Scotland,14 : Manufacture of wearing apparel,14,14,345
2023,West Central Scotland,15 : Manufacture of leather and related products,15,15,650
2023,West Central Scotland,"16 : Manufacture of wood and of products of wood and cork, except furniture;manufacture of articles of straw and plaiting materials",16,16,915
2023,West Central Scotland,17 : Manufacture of paper and paper products,17,17,1300
2023,West Central Scotland,18 : Printing and reproduction of recorded media,18,18,1295
2023,West Central Scotland,19 : Manufacture of coke and refined petroleum products,19,19,50
2023,West Central Scotland,20 : Manufacture of chemicals and chemical products,20,20,3565
2023,West Central Scotland,21 : Manufacture of basic pharmaceutical products and pharmaceutical preparations,21,21,100
2023,West Central Scotland,22 : Manufacture of rubber and plastic products,22,22,2345
2023,West Central Scotland,23 : Manufacture of other non-metallic mineral products,23,23,895
2023,West Central Scotland,24 : Manufacture of basic metals,24,24,255
2023,West Central Scotland,"25 : Manufacture of fabricated metal products, except machinery and equipment",25,25,3625
2023,West Central Scotland,"26 : Manufacture of computer, electronic and optical products",26,26,2435
2023,West Central Scotland,27 : Manufacture of electrical equipment,27,27,1090
2023,West Central Scotland,28 : Manufacture of machinery and equipment n.e.c.,28,28,2640
2023,West Central Scotland,"29 : Manufacture of motor vehicles, trailers and semi-trailers",29,29,1155
2023,West Central Scotland,30 : Manufacture of other transport equipment,30,30,5010
2023,West Central Scotland,31 : Manufacture of furniture,31,31,785
2023,West Central Scotland,32 : Other manufacturing,32,32,1975
2023,West Central Scotland,33 : Repair and installation of machinery and equipment,33,33,2210
2023,West Central Scotland,"35 : Electricity, gas, steam and air conditioning supply",35,35,8755
2023,West Central Scotland,"36 : Water collection, treatment and supply",36,36,1000
2023,West Central Scotland,37 : Sewerage,37,37,700
2023,West Central Scotland,"38 : Waste collection, treatment and disposal activities; materials recovery",38,38,3545
2023,West Central Scotland,"39 : Remediation activities and other waste management services. This division includes the provision of remediation services, i.e. the cleanup of contaminated buildings and sites, soil, surface or ground water.",39,39,250
2023,West Central Scotland,41 : Construction of buildings,41,41,10000
2023,West Central Scotland,42 : Civil engineering,42,42,7810
2023,West Central Scotland,43 : Specialised construction activities,43,43,19835
2023,West Central Scotland,45 : Wholesale and retail trade and repair of motor vehicles and motorcycles,45,45,10275
2023,West Central Scotland,"46 : Wholesale trade, except of motor vehicles and motorcycles",46,46,17215
2023,West Central Scotland,"47 : Retail trade, except of motor vehicles and motorcycles",47,47,25585
2023,West Central Scotland,49 : Land transport and transport via pipelines,49,49,10075
2023,West Central Scotland,50 : Water transport,50,50,310
2023,West Central Scotland,51 : Air transport,51,51,1420
2023,West Central Scotland,52 : Warehousing and support activities for transportation,52,52,13255
2023,West Central Scotland,53 : Postal and courier activities,53,53,5900
2023,West Central Scotland,55 : Accommodation,55,55,4360
2023,West Central Scotland,56 : Food and beverage service activities,56,56,19900
2023,West Central Scotland,58 : Publishing activities,58,58,1555
2023,West Central Scotland,"59 : Motion picture, video and television programme production, sound recording and music publishing activities",59,59,2985
2023,West Central Scotland,60 : Programming and broadcasting activities,60,60,600
2023,West Central Scotland,61 : Telecommunications,61,61,7000
2023,West Central Scotland,"62 : Computer programming, consultancy and related activities",62,62,12870
2023,West Central Scotland,63 : Information service activities,63,63,855
2023,West Central Scotland,"64 : Financial service activities, except insurance and pension funding",64,64,9720
2023,West Central Scotland,"65 : Insurance, reinsurance and pension funding, except compulsory social security",65,65,2550
2023,West Central Scotland,66 : Activities auxiliary to financial services and insurance activities,66,66,9505
2023,West Central Scotland,68 : Real estate activities,68,68,8600
2023,West Central Scotland,69 : Legal and accounting activities,69,69,11920
2023,West Central Scotland,70 : Activities of head offices; management consultancy activities,70,70,16525
2023,West Central Scotland,71 : Architectural and engineering activities; technical testing and analysis,71,71,15775
2023,West Central Scotland,72 : Scientific research and development,72,72,3475
2023,West Central Scotland,73 : Advertising and market research,73,73,1900
2023,West Central Scotland,"74 : Other professional, scientific and technical activities",74,74,2430
2023,West Central Scotland,75 : Veterinary activities,75,75,700
2023,West Central Scotland,77 : Rental and leasing activities,77,77,3890
2023,West Central Scotland,78 : Employment activities,78,78,10100
2023,West Central Scotland,"79 : Travel agency, tour operator and other reservation service and related activities",79,79,1220
2023,West Central Scotland,80 : Security and investigation activities,80,80,4315
2023,West Central Scotland,81 : Services to buildings and landscape activities,81,81,14350
2023,West Central Scotland,"82 : Office administrative, office support and other business support activities",82,82,12645
2023,West Central Scotland,84 : Public administration and defence; compulsory social security,84,84,48150
2023,West Central Scotland,85 : Education,85,85,36965
2023,West Central Scotland,86 : Human health activities,86,86,41850
2023,West Central Scotland,87 : Residential care activities,87,87,9225
2023,West Central Scotland,88 : Social work activities without accommodation,88,88,19000
2023,West Central Scotland,"90 : Creative, arts and entertainment activities",90,90,1700
2023,West Central Scotland,"91 : Libraries, archives, museums and other cultural activities",91,91,895
2023,West Central Scotland,92 : Gambling and betting activities,92,92,1250
2023,West Central Scotland,93 : Sports activities and amusement and recreation activities,93,93,4975
2023,West Central Scotland,94 : Activities of membership organisations,94,94,2925
2023,West Central Scotland,95 : Repair of computers and personal and household goods,95,95,620
2023,West Central Scotland,96 : Other personal service activities,96,96,4425
2023,West Central Scotland,97 : Activities of households as employers of domestic personnel,97,97,0
2023,West Central Scotland,98 : Undifferentiated goods- and services-producing activities of private households for own use,98,98,0
2023,West Central Scotland,99 : Activities of extraterritorial organisations and bodies,99,99,0
2023,West Midlands,"01 : Crop and animal production, hunting and related service activities",01,1,205
2023,West Midlands,02 : Forestry and logging,02,2,70
2023,West Midlands,03 : Fishing and aquaculture,03,3,20
2023,West Midlands,05 : Mining of coal and lignite,05,5,0
2023,West Midlands,06 : Extraction of crude petroleum and natural gas,06,6,0
2023,West Midlands,07 : Mining of metal ores,07,7,0
2023,West Midlands,08 : Other mining and quarrying,08,8,105
2023,West Midlands,09 : Mining support service activities,09,9,10
2023,West Midlands,10 : Manufacture of food products,10,10,9250
2023,West Midlands,11 : Manufacture of beverages,11,11,1015
2023,West Midlands,12 : Manufacture of tobacco products,12,12,0
2023,West Midlands,13 : Manufacture of textiles,13,13,1060
2023,West Midlands,14 : Manufacture of wearing apparel,14,14,380
2023,West Midlands,15 : Manufacture of leather and related products,15,15,365
2023,West Midlands,"16 : Manufacture of wood and of products of wood and cork, except furniture;manufacture of articles of straw and plaiting materials",16,16,2500
2023,West Midlands,17 : Manufacture of paper and paper products,17,17,1790
2023,West Midlands,18 : Printing and reproduction of recorded media,18,18,1150
2023,West Midlands,19 : Manufacture of coke and refined petroleum products,19,19,175
2023,West Midlands,20 : Manufacture of chemicals and chemical products,20,20,3695
2023,West Midlands,21 : Manufacture of basic pharmaceutical products and pharmaceutical preparations,21,21,825
2023,West Midlands,22 : Manufacture of rubber and plastic products,22,22,7550
2023,West Midlands,23 : Manufacture of other non-metallic mineral products,23,23,1630
2023,West Midlands,24 : Manufacture of basic metals,24,24,8020
2023,West Midlands,"25 : Manufacture of fabricated metal products, except machinery and equipment",25,25,24090
2023,West Midlands,"26 : Manufacture of computer, electronic and optical products",26,26,1980
2023,West Midlands,27 : Manufacture of electrical equipment,27,27,1580
2023,West Midlands,28 : Manufacture of machinery and equipment n.e.c.,28,28,7425
2023,West Midlands,"29 : Manufacture of motor vehicles, trailers and semi-trailers",29,29,24060
2023,West Midlands,30 : Manufacture of other transport equipment,30,30,3765
2023,West Midlands,31 : Manufacture of furniture,31,31,2675
2023,West Midlands,32 : Other manufacturing,32,32,2180
2023,West Midlands,33 : Repair and installation of machinery and equipment,33,33,3855
2023,West Midlands,"35 : Electricity, gas, steam and air conditioning supply",35,35,4310
2023,West Midlands,"36 : Water collection, treatment and supply",36,36,4000
2023,West Midlands,37 : Sewerage,37,37,450
2023,West Midlands,"38 : Waste collection, treatment and disposal activities; materials recovery",38,38,6960
2023,West Midlands,"39 : Remediation activities and other waste management services. This division includes the provision of remediation services, i.e. the cleanup of contaminated buildings and sites, soil, surface or ground water.",39,39,600
2023,West Midlands,41 : Construction of buildings,41,41,14500
2023,West Midlands,42 : Civil engineering,42,42,7985
2023,West Midlands,43 : Specialised construction activities,43,43,24350
2023,West Midlands,45 : Wholesale and retail trade and repair of motor vehicles and motorcycles,45,45,21575
2023,West Midlands,"46 : Wholesale trade, except of motor vehicles and motorcycles",46,46,48670
2023,West Midlands,"47 : Retail trade, except of motor vehicles and motorcycles",47,47,40915
2023,West Midlands,49 : Land transport and transport via pipelines,49,49,22500
2023,West Midlands,50 : Water transport,50,50,0
2023,West Midlands,51 : Air transport,51,51,1610
2023,West Midlands,52 : Warehousing and support activities for transportation,52,52,25590
2023,West Midlands,53 : Postal and courier activities,53,53,13200
2023,West Midlands,55 : Accommodation,55,55,4710
2023,West Midlands,56 : Food and beverage service activities,56,56,22550
2023,West Midlands,58 : Publishing activities,58,58,915
2023,West Midlands,"59 : Motion picture, video and television programme production, sound recording and music publishing activities",59,59,500
2023,West Midlands,60 : Programming and broadcasting activities,60,60,1125
2023,West Midlands,61 : Telecommunications,61,61,6505
2023,West Midlands,"62 : Computer programming, consultancy and related activities",62,62,22475
2023,West Midlands,63 : Information service activities,63,63,880
2023,West Midlands,"64 : Financial service activities, except insurance and pension funding",64,64,20135
2023,West Midlands,"65 : Insurance, reinsurance and pension funding, except compulsory social security",65,65,2700
2023,West Midlands,66 : Activities auxiliary to financial services and insurance activities,66,66,10410
2023,West Midlands,68 : Real estate activities,68,68,17950
2023,West Midlands,69 : Legal and accounting activities,69,69,25850
2023,West Midlands,70 : Activities of head offices; management consultancy activities,70,70,35950
2023,West Midlands,71 : Architectural and engineering activities; technical testing and analysis,71,71,17800
2023,West Midlands,72 : Scientific research and development,72,72,815
2023,West Midlands,73 : Advertising and market research,73,73,2950
2023,West Midlands,"74 : Other professional, scientific and technical activities",74,74,5690
2023,West Midlands,75 : Veterinary activities,75,75,1000
2023,West Midlands,77 : Rental and leasing activities,77,77,5230
2023,West Midlands,78 : Employment activities,78,78,31770
2023,West Midlands,"79 : Travel agency, tour operator and other reservation service and related activities",79,79,800
2023,West Midlands,80 : Security and investigation activities,80,80,7515
2023,West Midlands,81 : Services to buildings and landscape activities,81,81,24950
2023,West Midlands,"82 : Office administrative, office support and other business support activities",82,82,11985
2023,West Midlands,84 : Public administration and defence; compulsory social security,84,84,50100
2023,West Midlands,85 : Education,85,85,84050
2023,West Midlands,86 : Human health activities,86,86,79100
2023,West Midlands,87 : Residential care activities,87,87,18250
2023,West Midlands,88 : Social work activities without accommodation,88,88,21000
2023,West Midlands,"90 : Creative, arts and entertainment activities",90,90,1275
2023,West Midlands,"91 : Libraries, archives, museums and other cultural activities",91,91,1180
2023,West Midlands,92 : Gambling and betting activities,92,92,2250
2023,West Midlands,93 : Sports activities and amusement and recreation activities,93,93,5830
2023,West Midlands,94 : Activities of membership organisations,94,94,5190
2023,West Midlands,95 : Repair of computers and personal and household goods,95,95,1000
2023,West Midlands,96 : Other personal service activities,96,96,8875
2023,West Midlands,97 : Activities of households as employers of domestic personnel,97,97,0
2023,West Midlands,98 : Undifferentiated goods- and services-producing activities of private households for own use,98,98,0
2023,West Midlands,99 : Activities of extraterritorial organisations and bodies,99,99,0
2023,West Wales and The Valleys,"01 : Crop and animal production, hunting and related service activities",01,1,6410
2023,West Wales and The Valleys,02 : Forestry and logging,02,2,350
2023,West Wales and The Valleys,03 : Fishing and aquaculture,03,3,110
2023,West Wales and The Valleys,05 : Mining of coal and lignite,05,5,300
2023,West Wales and The Valleys,06 : Extraction of crude petroleum and natural gas,06,6,0
2023,West Wales and The Valleys,07 : Mining of metal ores,07,7,0
2023,West Wales and The Valleys,08 : Other mining and quarrying,08,8,650
2023,West Wales and The Valleys,09 : Mining support service activities,09,9,215
2023,West Wales and The Valleys,10 : Manufacture of food products,10,10,10645
2023,West Wales and The Valleys,11 : Manufacture of beverages,11,11,865
2023,West Wales and The Valleys,12 : Manufacture of tobacco products,12,12,0
2023,West Wales and The Valleys,13 : Manufacture of textiles,13,13,1165
2023,West Wales and The Valleys,14 : Manufacture of wearing apparel,14,14,110
2023,West Wales and The Valleys,15 : Manufacture of leather and related products,15,15,20
2023,West Wales and The Valleys,"16 : Manufacture of wood and of products of wood and cork, except furniture;manufacture of articles of straw and plaiting materials",16,16,2235
2023,West Wales and The Valleys,17 : Manufacture of paper and paper products,17,17,2150
2023,West Wales and The Valleys,18 : Printing and reproduction of recorded media,18,18,1635
2023,West Wales and The Valleys,19 : Manufacture of coke and refined petroleum products,19,19,10
2023,West Wales and The Valleys,20 : Manufacture of chemicals and chemical products,20,20,2370
2023,West Wales and The Valleys,21 : Manufacture of basic pharmaceutical products and pharmaceutical preparations,21,21,2300
2023,West Wales and The Valleys,22 : Manufacture of rubber and plastic products,22,22,5930
2023,West Wales and The Valleys,23 : Manufacture of other non-metallic mineral products,23,23,2660
2023,West Wales and The Valleys,24 : Manufacture of basic metals,24,24,6370
2023,West Wales and The Valleys,"25 : Manufacture of fabricated metal products, except machinery and equipment",25,25,7585
2023,West Wales and The Valleys,"26 : Manufacture of computer, electronic and optical products",26,26,4030
2023,West Wales and The Valleys,27 : Manufacture of electrical equipment,27,27,2455
2023,West Wales and The Valleys,28 : Manufacture of machinery and equipment n.e.c.,28,28,2115
2023,West Wales and The Valleys,"29 : Manufacture of motor vehicles, trailers and semi-trailers",29,29,4290
2023,West Wales and The Valleys,30 : Manufacture of other transport equipment,30,30,2025
2023,West Wales and The Valleys,31 : Manufacture of furniture,31,31,2130
2023,West Wales and The Valleys,32 : Other manufacturing,32,32,4145
2023,West Wales and The Valleys,33 : Repair and installation of machinery and equipment,33,33,4435
2023,West Wales and The Valleys,"35 : Electricity, gas, steam and air conditioning supply",35,35,2190
2023,West Wales and The Valleys,"36 : Water collection, treatment and supply",36,36,1250
2023,West Wales and The Valleys,37 : Sewerage,37,37,700
2023,West Wales and The Valleys,"38 : Waste collection, treatment and disposal activities; materials recovery",38,38,4760
2023,West Wales and The Valleys,"39 : Remediation activities and other waste management services. This division includes the provision of remediation services, i.e. the cleanup of contaminated buildings and sites, soil, surface or ground water.",39,39,200
2023,West Wales and The Valleys,41 : Construction of buildings,41,41,8250
2023,West Wales and The Valleys,42 : Civil engineering,42,42,7175
2023,West Wales and The Valleys,43 : Specialised construction activities,43,43,20050
2023,West Wales and The Valleys,45 : Wholesale and retail trade and repair of motor vehicles and motorcycles,45,45,10725
2023,West Wales and The Valleys,"46 : Wholesale trade, except of motor vehicles and motorcycles",46,46,13120
2023,West Wales and The Valleys,"47 : Retail trade, except of motor vehicles and motorcycles",47,47,22995
2023,West Wales and The Valleys,49 : Land transport and transport via pipelines,49,49,8090
2023,West Wales and The Valleys,50 : Water transport,50,50,405
2023,West Wales and The Valleys,51 : Air transport,51,51,370
2023,West Wales and The Valleys,52 : Warehousing and support activities for transportation,52,52,6510
2023,West Wales and The Valleys,53 : Postal and courier activities,53,53,4215
2023,West Wales and The Valleys,55 : Accommodation,55,55,8360
2023,West Wales and The Valleys,56 : Food and beverage service activities,56,56,17350
2023,West Wales and The Valleys,58 : Publishing activities,58,58,265
2023,West Wales and The Valleys,"59 : Motion picture, video and television programme production, sound recording and music publishing activities",59,59,670
2023,West Wales and The Valleys,60 : Programming and broadcasting activities,60,60,200
2023,West Wales and The Valleys,61 : Telecommunications,61,61,3410
2023,West Wales and The Valleys,"62 : Computer programming, consultancy and related activities",62,62,5540
2023,West Wales and The Valleys,63 : Information service activities,63,63,410
2023,West Wales and The Valleys,"64 : Financial service activities, except insurance and pension funding",64,64,2435
2023,West Wales and The Valleys,"65 : Insurance, reinsurance and pension funding, except compulsory social security",65,65,800
2023,West Wales and The Valleys,66 : Activities auxiliary to financial services and insurance activities,66,66,4125
2023,West Wales and The Valleys,68 : Real estate activities,68,68,7225
2023,West Wales and The Valleys,69 : Legal and accounting activities,69,69,4995
2023,West Wales and The Valleys,70 : Activities of head offices; management consultancy activities,70,70,5125
2023,West Wales and The Valleys,71 : Architectural and engineering activities; technical testing and analysis,71,71,4150
2023,West Wales and The Valleys,72 : Scientific research and development,72,72,1425
2023,West Wales and The Valleys,73 : Advertising and market research,73,73,490
2023,West Wales and The Valleys,"74 : Other professional, scientific and technical activities",74,74,2955
2023,West Wales and The Valleys,75 : Veterinary activities,75,75,2000
2023,West Wales and The Valleys,77 : Rental and leasing activities,77,77,3485
2023,West Wales and The Valleys,78 : Employment activities,78,78,7350
2023,West Wales and The Valleys,"79 : Travel agency, tour operator and other reservation service and related activities",79,79,685
2023,West Wales and The Valleys,80 : Security and investigation activities,80,80,2275
2023,West Wales and The Valleys,81 : Services to buildings and landscape activities,81,81,7600
2023,West Wales and The Valleys,"82 : Office administrative, office support and other business support activities",82,82,12950
2023,West Wales and The Valleys,84 : Public administration and defence; compulsory social security,84,84,48275
2023,West Wales and The Valleys,85 : Education,85,85,34530
2023,West Wales and The Valleys,86 : Human health activities,86,86,47350
2023,West Wales and The Valleys,87 : Residential care activities,87,87,15000
2023,West Wales and The Valleys,88 : Social work activities without accommodation,88,88,17500
2023,West Wales and The Valleys,"90 : Creative, arts and entertainment activities",90,90,725
2023,West Wales and The Valleys,"91 : Libraries, archives, museums and other cultural activities",91,91,1465
2023,West Wales and The Valleys,92 : Gambling and betting activities,92,92,800
2023,West Wales and The Valleys,93 : Sports activities and amusement and recreation activities,93,93,6250
2023,West Wales and The Valleys,94 : Activities of membership organisations,94,94,1920
2023,West Wales and The Valleys,95 : Repair of computers and personal and household goods,95,95,320
2023,West Wales and The Valleys,96 : Other personal service activities,96,96,3975
2023,West Wales and The Valleys,97 : Activities of households as employers of domestic personnel,97,97,0
2023,West Wales and The Valleys,98 : Undifferentiated goods- and services-producing activities of private households for own use,98,98,0
2023,West Wales and The Valleys,99 : Activities of extraterritorial organisations and bodies,99,99,0
2023,West Yorkshire,"01 : Crop and animal production, hunting and related service activities",01,1,855
2023,West Yorkshire,02 : Forestry and logging,02,2,120
2023,West Yorkshire,03 : Fishing and aquaculture,03,3,15
2023,West Yorkshire,05 : Mining of coal and lignite,05,5,0
2023,West Yorkshire,06 : Extraction of crude petroleum and natural gas,06,6,10
2023,West Yorkshire,07 : Mining of metal ores,07,7,0
2023,West Yorkshire,08 : Other mining and quarrying,08,8,485
2023,West Yorkshire,09 : Mining support service activities,09,9,55
2023,West Yorkshire,10 : Manufacture of food products,10,10,16580
2023,West Yorkshire,11 : Manufacture of beverages,11,11,2490
2023,West Yorkshire,12 : Manufacture of tobacco products,12,12,0
2023,West Yorkshire,13 : Manufacture of textiles,13,13,6000
2023,West Yorkshire,14 : Manufacture of wearing apparel,14,14,870
2023,West Yorkshire,15 : Manufacture of leather and related products,15,15,15
2023,West Yorkshire,"16 : Manufacture of wood and of products of wood and cork, except furniture;manufacture of articles of straw and plaiting materials",16,16,2025
2023,West Yorkshire,17 : Manufacture of paper and paper products,17,17,2405
2023,West Yorkshire,18 : Printing and reproduction of recorded media,18,18,4985
2023,West Yorkshire,19 : Manufacture of coke and refined petroleum products,19,19,420
2023,West Yorkshire,20 : Manufacture of chemicals and chemical products,20,20,5740
2023,West Yorkshire,21 : Manufacture of basic pharmaceutical products and pharmaceutical preparations,21,21,1100
2023,West Yorkshire,22 : Manufacture of rubber and plastic products,22,22,5905
2023,West Yorkshire,23 : Manufacture of other non-metallic mineral products,23,23,4145
2023,West Yorkshire,24 : Manufacture of basic metals,24,24,1195
2023,West Yorkshire,"25 : Manufacture of fabricated metal products, except machinery and equipment",25,25,12280
2023,West Yorkshire,"26 : Manufacture of computer, electronic and optical products",26,26,2150
2023,West Yorkshire,27 : Manufacture of electrical equipment,27,27,2435
2023,West Yorkshire,28 : Manufacture of machinery and equipment n.e.c.,28,28,12910
2023,West Yorkshire,"29 : Manufacture of motor vehicles, trailers and semi-trailers",29,29,2165
2023,West Yorkshire,30 : Manufacture of other transport equipment,30,30,365
2023,West Yorkshire,31 : Manufacture of furniture,31,31,6200
2023,West Yorkshire,32 : Other manufacturing,32,32,3490
2023,West Yorkshire,33 : Repair and installation of machinery and equipment,33,33,3020
2023,West Yorkshire,"35 : Electricity, gas, steam and air conditioning supply",35,35,2980
2023,West Yorkshire,"36 : Water collection, treatment and supply",36,36,2500
2023,West Yorkshire,37 : Sewerage,37,37,350
2023,West Yorkshire,"38 : Waste collection, treatment and disposal activities; materials recovery",38,38,5080
2023,West Yorkshire,"39 : Remediation activities and other waste management services. This division includes the provision of remediation services, i.e. the cleanup of contaminated buildings and sites, soil, surface or ground water.",39,39,450
2023,West Yorkshire,41 : Construction of buildings,41,41,16500
2023,West Yorkshire,42 : Civil engineering,42,42,3680
2023,West Yorkshire,43 : Specialised construction activities,43,43,22555
2023,West Yorkshire,45 : Wholesale and retail trade and repair of motor vehicles and motorcycles,45,45,18650
2023,West Yorkshire,"46 : Wholesale trade, except of motor vehicles and motorcycles",46,46,43160
2023,West Yorkshire,"47 : Retail trade, except of motor vehicles and motorcycles",47,47,35425
2023,West Yorkshire,49 : Land transport and transport via pipelines,49,49,18000
2023,West Yorkshire,50 : Water transport,50,50,15
2023,West Yorkshire,51 : Air transport,51,51,3025
2023,West Yorkshire,52 : Warehousing and support activities for transportation,52,52,24050
2023,West Yorkshire,53 : Postal and courier activities,53,53,6780
2023,West Yorkshire,55 : Accommodation,55,55,3905
2023,West Yorkshire,56 : Food and beverage service activities,56,56,22350
2023,West Yorkshire,58 : Publishing activities,58,58,1110
2023,West Yorkshire,"59 : Motion picture, video and television programme production, sound recording and music publishing activities",59,59,1645
2023,West Yorkshire,60 : Programming and broadcasting activities,60,60,575
2023,West Yorkshire,61 : Telecommunications,61,61,6250
2023,West Yorkshire,"62 : Computer programming, consultancy and related activities",62,62,20800
2023,West Yorkshire,63 : Information service activities,63,63,855
2023,West Yorkshire,"64 : Financial service activities, except insurance and pension funding",64,64,18540
2023,West Yorkshire,"65 : Insurance, reinsurance and pension funding, except compulsory social security",65,65,2650
2023,West Yorkshire,66 : Activities auxiliary to financial services and insurance activities,66,66,14665
2023,West Yorkshire,68 : Real estate activities,68,68,13340
2023,West Yorkshire,69 : Legal and accounting activities,69,69,21175
2023,West Yorkshire,70 : Activities of head offices; management consultancy activities,70,70,23200
2023,West Yorkshire,71 : Architectural and engineering activities; technical testing and analysis,71,71,14950
2023,West Yorkshire,72 : Scientific research and development,72,72,1355
2023,West Yorkshire,73 : Advertising and market research,73,73,5900
2023,West Yorkshire,"74 : Other professional, scientific and technical activities",74,74,3230
2023,West Yorkshire,75 : Veterinary activities,75,75,2250
2023,West Yorkshire,77 : Rental and leasing activities,77,77,4955
2023,West Yorkshire,78 : Employment activities,78,78,24205
2023,West Yorkshire,"79 : Travel agency, tour operator and other reservation service and related activities",79,79,2005
2023,West Yorkshire,80 : Security and investigation activities,80,80,5840
2023,West Yorkshire,81 : Services to buildings and landscape activities,81,81,14050
2023,West Yorkshire,"82 : Office administrative, office support and other business support activities",82,82,15375
2023,West Yorkshire,84 : Public administration and defence; compulsory social security,84,84,39940
2023,West Yorkshire,85 : Education,85,85,57325
2023,West Yorkshire,86 : Human health activities,86,86,59800
2023,West Yorkshire,87 : Residential care activities,87,87,13900
2023,West Yorkshire,88 : Social work activities without accommodation,88,88,24500
2023,West Yorkshire,"90 : Creative, arts and entertainment activities",90,90,1575
2023,West Yorkshire,"91 : Libraries, archives, museums and other cultural activities",91,91,1405
2023,West Yorkshire,92 : Gambling and betting activities,92,92,1500
2023,West Yorkshire,93 : Sports activities and amusement and recreation activities,93,93,5095
2023,West Yorkshire,94 : Activities of membership organisations,94,94,3525
2023,West Yorkshire,95 : Repair of computers and personal and household goods,95,95,2595
2023,West Yorkshire,96 : Other personal service activities,96,96,3750
2023,West Yorkshire,97 : Activities of households as employers of domestic personnel,97,97,0
2023,West Yorkshire,98 : Undifferentiated goods- and services-producing activities of private households for own use,98,98,0
2023,West Yorkshire,99 : Activities of extraterritorial organisations and bodies,99,99,0
