DATE,GEOGRAPHY_NAME,SIC_2DIGIT_NAME,SIC_2DIGIT_CODE,SIC_2DIGIT_CODE_NUMERIC,JOBCOUNT
2022,Bedfordshire and Hertfordshire,"01 : Crop and animal production, hunting and related service activities",01,1,500
2022,Bedfordshire and Hertfordshire,02 : Forestry and logging,02,2,195
2022,Bedfordshire and Hertfordshire,03 : Fishing and aquaculture,03,3,20
2022,Bedfordshire and Hertfordshire,05 : Mining of coal and lignite,05,5,0
2022,Bedfordshire and Hertfordshire,06 : Extraction of crude petroleum and natural gas,06,6,0
2022,Bedfordshire and Hertfordshire,07 : Mining of metal ores,07,7,0
2022,Bedfordshire and Hertfordshire,08 : Other mining and quarrying,08,8,0
2022,Bedfordshire and Hertfordshire,09 : Mining support service activities,09,9,0
2022,Bedfordshire and Hertfordshire,10 : Manufacture of food products,10,10,1150
2022,Bedfordshire and Hertfordshire,11 : Manufacture of beverages,11,11,120
2022,Bedfordshire and Hertfordshire,12 : Manufacture of tobacco products,12,12,0
2022,Bedfordshire and Hertfordshire,13 : Manufacture of textiles,13,13,295
2022,Bedfordshire and Hertfordshire,14 : Manufacture of wearing apparel,14,14,200
2022,Bedfordshire and Hertfordshire,15 : Manufacture of leather and related products,15,15,0
2022,Bedfordshire and Hertfordshire,"16 : Manufacture of wood and of products of wood and cork, except furniture;manufacture of articles of straw and plaiting materials",16,16,60
2022,Bedfordshire and Hertfordshire,17 : Manufacture of paper and paper products,17,17,90
2022,Bedfordshire and Hertfordshire,18 : Printing and reproduction of recorded media,18,18,235
2022,Bedfordshire and Hertfordshire,19 : Manufacture of coke and refined petroleum products,19,19,0
2022,Bedfordshire and Hertfordshire,20 : Manufacture of chemicals and chemical products,20,20,30
2022,Bedfordshire and Hertfordshire,21 : Manufacture of basic pharmaceutical products and pharmaceutical preparations,21,21,130
2022,Bedfordshire and Hertfordshire,22 : Manufacture of rubber and plastic products,22,22,315
2022,Bedfordshire and Hertfordshire,23 : Manufacture of other non-metallic mineral products,23,23,470
2022,Bedfordshire and Hertfordshire,24 : Manufacture of basic metals,24,24,30
2022,Bedfordshire and Hertfordshire,"25 : Manufacture of fabricated metal products, except machinery and equipment",25,25,345
2022,Bedfordshire and Hertfordshire,"26 : Manufacture of computer, electronic and optical products",26,26,670
2022,Bedfordshire and Hertfordshire,27 : Manufacture of electrical equipment,27,27,185
2022,Bedfordshire and Hertfordshire,28 : Manufacture of machinery and equipment n.e.c.,28,28,295
2022,Bedfordshire and Hertfordshire,"29 : Manufacture of motor vehicles, trailers and semi-trailers",29,29,40
2022,Bedfordshire and Hertfordshire,30 : Manufacture of other transport equipment,30,30,220
2022,Bedfordshire and Hertfordshire,31 : Manufacture of furniture,31,31,235
2022,Bedfordshire and Hertfordshire,32 : Other manufacturing,32,32,80
2022,Bedfordshire and Hertfordshire,33 : Repair and installation of machinery and equipment,33,33,580
2022,Bedfordshire and Hertfordshire,"35 : Electricity, gas, steam and air conditioning supply",35,35,50
2022,Bedfordshire and Hertfordshire,"36 : Water collection, treatment and supply",36,36,225
2022,Bedfordshire and Hertfordshire,37 : Sewerage,37,37,150
2022,Bedfordshire and Hertfordshire,"38 : Waste collection, treatment and disposal activities; materials recovery",38,38,75
2022,Bedfordshire and Hertfordshire,"39 : Remediation activities and other waste management services. This division includes the provision of remediation services, i.e. the cleanup of contaminated buildings and sites, soil, surface or ground water.",39,39,45
2022,Bedfordshire and Hertfordshire,41 : Construction of buildings,41,41,2950
2022,Bedfordshire and Hertfordshire,42 : Civil engineering,42,42,870
2022,Bedfordshire and Hertfordshire,43 : Specialised construction activities,43,43,5730
2022,Bedfordshire and Hertfordshire,45 : Wholesale and retail trade and repair of motor vehicles and motorcycles,45,45,2810
2022,Bedfordshire and Hertfordshire,"46 : Wholesale trade, except of motor vehicles and motorcycles",46,46,7175
2022,Bedfordshire and Hertfordshire,"47 : Retail trade, except of motor vehicles and motorcycles",47,47,41245
2022,Bedfordshire and Hertfordshire,49 : Land transport and transport via pipelines,49,49,1625
2022,Bedfordshire and Hertfordshire,50 : Water transport,50,50,10
2022,Bedfordshire and Hertfordshire,51 : Air transport,51,51,235
2022,Bedfordshire and Hertfordshire,52 : Warehousing and support activities for transportation,52,52,2670
2022,Bedfordshire and Hertfordshire,53 : Postal and courier activities,53,53,1175
2022,Bedfordshire and Hertfordshire,55 : Accommodation,55,55,4695
2022,Bedfordshire and Hertfordshire,56 : Food and beverage service activities,56,56,35000
2022,Bedfordshire and Hertfordshire,58 : Publishing activities,58,58,570
2022,Bedfordshire and Hertfordshire,"59 : Motion picture, video and television programme production, sound recording and music publishing activities",59,59,1145
2022,Bedfordshire and Hertfordshire,60 : Programming and broadcasting activities,60,60,20
2022,Bedfordshire and Hertfordshire,61 : Telecommunications,61,61,655
2022,Bedfordshire and Hertfordshire,"62 : Computer programming, consultancy and related activities",62,62,3895
2022,Bedfordshire and Hertfordshire,63 : Information service activities,63,63,330
2022,Bedfordshire and Hertfordshire,"64 : Financial service activities, except insurance and pension funding",64,64,1440
2022,Bedfordshire and Hertfordshire,"65 : Insurance, reinsurance and pension funding, except compulsory social security",65,65,245
2022,Bedfordshire and Hertfordshire,66 : Activities auxiliary to financial services and insurance activities,66,66,1285
2022,Bedfordshire and Hertfordshire,68 : Real estate activities,68,68,5725
2022,Bedfordshire and Hertfordshire,69 : Legal and accounting activities,69,69,6015
2022,Bedfordshire and Hertfordshire,70 : Activities of head offices; management consultancy activities,70,70,6100
2022,Bedfordshire and Hertfordshire,71 : Architectural and engineering activities; technical testing and analysis,71,71,1710
2022,Bedfordshire and Hertfordshire,72 : Scientific research and development,72,72,760
2022,Bedfordshire and Hertfordshire,73 : Advertising and market research,73,73,1600
2022,Bedfordshire and Hertfordshire,"74 : Other professional, scientific and technical activities",74,74,2000
2022,Bedfordshire and Hertfordshire,75 : Veterinary activities,75,75,1000
2022,Bedfordshire and Hertfordshire,77 : Rental and leasing activities,77,77,690
2022,Bedfordshire and Hertfordshire,78 : Employment activities,78,78,10055
2022,Bedfordshire and Hertfordshire,"79 : Travel agency, tour operator and other reservation service and related activities",79,79,435
2022,Bedfordshire and Hertfordshire,80 : Security and investigation activities,80,80,1805
2022,Bedfordshire and Hertfordshire,81 : Services to buildings and landscape activities,81,81,19900
2022,Bedfordshire and Hertfordshire,"82 : Office administrative, office support and other business support activities",82,82,3350
2022,Bedfordshire and Hertfordshire,84 : Public administration and defence; compulsory social security,84,84,4240
2022,Bedfordshire and Hertfordshire,85 : Education,85,85,35550
2022,Bedfordshire and Hertfordshire,86 : Human health activities,86,86,17950
2022,Bedfordshire and Hertfordshire,87 : Residential care activities,87,87,7950
2022,Bedfordshire and Hertfordshire,88 : Social work activities without accommodation,88,88,9250
2022,Bedfordshire and Hertfordshire,"90 : Creative, arts and entertainment activities",90,90,555
2022,Bedfordshire and Hertfordshire,"91 : Libraries, archives, museums and other cultural activities",91,91,1025
2022,Bedfordshire and Hertfordshire,92 : Gambling and betting activities,92,92,700
2022,Bedfordshire and Hertfordshire,93 : Sports activities and amusement and recreation activities,93,93,9095
2022,Bedfordshire and Hertfordshire,94 : Activities of membership organisations,94,94,2230
2022,Bedfordshire and Hertfordshire,95 : Repair of computers and personal and household goods,95,95,365
2022,Bedfordshire and Hertfordshire,96 : Other personal service activities,96,96,2575
2022,Bedfordshire and Hertfordshire,97 : Activities of households as employers of domestic personnel,97,97,0
2022,Bedfordshire and Hertfordshire,98 : Undifferentiated goods- and services-producing activities of private households for own use,98,98,0
2022,Bedfordshire and Hertfordshire,99 : Activities of extraterritorial organisations and bodies,99,99,0
2022,"Berkshire, Buckinghamshire and Oxfordshire","01 : Crop and animal production, hunting and related service activities",01,1,1100
2022,"Berkshire, Buckinghamshire and Oxfordshire",02 : Forestry and logging,02,2,70
2022,"Berkshire, Buckinghamshire and Oxfordshire",03 : Fishing and aquaculture,03,3,10
2022,"Berkshire, Buckinghamshire and Oxfordshire",05 : Mining of coal and lignite,05,5,0
2022,"Berkshire, Buckinghamshire and Oxfordshire",06 : Extraction of crude petroleum and natural gas,06,6,0
2022,"Berkshire, Buckinghamshire and Oxfordshire",07 : Mining of metal ores,07,7,0
2022,"Berkshire, Buckinghamshire and Oxfordshire",08 : Other mining and quarrying,08,8,5
2022,"Berkshire, Buckinghamshire and Oxfordshire",09 : Mining support service activities,09,9,0
2022,"Berkshire, Buckinghamshire and Oxfordshire",10 : Manufacture of food products,10,10,1640
2022,"Berkshire, Buckinghamshire and Oxfordshire",11 : Manufacture of beverages,11,11,390
2022,"Berkshire, Buckinghamshire and Oxfordshire",12 : Manufacture of tobacco products,12,12,0
2022,"Berkshire, Buckinghamshire and Oxfordshire",13 : Manufacture of textiles,13,13,15
2022,"Berkshire, Buckinghamshire and Oxfordshire",14 : Manufacture of wearing apparel,14,14,55
2022,"Berkshire, Buckinghamshire and Oxfordshire",15 : Manufacture of leather and related products,15,15,245
2022,"Berkshire, Buckinghamshire and Oxfordshire","16 : Manufacture of wood and of products of wood and cork, except furniture;manufacture of articles of straw and plaiting materials",16,16,285
2022,"Berkshire, Buckinghamshire and Oxfordshire",17 : Manufacture of paper and paper products,17,17,15
2022,"Berkshire, Buckinghamshire and Oxfordshire",18 : Printing and reproduction of recorded media,18,18,210
2022,"Berkshire, Buckinghamshire and Oxfordshire",19 : Manufacture of coke and refined petroleum products,19,19,0
2022,"Berkshire, Buckinghamshire and Oxfordshire",20 : Manufacture of chemicals and chemical products,20,20,185
2022,"Berkshire, Buckinghamshire and Oxfordshire",21 : Manufacture of basic pharmaceutical products and pharmaceutical preparations,21,21,80
2022,"Berkshire, Buckinghamshire and Oxfordshire",22 : Manufacture of rubber and plastic products,22,22,200
2022,"Berkshire, Buckinghamshire and Oxfordshire",23 : Manufacture of other non-metallic mineral products,23,23,80
2022,"Berkshire, Buckinghamshire and Oxfordshire",24 : Manufacture of basic metals,24,24,50
2022,"Berkshire, Buckinghamshire and Oxfordshire","25 : Manufacture of fabricated metal products, except machinery and equipment",25,25,1140
2022,"Berkshire, Buckinghamshire and Oxfordshire","26 : Manufacture of computer, electronic and optical products",26,26,415
2022,"Berkshire, Buckinghamshire and Oxfordshire",27 : Manufacture of electrical equipment,27,27,95
2022,"Berkshire, Buckinghamshire and Oxfordshire",28 : Manufacture of machinery and equipment n.e.c.,28,28,295
2022,"Berkshire, Buckinghamshire and Oxfordshire","29 : Manufacture of motor vehicles, trailers and semi-trailers",29,29,265
2022,"Berkshire, Buckinghamshire and Oxfordshire",30 : Manufacture of other transport equipment,30,30,120
2022,"Berkshire, Buckinghamshire and Oxfordshire",31 : Manufacture of furniture,31,31,240
2022,"Berkshire, Buckinghamshire and Oxfordshire",32 : Other manufacturing,32,32,500
2022,"Berkshire, Buckinghamshire and Oxfordshire",33 : Repair and installation of machinery and equipment,33,33,400
2022,"Berkshire, Buckinghamshire and Oxfordshire","35 : Electricity, gas, steam and air conditioning supply",35,35,135
2022,"Berkshire, Buckinghamshire and Oxfordshire","36 : Water collection, treatment and supply",36,36,15
2022,"Berkshire, Buckinghamshire and Oxfordshire",37 : Sewerage,37,37,250
2022,"Berkshire, Buckinghamshire and Oxfordshire","38 : Waste collection, treatment and disposal activities; materials recovery",38,38,445
2022,"Berkshire, Buckinghamshire and Oxfordshire","39 : Remediation activities and other waste management services. This division includes the provision of remediation services, i.e. the cleanup of contaminated buildings and sites, soil, surface or ground water.",39,39,5
2022,"Berkshire, Buckinghamshire and Oxfordshire",41 : Construction of buildings,41,41,3250
2022,"Berkshire, Buckinghamshire and Oxfordshire",42 : Civil engineering,42,42,395
2022,"Berkshire, Buckinghamshire and Oxfordshire",43 : Specialised construction activities,43,43,4250
2022,"Berkshire, Buckinghamshire and Oxfordshire",45 : Wholesale and retail trade and repair of motor vehicles and motorcycles,45,45,2840
2022,"Berkshire, Buckinghamshire and Oxfordshire","46 : Wholesale trade, except of motor vehicles and motorcycles",46,46,6460
2022,"Berkshire, Buckinghamshire and Oxfordshire","47 : Retail trade, except of motor vehicles and motorcycles",47,47,55560
2022,"Berkshire, Buckinghamshire and Oxfordshire",49 : Land transport and transport via pipelines,49,49,2505
2022,"Berkshire, Buckinghamshire and Oxfordshire",50 : Water transport,50,50,30
2022,"Berkshire, Buckinghamshire and Oxfordshire",51 : Air transport,51,51,530
2022,"Berkshire, Buckinghamshire and Oxfordshire",52 : Warehousing and support activities for transportation,52,52,3185
2022,"Berkshire, Buckinghamshire and Oxfordshire",53 : Postal and courier activities,53,53,2875
2022,"Berkshire, Buckinghamshire and Oxfordshire",55 : Accommodation,55,55,6435
2022,"Berkshire, Buckinghamshire and Oxfordshire",56 : Food and beverage service activities,56,56,38500
2022,"Berkshire, Buckinghamshire and Oxfordshire",58 : Publishing activities,58,58,930
2022,"Berkshire, Buckinghamshire and Oxfordshire","59 : Motion picture, video and television programme production, sound recording and music publishing activities",59,59,2075
2022,"Berkshire, Buckinghamshire and Oxfordshire",60 : Programming and broadcasting activities,60,60,45
2022,"Berkshire, Buckinghamshire and Oxfordshire",61 : Telecommunications,61,61,1125
2022,"Berkshire, Buckinghamshire and Oxfordshire","62 : Computer programming, consultancy and related activities",62,62,7835
2022,"Berkshire, Buckinghamshire and Oxfordshire",63 : Information service activities,63,63,1400
2022,"Berkshire, Buckinghamshire and Oxfordshire","64 : Financial service activities, except insurance and pension funding",64,64,2360
2022,"Berkshire, Buckinghamshire and Oxfordshire","65 : Insurance, reinsurance and pension funding, except compulsory social security",65,65,180
2022,"Berkshire, Buckinghamshire and Oxfordshire",66 : Activities auxiliary to financial services and insurance activities,66,66,1575
2022,"Berkshire, Buckinghamshire and Oxfordshire",68 : Real estate activities,68,68,5215
2022,"Berkshire, Buckinghamshire and Oxfordshire",69 : Legal and accounting activities,69,69,4855
2022,"Berkshire, Buckinghamshire and Oxfordshire",70 : Activities of head offices; management consultancy activities,70,70,11050
2022,"Berkshire, Buckinghamshire and Oxfordshire",71 : Architectural and engineering activities; technical testing and analysis,71,71,3275
2022,"Berkshire, Buckinghamshire and Oxfordshire",72 : Scientific research and development,72,72,2025
2022,"Berkshire, Buckinghamshire and Oxfordshire",73 : Advertising and market research,73,73,5150
2022,"Berkshire, Buckinghamshire and Oxfordshire","74 : Other professional, scientific and technical activities",74,74,1310
2022,"Berkshire, Buckinghamshire and Oxfordshire",75 : Veterinary activities,75,75,1000
2022,"Berkshire, Buckinghamshire and Oxfordshire",77 : Rental and leasing activities,77,77,735
2022,"Berkshire, Buckinghamshire and Oxfordshire",78 : Employment activities,78,78,13505
2022,"Berkshire, Buckinghamshire and Oxfordshire","79 : Travel agency, tour operator and other reservation service and related activities",79,79,770
2022,"Berkshire, Buckinghamshire and Oxfordshire",80 : Security and investigation activities,80,80,1425
2022,"Berkshire, Buckinghamshire and Oxfordshire",81 : Services to buildings and landscape activities,81,81,15300
2022,"Berkshire, Buckinghamshire and Oxfordshire","82 : Office administrative, office support and other business support activities",82,82,4475
2022,"Berkshire, Buckinghamshire and Oxfordshire",84 : Public administration and defence; compulsory social security,84,84,6775
2022,"Berkshire, Buckinghamshire and Oxfordshire",85 : Education,85,85,60925
2022,"Berkshire, Buckinghamshire and Oxfordshire",86 : Human health activities,86,86,29750
2022,"Berkshire, Buckinghamshire and Oxfordshire",87 : Residential care activities,87,87,8050
2022,"Berkshire, Buckinghamshire and Oxfordshire",88 : Social work activities without accommodation,88,88,12000
2022,"Berkshire, Buckinghamshire and Oxfordshire","90 : Creative, arts and entertainment activities",90,90,925
2022,"Berkshire, Buckinghamshire and Oxfordshire","91 : Libraries, archives, museums and other cultural activities",91,91,1670
2022,"Berkshire, Buckinghamshire and Oxfordshire",92 : Gambling and betting activities,92,92,1000
2022,"Berkshire, Buckinghamshire and Oxfordshire",93 : Sports activities and amusement and recreation activities,93,93,12825
2022,"Berkshire, Buckinghamshire and Oxfordshire",94 : Activities of membership organisations,94,94,2680
2022,"Berkshire, Buckinghamshire and Oxfordshire",95 : Repair of computers and personal and household goods,95,95,525
2022,"Berkshire, Buckinghamshire and Oxfordshire",96 : Other personal service activities,96,96,4200
2022,"Berkshire, Buckinghamshire and Oxfordshire",97 : Activities of households as employers of domestic personnel,97,97,0
2022,"Berkshire, Buckinghamshire and Oxfordshire",98 : Undifferentiated goods- and services-producing activities of private households for own use,98,98,0
2022,"Berkshire, Buckinghamshire and Oxfordshire",99 : Activities of extraterritorial organisations and bodies,99,99,0
2022,Cheshire,"01 : Crop and animal production, hunting and related service activities",01,1,800
2022,Cheshire,02 : Forestry and logging,02,2,10
2022,Cheshire,03 : Fishing and aquaculture,03,3,0
2022,Cheshire,05 : Mining of coal and lignite,05,5,0
2022,Cheshire,06 : Extraction of crude petroleum and natural gas,06,6,0
2022,Cheshire,07 : Mining of metal ores,07,7,0
2022,Cheshire,08 : Other mining and quarrying,08,8,10
2022,Cheshire,09 : Mining support service activities,09,9,0
2022,Cheshire,10 : Manufacture of food products,10,10,950
2022,Cheshire,11 : Manufacture of beverages,11,11,30
2022,Cheshire,12 : Manufacture of tobacco products,12,12,0
2022,Cheshire,13 : Manufacture of textiles,13,13,35
2022,Cheshire,14 : Manufacture of wearing apparel,14,14,40
2022,Cheshire,15 : Manufacture of leather and related products,15,15,10
2022,Cheshire,"16 : Manufacture of wood and of products of wood and cork, except furniture;manufacture of articles of straw and plaiting materials",16,16,90
2022,Cheshire,17 : Manufacture of paper and paper products,17,17,85
2022,Cheshire,18 : Printing and reproduction of recorded media,18,18,55
2022,Cheshire,19 : Manufacture of coke and refined petroleum products,19,19,10
2022,Cheshire,20 : Manufacture of chemicals and chemical products,20,20,260
2022,Cheshire,21 : Manufacture of basic pharmaceutical products and pharmaceutical preparations,21,21,300
2022,Cheshire,22 : Manufacture of rubber and plastic products,22,22,135
2022,Cheshire,23 : Manufacture of other non-metallic mineral products,23,23,75
2022,Cheshire,24 : Manufacture of basic metals,24,24,5
2022,Cheshire,"25 : Manufacture of fabricated metal products, except machinery and equipment",25,25,220
2022,Cheshire,"26 : Manufacture of computer, electronic and optical products",26,26,85
2022,Cheshire,27 : Manufacture of electrical equipment,27,27,130
2022,Cheshire,28 : Manufacture of machinery and equipment n.e.c.,28,28,155
2022,Cheshire,"29 : Manufacture of motor vehicles, trailers and semi-trailers",29,29,120
2022,Cheshire,30 : Manufacture of other transport equipment,30,30,100
2022,Cheshire,31 : Manufacture of furniture,31,31,15
2022,Cheshire,32 : Other manufacturing,32,32,110
2022,Cheshire,33 : Repair and installation of machinery and equipment,33,33,205
2022,Cheshire,"35 : Electricity, gas, steam and air conditioning supply",35,35,150
2022,Cheshire,"36 : Water collection, treatment and supply",36,36,15
2022,Cheshire,37 : Sewerage,37,37,10
2022,Cheshire,"38 : Waste collection, treatment and disposal activities; materials recovery",38,38,260
2022,Cheshire,"39 : Remediation activities and other waste management services. This division includes the provision of remediation services, i.e. the cleanup of contaminated buildings and sites, soil, surface or ground water.",39,39,200
2022,Cheshire,41 : Construction of buildings,41,41,1075
2022,Cheshire,42 : Civil engineering,42,42,275
2022,Cheshire,43 : Specialised construction activities,43,43,1335
2022,Cheshire,45 : Wholesale and retail trade and repair of motor vehicles and motorcycles,45,45,1340
2022,Cheshire,"46 : Wholesale trade, except of motor vehicles and motorcycles",46,46,3230
2022,Cheshire,"47 : Retail trade, except of motor vehicles and motorcycles",47,47,24680
2022,Cheshire,49 : Land transport and transport via pipelines,49,49,670
2022,Cheshire,50 : Water transport,50,50,10
2022,Cheshire,51 : Air transport,51,51,15
2022,Cheshire,52 : Warehousing and support activities for transportation,52,52,1075
2022,Cheshire,53 : Postal and courier activities,53,53,910
2022,Cheshire,55 : Accommodation,55,55,3415
2022,Cheshire,56 : Food and beverage service activities,56,56,22200
2022,Cheshire,58 : Publishing activities,58,58,50
2022,Cheshire,"59 : Motion picture, video and television programme production, sound recording and music publishing activities",59,59,230
2022,Cheshire,60 : Programming and broadcasting activities,60,60,15
2022,Cheshire,61 : Telecommunications,61,61,485
2022,Cheshire,"62 : Computer programming, consultancy and related activities",62,62,1550
2022,Cheshire,63 : Information service activities,63,63,80
2022,Cheshire,"64 : Financial service activities, except insurance and pension funding",64,64,1900
2022,Cheshire,"65 : Insurance, reinsurance and pension funding, except compulsory social security",65,65,50
2022,Cheshire,66 : Activities auxiliary to financial services and insurance activities,66,66,990
2022,Cheshire,68 : Real estate activities,68,68,1800
2022,Cheshire,69 : Legal and accounting activities,69,69,3160
2022,Cheshire,70 : Activities of head offices; management consultancy activities,70,70,2165
2022,Cheshire,71 : Architectural and engineering activities; technical testing and analysis,71,71,2185
2022,Cheshire,72 : Scientific research and development,72,72,60
2022,Cheshire,73 : Advertising and market research,73,73,205
2022,Cheshire,"74 : Other professional, scientific and technical activities",74,74,690
2022,Cheshire,75 : Veterinary activities,75,75,800
2022,Cheshire,77 : Rental and leasing activities,77,77,265
2022,Cheshire,78 : Employment activities,78,78,8575
2022,Cheshire,"79 : Travel agency, tour operator and other reservation service and related activities",79,79,570
2022,Cheshire,80 : Security and investigation activities,80,80,400
2022,Cheshire,81 : Services to buildings and landscape activities,81,81,5030
2022,Cheshire,"82 : Office administrative, office support and other business support activities",82,82,1985
2022,Cheshire,84 : Public administration and defence; compulsory social security,84,84,3625
2022,Cheshire,85 : Education,85,85,14905
2022,Cheshire,86 : Human health activities,86,86,15625
2022,Cheshire,87 : Residential care activities,87,87,4675
2022,Cheshire,88 : Social work activities without accommodation,88,88,4250
2022,Cheshire,"90 : Creative, arts and entertainment activities",90,90,140
2022,Cheshire,"91 : Libraries, archives, museums and other cultural activities",91,91,875
2022,Cheshire,92 : Gambling and betting activities,92,92,300
2022,Cheshire,93 : Sports activities and amusement and recreation activities,93,93,4680
2022,Cheshire,94 : Activities of membership organisations,94,94,1370
2022,Cheshire,95 : Repair of computers and personal and household goods,95,95,175
2022,Cheshire,96 : Other personal service activities,96,96,1700
2022,Cheshire,97 : Activities of households as employers of domestic personnel,97,97,0
2022,Cheshire,98 : Undifferentiated goods- and services-producing activities of private households for own use,98,98,0
2022,Cheshire,99 : Activities of extraterritorial organisations and bodies,99,99,0
2022,Cornwall and Isles of Scilly,"01 : Crop and animal production, hunting and related service activities",01,1,1035
2022,Cornwall and Isles of Scilly,02 : Forestry and logging,02,2,15
2022,Cornwall and Isles of Scilly,03 : Fishing and aquaculture,03,3,35
2022,Cornwall and Isles of Scilly,05 : Mining of coal and lignite,05,5,0
2022,Cornwall and Isles of Scilly,06 : Extraction of crude petroleum and natural gas,06,6,0
2022,Cornwall and Isles of Scilly,07 : Mining of metal ores,07,7,0
2022,Cornwall and Isles of Scilly,08 : Other mining and quarrying,08,8,0
2022,Cornwall and Isles of Scilly,09 : Mining support service activities,09,9,0
2022,Cornwall and Isles of Scilly,10 : Manufacture of food products,10,10,435
2022,Cornwall and Isles of Scilly,11 : Manufacture of beverages,11,11,295
2022,Cornwall and Isles of Scilly,12 : Manufacture of tobacco products,12,12,0
2022,Cornwall and Isles of Scilly,13 : Manufacture of textiles,13,13,105
2022,Cornwall and Isles of Scilly,14 : Manufacture of wearing apparel,14,14,0
2022,Cornwall and Isles of Scilly,15 : Manufacture of leather and related products,15,15,10
2022,Cornwall and Isles of Scilly,"16 : Manufacture of wood and of products of wood and cork, except furniture;manufacture of articles of straw and plaiting materials",16,16,90
2022,Cornwall and Isles of Scilly,17 : Manufacture of paper and paper products,17,17,5
2022,Cornwall and Isles of Scilly,18 : Printing and reproduction of recorded media,18,18,75
2022,Cornwall and Isles of Scilly,19 : Manufacture of coke and refined petroleum products,19,19,0
2022,Cornwall and Isles of Scilly,20 : Manufacture of chemicals and chemical products,20,20,0
2022,Cornwall and Isles of Scilly,21 : Manufacture of basic pharmaceutical products and pharmaceutical preparations,21,21,0
2022,Cornwall and Isles of Scilly,22 : Manufacture of rubber and plastic products,22,22,70
2022,Cornwall and Isles of Scilly,23 : Manufacture of other non-metallic mineral products,23,23,10
2022,Cornwall and Isles of Scilly,24 : Manufacture of basic metals,24,24,10
2022,Cornwall and Isles of Scilly,"25 : Manufacture of fabricated metal products, except machinery and equipment",25,25,100
2022,Cornwall and Isles of Scilly,"26 : Manufacture of computer, electronic and optical products",26,26,20
2022,Cornwall and Isles of Scilly,27 : Manufacture of electrical equipment,27,27,10
2022,Cornwall and Isles of Scilly,28 : Manufacture of machinery and equipment n.e.c.,28,28,70
2022,Cornwall and Isles of Scilly,"29 : Manufacture of motor vehicles, trailers and semi-trailers",29,29,0
2022,Cornwall and Isles of Scilly,30 : Manufacture of other transport equipment,30,30,55
2022,Cornwall and Isles of Scilly,31 : Manufacture of furniture,31,31,105
2022,Cornwall and Isles of Scilly,32 : Other manufacturing,32,32,100
2022,Cornwall and Isles of Scilly,33 : Repair and installation of machinery and equipment,33,33,110
2022,Cornwall and Isles of Scilly,"35 : Electricity, gas, steam and air conditioning supply",35,35,15
2022,Cornwall and Isles of Scilly,"36 : Water collection, treatment and supply",36,36,10
2022,Cornwall and Isles of Scilly,37 : Sewerage,37,37,15
2022,Cornwall and Isles of Scilly,"38 : Waste collection, treatment and disposal activities; materials recovery",38,38,80
2022,Cornwall and Isles of Scilly,"39 : Remediation activities and other waste management services. This division includes the provision of remediation services, i.e. the cleanup of contaminated buildings and sites, soil, surface or ground water.",39,39,5
2022,Cornwall and Isles of Scilly,41 : Construction of buildings,41,41,1225
2022,Cornwall and Isles of Scilly,42 : Civil engineering,42,42,125
2022,Cornwall and Isles of Scilly,43 : Specialised construction activities,43,43,1160
2022,Cornwall and Isles of Scilly,45 : Wholesale and retail trade and repair of motor vehicles and motorcycles,45,45,620
2022,Cornwall and Isles of Scilly,"46 : Wholesale trade, except of motor vehicles and motorcycles",46,46,1150
2022,Cornwall and Isles of Scilly,"47 : Retail trade, except of motor vehicles and motorcycles",47,47,16350
2022,Cornwall and Isles of Scilly,49 : Land transport and transport via pipelines,49,49,490
2022,Cornwall and Isles of Scilly,50 : Water transport,50,50,20
2022,Cornwall and Isles of Scilly,51 : Air transport,51,51,15
2022,Cornwall and Isles of Scilly,52 : Warehousing and support activities for transportation,52,52,340
2022,Cornwall and Isles of Scilly,53 : Postal and courier activities,53,53,825
2022,Cornwall and Isles of Scilly,55 : Accommodation,55,55,7250
2022,Cornwall and Isles of Scilly,56 : Food and beverage service activities,56,56,13600
2022,Cornwall and Isles of Scilly,58 : Publishing activities,58,58,75
2022,Cornwall and Isles of Scilly,"59 : Motion picture, video and television programme production, sound recording and music publishing activities",59,59,110
2022,Cornwall and Isles of Scilly,60 : Programming and broadcasting activities,60,60,15
2022,Cornwall and Isles of Scilly,61 : Telecommunications,61,61,80
2022,Cornwall and Isles of Scilly,"62 : Computer programming, consultancy and related activities",62,62,280
2022,Cornwall and Isles of Scilly,63 : Information service activities,63,63,40
2022,Cornwall and Isles of Scilly,"64 : Financial service activities, except insurance and pension funding",64,64,195
2022,Cornwall and Isles of Scilly,"65 : Insurance, reinsurance and pension funding, except compulsory social security",65,65,0
2022,Cornwall and Isles of Scilly,66 : Activities auxiliary to financial services and insurance activities,66,66,235
2022,Cornwall and Isles of Scilly,68 : Real estate activities,68,68,1125
2022,Cornwall and Isles of Scilly,69 : Legal and accounting activities,69,69,905
2022,Cornwall and Isles of Scilly,70 : Activities of head offices; management consultancy activities,70,70,540
2022,Cornwall and Isles of Scilly,71 : Architectural and engineering activities; technical testing and analysis,71,71,580
2022,Cornwall and Isles of Scilly,72 : Scientific research and development,72,72,35
2022,Cornwall and Isles of Scilly,73 : Advertising and market research,73,73,150
2022,Cornwall and Isles of Scilly,"74 : Other professional, scientific and technical activities",74,74,675
2022,Cornwall and Isles of Scilly,75 : Veterinary activities,75,75,400
2022,Cornwall and Isles of Scilly,77 : Rental and leasing activities,77,77,175
2022,Cornwall and Isles of Scilly,78 : Employment activities,78,78,2380
2022,Cornwall and Isles of Scilly,"79 : Travel agency, tour operator and other reservation service and related activities",79,79,45
2022,Cornwall and Isles of Scilly,80 : Security and investigation activities,80,80,155
2022,Cornwall and Isles of Scilly,81 : Services to buildings and landscape activities,81,81,1180
2022,Cornwall and Isles of Scilly,"82 : Office administrative, office support and other business support activities",82,82,995
2022,Cornwall and Isles of Scilly,84 : Public administration and defence; compulsory social security,84,84,1890
2022,Cornwall and Isles of Scilly,85 : Education,85,85,8870
2022,Cornwall and Isles of Scilly,86 : Human health activities,86,86,9575
2022,Cornwall and Isles of Scilly,87 : Residential care activities,87,87,3175
2022,Cornwall and Isles of Scilly,88 : Social work activities without accommodation,88,88,2650
2022,Cornwall and Isles of Scilly,"90 : Creative, arts and entertainment activities",90,90,240
2022,Cornwall and Isles of Scilly,"91 : Libraries, archives, museums and other cultural activities",91,91,1325
2022,Cornwall and Isles of Scilly,92 : Gambling and betting activities,92,92,100
2022,Cornwall and Isles of Scilly,93 : Sports activities and amusement and recreation activities,93,93,2535
2022,Cornwall and Isles of Scilly,94 : Activities of membership organisations,94,94,810
2022,Cornwall and Isles of Scilly,95 : Repair of computers and personal and household goods,95,95,10
2022,Cornwall and Isles of Scilly,96 : Other personal service activities,96,96,1195
2022,Cornwall and Isles of Scilly,97 : Activities of households as employers of domestic personnel,97,97,0
2022,Cornwall and Isles of Scilly,98 : Undifferentiated goods- and services-producing activities of private households for own use,98,98,0
2022,Cornwall and Isles of Scilly,99 : Activities of extraterritorial organisations and bodies,99,99,0
2022,Cumbria,"01 : Crop and animal production, hunting and related service activities",01,1,1005
2022,Cumbria,02 : Forestry and logging,02,2,10
2022,Cumbria,03 : Fishing and aquaculture,03,3,0
2022,Cumbria,05 : Mining of coal and lignite,05,5,0
2022,Cumbria,06 : Extraction of crude petroleum and natural gas,06,6,0
2022,Cumbria,07 : Mining of metal ores,07,7,0
2022,Cumbria,08 : Other mining and quarrying,08,8,10
2022,Cumbria,09 : Mining support service activities,09,9,0
2022,Cumbria,10 : Manufacture of food products,10,10,1095
2022,Cumbria,11 : Manufacture of beverages,11,11,50
2022,Cumbria,12 : Manufacture of tobacco products,12,12,0
2022,Cumbria,13 : Manufacture of textiles,13,13,35
2022,Cumbria,14 : Manufacture of wearing apparel,14,14,0
2022,Cumbria,15 : Manufacture of leather and related products,15,15,40
2022,Cumbria,"16 : Manufacture of wood and of products of wood and cork, except furniture;manufacture of articles of straw and plaiting materials",16,16,75
2022,Cumbria,17 : Manufacture of paper and paper products,17,17,65
2022,Cumbria,18 : Printing and reproduction of recorded media,18,18,15
2022,Cumbria,19 : Manufacture of coke and refined petroleum products,19,19,0
2022,Cumbria,20 : Manufacture of chemicals and chemical products,20,20,0
2022,Cumbria,21 : Manufacture of basic pharmaceutical products and pharmaceutical preparations,21,21,0
2022,Cumbria,22 : Manufacture of rubber and plastic products,22,22,105
2022,Cumbria,23 : Manufacture of other non-metallic mineral products,23,23,95
2022,Cumbria,24 : Manufacture of basic metals,24,24,615
2022,Cumbria,"25 : Manufacture of fabricated metal products, except machinery and equipment",25,25,145
2022,Cumbria,"26 : Manufacture of computer, electronic and optical products",26,26,40
2022,Cumbria,27 : Manufacture of electrical equipment,27,27,50
2022,Cumbria,28 : Manufacture of machinery and equipment n.e.c.,28,28,40
2022,Cumbria,"29 : Manufacture of motor vehicles, trailers and semi-trailers",29,29,10
2022,Cumbria,30 : Manufacture of other transport equipment,30,30,215
2022,Cumbria,31 : Manufacture of furniture,31,31,20
2022,Cumbria,32 : Other manufacturing,32,32,60
2022,Cumbria,33 : Repair and installation of machinery and equipment,33,33,95
2022,Cumbria,"35 : Electricity, gas, steam and air conditioning supply",35,35,30
2022,Cumbria,"36 : Water collection, treatment and supply",36,36,10
2022,Cumbria,37 : Sewerage,37,37,5
2022,Cumbria,"38 : Waste collection, treatment and disposal activities; materials recovery",38,38,90
2022,Cumbria,"39 : Remediation activities and other waste management services. This division includes the provision of remediation services, i.e. the cleanup of contaminated buildings and sites, soil, surface or ground water.",39,39,10
2022,Cumbria,41 : Construction of buildings,41,41,720
2022,Cumbria,42 : Civil engineering,42,42,210
2022,Cumbria,43 : Specialised construction activities,43,43,780
2022,Cumbria,45 : Wholesale and retail trade and repair of motor vehicles and motorcycles,45,45,805
2022,Cumbria,"46 : Wholesale trade, except of motor vehicles and motorcycles",46,46,1470
2022,Cumbria,"47 : Retail trade, except of motor vehicles and motorcycles",47,47,13095
2022,Cumbria,49 : Land transport and transport via pipelines,49,49,545
2022,Cumbria,50 : Water transport,50,50,65
2022,Cumbria,51 : Air transport,51,51,0
2022,Cumbria,52 : Warehousing and support activities for transportation,52,52,140
2022,Cumbria,53 : Postal and courier activities,53,53,455
2022,Cumbria,55 : Accommodation,55,55,4250
2022,Cumbria,56 : Food and beverage service activities,56,56,12400
2022,Cumbria,58 : Publishing activities,58,58,45
2022,Cumbria,"59 : Motion picture, video and television programme production, sound recording and music publishing activities",59,59,85
2022,Cumbria,60 : Programming and broadcasting activities,60,60,20
2022,Cumbria,61 : Telecommunications,61,61,50
2022,Cumbria,"62 : Computer programming, consultancy and related activities",62,62,235
2022,Cumbria,63 : Information service activities,63,63,10
2022,Cumbria,"64 : Financial service activities, except insurance and pension funding",64,64,365
2022,Cumbria,"65 : Insurance, reinsurance and pension funding, except compulsory social security",65,65,0
2022,Cumbria,66 : Activities auxiliary to financial services and insurance activities,66,66,155
2022,Cumbria,68 : Real estate activities,68,68,800
2022,Cumbria,69 : Legal and accounting activities,69,69,900
2022,Cumbria,70 : Activities of head offices; management consultancy activities,70,70,620
2022,Cumbria,71 : Architectural and engineering activities; technical testing and analysis,71,71,610
2022,Cumbria,72 : Scientific research and development,72,72,5
2022,Cumbria,73 : Advertising and market research,73,73,15
2022,Cumbria,"74 : Other professional, scientific and technical activities",74,74,160
2022,Cumbria,75 : Veterinary activities,75,75,500
2022,Cumbria,77 : Rental and leasing activities,77,77,75
2022,Cumbria,78 : Employment activities,78,78,600
2022,Cumbria,"79 : Travel agency, tour operator and other reservation service and related activities",79,79,205
2022,Cumbria,80 : Security and investigation activities,80,80,105
2022,Cumbria,81 : Services to buildings and landscape activities,81,81,1975
2022,Cumbria,"82 : Office administrative, office support and other business support activities",82,82,305
2022,Cumbria,84 : Public administration and defence; compulsory social security,84,84,2785
2022,Cumbria,85 : Education,85,85,7565
2022,Cumbria,86 : Human health activities,86,86,8425
2022,Cumbria,87 : Residential care activities,87,87,4200
2022,Cumbria,88 : Social work activities without accommodation,88,88,1600
2022,Cumbria,"90 : Creative, arts and entertainment activities",90,90,85
2022,Cumbria,"91 : Libraries, archives, museums and other cultural activities",91,91,775
2022,Cumbria,92 : Gambling and betting activities,92,92,200
2022,Cumbria,93 : Sports activities and amusement and recreation activities,93,93,1725
2022,Cumbria,94 : Activities of membership organisations,94,94,1070
2022,Cumbria,95 : Repair of computers and personal and household goods,95,95,65
2022,Cumbria,96 : Other personal service activities,96,96,625
2022,Cumbria,97 : Activities of households as employers of domestic personnel,97,97,0
2022,Cumbria,98 : Undifferentiated goods- and services-producing activities of private households for own use,98,98,0
2022,Cumbria,99 : Activities of extraterritorial organisations and bodies,99,99,0
2022,Derbyshire and Nottinghamshire,"01 : Crop and animal production, hunting and related service activities",01,1,890
2022,Derbyshire and Nottinghamshire,02 : Forestry and logging,02,2,70
2022,Derbyshire and Nottinghamshire,03 : Fishing and aquaculture,03,3,5
2022,Derbyshire and Nottinghamshire,05 : Mining of coal and lignite,05,5,0
2022,Derbyshire and Nottinghamshire,06 : Extraction of crude petroleum and natural gas,06,6,0
2022,Derbyshire and Nottinghamshire,07 : Mining of metal ores,07,7,0
2022,Derbyshire and Nottinghamshire,08 : Other mining and quarrying,08,8,45
2022,Derbyshire and Nottinghamshire,09 : Mining support service activities,09,9,10
2022,Derbyshire and Nottinghamshire,10 : Manufacture of food products,10,10,2050
2022,Derbyshire and Nottinghamshire,11 : Manufacture of beverages,11,11,200
2022,Derbyshire and Nottinghamshire,12 : Manufacture of tobacco products,12,12,0
2022,Derbyshire and Nottinghamshire,13 : Manufacture of textiles,13,13,490
2022,Derbyshire and Nottinghamshire,14 : Manufacture of wearing apparel,14,14,175
2022,Derbyshire and Nottinghamshire,15 : Manufacture of leather and related products,15,15,10
2022,Derbyshire and Nottinghamshire,"16 : Manufacture of wood and of products of wood and cork, except furniture;manufacture of articles of straw and plaiting materials",16,16,680
2022,Derbyshire and Nottinghamshire,17 : Manufacture of paper and paper products,17,17,85
2022,Derbyshire and Nottinghamshire,18 : Printing and reproduction of recorded media,18,18,605
2022,Derbyshire and Nottinghamshire,19 : Manufacture of coke and refined petroleum products,19,19,30
2022,Derbyshire and Nottinghamshire,20 : Manufacture of chemicals and chemical products,20,20,180
2022,Derbyshire and Nottinghamshire,21 : Manufacture of basic pharmaceutical products and pharmaceutical preparations,21,21,65
2022,Derbyshire and Nottinghamshire,22 : Manufacture of rubber and plastic products,22,22,810
2022,Derbyshire and Nottinghamshire,23 : Manufacture of other non-metallic mineral products,23,23,300
2022,Derbyshire and Nottinghamshire,24 : Manufacture of basic metals,24,24,45
2022,Derbyshire and Nottinghamshire,"25 : Manufacture of fabricated metal products, except machinery and equipment",25,25,1160
2022,Derbyshire and Nottinghamshire,"26 : Manufacture of computer, electronic and optical products",26,26,380
2022,Derbyshire and Nottinghamshire,27 : Manufacture of electrical equipment,27,27,175
2022,Derbyshire and Nottinghamshire,28 : Manufacture of machinery and equipment n.e.c.,28,28,585
2022,Derbyshire and Nottinghamshire,"29 : Manufacture of motor vehicles, trailers and semi-trailers",29,29,55
2022,Derbyshire and Nottinghamshire,30 : Manufacture of other transport equipment,30,30,235
2022,Derbyshire and Nottinghamshire,31 : Manufacture of furniture,31,31,655
2022,Derbyshire and Nottinghamshire,32 : Other manufacturing,32,32,250
2022,Derbyshire and Nottinghamshire,33 : Repair and installation of machinery and equipment,33,33,260
2022,Derbyshire and Nottinghamshire,"35 : Electricity, gas, steam and air conditioning supply",35,35,465
2022,Derbyshire and Nottinghamshire,"36 : Water collection, treatment and supply",36,36,125
2022,Derbyshire and Nottinghamshire,37 : Sewerage,37,37,20
2022,Derbyshire and Nottinghamshire,"38 : Waste collection, treatment and disposal activities; materials recovery",38,38,455
2022,Derbyshire and Nottinghamshire,"39 : Remediation activities and other waste management services. This division includes the provision of remediation services, i.e. the cleanup of contaminated buildings and sites, soil, surface or ground water.",39,39,0
2022,Derbyshire and Nottinghamshire,41 : Construction of buildings,41,41,2600
2022,Derbyshire and Nottinghamshire,42 : Civil engineering,42,42,960
2022,Derbyshire and Nottinghamshire,43 : Specialised construction activities,43,43,4510
2022,Derbyshire and Nottinghamshire,45 : Wholesale and retail trade and repair of motor vehicles and motorcycles,45,45,3285
2022,Derbyshire and Nottinghamshire,"46 : Wholesale trade, except of motor vehicles and motorcycles",46,46,5480
2022,Derbyshire and Nottinghamshire,"47 : Retail trade, except of motor vehicles and motorcycles",47,47,49645
2022,Derbyshire and Nottinghamshire,49 : Land transport and transport via pipelines,49,49,2075
2022,Derbyshire and Nottinghamshire,50 : Water transport,50,50,0
2022,Derbyshire and Nottinghamshire,51 : Air transport,51,51,0
2022,Derbyshire and Nottinghamshire,52 : Warehousing and support activities for transportation,52,52,2180
2022,Derbyshire and Nottinghamshire,53 : Postal and courier activities,53,53,4925
2022,Derbyshire and Nottinghamshire,55 : Accommodation,55,55,5925
2022,Derbyshire and Nottinghamshire,56 : Food and beverage service activities,56,56,45750
2022,Derbyshire and Nottinghamshire,58 : Publishing activities,58,58,335
2022,Derbyshire and Nottinghamshire,"59 : Motion picture, video and television programme production, sound recording and music publishing activities",59,59,1080
2022,Derbyshire and Nottinghamshire,60 : Programming and broadcasting activities,60,60,145
2022,Derbyshire and Nottinghamshire,61 : Telecommunications,61,61,210
2022,Derbyshire and Nottinghamshire,"62 : Computer programming, consultancy and related activities",62,62,1855
2022,Derbyshire and Nottinghamshire,63 : Information service activities,63,63,230
2022,Derbyshire and Nottinghamshire,"64 : Financial service activities, except insurance and pension funding",64,64,850
2022,Derbyshire and Nottinghamshire,"65 : Insurance, reinsurance and pension funding, except compulsory social security",65,65,255
2022,Derbyshire and Nottinghamshire,66 : Activities auxiliary to financial services and insurance activities,66,66,1750
2022,Derbyshire and Nottinghamshire,68 : Real estate activities,68,68,4050
2022,Derbyshire and Nottinghamshire,69 : Legal and accounting activities,69,69,4180
2022,Derbyshire and Nottinghamshire,70 : Activities of head offices; management consultancy activities,70,70,5675
2022,Derbyshire and Nottinghamshire,71 : Architectural and engineering activities; technical testing and analysis,71,71,2685
2022,Derbyshire and Nottinghamshire,72 : Scientific research and development,72,72,410
2022,Derbyshire and Nottinghamshire,73 : Advertising and market research,73,73,850
2022,Derbyshire and Nottinghamshire,"74 : Other professional, scientific and technical activities",74,74,995
2022,Derbyshire and Nottinghamshire,75 : Veterinary activities,75,75,1000
2022,Derbyshire and Nottinghamshire,77 : Rental and leasing activities,77,77,830
2022,Derbyshire and Nottinghamshire,78 : Employment activities,78,78,10580
2022,Derbyshire and Nottinghamshire,"79 : Travel agency, tour operator and other reservation service and related activities",79,79,350
2022,Derbyshire and Nottinghamshire,80 : Security and investigation activities,80,80,2955
2022,Derbyshire and Nottinghamshire,81 : Services to buildings and landscape activities,81,81,7260
2022,Derbyshire and Nottinghamshire,"82 : Office administrative, office support and other business support activities",82,82,5195
2022,Derbyshire and Nottinghamshire,84 : Public administration and defence; compulsory social security,84,84,8740
2022,Derbyshire and Nottinghamshire,85 : Education,85,85,40235
2022,Derbyshire and Nottinghamshire,86 : Human health activities,86,86,36850
2022,Derbyshire and Nottinghamshire,87 : Residential care activities,87,87,11100
2022,Derbyshire and Nottinghamshire,88 : Social work activities without accommodation,88,88,13000
2022,Derbyshire and Nottinghamshire,"90 : Creative, arts and entertainment activities",90,90,650
2022,Derbyshire and Nottinghamshire,"91 : Libraries, archives, museums and other cultural activities",91,91,1655
2022,Derbyshire and Nottinghamshire,92 : Gambling and betting activities,92,92,1000
2022,Derbyshire and Nottinghamshire,93 : Sports activities and amusement and recreation activities,93,93,10005
2022,Derbyshire and Nottinghamshire,94 : Activities of membership organisations,94,94,2125
2022,Derbyshire and Nottinghamshire,95 : Repair of computers and personal and household goods,95,95,645
2022,Derbyshire and Nottinghamshire,96 : Other personal service activities,96,96,2225
2022,Derbyshire and Nottinghamshire,97 : Activities of households as employers of domestic personnel,97,97,0
2022,Derbyshire and Nottinghamshire,98 : Undifferentiated goods- and services-producing activities of private households for own use,98,98,0
2022,Derbyshire and Nottinghamshire,99 : Activities of extraterritorial organisations and bodies,99,99,0
2022,Devon,"01 : Crop and animal production, hunting and related service activities",01,1,1805
2022,Devon,02 : Forestry and logging,02,2,70
2022,Devon,03 : Fishing and aquaculture,03,3,85
2022,Devon,05 : Mining of coal and lignite,05,5,0
2022,Devon,06 : Extraction of crude petroleum and natural gas,06,6,0
2022,Devon,07 : Mining of metal ores,07,7,0
2022,Devon,08 : Other mining and quarrying,08,8,0
2022,Devon,09 : Mining support service activities,09,9,0
2022,Devon,10 : Manufacture of food products,10,10,870
2022,Devon,11 : Manufacture of beverages,11,11,320
2022,Devon,12 : Manufacture of tobacco products,12,12,0
2022,Devon,13 : Manufacture of textiles,13,13,300
2022,Devon,14 : Manufacture of wearing apparel,14,14,25
2022,Devon,15 : Manufacture of leather and related products,15,15,10
2022,Devon,"16 : Manufacture of wood and of products of wood and cork, except furniture;manufacture of articles of straw and plaiting materials",16,16,125
2022,Devon,17 : Manufacture of paper and paper products,17,17,40
2022,Devon,18 : Printing and reproduction of recorded media,18,18,190
2022,Devon,19 : Manufacture of coke and refined petroleum products,19,19,0
2022,Devon,20 : Manufacture of chemicals and chemical products,20,20,10
2022,Devon,21 : Manufacture of basic pharmaceutical products and pharmaceutical preparations,21,21,100
2022,Devon,22 : Manufacture of rubber and plastic products,22,22,175
2022,Devon,23 : Manufacture of other non-metallic mineral products,23,23,20
2022,Devon,24 : Manufacture of basic metals,24,24,10
2022,Devon,"25 : Manufacture of fabricated metal products, except machinery and equipment",25,25,435
2022,Devon,"26 : Manufacture of computer, electronic and optical products",26,26,75
2022,Devon,27 : Manufacture of electrical equipment,27,27,125
2022,Devon,28 : Manufacture of machinery and equipment n.e.c.,28,28,345
2022,Devon,"29 : Manufacture of motor vehicles, trailers and semi-trailers",29,29,45
2022,Devon,30 : Manufacture of other transport equipment,30,30,395
2022,Devon,31 : Manufacture of furniture,31,31,250
2022,Devon,32 : Other manufacturing,32,32,230
2022,Devon,33 : Repair and installation of machinery and equipment,33,33,175
2022,Devon,"35 : Electricity, gas, steam and air conditioning supply",35,35,200
2022,Devon,"36 : Water collection, treatment and supply",36,36,150
2022,Devon,37 : Sewerage,37,37,25
2022,Devon,"38 : Waste collection, treatment and disposal activities; materials recovery",38,38,120
2022,Devon,"39 : Remediation activities and other waste management services. This division includes the provision of remediation services, i.e. the cleanup of contaminated buildings and sites, soil, surface or ground water.",39,39,10
2022,Devon,41 : Construction of buildings,41,41,1950
2022,Devon,42 : Civil engineering,42,42,215
2022,Devon,43 : Specialised construction activities,43,43,2405
2022,Devon,45 : Wholesale and retail trade and repair of motor vehicles and motorcycles,45,45,1555
2022,Devon,"46 : Wholesale trade, except of motor vehicles and motorcycles",46,46,2250
2022,Devon,"47 : Retail trade, except of motor vehicles and motorcycles",47,47,31030
2022,Devon,49 : Land transport and transport via pipelines,49,49,1195
2022,Devon,50 : Water transport,50,50,50
2022,Devon,51 : Air transport,51,51,110
2022,Devon,52 : Warehousing and support activities for transportation,52,52,830
2022,Devon,53 : Postal and courier activities,53,53,1700
2022,Devon,55 : Accommodation,55,55,8250
2022,Devon,56 : Food and beverage service activities,56,56,24500
2022,Devon,58 : Publishing activities,58,58,250
2022,Devon,"59 : Motion picture, video and television programme production, sound recording and music publishing activities",59,59,350
2022,Devon,60 : Programming and broadcasting activities,60,60,10
2022,Devon,61 : Telecommunications,61,61,820
2022,Devon,"62 : Computer programming, consultancy and related activities",62,62,580
2022,Devon,63 : Information service activities,63,63,160
2022,Devon,"64 : Financial service activities, except insurance and pension funding",64,64,475
2022,Devon,"65 : Insurance, reinsurance and pension funding, except compulsory social security",65,65,45
2022,Devon,66 : Activities auxiliary to financial services and insurance activities,66,66,645
2022,Devon,68 : Real estate activities,68,68,2725
2022,Devon,69 : Legal and accounting activities,69,69,2985
2022,Devon,70 : Activities of head offices; management consultancy activities,70,70,1425
2022,Devon,71 : Architectural and engineering activities; technical testing and analysis,71,71,1260
2022,Devon,72 : Scientific research and development,72,72,145
2022,Devon,73 : Advertising and market research,73,73,330
2022,Devon,"74 : Other professional, scientific and technical activities",74,74,795
2022,Devon,75 : Veterinary activities,75,75,800
2022,Devon,77 : Rental and leasing activities,77,77,395
2022,Devon,78 : Employment activities,78,78,2730
2022,Devon,"79 : Travel agency, tour operator and other reservation service and related activities",79,79,170
2022,Devon,80 : Security and investigation activities,80,80,590
2022,Devon,81 : Services to buildings and landscape activities,81,81,3845
2022,Devon,"82 : Office administrative, office support and other business support activities",82,82,1970
2022,Devon,84 : Public administration and defence; compulsory social security,84,84,5075
2022,Devon,85 : Education,85,85,25750
2022,Devon,86 : Human health activities,86,86,21000
2022,Devon,87 : Residential care activities,87,87,6550
2022,Devon,88 : Social work activities without accommodation,88,88,5250
2022,Devon,"90 : Creative, arts and entertainment activities",90,90,675
2022,Devon,"91 : Libraries, archives, museums and other cultural activities",91,91,1085
2022,Devon,92 : Gambling and betting activities,92,92,350
2022,Devon,93 : Sports activities and amusement and recreation activities,93,93,6160
2022,Devon,94 : Activities of membership organisations,94,94,2005
2022,Devon,95 : Repair of computers and personal and household goods,95,95,30
2022,Devon,96 : Other personal service activities,96,96,2500
2022,Devon,97 : Activities of households as employers of domestic personnel,97,97,0
2022,Devon,98 : Undifferentiated goods- and services-producing activities of private households for own use,98,98,0
2022,Devon,99 : Activities of extraterritorial organisations and bodies,99,99,0
2022,Dorset and Somerset,"01 : Crop and animal production, hunting and related service activities",01,1,1660
2022,Dorset and Somerset,02 : Forestry and logging,02,2,20
2022,Dorset and Somerset,03 : Fishing and aquaculture,03,3,0
2022,Dorset and Somerset,05 : Mining of coal and lignite,05,5,0
2022,Dorset and Somerset,06 : Extraction of crude petroleum and natural gas,06,6,0
2022,Dorset and Somerset,07 : Mining of metal ores,07,7,0
2022,Dorset and Somerset,08 : Other mining and quarrying,08,8,5
2022,Dorset and Somerset,09 : Mining support service activities,09,9,0
2022,Dorset and Somerset,10 : Manufacture of food products,10,10,730
2022,Dorset and Somerset,11 : Manufacture of beverages,11,11,275
2022,Dorset and Somerset,12 : Manufacture of tobacco products,12,12,0
2022,Dorset and Somerset,13 : Manufacture of textiles,13,13,280
2022,Dorset and Somerset,14 : Manufacture of wearing apparel,14,14,50
2022,Dorset and Somerset,15 : Manufacture of leather and related products,15,15,75
2022,Dorset and Somerset,"16 : Manufacture of wood and of products of wood and cork, except furniture;manufacture of articles of straw and plaiting materials",16,16,180
2022,Dorset and Somerset,17 : Manufacture of paper and paper products,17,17,20
2022,Dorset and Somerset,18 : Printing and reproduction of recorded media,18,18,105
2022,Dorset and Somerset,19 : Manufacture of coke and refined petroleum products,19,19,0
2022,Dorset and Somerset,20 : Manufacture of chemicals and chemical products,20,20,90
2022,Dorset and Somerset,21 : Manufacture of basic pharmaceutical products and pharmaceutical preparations,21,21,10
2022,Dorset and Somerset,22 : Manufacture of rubber and plastic products,22,22,130
2022,Dorset and Somerset,23 : Manufacture of other non-metallic mineral products,23,23,25
2022,Dorset and Somerset,24 : Manufacture of basic metals,24,24,15
2022,Dorset and Somerset,"25 : Manufacture of fabricated metal products, except machinery and equipment",25,25,405
2022,Dorset and Somerset,"26 : Manufacture of computer, electronic and optical products",26,26,195
2022,Dorset and Somerset,27 : Manufacture of electrical equipment,27,27,335
2022,Dorset and Somerset,28 : Manufacture of machinery and equipment n.e.c.,28,28,390
2022,Dorset and Somerset,"29 : Manufacture of motor vehicles, trailers and semi-trailers",29,29,15
2022,Dorset and Somerset,30 : Manufacture of other transport equipment,30,30,655
2022,Dorset and Somerset,31 : Manufacture of furniture,31,31,280
2022,Dorset and Somerset,32 : Other manufacturing,32,32,150
2022,Dorset and Somerset,33 : Repair and installation of machinery and equipment,33,33,180
2022,Dorset and Somerset,"35 : Electricity, gas, steam and air conditioning supply",35,35,10
2022,Dorset and Somerset,"36 : Water collection, treatment and supply",36,36,20
2022,Dorset and Somerset,37 : Sewerage,37,37,75
2022,Dorset and Somerset,"38 : Waste collection, treatment and disposal activities; materials recovery",38,38,50
2022,Dorset and Somerset,"39 : Remediation activities and other waste management services. This division includes the provision of remediation services, i.e. the cleanup of contaminated buildings and sites, soil, surface or ground water.",39,39,5
2022,Dorset and Somerset,41 : Construction of buildings,41,41,1350
2022,Dorset and Somerset,42 : Civil engineering,42,42,175
2022,Dorset and Somerset,43 : Specialised construction activities,43,43,1790
2022,Dorset and Somerset,45 : Wholesale and retail trade and repair of motor vehicles and motorcycles,45,45,1475
2022,Dorset and Somerset,"46 : Wholesale trade, except of motor vehicles and motorcycles",46,46,1830
2022,Dorset and Somerset,"47 : Retail trade, except of motor vehicles and motorcycles",47,47,20425
2022,Dorset and Somerset,49 : Land transport and transport via pipelines,49,49,990
2022,Dorset and Somerset,50 : Water transport,50,50,0
2022,Dorset and Somerset,51 : Air transport,51,51,0
2022,Dorset and Somerset,52 : Warehousing and support activities for transportation,52,52,450
2022,Dorset and Somerset,53 : Postal and courier activities,53,53,675
2022,Dorset and Somerset,55 : Accommodation,55,55,4010
2022,Dorset and Somerset,56 : Food and beverage service activities,56,56,13500
2022,Dorset and Somerset,58 : Publishing activities,58,58,190
2022,Dorset and Somerset,"59 : Motion picture, video and television programme production, sound recording and music publishing activities",59,59,180
2022,Dorset and Somerset,60 : Programming and broadcasting activities,60,60,5
2022,Dorset and Somerset,61 : Telecommunications,61,61,55
2022,Dorset and Somerset,"62 : Computer programming, consultancy and related activities",62,62,480
2022,Dorset and Somerset,63 : Information service activities,63,63,85
2022,Dorset and Somerset,"64 : Financial service activities, except insurance and pension funding",64,64,260
2022,Dorset and Somerset,"65 : Insurance, reinsurance and pension funding, except compulsory social security",65,65,5
2022,Dorset and Somerset,66 : Activities auxiliary to financial services and insurance activities,66,66,275
2022,Dorset and Somerset,68 : Real estate activities,68,68,2600
2022,Dorset and Somerset,69 : Legal and accounting activities,69,69,1905
2022,Dorset and Somerset,70 : Activities of head offices; management consultancy activities,70,70,1965
2022,Dorset and Somerset,71 : Architectural and engineering activities; technical testing and analysis,71,71,1010
2022,Dorset and Somerset,72 : Scientific research and development,72,72,25
2022,Dorset and Somerset,73 : Advertising and market research,73,73,135
2022,Dorset and Somerset,"74 : Other professional, scientific and technical activities",74,74,320
2022,Dorset and Somerset,75 : Veterinary activities,75,75,500
2022,Dorset and Somerset,77 : Rental and leasing activities,77,77,310
2022,Dorset and Somerset,78 : Employment activities,78,78,3760
2022,Dorset and Somerset,"79 : Travel agency, tour operator and other reservation service and related activities",79,79,80
2022,Dorset and Somerset,80 : Security and investigation activities,80,80,255
2022,Dorset and Somerset,81 : Services to buildings and landscape activities,81,81,2830
2022,Dorset and Somerset,"82 : Office administrative, office support and other business support activities",82,82,2500
2022,Dorset and Somerset,84 : Public administration and defence; compulsory social security,84,84,2540
2022,Dorset and Somerset,85 : Education,85,85,19380
2022,Dorset and Somerset,86 : Human health activities,86,86,13625
2022,Dorset and Somerset,87 : Residential care activities,87,87,4350
2022,Dorset and Somerset,88 : Social work activities without accommodation,88,88,3350
2022,Dorset and Somerset,"90 : Creative, arts and entertainment activities",90,90,290
2022,Dorset and Somerset,"91 : Libraries, archives, museums and other cultural activities",91,91,810
2022,Dorset and Somerset,92 : Gambling and betting activities,92,92,175
2022,Dorset and Somerset,93 : Sports activities and amusement and recreation activities,93,93,3720
2022,Dorset and Somerset,94 : Activities of membership organisations,94,94,1000
2022,Dorset and Somerset,95 : Repair of computers and personal and household goods,95,95,155
2022,Dorset and Somerset,96 : Other personal service activities,96,96,2450
2022,Dorset and Somerset,97 : Activities of households as employers of domestic personnel,97,97,0
2022,Dorset and Somerset,98 : Undifferentiated goods- and services-producing activities of private households for own use,98,98,0
2022,Dorset and Somerset,99 : Activities of extraterritorial organisations and bodies,99,99,0
2022,East Anglia,"01 : Crop and animal production, hunting and related service activities",01,1,2990
2022,East Anglia,02 : Forestry and logging,02,2,170
2022,East Anglia,03 : Fishing and aquaculture,03,3,60
2022,East Anglia,05 : Mining of coal and lignite,05,5,0
2022,East Anglia,06 : Extraction of crude petroleum and natural gas,06,6,0
2022,East Anglia,07 : Mining of metal ores,07,7,0
2022,East Anglia,08 : Other mining and quarrying,08,8,0
2022,East Anglia,09 : Mining support service activities,09,9,0
2022,East Anglia,10 : Manufacture of food products,10,10,2480
2022,East Anglia,11 : Manufacture of beverages,11,11,155
2022,East Anglia,12 : Manufacture of tobacco products,12,12,0
2022,East Anglia,13 : Manufacture of textiles,13,13,555
2022,East Anglia,14 : Manufacture of wearing apparel,14,14,200
2022,East Anglia,15 : Manufacture of leather and related products,15,15,55
2022,East Anglia,"16 : Manufacture of wood and of products of wood and cork, except furniture;manufacture of articles of straw and plaiting materials",16,16,155
2022,East Anglia,17 : Manufacture of paper and paper products,17,17,295
2022,East Anglia,18 : Printing and reproduction of recorded media,18,18,345
2022,East Anglia,19 : Manufacture of coke and refined petroleum products,19,19,0
2022,East Anglia,20 : Manufacture of chemicals and chemical products,20,20,115
2022,East Anglia,21 : Manufacture of basic pharmaceutical products and pharmaceutical preparations,21,21,55
2022,East Anglia,22 : Manufacture of rubber and plastic products,22,22,435
2022,East Anglia,23 : Manufacture of other non-metallic mineral products,23,23,675
2022,East Anglia,24 : Manufacture of basic metals,24,24,30
2022,East Anglia,"25 : Manufacture of fabricated metal products, except machinery and equipment",25,25,440
2022,East Anglia,"26 : Manufacture of computer, electronic and optical products",26,26,855
2022,East Anglia,27 : Manufacture of electrical equipment,27,27,205
2022,East Anglia,28 : Manufacture of machinery and equipment n.e.c.,28,28,970
2022,East Anglia,"29 : Manufacture of motor vehicles, trailers and semi-trailers",29,29,155
2022,East Anglia,30 : Manufacture of other transport equipment,30,30,90
2022,East Anglia,31 : Manufacture of furniture,31,31,430
2022,East Anglia,32 : Other manufacturing,32,32,95
2022,East Anglia,33 : Repair and installation of machinery and equipment,33,33,785
2022,East Anglia,"35 : Electricity, gas, steam and air conditioning supply",35,35,155
2022,East Anglia,"36 : Water collection, treatment and supply",36,36,300
2022,East Anglia,37 : Sewerage,37,37,350
2022,East Anglia,"38 : Waste collection, treatment and disposal activities; materials recovery",38,38,185
2022,East Anglia,"39 : Remediation activities and other waste management services. This division includes the provision of remediation services, i.e. the cleanup of contaminated buildings and sites, soil, surface or ground water.",39,39,50
2022,East Anglia,41 : Construction of buildings,41,41,2600
2022,East Anglia,42 : Civil engineering,42,42,1020
2022,East Anglia,43 : Specialised construction activities,43,43,5840
2022,East Anglia,45 : Wholesale and retail trade and repair of motor vehicles and motorcycles,45,45,3650
2022,East Anglia,"46 : Wholesale trade, except of motor vehicles and motorcycles",46,46,5190
2022,East Anglia,"47 : Retail trade, except of motor vehicles and motorcycles",47,47,53845
2022,East Anglia,49 : Land transport and transport via pipelines,49,49,2760
2022,East Anglia,50 : Water transport,50,50,95
2022,East Anglia,51 : Air transport,51,51,25
2022,East Anglia,52 : Warehousing and support activities for transportation,52,52,2630
2022,East Anglia,53 : Postal and courier activities,53,53,1235
2022,East Anglia,55 : Accommodation,55,55,7020
2022,East Anglia,56 : Food and beverage service activities,56,56,41750
2022,East Anglia,58 : Publishing activities,58,58,775
2022,East Anglia,"59 : Motion picture, video and television programme production, sound recording and music publishing activities",59,59,545
2022,East Anglia,60 : Programming and broadcasting activities,60,60,50
2022,East Anglia,61 : Telecommunications,61,61,420
2022,East Anglia,"62 : Computer programming, consultancy and related activities",62,62,3620
2022,East Anglia,63 : Information service activities,63,63,265
2022,East Anglia,"64 : Financial service activities, except insurance and pension funding",64,64,1420
2022,East Anglia,"65 : Insurance, reinsurance and pension funding, except compulsory social security",65,65,925
2022,East Anglia,66 : Activities auxiliary to financial services and insurance activities,66,66,2455
2022,East Anglia,68 : Real estate activities,68,68,5175
2022,East Anglia,69 : Legal and accounting activities,69,69,4020
2022,East Anglia,70 : Activities of head offices; management consultancy activities,70,70,4075
2022,East Anglia,71 : Architectural and engineering activities; technical testing and analysis,71,71,2650
2022,East Anglia,72 : Scientific research and development,72,72,1850
2022,East Anglia,73 : Advertising and market research,73,73,925
2022,East Anglia,"74 : Other professional, scientific and technical activities",74,74,1810
2022,East Anglia,75 : Veterinary activities,75,75,1250
2022,East Anglia,77 : Rental and leasing activities,77,77,635
2022,East Anglia,78 : Employment activities,78,78,10085
2022,East Anglia,"79 : Travel agency, tour operator and other reservation service and related activities",79,79,315
2022,East Anglia,80 : Security and investigation activities,80,80,510
2022,East Anglia,81 : Services to buildings and landscape activities,81,81,9330
2022,East Anglia,"82 : Office administrative, office support and other business support activities",82,82,3390
2022,East Anglia,84 : Public administration and defence; compulsory social security,84,84,10800
2022,East Anglia,85 : Education,85,85,47050
2022,East Anglia,86 : Human health activities,86,86,33800
2022,East Anglia,87 : Residential care activities,87,87,13250
2022,East Anglia,88 : Social work activities without accommodation,88,88,11000
2022,East Anglia,"90 : Creative, arts and entertainment activities",90,90,720
2022,East Anglia,"91 : Libraries, archives, museums and other cultural activities",91,91,2575
2022,East Anglia,92 : Gambling and betting activities,92,92,600
2022,East Anglia,93 : Sports activities and amusement and recreation activities,93,93,8675
2022,East Anglia,94 : Activities of membership organisations,94,94,2780
2022,East Anglia,95 : Repair of computers and personal and household goods,95,95,180
2022,East Anglia,96 : Other personal service activities,96,96,3175
2022,East Anglia,97 : Activities of households as employers of domestic personnel,97,97,0
2022,East Anglia,98 : Undifferentiated goods- and services-producing activities of private households for own use,98,98,0
2022,East Anglia,99 : Activities of extraterritorial organisations and bodies,99,99,0
2022,East Wales,"01 : Crop and animal production, hunting and related service activities",01,1,1090
2022,East Wales,02 : Forestry and logging,02,2,140
2022,East Wales,03 : Fishing and aquaculture,03,3,15
2022,East Wales,05 : Mining of coal and lignite,05,5,0
2022,East Wales,06 : Extraction of crude petroleum and natural gas,06,6,0
2022,East Wales,07 : Mining of metal ores,07,7,0
2022,East Wales,08 : Other mining and quarrying,08,8,10
2022,East Wales,09 : Mining support service activities,09,9,0
2022,East Wales,10 : Manufacture of food products,10,10,1275
2022,East Wales,11 : Manufacture of beverages,11,11,130
2022,East Wales,12 : Manufacture of tobacco products,12,12,0
2022,East Wales,13 : Manufacture of textiles,13,13,115
2022,East Wales,14 : Manufacture of wearing apparel,14,14,15
2022,East Wales,15 : Manufacture of leather and related products,15,15,60
2022,East Wales,"16 : Manufacture of wood and of products of wood and cork, except furniture;manufacture of articles of straw and plaiting materials",16,16,215
2022,East Wales,17 : Manufacture of paper and paper products,17,17,60
2022,East Wales,18 : Printing and reproduction of recorded media,18,18,170
2022,East Wales,19 : Manufacture of coke and refined petroleum products,19,19,0
2022,East Wales,20 : Manufacture of chemicals and chemical products,20,20,185
2022,East Wales,21 : Manufacture of basic pharmaceutical products and pharmaceutical preparations,21,21,50
2022,East Wales,22 : Manufacture of rubber and plastic products,22,22,100
2022,East Wales,23 : Manufacture of other non-metallic mineral products,23,23,55
2022,East Wales,24 : Manufacture of basic metals,24,24,65
2022,East Wales,"25 : Manufacture of fabricated metal products, except machinery and equipment",25,25,410
2022,East Wales,"26 : Manufacture of computer, electronic and optical products",26,26,180
2022,East Wales,27 : Manufacture of electrical equipment,27,27,145
2022,East Wales,28 : Manufacture of machinery and equipment n.e.c.,28,28,300
2022,East Wales,"29 : Manufacture of motor vehicles, trailers and semi-trailers",29,29,115
2022,East Wales,30 : Manufacture of other transport equipment,30,30,60
2022,East Wales,31 : Manufacture of furniture,31,31,60
2022,East Wales,32 : Other manufacturing,32,32,350
2022,East Wales,33 : Repair and installation of machinery and equipment,33,33,75
2022,East Wales,"35 : Electricity, gas, steam and air conditioning supply",35,35,750
2022,East Wales,"36 : Water collection, treatment and supply",36,36,150
2022,East Wales,37 : Sewerage,37,37,25
2022,East Wales,"38 : Waste collection, treatment and disposal activities; materials recovery",38,38,85
2022,East Wales,"39 : Remediation activities and other waste management services. This division includes the provision of remediation services, i.e. the cleanup of contaminated buildings and sites, soil, surface or ground water.",39,39,45
2022,East Wales,41 : Construction of buildings,41,41,1075
2022,East Wales,42 : Civil engineering,42,42,365
2022,East Wales,43 : Specialised construction activities,43,43,1805
2022,East Wales,45 : Wholesale and retail trade and repair of motor vehicles and motorcycles,45,45,1915
2022,East Wales,"46 : Wholesale trade, except of motor vehicles and motorcycles",46,46,2140
2022,East Wales,"47 : Retail trade, except of motor vehicles and motorcycles",47,47,29590
2022,East Wales,49 : Land transport and transport via pipelines,49,49,2210
2022,East Wales,50 : Water transport,50,50,10
2022,East Wales,51 : Air transport,51,51,30
2022,East Wales,52 : Warehousing and support activities for transportation,52,52,910
2022,East Wales,53 : Postal and courier activities,53,53,675
2022,East Wales,55 : Accommodation,55,55,4200
2022,East Wales,56 : Food and beverage service activities,56,56,22200
2022,East Wales,58 : Publishing activities,58,58,120
2022,East Wales,"59 : Motion picture, video and television programme production, sound recording and music publishing activities",59,59,460
2022,East Wales,60 : Programming and broadcasting activities,60,60,150
2022,East Wales,61 : Telecommunications,61,61,250
2022,East Wales,"62 : Computer programming, consultancy and related activities",62,62,1195
2022,East Wales,63 : Information service activities,63,63,175
2022,East Wales,"64 : Financial service activities, except insurance and pension funding",64,64,1295
2022,East Wales,"65 : Insurance, reinsurance and pension funding, except compulsory social security",65,65,510
2022,East Wales,66 : Activities auxiliary to financial services and insurance activities,66,66,1135
2022,East Wales,68 : Real estate activities,68,68,1455
2022,East Wales,69 : Legal and accounting activities,69,69,4095
2022,East Wales,70 : Activities of head offices; management consultancy activities,70,70,1860
2022,East Wales,71 : Architectural and engineering activities; technical testing and analysis,71,71,1475
2022,East Wales,72 : Scientific research and development,72,72,210
2022,East Wales,73 : Advertising and market research,73,73,310
2022,East Wales,"74 : Other professional, scientific and technical activities",74,74,670
2022,East Wales,75 : Veterinary activities,75,75,500
2022,East Wales,77 : Rental and leasing activities,77,77,505
2022,East Wales,78 : Employment activities,78,78,7255
2022,East Wales,"79 : Travel agency, tour operator and other reservation service and related activities",79,79,300
2022,East Wales,80 : Security and investigation activities,80,80,630
2022,East Wales,81 : Services to buildings and landscape activities,81,81,4610
2022,East Wales,"82 : Office administrative, office support and other business support activities",82,82,2435
2022,East Wales,84 : Public administration and defence; compulsory social security,84,84,8475
2022,East Wales,85 : Education,85,85,19540
2022,East Wales,86 : Human health activities,86,86,15625
2022,East Wales,87 : Residential care activities,87,87,7150
2022,East Wales,88 : Social work activities without accommodation,88,88,7250
2022,East Wales,"90 : Creative, arts and entertainment activities",90,90,825
2022,East Wales,"91 : Libraries, archives, museums and other cultural activities",91,91,955
2022,East Wales,92 : Gambling and betting activities,92,92,600
2022,East Wales,93 : Sports activities and amusement and recreation activities,93,93,5875
2022,East Wales,94 : Activities of membership organisations,94,94,3045
2022,East Wales,95 : Repair of computers and personal and household goods,95,95,155
2022,East Wales,96 : Other personal service activities,96,96,2175
2022,East Wales,97 : Activities of households as employers of domestic personnel,97,97,0
2022,East Wales,98 : Undifferentiated goods- and services-producing activities of private households for own use,98,98,0
2022,East Wales,99 : Activities of extraterritorial organisations and bodies,99,99,0
2022,East Yorkshire and Northern Lincolnshire,"01 : Crop and animal production, hunting and related service activities",01,1,555
2022,East Yorkshire and Northern Lincolnshire,02 : Forestry and logging,02,2,10
2022,East Yorkshire and Northern Lincolnshire,03 : Fishing and aquaculture,03,3,15
2022,East Yorkshire and Northern Lincolnshire,05 : Mining of coal and lignite,05,5,0
2022,East Yorkshire and Northern Lincolnshire,06 : Extraction of crude petroleum and natural gas,06,6,0
2022,East Yorkshire and Northern Lincolnshire,07 : Mining of metal ores,07,7,0
2022,East Yorkshire and Northern Lincolnshire,08 : Other mining and quarrying,08,8,5
2022,East Yorkshire and Northern Lincolnshire,09 : Mining support service activities,09,9,0
2022,East Yorkshire and Northern Lincolnshire,10 : Manufacture of food products,10,10,1970
2022,East Yorkshire and Northern Lincolnshire,11 : Manufacture of beverages,11,11,30
2022,East Yorkshire and Northern Lincolnshire,12 : Manufacture of tobacco products,12,12,0
2022,East Yorkshire and Northern Lincolnshire,13 : Manufacture of textiles,13,13,35
2022,East Yorkshire and Northern Lincolnshire,14 : Manufacture of wearing apparel,14,14,0
2022,East Yorkshire and Northern Lincolnshire,15 : Manufacture of leather and related products,15,15,10
2022,East Yorkshire and Northern Lincolnshire,"16 : Manufacture of wood and of products of wood and cork, except furniture;manufacture of articles of straw and plaiting materials",16,16,265
2022,East Yorkshire and Northern Lincolnshire,17 : Manufacture of paper and paper products,17,17,60
2022,East Yorkshire and Northern Lincolnshire,18 : Printing and reproduction of recorded media,18,18,660
2022,East Yorkshire and Northern Lincolnshire,19 : Manufacture of coke and refined petroleum products,19,19,10
2022,East Yorkshire and Northern Lincolnshire,20 : Manufacture of chemicals and chemical products,20,20,80
2022,East Yorkshire and Northern Lincolnshire,21 : Manufacture of basic pharmaceutical products and pharmaceutical preparations,21,21,60
2022,East Yorkshire and Northern Lincolnshire,22 : Manufacture of rubber and plastic products,22,22,320
2022,East Yorkshire and Northern Lincolnshire,23 : Manufacture of other non-metallic mineral products,23,23,290
2022,East Yorkshire and Northern Lincolnshire,24 : Manufacture of basic metals,24,24,120
2022,East Yorkshire and Northern Lincolnshire,"25 : Manufacture of fabricated metal products, except machinery and equipment",25,25,700
2022,East Yorkshire and Northern Lincolnshire,"26 : Manufacture of computer, electronic and optical products",26,26,30
2022,East Yorkshire and Northern Lincolnshire,27 : Manufacture of electrical equipment,27,27,25
2022,East Yorkshire and Northern Lincolnshire,28 : Manufacture of machinery and equipment n.e.c.,28,28,130
2022,East Yorkshire and Northern Lincolnshire,"29 : Manufacture of motor vehicles, trailers and semi-trailers",29,29,120
2022,East Yorkshire and Northern Lincolnshire,30 : Manufacture of other transport equipment,30,30,60
2022,East Yorkshire and Northern Lincolnshire,31 : Manufacture of furniture,31,31,155
2022,East Yorkshire and Northern Lincolnshire,32 : Other manufacturing,32,32,45
2022,East Yorkshire and Northern Lincolnshire,33 : Repair and installation of machinery and equipment,33,33,255
2022,East Yorkshire and Northern Lincolnshire,"35 : Electricity, gas, steam and air conditioning supply",35,35,20
2022,East Yorkshire and Northern Lincolnshire,"36 : Water collection, treatment and supply",36,36,5
2022,East Yorkshire and Northern Lincolnshire,37 : Sewerage,37,37,5
2022,East Yorkshire and Northern Lincolnshire,"38 : Waste collection, treatment and disposal activities; materials recovery",38,38,470
2022,East Yorkshire and Northern Lincolnshire,"39 : Remediation activities and other waste management services. This division includes the provision of remediation services, i.e. the cleanup of contaminated buildings and sites, soil, surface or ground water.",39,39,200
2022,East Yorkshire and Northern Lincolnshire,41 : Construction of buildings,41,41,260
2022,East Yorkshire and Northern Lincolnshire,42 : Civil engineering,42,42,70
2022,East Yorkshire and Northern Lincolnshire,43 : Specialised construction activities,43,43,1830
2022,East Yorkshire and Northern Lincolnshire,45 : Wholesale and retail trade and repair of motor vehicles and motorcycles,45,45,1425
2022,East Yorkshire and Northern Lincolnshire,"46 : Wholesale trade, except of motor vehicles and motorcycles",46,46,2150
2022,East Yorkshire and Northern Lincolnshire,"47 : Retail trade, except of motor vehicles and motorcycles",47,47,23595
2022,East Yorkshire and Northern Lincolnshire,49 : Land transport and transport via pipelines,49,49,1335
2022,East Yorkshire and Northern Lincolnshire,50 : Water transport,50,50,30
2022,East Yorkshire and Northern Lincolnshire,51 : Air transport,51,51,30
2022,East Yorkshire and Northern Lincolnshire,52 : Warehousing and support activities for transportation,52,52,855
2022,East Yorkshire and Northern Lincolnshire,53 : Postal and courier activities,53,53,950
2022,East Yorkshire and Northern Lincolnshire,55 : Accommodation,55,55,2825
2022,East Yorkshire and Northern Lincolnshire,56 : Food and beverage service activities,56,56,14450
2022,East Yorkshire and Northern Lincolnshire,58 : Publishing activities,58,58,110
2022,East Yorkshire and Northern Lincolnshire,"59 : Motion picture, video and television programme production, sound recording and music publishing activities",59,59,285
2022,East Yorkshire and Northern Lincolnshire,60 : Programming and broadcasting activities,60,60,20
2022,East Yorkshire and Northern Lincolnshire,61 : Telecommunications,61,61,85
2022,East Yorkshire and Northern Lincolnshire,"62 : Computer programming, consultancy and related activities",62,62,480
2022,East Yorkshire and Northern Lincolnshire,63 : Information service activities,63,63,235
2022,East Yorkshire and Northern Lincolnshire,"64 : Financial service activities, except insurance and pension funding",64,64,545
2022,East Yorkshire and Northern Lincolnshire,"65 : Insurance, reinsurance and pension funding, except compulsory social security",65,65,0
2022,East Yorkshire and Northern Lincolnshire,66 : Activities auxiliary to financial services and insurance activities,66,66,390
2022,East Yorkshire and Northern Lincolnshire,68 : Real estate activities,68,68,1525
2022,East Yorkshire and Northern Lincolnshire,69 : Legal and accounting activities,69,69,1415
2022,East Yorkshire and Northern Lincolnshire,70 : Activities of head offices; management consultancy activities,70,70,1490
2022,East Yorkshire and Northern Lincolnshire,71 : Architectural and engineering activities; technical testing and analysis,71,71,580
2022,East Yorkshire and Northern Lincolnshire,72 : Scientific research and development,72,72,5
2022,East Yorkshire and Northern Lincolnshire,73 : Advertising and market research,73,73,340
2022,East Yorkshire and Northern Lincolnshire,"74 : Other professional, scientific and technical activities",74,74,465
2022,East Yorkshire and Northern Lincolnshire,75 : Veterinary activities,75,75,300
2022,East Yorkshire and Northern Lincolnshire,77 : Rental and leasing activities,77,77,630
2022,East Yorkshire and Northern Lincolnshire,78 : Employment activities,78,78,3430
2022,East Yorkshire and Northern Lincolnshire,"79 : Travel agency, tour operator and other reservation service and related activities",79,79,190
2022,East Yorkshire and Northern Lincolnshire,80 : Security and investigation activities,80,80,110
2022,East Yorkshire and Northern Lincolnshire,81 : Services to buildings and landscape activities,81,81,3785
2022,East Yorkshire and Northern Lincolnshire,"82 : Office administrative, office support and other business support activities",82,82,980
2022,East Yorkshire and Northern Lincolnshire,84 : Public administration and defence; compulsory social security,84,84,5250
2022,East Yorkshire and Northern Lincolnshire,85 : Education,85,85,14585
2022,East Yorkshire and Northern Lincolnshire,86 : Human health activities,86,86,13000
2022,East Yorkshire and Northern Lincolnshire,87 : Residential care activities,87,87,4375
2022,East Yorkshire and Northern Lincolnshire,88 : Social work activities without accommodation,88,88,6250
2022,East Yorkshire and Northern Lincolnshire,"90 : Creative, arts and entertainment activities",90,90,225
2022,East Yorkshire and Northern Lincolnshire,"91 : Libraries, archives, museums and other cultural activities",91,91,590
2022,East Yorkshire and Northern Lincolnshire,92 : Gambling and betting activities,92,92,500
2022,East Yorkshire and Northern Lincolnshire,93 : Sports activities and amusement and recreation activities,93,93,3730
2022,East Yorkshire and Northern Lincolnshire,94 : Activities of membership organisations,94,94,975
2022,East Yorkshire and Northern Lincolnshire,95 : Repair of computers and personal and household goods,95,95,205
2022,East Yorkshire and Northern Lincolnshire,96 : Other personal service activities,96,96,1040
2022,East Yorkshire and Northern Lincolnshire,97 : Activities of households as employers of domestic personnel,97,97,0
2022,East Yorkshire and Northern Lincolnshire,98 : Undifferentiated goods- and services-producing activities of private households for own use,98,98,0
2022,East Yorkshire and Northern Lincolnshire,99 : Activities of extraterritorial organisations and bodies,99,99,0
2022,Eastern Scotland,"01 : Crop and animal production, hunting and related service activities",01,1,6300
2022,Eastern Scotland,02 : Forestry and logging,02,2,215
2022,Eastern Scotland,03 : Fishing and aquaculture,03,3,70
2022,Eastern Scotland,05 : Mining of coal and lignite,05,5,0
2022,Eastern Scotland,06 : Extraction of crude petroleum and natural gas,06,6,20
2022,Eastern Scotland,07 : Mining of metal ores,07,7,0
2022,Eastern Scotland,08 : Other mining and quarrying,08,8,5
2022,Eastern Scotland,09 : Mining support service activities,09,9,0
2022,Eastern Scotland,10 : Manufacture of food products,10,10,1485
2022,Eastern Scotland,11 : Manufacture of beverages,11,11,475
2022,Eastern Scotland,12 : Manufacture of tobacco products,12,12,0
2022,Eastern Scotland,13 : Manufacture of textiles,13,13,145
2022,Eastern Scotland,14 : Manufacture of wearing apparel,14,14,100
2022,Eastern Scotland,15 : Manufacture of leather and related products,15,15,50
2022,Eastern Scotland,"16 : Manufacture of wood and of products of wood and cork, except furniture;manufacture of articles of straw and plaiting materials",16,16,300
2022,Eastern Scotland,17 : Manufacture of paper and paper products,17,17,55
2022,Eastern Scotland,18 : Printing and reproduction of recorded media,18,18,225
2022,Eastern Scotland,19 : Manufacture of coke and refined petroleum products,19,19,50
2022,Eastern Scotland,20 : Manufacture of chemicals and chemical products,20,20,70
2022,Eastern Scotland,21 : Manufacture of basic pharmaceutical products and pharmaceutical preparations,21,21,110
2022,Eastern Scotland,22 : Manufacture of rubber and plastic products,22,22,80
2022,Eastern Scotland,23 : Manufacture of other non-metallic mineral products,23,23,90
2022,Eastern Scotland,24 : Manufacture of basic metals,24,24,70
2022,Eastern Scotland,"25 : Manufacture of fabricated metal products, except machinery and equipment",25,25,205
2022,Eastern Scotland,"26 : Manufacture of computer, electronic and optical products",26,26,445
2022,Eastern Scotland,27 : Manufacture of electrical equipment,27,27,90
2022,Eastern Scotland,28 : Manufacture of machinery and equipment n.e.c.,28,28,290
2022,Eastern Scotland,"29 : Manufacture of motor vehicles, trailers and semi-trailers",29,29,65
2022,Eastern Scotland,30 : Manufacture of other transport equipment,30,30,140
2022,Eastern Scotland,31 : Manufacture of furniture,31,31,115
2022,Eastern Scotland,32 : Other manufacturing,32,32,270
2022,Eastern Scotland,33 : Repair and installation of machinery and equipment,33,33,300
2022,Eastern Scotland,"35 : Electricity, gas, steam and air conditioning supply",35,35,575
2022,Eastern Scotland,"36 : Water collection, treatment and supply",36,36,150
2022,Eastern Scotland,37 : Sewerage,37,37,20
2022,Eastern Scotland,"38 : Waste collection, treatment and disposal activities; materials recovery",38,38,410
2022,Eastern Scotland,"39 : Remediation activities and other waste management services. This division includes the provision of remediation services, i.e. the cleanup of contaminated buildings and sites, soil, surface or ground water.",39,39,20
2022,Eastern Scotland,41 : Construction of buildings,41,41,1550
2022,Eastern Scotland,42 : Civil engineering,42,42,810
2022,Eastern Scotland,43 : Specialised construction activities,43,43,3635
2022,Eastern Scotland,45 : Wholesale and retail trade and repair of motor vehicles and motorcycles,45,45,2005
2022,Eastern Scotland,"46 : Wholesale trade, except of motor vehicles and motorcycles",46,46,2900
2022,Eastern Scotland,"47 : Retail trade, except of motor vehicles and motorcycles",47,47,48980
2022,Eastern Scotland,49 : Land transport and transport via pipelines,49,49,1760
2022,Eastern Scotland,50 : Water transport,50,50,0
2022,Eastern Scotland,51 : Air transport,51,51,130
2022,Eastern Scotland,52 : Warehousing and support activities for transportation,52,52,2000
2022,Eastern Scotland,53 : Postal and courier activities,53,53,1155
2022,Eastern Scotland,55 : Accommodation,55,55,10590
2022,Eastern Scotland,56 : Food and beverage service activities,56,56,36250
2022,Eastern Scotland,58 : Publishing activities,58,58,255
2022,Eastern Scotland,"59 : Motion picture, video and television programme production, sound recording and music publishing activities",59,59,645
2022,Eastern Scotland,60 : Programming and broadcasting activities,60,60,30
2022,Eastern Scotland,61 : Telecommunications,61,61,1715
2022,Eastern Scotland,"62 : Computer programming, consultancy and related activities",62,62,2190
2022,Eastern Scotland,63 : Information service activities,63,63,450
2022,Eastern Scotland,"64 : Financial service activities, except insurance and pension funding",64,64,2920
2022,Eastern Scotland,"65 : Insurance, reinsurance and pension funding, except compulsory social security",65,65,750
2022,Eastern Scotland,66 : Activities auxiliary to financial services and insurance activities,66,66,2415
2022,Eastern Scotland,68 : Real estate activities,68,68,3375
2022,Eastern Scotland,69 : Legal and accounting activities,69,69,3580
2022,Eastern Scotland,70 : Activities of head offices; management consultancy activities,70,70,2950
2022,Eastern Scotland,71 : Architectural and engineering activities; technical testing and analysis,71,71,2100
2022,Eastern Scotland,72 : Scientific research and development,72,72,760
2022,Eastern Scotland,73 : Advertising and market research,73,73,335
2022,Eastern Scotland,"74 : Other professional, scientific and technical activities",74,74,635
2022,Eastern Scotland,75 : Veterinary activities,75,75,1000
2022,Eastern Scotland,77 : Rental and leasing activities,77,77,480
2022,Eastern Scotland,78 : Employment activities,78,78,8285
2022,Eastern Scotland,"79 : Travel agency, tour operator and other reservation service and related activities",79,79,620
2022,Eastern Scotland,80 : Security and investigation activities,80,80,490
2022,Eastern Scotland,81 : Services to buildings and landscape activities,81,81,7495
2022,Eastern Scotland,"82 : Office administrative, office support and other business support activities",82,82,1835
2022,Eastern Scotland,84 : Public administration and defence; compulsory social security,84,84,11600
2022,Eastern Scotland,85 : Education,85,85,39300
2022,Eastern Scotland,86 : Human health activities,86,86,38450
2022,Eastern Scotland,87 : Residential care activities,87,87,10350
2022,Eastern Scotland,88 : Social work activities without accommodation,88,88,16000
2022,Eastern Scotland,"90 : Creative, arts and entertainment activities",90,90,2025
2022,Eastern Scotland,"91 : Libraries, archives, museums and other cultural activities",91,91,1985
2022,Eastern Scotland,92 : Gambling and betting activities,92,92,1000
2022,Eastern Scotland,93 : Sports activities and amusement and recreation activities,93,93,9600
2022,Eastern Scotland,94 : Activities of membership organisations,94,94,3155
2022,Eastern Scotland,95 : Repair of computers and personal and household goods,95,95,125
2022,Eastern Scotland,96 : Other personal service activities,96,96,2925
2022,Eastern Scotland,97 : Activities of households as employers of domestic personnel,97,97,0
2022,Eastern Scotland,98 : Undifferentiated goods- and services-producing activities of private households for own use,98,98,0
2022,Eastern Scotland,99 : Activities of extraterritorial organisations and bodies,99,99,0
2022,Essex,"01 : Crop and animal production, hunting and related service activities",01,1,885
2022,Essex,02 : Forestry and logging,02,2,125
2022,Essex,03 : Fishing and aquaculture,03,3,90
2022,Essex,05 : Mining of coal and lignite,05,5,0
2022,Essex,06 : Extraction of crude petroleum and natural gas,06,6,0
2022,Essex,07 : Mining of metal ores,07,7,0
2022,Essex,08 : Other mining and quarrying,08,8,0
2022,Essex,09 : Mining support service activities,09,9,0
2022,Essex,10 : Manufacture of food products,10,10,800
2022,Essex,11 : Manufacture of beverages,11,11,35
2022,Essex,12 : Manufacture of tobacco products,12,12,0
2022,Essex,13 : Manufacture of textiles,13,13,345
2022,Essex,14 : Manufacture of wearing apparel,14,14,170
2022,Essex,15 : Manufacture of leather and related products,15,15,20
2022,Essex,"16 : Manufacture of wood and of products of wood and cork, except furniture;manufacture of articles of straw and plaiting materials",16,16,105
2022,Essex,17 : Manufacture of paper and paper products,17,17,80
2022,Essex,18 : Printing and reproduction of recorded media,18,18,225
2022,Essex,19 : Manufacture of coke and refined petroleum products,19,19,0
2022,Essex,20 : Manufacture of chemicals and chemical products,20,20,45
2022,Essex,21 : Manufacture of basic pharmaceutical products and pharmaceutical preparations,21,21,5
2022,Essex,22 : Manufacture of rubber and plastic products,22,22,320
2022,Essex,23 : Manufacture of other non-metallic mineral products,23,23,430
2022,Essex,24 : Manufacture of basic metals,24,24,70
2022,Essex,"25 : Manufacture of fabricated metal products, except machinery and equipment",25,25,360
2022,Essex,"26 : Manufacture of computer, electronic and optical products",26,26,500
2022,Essex,27 : Manufacture of electrical equipment,27,27,190
2022,Essex,28 : Manufacture of machinery and equipment n.e.c.,28,28,365
2022,Essex,"29 : Manufacture of motor vehicles, trailers and semi-trailers",29,29,200
2022,Essex,30 : Manufacture of other transport equipment,30,30,60
2022,Essex,31 : Manufacture of furniture,31,31,450
2022,Essex,32 : Other manufacturing,32,32,45
2022,Essex,33 : Repair and installation of machinery and equipment,33,33,660
2022,Essex,"35 : Electricity, gas, steam and air conditioning supply",35,35,15
2022,Essex,"36 : Water collection, treatment and supply",36,36,450
2022,Essex,37 : Sewerage,37,37,200
2022,Essex,"38 : Waste collection, treatment and disposal activities; materials recovery",38,38,190
2022,Essex,"39 : Remediation activities and other waste management services. This division includes the provision of remediation services, i.e. the cleanup of contaminated buildings and sites, soil, surface or ground water.",39,39,50
2022,Essex,41 : Construction of buildings,41,41,3000
2022,Essex,42 : Civil engineering,42,42,495
2022,Essex,43 : Specialised construction activities,43,43,6955
2022,Essex,45 : Wholesale and retail trade and repair of motor vehicles and motorcycles,45,45,3010
2022,Essex,"46 : Wholesale trade, except of motor vehicles and motorcycles",46,46,4815
2022,Essex,"47 : Retail trade, except of motor vehicles and motorcycles",47,47,44745
2022,Essex,49 : Land transport and transport via pipelines,49,49,4125
2022,Essex,50 : Water transport,50,50,80
2022,Essex,51 : Air transport,51,51,260
2022,Essex,52 : Warehousing and support activities for transportation,52,52,2565
2022,Essex,53 : Postal and courier activities,53,53,1175
2022,Essex,55 : Accommodation,55,55,3660
2022,Essex,56 : Food and beverage service activities,56,56,34550
2022,Essex,58 : Publishing activities,58,58,255
2022,Essex,"59 : Motion picture, video and television programme production, sound recording and music publishing activities",59,59,470
2022,Essex,60 : Programming and broadcasting activities,60,60,10
2022,Essex,61 : Telecommunications,61,61,285
2022,Essex,"62 : Computer programming, consultancy and related activities",62,62,2415
2022,Essex,63 : Information service activities,63,63,100
2022,Essex,"64 : Financial service activities, except insurance and pension funding",64,64,1575
2022,Essex,"65 : Insurance, reinsurance and pension funding, except compulsory social security",65,65,200
2022,Essex,66 : Activities auxiliary to financial services and insurance activities,66,66,2540
2022,Essex,68 : Real estate activities,68,68,4100
2022,Essex,69 : Legal and accounting activities,69,69,3065
2022,Essex,70 : Activities of head offices; management consultancy activities,70,70,4275
2022,Essex,71 : Architectural and engineering activities; technical testing and analysis,71,71,1650
2022,Essex,72 : Scientific research and development,72,72,190
2022,Essex,73 : Advertising and market research,73,73,800
2022,Essex,"74 : Other professional, scientific and technical activities",74,74,1575
2022,Essex,75 : Veterinary activities,75,75,500
2022,Essex,77 : Rental and leasing activities,77,77,310
2022,Essex,78 : Employment activities,78,78,6740
2022,Essex,"79 : Travel agency, tour operator and other reservation service and related activities",79,79,300
2022,Essex,80 : Security and investigation activities,80,80,1595
2022,Essex,81 : Services to buildings and landscape activities,81,81,10060
2022,Essex,"82 : Office administrative, office support and other business support activities",82,82,2400
2022,Essex,84 : Public administration and defence; compulsory social security,84,84,8440
2022,Essex,85 : Education,85,85,28405
2022,Essex,86 : Human health activities,86,86,18600
2022,Essex,87 : Residential care activities,87,87,8700
2022,Essex,88 : Social work activities without accommodation,88,88,8000
2022,Essex,"90 : Creative, arts and entertainment activities",90,90,475
2022,Essex,"91 : Libraries, archives, museums and other cultural activities",91,91,1090
2022,Essex,92 : Gambling and betting activities,92,92,600
2022,Essex,93 : Sports activities and amusement and recreation activities,93,93,8060
2022,Essex,94 : Activities of membership organisations,94,94,1430
2022,Essex,95 : Repair of computers and personal and household goods,95,95,345
2022,Essex,96 : Other personal service activities,96,96,2600
2022,Essex,97 : Activities of households as employers of domestic personnel,97,97,0
2022,Essex,98 : Undifferentiated goods- and services-producing activities of private households for own use,98,98,0
2022,Essex,99 : Activities of extraterritorial organisations and bodies,99,99,0
2022,"Gloucestershire, Wiltshire and Bath/Bristol area","01 : Crop and animal production, hunting and related service activities",01,1,1610
2022,"Gloucestershire, Wiltshire and Bath/Bristol area",02 : Forestry and logging,02,2,75
2022,"Gloucestershire, Wiltshire and Bath/Bristol area",03 : Fishing and aquaculture,03,3,35
2022,"Gloucestershire, Wiltshire and Bath/Bristol area",05 : Mining of coal and lignite,05,5,0
2022,"Gloucestershire, Wiltshire and Bath/Bristol area",06 : Extraction of crude petroleum and natural gas,06,6,0
2022,"Gloucestershire, Wiltshire and Bath/Bristol area",07 : Mining of metal ores,07,7,0
2022,"Gloucestershire, Wiltshire and Bath/Bristol area",08 : Other mining and quarrying,08,8,0
2022,"Gloucestershire, Wiltshire and Bath/Bristol area",09 : Mining support service activities,09,9,0
2022,"Gloucestershire, Wiltshire and Bath/Bristol area",10 : Manufacture of food products,10,10,900
2022,"Gloucestershire, Wiltshire and Bath/Bristol area",11 : Manufacture of beverages,11,11,780
2022,"Gloucestershire, Wiltshire and Bath/Bristol area",12 : Manufacture of tobacco products,12,12,0
2022,"Gloucestershire, Wiltshire and Bath/Bristol area",13 : Manufacture of textiles,13,13,385
2022,"Gloucestershire, Wiltshire and Bath/Bristol area",14 : Manufacture of wearing apparel,14,14,40
2022,"Gloucestershire, Wiltshire and Bath/Bristol area",15 : Manufacture of leather and related products,15,15,20
2022,"Gloucestershire, Wiltshire and Bath/Bristol area","16 : Manufacture of wood and of products of wood and cork, except furniture;manufacture of articles of straw and plaiting materials",16,16,270
2022,"Gloucestershire, Wiltshire and Bath/Bristol area",17 : Manufacture of paper and paper products,17,17,110
2022,"Gloucestershire, Wiltshire and Bath/Bristol area",18 : Printing and reproduction of recorded media,18,18,590
2022,"Gloucestershire, Wiltshire and Bath/Bristol area",19 : Manufacture of coke and refined petroleum products,19,19,0
2022,"Gloucestershire, Wiltshire and Bath/Bristol area",20 : Manufacture of chemicals and chemical products,20,20,120
2022,"Gloucestershire, Wiltshire and Bath/Bristol area",21 : Manufacture of basic pharmaceutical products and pharmaceutical preparations,21,21,120
2022,"Gloucestershire, Wiltshire and Bath/Bristol area",22 : Manufacture of rubber and plastic products,22,22,350
2022,"Gloucestershire, Wiltshire and Bath/Bristol area",23 : Manufacture of other non-metallic mineral products,23,23,50
2022,"Gloucestershire, Wiltshire and Bath/Bristol area",24 : Manufacture of basic metals,24,24,15
2022,"Gloucestershire, Wiltshire and Bath/Bristol area","25 : Manufacture of fabricated metal products, except machinery and equipment",25,25,1085
2022,"Gloucestershire, Wiltshire and Bath/Bristol area","26 : Manufacture of computer, electronic and optical products",26,26,395
2022,"Gloucestershire, Wiltshire and Bath/Bristol area",27 : Manufacture of electrical equipment,27,27,335
2022,"Gloucestershire, Wiltshire and Bath/Bristol area",28 : Manufacture of machinery and equipment n.e.c.,28,28,885
2022,"Gloucestershire, Wiltshire and Bath/Bristol area","29 : Manufacture of motor vehicles, trailers and semi-trailers",29,29,105
2022,"Gloucestershire, Wiltshire and Bath/Bristol area",30 : Manufacture of other transport equipment,30,30,690
2022,"Gloucestershire, Wiltshire and Bath/Bristol area",31 : Manufacture of furniture,31,31,585
2022,"Gloucestershire, Wiltshire and Bath/Bristol area",32 : Other manufacturing,32,32,560
2022,"Gloucestershire, Wiltshire and Bath/Bristol area",33 : Repair and installation of machinery and equipment,33,33,375
2022,"Gloucestershire, Wiltshire and Bath/Bristol area","35 : Electricity, gas, steam and air conditioning supply",35,35,195
2022,"Gloucestershire, Wiltshire and Bath/Bristol area","36 : Water collection, treatment and supply",36,36,225
2022,"Gloucestershire, Wiltshire and Bath/Bristol area",37 : Sewerage,37,37,225
2022,"Gloucestershire, Wiltshire and Bath/Bristol area","38 : Waste collection, treatment and disposal activities; materials recovery",38,38,310
2022,"Gloucestershire, Wiltshire and Bath/Bristol area","39 : Remediation activities and other waste management services. This division includes the provision of remediation services, i.e. the cleanup of contaminated buildings and sites, soil, surface or ground water.",39,39,10
2022,"Gloucestershire, Wiltshire and Bath/Bristol area",41 : Construction of buildings,41,41,4400
2022,"Gloucestershire, Wiltshire and Bath/Bristol area",42 : Civil engineering,42,42,330
2022,"Gloucestershire, Wiltshire and Bath/Bristol area",43 : Specialised construction activities,43,43,5565
2022,"Gloucestershire, Wiltshire and Bath/Bristol area",45 : Wholesale and retail trade and repair of motor vehicles and motorcycles,45,45,3025
2022,"Gloucestershire, Wiltshire and Bath/Bristol area","46 : Wholesale trade, except of motor vehicles and motorcycles",46,46,5190
2022,"Gloucestershire, Wiltshire and Bath/Bristol area","47 : Retail trade, except of motor vehicles and motorcycles",47,47,61120
2022,"Gloucestershire, Wiltshire and Bath/Bristol area",49 : Land transport and transport via pipelines,49,49,2340
2022,"Gloucestershire, Wiltshire and Bath/Bristol area",50 : Water transport,50,50,5
2022,"Gloucestershire, Wiltshire and Bath/Bristol area",51 : Air transport,51,51,210
2022,"Gloucestershire, Wiltshire and Bath/Bristol area",52 : Warehousing and support activities for transportation,52,52,3460
2022,"Gloucestershire, Wiltshire and Bath/Bristol area",53 : Postal and courier activities,53,53,5050
2022,"Gloucestershire, Wiltshire and Bath/Bristol area",55 : Accommodation,55,55,9475
2022,"Gloucestershire, Wiltshire and Bath/Bristol area",56 : Food and beverage service activities,56,56,49000
2022,"Gloucestershire, Wiltshire and Bath/Bristol area",58 : Publishing activities,58,58,1160
2022,"Gloucestershire, Wiltshire and Bath/Bristol area","59 : Motion picture, video and television programme production, sound recording and music publishing activities",59,59,1150
2022,"Gloucestershire, Wiltshire and Bath/Bristol area",60 : Programming and broadcasting activities,60,60,650
2022,"Gloucestershire, Wiltshire and Bath/Bristol area",61 : Telecommunications,61,61,455
2022,"Gloucestershire, Wiltshire and Bath/Bristol area","62 : Computer programming, consultancy and related activities",62,62,3405
2022,"Gloucestershire, Wiltshire and Bath/Bristol area",63 : Information service activities,63,63,665
2022,"Gloucestershire, Wiltshire and Bath/Bristol area","64 : Financial service activities, except insurance and pension funding",64,64,3370
2022,"Gloucestershire, Wiltshire and Bath/Bristol area","65 : Insurance, reinsurance and pension funding, except compulsory social security",65,65,1000
2022,"Gloucestershire, Wiltshire and Bath/Bristol area",66 : Activities auxiliary to financial services and insurance activities,66,66,4035
2022,"Gloucestershire, Wiltshire and Bath/Bristol area",68 : Real estate activities,68,68,6005
2022,"Gloucestershire, Wiltshire and Bath/Bristol area",69 : Legal and accounting activities,69,69,9300
2022,"Gloucestershire, Wiltshire and Bath/Bristol area",70 : Activities of head offices; management consultancy activities,70,70,6550
2022,"Gloucestershire, Wiltshire and Bath/Bristol area",71 : Architectural and engineering activities; technical testing and analysis,71,71,4975
2022,"Gloucestershire, Wiltshire and Bath/Bristol area",72 : Scientific research and development,72,72,1415
2022,"Gloucestershire, Wiltshire and Bath/Bristol area",73 : Advertising and market research,73,73,2775
2022,"Gloucestershire, Wiltshire and Bath/Bristol area","74 : Other professional, scientific and technical activities",74,74,1500
2022,"Gloucestershire, Wiltshire and Bath/Bristol area",75 : Veterinary activities,75,75,1500
2022,"Gloucestershire, Wiltshire and Bath/Bristol area",77 : Rental and leasing activities,77,77,1330
2022,"Gloucestershire, Wiltshire and Bath/Bristol area",78 : Employment activities,78,78,9380
2022,"Gloucestershire, Wiltshire and Bath/Bristol area","79 : Travel agency, tour operator and other reservation service and related activities",79,79,425
2022,"Gloucestershire, Wiltshire and Bath/Bristol area",80 : Security and investigation activities,80,80,2675
2022,"Gloucestershire, Wiltshire and Bath/Bristol area",81 : Services to buildings and landscape activities,81,81,9490
2022,"Gloucestershire, Wiltshire and Bath/Bristol area","82 : Office administrative, office support and other business support activities",82,82,6080
2022,"Gloucestershire, Wiltshire and Bath/Bristol area",84 : Public administration and defence; compulsory social security,84,84,13450
2022,"Gloucestershire, Wiltshire and Bath/Bristol area",85 : Education,85,85,58725
2022,"Gloucestershire, Wiltshire and Bath/Bristol area",86 : Human health activities,86,86,53650
2022,"Gloucestershire, Wiltshire and Bath/Bristol area",87 : Residential care activities,87,87,13000
2022,"Gloucestershire, Wiltshire and Bath/Bristol area",88 : Social work activities without accommodation,88,88,13000
2022,"Gloucestershire, Wiltshire and Bath/Bristol area","90 : Creative, arts and entertainment activities",90,90,1525
2022,"Gloucestershire, Wiltshire and Bath/Bristol area","91 : Libraries, archives, museums and other cultural activities",91,91,2315
2022,"Gloucestershire, Wiltshire and Bath/Bristol area",92 : Gambling and betting activities,92,92,700
2022,"Gloucestershire, Wiltshire and Bath/Bristol area",93 : Sports activities and amusement and recreation activities,93,93,13345
2022,"Gloucestershire, Wiltshire and Bath/Bristol area",94 : Activities of membership organisations,94,94,4000
2022,"Gloucestershire, Wiltshire and Bath/Bristol area",95 : Repair of computers and personal and household goods,95,95,100
2022,"Gloucestershire, Wiltshire and Bath/Bristol area",96 : Other personal service activities,96,96,5700
2022,"Gloucestershire, Wiltshire and Bath/Bristol area",97 : Activities of households as employers of domestic personnel,97,97,0
2022,"Gloucestershire, Wiltshire and Bath/Bristol area",98 : Undifferentiated goods- and services-producing activities of private households for own use,98,98,0
2022,"Gloucestershire, Wiltshire and Bath/Bristol area",99 : Activities of extraterritorial organisations and bodies,99,99,0
2022,Greater Manchester,"01 : Crop and animal production, hunting and related service activities",01,1,150
2022,Greater Manchester,02 : Forestry and logging,02,2,0
2022,Greater Manchester,03 : Fishing and aquaculture,03,3,0
2022,Greater Manchester,05 : Mining of coal and lignite,05,5,0
2022,Greater Manchester,06 : Extraction of crude petroleum and natural gas,06,6,0
2022,Greater Manchester,07 : Mining of metal ores,07,7,0
2022,Greater Manchester,08 : Other mining and quarrying,08,8,0
2022,Greater Manchester,09 : Mining support service activities,09,9,0
2022,Greater Manchester,10 : Manufacture of food products,10,10,4070
2022,Greater Manchester,11 : Manufacture of beverages,11,11,95
2022,Greater Manchester,12 : Manufacture of tobacco products,12,12,0
2022,Greater Manchester,13 : Manufacture of textiles,13,13,790
2022,Greater Manchester,14 : Manufacture of wearing apparel,14,14,255
2022,Greater Manchester,15 : Manufacture of leather and related products,15,15,10
2022,Greater Manchester,"16 : Manufacture of wood and of products of wood and cork, except furniture;manufacture of articles of straw and plaiting materials",16,16,245
2022,Greater Manchester,17 : Manufacture of paper and paper products,17,17,180
2022,Greater Manchester,18 : Printing and reproduction of recorded media,18,18,215
2022,Greater Manchester,19 : Manufacture of coke and refined petroleum products,19,19,5
2022,Greater Manchester,20 : Manufacture of chemicals and chemical products,20,20,560
2022,Greater Manchester,21 : Manufacture of basic pharmaceutical products and pharmaceutical preparations,21,21,20
2022,Greater Manchester,22 : Manufacture of rubber and plastic products,22,22,615
2022,Greater Manchester,23 : Manufacture of other non-metallic mineral products,23,23,205
2022,Greater Manchester,24 : Manufacture of basic metals,24,24,100
2022,Greater Manchester,"25 : Manufacture of fabricated metal products, except machinery and equipment",25,25,715
2022,Greater Manchester,"26 : Manufacture of computer, electronic and optical products",26,26,200
2022,Greater Manchester,27 : Manufacture of electrical equipment,27,27,300
2022,Greater Manchester,28 : Manufacture of machinery and equipment n.e.c.,28,28,530
2022,Greater Manchester,"29 : Manufacture of motor vehicles, trailers and semi-trailers",29,29,50
2022,Greater Manchester,30 : Manufacture of other transport equipment,30,30,320
2022,Greater Manchester,31 : Manufacture of furniture,31,31,115
2022,Greater Manchester,32 : Other manufacturing,32,32,265
2022,Greater Manchester,33 : Repair and installation of machinery and equipment,33,33,525
2022,Greater Manchester,"35 : Electricity, gas, steam and air conditioning supply",35,35,570
2022,Greater Manchester,"36 : Water collection, treatment and supply",36,36,10
2022,Greater Manchester,37 : Sewerage,37,37,20
2022,Greater Manchester,"38 : Waste collection, treatment and disposal activities; materials recovery",38,38,215
2022,Greater Manchester,"39 : Remediation activities and other waste management services. This division includes the provision of remediation services, i.e. the cleanup of contaminated buildings and sites, soil, surface or ground water.",39,39,225
2022,Greater Manchester,41 : Construction of buildings,41,41,2950
2022,Greater Manchester,42 : Civil engineering,42,42,750
2022,Greater Manchester,43 : Specialised construction activities,43,43,4375
2022,Greater Manchester,45 : Wholesale and retail trade and repair of motor vehicles and motorcycles,45,45,2855
2022,Greater Manchester,"46 : Wholesale trade, except of motor vehicles and motorcycles",46,46,10735
2022,Greater Manchester,"47 : Retail trade, except of motor vehicles and motorcycles",47,47,64605
2022,Greater Manchester,49 : Land transport and transport via pipelines,49,49,2420
2022,Greater Manchester,50 : Water transport,50,50,10
2022,Greater Manchester,51 : Air transport,51,51,945
2022,Greater Manchester,52 : Warehousing and support activities for transportation,52,52,3135
2022,Greater Manchester,53 : Postal and courier activities,53,53,2340
2022,Greater Manchester,55 : Accommodation,55,55,4300
2022,Greater Manchester,56 : Food and beverage service activities,56,56,57250
2022,Greater Manchester,58 : Publishing activities,58,58,125
2022,Greater Manchester,"59 : Motion picture, video and television programme production, sound recording and music publishing activities",59,59,1035
2022,Greater Manchester,60 : Programming and broadcasting activities,60,60,400
2022,Greater Manchester,61 : Telecommunications,61,61,1150
2022,Greater Manchester,"62 : Computer programming, consultancy and related activities",62,62,4310
2022,Greater Manchester,63 : Information service activities,63,63,385
2022,Greater Manchester,"64 : Financial service activities, except insurance and pension funding",64,64,2370
2022,Greater Manchester,"65 : Insurance, reinsurance and pension funding, except compulsory social security",65,65,750
2022,Greater Manchester,66 : Activities auxiliary to financial services and insurance activities,66,66,1950
2022,Greater Manchester,68 : Real estate activities,68,68,7175
2022,Greater Manchester,69 : Legal and accounting activities,69,69,14365
2022,Greater Manchester,70 : Activities of head offices; management consultancy activities,70,70,4700
2022,Greater Manchester,71 : Architectural and engineering activities; technical testing and analysis,71,71,4025
2022,Greater Manchester,72 : Scientific research and development,72,72,80
2022,Greater Manchester,73 : Advertising and market research,73,73,695
2022,Greater Manchester,"74 : Other professional, scientific and technical activities",74,74,1580
2022,Greater Manchester,75 : Veterinary activities,75,75,1000
2022,Greater Manchester,77 : Rental and leasing activities,77,77,595
2022,Greater Manchester,78 : Employment activities,78,78,21350
2022,Greater Manchester,"79 : Travel agency, tour operator and other reservation service and related activities",79,79,1555
2022,Greater Manchester,80 : Security and investigation activities,80,80,2165
2022,Greater Manchester,81 : Services to buildings and landscape activities,81,81,13600
2022,Greater Manchester,"82 : Office administrative, office support and other business support activities",82,82,6055
2022,Greater Manchester,84 : Public administration and defence; compulsory social security,84,84,16750
2022,Greater Manchester,85 : Education,85,85,53235
2022,Greater Manchester,86 : Human health activities,86,86,44600
2022,Greater Manchester,87 : Residential care activities,87,87,10750
2022,Greater Manchester,88 : Social work activities without accommodation,88,88,14500
2022,Greater Manchester,"90 : Creative, arts and entertainment activities",90,90,1300
2022,Greater Manchester,"91 : Libraries, archives, museums and other cultural activities",91,91,835
2022,Greater Manchester,92 : Gambling and betting activities,92,92,1500
2022,Greater Manchester,93 : Sports activities and amusement and recreation activities,93,93,12370
2022,Greater Manchester,94 : Activities of membership organisations,94,94,4975
2022,Greater Manchester,95 : Repair of computers and personal and household goods,95,95,595
2022,Greater Manchester,96 : Other personal service activities,96,96,4075
2022,Greater Manchester,97 : Activities of households as employers of domestic personnel,97,97,0
2022,Greater Manchester,98 : Undifferentiated goods- and services-producing activities of private households for own use,98,98,0
2022,Greater Manchester,99 : Activities of extraterritorial organisations and bodies,99,99,0
2022,Hampshire and Isle of Wight,"01 : Crop and animal production, hunting and related service activities",01,1,895
2022,Hampshire and Isle of Wight,02 : Forestry and logging,02,2,170
2022,Hampshire and Isle of Wight,03 : Fishing and aquaculture,03,3,30
2022,Hampshire and Isle of Wight,05 : Mining of coal and lignite,05,5,0
2022,Hampshire and Isle of Wight,06 : Extraction of crude petroleum and natural gas,06,6,0
2022,Hampshire and Isle of Wight,07 : Mining of metal ores,07,7,0
2022,Hampshire and Isle of Wight,08 : Other mining and quarrying,08,8,15
2022,Hampshire and Isle of Wight,09 : Mining support service activities,09,9,0
2022,Hampshire and Isle of Wight,10 : Manufacture of food products,10,10,1250
2022,Hampshire and Isle of Wight,11 : Manufacture of beverages,11,11,335
2022,Hampshire and Isle of Wight,12 : Manufacture of tobacco products,12,12,0
2022,Hampshire and Isle of Wight,13 : Manufacture of textiles,13,13,5
2022,Hampshire and Isle of Wight,14 : Manufacture of wearing apparel,14,14,35
2022,Hampshire and Isle of Wight,15 : Manufacture of leather and related products,15,15,35
2022,Hampshire and Isle of Wight,"16 : Manufacture of wood and of products of wood and cork, except furniture;manufacture of articles of straw and plaiting materials",16,16,300
2022,Hampshire and Isle of Wight,17 : Manufacture of paper and paper products,17,17,10
2022,Hampshire and Isle of Wight,18 : Printing and reproduction of recorded media,18,18,140
2022,Hampshire and Isle of Wight,19 : Manufacture of coke and refined petroleum products,19,19,10
2022,Hampshire and Isle of Wight,20 : Manufacture of chemicals and chemical products,20,20,275
2022,Hampshire and Isle of Wight,21 : Manufacture of basic pharmaceutical products and pharmaceutical preparations,21,21,10
2022,Hampshire and Isle of Wight,22 : Manufacture of rubber and plastic products,22,22,255
2022,Hampshire and Isle of Wight,23 : Manufacture of other non-metallic mineral products,23,23,105
2022,Hampshire and Isle of Wight,24 : Manufacture of basic metals,24,24,35
2022,Hampshire and Isle of Wight,"25 : Manufacture of fabricated metal products, except machinery and equipment",25,25,745
2022,Hampshire and Isle of Wight,"26 : Manufacture of computer, electronic and optical products",26,26,540
2022,Hampshire and Isle of Wight,27 : Manufacture of electrical equipment,27,27,160
2022,Hampshire and Isle of Wight,28 : Manufacture of machinery and equipment n.e.c.,28,28,330
2022,Hampshire and Isle of Wight,"29 : Manufacture of motor vehicles, trailers and semi-trailers",29,29,70
2022,Hampshire and Isle of Wight,30 : Manufacture of other transport equipment,30,30,450
2022,Hampshire and Isle of Wight,31 : Manufacture of furniture,31,31,185
2022,Hampshire and Isle of Wight,32 : Other manufacturing,32,32,640
2022,Hampshire and Isle of Wight,33 : Repair and installation of machinery and equipment,33,33,490
2022,Hampshire and Isle of Wight,"35 : Electricity, gas, steam and air conditioning supply",35,35,420
2022,Hampshire and Isle of Wight,"36 : Water collection, treatment and supply",36,36,100
2022,Hampshire and Isle of Wight,37 : Sewerage,37,37,50
2022,Hampshire and Isle of Wight,"38 : Waste collection, treatment and disposal activities; materials recovery",38,38,310
2022,Hampshire and Isle of Wight,"39 : Remediation activities and other waste management services. This division includes the provision of remediation services, i.e. the cleanup of contaminated buildings and sites, soil, surface or ground water.",39,39,20
2022,Hampshire and Isle of Wight,41 : Construction of buildings,41,41,2700
2022,Hampshire and Isle of Wight,42 : Civil engineering,42,42,610
2022,Hampshire and Isle of Wight,43 : Specialised construction activities,43,43,4475
2022,Hampshire and Isle of Wight,45 : Wholesale and retail trade and repair of motor vehicles and motorcycles,45,45,2580
2022,Hampshire and Isle of Wight,"46 : Wholesale trade, except of motor vehicles and motorcycles",46,46,4030
2022,Hampshire and Isle of Wight,"47 : Retail trade, except of motor vehicles and motorcycles",47,47,50435
2022,Hampshire and Isle of Wight,49 : Land transport and transport via pipelines,49,49,1730
2022,Hampshire and Isle of Wight,50 : Water transport,50,50,490
2022,Hampshire and Isle of Wight,51 : Air transport,51,51,575
2022,Hampshire and Isle of Wight,52 : Warehousing and support activities for transportation,52,52,2345
2022,Hampshire and Isle of Wight,53 : Postal and courier activities,53,53,1500
2022,Hampshire and Isle of Wight,55 : Accommodation,55,55,6880
2022,Hampshire and Isle of Wight,56 : Food and beverage service activities,56,56,34250
2022,Hampshire and Isle of Wight,58 : Publishing activities,58,58,920
2022,Hampshire and Isle of Wight,"59 : Motion picture, video and television programme production, sound recording and music publishing activities",59,59,925
2022,Hampshire and Isle of Wight,60 : Programming and broadcasting activities,60,60,30
2022,Hampshire and Isle of Wight,61 : Telecommunications,61,61,300
2022,Hampshire and Isle of Wight,"62 : Computer programming, consultancy and related activities",62,62,3395
2022,Hampshire and Isle of Wight,63 : Information service activities,63,63,350
2022,Hampshire and Isle of Wight,"64 : Financial service activities, except insurance and pension funding",64,64,1670
2022,Hampshire and Isle of Wight,"65 : Insurance, reinsurance and pension funding, except compulsory social security",65,65,700
2022,Hampshire and Isle of Wight,66 : Activities auxiliary to financial services and insurance activities,66,66,1825
2022,Hampshire and Isle of Wight,68 : Real estate activities,68,68,4485
2022,Hampshire and Isle of Wight,69 : Legal and accounting activities,69,69,3440
2022,Hampshire and Isle of Wight,70 : Activities of head offices; management consultancy activities,70,70,5150
2022,Hampshire and Isle of Wight,71 : Architectural and engineering activities; technical testing and analysis,71,71,2425
2022,Hampshire and Isle of Wight,72 : Scientific research and development,72,72,740
2022,Hampshire and Isle of Wight,73 : Advertising and market research,73,73,650
2022,Hampshire and Isle of Wight,"74 : Other professional, scientific and technical activities",74,74,800
2022,Hampshire and Isle of Wight,75 : Veterinary activities,75,75,1250
2022,Hampshire and Isle of Wight,77 : Rental and leasing activities,77,77,585
2022,Hampshire and Isle of Wight,78 : Employment activities,78,78,7875
2022,Hampshire and Isle of Wight,"79 : Travel agency, tour operator and other reservation service and related activities",79,79,835
2022,Hampshire and Isle of Wight,80 : Security and investigation activities,80,80,1355
2022,Hampshire and Isle of Wight,81 : Services to buildings and landscape activities,81,81,8640
2022,Hampshire and Isle of Wight,"82 : Office administrative, office support and other business support activities",82,82,3795
2022,Hampshire and Isle of Wight,84 : Public administration and defence; compulsory social security,84,84,15125
2022,Hampshire and Isle of Wight,85 : Education,85,85,29415
2022,Hampshire and Isle of Wight,86 : Human health activities,86,86,28200
2022,Hampshire and Isle of Wight,87 : Residential care activities,87,87,8750
2022,Hampshire and Isle of Wight,88 : Social work activities without accommodation,88,88,10500
2022,Hampshire and Isle of Wight,"90 : Creative, arts and entertainment activities",90,90,460
2022,Hampshire and Isle of Wight,"91 : Libraries, archives, museums and other cultural activities",91,91,1425
2022,Hampshire and Isle of Wight,92 : Gambling and betting activities,92,92,700
2022,Hampshire and Isle of Wight,93 : Sports activities and amusement and recreation activities,93,93,11220
2022,Hampshire and Isle of Wight,94 : Activities of membership organisations,94,94,2405
2022,Hampshire and Isle of Wight,95 : Repair of computers and personal and household goods,95,95,230
2022,Hampshire and Isle of Wight,96 : Other personal service activities,96,96,2975
2022,Hampshire and Isle of Wight,97 : Activities of households as employers of domestic personnel,97,97,0
2022,Hampshire and Isle of Wight,98 : Undifferentiated goods- and services-producing activities of private households for own use,98,98,0
2022,Hampshire and Isle of Wight,99 : Activities of extraterritorial organisations and bodies,99,99,0
2022,"Herefordshire, Worcestershire and Warwickshire","01 : Crop and animal production, hunting and related service activities",01,1,1275
2022,"Herefordshire, Worcestershire and Warwickshire",02 : Forestry and logging,02,2,15
2022,"Herefordshire, Worcestershire and Warwickshire",03 : Fishing and aquaculture,03,3,0
2022,"Herefordshire, Worcestershire and Warwickshire",05 : Mining of coal and lignite,05,5,0
2022,"Herefordshire, Worcestershire and Warwickshire",06 : Extraction of crude petroleum and natural gas,06,6,0
2022,"Herefordshire, Worcestershire and Warwickshire",07 : Mining of metal ores,07,7,0
2022,"Herefordshire, Worcestershire and Warwickshire",08 : Other mining and quarrying,08,8,10
2022,"Herefordshire, Worcestershire and Warwickshire",09 : Mining support service activities,09,9,0
2022,"Herefordshire, Worcestershire and Warwickshire",10 : Manufacture of food products,10,10,2830
2022,"Herefordshire, Worcestershire and Warwickshire",11 : Manufacture of beverages,11,11,175
2022,"Herefordshire, Worcestershire and Warwickshire",12 : Manufacture of tobacco products,12,12,0
2022,"Herefordshire, Worcestershire and Warwickshire",13 : Manufacture of textiles,13,13,80
2022,"Herefordshire, Worcestershire and Warwickshire",14 : Manufacture of wearing apparel,14,14,55
2022,"Herefordshire, Worcestershire and Warwickshire",15 : Manufacture of leather and related products,15,15,55
2022,"Herefordshire, Worcestershire and Warwickshire","16 : Manufacture of wood and of products of wood and cork, except furniture;manufacture of articles of straw and plaiting materials",16,16,480
2022,"Herefordshire, Worcestershire and Warwickshire",17 : Manufacture of paper and paper products,17,17,45
2022,"Herefordshire, Worcestershire and Warwickshire",18 : Printing and reproduction of recorded media,18,18,245
2022,"Herefordshire, Worcestershire and Warwickshire",19 : Manufacture of coke and refined petroleum products,19,19,0
2022,"Herefordshire, Worcestershire and Warwickshire",20 : Manufacture of chemicals and chemical products,20,20,25
2022,"Herefordshire, Worcestershire and Warwickshire",21 : Manufacture of basic pharmaceutical products and pharmaceutical preparations,21,21,45
2022,"Herefordshire, Worcestershire and Warwickshire",22 : Manufacture of rubber and plastic products,22,22,750
2022,"Herefordshire, Worcestershire and Warwickshire",23 : Manufacture of other non-metallic mineral products,23,23,360
2022,"Herefordshire, Worcestershire and Warwickshire",24 : Manufacture of basic metals,24,24,170
2022,"Herefordshire, Worcestershire and Warwickshire","25 : Manufacture of fabricated metal products, except machinery and equipment",25,25,790
2022,"Herefordshire, Worcestershire and Warwickshire","26 : Manufacture of computer, electronic and optical products",26,26,330
2022,"Herefordshire, Worcestershire and Warwickshire",27 : Manufacture of electrical equipment,27,27,310
2022,"Herefordshire, Worcestershire and Warwickshire",28 : Manufacture of machinery and equipment n.e.c.,28,28,325
2022,"Herefordshire, Worcestershire and Warwickshire","29 : Manufacture of motor vehicles, trailers and semi-trailers",29,29,690
2022,"Herefordshire, Worcestershire and Warwickshire",30 : Manufacture of other transport equipment,30,30,85
2022,"Herefordshire, Worcestershire and Warwickshire",31 : Manufacture of furniture,31,31,270
2022,"Herefordshire, Worcestershire and Warwickshire",32 : Other manufacturing,32,32,305
2022,"Herefordshire, Worcestershire and Warwickshire",33 : Repair and installation of machinery and equipment,33,33,50
2022,"Herefordshire, Worcestershire and Warwickshire","35 : Electricity, gas, steam and air conditioning supply",35,35,300
2022,"Herefordshire, Worcestershire and Warwickshire","36 : Water collection, treatment and supply",36,36,30
2022,"Herefordshire, Worcestershire and Warwickshire",37 : Sewerage,37,37,150
2022,"Herefordshire, Worcestershire and Warwickshire","38 : Waste collection, treatment and disposal activities; materials recovery",38,38,130
2022,"Herefordshire, Worcestershire and Warwickshire","39 : Remediation activities and other waste management services. This division includes the provision of remediation services, i.e. the cleanup of contaminated buildings and sites, soil, surface or ground water.",39,39,0
2022,"Herefordshire, Worcestershire and Warwickshire",41 : Construction of buildings,41,41,1275
2022,"Herefordshire, Worcestershire and Warwickshire",42 : Civil engineering,42,42,320
2022,"Herefordshire, Worcestershire and Warwickshire",43 : Specialised construction activities,43,43,2355
2022,"Herefordshire, Worcestershire and Warwickshire",45 : Wholesale and retail trade and repair of motor vehicles and motorcycles,45,45,1975
2022,"Herefordshire, Worcestershire and Warwickshire","46 : Wholesale trade, except of motor vehicles and motorcycles",46,46,3575
2022,"Herefordshire, Worcestershire and Warwickshire","47 : Retail trade, except of motor vehicles and motorcycles",47,47,31265
2022,"Herefordshire, Worcestershire and Warwickshire",49 : Land transport and transport via pipelines,49,49,3730
2022,"Herefordshire, Worcestershire and Warwickshire",50 : Water transport,50,50,0
2022,"Herefordshire, Worcestershire and Warwickshire",51 : Air transport,51,51,10
2022,"Herefordshire, Worcestershire and Warwickshire",52 : Warehousing and support activities for transportation,52,52,2725
2022,"Herefordshire, Worcestershire and Warwickshire",53 : Postal and courier activities,53,53,1525
2022,"Herefordshire, Worcestershire and Warwickshire",55 : Accommodation,55,55,5630
2022,"Herefordshire, Worcestershire and Warwickshire",56 : Food and beverage service activities,56,56,23000
2022,"Herefordshire, Worcestershire and Warwickshire",58 : Publishing activities,58,58,205
2022,"Herefordshire, Worcestershire and Warwickshire","59 : Motion picture, video and television programme production, sound recording and music publishing activities",59,59,475
2022,"Herefordshire, Worcestershire and Warwickshire",60 : Programming and broadcasting activities,60,60,10
2022,"Herefordshire, Worcestershire and Warwickshire",61 : Telecommunications,61,61,475
2022,"Herefordshire, Worcestershire and Warwickshire","62 : Computer programming, consultancy and related activities",62,62,3210
2022,"Herefordshire, Worcestershire and Warwickshire",63 : Information service activities,63,63,110
2022,"Herefordshire, Worcestershire and Warwickshire","64 : Financial service activities, except insurance and pension funding",64,64,530
2022,"Herefordshire, Worcestershire and Warwickshire","65 : Insurance, reinsurance and pension funding, except compulsory social security",65,65,350
2022,"Herefordshire, Worcestershire and Warwickshire",66 : Activities auxiliary to financial services and insurance activities,66,66,685
2022,"Herefordshire, Worcestershire and Warwickshire",68 : Real estate activities,68,68,4875
2022,"Herefordshire, Worcestershire and Warwickshire",69 : Legal and accounting activities,69,69,2055
2022,"Herefordshire, Worcestershire and Warwickshire",70 : Activities of head offices; management consultancy activities,70,70,6750
2022,"Herefordshire, Worcestershire and Warwickshire",71 : Architectural and engineering activities; technical testing and analysis,71,71,2450
2022,"Herefordshire, Worcestershire and Warwickshire",72 : Scientific research and development,72,72,305
2022,"Herefordshire, Worcestershire and Warwickshire",73 : Advertising and market research,73,73,175
2022,"Herefordshire, Worcestershire and Warwickshire","74 : Other professional, scientific and technical activities",74,74,690
2022,"Herefordshire, Worcestershire and Warwickshire",75 : Veterinary activities,75,75,450
2022,"Herefordshire, Worcestershire and Warwickshire",77 : Rental and leasing activities,77,77,900
2022,"Herefordshire, Worcestershire and Warwickshire",78 : Employment activities,78,78,4825
2022,"Herefordshire, Worcestershire and Warwickshire","79 : Travel agency, tour operator and other reservation service and related activities",79,79,220
2022,"Herefordshire, Worcestershire and Warwickshire",80 : Security and investigation activities,80,80,450
2022,"Herefordshire, Worcestershire and Warwickshire",81 : Services to buildings and landscape activities,81,81,7940
2022,"Herefordshire, Worcestershire and Warwickshire","82 : Office administrative, office support and other business support activities",82,82,2220
2022,"Herefordshire, Worcestershire and Warwickshire",84 : Public administration and defence; compulsory social security,84,84,4965
2022,"Herefordshire, Worcestershire and Warwickshire",85 : Education,85,85,24470
2022,"Herefordshire, Worcestershire and Warwickshire",86 : Human health activities,86,86,19650
2022,"Herefordshire, Worcestershire and Warwickshire",87 : Residential care activities,87,87,7675
2022,"Herefordshire, Worcestershire and Warwickshire",88 : Social work activities without accommodation,88,88,7750
2022,"Herefordshire, Worcestershire and Warwickshire","90 : Creative, arts and entertainment activities",90,90,465
2022,"Herefordshire, Worcestershire and Warwickshire","91 : Libraries, archives, museums and other cultural activities",91,91,1505
2022,"Herefordshire, Worcestershire and Warwickshire",92 : Gambling and betting activities,92,92,300
2022,"Herefordshire, Worcestershire and Warwickshire",93 : Sports activities and amusement and recreation activities,93,93,4270
2022,"Herefordshire, Worcestershire and Warwickshire",94 : Activities of membership organisations,94,94,3525
2022,"Herefordshire, Worcestershire and Warwickshire",95 : Repair of computers and personal and household goods,95,95,1560
2022,"Herefordshire, Worcestershire and Warwickshire",96 : Other personal service activities,96,96,3775
2022,"Herefordshire, Worcestershire and Warwickshire",97 : Activities of households as employers of domestic personnel,97,97,0
2022,"Herefordshire, Worcestershire and Warwickshire",98 : Undifferentiated goods- and services-producing activities of private households for own use,98,98,0
2022,"Herefordshire, Worcestershire and Warwickshire",99 : Activities of extraterritorial organisations and bodies,99,99,0
2022,Highlands and Islands,"01 : Crop and animal production, hunting and related service activities",01,1,4070
2022,Highlands and Islands,02 : Forestry and logging,02,2,170
2022,Highlands and Islands,03 : Fishing and aquaculture,03,3,455
2022,Highlands and Islands,05 : Mining of coal and lignite,05,5,0
2022,Highlands and Islands,06 : Extraction of crude petroleum and natural gas,06,6,0
2022,Highlands and Islands,07 : Mining of metal ores,07,7,0
2022,Highlands and Islands,08 : Other mining and quarrying,08,8,35
2022,Highlands and Islands,09 : Mining support service activities,09,9,0
2022,Highlands and Islands,10 : Manufacture of food products,10,10,1075
2022,Highlands and Islands,11 : Manufacture of beverages,11,11,260
2022,Highlands and Islands,12 : Manufacture of tobacco products,12,12,0
2022,Highlands and Islands,13 : Manufacture of textiles,13,13,170
2022,Highlands and Islands,14 : Manufacture of wearing apparel,14,14,10
2022,Highlands and Islands,15 : Manufacture of leather and related products,15,15,0
2022,Highlands and Islands,"16 : Manufacture of wood and of products of wood and cork, except furniture;manufacture of articles of straw and plaiting materials",16,16,90
2022,Highlands and Islands,17 : Manufacture of paper and paper products,17,17,0
2022,Highlands and Islands,18 : Printing and reproduction of recorded media,18,18,40
2022,Highlands and Islands,19 : Manufacture of coke and refined petroleum products,19,19,0
2022,Highlands and Islands,20 : Manufacture of chemicals and chemical products,20,20,30
2022,Highlands and Islands,21 : Manufacture of basic pharmaceutical products and pharmaceutical preparations,21,21,50
2022,Highlands and Islands,22 : Manufacture of rubber and plastic products,22,22,15
2022,Highlands and Islands,23 : Manufacture of other non-metallic mineral products,23,23,15
2022,Highlands and Islands,24 : Manufacture of basic metals,24,24,20
2022,Highlands and Islands,"25 : Manufacture of fabricated metal products, except machinery and equipment",25,25,40
2022,Highlands and Islands,"26 : Manufacture of computer, electronic and optical products",26,26,35
2022,Highlands and Islands,27 : Manufacture of electrical equipment,27,27,0
2022,Highlands and Islands,28 : Manufacture of machinery and equipment n.e.c.,28,28,40
2022,Highlands and Islands,"29 : Manufacture of motor vehicles, trailers and semi-trailers",29,29,0
2022,Highlands and Islands,30 : Manufacture of other transport equipment,30,30,60
2022,Highlands and Islands,31 : Manufacture of furniture,31,31,35
2022,Highlands and Islands,32 : Other manufacturing,32,32,65
2022,Highlands and Islands,33 : Repair and installation of machinery and equipment,33,33,65
2022,Highlands and Islands,"35 : Electricity, gas, steam and air conditioning supply",35,35,200
2022,Highlands and Islands,"36 : Water collection, treatment and supply",36,36,75
2022,Highlands and Islands,37 : Sewerage,37,37,5
2022,Highlands and Islands,"38 : Waste collection, treatment and disposal activities; materials recovery",38,38,180
2022,Highlands and Islands,"39 : Remediation activities and other waste management services. This division includes the provision of remediation services, i.e. the cleanup of contaminated buildings and sites, soil, surface or ground water.",39,39,10
2022,Highlands and Islands,41 : Construction of buildings,41,41,400
2022,Highlands and Islands,42 : Civil engineering,42,42,185
2022,Highlands and Islands,43 : Specialised construction activities,43,43,1200
2022,Highlands and Islands,45 : Wholesale and retail trade and repair of motor vehicles and motorcycles,45,45,505
2022,Highlands and Islands,"46 : Wholesale trade, except of motor vehicles and motorcycles",46,46,540
2022,Highlands and Islands,"47 : Retail trade, except of motor vehicles and motorcycles",47,47,12595
2022,Highlands and Islands,49 : Land transport and transport via pipelines,49,49,650
2022,Highlands and Islands,50 : Water transport,50,50,105
2022,Highlands and Islands,51 : Air transport,51,51,15
2022,Highlands and Islands,52 : Warehousing and support activities for transportation,52,52,300
2022,Highlands and Islands,53 : Postal and courier activities,53,53,625
2022,Highlands and Islands,55 : Accommodation,55,55,6225
2022,Highlands and Islands,56 : Food and beverage service activities,56,56,6700
2022,Highlands and Islands,58 : Publishing activities,58,58,60
2022,Highlands and Islands,"59 : Motion picture, video and television programme production, sound recording and music publishing activities",59,59,210
2022,Highlands and Islands,60 : Programming and broadcasting activities,60,60,20
2022,Highlands and Islands,61 : Telecommunications,61,61,220
2022,Highlands and Islands,"62 : Computer programming, consultancy and related activities",62,62,295
2022,Highlands and Islands,63 : Information service activities,63,63,30
2022,Highlands and Islands,"64 : Financial service activities, except insurance and pension funding",64,64,240
2022,Highlands and Islands,"65 : Insurance, reinsurance and pension funding, except compulsory social security",65,65,0
2022,Highlands and Islands,66 : Activities auxiliary to financial services and insurance activities,66,66,135
2022,Highlands and Islands,68 : Real estate activities,68,68,770
2022,Highlands and Islands,69 : Legal and accounting activities,69,69,640
2022,Highlands and Islands,70 : Activities of head offices; management consultancy activities,70,70,240
2022,Highlands and Islands,71 : Architectural and engineering activities; technical testing and analysis,71,71,620
2022,Highlands and Islands,72 : Scientific research and development,72,72,70
2022,Highlands and Islands,73 : Advertising and market research,73,73,15
2022,Highlands and Islands,"74 : Other professional, scientific and technical activities",74,74,135
2022,Highlands and Islands,75 : Veterinary activities,75,75,300
2022,Highlands and Islands,77 : Rental and leasing activities,77,77,145
2022,Highlands and Islands,78 : Employment activities,78,78,650
2022,Highlands and Islands,"79 : Travel agency, tour operator and other reservation service and related activities",79,79,90
2022,Highlands and Islands,80 : Security and investigation activities,80,80,115
2022,Highlands and Islands,81 : Services to buildings and landscape activities,81,81,1730
2022,Highlands and Islands,"82 : Office administrative, office support and other business support activities",82,82,475
2022,Highlands and Islands,84 : Public administration and defence; compulsory social security,84,84,4690
2022,Highlands and Islands,85 : Education,85,85,10425
2022,Highlands and Islands,86 : Human health activities,86,86,9925
2022,Highlands and Islands,87 : Residential care activities,87,87,2800
2022,Highlands and Islands,88 : Social work activities without accommodation,88,88,3650
2022,Highlands and Islands,"90 : Creative, arts and entertainment activities",90,90,335
2022,Highlands and Islands,"91 : Libraries, archives, museums and other cultural activities",91,91,855
2022,Highlands and Islands,92 : Gambling and betting activities,92,92,100
2022,Highlands and Islands,93 : Sports activities and amusement and recreation activities,93,93,2670
2022,Highlands and Islands,94 : Activities of membership organisations,94,94,760
2022,Highlands and Islands,95 : Repair of computers and personal and household goods,95,95,30
2022,Highlands and Islands,96 : Other personal service activities,96,96,580
2022,Highlands and Islands,97 : Activities of households as employers of domestic personnel,97,97,0
2022,Highlands and Islands,98 : Undifferentiated goods- and services-producing activities of private households for own use,98,98,0
2022,Highlands and Islands,99 : Activities of extraterritorial organisations and bodies,99,99,0
2022,Inner London - East,"01 : Crop and animal production, hunting and related service activities",01,1,35
2022,Inner London - East,02 : Forestry and logging,02,2,125
2022,Inner London - East,03 : Fishing and aquaculture,03,3,60
2022,Inner London - East,05 : Mining of coal and lignite,05,5,0
2022,Inner London - East,06 : Extraction of crude petroleum and natural gas,06,6,0
2022,Inner London - East,07 : Mining of metal ores,07,7,0
2022,Inner London - East,08 : Other mining and quarrying,08,8,0
2022,Inner London - East,09 : Mining support service activities,09,9,0
2022,Inner London - East,10 : Manufacture of food products,10,10,835
2022,Inner London - East,11 : Manufacture of beverages,11,11,160
2022,Inner London - East,12 : Manufacture of tobacco products,12,12,0
2022,Inner London - East,13 : Manufacture of textiles,13,13,300
2022,Inner London - East,14 : Manufacture of wearing apparel,14,14,310
2022,Inner London - East,15 : Manufacture of leather and related products,15,15,150
2022,Inner London - East,"16 : Manufacture of wood and of products of wood and cork, except furniture;manufacture of articles of straw and plaiting materials",16,16,220
2022,Inner London - East,17 : Manufacture of paper and paper products,17,17,35
2022,Inner London - East,18 : Printing and reproduction of recorded media,18,18,255
2022,Inner London - East,19 : Manufacture of coke and refined petroleum products,19,19,0
2022,Inner London - East,20 : Manufacture of chemicals and chemical products,20,20,5
2022,Inner London - East,21 : Manufacture of basic pharmaceutical products and pharmaceutical preparations,21,21,0
2022,Inner London - East,22 : Manufacture of rubber and plastic products,22,22,0
2022,Inner London - East,23 : Manufacture of other non-metallic mineral products,23,23,60
2022,Inner London - East,24 : Manufacture of basic metals,24,24,70
2022,Inner London - East,"25 : Manufacture of fabricated metal products, except machinery and equipment",25,25,145
2022,Inner London - East,"26 : Manufacture of computer, electronic and optical products",26,26,0
2022,Inner London - East,27 : Manufacture of electrical equipment,27,27,10
2022,Inner London - East,28 : Manufacture of machinery and equipment n.e.c.,28,28,50
2022,Inner London - East,"29 : Manufacture of motor vehicles, trailers and semi-trailers",29,29,5
2022,Inner London - East,30 : Manufacture of other transport equipment,30,30,10
2022,Inner London - East,31 : Manufacture of furniture,31,31,130
2022,Inner London - East,32 : Other manufacturing,32,32,170
2022,Inner London - East,33 : Repair and installation of machinery and equipment,33,33,40
2022,Inner London - East,"35 : Electricity, gas, steam and air conditioning supply",35,35,195
2022,Inner London - East,"36 : Water collection, treatment and supply",36,36,0
2022,Inner London - East,37 : Sewerage,37,37,0
2022,Inner London - East,"38 : Waste collection, treatment and disposal activities; materials recovery",38,38,250
2022,Inner London - East,"39 : Remediation activities and other waste management services. This division includes the provision of remediation services, i.e. the cleanup of contaminated buildings and sites, soil, surface or ground water.",39,39,0
2022,Inner London - East,41 : Construction of buildings,41,41,5000
2022,Inner London - East,42 : Civil engineering,42,42,755
2022,Inner London - East,43 : Specialised construction activities,43,43,3525
2022,Inner London - East,45 : Wholesale and retail trade and repair of motor vehicles and motorcycles,45,45,950
2022,Inner London - East,"46 : Wholesale trade, except of motor vehicles and motorcycles",46,46,4395
2022,Inner London - East,"47 : Retail trade, except of motor vehicles and motorcycles",47,47,52635
2022,Inner London - East,49 : Land transport and transport via pipelines,49,49,3480
2022,Inner London - East,50 : Water transport,50,50,315
2022,Inner London - East,51 : Air transport,51,51,120
2022,Inner London - East,52 : Warehousing and support activities for transportation,52,52,1175
2022,Inner London - East,53 : Postal and courier activities,53,53,1500
2022,Inner London - East,55 : Accommodation,55,55,4895
2022,Inner London - East,56 : Food and beverage service activities,56,56,53250
2022,Inner London - East,58 : Publishing activities,58,58,2270
2022,Inner London - East,"59 : Motion picture, video and television programme production, sound recording and music publishing activities",59,59,1785
2022,Inner London - East,60 : Programming and broadcasting activities,60,60,65
2022,Inner London - East,61 : Telecommunications,61,61,485
2022,Inner London - East,"62 : Computer programming, consultancy and related activities",62,62,5560
2022,Inner London - East,63 : Information service activities,63,63,1275
2022,Inner London - East,"64 : Financial service activities, except insurance and pension funding",64,64,4695
2022,Inner London - East,"65 : Insurance, reinsurance and pension funding, except compulsory social security",65,65,165
2022,Inner London - East,66 : Activities auxiliary to financial services and insurance activities,66,66,1890
2022,Inner London - East,68 : Real estate activities,68,68,9300
2022,Inner London - East,69 : Legal and accounting activities,69,69,15505
2022,Inner London - East,70 : Activities of head offices; management consultancy activities,70,70,8150
2022,Inner London - East,71 : Architectural and engineering activities; technical testing and analysis,71,71,4625
2022,Inner London - East,72 : Scientific research and development,72,72,1475
2022,Inner London - East,73 : Advertising and market research,73,73,2750
2022,Inner London - East,"74 : Other professional, scientific and technical activities",74,74,2565
2022,Inner London - East,75 : Veterinary activities,75,75,175
2022,Inner London - East,77 : Rental and leasing activities,77,77,440
2022,Inner London - East,78 : Employment activities,78,78,23645
2022,Inner London - East,"79 : Travel agency, tour operator and other reservation service and related activities",79,79,725
2022,Inner London - East,80 : Security and investigation activities,80,80,5225
2022,Inner London - East,81 : Services to buildings and landscape activities,81,81,11730
2022,Inner London - East,"82 : Office administrative, office support and other business support activities",82,82,7270
2022,Inner London - East,84 : Public administration and defence; compulsory social security,84,84,8525
2022,Inner London - East,85 : Education,85,85,39110
2022,Inner London - East,86 : Human health activities,86,86,27150
2022,Inner London - East,87 : Residential care activities,87,87,4600
2022,Inner London - East,88 : Social work activities without accommodation,88,88,15000
2022,Inner London - East,"90 : Creative, arts and entertainment activities",90,90,2600
2022,Inner London - East,"91 : Libraries, archives, museums and other cultural activities",91,91,1225
2022,Inner London - East,92 : Gambling and betting activities,92,92,1250
2022,Inner London - East,93 : Sports activities and amusement and recreation activities,93,93,6465
2022,Inner London - East,94 : Activities of membership organisations,94,94,4075
2022,Inner London - East,95 : Repair of computers and personal and household goods,95,95,550
2022,Inner London - East,96 : Other personal service activities,96,96,4675
2022,Inner London - East,97 : Activities of households as employers of domestic personnel,97,97,0
2022,Inner London - East,98 : Undifferentiated goods- and services-producing activities of private households for own use,98,98,0
2022,Inner London - East,99 : Activities of extraterritorial organisations and bodies,99,99,0
2022,Inner London - West,"01 : Crop and animal production, hunting and related service activities",01,1,165
2022,Inner London - West,02 : Forestry and logging,02,2,140
2022,Inner London - West,03 : Fishing and aquaculture,03,3,25
2022,Inner London - West,05 : Mining of coal and lignite,05,5,0
2022,Inner London - West,06 : Extraction of crude petroleum and natural gas,06,6,35
2022,Inner London - West,07 : Mining of metal ores,07,7,0
2022,Inner London - West,08 : Other mining and quarrying,08,8,5
2022,Inner London - West,09 : Mining support service activities,09,9,10
2022,Inner London - West,10 : Manufacture of food products,10,10,555
2022,Inner London - West,11 : Manufacture of beverages,11,11,170
2022,Inner London - West,12 : Manufacture of tobacco products,12,12,0
2022,Inner London - West,13 : Manufacture of textiles,13,13,170
2022,Inner London - West,14 : Manufacture of wearing apparel,14,14,310
2022,Inner London - West,15 : Manufacture of leather and related products,15,15,95
2022,Inner London - West,"16 : Manufacture of wood and of products of wood and cork, except furniture;manufacture of articles of straw and plaiting materials",16,16,200
2022,Inner London - West,17 : Manufacture of paper and paper products,17,17,45
2022,Inner London - West,18 : Printing and reproduction of recorded media,18,18,160
2022,Inner London - West,19 : Manufacture of coke and refined petroleum products,19,19,0
2022,Inner London - West,20 : Manufacture of chemicals and chemical products,20,20,10
2022,Inner London - West,21 : Manufacture of basic pharmaceutical products and pharmaceutical preparations,21,21,20
2022,Inner London - West,22 : Manufacture of rubber and plastic products,22,22,0
2022,Inner London - West,23 : Manufacture of other non-metallic mineral products,23,23,25
2022,Inner London - West,24 : Manufacture of basic metals,24,24,90
2022,Inner London - West,"25 : Manufacture of fabricated metal products, except machinery and equipment",25,25,90
2022,Inner London - West,"26 : Manufacture of computer, electronic and optical products",26,26,0
2022,Inner London - West,27 : Manufacture of electrical equipment,27,27,10
2022,Inner London - West,28 : Manufacture of machinery and equipment n.e.c.,28,28,10
2022,Inner London - West,"29 : Manufacture of motor vehicles, trailers and semi-trailers",29,29,10
2022,Inner London - West,30 : Manufacture of other transport equipment,30,30,0
2022,Inner London - West,31 : Manufacture of furniture,31,31,75
2022,Inner London - West,32 : Other manufacturing,32,32,225
2022,Inner London - West,33 : Repair and installation of machinery and equipment,33,33,1010
2022,Inner London - West,"35 : Electricity, gas, steam and air conditioning supply",35,35,755
2022,Inner London - West,"36 : Water collection, treatment and supply",36,36,0
2022,Inner London - West,37 : Sewerage,37,37,20
2022,Inner London - West,"38 : Waste collection, treatment and disposal activities; materials recovery",38,38,365
2022,Inner London - West,"39 : Remediation activities and other waste management services. This division includes the provision of remediation services, i.e. the cleanup of contaminated buildings and sites, soil, surface or ground water.",39,39,0
2022,Inner London - West,41 : Construction of buildings,41,41,5550
2022,Inner London - West,42 : Civil engineering,42,42,475
2022,Inner London - West,43 : Specialised construction activities,43,43,2020
2022,Inner London - West,45 : Wholesale and retail trade and repair of motor vehicles and motorcycles,45,45,585
2022,Inner London - West,"46 : Wholesale trade, except of motor vehicles and motorcycles",46,46,6765
2022,Inner London - West,"47 : Retail trade, except of motor vehicles and motorcycles",47,47,52100
2022,Inner London - West,49 : Land transport and transport via pipelines,49,49,2960
2022,Inner London - West,50 : Water transport,50,50,255
2022,Inner London - West,51 : Air transport,51,51,190
2022,Inner London - West,52 : Warehousing and support activities for transportation,52,52,1000
2022,Inner London - West,53 : Postal and courier activities,53,53,785
2022,Inner London - West,55 : Accommodation,55,55,10700
2022,Inner London - West,56 : Food and beverage service activities,56,56,72000
2022,Inner London - West,58 : Publishing activities,58,58,3365
2022,Inner London - West,"59 : Motion picture, video and television programme production, sound recording and music publishing activities",59,59,5995
2022,Inner London - West,60 : Programming and broadcasting activities,60,60,1300
2022,Inner London - West,61 : Telecommunications,61,61,555
2022,Inner London - West,"62 : Computer programming, consultancy and related activities",62,62,7950
2022,Inner London - West,63 : Information service activities,63,63,1575
2022,Inner London - West,"64 : Financial service activities, except insurance and pension funding",64,64,5730
2022,Inner London - West,"65 : Insurance, reinsurance and pension funding, except compulsory social security",65,65,1685
2022,Inner London - West,66 : Activities auxiliary to financial services and insurance activities,66,66,13275
2022,Inner London - West,68 : Real estate activities,68,68,15850
2022,Inner London - West,69 : Legal and accounting activities,69,69,14475
2022,Inner London - West,70 : Activities of head offices; management consultancy activities,70,70,17250
2022,Inner London - West,71 : Architectural and engineering activities; technical testing and analysis,71,71,6350
2022,Inner London - West,72 : Scientific research and development,72,72,2100
2022,Inner London - West,73 : Advertising and market research,73,73,4100
2022,Inner London - West,"74 : Other professional, scientific and technical activities",74,74,3095
2022,Inner London - West,75 : Veterinary activities,75,75,75
2022,Inner London - West,77 : Rental and leasing activities,77,77,440
2022,Inner London - West,78 : Employment activities,78,78,24650
2022,Inner London - West,"79 : Travel agency, tour operator and other reservation service and related activities",79,79,1250
2022,Inner London - West,80 : Security and investigation activities,80,80,3200
2022,Inner London - West,81 : Services to buildings and landscape activities,81,81,11990
2022,Inner London - West,"82 : Office administrative, office support and other business support activities",82,82,13740
2022,Inner London - West,84 : Public administration and defence; compulsory social security,84,84,9865
2022,Inner London - West,85 : Education,85,85,38200
2022,Inner London - West,86 : Human health activities,86,86,34150
2022,Inner London - West,87 : Residential care activities,87,87,2750
2022,Inner London - West,88 : Social work activities without accommodation,88,88,11000
2022,Inner London - West,"90 : Creative, arts and entertainment activities",90,90,4500
2022,Inner London - West,"91 : Libraries, archives, museums and other cultural activities",91,91,2275
2022,Inner London - West,92 : Gambling and betting activities,92,92,2000
2022,Inner London - West,93 : Sports activities and amusement and recreation activities,93,93,8585
2022,Inner London - West,94 : Activities of membership organisations,94,94,6125
2022,Inner London - West,95 : Repair of computers and personal and household goods,95,95,335
2022,Inner London - West,96 : Other personal service activities,96,96,6125
2022,Inner London - West,97 : Activities of households as employers of domestic personnel,97,97,0
2022,Inner London - West,98 : Undifferentiated goods- and services-producing activities of private households for own use,98,98,0
2022,Inner London - West,99 : Activities of extraterritorial organisations and bodies,99,99,0
2022,Kent,"01 : Crop and animal production, hunting and related service activities",01,1,815
2022,Kent,02 : Forestry and logging,02,2,80
2022,Kent,03 : Fishing and aquaculture,03,3,25
2022,Kent,05 : Mining of coal and lignite,05,5,0
2022,Kent,06 : Extraction of crude petroleum and natural gas,06,6,0
2022,Kent,07 : Mining of metal ores,07,7,0
2022,Kent,08 : Other mining and quarrying,08,8,0
2022,Kent,09 : Mining support service activities,09,9,0
2022,Kent,10 : Manufacture of food products,10,10,1495
2022,Kent,11 : Manufacture of beverages,11,11,360
2022,Kent,12 : Manufacture of tobacco products,12,12,0
2022,Kent,13 : Manufacture of textiles,13,13,20
2022,Kent,14 : Manufacture of wearing apparel,14,14,40
2022,Kent,15 : Manufacture of leather and related products,15,15,70
2022,Kent,"16 : Manufacture of wood and of products of wood and cork, except furniture;manufacture of articles of straw and plaiting materials",16,16,390
2022,Kent,17 : Manufacture of paper and paper products,17,17,50
2022,Kent,18 : Printing and reproduction of recorded media,18,18,175
2022,Kent,19 : Manufacture of coke and refined petroleum products,19,19,0
2022,Kent,20 : Manufacture of chemicals and chemical products,20,20,300
2022,Kent,21 : Manufacture of basic pharmaceutical products and pharmaceutical preparations,21,21,35
2022,Kent,22 : Manufacture of rubber and plastic products,22,22,150
2022,Kent,23 : Manufacture of other non-metallic mineral products,23,23,140
2022,Kent,24 : Manufacture of basic metals,24,24,35
2022,Kent,"25 : Manufacture of fabricated metal products, except machinery and equipment",25,25,565
2022,Kent,"26 : Manufacture of computer, electronic and optical products",26,26,280
2022,Kent,27 : Manufacture of electrical equipment,27,27,70
2022,Kent,28 : Manufacture of machinery and equipment n.e.c.,28,28,235
2022,Kent,"29 : Manufacture of motor vehicles, trailers and semi-trailers",29,29,120
2022,Kent,30 : Manufacture of other transport equipment,30,30,30
2022,Kent,31 : Manufacture of furniture,31,31,160
2022,Kent,32 : Other manufacturing,32,32,265
2022,Kent,33 : Repair and installation of machinery and equipment,33,33,245
2022,Kent,"35 : Electricity, gas, steam and air conditioning supply",35,35,75
2022,Kent,"36 : Water collection, treatment and supply",36,36,125
2022,Kent,37 : Sewerage,37,37,75
2022,Kent,"38 : Waste collection, treatment and disposal activities; materials recovery",38,38,400
2022,Kent,"39 : Remediation activities and other waste management services. This division includes the provision of remediation services, i.e. the cleanup of contaminated buildings and sites, soil, surface or ground water.",39,39,5
2022,Kent,41 : Construction of buildings,41,41,3250
2022,Kent,42 : Civil engineering,42,42,575
2022,Kent,43 : Specialised construction activities,43,43,5300
2022,Kent,45 : Wholesale and retail trade and repair of motor vehicles and motorcycles,45,45,2140
2022,Kent,"46 : Wholesale trade, except of motor vehicles and motorcycles",46,46,3480
2022,Kent,"47 : Retail trade, except of motor vehicles and motorcycles",47,47,44305
2022,Kent,49 : Land transport and transport via pipelines,49,49,2290
2022,Kent,50 : Water transport,50,50,115
2022,Kent,51 : Air transport,51,51,210
2022,Kent,52 : Warehousing and support activities for transportation,52,52,2150
2022,Kent,53 : Postal and courier activities,53,53,1875
2022,Kent,55 : Accommodation,55,55,4735
2022,Kent,56 : Food and beverage service activities,56,56,28900
2022,Kent,58 : Publishing activities,58,58,225
2022,Kent,"59 : Motion picture, video and television programme production, sound recording and music publishing activities",59,59,920
2022,Kent,60 : Programming and broadcasting activities,60,60,20
2022,Kent,61 : Telecommunications,61,61,130
2022,Kent,"62 : Computer programming, consultancy and related activities",62,62,1640
2022,Kent,63 : Information service activities,63,63,265
2022,Kent,"64 : Financial service activities, except insurance and pension funding",64,64,965
2022,Kent,"65 : Insurance, reinsurance and pension funding, except compulsory social security",65,65,350
2022,Kent,66 : Activities auxiliary to financial services and insurance activities,66,66,1750
2022,Kent,68 : Real estate activities,68,68,3150
2022,Kent,69 : Legal and accounting activities,69,69,2455
2022,Kent,70 : Activities of head offices; management consultancy activities,70,70,3800
2022,Kent,71 : Architectural and engineering activities; technical testing and analysis,71,71,1695
2022,Kent,72 : Scientific research and development,72,72,305
2022,Kent,73 : Advertising and market research,73,73,525
2022,Kent,"74 : Other professional, scientific and technical activities",74,74,775
2022,Kent,75 : Veterinary activities,75,75,800
2022,Kent,77 : Rental and leasing activities,77,77,525
2022,Kent,78 : Employment activities,78,78,7075
2022,Kent,"79 : Travel agency, tour operator and other reservation service and related activities",79,79,1140
2022,Kent,80 : Security and investigation activities,80,80,1140
2022,Kent,81 : Services to buildings and landscape activities,81,81,11635
2022,Kent,"82 : Office administrative, office support and other business support activities",82,82,3200
2022,Kent,84 : Public administration and defence; compulsory social security,84,84,6475
2022,Kent,85 : Education,85,85,30595
2022,Kent,86 : Human health activities,86,86,23850
2022,Kent,87 : Residential care activities,87,87,7950
2022,Kent,88 : Social work activities without accommodation,88,88,9250
2022,Kent,"90 : Creative, arts and entertainment activities",90,90,475
2022,Kent,"91 : Libraries, archives, museums and other cultural activities",91,91,1540
2022,Kent,92 : Gambling and betting activities,92,92,600
2022,Kent,93 : Sports activities and amusement and recreation activities,93,93,8195
2022,Kent,94 : Activities of membership organisations,94,94,2135
2022,Kent,95 : Repair of computers and personal and household goods,95,95,330
2022,Kent,96 : Other personal service activities,96,96,2475
2022,Kent,97 : Activities of households as employers of domestic personnel,97,97,0
2022,Kent,98 : Undifferentiated goods- and services-producing activities of private households for own use,98,98,0
2022,Kent,99 : Activities of extraterritorial organisations and bodies,99,99,0
2022,Lancashire,"01 : Crop and animal production, hunting and related service activities",01,1,900
2022,Lancashire,02 : Forestry and logging,02,2,5
2022,Lancashire,03 : Fishing and aquaculture,03,3,0
2022,Lancashire,05 : Mining of coal and lignite,05,5,0
2022,Lancashire,06 : Extraction of crude petroleum and natural gas,06,6,0
2022,Lancashire,07 : Mining of metal ores,07,7,0
2022,Lancashire,08 : Other mining and quarrying,08,8,5
2022,Lancashire,09 : Mining support service activities,09,9,0
2022,Lancashire,10 : Manufacture of food products,10,10,3240
2022,Lancashire,11 : Manufacture of beverages,11,11,120
2022,Lancashire,12 : Manufacture of tobacco products,12,12,0
2022,Lancashire,13 : Manufacture of textiles,13,13,230
2022,Lancashire,14 : Manufacture of wearing apparel,14,14,65
2022,Lancashire,15 : Manufacture of leather and related products,15,15,100
2022,Lancashire,"16 : Manufacture of wood and of products of wood and cork, except furniture;manufacture of articles of straw and plaiting materials",16,16,140
2022,Lancashire,17 : Manufacture of paper and paper products,17,17,165
2022,Lancashire,18 : Printing and reproduction of recorded media,18,18,175
2022,Lancashire,19 : Manufacture of coke and refined petroleum products,19,19,0
2022,Lancashire,20 : Manufacture of chemicals and chemical products,20,20,225
2022,Lancashire,21 : Manufacture of basic pharmaceutical products and pharmaceutical preparations,21,21,15
2022,Lancashire,22 : Manufacture of rubber and plastic products,22,22,445
2022,Lancashire,23 : Manufacture of other non-metallic mineral products,23,23,190
2022,Lancashire,24 : Manufacture of basic metals,24,24,70
2022,Lancashire,"25 : Manufacture of fabricated metal products, except machinery and equipment",25,25,580
2022,Lancashire,"26 : Manufacture of computer, electronic and optical products",26,26,65
2022,Lancashire,27 : Manufacture of electrical equipment,27,27,140
2022,Lancashire,28 : Manufacture of machinery and equipment n.e.c.,28,28,335
2022,Lancashire,"29 : Manufacture of motor vehicles, trailers and semi-trailers",29,29,55
2022,Lancashire,30 : Manufacture of other transport equipment,30,30,590
2022,Lancashire,31 : Manufacture of furniture,31,31,100
2022,Lancashire,32 : Other manufacturing,32,32,230
2022,Lancashire,33 : Repair and installation of machinery and equipment,33,33,305
2022,Lancashire,"35 : Electricity, gas, steam and air conditioning supply",35,35,95
2022,Lancashire,"36 : Water collection, treatment and supply",36,36,5
2022,Lancashire,37 : Sewerage,37,37,10
2022,Lancashire,"38 : Waste collection, treatment and disposal activities; materials recovery",38,38,130
2022,Lancashire,"39 : Remediation activities and other waste management services. This division includes the provision of remediation services, i.e. the cleanup of contaminated buildings and sites, soil, surface or ground water.",39,39,75
2022,Lancashire,41 : Construction of buildings,41,41,1375
2022,Lancashire,42 : Civil engineering,42,42,515
2022,Lancashire,43 : Specialised construction activities,43,43,2245
2022,Lancashire,45 : Wholesale and retail trade and repair of motor vehicles and motorcycles,45,45,1880
2022,Lancashire,"46 : Wholesale trade, except of motor vehicles and motorcycles",46,46,6170
2022,Lancashire,"47 : Retail trade, except of motor vehicles and motorcycles",47,47,32545
2022,Lancashire,49 : Land transport and transport via pipelines,49,49,1645
2022,Lancashire,50 : Water transport,50,50,10
2022,Lancashire,51 : Air transport,51,51,50
2022,Lancashire,52 : Warehousing and support activities for transportation,52,52,810
2022,Lancashire,53 : Postal and courier activities,53,53,760
2022,Lancashire,55 : Accommodation,55,55,4370
2022,Lancashire,56 : Food and beverage service activities,56,56,30850
2022,Lancashire,58 : Publishing activities,58,58,50
2022,Lancashire,"59 : Motion picture, video and television programme production, sound recording and music publishing activities",59,59,335
2022,Lancashire,60 : Programming and broadcasting activities,60,60,20
2022,Lancashire,61 : Telecommunications,61,61,665
2022,Lancashire,"62 : Computer programming, consultancy and related activities",62,62,1260
2022,Lancashire,63 : Information service activities,63,63,85
2022,Lancashire,"64 : Financial service activities, except insurance and pension funding",64,64,695
2022,Lancashire,"65 : Insurance, reinsurance and pension funding, except compulsory social security",65,65,15
2022,Lancashire,66 : Activities auxiliary to financial services and insurance activities,66,66,635
2022,Lancashire,68 : Real estate activities,68,68,2340
2022,Lancashire,69 : Legal and accounting activities,69,69,2110
2022,Lancashire,70 : Activities of head offices; management consultancy activities,70,70,1500
2022,Lancashire,71 : Architectural and engineering activities; technical testing and analysis,71,71,1470
2022,Lancashire,72 : Scientific research and development,72,72,50
2022,Lancashire,73 : Advertising and market research,73,73,90
2022,Lancashire,"74 : Other professional, scientific and technical activities",74,74,650
2022,Lancashire,75 : Veterinary activities,75,75,900
2022,Lancashire,77 : Rental and leasing activities,77,77,315
2022,Lancashire,78 : Employment activities,78,78,4780
2022,Lancashire,"79 : Travel agency, tour operator and other reservation service and related activities",79,79,530
2022,Lancashire,80 : Security and investigation activities,80,80,295
2022,Lancashire,81 : Services to buildings and landscape activities,81,81,3825
2022,Lancashire,"82 : Office administrative, office support and other business support activities",82,82,1650
2022,Lancashire,84 : Public administration and defence; compulsory social security,84,84,10240
2022,Lancashire,85 : Education,85,85,23910
2022,Lancashire,86 : Human health activities,86,86,23875
2022,Lancashire,87 : Residential care activities,87,87,6500
2022,Lancashire,88 : Social work activities without accommodation,88,88,8000
2022,Lancashire,"90 : Creative, arts and entertainment activities",90,90,220
2022,Lancashire,"91 : Libraries, archives, museums and other cultural activities",91,91,725
2022,Lancashire,92 : Gambling and betting activities,92,92,700
2022,Lancashire,93 : Sports activities and amusement and recreation activities,93,93,6930
2022,Lancashire,94 : Activities of membership organisations,94,94,1910
2022,Lancashire,95 : Repair of computers and personal and household goods,95,95,465
2022,Lancashire,96 : Other personal service activities,96,96,1945
2022,Lancashire,97 : Activities of households as employers of domestic personnel,97,97,0
2022,Lancashire,98 : Undifferentiated goods- and services-producing activities of private households for own use,98,98,0
2022,Lancashire,99 : Activities of extraterritorial organisations and bodies,99,99,0
2022,"Leicestershire, Rutland and Northamptonshire","01 : Crop and animal production, hunting and related service activities",01,1,905
2022,"Leicestershire, Rutland and Northamptonshire",02 : Forestry and logging,02,2,60
2022,"Leicestershire, Rutland and Northamptonshire",03 : Fishing and aquaculture,03,3,10
2022,"Leicestershire, Rutland and Northamptonshire",05 : Mining of coal and lignite,05,5,0
2022,"Leicestershire, Rutland and Northamptonshire",06 : Extraction of crude petroleum and natural gas,06,6,0
2022,"Leicestershire, Rutland and Northamptonshire",07 : Mining of metal ores,07,7,0
2022,"Leicestershire, Rutland and Northamptonshire",08 : Other mining and quarrying,08,8,100
2022,"Leicestershire, Rutland and Northamptonshire",09 : Mining support service activities,09,9,0
2022,"Leicestershire, Rutland and Northamptonshire",10 : Manufacture of food products,10,10,2840
2022,"Leicestershire, Rutland and Northamptonshire",11 : Manufacture of beverages,11,11,325
2022,"Leicestershire, Rutland and Northamptonshire",12 : Manufacture of tobacco products,12,12,0
2022,"Leicestershire, Rutland and Northamptonshire",13 : Manufacture of textiles,13,13,395
2022,"Leicestershire, Rutland and Northamptonshire",14 : Manufacture of wearing apparel,14,14,675
2022,"Leicestershire, Rutland and Northamptonshire",15 : Manufacture of leather and related products,15,15,50
2022,"Leicestershire, Rutland and Northamptonshire","16 : Manufacture of wood and of products of wood and cork, except furniture;manufacture of articles of straw and plaiting materials",16,16,580
2022,"Leicestershire, Rutland and Northamptonshire",17 : Manufacture of paper and paper products,17,17,290
2022,"Leicestershire, Rutland and Northamptonshire",18 : Printing and reproduction of recorded media,18,18,615
2022,"Leicestershire, Rutland and Northamptonshire",19 : Manufacture of coke and refined petroleum products,19,19,0
2022,"Leicestershire, Rutland and Northamptonshire",20 : Manufacture of chemicals and chemical products,20,20,505
2022,"Leicestershire, Rutland and Northamptonshire",21 : Manufacture of basic pharmaceutical products and pharmaceutical preparations,21,21,105
2022,"Leicestershire, Rutland and Northamptonshire",22 : Manufacture of rubber and plastic products,22,22,355
2022,"Leicestershire, Rutland and Northamptonshire",23 : Manufacture of other non-metallic mineral products,23,23,180
2022,"Leicestershire, Rutland and Northamptonshire",24 : Manufacture of basic metals,24,24,15
2022,"Leicestershire, Rutland and Northamptonshire","25 : Manufacture of fabricated metal products, except machinery and equipment",25,25,710
2022,"Leicestershire, Rutland and Northamptonshire","26 : Manufacture of computer, electronic and optical products",26,26,625
2022,"Leicestershire, Rutland and Northamptonshire",27 : Manufacture of electrical equipment,27,27,70
2022,"Leicestershire, Rutland and Northamptonshire",28 : Manufacture of machinery and equipment n.e.c.,28,28,580
2022,"Leicestershire, Rutland and Northamptonshire","29 : Manufacture of motor vehicles, trailers and semi-trailers",29,29,90
2022,"Leicestershire, Rutland and Northamptonshire",30 : Manufacture of other transport equipment,30,30,100
2022,"Leicestershire, Rutland and Northamptonshire",31 : Manufacture of furniture,31,31,725
2022,"Leicestershire, Rutland and Northamptonshire",32 : Other manufacturing,32,32,90
2022,"Leicestershire, Rutland and Northamptonshire",33 : Repair and installation of machinery and equipment,33,33,145
2022,"Leicestershire, Rutland and Northamptonshire","35 : Electricity, gas, steam and air conditioning supply",35,35,725
2022,"Leicestershire, Rutland and Northamptonshire","36 : Water collection, treatment and supply",36,36,15
2022,"Leicestershire, Rutland and Northamptonshire",37 : Sewerage,37,37,25
2022,"Leicestershire, Rutland and Northamptonshire","38 : Waste collection, treatment and disposal activities; materials recovery",38,38,440
2022,"Leicestershire, Rutland and Northamptonshire","39 : Remediation activities and other waste management services. This division includes the provision of remediation services, i.e. the cleanup of contaminated buildings and sites, soil, surface or ground water.",39,39,0
2022,"Leicestershire, Rutland and Northamptonshire",41 : Construction of buildings,41,41,2550
2022,"Leicestershire, Rutland and Northamptonshire",42 : Civil engineering,42,42,500
2022,"Leicestershire, Rutland and Northamptonshire",43 : Specialised construction activities,43,43,4150
2022,"Leicestershire, Rutland and Northamptonshire",45 : Wholesale and retail trade and repair of motor vehicles and motorcycles,45,45,3200
2022,"Leicestershire, Rutland and Northamptonshire","46 : Wholesale trade, except of motor vehicles and motorcycles",46,46,6665
2022,"Leicestershire, Rutland and Northamptonshire","47 : Retail trade, except of motor vehicles and motorcycles",47,47,41360
2022,"Leicestershire, Rutland and Northamptonshire",49 : Land transport and transport via pipelines,49,49,1345
2022,"Leicestershire, Rutland and Northamptonshire",50 : Water transport,50,50,0
2022,"Leicestershire, Rutland and Northamptonshire",51 : Air transport,51,51,140
2022,"Leicestershire, Rutland and Northamptonshire",52 : Warehousing and support activities for transportation,52,52,3925
2022,"Leicestershire, Rutland and Northamptonshire",53 : Postal and courier activities,53,53,4050
2022,"Leicestershire, Rutland and Northamptonshire",55 : Accommodation,55,55,3715
2022,"Leicestershire, Rutland and Northamptonshire",56 : Food and beverage service activities,56,56,34250
2022,"Leicestershire, Rutland and Northamptonshire",58 : Publishing activities,58,58,240
2022,"Leicestershire, Rutland and Northamptonshire","59 : Motion picture, video and television programme production, sound recording and music publishing activities",59,59,925
2022,"Leicestershire, Rutland and Northamptonshire",60 : Programming and broadcasting activities,60,60,105
2022,"Leicestershire, Rutland and Northamptonshire",61 : Telecommunications,61,61,195
2022,"Leicestershire, Rutland and Northamptonshire","62 : Computer programming, consultancy and related activities",62,62,1625
2022,"Leicestershire, Rutland and Northamptonshire",63 : Information service activities,63,63,120
2022,"Leicestershire, Rutland and Northamptonshire","64 : Financial service activities, except insurance and pension funding",64,64,2200
2022,"Leicestershire, Rutland and Northamptonshire","65 : Insurance, reinsurance and pension funding, except compulsory social security",65,65,30
2022,"Leicestershire, Rutland and Northamptonshire",66 : Activities auxiliary to financial services and insurance activities,66,66,2055
2022,"Leicestershire, Rutland and Northamptonshire",68 : Real estate activities,68,68,3930
2022,"Leicestershire, Rutland and Northamptonshire",69 : Legal and accounting activities,69,69,3360
2022,"Leicestershire, Rutland and Northamptonshire",70 : Activities of head offices; management consultancy activities,70,70,5450
2022,"Leicestershire, Rutland and Northamptonshire",71 : Architectural and engineering activities; technical testing and analysis,71,71,1900
2022,"Leicestershire, Rutland and Northamptonshire",72 : Scientific research and development,72,72,375
2022,"Leicestershire, Rutland and Northamptonshire",73 : Advertising and market research,73,73,650
2022,"Leicestershire, Rutland and Northamptonshire","74 : Other professional, scientific and technical activities",74,74,1115
2022,"Leicestershire, Rutland and Northamptonshire",75 : Veterinary activities,75,75,800
2022,"Leicestershire, Rutland and Northamptonshire",77 : Rental and leasing activities,77,77,775
2022,"Leicestershire, Rutland and Northamptonshire",78 : Employment activities,78,78,11150
2022,"Leicestershire, Rutland and Northamptonshire","79 : Travel agency, tour operator and other reservation service and related activities",79,79,320
2022,"Leicestershire, Rutland and Northamptonshire",80 : Security and investigation activities,80,80,3635
2022,"Leicestershire, Rutland and Northamptonshire",81 : Services to buildings and landscape activities,81,81,5745
2022,"Leicestershire, Rutland and Northamptonshire","82 : Office administrative, office support and other business support activities",82,82,5765
2022,"Leicestershire, Rutland and Northamptonshire",84 : Public administration and defence; compulsory social security,84,84,8150
2022,"Leicestershire, Rutland and Northamptonshire",85 : Education,85,85,33035
2022,"Leicestershire, Rutland and Northamptonshire",86 : Human health activities,86,86,28100
2022,"Leicestershire, Rutland and Northamptonshire",87 : Residential care activities,87,87,9425
2022,"Leicestershire, Rutland and Northamptonshire",88 : Social work activities without accommodation,88,88,8750
2022,"Leicestershire, Rutland and Northamptonshire","90 : Creative, arts and entertainment activities",90,90,740
2022,"Leicestershire, Rutland and Northamptonshire","91 : Libraries, archives, museums and other cultural activities",91,91,800
2022,"Leicestershire, Rutland and Northamptonshire",92 : Gambling and betting activities,92,92,800
2022,"Leicestershire, Rutland and Northamptonshire",93 : Sports activities and amusement and recreation activities,93,93,8000
2022,"Leicestershire, Rutland and Northamptonshire",94 : Activities of membership organisations,94,94,1990
2022,"Leicestershire, Rutland and Northamptonshire",95 : Repair of computers and personal and household goods,95,95,685
2022,"Leicestershire, Rutland and Northamptonshire",96 : Other personal service activities,96,96,2550
2022,"Leicestershire, Rutland and Northamptonshire",97 : Activities of households as employers of domestic personnel,97,97,0
2022,"Leicestershire, Rutland and Northamptonshire",98 : Undifferentiated goods- and services-producing activities of private households for own use,98,98,0
2022,"Leicestershire, Rutland and Northamptonshire",99 : Activities of extraterritorial organisations and bodies,99,99,0
2022,Lincolnshire,"01 : Crop and animal production, hunting and related service activities",01,1,1255
2022,Lincolnshire,02 : Forestry and logging,02,2,50
2022,Lincolnshire,03 : Fishing and aquaculture,03,3,5
2022,Lincolnshire,05 : Mining of coal and lignite,05,5,0
2022,Lincolnshire,06 : Extraction of crude petroleum and natural gas,06,6,0
2022,Lincolnshire,07 : Mining of metal ores,07,7,0
2022,Lincolnshire,08 : Other mining and quarrying,08,8,25
2022,Lincolnshire,09 : Mining support service activities,09,9,0
2022,Lincolnshire,10 : Manufacture of food products,10,10,740
2022,Lincolnshire,11 : Manufacture of beverages,11,11,25
2022,Lincolnshire,12 : Manufacture of tobacco products,12,12,0
2022,Lincolnshire,13 : Manufacture of textiles,13,13,70
2022,Lincolnshire,14 : Manufacture of wearing apparel,14,14,0
2022,Lincolnshire,15 : Manufacture of leather and related products,15,15,10
2022,Lincolnshire,"16 : Manufacture of wood and of products of wood and cork, except furniture;manufacture of articles of straw and plaiting materials",16,16,255
2022,Lincolnshire,17 : Manufacture of paper and paper products,17,17,50
2022,Lincolnshire,18 : Printing and reproduction of recorded media,18,18,205
2022,Lincolnshire,19 : Manufacture of coke and refined petroleum products,19,19,0
2022,Lincolnshire,20 : Manufacture of chemicals and chemical products,20,20,15
2022,Lincolnshire,21 : Manufacture of basic pharmaceutical products and pharmaceutical preparations,21,21,20
2022,Lincolnshire,22 : Manufacture of rubber and plastic products,22,22,70
2022,Lincolnshire,23 : Manufacture of other non-metallic mineral products,23,23,10
2022,Lincolnshire,24 : Manufacture of basic metals,24,24,0
2022,Lincolnshire,"25 : Manufacture of fabricated metal products, except machinery and equipment",25,25,240
2022,Lincolnshire,"26 : Manufacture of computer, electronic and optical products",26,26,85
2022,Lincolnshire,27 : Manufacture of electrical equipment,27,27,10
2022,Lincolnshire,28 : Manufacture of machinery and equipment n.e.c.,28,28,290
2022,Lincolnshire,"29 : Manufacture of motor vehicles, trailers and semi-trailers",29,29,40
2022,Lincolnshire,30 : Manufacture of other transport equipment,30,30,15
2022,Lincolnshire,31 : Manufacture of furniture,31,31,85
2022,Lincolnshire,32 : Other manufacturing,32,32,20
2022,Lincolnshire,33 : Repair and installation of machinery and equipment,33,33,80
2022,Lincolnshire,"35 : Electricity, gas, steam and air conditioning supply",35,35,10
2022,Lincolnshire,"36 : Water collection, treatment and supply",36,36,150
2022,Lincolnshire,37 : Sewerage,37,37,40
2022,Lincolnshire,"38 : Waste collection, treatment and disposal activities; materials recovery",38,38,90
2022,Lincolnshire,"39 : Remediation activities and other waste management services. This division includes the provision of remediation services, i.e. the cleanup of contaminated buildings and sites, soil, surface or ground water.",39,39,0
2022,Lincolnshire,41 : Construction of buildings,41,41,1000
2022,Lincolnshire,42 : Civil engineering,42,42,265
2022,Lincolnshire,43 : Specialised construction activities,43,43,1580
2022,Lincolnshire,45 : Wholesale and retail trade and repair of motor vehicles and motorcycles,45,45,1235
2022,Lincolnshire,"46 : Wholesale trade, except of motor vehicles and motorcycles",46,46,2830
2022,Lincolnshire,"47 : Retail trade, except of motor vehicles and motorcycles",47,47,17400
2022,Lincolnshire,49 : Land transport and transport via pipelines,49,49,845
2022,Lincolnshire,50 : Water transport,50,50,10
2022,Lincolnshire,51 : Air transport,51,51,0
2022,Lincolnshire,52 : Warehousing and support activities for transportation,52,52,175
2022,Lincolnshire,53 : Postal and courier activities,53,53,1375
2022,Lincolnshire,55 : Accommodation,55,55,3255
2022,Lincolnshire,56 : Food and beverage service activities,56,56,14150
2022,Lincolnshire,58 : Publishing activities,58,58,155
2022,Lincolnshire,"59 : Motion picture, video and television programme production, sound recording and music publishing activities",59,59,280
2022,Lincolnshire,60 : Programming and broadcasting activities,60,60,35
2022,Lincolnshire,61 : Telecommunications,61,61,125
2022,Lincolnshire,"62 : Computer programming, consultancy and related activities",62,62,320
2022,Lincolnshire,63 : Information service activities,63,63,15
2022,Lincolnshire,"64 : Financial service activities, except insurance and pension funding",64,64,230
2022,Lincolnshire,"65 : Insurance, reinsurance and pension funding, except compulsory social security",65,65,0
2022,Lincolnshire,66 : Activities auxiliary to financial services and insurance activities,66,66,375
2022,Lincolnshire,68 : Real estate activities,68,68,1420
2022,Lincolnshire,69 : Legal and accounting activities,69,69,1060
2022,Lincolnshire,70 : Activities of head offices; management consultancy activities,70,70,920
2022,Lincolnshire,71 : Architectural and engineering activities; technical testing and analysis,71,71,495
2022,Lincolnshire,72 : Scientific research and development,72,72,30
2022,Lincolnshire,73 : Advertising and market research,73,73,125
2022,Lincolnshire,"74 : Other professional, scientific and technical activities",74,74,360
2022,Lincolnshire,75 : Veterinary activities,75,75,450
2022,Lincolnshire,77 : Rental and leasing activities,77,77,285
2022,Lincolnshire,78 : Employment activities,78,78,4780
2022,Lincolnshire,"79 : Travel agency, tour operator and other reservation service and related activities",79,79,85
2022,Lincolnshire,80 : Security and investigation activities,80,80,290
2022,Lincolnshire,81 : Services to buildings and landscape activities,81,81,2845
2022,Lincolnshire,"82 : Office administrative, office support and other business support activities",82,82,1580
2022,Lincolnshire,84 : Public administration and defence; compulsory social security,84,84,2525
2022,Lincolnshire,85 : Education,85,85,9915
2022,Lincolnshire,86 : Human health activities,86,86,10700
2022,Lincolnshire,87 : Residential care activities,87,87,4200
2022,Lincolnshire,88 : Social work activities without accommodation,88,88,3550
2022,Lincolnshire,"90 : Creative, arts and entertainment activities",90,90,180
2022,Lincolnshire,"91 : Libraries, archives, museums and other cultural activities",91,91,470
2022,Lincolnshire,92 : Gambling and betting activities,92,92,500
2022,Lincolnshire,93 : Sports activities and amusement and recreation activities,93,93,2655
2022,Lincolnshire,94 : Activities of membership organisations,94,94,585
2022,Lincolnshire,95 : Repair of computers and personal and household goods,95,95,285
2022,Lincolnshire,96 : Other personal service activities,96,96,860
2022,Lincolnshire,97 : Activities of households as employers of domestic personnel,97,97,0
2022,Lincolnshire,98 : Undifferentiated goods- and services-producing activities of private households for own use,98,98,0
2022,Lincolnshire,99 : Activities of extraterritorial organisations and bodies,99,99,0
2022,Merseyside,"01 : Crop and animal production, hunting and related service activities",01,1,60
2022,Merseyside,02 : Forestry and logging,02,2,0
2022,Merseyside,03 : Fishing and aquaculture,03,3,0
2022,Merseyside,05 : Mining of coal and lignite,05,5,0
2022,Merseyside,06 : Extraction of crude petroleum and natural gas,06,6,0
2022,Merseyside,07 : Mining of metal ores,07,7,0
2022,Merseyside,08 : Other mining and quarrying,08,8,0
2022,Merseyside,09 : Mining support service activities,09,9,10
2022,Merseyside,10 : Manufacture of food products,10,10,1655
2022,Merseyside,11 : Manufacture of beverages,11,11,30
2022,Merseyside,12 : Manufacture of tobacco products,12,12,0
2022,Merseyside,13 : Manufacture of textiles,13,13,70
2022,Merseyside,14 : Manufacture of wearing apparel,14,14,25
2022,Merseyside,15 : Manufacture of leather and related products,15,15,10
2022,Merseyside,"16 : Manufacture of wood and of products of wood and cork, except furniture;manufacture of articles of straw and plaiting materials",16,16,115
2022,Merseyside,17 : Manufacture of paper and paper products,17,17,45
2022,Merseyside,18 : Printing and reproduction of recorded media,18,18,75
2022,Merseyside,19 : Manufacture of coke and refined petroleum products,19,19,10
2022,Merseyside,20 : Manufacture of chemicals and chemical products,20,20,265
2022,Merseyside,21 : Manufacture of basic pharmaceutical products and pharmaceutical preparations,21,21,80
2022,Merseyside,22 : Manufacture of rubber and plastic products,22,22,140
2022,Merseyside,23 : Manufacture of other non-metallic mineral products,23,23,285
2022,Merseyside,24 : Manufacture of basic metals,24,24,35
2022,Merseyside,"25 : Manufacture of fabricated metal products, except machinery and equipment",25,25,350
2022,Merseyside,"26 : Manufacture of computer, electronic and optical products",26,26,50
2022,Merseyside,27 : Manufacture of electrical equipment,27,27,120
2022,Merseyside,28 : Manufacture of machinery and equipment n.e.c.,28,28,175
2022,Merseyside,"29 : Manufacture of motor vehicles, trailers and semi-trailers",29,29,40
2022,Merseyside,30 : Manufacture of other transport equipment,30,30,275
2022,Merseyside,31 : Manufacture of furniture,31,31,40
2022,Merseyside,32 : Other manufacturing,32,32,110
2022,Merseyside,33 : Repair and installation of machinery and equipment,33,33,295
2022,Merseyside,"35 : Electricity, gas, steam and air conditioning supply",35,35,35
2022,Merseyside,"36 : Water collection, treatment and supply",36,36,0
2022,Merseyside,37 : Sewerage,37,37,10
2022,Merseyside,"38 : Waste collection, treatment and disposal activities; materials recovery",38,38,200
2022,Merseyside,"39 : Remediation activities and other waste management services. This division includes the provision of remediation services, i.e. the cleanup of contaminated buildings and sites, soil, surface or ground water.",39,39,75
2022,Merseyside,41 : Construction of buildings,41,41,1375
2022,Merseyside,42 : Civil engineering,42,42,415
2022,Merseyside,43 : Specialised construction activities,43,43,2360
2022,Merseyside,45 : Wholesale and retail trade and repair of motor vehicles and motorcycles,45,45,1195
2022,Merseyside,"46 : Wholesale trade, except of motor vehicles and motorcycles",46,46,3985
2022,Merseyside,"47 : Retail trade, except of motor vehicles and motorcycles",47,47,34815
2022,Merseyside,49 : Land transport and transport via pipelines,49,49,1280
2022,Merseyside,50 : Water transport,50,50,75
2022,Merseyside,51 : Air transport,51,51,180
2022,Merseyside,52 : Warehousing and support activities for transportation,52,52,1220
2022,Merseyside,53 : Postal and courier activities,53,53,695
2022,Merseyside,55 : Accommodation,55,55,2425
2022,Merseyside,56 : Food and beverage service activities,56,56,30950
2022,Merseyside,58 : Publishing activities,58,58,320
2022,Merseyside,"59 : Motion picture, video and television programme production, sound recording and music publishing activities",59,59,480
2022,Merseyside,60 : Programming and broadcasting activities,60,60,50
2022,Merseyside,61 : Telecommunications,61,61,350
2022,Merseyside,"62 : Computer programming, consultancy and related activities",62,62,955
2022,Merseyside,63 : Information service activities,63,63,215
2022,Merseyside,"64 : Financial service activities, except insurance and pension funding",64,64,1705
2022,Merseyside,"65 : Insurance, reinsurance and pension funding, except compulsory social security",65,65,200
2022,Merseyside,66 : Activities auxiliary to financial services and insurance activities,66,66,875
2022,Merseyside,68 : Real estate activities,68,68,2500
2022,Merseyside,69 : Legal and accounting activities,69,69,3010
2022,Merseyside,70 : Activities of head offices; management consultancy activities,70,70,5360
2022,Merseyside,71 : Architectural and engineering activities; technical testing and analysis,71,71,1310
2022,Merseyside,72 : Scientific research and development,72,72,205
2022,Merseyside,73 : Advertising and market research,73,73,125
2022,Merseyside,"74 : Other professional, scientific and technical activities",74,74,890
2022,Merseyside,75 : Veterinary activities,75,75,600
2022,Merseyside,77 : Rental and leasing activities,77,77,535
2022,Merseyside,78 : Employment activities,78,78,8225
2022,Merseyside,"79 : Travel agency, tour operator and other reservation service and related activities",79,79,235
2022,Merseyside,80 : Security and investigation activities,80,80,1055
2022,Merseyside,81 : Services to buildings and landscape activities,81,81,5900
2022,Merseyside,"82 : Office administrative, office support and other business support activities",82,82,1965
2022,Merseyside,84 : Public administration and defence; compulsory social security,84,84,9100
2022,Merseyside,85 : Education,85,85,25300
2022,Merseyside,86 : Human health activities,86,86,39575
2022,Merseyside,87 : Residential care activities,87,87,6500
2022,Merseyside,88 : Social work activities without accommodation,88,88,8000
2022,Merseyside,"90 : Creative, arts and entertainment activities",90,90,595
2022,Merseyside,"91 : Libraries, archives, museums and other cultural activities",91,91,640
2022,Merseyside,92 : Gambling and betting activities,92,92,1250
2022,Merseyside,93 : Sports activities and amusement and recreation activities,93,93,7675
2022,Merseyside,94 : Activities of membership organisations,94,94,2260
2022,Merseyside,95 : Repair of computers and personal and household goods,95,95,295
2022,Merseyside,96 : Other personal service activities,96,96,2300
2022,Merseyside,97 : Activities of households as employers of domestic personnel,97,97,0
2022,Merseyside,98 : Undifferentiated goods- and services-producing activities of private households for own use,98,98,0
2022,Merseyside,99 : Activities of extraterritorial organisations and bodies,99,99,0
2022,North Eastern Scotland,"01 : Crop and animal production, hunting and related service activities",01,1,1810
2022,North Eastern Scotland,02 : Forestry and logging,02,2,60
2022,North Eastern Scotland,03 : Fishing and aquaculture,03,3,310
2022,North Eastern Scotland,05 : Mining of coal and lignite,05,5,0
2022,North Eastern Scotland,06 : Extraction of crude petroleum and natural gas,06,6,250
2022,North Eastern Scotland,07 : Mining of metal ores,07,7,0
2022,North Eastern Scotland,08 : Other mining and quarrying,08,8,5
2022,North Eastern Scotland,09 : Mining support service activities,09,9,300
2022,North Eastern Scotland,10 : Manufacture of food products,10,10,945
2022,North Eastern Scotland,11 : Manufacture of beverages,11,11,40
2022,North Eastern Scotland,12 : Manufacture of tobacco products,12,12,0
2022,North Eastern Scotland,13 : Manufacture of textiles,13,13,25
2022,North Eastern Scotland,14 : Manufacture of wearing apparel,14,14,20
2022,North Eastern Scotland,15 : Manufacture of leather and related products,15,15,0
2022,North Eastern Scotland,"16 : Manufacture of wood and of products of wood and cork, except furniture;manufacture of articles of straw and plaiting materials",16,16,90
2022,North Eastern Scotland,17 : Manufacture of paper and paper products,17,17,20
2022,North Eastern Scotland,18 : Printing and reproduction of recorded media,18,18,25
2022,North Eastern Scotland,19 : Manufacture of coke and refined petroleum products,19,19,10
2022,North Eastern Scotland,20 : Manufacture of chemicals and chemical products,20,20,10
2022,North Eastern Scotland,21 : Manufacture of basic pharmaceutical products and pharmaceutical preparations,21,21,0
2022,North Eastern Scotland,22 : Manufacture of rubber and plastic products,22,22,40
2022,North Eastern Scotland,23 : Manufacture of other non-metallic mineral products,23,23,20
2022,North Eastern Scotland,24 : Manufacture of basic metals,24,24,65
2022,North Eastern Scotland,"25 : Manufacture of fabricated metal products, except machinery and equipment",25,25,195
2022,North Eastern Scotland,"26 : Manufacture of computer, electronic and optical products",26,26,60
2022,North Eastern Scotland,27 : Manufacture of electrical equipment,27,27,20
2022,North Eastern Scotland,28 : Manufacture of machinery and equipment n.e.c.,28,28,215
2022,North Eastern Scotland,"29 : Manufacture of motor vehicles, trailers and semi-trailers",29,29,30
2022,North Eastern Scotland,30 : Manufacture of other transport equipment,30,30,95
2022,North Eastern Scotland,31 : Manufacture of furniture,31,31,20
2022,North Eastern Scotland,32 : Other manufacturing,32,32,25
2022,North Eastern Scotland,33 : Repair and installation of machinery and equipment,33,33,300
2022,North Eastern Scotland,"35 : Electricity, gas, steam and air conditioning supply",35,35,60
2022,North Eastern Scotland,"36 : Water collection, treatment and supply",36,36,10
2022,North Eastern Scotland,37 : Sewerage,37,37,10
2022,North Eastern Scotland,"38 : Waste collection, treatment and disposal activities; materials recovery",38,38,100
2022,North Eastern Scotland,"39 : Remediation activities and other waste management services. This division includes the provision of remediation services, i.e. the cleanup of contaminated buildings and sites, soil, surface or ground water.",39,39,5
2022,North Eastern Scotland,41 : Construction of buildings,41,41,300
2022,North Eastern Scotland,42 : Civil engineering,42,42,190
2022,North Eastern Scotland,43 : Specialised construction activities,43,43,1035
2022,North Eastern Scotland,45 : Wholesale and retail trade and repair of motor vehicles and motorcycles,45,45,540
2022,North Eastern Scotland,"46 : Wholesale trade, except of motor vehicles and motorcycles",46,46,730
2022,North Eastern Scotland,"47 : Retail trade, except of motor vehicles and motorcycles",47,47,11915
2022,North Eastern Scotland,49 : Land transport and transport via pipelines,49,49,795
2022,North Eastern Scotland,50 : Water transport,50,50,30
2022,North Eastern Scotland,51 : Air transport,51,51,35
2022,North Eastern Scotland,52 : Warehousing and support activities for transportation,52,52,400
2022,North Eastern Scotland,53 : Postal and courier activities,53,53,265
2022,North Eastern Scotland,55 : Accommodation,55,55,2435
2022,North Eastern Scotland,56 : Food and beverage service activities,56,56,9150
2022,North Eastern Scotland,58 : Publishing activities,58,58,35
2022,North Eastern Scotland,"59 : Motion picture, video and television programme production, sound recording and music publishing activities",59,59,105
2022,North Eastern Scotland,60 : Programming and broadcasting activities,60,60,30
2022,North Eastern Scotland,61 : Telecommunications,61,61,195
2022,North Eastern Scotland,"62 : Computer programming, consultancy and related activities",62,62,350
2022,North Eastern Scotland,63 : Information service activities,63,63,35
2022,North Eastern Scotland,"64 : Financial service activities, except insurance and pension funding",64,64,215
2022,North Eastern Scotland,"65 : Insurance, reinsurance and pension funding, except compulsory social security",65,65,10
2022,North Eastern Scotland,66 : Activities auxiliary to financial services and insurance activities,66,66,235
2022,North Eastern Scotland,68 : Real estate activities,68,68,790
2022,North Eastern Scotland,69 : Legal and accounting activities,69,69,965
2022,North Eastern Scotland,70 : Activities of head offices; management consultancy activities,70,70,835
2022,North Eastern Scotland,71 : Architectural and engineering activities; technical testing and analysis,71,71,2035
2022,North Eastern Scotland,72 : Scientific research and development,72,72,315
2022,North Eastern Scotland,73 : Advertising and market research,73,73,60
2022,North Eastern Scotland,"74 : Other professional, scientific and technical activities",74,74,210
2022,North Eastern Scotland,75 : Veterinary activities,75,75,300
2022,North Eastern Scotland,77 : Rental and leasing activities,77,77,395
2022,North Eastern Scotland,78 : Employment activities,78,78,1350
2022,North Eastern Scotland,"79 : Travel agency, tour operator and other reservation service and related activities",79,79,55
2022,North Eastern Scotland,80 : Security and investigation activities,80,80,125
2022,North Eastern Scotland,81 : Services to buildings and landscape activities,81,81,2730
2022,North Eastern Scotland,"82 : Office administrative, office support and other business support activities",82,82,495
2022,North Eastern Scotland,84 : Public administration and defence; compulsory social security,84,84,2870
2022,North Eastern Scotland,85 : Education,85,85,8580
2022,North Eastern Scotland,86 : Human health activities,86,86,13925
2022,North Eastern Scotland,87 : Residential care activities,87,87,3075
2022,North Eastern Scotland,88 : Social work activities without accommodation,88,88,3650
2022,North Eastern Scotland,"90 : Creative, arts and entertainment activities",90,90,330
2022,North Eastern Scotland,"91 : Libraries, archives, museums and other cultural activities",91,91,275
2022,North Eastern Scotland,92 : Gambling and betting activities,92,92,250
2022,North Eastern Scotland,93 : Sports activities and amusement and recreation activities,93,93,2600
2022,North Eastern Scotland,94 : Activities of membership organisations,94,94,560
2022,North Eastern Scotland,95 : Repair of computers and personal and household goods,95,95,25
2022,North Eastern Scotland,96 : Other personal service activities,96,96,740
2022,North Eastern Scotland,97 : Activities of households as employers of domestic personnel,97,97,0
2022,North Eastern Scotland,98 : Undifferentiated goods- and services-producing activities of private households for own use,98,98,0
2022,North Eastern Scotland,99 : Activities of extraterritorial organisations and bodies,99,99,0
2022,North Yorkshire,"01 : Crop and animal production, hunting and related service activities",01,1,1710
2022,North Yorkshire,02 : Forestry and logging,02,2,50
2022,North Yorkshire,03 : Fishing and aquaculture,03,3,15
2022,North Yorkshire,05 : Mining of coal and lignite,05,5,0
2022,North Yorkshire,06 : Extraction of crude petroleum and natural gas,06,6,0
2022,North Yorkshire,07 : Mining of metal ores,07,7,0
2022,North Yorkshire,08 : Other mining and quarrying,08,8,20
2022,North Yorkshire,09 : Mining support service activities,09,9,0
2022,North Yorkshire,10 : Manufacture of food products,10,10,1465
2022,North Yorkshire,11 : Manufacture of beverages,11,11,110
2022,North Yorkshire,12 : Manufacture of tobacco products,12,12,0
2022,North Yorkshire,13 : Manufacture of textiles,13,13,45
2022,North Yorkshire,14 : Manufacture of wearing apparel,14,14,10
2022,North Yorkshire,15 : Manufacture of leather and related products,15,15,10
2022,North Yorkshire,"16 : Manufacture of wood and of products of wood and cork, except furniture;manufacture of articles of straw and plaiting materials",16,16,100
2022,North Yorkshire,17 : Manufacture of paper and paper products,17,17,20
2022,North Yorkshire,18 : Printing and reproduction of recorded media,18,18,470
2022,North Yorkshire,19 : Manufacture of coke and refined petroleum products,19,19,0
2022,North Yorkshire,20 : Manufacture of chemicals and chemical products,20,20,10
2022,North Yorkshire,21 : Manufacture of basic pharmaceutical products and pharmaceutical preparations,21,21,100
2022,North Yorkshire,22 : Manufacture of rubber and plastic products,22,22,110
2022,North Yorkshire,23 : Manufacture of other non-metallic mineral products,23,23,30
2022,North Yorkshire,24 : Manufacture of basic metals,24,24,25
2022,North Yorkshire,"25 : Manufacture of fabricated metal products, except machinery and equipment",25,25,380
2022,North Yorkshire,"26 : Manufacture of computer, electronic and optical products",26,26,25
2022,North Yorkshire,27 : Manufacture of electrical equipment,27,27,110
2022,North Yorkshire,28 : Manufacture of machinery and equipment n.e.c.,28,28,85
2022,North Yorkshire,"29 : Manufacture of motor vehicles, trailers and semi-trailers",29,29,60
2022,North Yorkshire,30 : Manufacture of other transport equipment,30,30,40
2022,North Yorkshire,31 : Manufacture of furniture,31,31,120
2022,North Yorkshire,32 : Other manufacturing,32,32,45
2022,North Yorkshire,33 : Repair and installation of machinery and equipment,33,33,95
2022,North Yorkshire,"35 : Electricity, gas, steam and air conditioning supply",35,35,40
2022,North Yorkshire,"36 : Water collection, treatment and supply",36,36,5
2022,North Yorkshire,37 : Sewerage,37,37,5
2022,North Yorkshire,"38 : Waste collection, treatment and disposal activities; materials recovery",38,38,160
2022,North Yorkshire,"39 : Remediation activities and other waste management services. This division includes the provision of remediation services, i.e. the cleanup of contaminated buildings and sites, soil, surface or ground water.",39,39,150
2022,North Yorkshire,41 : Construction of buildings,41,41,150
2022,North Yorkshire,42 : Civil engineering,42,42,45
2022,North Yorkshire,43 : Specialised construction activities,43,43,1450
2022,North Yorkshire,45 : Wholesale and retail trade and repair of motor vehicles and motorcycles,45,45,1195
2022,North Yorkshire,"46 : Wholesale trade, except of motor vehicles and motorcycles",46,46,2375
2022,North Yorkshire,"47 : Retail trade, except of motor vehicles and motorcycles",47,47,21895
2022,North Yorkshire,49 : Land transport and transport via pipelines,49,49,685
2022,North Yorkshire,50 : Water transport,50,50,20
2022,North Yorkshire,51 : Air transport,51,51,0
2022,North Yorkshire,52 : Warehousing and support activities for transportation,52,52,325
2022,North Yorkshire,53 : Postal and courier activities,53,53,825
2022,North Yorkshire,55 : Accommodation,55,55,6900
2022,North Yorkshire,56 : Food and beverage service activities,56,56,20100
2022,North Yorkshire,58 : Publishing activities,58,58,130
2022,North Yorkshire,"59 : Motion picture, video and television programme production, sound recording and music publishing activities",59,59,215
2022,North Yorkshire,60 : Programming and broadcasting activities,60,60,15
2022,North Yorkshire,61 : Telecommunications,61,61,45
2022,North Yorkshire,"62 : Computer programming, consultancy and related activities",62,62,730
2022,North Yorkshire,63 : Information service activities,63,63,40
2022,North Yorkshire,"64 : Financial service activities, except insurance and pension funding",64,64,640
2022,North Yorkshire,"65 : Insurance, reinsurance and pension funding, except compulsory social security",65,65,400
2022,North Yorkshire,66 : Activities auxiliary to financial services and insurance activities,66,66,775
2022,North Yorkshire,68 : Real estate activities,68,68,2550
2022,North Yorkshire,69 : Legal and accounting activities,69,69,2165
2022,North Yorkshire,70 : Activities of head offices; management consultancy activities,70,70,1370
2022,North Yorkshire,71 : Architectural and engineering activities; technical testing and analysis,71,71,740
2022,North Yorkshire,72 : Scientific research and development,72,72,325
2022,North Yorkshire,73 : Advertising and market research,73,73,320
2022,North Yorkshire,"74 : Other professional, scientific and technical activities",74,74,805
2022,North Yorkshire,75 : Veterinary activities,75,75,600
2022,North Yorkshire,77 : Rental and leasing activities,77,77,705
2022,North Yorkshire,78 : Employment activities,78,78,2840
2022,North Yorkshire,"79 : Travel agency, tour operator and other reservation service and related activities",79,79,350
2022,North Yorkshire,80 : Security and investigation activities,80,80,260
2022,North Yorkshire,81 : Services to buildings and landscape activities,81,81,8755
2022,North Yorkshire,"82 : Office administrative, office support and other business support activities",82,82,940
2022,North Yorkshire,84 : Public administration and defence; compulsory social security,84,84,4545
2022,North Yorkshire,85 : Education,85,85,15130
2022,North Yorkshire,86 : Human health activities,86,86,12275
2022,North Yorkshire,87 : Residential care activities,87,87,3700
2022,North Yorkshire,88 : Social work activities without accommodation,88,88,5750
2022,North Yorkshire,"90 : Creative, arts and entertainment activities",90,90,235
2022,North Yorkshire,"91 : Libraries, archives, museums and other cultural activities",91,91,1400
2022,North Yorkshire,92 : Gambling and betting activities,92,92,200
2022,North Yorkshire,93 : Sports activities and amusement and recreation activities,93,93,3870
2022,North Yorkshire,94 : Activities of membership organisations,94,94,1570
2022,North Yorkshire,95 : Repair of computers and personal and household goods,95,95,180
2022,North Yorkshire,96 : Other personal service activities,96,96,1050
2022,North Yorkshire,97 : Activities of households as employers of domestic personnel,97,97,0
2022,North Yorkshire,98 : Undifferentiated goods- and services-producing activities of private households for own use,98,98,0
2022,North Yorkshire,99 : Activities of extraterritorial organisations and bodies,99,99,0
2022,"Northumberland, and Tyne and Wear","01 : Crop and animal production, hunting and related service activities",01,1,590
2022,"Northumberland, and Tyne and Wear",02 : Forestry and logging,02,2,150
2022,"Northumberland, and Tyne and Wear",03 : Fishing and aquaculture,03,3,80
2022,"Northumberland, and Tyne and Wear",05 : Mining of coal and lignite,05,5,0
2022,"Northumberland, and Tyne and Wear",06 : Extraction of crude petroleum and natural gas,06,6,5
2022,"Northumberland, and Tyne and Wear",07 : Mining of metal ores,07,7,0
2022,"Northumberland, and Tyne and Wear",08 : Other mining and quarrying,08,8,0
2022,"Northumberland, and Tyne and Wear",09 : Mining support service activities,09,9,0
2022,"Northumberland, and Tyne and Wear",10 : Manufacture of food products,10,10,440
2022,"Northumberland, and Tyne and Wear",11 : Manufacture of beverages,11,11,160
2022,"Northumberland, and Tyne and Wear",12 : Manufacture of tobacco products,12,12,0
2022,"Northumberland, and Tyne and Wear",13 : Manufacture of textiles,13,13,735
2022,"Northumberland, and Tyne and Wear",14 : Manufacture of wearing apparel,14,14,10
2022,"Northumberland, and Tyne and Wear",15 : Manufacture of leather and related products,15,15,10
2022,"Northumberland, and Tyne and Wear","16 : Manufacture of wood and of products of wood and cork, except furniture;manufacture of articles of straw and plaiting materials",16,16,180
2022,"Northumberland, and Tyne and Wear",17 : Manufacture of paper and paper products,17,17,105
2022,"Northumberland, and Tyne and Wear",18 : Printing and reproduction of recorded media,18,18,265
2022,"Northumberland, and Tyne and Wear",19 : Manufacture of coke and refined petroleum products,19,19,0
2022,"Northumberland, and Tyne and Wear",20 : Manufacture of chemicals and chemical products,20,20,35
2022,"Northumberland, and Tyne and Wear",21 : Manufacture of basic pharmaceutical products and pharmaceutical preparations,21,21,80
2022,"Northumberland, and Tyne and Wear",22 : Manufacture of rubber and plastic products,22,22,205
2022,"Northumberland, and Tyne and Wear",23 : Manufacture of other non-metallic mineral products,23,23,130
2022,"Northumberland, and Tyne and Wear",24 : Manufacture of basic metals,24,24,10
2022,"Northumberland, and Tyne and Wear","25 : Manufacture of fabricated metal products, except machinery and equipment",25,25,240
2022,"Northumberland, and Tyne and Wear","26 : Manufacture of computer, electronic and optical products",26,26,95
2022,"Northumberland, and Tyne and Wear",27 : Manufacture of electrical equipment,27,27,170
2022,"Northumberland, and Tyne and Wear",28 : Manufacture of machinery and equipment n.e.c.,28,28,155
2022,"Northumberland, and Tyne and Wear","29 : Manufacture of motor vehicles, trailers and semi-trailers",29,29,45
2022,"Northumberland, and Tyne and Wear",30 : Manufacture of other transport equipment,30,30,110
2022,"Northumberland, and Tyne and Wear",31 : Manufacture of furniture,31,31,25
2022,"Northumberland, and Tyne and Wear",32 : Other manufacturing,32,32,505
2022,"Northumberland, and Tyne and Wear",33 : Repair and installation of machinery and equipment,33,33,400
2022,"Northumberland, and Tyne and Wear","35 : Electricity, gas, steam and air conditioning supply",35,35,585
2022,"Northumberland, and Tyne and Wear","36 : Water collection, treatment and supply",36,36,100
2022,"Northumberland, and Tyne and Wear",37 : Sewerage,37,37,0
2022,"Northumberland, and Tyne and Wear","38 : Waste collection, treatment and disposal activities; materials recovery",38,38,250
2022,"Northumberland, and Tyne and Wear","39 : Remediation activities and other waste management services. This division includes the provision of remediation services, i.e. the cleanup of contaminated buildings and sites, soil, surface or ground water.",39,39,20
2022,"Northumberland, and Tyne and Wear",41 : Construction of buildings,41,41,310
2022,"Northumberland, and Tyne and Wear",42 : Civil engineering,42,42,120
2022,"Northumberland, and Tyne and Wear",43 : Specialised construction activities,43,43,1385
2022,"Northumberland, and Tyne and Wear",45 : Wholesale and retail trade and repair of motor vehicles and motorcycles,45,45,1720
2022,"Northumberland, and Tyne and Wear","46 : Wholesale trade, except of motor vehicles and motorcycles",46,46,1780
2022,"Northumberland, and Tyne and Wear","47 : Retail trade, except of motor vehicles and motorcycles",47,47,39010
2022,"Northumberland, and Tyne and Wear",49 : Land transport and transport via pipelines,49,49,710
2022,"Northumberland, and Tyne and Wear",50 : Water transport,50,50,0
2022,"Northumberland, and Tyne and Wear",51 : Air transport,51,51,390
2022,"Northumberland, and Tyne and Wear",52 : Warehousing and support activities for transportation,52,52,1260
2022,"Northumberland, and Tyne and Wear",53 : Postal and courier activities,53,53,900
2022,"Northumberland, and Tyne and Wear",55 : Accommodation,55,55,5095
2022,"Northumberland, and Tyne and Wear",56 : Food and beverage service activities,56,56,27000
2022,"Northumberland, and Tyne and Wear",58 : Publishing activities,58,58,50
2022,"Northumberland, and Tyne and Wear","59 : Motion picture, video and television programme production, sound recording and music publishing activities",59,59,380
2022,"Northumberland, and Tyne and Wear",60 : Programming and broadcasting activities,60,60,5
2022,"Northumberland, and Tyne and Wear",61 : Telecommunications,61,61,785
2022,"Northumberland, and Tyne and Wear","62 : Computer programming, consultancy and related activities",62,62,1190
2022,"Northumberland, and Tyne and Wear",63 : Information service activities,63,63,80
2022,"Northumberland, and Tyne and Wear","64 : Financial service activities, except insurance and pension funding",64,64,1450
2022,"Northumberland, and Tyne and Wear","65 : Insurance, reinsurance and pension funding, except compulsory social security",65,65,175
2022,"Northumberland, and Tyne and Wear",66 : Activities auxiliary to financial services and insurance activities,66,66,1210
2022,"Northumberland, and Tyne and Wear",68 : Real estate activities,68,68,2405
2022,"Northumberland, and Tyne and Wear",69 : Legal and accounting activities,69,69,2540
2022,"Northumberland, and Tyne and Wear",70 : Activities of head offices; management consultancy activities,70,70,2000
2022,"Northumberland, and Tyne and Wear",71 : Architectural and engineering activities; technical testing and analysis,71,71,1040
2022,"Northumberland, and Tyne and Wear",72 : Scientific research and development,72,72,310
2022,"Northumberland, and Tyne and Wear",73 : Advertising and market research,73,73,225
2022,"Northumberland, and Tyne and Wear","74 : Other professional, scientific and technical activities",74,74,790
2022,"Northumberland, and Tyne and Wear",75 : Veterinary activities,75,75,500
2022,"Northumberland, and Tyne and Wear",77 : Rental and leasing activities,77,77,240
2022,"Northumberland, and Tyne and Wear",78 : Employment activities,78,78,3300
2022,"Northumberland, and Tyne and Wear","79 : Travel agency, tour operator and other reservation service and related activities",79,79,1770
2022,"Northumberland, and Tyne and Wear",80 : Security and investigation activities,80,80,955
2022,"Northumberland, and Tyne and Wear",81 : Services to buildings and landscape activities,81,81,5510
2022,"Northumberland, and Tyne and Wear","82 : Office administrative, office support and other business support activities",82,82,2500
2022,"Northumberland, and Tyne and Wear",84 : Public administration and defence; compulsory social security,84,84,10150
2022,"Northumberland, and Tyne and Wear",85 : Education,85,85,21680
2022,"Northumberland, and Tyne and Wear",86 : Human health activities,86,86,23050
2022,"Northumberland, and Tyne and Wear",87 : Residential care activities,87,87,6050
2022,"Northumberland, and Tyne and Wear",88 : Social work activities without accommodation,88,88,8750
2022,"Northumberland, and Tyne and Wear","90 : Creative, arts and entertainment activities",90,90,825
2022,"Northumberland, and Tyne and Wear","91 : Libraries, archives, museums and other cultural activities",91,91,710
2022,"Northumberland, and Tyne and Wear",92 : Gambling and betting activities,92,92,1500
2022,"Northumberland, and Tyne and Wear",93 : Sports activities and amusement and recreation activities,93,93,4675
2022,"Northumberland, and Tyne and Wear",94 : Activities of membership organisations,94,94,2470
2022,"Northumberland, and Tyne and Wear",95 : Repair of computers and personal and household goods,95,95,135
2022,"Northumberland, and Tyne and Wear",96 : Other personal service activities,96,96,3150
2022,"Northumberland, and Tyne and Wear",97 : Activities of households as employers of domestic personnel,97,97,0
2022,"Northumberland, and Tyne and Wear",98 : Undifferentiated goods- and services-producing activities of private households for own use,98,98,0
2022,"Northumberland, and Tyne and Wear",99 : Activities of extraterritorial organisations and bodies,99,99,0
2022,Outer London - East and North East,"01 : Crop and animal production, hunting and related service activities",01,1,60
2022,Outer London - East and North East,02 : Forestry and logging,02,2,80
2022,Outer London - East and North East,03 : Fishing and aquaculture,03,3,45
2022,Outer London - East and North East,05 : Mining of coal and lignite,05,5,0
2022,Outer London - East and North East,06 : Extraction of crude petroleum and natural gas,06,6,0
2022,Outer London - East and North East,07 : Mining of metal ores,07,7,0
2022,Outer London - East and North East,08 : Other mining and quarrying,08,8,10
2022,Outer London - East and North East,09 : Mining support service activities,09,9,0
2022,Outer London - East and North East,10 : Manufacture of food products,10,10,830
2022,Outer London - East and North East,11 : Manufacture of beverages,11,11,85
2022,Outer London - East and North East,12 : Manufacture of tobacco products,12,12,0
2022,Outer London - East and North East,13 : Manufacture of textiles,13,13,215
2022,Outer London - East and North East,14 : Manufacture of wearing apparel,14,14,185
2022,Outer London - East and North East,15 : Manufacture of leather and related products,15,15,60
2022,Outer London - East and North East,"16 : Manufacture of wood and of products of wood and cork, except furniture;manufacture of articles of straw and plaiting materials",16,16,385
2022,Outer London - East and North East,17 : Manufacture of paper and paper products,17,17,85
2022,Outer London - East and North East,18 : Printing and reproduction of recorded media,18,18,165
2022,Outer London - East and North East,19 : Manufacture of coke and refined petroleum products,19,19,0
2022,Outer London - East and North East,20 : Manufacture of chemicals and chemical products,20,20,10
2022,Outer London - East and North East,21 : Manufacture of basic pharmaceutical products and pharmaceutical preparations,21,21,0
2022,Outer London - East and North East,22 : Manufacture of rubber and plastic products,22,22,15
2022,Outer London - East and North East,23 : Manufacture of other non-metallic mineral products,23,23,130
2022,Outer London - East and North East,24 : Manufacture of basic metals,24,24,375
2022,Outer London - East and North East,"25 : Manufacture of fabricated metal products, except machinery and equipment",25,25,230
2022,Outer London - East and North East,"26 : Manufacture of computer, electronic and optical products",26,26,10
2022,Outer London - East and North East,27 : Manufacture of electrical equipment,27,27,30
2022,Outer London - East and North East,28 : Manufacture of machinery and equipment n.e.c.,28,28,15
2022,Outer London - East and North East,"29 : Manufacture of motor vehicles, trailers and semi-trailers",29,29,10
2022,Outer London - East and North East,30 : Manufacture of other transport equipment,30,30,0
2022,Outer London - East and North East,31 : Manufacture of furniture,31,31,125
2022,Outer London - East and North East,32 : Other manufacturing,32,32,90
2022,Outer London - East and North East,33 : Repair and installation of machinery and equipment,33,33,35
2022,Outer London - East and North East,"35 : Electricity, gas, steam and air conditioning supply",35,35,15
2022,Outer London - East and North East,"36 : Water collection, treatment and supply",36,36,0
2022,Outer London - East and North East,37 : Sewerage,37,37,20
2022,Outer London - East and North East,"38 : Waste collection, treatment and disposal activities; materials recovery",38,38,785
2022,Outer London - East and North East,"39 : Remediation activities and other waste management services. This division includes the provision of remediation services, i.e. the cleanup of contaminated buildings and sites, soil, surface or ground water.",39,39,0
2022,Outer London - East and North East,41 : Construction of buildings,41,41,4350
2022,Outer London - East and North East,42 : Civil engineering,42,42,1010
2022,Outer London - East and North East,43 : Specialised construction activities,43,43,5750
2022,Outer London - East and North East,45 : Wholesale and retail trade and repair of motor vehicles and motorcycles,45,45,1795
2022,Outer London - East and North East,"46 : Wholesale trade, except of motor vehicles and motorcycles",46,46,4075
2022,Outer London - East and North East,"47 : Retail trade, except of motor vehicles and motorcycles",47,47,36025
2022,Outer London - East and North East,49 : Land transport and transport via pipelines,49,49,3420
2022,Outer London - East and North East,50 : Water transport,50,50,55
2022,Outer London - East and North East,51 : Air transport,51,51,15
2022,Outer London - East and North East,52 : Warehousing and support activities for transportation,52,52,1585
2022,Outer London - East and North East,53 : Postal and courier activities,53,53,1175
2022,Outer London - East and North East,55 : Accommodation,55,55,1310
2022,Outer London - East and North East,56 : Food and beverage service activities,56,56,24300
2022,Outer London - East and North East,58 : Publishing activities,58,58,80
2022,Outer London - East and North East,"59 : Motion picture, video and television programme production, sound recording and music publishing activities",59,59,630
2022,Outer London - East and North East,60 : Programming and broadcasting activities,60,60,15
2022,Outer London - East and North East,61 : Telecommunications,61,61,120
2022,Outer London - East and North East,"62 : Computer programming, consultancy and related activities",62,62,970
2022,Outer London - East and North East,63 : Information service activities,63,63,85
2022,Outer London - East and North East,"64 : Financial service activities, except insurance and pension funding",64,64,665
2022,Outer London - East and North East,"65 : Insurance, reinsurance and pension funding, except compulsory social security",65,65,30
2022,Outer London - East and North East,66 : Activities auxiliary to financial services and insurance activities,66,66,305
2022,Outer London - East and North East,68 : Real estate activities,68,68,3760
2022,Outer London - East and North East,69 : Legal and accounting activities,69,69,2195
2022,Outer London - East and North East,70 : Activities of head offices; management consultancy activities,70,70,1575
2022,Outer London - East and North East,71 : Architectural and engineering activities; technical testing and analysis,71,71,1110
2022,Outer London - East and North East,72 : Scientific research and development,72,72,45
2022,Outer London - East and North East,73 : Advertising and market research,73,73,160
2022,Outer London - East and North East,"74 : Other professional, scientific and technical activities",74,74,530
2022,Outer London - East and North East,75 : Veterinary activities,75,75,250
2022,Outer London - East and North East,77 : Rental and leasing activities,77,77,250
2022,Outer London - East and North East,78 : Employment activities,78,78,6635
2022,Outer London - East and North East,"79 : Travel agency, tour operator and other reservation service and related activities",79,79,220
2022,Outer London - East and North East,80 : Security and investigation activities,80,80,2380
2022,Outer London - East and North East,81 : Services to buildings and landscape activities,81,81,8500
2022,Outer London - East and North East,"82 : Office administrative, office support and other business support activities",82,82,2590
2022,Outer London - East and North East,84 : Public administration and defence; compulsory social security,84,84,3620
2022,Outer London - East and North East,85 : Education,85,85,29035
2022,Outer London - East and North East,86 : Human health activities,86,86,18850
2022,Outer London - East and North East,87 : Residential care activities,87,87,6050
2022,Outer London - East and North East,88 : Social work activities without accommodation,88,88,8000
2022,Outer London - East and North East,"90 : Creative, arts and entertainment activities",90,90,525
2022,Outer London - East and North East,"91 : Libraries, archives, museums and other cultural activities",91,91,785
2022,Outer London - East and North East,92 : Gambling and betting activities,92,92,1000
2022,Outer London - East and North East,93 : Sports activities and amusement and recreation activities,93,93,4560
2022,Outer London - East and North East,94 : Activities of membership organisations,94,94,1155
2022,Outer London - East and North East,95 : Repair of computers and personal and household goods,95,95,370
2022,Outer London - East and North East,96 : Other personal service activities,96,96,2925
2022,Outer London - East and North East,97 : Activities of households as employers of domestic personnel,97,97,0
2022,Outer London - East and North East,98 : Undifferentiated goods- and services-producing activities of private households for own use,98,98,0
2022,Outer London - East and North East,99 : Activities of extraterritorial organisations and bodies,99,99,0
2022,Outer London - South,"01 : Crop and animal production, hunting and related service activities",01,1,75
2022,Outer London - South,02 : Forestry and logging,02,2,75
2022,Outer London - South,03 : Fishing and aquaculture,03,3,15
2022,Outer London - South,05 : Mining of coal and lignite,05,5,0
2022,Outer London - South,06 : Extraction of crude petroleum and natural gas,06,6,0
2022,Outer London - South,07 : Mining of metal ores,07,7,0
2022,Outer London - South,08 : Other mining and quarrying,08,8,0
2022,Outer London - South,09 : Mining support service activities,09,9,0
2022,Outer London - South,10 : Manufacture of food products,10,10,325
2022,Outer London - South,11 : Manufacture of beverages,11,11,15
2022,Outer London - South,12 : Manufacture of tobacco products,12,12,0
2022,Outer London - South,13 : Manufacture of textiles,13,13,95
2022,Outer London - South,14 : Manufacture of wearing apparel,14,14,35
2022,Outer London - South,15 : Manufacture of leather and related products,15,15,30
2022,Outer London - South,"16 : Manufacture of wood and of products of wood and cork, except furniture;manufacture of articles of straw and plaiting materials",16,16,115
2022,Outer London - South,17 : Manufacture of paper and paper products,17,17,35
2022,Outer London - South,18 : Printing and reproduction of recorded media,18,18,85
2022,Outer London - South,19 : Manufacture of coke and refined petroleum products,19,19,0
2022,Outer London - South,20 : Manufacture of chemicals and chemical products,20,20,20
2022,Outer London - South,21 : Manufacture of basic pharmaceutical products and pharmaceutical preparations,21,21,0
2022,Outer London - South,22 : Manufacture of rubber and plastic products,22,22,20
2022,Outer London - South,23 : Manufacture of other non-metallic mineral products,23,23,25
2022,Outer London - South,24 : Manufacture of basic metals,24,24,40
2022,Outer London - South,"25 : Manufacture of fabricated metal products, except machinery and equipment",25,25,135
2022,Outer London - South,"26 : Manufacture of computer, electronic and optical products",26,26,10
2022,Outer London - South,27 : Manufacture of electrical equipment,27,27,15
2022,Outer London - South,28 : Manufacture of machinery and equipment n.e.c.,28,28,10
2022,Outer London - South,"29 : Manufacture of motor vehicles, trailers and semi-trailers",29,29,0
2022,Outer London - South,30 : Manufacture of other transport equipment,30,30,30
2022,Outer London - South,31 : Manufacture of furniture,31,31,45
2022,Outer London - South,32 : Other manufacturing,32,32,95
2022,Outer London - South,33 : Repair and installation of machinery and equipment,33,33,45
2022,Outer London - South,"35 : Electricity, gas, steam and air conditioning supply",35,35,30
2022,Outer London - South,"36 : Water collection, treatment and supply",36,36,10
2022,Outer London - South,37 : Sewerage,37,37,5
2022,Outer London - South,"38 : Waste collection, treatment and disposal activities; materials recovery",38,38,275
2022,Outer London - South,"39 : Remediation activities and other waste management services. This division includes the provision of remediation services, i.e. the cleanup of contaminated buildings and sites, soil, surface or ground water.",39,39,0
2022,Outer London - South,41 : Construction of buildings,41,41,2400
2022,Outer London - South,42 : Civil engineering,42,42,405
2022,Outer London - South,43 : Specialised construction activities,43,43,3750
2022,Outer London - South,45 : Wholesale and retail trade and repair of motor vehicles and motorcycles,45,45,1065
2022,Outer London - South,"46 : Wholesale trade, except of motor vehicles and motorcycles",46,46,2635
2022,Outer London - South,"47 : Retail trade, except of motor vehicles and motorcycles",47,47,28460
2022,Outer London - South,49 : Land transport and transport via pipelines,49,49,1505
2022,Outer London - South,50 : Water transport,50,50,40
2022,Outer London - South,51 : Air transport,51,51,110
2022,Outer London - South,52 : Warehousing and support activities for transportation,52,52,585
2022,Outer London - South,53 : Postal and courier activities,53,53,645
2022,Outer London - South,55 : Accommodation,55,55,1060
2022,Outer London - South,56 : Food and beverage service activities,56,56,17100
2022,Outer London - South,58 : Publishing activities,58,58,285
2022,Outer London - South,"59 : Motion picture, video and television programme production, sound recording and music publishing activities",59,59,420
2022,Outer London - South,60 : Programming and broadcasting activities,60,60,45
2022,Outer London - South,61 : Telecommunications,61,61,85
2022,Outer London - South,"62 : Computer programming, consultancy and related activities",62,62,1140
2022,Outer London - South,63 : Information service activities,63,63,110
2022,Outer London - South,"64 : Financial service activities, except insurance and pension funding",64,64,910
2022,Outer London - South,"65 : Insurance, reinsurance and pension funding, except compulsory social security",65,65,80
2022,Outer London - South,66 : Activities auxiliary to financial services and insurance activities,66,66,655
2022,Outer London - South,68 : Real estate activities,68,68,2055
2022,Outer London - South,69 : Legal and accounting activities,69,69,1980
2022,Outer London - South,70 : Activities of head offices; management consultancy activities,70,70,2025
2022,Outer London - South,71 : Architectural and engineering activities; technical testing and analysis,71,71,1350
2022,Outer London - South,72 : Scientific research and development,72,72,175
2022,Outer London - South,73 : Advertising and market research,73,73,220
2022,Outer London - South,"74 : Other professional, scientific and technical activities",74,74,540
2022,Outer London - South,75 : Veterinary activities,75,75,125
2022,Outer London - South,77 : Rental and leasing activities,77,77,200
2022,Outer London - South,78 : Employment activities,78,78,6000
2022,Outer London - South,"79 : Travel agency, tour operator and other reservation service and related activities",79,79,325
2022,Outer London - South,80 : Security and investigation activities,80,80,3585
2022,Outer London - South,81 : Services to buildings and landscape activities,81,81,9190
2022,Outer London - South,"82 : Office administrative, office support and other business support activities",82,82,2805
2022,Outer London - South,84 : Public administration and defence; compulsory social security,84,84,3570
2022,Outer London - South,85 : Education,85,85,22000
2022,Outer London - South,86 : Human health activities,86,86,15525
2022,Outer London - South,87 : Residential care activities,87,87,4700
2022,Outer London - South,88 : Social work activities without accommodation,88,88,6750
2022,Outer London - South,"90 : Creative, arts and entertainment activities",90,90,510
2022,Outer London - South,"91 : Libraries, archives, museums and other cultural activities",91,91,255
2022,Outer London - South,92 : Gambling and betting activities,92,92,450
2022,Outer London - South,93 : Sports activities and amusement and recreation activities,93,93,5500
2022,Outer London - South,94 : Activities of membership organisations,94,94,1010
2022,Outer London - South,95 : Repair of computers and personal and household goods,95,95,165
2022,Outer London - South,96 : Other personal service activities,96,96,2850
2022,Outer London - South,97 : Activities of households as employers of domestic personnel,97,97,0
2022,Outer London - South,98 : Undifferentiated goods- and services-producing activities of private households for own use,98,98,0
2022,Outer London - South,99 : Activities of extraterritorial organisations and bodies,99,99,0
2022,Outer London - West and North West,"01 : Crop and animal production, hunting and related service activities",01,1,80
2022,Outer London - West and North West,02 : Forestry and logging,02,2,70
2022,Outer London - West and North West,03 : Fishing and aquaculture,03,3,25
2022,Outer London - West and North West,05 : Mining of coal and lignite,05,5,0
2022,Outer London - West and North West,06 : Extraction of crude petroleum and natural gas,06,6,10
2022,Outer London - West and North West,07 : Mining of metal ores,07,7,0
2022,Outer London - West and North West,08 : Other mining and quarrying,08,8,0
2022,Outer London - West and North West,09 : Mining support service activities,09,9,0
2022,Outer London - West and North West,10 : Manufacture of food products,10,10,1800
2022,Outer London - West and North West,11 : Manufacture of beverages,11,11,240
2022,Outer London - West and North West,12 : Manufacture of tobacco products,12,12,0
2022,Outer London - West and North West,13 : Manufacture of textiles,13,13,165
2022,Outer London - West and North West,14 : Manufacture of wearing apparel,14,14,90
2022,Outer London - West and North West,15 : Manufacture of leather and related products,15,15,115
2022,Outer London - West and North West,"16 : Manufacture of wood and of products of wood and cork, except furniture;manufacture of articles of straw and plaiting materials",16,16,270
2022,Outer London - West and North West,17 : Manufacture of paper and paper products,17,17,35
2022,Outer London - West and North West,18 : Printing and reproduction of recorded media,18,18,160
2022,Outer London - West and North West,19 : Manufacture of coke and refined petroleum products,19,19,0
2022,Outer London - West and North West,20 : Manufacture of chemicals and chemical products,20,20,15
2022,Outer London - West and North West,21 : Manufacture of basic pharmaceutical products and pharmaceutical preparations,21,21,20
2022,Outer London - West and North West,22 : Manufacture of rubber and plastic products,22,22,30
2022,Outer London - West and North West,23 : Manufacture of other non-metallic mineral products,23,23,95
2022,Outer London - West and North West,24 : Manufacture of basic metals,24,24,85
2022,Outer London - West and North West,"25 : Manufacture of fabricated metal products, except machinery and equipment",25,25,250
2022,Outer London - West and North West,"26 : Manufacture of computer, electronic and optical products",26,26,20
2022,Outer London - West and North West,27 : Manufacture of electrical equipment,27,27,20
2022,Outer London - West and North West,28 : Manufacture of machinery and equipment n.e.c.,28,28,10
2022,Outer London - West and North West,"29 : Manufacture of motor vehicles, trailers and semi-trailers",29,29,5
2022,Outer London - West and North West,30 : Manufacture of other transport equipment,30,30,0
2022,Outer London - West and North West,31 : Manufacture of furniture,31,31,145
2022,Outer London - West and North West,32 : Other manufacturing,32,32,140
2022,Outer London - West and North West,33 : Repair and installation of machinery and equipment,33,33,90
2022,Outer London - West and North West,"35 : Electricity, gas, steam and air conditioning supply",35,35,60
2022,Outer London - West and North West,"36 : Water collection, treatment and supply",36,36,0
2022,Outer London - West and North West,37 : Sewerage,37,37,5
2022,Outer London - West and North West,"38 : Waste collection, treatment and disposal activities; materials recovery",38,38,755
2022,Outer London - West and North West,"39 : Remediation activities and other waste management services. This division includes the provision of remediation services, i.e. the cleanup of contaminated buildings and sites, soil, surface or ground water.",39,39,0
2022,Outer London - West and North West,41 : Construction of buildings,41,41,5250
2022,Outer London - West and North West,42 : Civil engineering,42,42,1200
2022,Outer London - West and North West,43 : Specialised construction activities,43,43,4975
2022,Outer London - West and North West,45 : Wholesale and retail trade and repair of motor vehicles and motorcycles,45,45,2250
2022,Outer London - West and North West,"46 : Wholesale trade, except of motor vehicles and motorcycles",46,46,5550
2022,Outer London - West and North West,"47 : Retail trade, except of motor vehicles and motorcycles",47,47,43275
2022,Outer London - West and North West,49 : Land transport and transport via pipelines,49,49,3785
2022,Outer London - West and North West,50 : Water transport,50,50,65
2022,Outer London - West and North West,51 : Air transport,51,51,19125
2022,Outer London - West and North West,52 : Warehousing and support activities for transportation,52,52,3330
2022,Outer London - West and North West,53 : Postal and courier activities,53,53,1825
2022,Outer London - West and North West,55 : Accommodation,55,55,3160
2022,Outer London - West and North West,56 : Food and beverage service activities,56,56,31450
2022,Outer London - West and North West,58 : Publishing activities,58,58,395
2022,Outer London - West and North West,"59 : Motion picture, video and television programme production, sound recording and music publishing activities",59,59,980
2022,Outer London - West and North West,60 : Programming and broadcasting activities,60,60,930
2022,Outer London - West and North West,61 : Telecommunications,61,61,385
2022,Outer London - West and North West,"62 : Computer programming, consultancy and related activities",62,62,2525
2022,Outer London - West and North West,63 : Information service activities,63,63,230
2022,Outer London - West and North West,"64 : Financial service activities, except insurance and pension funding",64,64,810
2022,Outer London - West and North West,"65 : Insurance, reinsurance and pension funding, except compulsory social security",65,65,0
2022,Outer London - West and North West,66 : Activities auxiliary to financial services and insurance activities,66,66,670
2022,Outer London - West and North West,68 : Real estate activities,68,68,6605
2022,Outer London - West and North West,69 : Legal and accounting activities,69,69,4200
2022,Outer London - West and North West,70 : Activities of head offices; management consultancy activities,70,70,3475
2022,Outer London - West and North West,71 : Architectural and engineering activities; technical testing and analysis,71,71,1680
2022,Outer London - West and North West,72 : Scientific research and development,72,72,410
2022,Outer London - West and North West,73 : Advertising and market research,73,73,450
2022,Outer London - West and North West,"74 : Other professional, scientific and technical activities",74,74,1110
2022,Outer London - West and North West,75 : Veterinary activities,75,75,175
2022,Outer London - West and North West,77 : Rental and leasing activities,77,77,550
2022,Outer London - West and North West,78 : Employment activities,78,78,10935
2022,Outer London - West and North West,"79 : Travel agency, tour operator and other reservation service and related activities",79,79,605
2022,Outer London - West and North West,80 : Security and investigation activities,80,80,2365
2022,Outer London - West and North West,81 : Services to buildings and landscape activities,81,81,9500
2022,Outer London - West and North West,"82 : Office administrative, office support and other business support activities",82,82,4255
2022,Outer London - West and North West,84 : Public administration and defence; compulsory social security,84,84,4675
2022,Outer London - West and North West,85 : Education,85,85,34575
2022,Outer London - West and North West,86 : Human health activities,86,86,21200
2022,Outer London - West and North West,87 : Residential care activities,87,87,5350
2022,Outer London - West and North West,88 : Social work activities without accommodation,88,88,8750
2022,Outer London - West and North West,"90 : Creative, arts and entertainment activities",90,90,675
2022,Outer London - West and North West,"91 : Libraries, archives, museums and other cultural activities",91,91,850
2022,Outer London - West and North West,92 : Gambling and betting activities,92,92,1000
2022,Outer London - West and North West,93 : Sports activities and amusement and recreation activities,93,93,5815
2022,Outer London - West and North West,94 : Activities of membership organisations,94,94,1630
2022,Outer London - West and North West,95 : Repair of computers and personal and household goods,95,95,430
2022,Outer London - West and North West,96 : Other personal service activities,96,96,4275
2022,Outer London - West and North West,97 : Activities of households as employers of domestic personnel,97,97,0
2022,Outer London - West and North West,98 : Undifferentiated goods- and services-producing activities of private households for own use,98,98,0
2022,Outer London - West and North West,99 : Activities of extraterritorial organisations and bodies,99,99,0
2022,Shropshire and Staffordshire,"01 : Crop and animal production, hunting and related service activities",01,1,1520
2022,Shropshire and Staffordshire,02 : Forestry and logging,02,2,30
2022,Shropshire and Staffordshire,03 : Fishing and aquaculture,03,3,0
2022,Shropshire and Staffordshire,05 : Mining of coal and lignite,05,5,0
2022,Shropshire and Staffordshire,06 : Extraction of crude petroleum and natural gas,06,6,0
2022,Shropshire and Staffordshire,07 : Mining of metal ores,07,7,0
2022,Shropshire and Staffordshire,08 : Other mining and quarrying,08,8,15
2022,Shropshire and Staffordshire,09 : Mining support service activities,09,9,0
2022,Shropshire and Staffordshire,10 : Manufacture of food products,10,10,4045
2022,Shropshire and Staffordshire,11 : Manufacture of beverages,11,11,195
2022,Shropshire and Staffordshire,12 : Manufacture of tobacco products,12,12,0
2022,Shropshire and Staffordshire,13 : Manufacture of textiles,13,13,75
2022,Shropshire and Staffordshire,14 : Manufacture of wearing apparel,14,14,110
2022,Shropshire and Staffordshire,15 : Manufacture of leather and related products,15,15,60
2022,Shropshire and Staffordshire,"16 : Manufacture of wood and of products of wood and cork, except furniture;manufacture of articles of straw and plaiting materials",16,16,650
2022,Shropshire and Staffordshire,17 : Manufacture of paper and paper products,17,17,100
2022,Shropshire and Staffordshire,18 : Printing and reproduction of recorded media,18,18,310
2022,Shropshire and Staffordshire,19 : Manufacture of coke and refined petroleum products,19,19,20
2022,Shropshire and Staffordshire,20 : Manufacture of chemicals and chemical products,20,20,75
2022,Shropshire and Staffordshire,21 : Manufacture of basic pharmaceutical products and pharmaceutical preparations,21,21,20
2022,Shropshire and Staffordshire,22 : Manufacture of rubber and plastic products,22,22,860
2022,Shropshire and Staffordshire,23 : Manufacture of other non-metallic mineral products,23,23,1360
2022,Shropshire and Staffordshire,24 : Manufacture of basic metals,24,24,190
2022,Shropshire and Staffordshire,"25 : Manufacture of fabricated metal products, except machinery and equipment",25,25,630
2022,Shropshire and Staffordshire,"26 : Manufacture of computer, electronic and optical products",26,26,200
2022,Shropshire and Staffordshire,27 : Manufacture of electrical equipment,27,27,185
2022,Shropshire and Staffordshire,28 : Manufacture of machinery and equipment n.e.c.,28,28,375
2022,Shropshire and Staffordshire,"29 : Manufacture of motor vehicles, trailers and semi-trailers",29,29,155
2022,Shropshire and Staffordshire,30 : Manufacture of other transport equipment,30,30,70
2022,Shropshire and Staffordshire,31 : Manufacture of furniture,31,31,300
2022,Shropshire and Staffordshire,32 : Other manufacturing,32,32,180
2022,Shropshire and Staffordshire,33 : Repair and installation of machinery and equipment,33,33,45
2022,Shropshire and Staffordshire,"35 : Electricity, gas, steam and air conditioning supply",35,35,10
2022,Shropshire and Staffordshire,"36 : Water collection, treatment and supply",36,36,100
2022,Shropshire and Staffordshire,37 : Sewerage,37,37,175
2022,Shropshire and Staffordshire,"38 : Waste collection, treatment and disposal activities; materials recovery",38,38,165
2022,Shropshire and Staffordshire,"39 : Remediation activities and other waste management services. This division includes the provision of remediation services, i.e. the cleanup of contaminated buildings and sites, soil, surface or ground water.",39,39,0
2022,Shropshire and Staffordshire,41 : Construction of buildings,41,41,1200
2022,Shropshire and Staffordshire,42 : Civil engineering,42,42,265
2022,Shropshire and Staffordshire,43 : Specialised construction activities,43,43,3055
2022,Shropshire and Staffordshire,45 : Wholesale and retail trade and repair of motor vehicles and motorcycles,45,45,2215
2022,Shropshire and Staffordshire,"46 : Wholesale trade, except of motor vehicles and motorcycles",46,46,3630
2022,Shropshire and Staffordshire,"47 : Retail trade, except of motor vehicles and motorcycles",47,47,37870
2022,Shropshire and Staffordshire,49 : Land transport and transport via pipelines,49,49,5945
2022,Shropshire and Staffordshire,50 : Water transport,50,50,0
2022,Shropshire and Staffordshire,51 : Air transport,51,51,5
2022,Shropshire and Staffordshire,52 : Warehousing and support activities for transportation,52,52,4620
2022,Shropshire and Staffordshire,53 : Postal and courier activities,53,53,1250
2022,Shropshire and Staffordshire,55 : Accommodation,55,55,3930
2022,Shropshire and Staffordshire,56 : Food and beverage service activities,56,56,25150
2022,Shropshire and Staffordshire,58 : Publishing activities,58,58,125
2022,Shropshire and Staffordshire,"59 : Motion picture, video and television programme production, sound recording and music publishing activities",59,59,475
2022,Shropshire and Staffordshire,60 : Programming and broadcasting activities,60,60,25
2022,Shropshire and Staffordshire,61 : Telecommunications,61,61,595
2022,Shropshire and Staffordshire,"62 : Computer programming, consultancy and related activities",62,62,1725
2022,Shropshire and Staffordshire,63 : Information service activities,63,63,90
2022,Shropshire and Staffordshire,"64 : Financial service activities, except insurance and pension funding",64,64,705
2022,Shropshire and Staffordshire,"65 : Insurance, reinsurance and pension funding, except compulsory social security",65,65,165
2022,Shropshire and Staffordshire,66 : Activities auxiliary to financial services and insurance activities,66,66,615
2022,Shropshire and Staffordshire,68 : Real estate activities,68,68,4325
2022,Shropshire and Staffordshire,69 : Legal and accounting activities,69,69,2025
2022,Shropshire and Staffordshire,70 : Activities of head offices; management consultancy activities,70,70,2800
2022,Shropshire and Staffordshire,71 : Architectural and engineering activities; technical testing and analysis,71,71,2215
2022,Shropshire and Staffordshire,72 : Scientific research and development,72,72,200
2022,Shropshire and Staffordshire,73 : Advertising and market research,73,73,190
2022,Shropshire and Staffordshire,"74 : Other professional, scientific and technical activities",74,74,520
2022,Shropshire and Staffordshire,75 : Veterinary activities,75,75,700
2022,Shropshire and Staffordshire,77 : Rental and leasing activities,77,77,920
2022,Shropshire and Staffordshire,78 : Employment activities,78,78,7800
2022,Shropshire and Staffordshire,"79 : Travel agency, tour operator and other reservation service and related activities",79,79,200
2022,Shropshire and Staffordshire,80 : Security and investigation activities,80,80,505
2022,Shropshire and Staffordshire,81 : Services to buildings and landscape activities,81,81,5095
2022,Shropshire and Staffordshire,"82 : Office administrative, office support and other business support activities",82,82,1720
2022,Shropshire and Staffordshire,84 : Public administration and defence; compulsory social security,84,84,6975
2022,Shropshire and Staffordshire,85 : Education,85,85,22580
2022,Shropshire and Staffordshire,86 : Human health activities,86,86,25100
2022,Shropshire and Staffordshire,87 : Residential care activities,87,87,7825
2022,Shropshire and Staffordshire,88 : Social work activities without accommodation,88,88,8000
2022,Shropshire and Staffordshire,"90 : Creative, arts and entertainment activities",90,90,460
2022,Shropshire and Staffordshire,"91 : Libraries, archives, museums and other cultural activities",91,91,885
2022,Shropshire and Staffordshire,92 : Gambling and betting activities,92,92,700
2022,Shropshire and Staffordshire,93 : Sports activities and amusement and recreation activities,93,93,6855
2022,Shropshire and Staffordshire,94 : Activities of membership organisations,94,94,3860
2022,Shropshire and Staffordshire,95 : Repair of computers and personal and household goods,95,95,70
2022,Shropshire and Staffordshire,96 : Other personal service activities,96,96,4250
2022,Shropshire and Staffordshire,97 : Activities of households as employers of domestic personnel,97,97,0
2022,Shropshire and Staffordshire,98 : Undifferentiated goods- and services-producing activities of private households for own use,98,98,0
2022,Shropshire and Staffordshire,99 : Activities of extraterritorial organisations and bodies,99,99,0
2022,South Yorkshire,"01 : Crop and animal production, hunting and related service activities",01,1,200
2022,South Yorkshire,02 : Forestry and logging,02,2,15
2022,South Yorkshire,03 : Fishing and aquaculture,03,3,0
2022,South Yorkshire,05 : Mining of coal and lignite,05,5,0
2022,South Yorkshire,06 : Extraction of crude petroleum and natural gas,06,6,0
2022,South Yorkshire,07 : Mining of metal ores,07,7,0
2022,South Yorkshire,08 : Other mining and quarrying,08,8,0
2022,South Yorkshire,09 : Mining support service activities,09,9,0
2022,South Yorkshire,10 : Manufacture of food products,10,10,855
2022,South Yorkshire,11 : Manufacture of beverages,11,11,15
2022,South Yorkshire,12 : Manufacture of tobacco products,12,12,0
2022,South Yorkshire,13 : Manufacture of textiles,13,13,25
2022,South Yorkshire,14 : Manufacture of wearing apparel,14,14,10
2022,South Yorkshire,15 : Manufacture of leather and related products,15,15,10
2022,South Yorkshire,"16 : Manufacture of wood and of products of wood and cork, except furniture;manufacture of articles of straw and plaiting materials",16,16,290
2022,South Yorkshire,17 : Manufacture of paper and paper products,17,17,10
2022,South Yorkshire,18 : Printing and reproduction of recorded media,18,18,535
2022,South Yorkshire,19 : Manufacture of coke and refined petroleum products,19,19,0
2022,South Yorkshire,20 : Manufacture of chemicals and chemical products,20,20,30
2022,South Yorkshire,21 : Manufacture of basic pharmaceutical products and pharmaceutical preparations,21,21,0
2022,South Yorkshire,22 : Manufacture of rubber and plastic products,22,22,300
2022,South Yorkshire,23 : Manufacture of other non-metallic mineral products,23,23,70
2022,South Yorkshire,24 : Manufacture of basic metals,24,24,130
2022,South Yorkshire,"25 : Manufacture of fabricated metal products, except machinery and equipment",25,25,1220
2022,South Yorkshire,"26 : Manufacture of computer, electronic and optical products",26,26,50
2022,South Yorkshire,27 : Manufacture of electrical equipment,27,27,120
2022,South Yorkshire,28 : Manufacture of machinery and equipment n.e.c.,28,28,595
2022,South Yorkshire,"29 : Manufacture of motor vehicles, trailers and semi-trailers",29,29,120
2022,South Yorkshire,30 : Manufacture of other transport equipment,30,30,60
2022,South Yorkshire,31 : Manufacture of furniture,31,31,305
2022,South Yorkshire,32 : Other manufacturing,32,32,175
2022,South Yorkshire,33 : Repair and installation of machinery and equipment,33,33,255
2022,South Yorkshire,"35 : Electricity, gas, steam and air conditioning supply",35,35,30
2022,South Yorkshire,"36 : Water collection, treatment and supply",36,36,10
2022,South Yorkshire,37 : Sewerage,37,37,10
2022,South Yorkshire,"38 : Waste collection, treatment and disposal activities; materials recovery",38,38,285
2022,South Yorkshire,"39 : Remediation activities and other waste management services. This division includes the provision of remediation services, i.e. the cleanup of contaminated buildings and sites, soil, surface or ground water.",39,39,400
2022,South Yorkshire,41 : Construction of buildings,41,41,330
2022,South Yorkshire,42 : Civil engineering,42,42,445
2022,South Yorkshire,43 : Specialised construction activities,43,43,2250
2022,South Yorkshire,45 : Wholesale and retail trade and repair of motor vehicles and motorcycles,45,45,2095
2022,South Yorkshire,"46 : Wholesale trade, except of motor vehicles and motorcycles",46,46,3250
2022,South Yorkshire,"47 : Retail trade, except of motor vehicles and motorcycles",47,47,34675
2022,South Yorkshire,49 : Land transport and transport via pipelines,49,49,1105
2022,South Yorkshire,50 : Water transport,50,50,0
2022,South Yorkshire,51 : Air transport,51,51,35
2022,South Yorkshire,52 : Warehousing and support activities for transportation,52,52,3720
2022,South Yorkshire,53 : Postal and courier activities,53,53,1625
2022,South Yorkshire,55 : Accommodation,55,55,1840
2022,South Yorkshire,56 : Food and beverage service activities,56,56,22600
2022,South Yorkshire,58 : Publishing activities,58,58,230
2022,South Yorkshire,"59 : Motion picture, video and television programme production, sound recording and music publishing activities",59,59,380
2022,South Yorkshire,60 : Programming and broadcasting activities,60,60,20
2022,South Yorkshire,61 : Telecommunications,61,61,810
2022,South Yorkshire,"62 : Computer programming, consultancy and related activities",62,62,895
2022,South Yorkshire,63 : Information service activities,63,63,95
2022,South Yorkshire,"64 : Financial service activities, except insurance and pension funding",64,64,1480
2022,South Yorkshire,"65 : Insurance, reinsurance and pension funding, except compulsory social security",65,65,320
2022,South Yorkshire,66 : Activities auxiliary to financial services and insurance activities,66,66,1180
2022,South Yorkshire,68 : Real estate activities,68,68,2230
2022,South Yorkshire,69 : Legal and accounting activities,69,69,4015
2022,South Yorkshire,70 : Activities of head offices; management consultancy activities,70,70,1875
2022,South Yorkshire,71 : Architectural and engineering activities; technical testing and analysis,71,71,1045
2022,South Yorkshire,72 : Scientific research and development,72,72,50
2022,South Yorkshire,73 : Advertising and market research,73,73,325
2022,South Yorkshire,"74 : Other professional, scientific and technical activities",74,74,885
2022,South Yorkshire,75 : Veterinary activities,75,75,300
2022,South Yorkshire,77 : Rental and leasing activities,77,77,670
2022,South Yorkshire,78 : Employment activities,78,78,7700
2022,South Yorkshire,"79 : Travel agency, tour operator and other reservation service and related activities",79,79,305
2022,South Yorkshire,80 : Security and investigation activities,80,80,815
2022,South Yorkshire,81 : Services to buildings and landscape activities,81,81,5660
2022,South Yorkshire,"82 : Office administrative, office support and other business support activities",82,82,2925
2022,South Yorkshire,84 : Public administration and defence; compulsory social security,84,84,8790
2022,South Yorkshire,85 : Education,85,85,23950
2022,South Yorkshire,86 : Human health activities,86,86,26750
2022,South Yorkshire,87 : Residential care activities,87,87,6600
2022,South Yorkshire,88 : Social work activities without accommodation,88,88,7250
2022,South Yorkshire,"90 : Creative, arts and entertainment activities",90,90,325
2022,South Yorkshire,"91 : Libraries, archives, museums and other cultural activities",91,91,625
2022,South Yorkshire,92 : Gambling and betting activities,92,92,700
2022,South Yorkshire,93 : Sports activities and amusement and recreation activities,93,93,6350
2022,South Yorkshire,94 : Activities of membership organisations,94,94,2260
2022,South Yorkshire,95 : Repair of computers and personal and household goods,95,95,300
2022,South Yorkshire,96 : Other personal service activities,96,96,1230
2022,South Yorkshire,97 : Activities of households as employers of domestic personnel,97,97,0
2022,South Yorkshire,98 : Undifferentiated goods- and services-producing activities of private households for own use,98,98,0
2022,South Yorkshire,99 : Activities of extraterritorial organisations and bodies,99,99,0
2022,Southern Scotland,"01 : Crop and animal production, hunting and related service activities",01,1,3620
2022,Southern Scotland,02 : Forestry and logging,02,2,155
2022,Southern Scotland,03 : Fishing and aquaculture,03,3,35
2022,Southern Scotland,05 : Mining of coal and lignite,05,5,0
2022,Southern Scotland,06 : Extraction of crude petroleum and natural gas,06,6,0
2022,Southern Scotland,07 : Mining of metal ores,07,7,0
2022,Southern Scotland,08 : Other mining and quarrying,08,8,10
2022,Southern Scotland,09 : Mining support service activities,09,9,0
2022,Southern Scotland,10 : Manufacture of food products,10,10,1310
2022,Southern Scotland,11 : Manufacture of beverages,11,11,60
2022,Southern Scotland,12 : Manufacture of tobacco products,12,12,0
2022,Southern Scotland,13 : Manufacture of textiles,13,13,165
2022,Southern Scotland,14 : Manufacture of wearing apparel,14,14,250
2022,Southern Scotland,15 : Manufacture of leather and related products,15,15,20
2022,Southern Scotland,"16 : Manufacture of wood and of products of wood and cork, except furniture;manufacture of articles of straw and plaiting materials",16,16,145
2022,Southern Scotland,17 : Manufacture of paper and paper products,17,17,35
2022,Southern Scotland,18 : Printing and reproduction of recorded media,18,18,70
2022,Southern Scotland,19 : Manufacture of coke and refined petroleum products,19,19,0
2022,Southern Scotland,20 : Manufacture of chemicals and chemical products,20,20,5
2022,Southern Scotland,21 : Manufacture of basic pharmaceutical products and pharmaceutical preparations,21,21,40
2022,Southern Scotland,22 : Manufacture of rubber and plastic products,22,22,130
2022,Southern Scotland,23 : Manufacture of other non-metallic mineral products,23,23,50
2022,Southern Scotland,24 : Manufacture of basic metals,24,24,5
2022,Southern Scotland,"25 : Manufacture of fabricated metal products, except machinery and equipment",25,25,165
2022,Southern Scotland,"26 : Manufacture of computer, electronic and optical products",26,26,85
2022,Southern Scotland,27 : Manufacture of electrical equipment,27,27,35
2022,Southern Scotland,28 : Manufacture of machinery and equipment n.e.c.,28,28,210
2022,Southern Scotland,"29 : Manufacture of motor vehicles, trailers and semi-trailers",29,29,5
2022,Southern Scotland,30 : Manufacture of other transport equipment,30,30,70
2022,Southern Scotland,31 : Manufacture of furniture,31,31,20
2022,Southern Scotland,32 : Other manufacturing,32,32,145
2022,Southern Scotland,33 : Repair and installation of machinery and equipment,33,33,155
2022,Southern Scotland,"35 : Electricity, gas, steam and air conditioning supply",35,35,350
2022,Southern Scotland,"36 : Water collection, treatment and supply",36,36,10
2022,Southern Scotland,37 : Sewerage,37,37,75
2022,Southern Scotland,"38 : Waste collection, treatment and disposal activities; materials recovery",38,38,275
2022,Southern Scotland,"39 : Remediation activities and other waste management services. This division includes the provision of remediation services, i.e. the cleanup of contaminated buildings and sites, soil, surface or ground water.",39,39,5
2022,Southern Scotland,41 : Construction of buildings,41,41,575
2022,Southern Scotland,42 : Civil engineering,42,42,410
2022,Southern Scotland,43 : Specialised construction activities,43,43,1795
2022,Southern Scotland,45 : Wholesale and retail trade and repair of motor vehicles and motorcycles,45,45,900
2022,Southern Scotland,"46 : Wholesale trade, except of motor vehicles and motorcycles",46,46,1165
2022,Southern Scotland,"47 : Retail trade, except of motor vehicles and motorcycles",47,47,22030
2022,Southern Scotland,49 : Land transport and transport via pipelines,49,49,1120
2022,Southern Scotland,50 : Water transport,50,50,45
2022,Southern Scotland,51 : Air transport,51,51,10
2022,Southern Scotland,52 : Warehousing and support activities for transportation,52,52,275
2022,Southern Scotland,53 : Postal and courier activities,53,53,545
2022,Southern Scotland,55 : Accommodation,55,55,4755
2022,Southern Scotland,56 : Food and beverage service activities,56,56,11650
2022,Southern Scotland,58 : Publishing activities,58,58,35
2022,Southern Scotland,"59 : Motion picture, video and television programme production, sound recording and music publishing activities",59,59,175
2022,Southern Scotland,60 : Programming and broadcasting activities,60,60,5
2022,Southern Scotland,61 : Telecommunications,61,61,200
2022,Southern Scotland,"62 : Computer programming, consultancy and related activities",62,62,335
2022,Southern Scotland,63 : Information service activities,63,63,40
2022,Southern Scotland,"64 : Financial service activities, except insurance and pension funding",64,64,705
2022,Southern Scotland,"65 : Insurance, reinsurance and pension funding, except compulsory social security",65,65,10
2022,Southern Scotland,66 : Activities auxiliary to financial services and insurance activities,66,66,285
2022,Southern Scotland,68 : Real estate activities,68,68,1415
2022,Southern Scotland,69 : Legal and accounting activities,69,69,900
2022,Southern Scotland,70 : Activities of head offices; management consultancy activities,70,70,590
2022,Southern Scotland,71 : Architectural and engineering activities; technical testing and analysis,71,71,690
2022,Southern Scotland,72 : Scientific research and development,72,72,145
2022,Southern Scotland,73 : Advertising and market research,73,73,55
2022,Southern Scotland,"74 : Other professional, scientific and technical activities",74,74,305
2022,Southern Scotland,75 : Veterinary activities,75,75,500
2022,Southern Scotland,77 : Rental and leasing activities,77,77,200
2022,Southern Scotland,78 : Employment activities,78,78,430
2022,Southern Scotland,"79 : Travel agency, tour operator and other reservation service and related activities",79,79,170
2022,Southern Scotland,80 : Security and investigation activities,80,80,215
2022,Southern Scotland,81 : Services to buildings and landscape activities,81,81,4765
2022,Southern Scotland,"82 : Office administrative, office support and other business support activities",82,82,1950
2022,Southern Scotland,84 : Public administration and defence; compulsory social security,84,84,5150
2022,Southern Scotland,85 : Education,85,85,11730
2022,Southern Scotland,86 : Human health activities,86,86,15175
2022,Southern Scotland,87 : Residential care activities,87,87,4500
2022,Southern Scotland,88 : Social work activities without accommodation,88,88,7750
2022,Southern Scotland,"90 : Creative, arts and entertainment activities",90,90,420
2022,Southern Scotland,"91 : Libraries, archives, museums and other cultural activities",91,91,785
2022,Southern Scotland,92 : Gambling and betting activities,92,92,600
2022,Southern Scotland,93 : Sports activities and amusement and recreation activities,93,93,4670
2022,Southern Scotland,94 : Activities of membership organisations,94,94,680
2022,Southern Scotland,95 : Repair of computers and personal and household goods,95,95,40
2022,Southern Scotland,96 : Other personal service activities,96,96,1400
2022,Southern Scotland,97 : Activities of households as employers of domestic personnel,97,97,0
2022,Southern Scotland,98 : Undifferentiated goods- and services-producing activities of private households for own use,98,98,0
2022,Southern Scotland,99 : Activities of extraterritorial organisations and bodies,99,99,0
2022,"Surrey, East and West Sussex","01 : Crop and animal production, hunting and related service activities",01,1,1405
2022,"Surrey, East and West Sussex",02 : Forestry and logging,02,2,175
2022,"Surrey, East and West Sussex",03 : Fishing and aquaculture,03,3,40
2022,"Surrey, East and West Sussex",05 : Mining of coal and lignite,05,5,0
2022,"Surrey, East and West Sussex",06 : Extraction of crude petroleum and natural gas,06,6,0
2022,"Surrey, East and West Sussex",07 : Mining of metal ores,07,7,0
2022,"Surrey, East and West Sussex",08 : Other mining and quarrying,08,8,5
2022,"Surrey, East and West Sussex",09 : Mining support service activities,09,9,10
2022,"Surrey, East and West Sussex",10 : Manufacture of food products,10,10,2060
2022,"Surrey, East and West Sussex",11 : Manufacture of beverages,11,11,605
2022,"Surrey, East and West Sussex",12 : Manufacture of tobacco products,12,12,0
2022,"Surrey, East and West Sussex",13 : Manufacture of textiles,13,13,5
2022,"Surrey, East and West Sussex",14 : Manufacture of wearing apparel,14,14,55
2022,"Surrey, East and West Sussex",15 : Manufacture of leather and related products,15,15,100
2022,"Surrey, East and West Sussex","16 : Manufacture of wood and of products of wood and cork, except furniture;manufacture of articles of straw and plaiting materials",16,16,440
2022,"Surrey, East and West Sussex",17 : Manufacture of paper and paper products,17,17,0
2022,"Surrey, East and West Sussex",18 : Printing and reproduction of recorded media,18,18,260
2022,"Surrey, East and West Sussex",19 : Manufacture of coke and refined petroleum products,19,19,20
2022,"Surrey, East and West Sussex",20 : Manufacture of chemicals and chemical products,20,20,190
2022,"Surrey, East and West Sussex",21 : Manufacture of basic pharmaceutical products and pharmaceutical preparations,21,21,55
2022,"Surrey, East and West Sussex",22 : Manufacture of rubber and plastic products,22,22,220
2022,"Surrey, East and West Sussex",23 : Manufacture of other non-metallic mineral products,23,23,170
2022,"Surrey, East and West Sussex",24 : Manufacture of basic metals,24,24,30
2022,"Surrey, East and West Sussex","25 : Manufacture of fabricated metal products, except machinery and equipment",25,25,660
2022,"Surrey, East and West Sussex","26 : Manufacture of computer, electronic and optical products",26,26,725
2022,"Surrey, East and West Sussex",27 : Manufacture of electrical equipment,27,27,145
2022,"Surrey, East and West Sussex",28 : Manufacture of machinery and equipment n.e.c.,28,28,370
2022,"Surrey, East and West Sussex","29 : Manufacture of motor vehicles, trailers and semi-trailers",29,29,125
2022,"Surrey, East and West Sussex",30 : Manufacture of other transport equipment,30,30,150
2022,"Surrey, East and West Sussex",31 : Manufacture of furniture,31,31,310
2022,"Surrey, East and West Sussex",32 : Other manufacturing,32,32,480
2022,"Surrey, East and West Sussex",33 : Repair and installation of machinery and equipment,33,33,330
2022,"Surrey, East and West Sussex","35 : Electricity, gas, steam and air conditioning supply",35,35,270
2022,"Surrey, East and West Sussex","36 : Water collection, treatment and supply",36,36,125
2022,"Surrey, East and West Sussex",37 : Sewerage,37,37,125
2022,"Surrey, East and West Sussex","38 : Waste collection, treatment and disposal activities; materials recovery",38,38,410
2022,"Surrey, East and West Sussex","39 : Remediation activities and other waste management services. This division includes the provision of remediation services, i.e. the cleanup of contaminated buildings and sites, soil, surface or ground water.",39,39,5
2022,"Surrey, East and West Sussex",41 : Construction of buildings,41,41,5000
2022,"Surrey, East and West Sussex",42 : Civil engineering,42,42,555
2022,"Surrey, East and West Sussex",43 : Specialised construction activities,43,43,6685
2022,"Surrey, East and West Sussex",45 : Wholesale and retail trade and repair of motor vehicles and motorcycles,45,45,3275
2022,"Surrey, East and West Sussex","46 : Wholesale trade, except of motor vehicles and motorcycles",46,46,5840
2022,"Surrey, East and West Sussex","47 : Retail trade, except of motor vehicles and motorcycles",47,47,66240
2022,"Surrey, East and West Sussex",49 : Land transport and transport via pipelines,49,49,2010
2022,"Surrey, East and West Sussex",50 : Water transport,50,50,25
2022,"Surrey, East and West Sussex",51 : Air transport,51,51,1600
2022,"Surrey, East and West Sussex",52 : Warehousing and support activities for transportation,52,52,2355
2022,"Surrey, East and West Sussex",53 : Postal and courier activities,53,53,2400
2022,"Surrey, East and West Sussex",55 : Accommodation,55,55,8450
2022,"Surrey, East and West Sussex",56 : Food and beverage service activities,56,56,51500
2022,"Surrey, East and West Sussex",58 : Publishing activities,58,58,490
2022,"Surrey, East and West Sussex","59 : Motion picture, video and television programme production, sound recording and music publishing activities",59,59,2640
2022,"Surrey, East and West Sussex",60 : Programming and broadcasting activities,60,60,20
2022,"Surrey, East and West Sussex",61 : Telecommunications,61,61,255
2022,"Surrey, East and West Sussex","62 : Computer programming, consultancy and related activities",62,62,5985
2022,"Surrey, East and West Sussex",63 : Information service activities,63,63,715
2022,"Surrey, East and West Sussex","64 : Financial service activities, except insurance and pension funding",64,64,1410
2022,"Surrey, East and West Sussex","65 : Insurance, reinsurance and pension funding, except compulsory social security",65,65,850
2022,"Surrey, East and West Sussex",66 : Activities auxiliary to financial services and insurance activities,66,66,3280
2022,"Surrey, East and West Sussex",68 : Real estate activities,68,68,6500
2022,"Surrey, East and West Sussex",69 : Legal and accounting activities,69,69,5360
2022,"Surrey, East and West Sussex",70 : Activities of head offices; management consultancy activities,70,70,11300
2022,"Surrey, East and West Sussex",71 : Architectural and engineering activities; technical testing and analysis,71,71,3425
2022,"Surrey, East and West Sussex",72 : Scientific research and development,72,72,725
2022,"Surrey, East and West Sussex",73 : Advertising and market research,73,73,1900
2022,"Surrey, East and West Sussex","74 : Other professional, scientific and technical activities",74,74,1410
2022,"Surrey, East and West Sussex",75 : Veterinary activities,75,75,2000
2022,"Surrey, East and West Sussex",77 : Rental and leasing activities,77,77,695
2022,"Surrey, East and West Sussex",78 : Employment activities,78,78,12380
2022,"Surrey, East and West Sussex","79 : Travel agency, tour operator and other reservation service and related activities",79,79,1930
2022,"Surrey, East and West Sussex",80 : Security and investigation activities,80,80,1650
2022,"Surrey, East and West Sussex",81 : Services to buildings and landscape activities,81,81,14275
2022,"Surrey, East and West Sussex","82 : Office administrative, office support and other business support activities",82,82,6275
2022,"Surrey, East and West Sussex",84 : Public administration and defence; compulsory social security,84,84,9925
2022,"Surrey, East and West Sussex",85 : Education,85,85,58180
2022,"Surrey, East and West Sussex",86 : Human health activities,86,86,45050
2022,"Surrey, East and West Sussex",87 : Residential care activities,87,87,14400
2022,"Surrey, East and West Sussex",88 : Social work activities without accommodation,88,88,17500
2022,"Surrey, East and West Sussex","90 : Creative, arts and entertainment activities",90,90,1425
2022,"Surrey, East and West Sussex","91 : Libraries, archives, museums and other cultural activities",91,91,1880
2022,"Surrey, East and West Sussex",92 : Gambling and betting activities,92,92,800
2022,"Surrey, East and West Sussex",93 : Sports activities and amusement and recreation activities,93,93,22575
2022,"Surrey, East and West Sussex",94 : Activities of membership organisations,94,94,4140
2022,"Surrey, East and West Sussex",95 : Repair of computers and personal and household goods,95,95,605
2022,"Surrey, East and West Sussex",96 : Other personal service activities,96,96,4300
2022,"Surrey, East and West Sussex",97 : Activities of households as employers of domestic personnel,97,97,0
2022,"Surrey, East and West Sussex",98 : Undifferentiated goods- and services-producing activities of private households for own use,98,98,0
2022,"Surrey, East and West Sussex",99 : Activities of extraterritorial organisations and bodies,99,99,0
2022,Tees Valley and Durham,"01 : Crop and animal production, hunting and related service activities",01,1,470
2022,Tees Valley and Durham,02 : Forestry and logging,02,2,75
2022,Tees Valley and Durham,03 : Fishing and aquaculture,03,3,15
2022,Tees Valley and Durham,05 : Mining of coal and lignite,05,5,20
2022,Tees Valley and Durham,06 : Extraction of crude petroleum and natural gas,06,6,10
2022,Tees Valley and Durham,07 : Mining of metal ores,07,7,0
2022,Tees Valley and Durham,08 : Other mining and quarrying,08,8,30
2022,Tees Valley and Durham,09 : Mining support service activities,09,9,15
2022,Tees Valley and Durham,10 : Manufacture of food products,10,10,890
2022,Tees Valley and Durham,11 : Manufacture of beverages,11,11,140
2022,Tees Valley and Durham,12 : Manufacture of tobacco products,12,12,0
2022,Tees Valley and Durham,13 : Manufacture of textiles,13,13,840
2022,Tees Valley and Durham,14 : Manufacture of wearing apparel,14,14,10
2022,Tees Valley and Durham,15 : Manufacture of leather and related products,15,15,10
2022,Tees Valley and Durham,"16 : Manufacture of wood and of products of wood and cork, except furniture;manufacture of articles of straw and plaiting materials",16,16,155
2022,Tees Valley and Durham,17 : Manufacture of paper and paper products,17,17,60
2022,Tees Valley and Durham,18 : Printing and reproduction of recorded media,18,18,80
2022,Tees Valley and Durham,19 : Manufacture of coke and refined petroleum products,19,19,0
2022,Tees Valley and Durham,20 : Manufacture of chemicals and chemical products,20,20,130
2022,Tees Valley and Durham,21 : Manufacture of basic pharmaceutical products and pharmaceutical preparations,21,21,75
2022,Tees Valley and Durham,22 : Manufacture of rubber and plastic products,22,22,150
2022,Tees Valley and Durham,23 : Manufacture of other non-metallic mineral products,23,23,45
2022,Tees Valley and Durham,24 : Manufacture of basic metals,24,24,30
2022,Tees Valley and Durham,"25 : Manufacture of fabricated metal products, except machinery and equipment",25,25,160
2022,Tees Valley and Durham,"26 : Manufacture of computer, electronic and optical products",26,26,65
2022,Tees Valley and Durham,27 : Manufacture of electrical equipment,27,27,20
2022,Tees Valley and Durham,28 : Manufacture of machinery and equipment n.e.c.,28,28,425
2022,Tees Valley and Durham,"29 : Manufacture of motor vehicles, trailers and semi-trailers",29,29,50
2022,Tees Valley and Durham,30 : Manufacture of other transport equipment,30,30,605
2022,Tees Valley and Durham,31 : Manufacture of furniture,31,31,90
2022,Tees Valley and Durham,32 : Other manufacturing,32,32,280
2022,Tees Valley and Durham,33 : Repair and installation of machinery and equipment,33,33,425
2022,Tees Valley and Durham,"35 : Electricity, gas, steam and air conditioning supply",35,35,355
2022,Tees Valley and Durham,"36 : Water collection, treatment and supply",36,36,200
2022,Tees Valley and Durham,37 : Sewerage,37,37,0
2022,Tees Valley and Durham,"38 : Waste collection, treatment and disposal activities; materials recovery",38,38,170
2022,Tees Valley and Durham,"39 : Remediation activities and other waste management services. This division includes the provision of remediation services, i.e. the cleanup of contaminated buildings and sites, soil, surface or ground water.",39,39,100
2022,Tees Valley and Durham,41 : Construction of buildings,41,41,235
2022,Tees Valley and Durham,42 : Civil engineering,42,42,70
2022,Tees Valley and Durham,43 : Specialised construction activities,43,43,1445
2022,Tees Valley and Durham,45 : Wholesale and retail trade and repair of motor vehicles and motorcycles,45,45,1605
2022,Tees Valley and Durham,"46 : Wholesale trade, except of motor vehicles and motorcycles",46,46,1245
2022,Tees Valley and Durham,"47 : Retail trade, except of motor vehicles and motorcycles",47,47,28550
2022,Tees Valley and Durham,49 : Land transport and transport via pipelines,49,49,630
2022,Tees Valley and Durham,50 : Water transport,50,50,0
2022,Tees Valley and Durham,51 : Air transport,51,51,10
2022,Tees Valley and Durham,52 : Warehousing and support activities for transportation,52,52,1920
2022,Tees Valley and Durham,53 : Postal and courier activities,53,53,500
2022,Tees Valley and Durham,55 : Accommodation,55,55,2785
2022,Tees Valley and Durham,56 : Food and beverage service activities,56,56,17800
2022,Tees Valley and Durham,58 : Publishing activities,58,58,10
2022,Tees Valley and Durham,"59 : Motion picture, video and television programme production, sound recording and music publishing activities",59,59,205
2022,Tees Valley and Durham,60 : Programming and broadcasting activities,60,60,10
2022,Tees Valley and Durham,61 : Telecommunications,61,61,425
2022,Tees Valley and Durham,"62 : Computer programming, consultancy and related activities",62,62,615
2022,Tees Valley and Durham,63 : Information service activities,63,63,25
2022,Tees Valley and Durham,"64 : Financial service activities, except insurance and pension funding",64,64,535
2022,Tees Valley and Durham,"65 : Insurance, reinsurance and pension funding, except compulsory social security",65,65,15
2022,Tees Valley and Durham,66 : Activities auxiliary to financial services and insurance activities,66,66,690
2022,Tees Valley and Durham,68 : Real estate activities,68,68,1755
2022,Tees Valley and Durham,69 : Legal and accounting activities,69,69,1600
2022,Tees Valley and Durham,70 : Activities of head offices; management consultancy activities,70,70,1010
2022,Tees Valley and Durham,71 : Architectural and engineering activities; technical testing and analysis,71,71,890
2022,Tees Valley and Durham,72 : Scientific research and development,72,72,380
2022,Tees Valley and Durham,73 : Advertising and market research,73,73,65
2022,Tees Valley and Durham,"74 : Other professional, scientific and technical activities",74,74,400
2022,Tees Valley and Durham,75 : Veterinary activities,75,75,350
2022,Tees Valley and Durham,77 : Rental and leasing activities,77,77,325
2022,Tees Valley and Durham,78 : Employment activities,78,78,3075
2022,Tees Valley and Durham,"79 : Travel agency, tour operator and other reservation service and related activities",79,79,550
2022,Tees Valley and Durham,80 : Security and investigation activities,80,80,220
2022,Tees Valley and Durham,81 : Services to buildings and landscape activities,81,81,3150
2022,Tees Valley and Durham,"82 : Office administrative, office support and other business support activities",82,82,1200
2022,Tees Valley and Durham,84 : Public administration and defence; compulsory social security,84,84,7150
2022,Tees Valley and Durham,85 : Education,85,85,19885
2022,Tees Valley and Durham,86 : Human health activities,86,86,13375
2022,Tees Valley and Durham,87 : Residential care activities,87,87,7100
2022,Tees Valley and Durham,88 : Social work activities without accommodation,88,88,7000
2022,Tees Valley and Durham,"90 : Creative, arts and entertainment activities",90,90,85
2022,Tees Valley and Durham,"91 : Libraries, archives, museums and other cultural activities",91,91,805
2022,Tees Valley and Durham,92 : Gambling and betting activities,92,92,700
2022,Tees Valley and Durham,93 : Sports activities and amusement and recreation activities,93,93,3205
2022,Tees Valley and Durham,94 : Activities of membership organisations,94,94,1475
2022,Tees Valley and Durham,95 : Repair of computers and personal and household goods,95,95,90
2022,Tees Valley and Durham,96 : Other personal service activities,96,96,2050
2022,Tees Valley and Durham,97 : Activities of households as employers of domestic personnel,97,97,0
2022,Tees Valley and Durham,98 : Undifferentiated goods- and services-producing activities of private households for own use,98,98,0
2022,Tees Valley and Durham,99 : Activities of extraterritorial organisations and bodies,99,99,0
2022,West Central Scotland,"01 : Crop and animal production, hunting and related service activities",01,1,455
2022,West Central Scotland,02 : Forestry and logging,02,2,25
2022,West Central Scotland,03 : Fishing and aquaculture,03,3,25
2022,West Central Scotland,05 : Mining of coal and lignite,05,5,0
2022,West Central Scotland,06 : Extraction of crude petroleum and natural gas,06,6,0
2022,West Central Scotland,07 : Mining of metal ores,07,7,0
2022,West Central Scotland,08 : Other mining and quarrying,08,8,0
2022,West Central Scotland,09 : Mining support service activities,09,9,0
2022,West Central Scotland,10 : Manufacture of food products,10,10,970
2022,West Central Scotland,11 : Manufacture of beverages,11,11,350
2022,West Central Scotland,12 : Manufacture of tobacco products,12,12,0
2022,West Central Scotland,13 : Manufacture of textiles,13,13,100
2022,West Central Scotland,14 : Manufacture of wearing apparel,14,14,35
2022,West Central Scotland,15 : Manufacture of leather and related products,15,15,30
2022,West Central Scotland,"16 : Manufacture of wood and of products of wood and cork, except furniture;manufacture of articles of straw and plaiting materials",16,16,140
2022,West Central Scotland,17 : Manufacture of paper and paper products,17,17,80
2022,West Central Scotland,18 : Printing and reproduction of recorded media,18,18,175
2022,West Central Scotland,19 : Manufacture of coke and refined petroleum products,19,19,0
2022,West Central Scotland,20 : Manufacture of chemicals and chemical products,20,20,65
2022,West Central Scotland,21 : Manufacture of basic pharmaceutical products and pharmaceutical preparations,21,21,0
2022,West Central Scotland,22 : Manufacture of rubber and plastic products,22,22,325
2022,West Central Scotland,23 : Manufacture of other non-metallic mineral products,23,23,70
2022,West Central Scotland,24 : Manufacture of basic metals,24,24,10
2022,West Central Scotland,"25 : Manufacture of fabricated metal products, except machinery and equipment",25,25,150
2022,West Central Scotland,"26 : Manufacture of computer, electronic and optical products",26,26,185
2022,West Central Scotland,27 : Manufacture of electrical equipment,27,27,125
2022,West Central Scotland,28 : Manufacture of machinery and equipment n.e.c.,28,28,225
2022,West Central Scotland,"29 : Manufacture of motor vehicles, trailers and semi-trailers",29,29,30
2022,West Central Scotland,30 : Manufacture of other transport equipment,30,30,65
2022,West Central Scotland,31 : Manufacture of furniture,31,31,75
2022,West Central Scotland,32 : Other manufacturing,32,32,265
2022,West Central Scotland,33 : Repair and installation of machinery and equipment,33,33,250
2022,West Central Scotland,"35 : Electricity, gas, steam and air conditioning supply",35,35,445
2022,West Central Scotland,"36 : Water collection, treatment and supply",36,36,50
2022,West Central Scotland,37 : Sewerage,37,37,25
2022,West Central Scotland,"38 : Waste collection, treatment and disposal activities; materials recovery",38,38,235
2022,West Central Scotland,"39 : Remediation activities and other waste management services. This division includes the provision of remediation services, i.e. the cleanup of contaminated buildings and sites, soil, surface or ground water.",39,39,35
2022,West Central Scotland,41 : Construction of buildings,41,41,875
2022,West Central Scotland,42 : Civil engineering,42,42,510
2022,West Central Scotland,43 : Specialised construction activities,43,43,3275
2022,West Central Scotland,45 : Wholesale and retail trade and repair of motor vehicles and motorcycles,45,45,1390
2022,West Central Scotland,"46 : Wholesale trade, except of motor vehicles and motorcycles",46,46,2070
2022,West Central Scotland,"47 : Retail trade, except of motor vehicles and motorcycles",47,47,39080
2022,West Central Scotland,49 : Land transport and transport via pipelines,49,49,1650
2022,West Central Scotland,50 : Water transport,50,50,30
2022,West Central Scotland,51 : Air transport,51,51,235
2022,West Central Scotland,52 : Warehousing and support activities for transportation,52,52,1550
2022,West Central Scotland,53 : Postal and courier activities,53,53,1225
2022,West Central Scotland,55 : Accommodation,55,55,4900
2022,West Central Scotland,56 : Food and beverage service activities,56,56,24750
2022,West Central Scotland,58 : Publishing activities,58,58,165
2022,West Central Scotland,"59 : Motion picture, video and television programme production, sound recording and music publishing activities",59,59,840
2022,West Central Scotland,60 : Programming and broadcasting activities,60,60,55
2022,West Central Scotland,61 : Telecommunications,61,61,925
2022,West Central Scotland,"62 : Computer programming, consultancy and related activities",62,62,1515
2022,West Central Scotland,63 : Information service activities,63,63,160
2022,West Central Scotland,"64 : Financial service activities, except insurance and pension funding",64,64,2890
2022,West Central Scotland,"65 : Insurance, reinsurance and pension funding, except compulsory social security",65,65,400
2022,West Central Scotland,66 : Activities auxiliary to financial services and insurance activities,66,66,1635
2022,West Central Scotland,68 : Real estate activities,68,68,2900
2022,West Central Scotland,69 : Legal and accounting activities,69,69,3140
2022,West Central Scotland,70 : Activities of head offices; management consultancy activities,70,70,2545
2022,West Central Scotland,71 : Architectural and engineering activities; technical testing and analysis,71,71,1935
2022,West Central Scotland,72 : Scientific research and development,72,72,485
2022,West Central Scotland,73 : Advertising and market research,73,73,445
2022,West Central Scotland,"74 : Other professional, scientific and technical activities",74,74,450
2022,West Central Scotland,75 : Veterinary activities,75,75,400
2022,West Central Scotland,77 : Rental and leasing activities,77,77,515
2022,West Central Scotland,78 : Employment activities,78,78,6500
2022,West Central Scotland,"79 : Travel agency, tour operator and other reservation service and related activities",79,79,450
2022,West Central Scotland,80 : Security and investigation activities,80,80,2085
2022,West Central Scotland,81 : Services to buildings and landscape activities,81,81,20050
2022,West Central Scotland,"82 : Office administrative, office support and other business support activities",82,82,2810
2022,West Central Scotland,84 : Public administration and defence; compulsory social security,84,84,12915
2022,West Central Scotland,85 : Education,85,85,24225
2022,West Central Scotland,86 : Human health activities,86,86,23600
2022,West Central Scotland,87 : Residential care activities,87,87,6850
2022,West Central Scotland,88 : Social work activities without accommodation,88,88,14500
2022,West Central Scotland,"90 : Creative, arts and entertainment activities",90,90,1575
2022,West Central Scotland,"91 : Libraries, archives, museums and other cultural activities",91,91,815
2022,West Central Scotland,92 : Gambling and betting activities,92,92,1250
2022,West Central Scotland,93 : Sports activities and amusement and recreation activities,93,93,7405
2022,West Central Scotland,94 : Activities of membership organisations,94,94,1610
2022,West Central Scotland,95 : Repair of computers and personal and household goods,95,95,100
2022,West Central Scotland,96 : Other personal service activities,96,96,2370
2022,West Central Scotland,97 : Activities of households as employers of domestic personnel,97,97,0
2022,West Central Scotland,98 : Undifferentiated goods- and services-producing activities of private households for own use,98,98,0
2022,West Central Scotland,99 : Activities of extraterritorial organisations and bodies,99,99,0
2022,West Midlands,"01 : Crop and animal production, hunting and related service activities",01,1,55
2022,West Midlands,02 : Forestry and logging,02,2,0
2022,West Midlands,03 : Fishing and aquaculture,03,3,0
2022,West Midlands,05 : Mining of coal and lignite,05,5,0
2022,West Midlands,06 : Extraction of crude petroleum and natural gas,06,6,0
2022,West Midlands,07 : Mining of metal ores,07,7,0
2022,West Midlands,08 : Other mining and quarrying,08,8,0
2022,West Midlands,09 : Mining support service activities,09,9,0
2022,West Midlands,10 : Manufacture of food products,10,10,4090
2022,West Midlands,11 : Manufacture of beverages,11,11,110
2022,West Midlands,12 : Manufacture of tobacco products,12,12,0
2022,West Midlands,13 : Manufacture of textiles,13,13,115
2022,West Midlands,14 : Manufacture of wearing apparel,14,14,460
2022,West Midlands,15 : Manufacture of leather and related products,15,15,490
2022,West Midlands,"16 : Manufacture of wood and of products of wood and cork, except furniture;manufacture of articles of straw and plaiting materials",16,16,560
2022,West Midlands,17 : Manufacture of paper and paper products,17,17,120
2022,West Midlands,18 : Printing and reproduction of recorded media,18,18,485
2022,West Midlands,19 : Manufacture of coke and refined petroleum products,19,19,20
2022,West Midlands,20 : Manufacture of chemicals and chemical products,20,20,70
2022,West Midlands,21 : Manufacture of basic pharmaceutical products and pharmaceutical preparations,21,21,115
2022,West Midlands,22 : Manufacture of rubber and plastic products,22,22,1400
2022,West Midlands,23 : Manufacture of other non-metallic mineral products,23,23,740
2022,West Midlands,24 : Manufacture of basic metals,24,24,680
2022,West Midlands,"25 : Manufacture of fabricated metal products, except machinery and equipment",25,25,1445
2022,West Midlands,"26 : Manufacture of computer, electronic and optical products",26,26,150
2022,West Midlands,27 : Manufacture of electrical equipment,27,27,190
2022,West Midlands,28 : Manufacture of machinery and equipment n.e.c.,28,28,430
2022,West Midlands,"29 : Manufacture of motor vehicles, trailers and semi-trailers",29,29,620
2022,West Midlands,30 : Manufacture of other transport equipment,30,30,30
2022,West Midlands,31 : Manufacture of furniture,31,31,1050
2022,West Midlands,32 : Other manufacturing,32,32,525
2022,West Midlands,33 : Repair and installation of machinery and equipment,33,33,250
2022,West Midlands,"35 : Electricity, gas, steam and air conditioning supply",35,35,360
2022,West Midlands,"36 : Water collection, treatment and supply",36,36,250
2022,West Midlands,37 : Sewerage,37,37,125
2022,West Midlands,"38 : Waste collection, treatment and disposal activities; materials recovery",38,38,145
2022,West Midlands,"39 : Remediation activities and other waste management services. This division includes the provision of remediation services, i.e. the cleanup of contaminated buildings and sites, soil, surface or ground water.",39,39,0
2022,West Midlands,41 : Construction of buildings,41,41,2400
2022,West Midlands,42 : Civil engineering,42,42,575
2022,West Midlands,43 : Specialised construction activities,43,43,3610
2022,West Midlands,45 : Wholesale and retail trade and repair of motor vehicles and motorcycles,45,45,3070
2022,West Midlands,"46 : Wholesale trade, except of motor vehicles and motorcycles",46,46,6010
2022,West Midlands,"47 : Retail trade, except of motor vehicles and motorcycles",47,47,64110
2022,West Midlands,49 : Land transport and transport via pipelines,49,49,7270
2022,West Midlands,50 : Water transport,50,50,0
2022,West Midlands,51 : Air transport,51,51,365
2022,West Midlands,52 : Warehousing and support activities for transportation,52,52,6245
2022,West Midlands,53 : Postal and courier activities,53,53,2925
2022,West Midlands,55 : Accommodation,55,55,5585
2022,West Midlands,56 : Food and beverage service activities,56,56,38500
2022,West Midlands,58 : Publishing activities,58,58,220
2022,West Midlands,"59 : Motion picture, video and television programme production, sound recording and music publishing activities",59,59,940
2022,West Midlands,60 : Programming and broadcasting activities,60,60,95
2022,West Midlands,61 : Telecommunications,61,61,640
2022,West Midlands,"62 : Computer programming, consultancy and related activities",62,62,3540
2022,West Midlands,63 : Information service activities,63,63,255
2022,West Midlands,"64 : Financial service activities, except insurance and pension funding",64,64,3255
2022,West Midlands,"65 : Insurance, reinsurance and pension funding, except compulsory social security",65,65,280
2022,West Midlands,66 : Activities auxiliary to financial services and insurance activities,66,66,1885
2022,West Midlands,68 : Real estate activities,68,68,8975
2022,West Midlands,69 : Legal and accounting activities,69,69,7470
2022,West Midlands,70 : Activities of head offices; management consultancy activities,70,70,7050
2022,West Midlands,71 : Architectural and engineering activities; technical testing and analysis,71,71,3625
2022,West Midlands,72 : Scientific research and development,72,72,80
2022,West Midlands,73 : Advertising and market research,73,73,1000
2022,West Midlands,"74 : Other professional, scientific and technical activities",74,74,855
2022,West Midlands,75 : Veterinary activities,75,75,600
2022,West Midlands,77 : Rental and leasing activities,77,77,855
2022,West Midlands,78 : Employment activities,78,78,15410
2022,West Midlands,"79 : Travel agency, tour operator and other reservation service and related activities",79,79,270
2022,West Midlands,80 : Security and investigation activities,80,80,2380
2022,West Midlands,81 : Services to buildings and landscape activities,81,81,22620
2022,West Midlands,"82 : Office administrative, office support and other business support activities",82,82,6885
2022,West Midlands,84 : Public administration and defence; compulsory social security,84,84,10530
2022,West Midlands,85 : Education,85,85,47500
2022,West Midlands,86 : Human health activities,86,86,48750
2022,West Midlands,87 : Residential care activities,87,87,13100
2022,West Midlands,88 : Social work activities without accommodation,88,88,16500
2022,West Midlands,"90 : Creative, arts and entertainment activities",90,90,920
2022,West Midlands,"91 : Libraries, archives, museums and other cultural activities",91,91,1335
2022,West Midlands,92 : Gambling and betting activities,92,92,1750
2022,West Midlands,93 : Sports activities and amusement and recreation activities,93,93,6400
2022,West Midlands,94 : Activities of membership organisations,94,94,5900
2022,West Midlands,95 : Repair of computers and personal and household goods,95,95,100
2022,West Midlands,96 : Other personal service activities,96,96,6800
2022,West Midlands,97 : Activities of households as employers of domestic personnel,97,97,0
2022,West Midlands,98 : Undifferentiated goods- and services-producing activities of private households for own use,98,98,0
2022,West Midlands,99 : Activities of extraterritorial organisations and bodies,99,99,0
2022,West Wales and The Valleys,"01 : Crop and animal production, hunting and related service activities",01,1,1970
2022,West Wales and The Valleys,02 : Forestry and logging,02,2,165
2022,West Wales and The Valleys,03 : Fishing and aquaculture,03,3,55
2022,West Wales and The Valleys,05 : Mining of coal and lignite,05,5,0
2022,West Wales and The Valleys,06 : Extraction of crude petroleum and natural gas,06,6,0
2022,West Wales and The Valleys,07 : Mining of metal ores,07,7,0
2022,West Wales and The Valleys,08 : Other mining and quarrying,08,8,40
2022,West Wales and The Valleys,09 : Mining support service activities,09,9,0
2022,West Wales and The Valleys,10 : Manufacture of food products,10,10,1335
2022,West Wales and The Valleys,11 : Manufacture of beverages,11,11,120
2022,West Wales and The Valleys,12 : Manufacture of tobacco products,12,12,0
2022,West Wales and The Valleys,13 : Manufacture of textiles,13,13,260
2022,West Wales and The Valleys,14 : Manufacture of wearing apparel,14,14,30
2022,West Wales and The Valleys,15 : Manufacture of leather and related products,15,15,35
2022,West Wales and The Valleys,"16 : Manufacture of wood and of products of wood and cork, except furniture;manufacture of articles of straw and plaiting materials",16,16,195
2022,West Wales and The Valleys,17 : Manufacture of paper and paper products,17,17,55
2022,West Wales and The Valleys,18 : Printing and reproduction of recorded media,18,18,240
2022,West Wales and The Valleys,19 : Manufacture of coke and refined petroleum products,19,19,0
2022,West Wales and The Valleys,20 : Manufacture of chemicals and chemical products,20,20,50
2022,West Wales and The Valleys,21 : Manufacture of basic pharmaceutical products and pharmaceutical preparations,21,21,145
2022,West Wales and The Valleys,22 : Manufacture of rubber and plastic products,22,22,355
2022,West Wales and The Valleys,23 : Manufacture of other non-metallic mineral products,23,23,130
2022,West Wales and The Valleys,24 : Manufacture of basic metals,24,24,120
2022,West Wales and The Valleys,"25 : Manufacture of fabricated metal products, except machinery and equipment",25,25,800
2022,West Wales and The Valleys,"26 : Manufacture of computer, electronic and optical products",26,26,155
2022,West Wales and The Valleys,27 : Manufacture of electrical equipment,27,27,120
2022,West Wales and The Valleys,28 : Manufacture of machinery and equipment n.e.c.,28,28,235
2022,West Wales and The Valleys,"29 : Manufacture of motor vehicles, trailers and semi-trailers",29,29,100
2022,West Wales and The Valleys,30 : Manufacture of other transport equipment,30,30,40
2022,West Wales and The Valleys,31 : Manufacture of furniture,31,31,200
2022,West Wales and The Valleys,32 : Other manufacturing,32,32,485
2022,West Wales and The Valleys,33 : Repair and installation of machinery and equipment,33,33,360
2022,West Wales and The Valleys,"35 : Electricity, gas, steam and air conditioning supply",35,35,65
2022,West Wales and The Valleys,"36 : Water collection, treatment and supply",36,36,125
2022,West Wales and The Valleys,37 : Sewerage,37,37,50
2022,West Wales and The Valleys,"38 : Waste collection, treatment and disposal activities; materials recovery",38,38,915
2022,West Wales and The Valleys,"39 : Remediation activities and other waste management services. This division includes the provision of remediation services, i.e. the cleanup of contaminated buildings and sites, soil, surface or ground water.",39,39,75
2022,West Wales and The Valleys,41 : Construction of buildings,41,41,2050
2022,West Wales and The Valleys,42 : Civil engineering,42,42,740
2022,West Wales and The Valleys,43 : Specialised construction activities,43,43,3040
2022,West Wales and The Valleys,45 : Wholesale and retail trade and repair of motor vehicles and motorcycles,45,45,3575
2022,West Wales and The Valleys,"46 : Wholesale trade, except of motor vehicles and motorcycles",46,46,2655
2022,West Wales and The Valleys,"47 : Retail trade, except of motor vehicles and motorcycles",47,47,46445
2022,West Wales and The Valleys,49 : Land transport and transport via pipelines,49,49,3825
2022,West Wales and The Valleys,50 : Water transport,50,50,135
2022,West Wales and The Valleys,51 : Air transport,51,51,30
2022,West Wales and The Valleys,52 : Warehousing and support activities for transportation,52,52,915
2022,West Wales and The Valleys,53 : Postal and courier activities,53,53,730
2022,West Wales and The Valleys,55 : Accommodation,55,55,8400
2022,West Wales and The Valleys,56 : Food and beverage service activities,56,56,32250
2022,West Wales and The Valleys,58 : Publishing activities,58,58,90
2022,West Wales and The Valleys,"59 : Motion picture, video and television programme production, sound recording and music publishing activities",59,59,455
2022,West Wales and The Valleys,60 : Programming and broadcasting activities,60,60,45
2022,West Wales and The Valleys,61 : Telecommunications,61,61,340
2022,West Wales and The Valleys,"62 : Computer programming, consultancy and related activities",62,62,960
2022,West Wales and The Valleys,63 : Information service activities,63,63,180
2022,West Wales and The Valleys,"64 : Financial service activities, except insurance and pension funding",64,64,1130
2022,West Wales and The Valleys,"65 : Insurance, reinsurance and pension funding, except compulsory social security",65,65,140
2022,West Wales and The Valleys,66 : Activities auxiliary to financial services and insurance activities,66,66,785
2022,West Wales and The Valleys,68 : Real estate activities,68,68,1750
2022,West Wales and The Valleys,69 : Legal and accounting activities,69,69,3290
2022,West Wales and The Valleys,70 : Activities of head offices; management consultancy activities,70,70,1465
2022,West Wales and The Valleys,71 : Architectural and engineering activities; technical testing and analysis,71,71,1275
2022,West Wales and The Valleys,72 : Scientific research and development,72,72,180
2022,West Wales and The Valleys,73 : Advertising and market research,73,73,155
2022,West Wales and The Valleys,"74 : Other professional, scientific and technical activities",74,74,740
2022,West Wales and The Valleys,75 : Veterinary activities,75,75,800
2022,West Wales and The Valleys,77 : Rental and leasing activities,77,77,705
2022,West Wales and The Valleys,78 : Employment activities,78,78,4500
2022,West Wales and The Valleys,"79 : Travel agency, tour operator and other reservation service and related activities",79,79,430
2022,West Wales and The Valleys,80 : Security and investigation activities,80,80,195
2022,West Wales and The Valleys,81 : Services to buildings and landscape activities,81,81,8930
2022,West Wales and The Valleys,"82 : Office administrative, office support and other business support activities",82,82,2780
2022,West Wales and The Valleys,84 : Public administration and defence; compulsory social security,84,84,17870
2022,West Wales and The Valleys,85 : Education,85,85,33110
2022,West Wales and The Valleys,86 : Human health activities,86,86,28200
2022,West Wales and The Valleys,87 : Residential care activities,87,87,10200
2022,West Wales and The Valleys,88 : Social work activities without accommodation,88,88,12500
2022,West Wales and The Valleys,"90 : Creative, arts and entertainment activities",90,90,475
2022,West Wales and The Valleys,"91 : Libraries, archives, museums and other cultural activities",91,91,1360
2022,West Wales and The Valleys,92 : Gambling and betting activities,92,92,800
2022,West Wales and The Valleys,93 : Sports activities and amusement and recreation activities,93,93,8270
2022,West Wales and The Valleys,94 : Activities of membership organisations,94,94,3480
2022,West Wales and The Valleys,95 : Repair of computers and personal and household goods,95,95,195
2022,West Wales and The Valleys,96 : Other personal service activities,96,96,3025
2022,West Wales and The Valleys,97 : Activities of households as employers of domestic personnel,97,97,0
2022,West Wales and The Valleys,98 : Undifferentiated goods- and services-producing activities of private households for own use,98,98,0
2022,West Wales and The Valleys,99 : Activities of extraterritorial organisations and bodies,99,99,0
2022,West Yorkshire,"01 : Crop and animal production, hunting and related service activities",01,1,330
2022,West Yorkshire,02 : Forestry and logging,02,2,20
2022,West Yorkshire,03 : Fishing and aquaculture,03,3,0
2022,West Yorkshire,05 : Mining of coal and lignite,05,5,0
2022,West Yorkshire,06 : Extraction of crude petroleum and natural gas,06,6,0
2022,West Yorkshire,07 : Mining of metal ores,07,7,0
2022,West Yorkshire,08 : Other mining and quarrying,08,8,15
2022,West Yorkshire,09 : Mining support service activities,09,9,0
2022,West Yorkshire,10 : Manufacture of food products,10,10,1840
2022,West Yorkshire,11 : Manufacture of beverages,11,11,100
2022,West Yorkshire,12 : Manufacture of tobacco products,12,12,0
2022,West Yorkshire,13 : Manufacture of textiles,13,13,650
2022,West Yorkshire,14 : Manufacture of wearing apparel,14,14,20
2022,West Yorkshire,15 : Manufacture of leather and related products,15,15,10
2022,West Yorkshire,"16 : Manufacture of wood and of products of wood and cork, except furniture;manufacture of articles of straw and plaiting materials",16,16,300
2022,West Yorkshire,17 : Manufacture of paper and paper products,17,17,70
2022,West Yorkshire,18 : Printing and reproduction of recorded media,18,18,2100
2022,West Yorkshire,19 : Manufacture of coke and refined petroleum products,19,19,5
2022,West Yorkshire,20 : Manufacture of chemicals and chemical products,20,20,175
2022,West Yorkshire,21 : Manufacture of basic pharmaceutical products and pharmaceutical preparations,21,21,50
2022,West Yorkshire,22 : Manufacture of rubber and plastic products,22,22,495
2022,West Yorkshire,23 : Manufacture of other non-metallic mineral products,23,23,190
2022,West Yorkshire,24 : Manufacture of basic metals,24,24,80
2022,West Yorkshire,"25 : Manufacture of fabricated metal products, except machinery and equipment",25,25,1780
2022,West Yorkshire,"26 : Manufacture of computer, electronic and optical products",26,26,70
2022,West Yorkshire,27 : Manufacture of electrical equipment,27,27,165
2022,West Yorkshire,28 : Manufacture of machinery and equipment n.e.c.,28,28,570
2022,West Yorkshire,"29 : Manufacture of motor vehicles, trailers and semi-trailers",29,29,120
2022,West Yorkshire,30 : Manufacture of other transport equipment,30,30,90
2022,West Yorkshire,31 : Manufacture of furniture,31,31,1275
2022,West Yorkshire,32 : Other manufacturing,32,32,195
2022,West Yorkshire,33 : Repair and installation of machinery and equipment,33,33,335
2022,West Yorkshire,"35 : Electricity, gas, steam and air conditioning supply",35,35,405
2022,West Yorkshire,"36 : Water collection, treatment and supply",36,36,200
2022,West Yorkshire,37 : Sewerage,37,37,5
2022,West Yorkshire,"38 : Waste collection, treatment and disposal activities; materials recovery",38,38,745
2022,West Yorkshire,"39 : Remediation activities and other waste management services. This division includes the provision of remediation services, i.e. the cleanup of contaminated buildings and sites, soil, surface or ground water.",39,39,350
2022,West Yorkshire,41 : Construction of buildings,41,41,570
2022,West Yorkshire,42 : Civil engineering,42,42,455
2022,West Yorkshire,43 : Specialised construction activities,43,43,4010
2022,West Yorkshire,45 : Wholesale and retail trade and repair of motor vehicles and motorcycles,45,45,3725
2022,West Yorkshire,"46 : Wholesale trade, except of motor vehicles and motorcycles",46,46,9605
2022,West Yorkshire,"47 : Retail trade, except of motor vehicles and motorcycles",47,47,52090
2022,West Yorkshire,49 : Land transport and transport via pipelines,49,49,2585
2022,West Yorkshire,50 : Water transport,50,50,5
2022,West Yorkshire,51 : Air transport,51,51,240
2022,West Yorkshire,52 : Warehousing and support activities for transportation,52,52,4495
2022,West Yorkshire,53 : Postal and courier activities,53,53,2730
2022,West Yorkshire,55 : Accommodation,55,55,3770
2022,West Yorkshire,56 : Food and beverage service activities,56,56,39500
2022,West Yorkshire,58 : Publishing activities,58,58,1030
2022,West Yorkshire,"59 : Motion picture, video and television programme production, sound recording and music publishing activities",59,59,695
2022,West Yorkshire,60 : Programming and broadcasting activities,60,60,30
2022,West Yorkshire,61 : Telecommunications,61,61,570
2022,West Yorkshire,"62 : Computer programming, consultancy and related activities",62,62,2440
2022,West Yorkshire,63 : Information service activities,63,63,120
2022,West Yorkshire,"64 : Financial service activities, except insurance and pension funding",64,64,3970
2022,West Yorkshire,"65 : Insurance, reinsurance and pension funding, except compulsory social security",65,65,435
2022,West Yorkshire,66 : Activities auxiliary to financial services and insurance activities,66,66,3455
2022,West Yorkshire,68 : Real estate activities,68,68,5720
2022,West Yorkshire,69 : Legal and accounting activities,69,69,6025
2022,West Yorkshire,70 : Activities of head offices; management consultancy activities,70,70,3750
2022,West Yorkshire,71 : Architectural and engineering activities; technical testing and analysis,71,71,1950
2022,West Yorkshire,72 : Scientific research and development,72,72,170
2022,West Yorkshire,73 : Advertising and market research,73,73,1400
2022,West Yorkshire,"74 : Other professional, scientific and technical activities",74,74,2055
2022,West Yorkshire,75 : Veterinary activities,75,75,700
2022,West Yorkshire,77 : Rental and leasing activities,77,77,1635
2022,West Yorkshire,78 : Employment activities,78,78,20400
2022,West Yorkshire,"79 : Travel agency, tour operator and other reservation service and related activities",79,79,835
2022,West Yorkshire,80 : Security and investigation activities,80,80,780
2022,West Yorkshire,81 : Services to buildings and landscape activities,81,81,19145
2022,West Yorkshire,"82 : Office administrative, office support and other business support activities",82,82,4200
2022,West Yorkshire,84 : Public administration and defence; compulsory social security,84,84,10950
2022,West Yorkshire,85 : Education,85,85,40040
2022,West Yorkshire,86 : Human health activities,86,86,38000
2022,West Yorkshire,87 : Residential care activities,87,87,9000
2022,West Yorkshire,88 : Social work activities without accommodation,88,88,18000
2022,West Yorkshire,"90 : Creative, arts and entertainment activities",90,90,855
2022,West Yorkshire,"91 : Libraries, archives, museums and other cultural activities",91,91,1255
2022,West Yorkshire,92 : Gambling and betting activities,92,92,1250
2022,West Yorkshire,93 : Sports activities and amusement and recreation activities,93,93,10130
2022,West Yorkshire,94 : Activities of membership organisations,94,94,4570
2022,West Yorkshire,95 : Repair of computers and personal and household goods,95,95,570
2022,West Yorkshire,96 : Other personal service activities,96,96,2425
2022,West Yorkshire,97 : Activities of households as employers of domestic personnel,97,97,0
2022,West Yorkshire,98 : Undifferentiated goods- and services-producing activities of private households for own use,98,98,0
2022,West Yorkshire,99 : Activities of extraterritorial organisations and bodies,99,99,0
2023,Bedfordshire and Hertfordshire,"01 : Crop and animal production, hunting and related service activities",01,1,385
2023,Bedfordshire and Hertfordshire,02 : Forestry and logging,02,2,45
2023,Bedfordshire and Hertfordshire,03 : Fishing and aquaculture,03,3,10
2023,Bedfordshire and Hertfordshire,05 : Mining of coal and lignite,05,5,0
2023,Bedfordshire and Hertfordshire,06 : Extraction of crude petroleum and natural gas,06,6,0
2023,Bedfordshire and Hertfordshire,07 : Mining of metal ores,07,7,0
2023,Bedfordshire and Hertfordshire,08 : Other mining and quarrying,08,8,5
2023,Bedfordshire and Hertfordshire,09 : Mining support service activities,09,9,0
2023,Bedfordshire and Hertfordshire,10 : Manufacture of food products,10,10,1565
2023,Bedfordshire and Hertfordshire,11 : Manufacture of beverages,11,11,55
2023,Bedfordshire and Hertfordshire,12 : Manufacture of tobacco products,12,12,0
2023,Bedfordshire and Hertfordshire,13 : Manufacture of textiles,13,13,135
2023,Bedfordshire and Hertfordshire,14 : Manufacture of wearing apparel,14,14,15
2023,Bedfordshire and Hertfordshire,15 : Manufacture of leather and related products,15,15,0
2023,Bedfordshire and Hertfordshire,"16 : Manufacture of wood and of products of wood and cork, except furniture;manufacture of articles of straw and plaiting materials",16,16,105
2023,Bedfordshire and Hertfordshire,17 : Manufacture of paper and paper products,17,17,85
2023,Bedfordshire and Hertfordshire,18 : Printing and reproduction of recorded media,18,18,185
2023,Bedfordshire and Hertfordshire,19 : Manufacture of coke and refined petroleum products,19,19,0
2023,Bedfordshire and Hertfordshire,20 : Manufacture of chemicals and chemical products,20,20,245
2023,Bedfordshire and Hertfordshire,21 : Manufacture of basic pharmaceutical products and pharmaceutical preparations,21,21,115
2023,Bedfordshire and Hertfordshire,22 : Manufacture of rubber and plastic products,22,22,225
2023,Bedfordshire and Hertfordshire,23 : Manufacture of other non-metallic mineral products,23,23,370
2023,Bedfordshire and Hertfordshire,24 : Manufacture of basic metals,24,24,25
2023,Bedfordshire and Hertfordshire,"25 : Manufacture of fabricated metal products, except machinery and equipment",25,25,620
2023,Bedfordshire and Hertfordshire,"26 : Manufacture of computer, electronic and optical products",26,26,305
2023,Bedfordshire and Hertfordshire,27 : Manufacture of electrical equipment,27,27,305
2023,Bedfordshire and Hertfordshire,28 : Manufacture of machinery and equipment n.e.c.,28,28,310
2023,Bedfordshire and Hertfordshire,"29 : Manufacture of motor vehicles, trailers and semi-trailers",29,29,30
2023,Bedfordshire and Hertfordshire,30 : Manufacture of other transport equipment,30,30,610
2023,Bedfordshire and Hertfordshire,31 : Manufacture of furniture,31,31,100
2023,Bedfordshire and Hertfordshire,32 : Other manufacturing,32,32,120
2023,Bedfordshire and Hertfordshire,33 : Repair and installation of machinery and equipment,33,33,455
2023,Bedfordshire and Hertfordshire,"35 : Electricity, gas, steam and air conditioning supply",35,35,50
2023,Bedfordshire and Hertfordshire,"36 : Water collection, treatment and supply",36,36,100
2023,Bedfordshire and Hertfordshire,37 : Sewerage,37,37,20
2023,Bedfordshire and Hertfordshire,"38 : Waste collection, treatment and disposal activities; materials recovery",38,38,65
2023,Bedfordshire and Hertfordshire,"39 : Remediation activities and other waste management services. This division includes the provision of remediation services, i.e. the cleanup of contaminated buildings and sites, soil, surface or ground water.",39,39,35
2023,Bedfordshire and Hertfordshire,41 : Construction of buildings,41,41,2750
2023,Bedfordshire and Hertfordshire,42 : Civil engineering,42,42,835
2023,Bedfordshire and Hertfordshire,43 : Specialised construction activities,43,43,3760
2023,Bedfordshire and Hertfordshire,45 : Wholesale and retail trade and repair of motor vehicles and motorcycles,45,45,3925
2023,Bedfordshire and Hertfordshire,"46 : Wholesale trade, except of motor vehicles and motorcycles",46,46,6535
2023,Bedfordshire and Hertfordshire,"47 : Retail trade, except of motor vehicles and motorcycles",47,47,41910
2023,Bedfordshire and Hertfordshire,49 : Land transport and transport via pipelines,49,49,3295
2023,Bedfordshire and Hertfordshire,50 : Water transport,50,50,45
2023,Bedfordshire and Hertfordshire,51 : Air transport,51,51,330
2023,Bedfordshire and Hertfordshire,52 : Warehousing and support activities for transportation,52,52,4190
2023,Bedfordshire and Hertfordshire,53 : Postal and courier activities,53,53,1675
2023,Bedfordshire and Hertfordshire,55 : Accommodation,55,55,5760
2023,Bedfordshire and Hertfordshire,56 : Food and beverage service activities,56,56,31900
2023,Bedfordshire and Hertfordshire,58 : Publishing activities,58,58,95
2023,Bedfordshire and Hertfordshire,"59 : Motion picture, video and television programme production, sound recording and music publishing activities",59,59,1415
2023,Bedfordshire and Hertfordshire,60 : Programming and broadcasting activities,60,60,30
2023,Bedfordshire and Hertfordshire,61 : Telecommunications,61,61,1335
2023,Bedfordshire and Hertfordshire,"62 : Computer programming, consultancy and related activities",62,62,2985
2023,Bedfordshire and Hertfordshire,63 : Information service activities,63,63,370
2023,Bedfordshire and Hertfordshire,"64 : Financial service activities, except insurance and pension funding",64,64,900
2023,Bedfordshire and Hertfordshire,"65 : Insurance, reinsurance and pension funding, except compulsory social security",65,65,380
2023,Bedfordshire and Hertfordshire,66 : Activities auxiliary to financial services and insurance activities,66,66,1195
2023,Bedfordshire and Hertfordshire,68 : Real estate activities,68,68,5440
2023,Bedfordshire and Hertfordshire,69 : Legal and accounting activities,69,69,4910
2023,Bedfordshire and Hertfordshire,70 : Activities of head offices; management consultancy activities,70,70,6900
2023,Bedfordshire and Hertfordshire,71 : Architectural and engineering activities; technical testing and analysis,71,71,2295
2023,Bedfordshire and Hertfordshire,72 : Scientific research and development,72,72,680
2023,Bedfordshire and Hertfordshire,73 : Advertising and market research,73,73,995
2023,Bedfordshire and Hertfordshire,"74 : Other professional, scientific and technical activities",74,74,1385
2023,Bedfordshire and Hertfordshire,75 : Veterinary activities,75,75,800
2023,Bedfordshire and Hertfordshire,77 : Rental and leasing activities,77,77,1000
2023,Bedfordshire and Hertfordshire,78 : Employment activities,78,78,64955
2023,Bedfordshire and Hertfordshire,"79 : Travel agency, tour operator and other reservation service and related activities",79,79,670
2023,Bedfordshire and Hertfordshire,80 : Security and investigation activities,80,80,2190
2023,Bedfordshire and Hertfordshire,81 : Services to buildings and landscape activities,81,81,22175
2023,Bedfordshire and Hertfordshire,"82 : Office administrative, office support and other business support activities",82,82,2835
2023,Bedfordshire and Hertfordshire,84 : Public administration and defence; compulsory social security,84,84,4625
2023,Bedfordshire and Hertfordshire,85 : Education,85,85,37950
2023,Bedfordshire and Hertfordshire,86 : Human health activities,86,86,19450
2023,Bedfordshire and Hertfordshire,87 : Residential care activities,87,87,8225
2023,Bedfordshire and Hertfordshire,88 : Social work activities without accommodation,88,88,11000
2023,Bedfordshire and Hertfordshire,"90 : Creative, arts and entertainment activities",90,90,800
2023,Bedfordshire and Hertfordshire,"91 : Libraries, archives, museums and other cultural activities",91,91,800
2023,Bedfordshire and Hertfordshire,92 : Gambling and betting activities,92,92,800
2023,Bedfordshire and Hertfordshire,93 : Sports activities and amusement and recreation activities,93,93,10450
2023,Bedfordshire and Hertfordshire,94 : Activities of membership organisations,94,94,2830
2023,Bedfordshire and Hertfordshire,95 : Repair of computers and personal and household goods,95,95,290
2023,Bedfordshire and Hertfordshire,96 : Other personal service activities,96,96,3525
2023,Bedfordshire and Hertfordshire,97 : Activities of households as employers of domestic personnel,97,97,0
2023,Bedfordshire and Hertfordshire,98 : Undifferentiated goods- and services-producing activities of private households for own use,98,98,0
2023,Bedfordshire and Hertfordshire,99 : Activities of extraterritorial organisations and bodies,99,99,0
2023,"Berkshire, Buckinghamshire and Oxfordshire","01 : Crop and animal production, hunting and related service activities",01,1,1095
2023,"Berkshire, Buckinghamshire and Oxfordshire",02 : Forestry and logging,02,2,90
2023,"Berkshire, Buckinghamshire and Oxfordshire",03 : Fishing and aquaculture,03,3,10
2023,"Berkshire, Buckinghamshire and Oxfordshire",05 : Mining of coal and lignite,05,5,0
2023,"Berkshire, Buckinghamshire and Oxfordshire",06 : Extraction of crude petroleum and natural gas,06,6,0
2023,"Berkshire, Buckinghamshire and Oxfordshire",07 : Mining of metal ores,07,7,0
2023,"Berkshire, Buckinghamshire and Oxfordshire",08 : Other mining and quarrying,08,8,5
2023,"Berkshire, Buckinghamshire and Oxfordshire",09 : Mining support service activities,09,9,0
2023,"Berkshire, Buckinghamshire and Oxfordshire",10 : Manufacture of food products,10,10,1135
2023,"Berkshire, Buckinghamshire and Oxfordshire",11 : Manufacture of beverages,11,11,130
2023,"Berkshire, Buckinghamshire and Oxfordshire",12 : Manufacture of tobacco products,12,12,0
2023,"Berkshire, Buckinghamshire and Oxfordshire",13 : Manufacture of textiles,13,13,60
2023,"Berkshire, Buckinghamshire and Oxfordshire",14 : Manufacture of wearing apparel,14,14,325
2023,"Berkshire, Buckinghamshire and Oxfordshire",15 : Manufacture of leather and related products,15,15,70
2023,"Berkshire, Buckinghamshire and Oxfordshire","16 : Manufacture of wood and of products of wood and cork, except furniture;manufacture of articles of straw and plaiting materials",16,16,60
2023,"Berkshire, Buckinghamshire and Oxfordshire",17 : Manufacture of paper and paper products,17,17,85
2023,"Berkshire, Buckinghamshire and Oxfordshire",18 : Printing and reproduction of recorded media,18,18,140
2023,"Berkshire, Buckinghamshire and Oxfordshire",19 : Manufacture of coke and refined petroleum products,19,19,10
2023,"Berkshire, Buckinghamshire and Oxfordshire",20 : Manufacture of chemicals and chemical products,20,20,95
2023,"Berkshire, Buckinghamshire and Oxfordshire",21 : Manufacture of basic pharmaceutical products and pharmaceutical preparations,21,21,145
2023,"Berkshire, Buckinghamshire and Oxfordshire",22 : Manufacture of rubber and plastic products,22,22,430
2023,"Berkshire, Buckinghamshire and Oxfordshire",23 : Manufacture of other non-metallic mineral products,23,23,120
2023,"Berkshire, Buckinghamshire and Oxfordshire",24 : Manufacture of basic metals,24,24,30
2023,"Berkshire, Buckinghamshire and Oxfordshire","25 : Manufacture of fabricated metal products, except machinery and equipment",25,25,905
2023,"Berkshire, Buckinghamshire and Oxfordshire","26 : Manufacture of computer, electronic and optical products",26,26,400
2023,"Berkshire, Buckinghamshire and Oxfordshire",27 : Manufacture of electrical equipment,27,27,270
2023,"Berkshire, Buckinghamshire and Oxfordshire",28 : Manufacture of machinery and equipment n.e.c.,28,28,235
2023,"Berkshire, Buckinghamshire and Oxfordshire","29 : Manufacture of motor vehicles, trailers and semi-trailers",29,29,245
2023,"Berkshire, Buckinghamshire and Oxfordshire",30 : Manufacture of other transport equipment,30,30,30
2023,"Berkshire, Buckinghamshire and Oxfordshire",31 : Manufacture of furniture,31,31,105
2023,"Berkshire, Buckinghamshire and Oxfordshire",32 : Other manufacturing,32,32,675
2023,"Berkshire, Buckinghamshire and Oxfordshire",33 : Repair and installation of machinery and equipment,33,33,610
2023,"Berkshire, Buckinghamshire and Oxfordshire","35 : Electricity, gas, steam and air conditioning supply",35,35,170
2023,"Berkshire, Buckinghamshire and Oxfordshire","36 : Water collection, treatment and supply",36,36,20
2023,"Berkshire, Buckinghamshire and Oxfordshire",37 : Sewerage,37,37,250
2023,"Berkshire, Buckinghamshire and Oxfordshire","38 : Waste collection, treatment and disposal activities; materials recovery",38,38,305
2023,"Berkshire, Buckinghamshire and Oxfordshire","39 : Remediation activities and other waste management services. This division includes the provision of remediation services, i.e. the cleanup of contaminated buildings and sites, soil, surface or ground water.",39,39,200
2023,"Berkshire, Buckinghamshire and Oxfordshire",41 : Construction of buildings,41,41,2000
2023,"Berkshire, Buckinghamshire and Oxfordshire",42 : Civil engineering,42,42,810
2023,"Berkshire, Buckinghamshire and Oxfordshire",43 : Specialised construction activities,43,43,3380
2023,"Berkshire, Buckinghamshire and Oxfordshire",45 : Wholesale and retail trade and repair of motor vehicles and motorcycles,45,45,3315
2023,"Berkshire, Buckinghamshire and Oxfordshire","46 : Wholesale trade, except of motor vehicles and motorcycles",46,46,7820
2023,"Berkshire, Buckinghamshire and Oxfordshire","47 : Retail trade, except of motor vehicles and motorcycles",47,47,53355
2023,"Berkshire, Buckinghamshire and Oxfordshire",49 : Land transport and transport via pipelines,49,49,3380
2023,"Berkshire, Buckinghamshire and Oxfordshire",50 : Water transport,50,50,45
2023,"Berkshire, Buckinghamshire and Oxfordshire",51 : Air transport,51,51,65
2023,"Berkshire, Buckinghamshire and Oxfordshire",52 : Warehousing and support activities for transportation,52,52,3565
2023,"Berkshire, Buckinghamshire and Oxfordshire",53 : Postal and courier activities,53,53,1740
2023,"Berkshire, Buckinghamshire and Oxfordshire",55 : Accommodation,55,55,6440
2023,"Berkshire, Buckinghamshire and Oxfordshire",56 : Food and beverage service activities,56,56,45250
2023,"Berkshire, Buckinghamshire and Oxfordshire",58 : Publishing activities,58,58,3895
2023,"Berkshire, Buckinghamshire and Oxfordshire","59 : Motion picture, video and television programme production, sound recording and music publishing activities",59,59,1100
2023,"Berkshire, Buckinghamshire and Oxfordshire",60 : Programming and broadcasting activities,60,60,125
2023,"Berkshire, Buckinghamshire and Oxfordshire",61 : Telecommunications,61,61,705
2023,"Berkshire, Buckinghamshire and Oxfordshire","62 : Computer programming, consultancy and related activities",62,62,11675
2023,"Berkshire, Buckinghamshire and Oxfordshire",63 : Information service activities,63,63,945
2023,"Berkshire, Buckinghamshire and Oxfordshire","64 : Financial service activities, except insurance and pension funding",64,64,2645
2023,"Berkshire, Buckinghamshire and Oxfordshire","65 : Insurance, reinsurance and pension funding, except compulsory social security",65,65,65
2023,"Berkshire, Buckinghamshire and Oxfordshire",66 : Activities auxiliary to financial services and insurance activities,66,66,1550
2023,"Berkshire, Buckinghamshire and Oxfordshire",68 : Real estate activities,68,68,5750
2023,"Berkshire, Buckinghamshire and Oxfordshire",69 : Legal and accounting activities,69,69,7210
2023,"Berkshire, Buckinghamshire and Oxfordshire",70 : Activities of head offices; management consultancy activities,70,70,10600
2023,"Berkshire, Buckinghamshire and Oxfordshire",71 : Architectural and engineering activities; technical testing and analysis,71,71,3000
2023,"Berkshire, Buckinghamshire and Oxfordshire",72 : Scientific research and development,72,72,1900
2023,"Berkshire, Buckinghamshire and Oxfordshire",73 : Advertising and market research,73,73,4875
2023,"Berkshire, Buckinghamshire and Oxfordshire","74 : Other professional, scientific and technical activities",74,74,975
2023,"Berkshire, Buckinghamshire and Oxfordshire",75 : Veterinary activities,75,75,1000
2023,"Berkshire, Buckinghamshire and Oxfordshire",77 : Rental and leasing activities,77,77,1140
2023,"Berkshire, Buckinghamshire and Oxfordshire",78 : Employment activities,78,78,13735
2023,"Berkshire, Buckinghamshire and Oxfordshire","79 : Travel agency, tour operator and other reservation service and related activities",79,79,310
2023,"Berkshire, Buckinghamshire and Oxfordshire",80 : Security and investigation activities,80,80,1900
2023,"Berkshire, Buckinghamshire and Oxfordshire",81 : Services to buildings and landscape activities,81,81,16260
2023,"Berkshire, Buckinghamshire and Oxfordshire","82 : Office administrative, office support and other business support activities",82,82,3200
2023,"Berkshire, Buckinghamshire and Oxfordshire",84 : Public administration and defence; compulsory social security,84,84,5875
2023,"Berkshire, Buckinghamshire and Oxfordshire",85 : Education,85,85,60275
2023,"Berkshire, Buckinghamshire and Oxfordshire",86 : Human health activities,86,86,31500
2023,"Berkshire, Buckinghamshire and Oxfordshire",87 : Residential care activities,87,87,8250
2023,"Berkshire, Buckinghamshire and Oxfordshire",88 : Social work activities without accommodation,88,88,20000
2023,"Berkshire, Buckinghamshire and Oxfordshire","90 : Creative, arts and entertainment activities",90,90,1200
2023,"Berkshire, Buckinghamshire and Oxfordshire","91 : Libraries, archives, museums and other cultural activities",91,91,2300
2023,"Berkshire, Buckinghamshire and Oxfordshire",92 : Gambling and betting activities,92,92,800
2023,"Berkshire, Buckinghamshire and Oxfordshire",93 : Sports activities and amusement and recreation activities,93,93,13500
2023,"Berkshire, Buckinghamshire and Oxfordshire",94 : Activities of membership organisations,94,94,2900
2023,"Berkshire, Buckinghamshire and Oxfordshire",95 : Repair of computers and personal and household goods,95,95,280
2023,"Berkshire, Buckinghamshire and Oxfordshire",96 : Other personal service activities,96,96,4800
2023,"Berkshire, Buckinghamshire and Oxfordshire",97 : Activities of households as employers of domestic personnel,97,97,0
2023,"Berkshire, Buckinghamshire and Oxfordshire",98 : Undifferentiated goods- and services-producing activities of private households for own use,98,98,0
2023,"Berkshire, Buckinghamshire and Oxfordshire",99 : Activities of extraterritorial organisations and bodies,99,99,0
2023,Cheshire,"01 : Crop and animal production, hunting and related service activities",01,1,830
2023,Cheshire,02 : Forestry and logging,02,2,55
2023,Cheshire,03 : Fishing and aquaculture,03,3,0
2023,Cheshire,05 : Mining of coal and lignite,05,5,0
2023,Cheshire,06 : Extraction of crude petroleum and natural gas,06,6,0
2023,Cheshire,07 : Mining of metal ores,07,7,0
2023,Cheshire,08 : Other mining and quarrying,08,8,10
2023,Cheshire,09 : Mining support service activities,09,9,0
2023,Cheshire,10 : Manufacture of food products,10,10,750
2023,Cheshire,11 : Manufacture of beverages,11,11,140
2023,Cheshire,12 : Manufacture of tobacco products,12,12,0
2023,Cheshire,13 : Manufacture of textiles,13,13,65
2023,Cheshire,14 : Manufacture of wearing apparel,14,14,30
2023,Cheshire,15 : Manufacture of leather and related products,15,15,15
2023,Cheshire,"16 : Manufacture of wood and of products of wood and cork, except furniture;manufacture of articles of straw and plaiting materials",16,16,10
2023,Cheshire,17 : Manufacture of paper and paper products,17,17,105
2023,Cheshire,18 : Printing and reproduction of recorded media,18,18,60
2023,Cheshire,19 : Manufacture of coke and refined petroleum products,19,19,20
2023,Cheshire,20 : Manufacture of chemicals and chemical products,20,20,235
2023,Cheshire,21 : Manufacture of basic pharmaceutical products and pharmaceutical preparations,21,21,300
2023,Cheshire,22 : Manufacture of rubber and plastic products,22,22,115
2023,Cheshire,23 : Manufacture of other non-metallic mineral products,23,23,25
2023,Cheshire,24 : Manufacture of basic metals,24,24,45
2023,Cheshire,"25 : Manufacture of fabricated metal products, except machinery and equipment",25,25,220
2023,Cheshire,"26 : Manufacture of computer, electronic and optical products",26,26,250
2023,Cheshire,27 : Manufacture of electrical equipment,27,27,70
2023,Cheshire,28 : Manufacture of machinery and equipment n.e.c.,28,28,80
2023,Cheshire,"29 : Manufacture of motor vehicles, trailers and semi-trailers",29,29,105
2023,Cheshire,30 : Manufacture of other transport equipment,30,30,85
2023,Cheshire,31 : Manufacture of furniture,31,31,90
2023,Cheshire,32 : Other manufacturing,32,32,135
2023,Cheshire,33 : Repair and installation of machinery and equipment,33,33,95
2023,Cheshire,"35 : Electricity, gas, steam and air conditioning supply",35,35,130
2023,Cheshire,"36 : Water collection, treatment and supply",36,36,350
2023,Cheshire,37 : Sewerage,37,37,15
2023,Cheshire,"38 : Waste collection, treatment and disposal activities; materials recovery",38,38,275
2023,Cheshire,"39 : Remediation activities and other waste management services. This division includes the provision of remediation services, i.e. the cleanup of contaminated buildings and sites, soil, surface or ground water.",39,39,0
2023,Cheshire,41 : Construction of buildings,41,41,1325
2023,Cheshire,42 : Civil engineering,42,42,220
2023,Cheshire,43 : Specialised construction activities,43,43,1840
2023,Cheshire,45 : Wholesale and retail trade and repair of motor vehicles and motorcycles,45,45,1475
2023,Cheshire,"46 : Wholesale trade, except of motor vehicles and motorcycles",46,46,2480
2023,Cheshire,"47 : Retail trade, except of motor vehicles and motorcycles",47,47,25165
2023,Cheshire,49 : Land transport and transport via pipelines,49,49,740
2023,Cheshire,50 : Water transport,50,50,20
2023,Cheshire,51 : Air transport,51,51,0
2023,Cheshire,52 : Warehousing and support activities for transportation,52,52,1660
2023,Cheshire,53 : Postal and courier activities,53,53,815
2023,Cheshire,55 : Accommodation,55,55,4270
2023,Cheshire,56 : Food and beverage service activities,56,56,19150
2023,Cheshire,58 : Publishing activities,58,58,305
2023,Cheshire,"59 : Motion picture, video and television programme production, sound recording and music publishing activities",59,59,320
2023,Cheshire,60 : Programming and broadcasting activities,60,60,20
2023,Cheshire,61 : Telecommunications,61,61,310
2023,Cheshire,"62 : Computer programming, consultancy and related activities",62,62,760
2023,Cheshire,63 : Information service activities,63,63,50
2023,Cheshire,"64 : Financial service activities, except insurance and pension funding",64,64,1440
2023,Cheshire,"65 : Insurance, reinsurance and pension funding, except compulsory social security",65,65,35
2023,Cheshire,66 : Activities auxiliary to financial services and insurance activities,66,66,1030
2023,Cheshire,68 : Real estate activities,68,68,1950
2023,Cheshire,69 : Legal and accounting activities,69,69,7650
2023,Cheshire,70 : Activities of head offices; management consultancy activities,70,70,2800
2023,Cheshire,71 : Architectural and engineering activities; technical testing and analysis,71,71,1190
2023,Cheshire,72 : Scientific research and development,72,72,125
2023,Cheshire,73 : Advertising and market research,73,73,385
2023,Cheshire,"74 : Other professional, scientific and technical activities",74,74,840
2023,Cheshire,75 : Veterinary activities,75,75,800
2023,Cheshire,77 : Rental and leasing activities,77,77,585
2023,Cheshire,78 : Employment activities,78,78,9075
2023,Cheshire,"79 : Travel agency, tour operator and other reservation service and related activities",79,79,2155
2023,Cheshire,80 : Security and investigation activities,80,80,490
2023,Cheshire,81 : Services to buildings and landscape activities,81,81,5310
2023,Cheshire,"82 : Office administrative, office support and other business support activities",82,82,4355
2023,Cheshire,84 : Public administration and defence; compulsory social security,84,84,3075
2023,Cheshire,85 : Education,85,85,13815
2023,Cheshire,86 : Human health activities,86,86,15225
2023,Cheshire,87 : Residential care activities,87,87,5035
2023,Cheshire,88 : Social work activities without accommodation,88,88,5000
2023,Cheshire,"90 : Creative, arts and entertainment activities",90,90,195
2023,Cheshire,"91 : Libraries, archives, museums and other cultural activities",91,91,880
2023,Cheshire,92 : Gambling and betting activities,92,92,300
2023,Cheshire,93 : Sports activities and amusement and recreation activities,93,93,6215
2023,Cheshire,94 : Activities of membership organisations,94,94,1115
2023,Cheshire,95 : Repair of computers and personal and household goods,95,95,280
2023,Cheshire,96 : Other personal service activities,96,96,2200
2023,Cheshire,97 : Activities of households as employers of domestic personnel,97,97,0
2023,Cheshire,98 : Undifferentiated goods- and services-producing activities of private households for own use,98,98,0
2023,Cheshire,99 : Activities of extraterritorial organisations and bodies,99,99,0
2023,Cornwall and Isles of Scilly,"01 : Crop and animal production, hunting and related service activities",01,1,925
2023,Cornwall and Isles of Scilly,02 : Forestry and logging,02,2,10
2023,Cornwall and Isles of Scilly,03 : Fishing and aquaculture,03,3,25
2023,Cornwall and Isles of Scilly,05 : Mining of coal and lignite,05,5,0
2023,Cornwall and Isles of Scilly,06 : Extraction of crude petroleum and natural gas,06,6,0
2023,Cornwall and Isles of Scilly,07 : Mining of metal ores,07,7,0
2023,Cornwall and Isles of Scilly,08 : Other mining and quarrying,08,8,0
2023,Cornwall and Isles of Scilly,09 : Mining support service activities,09,9,0
2023,Cornwall and Isles of Scilly,10 : Manufacture of food products,10,10,510
2023,Cornwall and Isles of Scilly,11 : Manufacture of beverages,11,11,280
2023,Cornwall and Isles of Scilly,12 : Manufacture of tobacco products,12,12,0
2023,Cornwall and Isles of Scilly,13 : Manufacture of textiles,13,13,245
2023,Cornwall and Isles of Scilly,14 : Manufacture of wearing apparel,14,14,0
2023,Cornwall and Isles of Scilly,15 : Manufacture of leather and related products,15,15,10
2023,Cornwall and Isles of Scilly,"16 : Manufacture of wood and of products of wood and cork, except furniture;manufacture of articles of straw and plaiting materials",16,16,115
2023,Cornwall and Isles of Scilly,17 : Manufacture of paper and paper products,17,17,0
2023,Cornwall and Isles of Scilly,18 : Printing and reproduction of recorded media,18,18,125
2023,Cornwall and Isles of Scilly,19 : Manufacture of coke and refined petroleum products,19,19,0
2023,Cornwall and Isles of Scilly,20 : Manufacture of chemicals and chemical products,20,20,15
2023,Cornwall and Isles of Scilly,21 : Manufacture of basic pharmaceutical products and pharmaceutical preparations,21,21,0
2023,Cornwall and Isles of Scilly,22 : Manufacture of rubber and plastic products,22,22,95
2023,Cornwall and Isles of Scilly,23 : Manufacture of other non-metallic mineral products,23,23,0
2023,Cornwall and Isles of Scilly,24 : Manufacture of basic metals,24,24,5
2023,Cornwall and Isles of Scilly,"25 : Manufacture of fabricated metal products, except machinery and equipment",25,25,140
2023,Cornwall and Isles of Scilly,"26 : Manufacture of computer, electronic and optical products",26,26,115
2023,Cornwall and Isles of Scilly,27 : Manufacture of electrical equipment,27,27,20
2023,Cornwall and Isles of Scilly,28 : Manufacture of machinery and equipment n.e.c.,28,28,55
2023,Cornwall and Isles of Scilly,"29 : Manufacture of motor vehicles, trailers and semi-trailers",29,29,0
2023,Cornwall and Isles of Scilly,30 : Manufacture of other transport equipment,30,30,25
2023,Cornwall and Isles of Scilly,31 : Manufacture of furniture,31,31,45
2023,Cornwall and Isles of Scilly,32 : Other manufacturing,32,32,70
2023,Cornwall and Isles of Scilly,33 : Repair and installation of machinery and equipment,33,33,310
2023,Cornwall and Isles of Scilly,"35 : Electricity, gas, steam and air conditioning supply",35,35,95
2023,Cornwall and Isles of Scilly,"36 : Water collection, treatment and supply",36,36,15
2023,Cornwall and Isles of Scilly,37 : Sewerage,37,37,15
2023,Cornwall and Isles of Scilly,"38 : Waste collection, treatment and disposal activities; materials recovery",38,38,200
2023,Cornwall and Isles of Scilly,"39 : Remediation activities and other waste management services. This division includes the provision of remediation services, i.e. the cleanup of contaminated buildings and sites, soil, surface or ground water.",39,39,0
2023,Cornwall and Isles of Scilly,41 : Construction of buildings,41,41,775
2023,Cornwall and Isles of Scilly,42 : Civil engineering,42,42,235
2023,Cornwall and Isles of Scilly,43 : Specialised construction activities,43,43,1050
2023,Cornwall and Isles of Scilly,45 : Wholesale and retail trade and repair of motor vehicles and motorcycles,45,45,720
2023,Cornwall and Isles of Scilly,"46 : Wholesale trade, except of motor vehicles and motorcycles",46,46,1200
2023,Cornwall and Isles of Scilly,"47 : Retail trade, except of motor vehicles and motorcycles",47,47,16350
2023,Cornwall and Isles of Scilly,49 : Land transport and transport via pipelines,49,49,700
2023,Cornwall and Isles of Scilly,50 : Water transport,50,50,85
2023,Cornwall and Isles of Scilly,51 : Air transport,51,51,10
2023,Cornwall and Isles of Scilly,52 : Warehousing and support activities for transportation,52,52,210
2023,Cornwall and Isles of Scilly,53 : Postal and courier activities,53,53,575
2023,Cornwall and Isles of Scilly,55 : Accommodation,55,55,6225
2023,Cornwall and Isles of Scilly,56 : Food and beverage service activities,56,56,14325
2023,Cornwall and Isles of Scilly,58 : Publishing activities,58,58,50
2023,Cornwall and Isles of Scilly,"59 : Motion picture, video and television programme production, sound recording and music publishing activities",59,59,145
2023,Cornwall and Isles of Scilly,60 : Programming and broadcasting activities,60,60,10
2023,Cornwall and Isles of Scilly,61 : Telecommunications,61,61,120
2023,Cornwall and Isles of Scilly,"62 : Computer programming, consultancy and related activities",62,62,410
2023,Cornwall and Isles of Scilly,63 : Information service activities,63,63,25
2023,Cornwall and Isles of Scilly,"64 : Financial service activities, except insurance and pension funding",64,64,265
2023,Cornwall and Isles of Scilly,"65 : Insurance, reinsurance and pension funding, except compulsory social security",65,65,0
2023,Cornwall and Isles of Scilly,66 : Activities auxiliary to financial services and insurance activities,66,66,170
2023,Cornwall and Isles of Scilly,68 : Real estate activities,68,68,1230
2023,Cornwall and Isles of Scilly,69 : Legal and accounting activities,69,69,715
2023,Cornwall and Isles of Scilly,70 : Activities of head offices; management consultancy activities,70,70,590
2023,Cornwall and Isles of Scilly,71 : Architectural and engineering activities; technical testing and analysis,71,71,875
2023,Cornwall and Isles of Scilly,72 : Scientific research and development,72,72,30
2023,Cornwall and Isles of Scilly,73 : Advertising and market research,73,73,125
2023,Cornwall and Isles of Scilly,"74 : Other professional, scientific and technical activities",74,74,675
2023,Cornwall and Isles of Scilly,75 : Veterinary activities,75,75,500
2023,Cornwall and Isles of Scilly,77 : Rental and leasing activities,77,77,160
2023,Cornwall and Isles of Scilly,78 : Employment activities,78,78,2150
2023,Cornwall and Isles of Scilly,"79 : Travel agency, tour operator and other reservation service and related activities",79,79,75
2023,Cornwall and Isles of Scilly,80 : Security and investigation activities,80,80,105
2023,Cornwall and Isles of Scilly,81 : Services to buildings and landscape activities,81,81,2310
2023,Cornwall and Isles of Scilly,"82 : Office administrative, office support and other business support activities",82,82,625
2023,Cornwall and Isles of Scilly,84 : Public administration and defence; compulsory social security,84,84,1820
2023,Cornwall and Isles of Scilly,85 : Education,85,85,7695
2023,Cornwall and Isles of Scilly,86 : Human health activities,86,86,7795
2023,Cornwall and Isles of Scilly,87 : Residential care activities,87,87,3500
2023,Cornwall and Isles of Scilly,88 : Social work activities without accommodation,88,88,3350
2023,Cornwall and Isles of Scilly,"90 : Creative, arts and entertainment activities",90,90,250
2023,Cornwall and Isles of Scilly,"91 : Libraries, archives, museums and other cultural activities",91,91,1125
2023,Cornwall and Isles of Scilly,92 : Gambling and betting activities,92,92,175
2023,Cornwall and Isles of Scilly,93 : Sports activities and amusement and recreation activities,93,93,2250
2023,Cornwall and Isles of Scilly,94 : Activities of membership organisations,94,94,815
2023,Cornwall and Isles of Scilly,95 : Repair of computers and personal and household goods,95,95,35
2023,Cornwall and Isles of Scilly,96 : Other personal service activities,96,96,590
2023,Cornwall and Isles of Scilly,97 : Activities of households as employers of domestic personnel,97,97,0
2023,Cornwall and Isles of Scilly,98 : Undifferentiated goods- and services-producing activities of private households for own use,98,98,0
2023,Cornwall and Isles of Scilly,99 : Activities of extraterritorial organisations and bodies,99,99,0
2023,Cumbria,"01 : Crop and animal production, hunting and related service activities",01,1,1105
2023,Cumbria,02 : Forestry and logging,02,2,55
2023,Cumbria,03 : Fishing and aquaculture,03,3,10
2023,Cumbria,05 : Mining of coal and lignite,05,5,0
2023,Cumbria,06 : Extraction of crude petroleum and natural gas,06,6,0
2023,Cumbria,07 : Mining of metal ores,07,7,0
2023,Cumbria,08 : Other mining and quarrying,08,8,0
2023,Cumbria,09 : Mining support service activities,09,9,0
2023,Cumbria,10 : Manufacture of food products,10,10,880
2023,Cumbria,11 : Manufacture of beverages,11,11,105
2023,Cumbria,12 : Manufacture of tobacco products,12,12,0
2023,Cumbria,13 : Manufacture of textiles,13,13,30
2023,Cumbria,14 : Manufacture of wearing apparel,14,14,0
2023,Cumbria,15 : Manufacture of leather and related products,15,15,110
2023,Cumbria,"16 : Manufacture of wood and of products of wood and cork, except furniture;manufacture of articles of straw and plaiting materials",16,16,35
2023,Cumbria,17 : Manufacture of paper and paper products,17,17,60
2023,Cumbria,18 : Printing and reproduction of recorded media,18,18,20
2023,Cumbria,19 : Manufacture of coke and refined petroleum products,19,19,0
2023,Cumbria,20 : Manufacture of chemicals and chemical products,20,20,0
2023,Cumbria,21 : Manufacture of basic pharmaceutical products and pharmaceutical preparations,21,21,0
2023,Cumbria,22 : Manufacture of rubber and plastic products,22,22,95
2023,Cumbria,23 : Manufacture of other non-metallic mineral products,23,23,25
2023,Cumbria,24 : Manufacture of basic metals,24,24,620
2023,Cumbria,"25 : Manufacture of fabricated metal products, except machinery and equipment",25,25,150
2023,Cumbria,"26 : Manufacture of computer, electronic and optical products",26,26,105
2023,Cumbria,27 : Manufacture of electrical equipment,27,27,10
2023,Cumbria,28 : Manufacture of machinery and equipment n.e.c.,28,28,120
2023,Cumbria,"29 : Manufacture of motor vehicles, trailers and semi-trailers",29,29,0
2023,Cumbria,30 : Manufacture of other transport equipment,30,30,260
2023,Cumbria,31 : Manufacture of furniture,31,31,40
2023,Cumbria,32 : Other manufacturing,32,32,80
2023,Cumbria,33 : Repair and installation of machinery and equipment,33,33,85
2023,Cumbria,"35 : Electricity, gas, steam and air conditioning supply",35,35,30
2023,Cumbria,"36 : Water collection, treatment and supply",36,36,50
2023,Cumbria,37 : Sewerage,37,37,5
2023,Cumbria,"38 : Waste collection, treatment and disposal activities; materials recovery",38,38,145
2023,Cumbria,"39 : Remediation activities and other waste management services. This division includes the provision of remediation services, i.e. the cleanup of contaminated buildings and sites, soil, surface or ground water.",39,39,0
2023,Cumbria,41 : Construction of buildings,41,41,625
2023,Cumbria,42 : Civil engineering,42,42,140
2023,Cumbria,43 : Specialised construction activities,43,43,1185
2023,Cumbria,45 : Wholesale and retail trade and repair of motor vehicles and motorcycles,45,45,805
2023,Cumbria,"46 : Wholesale trade, except of motor vehicles and motorcycles",46,46,975
2023,Cumbria,"47 : Retail trade, except of motor vehicles and motorcycles",47,47,12595
2023,Cumbria,49 : Land transport and transport via pipelines,49,49,480
2023,Cumbria,50 : Water transport,50,50,70
2023,Cumbria,51 : Air transport,51,51,0
2023,Cumbria,52 : Warehousing and support activities for transportation,52,52,125
2023,Cumbria,53 : Postal and courier activities,53,53,375
2023,Cumbria,55 : Accommodation,55,55,5700
2023,Cumbria,56 : Food and beverage service activities,56,56,10350
2023,Cumbria,58 : Publishing activities,58,58,120
2023,Cumbria,"59 : Motion picture, video and television programme production, sound recording and music publishing activities",59,59,150
2023,Cumbria,60 : Programming and broadcasting activities,60,60,20
2023,Cumbria,61 : Telecommunications,61,61,45
2023,Cumbria,"62 : Computer programming, consultancy and related activities",62,62,145
2023,Cumbria,63 : Information service activities,63,63,10
2023,Cumbria,"64 : Financial service activities, except insurance and pension funding",64,64,365
2023,Cumbria,"65 : Insurance, reinsurance and pension funding, except compulsory social security",65,65,0
2023,Cumbria,66 : Activities auxiliary to financial services and insurance activities,66,66,170
2023,Cumbria,68 : Real estate activities,68,68,1010
2023,Cumbria,69 : Legal and accounting activities,69,69,1180
2023,Cumbria,70 : Activities of head offices; management consultancy activities,70,70,550
2023,Cumbria,71 : Architectural and engineering activities; technical testing and analysis,71,71,420
2023,Cumbria,72 : Scientific research and development,72,72,10
2023,Cumbria,73 : Advertising and market research,73,73,20
2023,Cumbria,"74 : Other professional, scientific and technical activities",74,74,210
2023,Cumbria,75 : Veterinary activities,75,75,450
2023,Cumbria,77 : Rental and leasing activities,77,77,145
2023,Cumbria,78 : Employment activities,78,78,480
2023,Cumbria,"79 : Travel agency, tour operator and other reservation service and related activities",79,79,440
2023,Cumbria,80 : Security and investigation activities,80,80,185
2023,Cumbria,81 : Services to buildings and landscape activities,81,81,2300
2023,Cumbria,"82 : Office administrative, office support and other business support activities",82,82,475
2023,Cumbria,84 : Public administration and defence; compulsory social security,84,84,2410
2023,Cumbria,85 : Education,85,85,8080
2023,Cumbria,86 : Human health activities,86,86,8210
2023,Cumbria,87 : Residential care activities,87,87,2800
2023,Cumbria,88 : Social work activities without accommodation,88,88,2200
2023,Cumbria,"90 : Creative, arts and entertainment activities",90,90,85
2023,Cumbria,"91 : Libraries, archives, museums and other cultural activities",91,91,775
2023,Cumbria,92 : Gambling and betting activities,92,92,225
2023,Cumbria,93 : Sports activities and amusement and recreation activities,93,93,1920
2023,Cumbria,94 : Activities of membership organisations,94,94,875
2023,Cumbria,95 : Repair of computers and personal and household goods,95,95,105
2023,Cumbria,96 : Other personal service activities,96,96,770
2023,Cumbria,97 : Activities of households as employers of domestic personnel,97,97,0
2023,Cumbria,98 : Undifferentiated goods- and services-producing activities of private households for own use,98,98,0
2023,Cumbria,99 : Activities of extraterritorial organisations and bodies,99,99,0
2023,Derbyshire and Nottinghamshire,"01 : Crop and animal production, hunting and related service activities",01,1,730
2023,Derbyshire and Nottinghamshire,02 : Forestry and logging,02,2,35
2023,Derbyshire and Nottinghamshire,03 : Fishing and aquaculture,03,3,0
2023,Derbyshire and Nottinghamshire,05 : Mining of coal and lignite,05,5,0
2023,Derbyshire and Nottinghamshire,06 : Extraction of crude petroleum and natural gas,06,6,0
2023,Derbyshire and Nottinghamshire,07 : Mining of metal ores,07,7,0
2023,Derbyshire and Nottinghamshire,08 : Other mining and quarrying,08,8,60
2023,Derbyshire and Nottinghamshire,09 : Mining support service activities,09,9,10
2023,Derbyshire and Nottinghamshire,10 : Manufacture of food products,10,10,2410
2023,Derbyshire and Nottinghamshire,11 : Manufacture of beverages,11,11,95
2023,Derbyshire and Nottinghamshire,12 : Manufacture of tobacco products,12,12,0
2023,Derbyshire and Nottinghamshire,13 : Manufacture of textiles,13,13,565
2023,Derbyshire and Nottinghamshire,14 : Manufacture of wearing apparel,14,14,510
2023,Derbyshire and Nottinghamshire,15 : Manufacture of leather and related products,15,15,15
2023,Derbyshire and Nottinghamshire,"16 : Manufacture of wood and of products of wood and cork, except furniture;manufacture of articles of straw and plaiting materials",16,16,670
2023,Derbyshire and Nottinghamshire,17 : Manufacture of paper and paper products,17,17,55
2023,Derbyshire and Nottinghamshire,18 : Printing and reproduction of recorded media,18,18,170
2023,Derbyshire and Nottinghamshire,19 : Manufacture of coke and refined petroleum products,19,19,30
2023,Derbyshire and Nottinghamshire,20 : Manufacture of chemicals and chemical products,20,20,210
2023,Derbyshire and Nottinghamshire,21 : Manufacture of basic pharmaceutical products and pharmaceutical preparations,21,21,65
2023,Derbyshire and Nottinghamshire,22 : Manufacture of rubber and plastic products,22,22,860
2023,Derbyshire and Nottinghamshire,23 : Manufacture of other non-metallic mineral products,23,23,540
2023,Derbyshire and Nottinghamshire,24 : Manufacture of basic metals,24,24,275
2023,Derbyshire and Nottinghamshire,"25 : Manufacture of fabricated metal products, except machinery and equipment",25,25,1125
2023,Derbyshire and Nottinghamshire,"26 : Manufacture of computer, electronic and optical products",26,26,290
2023,Derbyshire and Nottinghamshire,27 : Manufacture of electrical equipment,27,27,460
2023,Derbyshire and Nottinghamshire,28 : Manufacture of machinery and equipment n.e.c.,28,28,540
2023,Derbyshire and Nottinghamshire,"29 : Manufacture of motor vehicles, trailers and semi-trailers",29,29,375
2023,Derbyshire and Nottinghamshire,30 : Manufacture of other transport equipment,30,30,60
2023,Derbyshire and Nottinghamshire,31 : Manufacture of furniture,31,31,145
2023,Derbyshire and Nottinghamshire,32 : Other manufacturing,32,32,1020
2023,Derbyshire and Nottinghamshire,33 : Repair and installation of machinery and equipment,33,33,385
2023,Derbyshire and Nottinghamshire,"35 : Electricity, gas, steam and air conditioning supply",35,35,575
2023,Derbyshire and Nottinghamshire,"36 : Water collection, treatment and supply",36,36,125
2023,Derbyshire and Nottinghamshire,37 : Sewerage,37,37,0
2023,Derbyshire and Nottinghamshire,"38 : Waste collection, treatment and disposal activities; materials recovery",38,38,385
2023,Derbyshire and Nottinghamshire,"39 : Remediation activities and other waste management services. This division includes the provision of remediation services, i.e. the cleanup of contaminated buildings and sites, soil, surface or ground water.",39,39,5
2023,Derbyshire and Nottinghamshire,41 : Construction of buildings,41,41,1850
2023,Derbyshire and Nottinghamshire,42 : Civil engineering,42,42,640
2023,Derbyshire and Nottinghamshire,43 : Specialised construction activities,43,43,3210
2023,Derbyshire and Nottinghamshire,45 : Wholesale and retail trade and repair of motor vehicles and motorcycles,45,45,3285
2023,Derbyshire and Nottinghamshire,"46 : Wholesale trade, except of motor vehicles and motorcycles",46,46,5515
2023,Derbyshire and Nottinghamshire,"47 : Retail trade, except of motor vehicles and motorcycles",47,47,47870
2023,Derbyshire and Nottinghamshire,49 : Land transport and transport via pipelines,49,49,3155
2023,Derbyshire and Nottinghamshire,50 : Water transport,50,50,0
2023,Derbyshire and Nottinghamshire,51 : Air transport,51,51,0
2023,Derbyshire and Nottinghamshire,52 : Warehousing and support activities for transportation,52,52,2790
2023,Derbyshire and Nottinghamshire,53 : Postal and courier activities,53,53,2200
2023,Derbyshire and Nottinghamshire,55 : Accommodation,55,55,6725
2023,Derbyshire and Nottinghamshire,56 : Food and beverage service activities,56,56,40250
2023,Derbyshire and Nottinghamshire,58 : Publishing activities,58,58,505
2023,Derbyshire and Nottinghamshire,"59 : Motion picture, video and television programme production, sound recording and music publishing activities",59,59,610
2023,Derbyshire and Nottinghamshire,60 : Programming and broadcasting activities,60,60,45
2023,Derbyshire and Nottinghamshire,61 : Telecommunications,61,61,260
2023,Derbyshire and Nottinghamshire,"62 : Computer programming, consultancy and related activities",62,62,2960
2023,Derbyshire and Nottinghamshire,63 : Information service activities,63,63,220
2023,Derbyshire and Nottinghamshire,"64 : Financial service activities, except insurance and pension funding",64,64,835
2023,Derbyshire and Nottinghamshire,"65 : Insurance, reinsurance and pension funding, except compulsory social security",65,65,20
2023,Derbyshire and Nottinghamshire,66 : Activities auxiliary to financial services and insurance activities,66,66,1135
2023,Derbyshire and Nottinghamshire,68 : Real estate activities,68,68,5500
2023,Derbyshire and Nottinghamshire,69 : Legal and accounting activities,69,69,4220
2023,Derbyshire and Nottinghamshire,70 : Activities of head offices; management consultancy activities,70,70,6700
2023,Derbyshire and Nottinghamshire,71 : Architectural and engineering activities; technical testing and analysis,71,71,1980
2023,Derbyshire and Nottinghamshire,72 : Scientific research and development,72,72,290
2023,Derbyshire and Nottinghamshire,73 : Advertising and market research,73,73,625
2023,Derbyshire and Nottinghamshire,"74 : Other professional, scientific and technical activities",74,74,1565
2023,Derbyshire and Nottinghamshire,75 : Veterinary activities,75,75,800
2023,Derbyshire and Nottinghamshire,77 : Rental and leasing activities,77,77,750
2023,Derbyshire and Nottinghamshire,78 : Employment activities,78,78,9880
2023,Derbyshire and Nottinghamshire,"79 : Travel agency, tour operator and other reservation service and related activities",79,79,675
2023,Derbyshire and Nottinghamshire,80 : Security and investigation activities,80,80,2885
2023,Derbyshire and Nottinghamshire,81 : Services to buildings and landscape activities,81,81,8460
2023,Derbyshire and Nottinghamshire,"82 : Office administrative, office support and other business support activities",82,82,3135
2023,Derbyshire and Nottinghamshire,84 : Public administration and defence; compulsory social security,84,84,9925
2023,Derbyshire and Nottinghamshire,85 : Education,85,85,39040
2023,Derbyshire and Nottinghamshire,86 : Human health activities,86,86,40600
2023,Derbyshire and Nottinghamshire,87 : Residential care activities,87,87,10600
2023,Derbyshire and Nottinghamshire,88 : Social work activities without accommodation,88,88,13500
2023,Derbyshire and Nottinghamshire,"90 : Creative, arts and entertainment activities",90,90,1000
2023,Derbyshire and Nottinghamshire,"91 : Libraries, archives, museums and other cultural activities",91,91,1840
2023,Derbyshire and Nottinghamshire,92 : Gambling and betting activities,92,92,900
2023,Derbyshire and Nottinghamshire,93 : Sports activities and amusement and recreation activities,93,93,12755
2023,Derbyshire and Nottinghamshire,94 : Activities of membership organisations,94,94,2265
2023,Derbyshire and Nottinghamshire,95 : Repair of computers and personal and household goods,95,95,60
2023,Derbyshire and Nottinghamshire,96 : Other personal service activities,96,96,2575
2023,Derbyshire and Nottinghamshire,97 : Activities of households as employers of domestic personnel,97,97,0
2023,Derbyshire and Nottinghamshire,98 : Undifferentiated goods- and services-producing activities of private households for own use,98,98,0
2023,Derbyshire and Nottinghamshire,99 : Activities of extraterritorial organisations and bodies,99,99,0
2023,Devon,"01 : Crop and animal production, hunting and related service activities",01,1,1805
2023,Devon,02 : Forestry and logging,02,2,60
2023,Devon,03 : Fishing and aquaculture,03,3,40
2023,Devon,05 : Mining of coal and lignite,05,5,0
2023,Devon,06 : Extraction of crude petroleum and natural gas,06,6,0
2023,Devon,07 : Mining of metal ores,07,7,0
2023,Devon,08 : Other mining and quarrying,08,8,5
2023,Devon,09 : Mining support service activities,09,9,0
2023,Devon,10 : Manufacture of food products,10,10,570
2023,Devon,11 : Manufacture of beverages,11,11,330
2023,Devon,12 : Manufacture of tobacco products,12,12,0
2023,Devon,13 : Manufacture of textiles,13,13,720
2023,Devon,14 : Manufacture of wearing apparel,14,14,5
2023,Devon,15 : Manufacture of leather and related products,15,15,10
2023,Devon,"16 : Manufacture of wood and of products of wood and cork, except furniture;manufacture of articles of straw and plaiting materials",16,16,200
2023,Devon,17 : Manufacture of paper and paper products,17,17,10
2023,Devon,18 : Printing and reproduction of recorded media,18,18,195
2023,Devon,19 : Manufacture of coke and refined petroleum products,19,19,0
2023,Devon,20 : Manufacture of chemicals and chemical products,20,20,40
2023,Devon,21 : Manufacture of basic pharmaceutical products and pharmaceutical preparations,21,21,100
2023,Devon,22 : Manufacture of rubber and plastic products,22,22,175
2023,Devon,23 : Manufacture of other non-metallic mineral products,23,23,30
2023,Devon,24 : Manufacture of basic metals,24,24,10
2023,Devon,"25 : Manufacture of fabricated metal products, except machinery and equipment",25,25,370
2023,Devon,"26 : Manufacture of computer, electronic and optical products",26,26,235
2023,Devon,27 : Manufacture of electrical equipment,27,27,165
2023,Devon,28 : Manufacture of machinery and equipment n.e.c.,28,28,150
2023,Devon,"29 : Manufacture of motor vehicles, trailers and semi-trailers",29,29,50
2023,Devon,30 : Manufacture of other transport equipment,30,30,470
2023,Devon,31 : Manufacture of furniture,31,31,85
2023,Devon,32 : Other manufacturing,32,32,195
2023,Devon,33 : Repair and installation of machinery and equipment,33,33,320
2023,Devon,"35 : Electricity, gas, steam and air conditioning supply",35,35,280
2023,Devon,"36 : Water collection, treatment and supply",36,36,200
2023,Devon,37 : Sewerage,37,37,10
2023,Devon,"38 : Waste collection, treatment and disposal activities; materials recovery",38,38,265
2023,Devon,"39 : Remediation activities and other waste management services. This division includes the provision of remediation services, i.e. the cleanup of contaminated buildings and sites, soil, surface or ground water.",39,39,0
2023,Devon,41 : Construction of buildings,41,41,1275
2023,Devon,42 : Civil engineering,42,42,290
2023,Devon,43 : Specialised construction activities,43,43,2185
2023,Devon,45 : Wholesale and retail trade and repair of motor vehicles and motorcycles,45,45,1700
2023,Devon,"46 : Wholesale trade, except of motor vehicles and motorcycles",46,46,2700
2023,Devon,"47 : Retail trade, except of motor vehicles and motorcycles",47,47,31980
2023,Devon,49 : Land transport and transport via pipelines,49,49,1450
2023,Devon,50 : Water transport,50,50,135
2023,Devon,51 : Air transport,51,51,10
2023,Devon,52 : Warehousing and support activities for transportation,52,52,595
2023,Devon,53 : Postal and courier activities,53,53,1135
2023,Devon,55 : Accommodation,55,55,7750
2023,Devon,56 : Food and beverage service activities,56,56,22600
2023,Devon,58 : Publishing activities,58,58,190
2023,Devon,"59 : Motion picture, video and television programme production, sound recording and music publishing activities",59,59,350
2023,Devon,60 : Programming and broadcasting activities,60,60,0
2023,Devon,61 : Telecommunications,61,61,450
2023,Devon,"62 : Computer programming, consultancy and related activities",62,62,1095
2023,Devon,63 : Information service activities,63,63,45
2023,Devon,"64 : Financial service activities, except insurance and pension funding",64,64,620
2023,Devon,"65 : Insurance, reinsurance and pension funding, except compulsory social security",65,65,30
2023,Devon,66 : Activities auxiliary to financial services and insurance activities,66,66,505
2023,Devon,68 : Real estate activities,68,68,2780
2023,Devon,69 : Legal and accounting activities,69,69,2275
2023,Devon,70 : Activities of head offices; management consultancy activities,70,70,1375
2023,Devon,71 : Architectural and engineering activities; technical testing and analysis,71,71,1770
2023,Devon,72 : Scientific research and development,72,72,110
2023,Devon,73 : Advertising and market research,73,73,330
2023,Devon,"74 : Other professional, scientific and technical activities",74,74,1070
2023,Devon,75 : Veterinary activities,75,75,1000
2023,Devon,77 : Rental and leasing activities,77,77,325
2023,Devon,78 : Employment activities,78,78,3425
2023,Devon,"79 : Travel agency, tour operator and other reservation service and related activities",79,79,200
2023,Devon,80 : Security and investigation activities,80,80,435
2023,Devon,81 : Services to buildings and landscape activities,81,81,5705
2023,Devon,"82 : Office administrative, office support and other business support activities",82,82,1515
2023,Devon,84 : Public administration and defence; compulsory social security,84,84,5675
2023,Devon,85 : Education,85,85,21500
2023,Devon,86 : Human health activities,86,86,22000
2023,Devon,87 : Residential care activities,87,87,7250
2023,Devon,88 : Social work activities without accommodation,88,88,7250
2023,Devon,"90 : Creative, arts and entertainment activities",90,90,430
2023,Devon,"91 : Libraries, archives, museums and other cultural activities",91,91,1010
2023,Devon,92 : Gambling and betting activities,92,92,400
2023,Devon,93 : Sports activities and amusement and recreation activities,93,93,5260
2023,Devon,94 : Activities of membership organisations,94,94,2345
2023,Devon,95 : Repair of computers and personal and household goods,95,95,60
2023,Devon,96 : Other personal service activities,96,96,1360
2023,Devon,97 : Activities of households as employers of domestic personnel,97,97,0
2023,Devon,98 : Undifferentiated goods- and services-producing activities of private households for own use,98,98,0
2023,Devon,99 : Activities of extraterritorial organisations and bodies,99,99,0
2023,Dorset and Somerset,"01 : Crop and animal production, hunting and related service activities",01,1,1580
2023,Dorset and Somerset,02 : Forestry and logging,02,2,20
2023,Dorset and Somerset,03 : Fishing and aquaculture,03,3,0
2023,Dorset and Somerset,05 : Mining of coal and lignite,05,5,0
2023,Dorset and Somerset,06 : Extraction of crude petroleum and natural gas,06,6,0
2023,Dorset and Somerset,07 : Mining of metal ores,07,7,0
2023,Dorset and Somerset,08 : Other mining and quarrying,08,8,5
2023,Dorset and Somerset,09 : Mining support service activities,09,9,0
2023,Dorset and Somerset,10 : Manufacture of food products,10,10,615
2023,Dorset and Somerset,11 : Manufacture of beverages,11,11,360
2023,Dorset and Somerset,12 : Manufacture of tobacco products,12,12,0
2023,Dorset and Somerset,13 : Manufacture of textiles,13,13,945
2023,Dorset and Somerset,14 : Manufacture of wearing apparel,14,14,10
2023,Dorset and Somerset,15 : Manufacture of leather and related products,15,15,45
2023,Dorset and Somerset,"16 : Manufacture of wood and of products of wood and cork, except furniture;manufacture of articles of straw and plaiting materials",16,16,330
2023,Dorset and Somerset,17 : Manufacture of paper and paper products,17,17,20
2023,Dorset and Somerset,18 : Printing and reproduction of recorded media,18,18,135
2023,Dorset and Somerset,19 : Manufacture of coke and refined petroleum products,19,19,0
2023,Dorset and Somerset,20 : Manufacture of chemicals and chemical products,20,20,125
2023,Dorset and Somerset,21 : Manufacture of basic pharmaceutical products and pharmaceutical preparations,21,21,35
2023,Dorset and Somerset,22 : Manufacture of rubber and plastic products,22,22,140
2023,Dorset and Somerset,23 : Manufacture of other non-metallic mineral products,23,23,30
2023,Dorset and Somerset,24 : Manufacture of basic metals,24,24,20
2023,Dorset and Somerset,"25 : Manufacture of fabricated metal products, except machinery and equipment",25,25,370
2023,Dorset and Somerset,"26 : Manufacture of computer, electronic and optical products",26,26,280
2023,Dorset and Somerset,27 : Manufacture of electrical equipment,27,27,435
2023,Dorset and Somerset,28 : Manufacture of machinery and equipment n.e.c.,28,28,225
2023,Dorset and Somerset,"29 : Manufacture of motor vehicles, trailers and semi-trailers",29,29,30
2023,Dorset and Somerset,30 : Manufacture of other transport equipment,30,30,370
2023,Dorset and Somerset,31 : Manufacture of furniture,31,31,85
2023,Dorset and Somerset,32 : Other manufacturing,32,32,110
2023,Dorset and Somerset,33 : Repair and installation of machinery and equipment,33,33,230
2023,Dorset and Somerset,"35 : Electricity, gas, steam and air conditioning supply",35,35,65
2023,Dorset and Somerset,"36 : Water collection, treatment and supply",36,36,20
2023,Dorset and Somerset,37 : Sewerage,37,37,15
2023,Dorset and Somerset,"38 : Waste collection, treatment and disposal activities; materials recovery",38,38,245
2023,Dorset and Somerset,"39 : Remediation activities and other waste management services. This division includes the provision of remediation services, i.e. the cleanup of contaminated buildings and sites, soil, surface or ground water.",39,39,0
2023,Dorset and Somerset,41 : Construction of buildings,41,41,1000
2023,Dorset and Somerset,42 : Civil engineering,42,42,215
2023,Dorset and Somerset,43 : Specialised construction activities,43,43,1570
2023,Dorset and Somerset,45 : Wholesale and retail trade and repair of motor vehicles and motorcycles,45,45,1430
2023,Dorset and Somerset,"46 : Wholesale trade, except of motor vehicles and motorcycles",46,46,2470
2023,Dorset and Somerset,"47 : Retail trade, except of motor vehicles and motorcycles",47,47,21730
2023,Dorset and Somerset,49 : Land transport and transport via pipelines,49,49,1375
2023,Dorset and Somerset,50 : Water transport,50,50,0
2023,Dorset and Somerset,51 : Air transport,51,51,0
2023,Dorset and Somerset,52 : Warehousing and support activities for transportation,52,52,440
2023,Dorset and Somerset,53 : Postal and courier activities,53,53,395
2023,Dorset and Somerset,55 : Accommodation,55,55,4035
2023,Dorset and Somerset,56 : Food and beverage service activities,56,56,14150
2023,Dorset and Somerset,58 : Publishing activities,58,58,135
2023,Dorset and Somerset,"59 : Motion picture, video and television programme production, sound recording and music publishing activities",59,59,170
2023,Dorset and Somerset,60 : Programming and broadcasting activities,60,60,0
2023,Dorset and Somerset,61 : Telecommunications,61,61,95
2023,Dorset and Somerset,"62 : Computer programming, consultancy and related activities",62,62,945
2023,Dorset and Somerset,63 : Information service activities,63,63,30
2023,Dorset and Somerset,"64 : Financial service activities, except insurance and pension funding",64,64,290
2023,Dorset and Somerset,"65 : Insurance, reinsurance and pension funding, except compulsory social security",65,65,0
2023,Dorset and Somerset,66 : Activities auxiliary to financial services and insurance activities,66,66,260
2023,Dorset and Somerset,68 : Real estate activities,68,68,2350
2023,Dorset and Somerset,69 : Legal and accounting activities,69,69,1855
2023,Dorset and Somerset,70 : Activities of head offices; management consultancy activities,70,70,1875
2023,Dorset and Somerset,71 : Architectural and engineering activities; technical testing and analysis,71,71,1365
2023,Dorset and Somerset,72 : Scientific research and development,72,72,35
2023,Dorset and Somerset,73 : Advertising and market research,73,73,135
2023,Dorset and Somerset,"74 : Other professional, scientific and technical activities",74,74,490
2023,Dorset and Somerset,75 : Veterinary activities,75,75,600
2023,Dorset and Somerset,77 : Rental and leasing activities,77,77,280
2023,Dorset and Somerset,78 : Employment activities,78,78,3780
2023,Dorset and Somerset,"79 : Travel agency, tour operator and other reservation service and related activities",79,79,110
2023,Dorset and Somerset,80 : Security and investigation activities,80,80,130
2023,Dorset and Somerset,81 : Services to buildings and landscape activities,81,81,4580
2023,Dorset and Somerset,"82 : Office administrative, office support and other business support activities",82,82,1515
2023,Dorset and Somerset,84 : Public administration and defence; compulsory social security,84,84,2530
2023,Dorset and Somerset,85 : Education,85,85,16565
2023,Dorset and Somerset,86 : Human health activities,86,86,10650
2023,Dorset and Somerset,87 : Residential care activities,87,87,4475
2023,Dorset and Somerset,88 : Social work activities without accommodation,88,88,4800
2023,Dorset and Somerset,"90 : Creative, arts and entertainment activities",90,90,240
2023,Dorset and Somerset,"91 : Libraries, archives, museums and other cultural activities",91,91,735
2023,Dorset and Somerset,92 : Gambling and betting activities,92,92,175
2023,Dorset and Somerset,93 : Sports activities and amusement and recreation activities,93,93,2900
2023,Dorset and Somerset,94 : Activities of membership organisations,94,94,1090
2023,Dorset and Somerset,95 : Repair of computers and personal and household goods,95,95,70
2023,Dorset and Somerset,96 : Other personal service activities,96,96,1250
2023,Dorset and Somerset,97 : Activities of households as employers of domestic personnel,97,97,0
2023,Dorset and Somerset,98 : Undifferentiated goods- and services-producing activities of private households for own use,98,98,0
2023,Dorset and Somerset,99 : Activities of extraterritorial organisations and bodies,99,99,0
2023,East Anglia,"01 : Crop and animal production, hunting and related service activities",01,1,2305
2023,East Anglia,02 : Forestry and logging,02,2,50
2023,East Anglia,03 : Fishing and aquaculture,03,3,15
2023,East Anglia,05 : Mining of coal and lignite,05,5,0
2023,East Anglia,06 : Extraction of crude petroleum and natural gas,06,6,10
2023,East Anglia,07 : Mining of metal ores,07,7,0
2023,East Anglia,08 : Other mining and quarrying,08,8,20
2023,East Anglia,09 : Mining support service activities,09,9,10
2023,East Anglia,10 : Manufacture of food products,10,10,3050
2023,East Anglia,11 : Manufacture of beverages,11,11,160
2023,East Anglia,12 : Manufacture of tobacco products,12,12,0
2023,East Anglia,13 : Manufacture of textiles,13,13,270
2023,East Anglia,14 : Manufacture of wearing apparel,14,14,20
2023,East Anglia,15 : Manufacture of leather and related products,15,15,45
2023,East Anglia,"16 : Manufacture of wood and of products of wood and cork, except furniture;manufacture of articles of straw and plaiting materials",16,16,255
2023,East Anglia,17 : Manufacture of paper and paper products,17,17,250
2023,East Anglia,18 : Printing and reproduction of recorded media,18,18,285
2023,East Anglia,19 : Manufacture of coke and refined petroleum products,19,19,0
2023,East Anglia,20 : Manufacture of chemicals and chemical products,20,20,755
2023,East Anglia,21 : Manufacture of basic pharmaceutical products and pharmaceutical preparations,21,21,85
2023,East Anglia,22 : Manufacture of rubber and plastic products,22,22,515
2023,East Anglia,23 : Manufacture of other non-metallic mineral products,23,23,540
2023,East Anglia,24 : Manufacture of basic metals,24,24,30
2023,East Anglia,"25 : Manufacture of fabricated metal products, except machinery and equipment",25,25,885
2023,East Anglia,"26 : Manufacture of computer, electronic and optical products",26,26,330
2023,East Anglia,27 : Manufacture of electrical equipment,27,27,350
2023,East Anglia,28 : Manufacture of machinery and equipment n.e.c.,28,28,940
2023,East Anglia,"29 : Manufacture of motor vehicles, trailers and semi-trailers",29,29,140
2023,East Anglia,30 : Manufacture of other transport equipment,30,30,190
2023,East Anglia,31 : Manufacture of furniture,31,31,185
2023,East Anglia,32 : Other manufacturing,32,32,280
2023,East Anglia,33 : Repair and installation of machinery and equipment,33,33,575
2023,East Anglia,"35 : Electricity, gas, steam and air conditioning supply",35,35,420
2023,East Anglia,"36 : Water collection, treatment and supply",36,36,200
2023,East Anglia,37 : Sewerage,37,37,35
2023,East Anglia,"38 : Waste collection, treatment and disposal activities; materials recovery",38,38,265
2023,East Anglia,"39 : Remediation activities and other waste management services. This division includes the provision of remediation services, i.e. the cleanup of contaminated buildings and sites, soil, surface or ground water.",39,39,45
2023,East Anglia,41 : Construction of buildings,41,41,2850
2023,East Anglia,42 : Civil engineering,42,42,710
2023,East Anglia,43 : Specialised construction activities,43,43,4240
2023,East Anglia,45 : Wholesale and retail trade and repair of motor vehicles and motorcycles,45,45,5050
2023,East Anglia,"46 : Wholesale trade, except of motor vehicles and motorcycles",46,46,5500
2023,East Anglia,"47 : Retail trade, except of motor vehicles and motorcycles",47,47,53895
2023,East Anglia,49 : Land transport and transport via pipelines,49,49,3930
2023,East Anglia,50 : Water transport,50,50,200
2023,East Anglia,51 : Air transport,51,51,20
2023,East Anglia,52 : Warehousing and support activities for transportation,52,52,2730
2023,East Anglia,53 : Postal and courier activities,53,53,2050
2023,East Anglia,55 : Accommodation,55,55,9105
2023,East Anglia,56 : Food and beverage service activities,56,56,39250
2023,East Anglia,58 : Publishing activities,58,58,345
2023,East Anglia,"59 : Motion picture, video and television programme production, sound recording and music publishing activities",59,59,800
2023,East Anglia,60 : Programming and broadcasting activities,60,60,40
2023,East Anglia,61 : Telecommunications,61,61,880
2023,East Anglia,"62 : Computer programming, consultancy and related activities",62,62,2880
2023,East Anglia,63 : Information service activities,63,63,430
2023,East Anglia,"64 : Financial service activities, except insurance and pension funding",64,64,1065
2023,East Anglia,"65 : Insurance, reinsurance and pension funding, except compulsory social security",65,65,975
2023,East Anglia,66 : Activities auxiliary to financial services and insurance activities,66,66,1880
2023,East Anglia,68 : Real estate activities,68,68,4575
2023,East Anglia,69 : Legal and accounting activities,69,69,4170
2023,East Anglia,70 : Activities of head offices; management consultancy activities,70,70,4850
2023,East Anglia,71 : Architectural and engineering activities; technical testing and analysis,71,71,3675
2023,East Anglia,72 : Scientific research and development,72,72,2500
2023,East Anglia,73 : Advertising and market research,73,73,595
2023,East Anglia,"74 : Other professional, scientific and technical activities",74,74,1285
2023,East Anglia,75 : Veterinary activities,75,75,1500
2023,East Anglia,77 : Rental and leasing activities,77,77,1120
2023,East Anglia,78 : Employment activities,78,78,11675
2023,East Anglia,"79 : Travel agency, tour operator and other reservation service and related activities",79,79,495
2023,East Anglia,80 : Security and investigation activities,80,80,900
2023,East Anglia,81 : Services to buildings and landscape activities,81,81,9230
2023,East Anglia,"82 : Office administrative, office support and other business support activities",82,82,3700
2023,East Anglia,84 : Public administration and defence; compulsory social security,84,84,10675
2023,East Anglia,85 : Education,85,85,48400
2023,East Anglia,86 : Human health activities,86,86,38650
2023,East Anglia,87 : Residential care activities,87,87,12300
2023,East Anglia,88 : Social work activities without accommodation,88,88,12000
2023,East Anglia,"90 : Creative, arts and entertainment activities",90,90,1725
2023,East Anglia,"91 : Libraries, archives, museums and other cultural activities",91,91,1790
2023,East Anglia,92 : Gambling and betting activities,92,92,800
2023,East Anglia,93 : Sports activities and amusement and recreation activities,93,93,10275
2023,East Anglia,94 : Activities of membership organisations,94,94,3255
2023,East Anglia,95 : Repair of computers and personal and household goods,95,95,115
2023,East Anglia,96 : Other personal service activities,96,96,4000
2023,East Anglia,97 : Activities of households as employers of domestic personnel,97,97,0
2023,East Anglia,98 : Undifferentiated goods- and services-producing activities of private households for own use,98,98,0
2023,East Anglia,99 : Activities of extraterritorial organisations and bodies,99,99,0
2023,East Wales,"01 : Crop and animal production, hunting and related service activities",01,1,1045
2023,East Wales,02 : Forestry and logging,02,2,80
2023,East Wales,03 : Fishing and aquaculture,03,3,0
2023,East Wales,05 : Mining of coal and lignite,05,5,0
2023,East Wales,06 : Extraction of crude petroleum and natural gas,06,6,0
2023,East Wales,07 : Mining of metal ores,07,7,0
2023,East Wales,08 : Other mining and quarrying,08,8,10
2023,East Wales,09 : Mining support service activities,09,9,0
2023,East Wales,10 : Manufacture of food products,10,10,1160
2023,East Wales,11 : Manufacture of beverages,11,11,140
2023,East Wales,12 : Manufacture of tobacco products,12,12,0
2023,East Wales,13 : Manufacture of textiles,13,13,95
2023,East Wales,14 : Manufacture of wearing apparel,14,14,30
2023,East Wales,15 : Manufacture of leather and related products,15,15,15
2023,East Wales,"16 : Manufacture of wood and of products of wood and cork, except furniture;manufacture of articles of straw and plaiting materials",16,16,380
2023,East Wales,17 : Manufacture of paper and paper products,17,17,75
2023,East Wales,18 : Printing and reproduction of recorded media,18,18,20
2023,East Wales,19 : Manufacture of coke and refined petroleum products,19,19,0
2023,East Wales,20 : Manufacture of chemicals and chemical products,20,20,120
2023,East Wales,21 : Manufacture of basic pharmaceutical products and pharmaceutical preparations,21,21,80
2023,East Wales,22 : Manufacture of rubber and plastic products,22,22,85
2023,East Wales,23 : Manufacture of other non-metallic mineral products,23,23,185
2023,East Wales,24 : Manufacture of basic metals,24,24,115
2023,East Wales,"25 : Manufacture of fabricated metal products, except machinery and equipment",25,25,650
2023,East Wales,"26 : Manufacture of computer, electronic and optical products",26,26,260
2023,East Wales,27 : Manufacture of electrical equipment,27,27,170
2023,East Wales,28 : Manufacture of machinery and equipment n.e.c.,28,28,130
2023,East Wales,"29 : Manufacture of motor vehicles, trailers and semi-trailers",29,29,125
2023,East Wales,30 : Manufacture of other transport equipment,30,30,60
2023,East Wales,31 : Manufacture of furniture,31,31,170
2023,East Wales,32 : Other manufacturing,32,32,265
2023,East Wales,33 : Repair and installation of machinery and equipment,33,33,510
2023,East Wales,"35 : Electricity, gas, steam and air conditioning supply",35,35,695
2023,East Wales,"36 : Water collection, treatment and supply",36,36,175
2023,East Wales,37 : Sewerage,37,37,15
2023,East Wales,"38 : Waste collection, treatment and disposal activities; materials recovery",38,38,35
2023,East Wales,"39 : Remediation activities and other waste management services. This division includes the provision of remediation services, i.e. the cleanup of contaminated buildings and sites, soil, surface or ground water.",39,39,10
2023,East Wales,41 : Construction of buildings,41,41,1225
2023,East Wales,42 : Civil engineering,42,42,365
2023,East Wales,43 : Specialised construction activities,43,43,1230
2023,East Wales,45 : Wholesale and retail trade and repair of motor vehicles and motorcycles,45,45,1200
2023,East Wales,"46 : Wholesale trade, except of motor vehicles and motorcycles",46,46,2455
2023,East Wales,"47 : Retail trade, except of motor vehicles and motorcycles",47,47,29210
2023,East Wales,49 : Land transport and transport via pipelines,49,49,1430
2023,East Wales,50 : Water transport,50,50,5
2023,East Wales,51 : Air transport,51,51,30
2023,East Wales,52 : Warehousing and support activities for transportation,52,52,795
2023,East Wales,53 : Postal and courier activities,53,53,725
2023,East Wales,55 : Accommodation,55,55,4300
2023,East Wales,56 : Food and beverage service activities,56,56,24500
2023,East Wales,58 : Publishing activities,58,58,80
2023,East Wales,"59 : Motion picture, video and television programme production, sound recording and music publishing activities",59,59,720
2023,East Wales,60 : Programming and broadcasting activities,60,60,150
2023,East Wales,61 : Telecommunications,61,61,375
2023,East Wales,"62 : Computer programming, consultancy and related activities",62,62,870
2023,East Wales,63 : Information service activities,63,63,200
2023,East Wales,"64 : Financial service activities, except insurance and pension funding",64,64,1240
2023,East Wales,"65 : Insurance, reinsurance and pension funding, except compulsory social security",65,65,350
2023,East Wales,66 : Activities auxiliary to financial services and insurance activities,66,66,1210
2023,East Wales,68 : Real estate activities,68,68,1860
2023,East Wales,69 : Legal and accounting activities,69,69,2375
2023,East Wales,70 : Activities of head offices; management consultancy activities,70,70,1900
2023,East Wales,71 : Architectural and engineering activities; technical testing and analysis,71,71,875
2023,East Wales,72 : Scientific research and development,72,72,225
2023,East Wales,73 : Advertising and market research,73,73,415
2023,East Wales,"74 : Other professional, scientific and technical activities",74,74,280
2023,East Wales,75 : Veterinary activities,75,75,600
2023,East Wales,77 : Rental and leasing activities,77,77,350
2023,East Wales,78 : Employment activities,78,78,6255
2023,East Wales,"79 : Travel agency, tour operator and other reservation service and related activities",79,79,285
2023,East Wales,80 : Security and investigation activities,80,80,1060
2023,East Wales,81 : Services to buildings and landscape activities,81,81,4360
2023,East Wales,"82 : Office administrative, office support and other business support activities",82,82,1840
2023,East Wales,84 : Public administration and defence; compulsory social security,84,84,9375
2023,East Wales,85 : Education,85,85,18870
2023,East Wales,86 : Human health activities,86,86,17900
2023,East Wales,87 : Residential care activities,87,87,7500
2023,East Wales,88 : Social work activities without accommodation,88,88,8500
2023,East Wales,"90 : Creative, arts and entertainment activities",90,90,600
2023,East Wales,"91 : Libraries, archives, museums and other cultural activities",91,91,810
2023,East Wales,92 : Gambling and betting activities,92,92,500
2023,East Wales,93 : Sports activities and amusement and recreation activities,93,93,5085
2023,East Wales,94 : Activities of membership organisations,94,94,2390
2023,East Wales,95 : Repair of computers and personal and household goods,95,95,95
2023,East Wales,96 : Other personal service activities,96,96,1775
2023,East Wales,97 : Activities of households as employers of domestic personnel,97,97,0
2023,East Wales,98 : Undifferentiated goods- and services-producing activities of private households for own use,98,98,0
2023,East Wales,99 : Activities of extraterritorial organisations and bodies,99,99,0
2023,East Yorkshire and Northern Lincolnshire,"01 : Crop and animal production, hunting and related service activities",01,1,580
2023,East Yorkshire and Northern Lincolnshire,02 : Forestry and logging,02,2,15
2023,East Yorkshire and Northern Lincolnshire,03 : Fishing and aquaculture,03,3,40
2023,East Yorkshire and Northern Lincolnshire,05 : Mining of coal and lignite,05,5,0
2023,East Yorkshire and Northern Lincolnshire,06 : Extraction of crude petroleum and natural gas,06,6,0
2023,East Yorkshire and Northern Lincolnshire,07 : Mining of metal ores,07,7,0
2023,East Yorkshire and Northern Lincolnshire,08 : Other mining and quarrying,08,8,15
2023,East Yorkshire and Northern Lincolnshire,09 : Mining support service activities,09,9,0
2023,East Yorkshire and Northern Lincolnshire,10 : Manufacture of food products,10,10,1810
2023,East Yorkshire and Northern Lincolnshire,11 : Manufacture of beverages,11,11,10
2023,East Yorkshire and Northern Lincolnshire,12 : Manufacture of tobacco products,12,12,0
2023,East Yorkshire and Northern Lincolnshire,13 : Manufacture of textiles,13,13,30
2023,East Yorkshire and Northern Lincolnshire,14 : Manufacture of wearing apparel,14,14,15
2023,East Yorkshire and Northern Lincolnshire,15 : Manufacture of leather and related products,15,15,10
2023,East Yorkshire and Northern Lincolnshire,"16 : Manufacture of wood and of products of wood and cork, except furniture;manufacture of articles of straw and plaiting materials",16,16,100
2023,East Yorkshire and Northern Lincolnshire,17 : Manufacture of paper and paper products,17,17,50
2023,East Yorkshire and Northern Lincolnshire,18 : Printing and reproduction of recorded media,18,18,150
2023,East Yorkshire and Northern Lincolnshire,19 : Manufacture of coke and refined petroleum products,19,19,20
2023,East Yorkshire and Northern Lincolnshire,20 : Manufacture of chemicals and chemical products,20,20,105
2023,East Yorkshire and Northern Lincolnshire,21 : Manufacture of basic pharmaceutical products and pharmaceutical preparations,21,21,30
2023,East Yorkshire and Northern Lincolnshire,22 : Manufacture of rubber and plastic products,22,22,360
2023,East Yorkshire and Northern Lincolnshire,23 : Manufacture of other non-metallic mineral products,23,23,95
2023,East Yorkshire and Northern Lincolnshire,24 : Manufacture of basic metals,24,24,100
2023,East Yorkshire and Northern Lincolnshire,"25 : Manufacture of fabricated metal products, except machinery and equipment",25,25,495
2023,East Yorkshire and Northern Lincolnshire,"26 : Manufacture of computer, electronic and optical products",26,26,25
2023,East Yorkshire and Northern Lincolnshire,27 : Manufacture of electrical equipment,27,27,75
2023,East Yorkshire and Northern Lincolnshire,28 : Manufacture of machinery and equipment n.e.c.,28,28,170
2023,East Yorkshire and Northern Lincolnshire,"29 : Manufacture of motor vehicles, trailers and semi-trailers",29,29,45
2023,East Yorkshire and Northern Lincolnshire,30 : Manufacture of other transport equipment,30,30,40
2023,East Yorkshire and Northern Lincolnshire,31 : Manufacture of furniture,31,31,175
2023,East Yorkshire and Northern Lincolnshire,32 : Other manufacturing,32,32,65
2023,East Yorkshire and Northern Lincolnshire,33 : Repair and installation of machinery and equipment,33,33,135
2023,East Yorkshire and Northern Lincolnshire,"35 : Electricity, gas, steam and air conditioning supply",35,35,60
2023,East Yorkshire and Northern Lincolnshire,"36 : Water collection, treatment and supply",36,36,10
2023,East Yorkshire and Northern Lincolnshire,37 : Sewerage,37,37,5
2023,East Yorkshire and Northern Lincolnshire,"38 : Waste collection, treatment and disposal activities; materials recovery",38,38,460
2023,East Yorkshire and Northern Lincolnshire,"39 : Remediation activities and other waste management services. This division includes the provision of remediation services, i.e. the cleanup of contaminated buildings and sites, soil, surface or ground water.",39,39,15
2023,East Yorkshire and Northern Lincolnshire,41 : Construction of buildings,41,41,1775
2023,East Yorkshire and Northern Lincolnshire,42 : Civil engineering,42,42,410
2023,East Yorkshire and Northern Lincolnshire,43 : Specialised construction activities,43,43,1905
2023,East Yorkshire and Northern Lincolnshire,45 : Wholesale and retail trade and repair of motor vehicles and motorcycles,45,45,1510
2023,East Yorkshire and Northern Lincolnshire,"46 : Wholesale trade, except of motor vehicles and motorcycles",46,46,2045
2023,East Yorkshire and Northern Lincolnshire,"47 : Retail trade, except of motor vehicles and motorcycles",47,47,22305
2023,East Yorkshire and Northern Lincolnshire,49 : Land transport and transport via pipelines,49,49,1915
2023,East Yorkshire and Northern Lincolnshire,50 : Water transport,50,50,25
2023,East Yorkshire and Northern Lincolnshire,51 : Air transport,51,51,0
2023,East Yorkshire and Northern Lincolnshire,52 : Warehousing and support activities for transportation,52,52,1385
2023,East Yorkshire and Northern Lincolnshire,53 : Postal and courier activities,53,53,455
2023,East Yorkshire and Northern Lincolnshire,55 : Accommodation,55,55,3175
2023,East Yorkshire and Northern Lincolnshire,56 : Food and beverage service activities,56,56,15200
2023,East Yorkshire and Northern Lincolnshire,58 : Publishing activities,58,58,45
2023,East Yorkshire and Northern Lincolnshire,"59 : Motion picture, video and television programme production, sound recording and music publishing activities",59,59,185
2023,East Yorkshire and Northern Lincolnshire,60 : Programming and broadcasting activities,60,60,20
2023,East Yorkshire and Northern Lincolnshire,61 : Telecommunications,61,61,180
2023,East Yorkshire and Northern Lincolnshire,"62 : Computer programming, consultancy and related activities",62,62,510
2023,East Yorkshire and Northern Lincolnshire,63 : Information service activities,63,63,220
2023,East Yorkshire and Northern Lincolnshire,"64 : Financial service activities, except insurance and pension funding",64,64,640
2023,East Yorkshire and Northern Lincolnshire,"65 : Insurance, reinsurance and pension funding, except compulsory social security",65,65,0
2023,East Yorkshire and Northern Lincolnshire,66 : Activities auxiliary to financial services and insurance activities,66,66,420
2023,East Yorkshire and Northern Lincolnshire,68 : Real estate activities,68,68,1325
2023,East Yorkshire and Northern Lincolnshire,69 : Legal and accounting activities,69,69,1490
2023,East Yorkshire and Northern Lincolnshire,70 : Activities of head offices; management consultancy activities,70,70,1140
2023,East Yorkshire and Northern Lincolnshire,71 : Architectural and engineering activities; technical testing and analysis,71,71,920
2023,East Yorkshire and Northern Lincolnshire,72 : Scientific research and development,72,72,5
2023,East Yorkshire and Northern Lincolnshire,73 : Advertising and market research,73,73,240
2023,East Yorkshire and Northern Lincolnshire,"74 : Other professional, scientific and technical activities",74,74,290
2023,East Yorkshire and Northern Lincolnshire,75 : Veterinary activities,75,75,250
2023,East Yorkshire and Northern Lincolnshire,77 : Rental and leasing activities,77,77,270
2023,East Yorkshire and Northern Lincolnshire,78 : Employment activities,78,78,3315
2023,East Yorkshire and Northern Lincolnshire,"79 : Travel agency, tour operator and other reservation service and related activities",79,79,185
2023,East Yorkshire and Northern Lincolnshire,80 : Security and investigation activities,80,80,435
2023,East Yorkshire and Northern Lincolnshire,81 : Services to buildings and landscape activities,81,81,3515
2023,East Yorkshire and Northern Lincolnshire,"82 : Office administrative, office support and other business support activities",82,82,900
2023,East Yorkshire and Northern Lincolnshire,84 : Public administration and defence; compulsory social security,84,84,4710
2023,East Yorkshire and Northern Lincolnshire,85 : Education,85,85,14455
2023,East Yorkshire and Northern Lincolnshire,86 : Human health activities,86,86,14225
2023,East Yorkshire and Northern Lincolnshire,87 : Residential care activities,87,87,5250
2023,East Yorkshire and Northern Lincolnshire,88 : Social work activities without accommodation,88,88,5400
2023,East Yorkshire and Northern Lincolnshire,"90 : Creative, arts and entertainment activities",90,90,220
2023,East Yorkshire and Northern Lincolnshire,"91 : Libraries, archives, museums and other cultural activities",91,91,555
2023,East Yorkshire and Northern Lincolnshire,92 : Gambling and betting activities,92,92,700
2023,East Yorkshire and Northern Lincolnshire,93 : Sports activities and amusement and recreation activities,93,93,3405
2023,East Yorkshire and Northern Lincolnshire,94 : Activities of membership organisations,94,94,910
2023,East Yorkshire and Northern Lincolnshire,95 : Repair of computers and personal and household goods,95,95,60
2023,East Yorkshire and Northern Lincolnshire,96 : Other personal service activities,96,96,1635
2023,East Yorkshire and Northern Lincolnshire,97 : Activities of households as employers of domestic personnel,97,97,0
2023,East Yorkshire and Northern Lincolnshire,98 : Undifferentiated goods- and services-producing activities of private households for own use,98,98,0
2023,East Yorkshire and Northern Lincolnshire,99 : Activities of extraterritorial organisations and bodies,99,99,0
2023,Eastern Scotland,"01 : Crop and animal production, hunting and related service activities",01,1,6500
2023,Eastern Scotland,02 : Forestry and logging,02,2,750
2023,Eastern Scotland,03 : Fishing and aquaculture,03,3,295
2023,Eastern Scotland,05 : Mining of coal and lignite,05,5,0
2023,Eastern Scotland,06 : Extraction of crude petroleum and natural gas,06,6,0
2023,Eastern Scotland,07 : Mining of metal ores,07,7,0
2023,Eastern Scotland,08 : Other mining and quarrying,08,8,0
2023,Eastern Scotland,09 : Mining support service activities,09,9,10
2023,Eastern Scotland,10 : Manufacture of food products,10,10,1300
2023,Eastern Scotland,11 : Manufacture of beverages,11,11,510
2023,Eastern Scotland,12 : Manufacture of tobacco products,12,12,0
2023,Eastern Scotland,13 : Manufacture of textiles,13,13,100
2023,Eastern Scotland,14 : Manufacture of wearing apparel,14,14,40
2023,Eastern Scotland,15 : Manufacture of leather and related products,15,15,50
2023,Eastern Scotland,"16 : Manufacture of wood and of products of wood and cork, except furniture;manufacture of articles of straw and plaiting materials",16,16,140
2023,Eastern Scotland,17 : Manufacture of paper and paper products,17,17,40
2023,Eastern Scotland,18 : Printing and reproduction of recorded media,18,18,130
2023,Eastern Scotland,19 : Manufacture of coke and refined petroleum products,19,19,50
2023,Eastern Scotland,20 : Manufacture of chemicals and chemical products,20,20,145
2023,Eastern Scotland,21 : Manufacture of basic pharmaceutical products and pharmaceutical preparations,21,21,85
2023,Eastern Scotland,22 : Manufacture of rubber and plastic products,22,22,80
2023,Eastern Scotland,23 : Manufacture of other non-metallic mineral products,23,23,40
2023,Eastern Scotland,24 : Manufacture of basic metals,24,24,55
2023,Eastern Scotland,"25 : Manufacture of fabricated metal products, except machinery and equipment",25,25,265
2023,Eastern Scotland,"26 : Manufacture of computer, electronic and optical products",26,26,315
2023,Eastern Scotland,27 : Manufacture of electrical equipment,27,27,50
2023,Eastern Scotland,28 : Manufacture of machinery and equipment n.e.c.,28,28,305
2023,Eastern Scotland,"29 : Manufacture of motor vehicles, trailers and semi-trailers",29,29,95
2023,Eastern Scotland,30 : Manufacture of other transport equipment,30,30,430
2023,Eastern Scotland,31 : Manufacture of furniture,31,31,85
2023,Eastern Scotland,32 : Other manufacturing,32,32,250
2023,Eastern Scotland,33 : Repair and installation of machinery and equipment,33,33,320
2023,Eastern Scotland,"35 : Electricity, gas, steam and air conditioning supply",35,35,280
2023,Eastern Scotland,"36 : Water collection, treatment and supply",36,36,250
2023,Eastern Scotland,37 : Sewerage,37,37,20
2023,Eastern Scotland,"38 : Waste collection, treatment and disposal activities; materials recovery",38,38,365
2023,Eastern Scotland,"39 : Remediation activities and other waste management services. This division includes the provision of remediation services, i.e. the cleanup of contaminated buildings and sites, soil, surface or ground water.",39,39,10
2023,Eastern Scotland,41 : Construction of buildings,41,41,2250
2023,Eastern Scotland,42 : Civil engineering,42,42,440
2023,Eastern Scotland,43 : Specialised construction activities,43,43,2490
2023,Eastern Scotland,45 : Wholesale and retail trade and repair of motor vehicles and motorcycles,45,45,2215
2023,Eastern Scotland,"46 : Wholesale trade, except of motor vehicles and motorcycles",46,46,4300
2023,Eastern Scotland,"47 : Retail trade, except of motor vehicles and motorcycles",47,47,50080
2023,Eastern Scotland,49 : Land transport and transport via pipelines,49,49,2570
2023,Eastern Scotland,50 : Water transport,50,50,10
2023,Eastern Scotland,51 : Air transport,51,51,175
2023,Eastern Scotland,52 : Warehousing and support activities for transportation,52,52,2725
2023,Eastern Scotland,53 : Postal and courier activities,53,53,1075
2023,Eastern Scotland,55 : Accommodation,55,55,11415
2023,Eastern Scotland,56 : Food and beverage service activities,56,56,36000
2023,Eastern Scotland,58 : Publishing activities,58,58,360
2023,Eastern Scotland,"59 : Motion picture, video and television programme production, sound recording and music publishing activities",59,59,725
2023,Eastern Scotland,60 : Programming and broadcasting activities,60,60,45
2023,Eastern Scotland,61 : Telecommunications,61,61,1550
2023,Eastern Scotland,"62 : Computer programming, consultancy and related activities",62,62,2095
2023,Eastern Scotland,63 : Information service activities,63,63,575
2023,Eastern Scotland,"64 : Financial service activities, except insurance and pension funding",64,64,3285
2023,Eastern Scotland,"65 : Insurance, reinsurance and pension funding, except compulsory social security",65,65,480
2023,Eastern Scotland,66 : Activities auxiliary to financial services and insurance activities,66,66,2015
2023,Eastern Scotland,68 : Real estate activities,68,68,4425
2023,Eastern Scotland,69 : Legal and accounting activities,69,69,3425
2023,Eastern Scotland,70 : Activities of head offices; management consultancy activities,70,70,4100
2023,Eastern Scotland,71 : Architectural and engineering activities; technical testing and analysis,71,71,2000
2023,Eastern Scotland,72 : Scientific research and development,72,72,930
2023,Eastern Scotland,73 : Advertising and market research,73,73,330
2023,Eastern Scotland,"74 : Other professional, scientific and technical activities",74,74,1290
2023,Eastern Scotland,75 : Veterinary activities,75,75,1000
2023,Eastern Scotland,77 : Rental and leasing activities,77,77,275
2023,Eastern Scotland,78 : Employment activities,78,78,6365
2023,Eastern Scotland,"79 : Travel agency, tour operator and other reservation service and related activities",79,79,660
2023,Eastern Scotland,80 : Security and investigation activities,80,80,530
2023,Eastern Scotland,81 : Services to buildings and landscape activities,81,81,5890
2023,Eastern Scotland,"82 : Office administrative, office support and other business support activities",82,82,3145
2023,Eastern Scotland,84 : Public administration and defence; compulsory social security,84,84,10775
2023,Eastern Scotland,85 : Education,85,85,36130
2023,Eastern Scotland,86 : Human health activities,86,86,39675
2023,Eastern Scotland,87 : Residential care activities,87,87,10900
2023,Eastern Scotland,88 : Social work activities without accommodation,88,88,17000
2023,Eastern Scotland,"90 : Creative, arts and entertainment activities",90,90,2100
2023,Eastern Scotland,"91 : Libraries, archives, museums and other cultural activities",91,91,2400
2023,Eastern Scotland,92 : Gambling and betting activities,92,92,1250
2023,Eastern Scotland,93 : Sports activities and amusement and recreation activities,93,93,7525
2023,Eastern Scotland,94 : Activities of membership organisations,94,94,3390
2023,Eastern Scotland,95 : Repair of computers and personal and household goods,95,95,220
2023,Eastern Scotland,96 : Other personal service activities,96,96,3225
2023,Eastern Scotland,97 : Activities of households as employers of domestic personnel,97,97,0
2023,Eastern Scotland,98 : Undifferentiated goods- and services-producing activities of private households for own use,98,98,0
2023,Eastern Scotland,99 : Activities of extraterritorial organisations and bodies,99,99,0
2023,Essex,"01 : Crop and animal production, hunting and related service activities",01,1,655
2023,Essex,02 : Forestry and logging,02,2,25
2023,Essex,03 : Fishing and aquaculture,03,3,15
2023,Essex,05 : Mining of coal and lignite,05,5,0
2023,Essex,06 : Extraction of crude petroleum and natural gas,06,6,0
2023,Essex,07 : Mining of metal ores,07,7,0
2023,Essex,08 : Other mining and quarrying,08,8,25
2023,Essex,09 : Mining support service activities,09,9,0
2023,Essex,10 : Manufacture of food products,10,10,1365
2023,Essex,11 : Manufacture of beverages,11,11,5
2023,Essex,12 : Manufacture of tobacco products,12,12,0
2023,Essex,13 : Manufacture of textiles,13,13,165
2023,Essex,14 : Manufacture of wearing apparel,14,14,10
2023,Essex,15 : Manufacture of leather and related products,15,15,15
2023,Essex,"16 : Manufacture of wood and of products of wood and cork, except furniture;manufacture of articles of straw and plaiting materials",16,16,195
2023,Essex,17 : Manufacture of paper and paper products,17,17,55
2023,Essex,18 : Printing and reproduction of recorded media,18,18,190
2023,Essex,19 : Manufacture of coke and refined petroleum products,19,19,10
2023,Essex,20 : Manufacture of chemicals and chemical products,20,20,150
2023,Essex,21 : Manufacture of basic pharmaceutical products and pharmaceutical preparations,21,21,10
2023,Essex,22 : Manufacture of rubber and plastic products,22,22,385
2023,Essex,23 : Manufacture of other non-metallic mineral products,23,23,420
2023,Essex,24 : Manufacture of basic metals,24,24,35
2023,Essex,"25 : Manufacture of fabricated metal products, except machinery and equipment",25,25,650
2023,Essex,"26 : Manufacture of computer, electronic and optical products",26,26,230
2023,Essex,27 : Manufacture of electrical equipment,27,27,385
2023,Essex,28 : Manufacture of machinery and equipment n.e.c.,28,28,270
2023,Essex,"29 : Manufacture of motor vehicles, trailers and semi-trailers",29,29,190
2023,Essex,30 : Manufacture of other transport equipment,30,30,65
2023,Essex,31 : Manufacture of furniture,31,31,135
2023,Essex,32 : Other manufacturing,32,32,150
2023,Essex,33 : Repair and installation of machinery and equipment,33,33,455
2023,Essex,"35 : Electricity, gas, steam and air conditioning supply",35,35,40
2023,Essex,"36 : Water collection, treatment and supply",36,36,200
2023,Essex,37 : Sewerage,37,37,25
2023,Essex,"38 : Waste collection, treatment and disposal activities; materials recovery",38,38,185
2023,Essex,"39 : Remediation activities and other waste management services. This division includes the provision of remediation services, i.e. the cleanup of contaminated buildings and sites, soil, surface or ground water.",39,39,75
2023,Essex,41 : Construction of buildings,41,41,3100
2023,Essex,42 : Civil engineering,42,42,385
2023,Essex,43 : Specialised construction activities,43,43,4620
2023,Essex,45 : Wholesale and retail trade and repair of motor vehicles and motorcycles,45,45,3675
2023,Essex,"46 : Wholesale trade, except of motor vehicles and motorcycles",46,46,4760
2023,Essex,"47 : Retail trade, except of motor vehicles and motorcycles",47,47,44880
2023,Essex,49 : Land transport and transport via pipelines,49,49,5945
2023,Essex,50 : Water transport,50,50,215
2023,Essex,51 : Air transport,51,51,230
2023,Essex,52 : Warehousing and support activities for transportation,52,52,3090
2023,Essex,53 : Postal and courier activities,53,53,1775
2023,Essex,55 : Accommodation,55,55,4215
2023,Essex,56 : Food and beverage service activities,56,56,31000
2023,Essex,58 : Publishing activities,58,58,430
2023,Essex,"59 : Motion picture, video and television programme production, sound recording and music publishing activities",59,59,615
2023,Essex,60 : Programming and broadcasting activities,60,60,0
2023,Essex,61 : Telecommunications,61,61,705
2023,Essex,"62 : Computer programming, consultancy and related activities",62,62,1680
2023,Essex,63 : Information service activities,63,63,195
2023,Essex,"64 : Financial service activities, except insurance and pension funding",64,64,935
2023,Essex,"65 : Insurance, reinsurance and pension funding, except compulsory social security",65,65,275
2023,Essex,66 : Activities auxiliary to financial services and insurance activities,66,66,1530
2023,Essex,68 : Real estate activities,68,68,3800
2023,Essex,69 : Legal and accounting activities,69,69,2915
2023,Essex,70 : Activities of head offices; management consultancy activities,70,70,4500
2023,Essex,71 : Architectural and engineering activities; technical testing and analysis,71,71,2200
2023,Essex,72 : Scientific research and development,72,72,1000
2023,Essex,73 : Advertising and market research,73,73,365
2023,Essex,"74 : Other professional, scientific and technical activities",74,74,1085
2023,Essex,75 : Veterinary activities,75,75,700
2023,Essex,77 : Rental and leasing activities,77,77,590
2023,Essex,78 : Employment activities,78,78,9355
2023,Essex,"79 : Travel agency, tour operator and other reservation service and related activities",79,79,510
2023,Essex,80 : Security and investigation activities,80,80,2440
2023,Essex,81 : Services to buildings and landscape activities,81,81,10705
2023,Essex,"82 : Office administrative, office support and other business support activities",82,82,2085
2023,Essex,84 : Public administration and defence; compulsory social security,84,84,7050
2023,Essex,85 : Education,85,85,29055
2023,Essex,86 : Human health activities,86,86,20300
2023,Essex,87 : Residential care activities,87,87,7425
2023,Essex,88 : Social work activities without accommodation,88,88,9000
2023,Essex,"90 : Creative, arts and entertainment activities",90,90,600
2023,Essex,"91 : Libraries, archives, museums and other cultural activities",91,91,775
2023,Essex,92 : Gambling and betting activities,92,92,700
2023,Essex,93 : Sports activities and amusement and recreation activities,93,93,9110
2023,Essex,94 : Activities of membership organisations,94,94,1605
2023,Essex,95 : Repair of computers and personal and household goods,95,95,140
2023,Essex,96 : Other personal service activities,96,96,3650
2023,Essex,97 : Activities of households as employers of domestic personnel,97,97,0
2023,Essex,98 : Undifferentiated goods- and services-producing activities of private households for own use,98,98,0
2023,Essex,99 : Activities of extraterritorial organisations and bodies,99,99,0
2023,"Gloucestershire, Wiltshire and Bath/Bristol area","01 : Crop and animal production, hunting and related service activities",01,1,1620
2023,"Gloucestershire, Wiltshire and Bath/Bristol area",02 : Forestry and logging,02,2,100
2023,"Gloucestershire, Wiltshire and Bath/Bristol area",03 : Fishing and aquaculture,03,3,10
2023,"Gloucestershire, Wiltshire and Bath/Bristol area",05 : Mining of coal and lignite,05,5,0
2023,"Gloucestershire, Wiltshire and Bath/Bristol area",06 : Extraction of crude petroleum and natural gas,06,6,0
2023,"Gloucestershire, Wiltshire and Bath/Bristol area",07 : Mining of metal ores,07,7,0
2023,"Gloucestershire, Wiltshire and Bath/Bristol area",08 : Other mining and quarrying,08,8,0
2023,"Gloucestershire, Wiltshire and Bath/Bristol area",09 : Mining support service activities,09,9,0
2023,"Gloucestershire, Wiltshire and Bath/Bristol area",10 : Manufacture of food products,10,10,980
2023,"Gloucestershire, Wiltshire and Bath/Bristol area",11 : Manufacture of beverages,11,11,1065
2023,"Gloucestershire, Wiltshire and Bath/Bristol area",12 : Manufacture of tobacco products,12,12,0
2023,"Gloucestershire, Wiltshire and Bath/Bristol area",13 : Manufacture of textiles,13,13,790
2023,"Gloucestershire, Wiltshire and Bath/Bristol area",14 : Manufacture of wearing apparel,14,14,30
2023,"Gloucestershire, Wiltshire and Bath/Bristol area",15 : Manufacture of leather and related products,15,15,20
2023,"Gloucestershire, Wiltshire and Bath/Bristol area","16 : Manufacture of wood and of products of wood and cork, except furniture;manufacture of articles of straw and plaiting materials",16,16,395
2023,"Gloucestershire, Wiltshire and Bath/Bristol area",17 : Manufacture of paper and paper products,17,17,230
2023,"Gloucestershire, Wiltshire and Bath/Bristol area",18 : Printing and reproduction of recorded media,18,18,610
2023,"Gloucestershire, Wiltshire and Bath/Bristol area",19 : Manufacture of coke and refined petroleum products,19,19,0
2023,"Gloucestershire, Wiltshire and Bath/Bristol area",20 : Manufacture of chemicals and chemical products,20,20,160
2023,"Gloucestershire, Wiltshire and Bath/Bristol area",21 : Manufacture of basic pharmaceutical products and pharmaceutical preparations,21,21,175
2023,"Gloucestershire, Wiltshire and Bath/Bristol area",22 : Manufacture of rubber and plastic products,22,22,385
2023,"Gloucestershire, Wiltshire and Bath/Bristol area",23 : Manufacture of other non-metallic mineral products,23,23,60
2023,"Gloucestershire, Wiltshire and Bath/Bristol area",24 : Manufacture of basic metals,24,24,20
2023,"Gloucestershire, Wiltshire and Bath/Bristol area","25 : Manufacture of fabricated metal products, except machinery and equipment",25,25,1060
2023,"Gloucestershire, Wiltshire and Bath/Bristol area","26 : Manufacture of computer, electronic and optical products",26,26,615
2023,"Gloucestershire, Wiltshire and Bath/Bristol area",27 : Manufacture of electrical equipment,27,27,630
2023,"Gloucestershire, Wiltshire and Bath/Bristol area",28 : Manufacture of machinery and equipment n.e.c.,28,28,525
2023,"Gloucestershire, Wiltshire and Bath/Bristol area","29 : Manufacture of motor vehicles, trailers and semi-trailers",29,29,90
2023,"Gloucestershire, Wiltshire and Bath/Bristol area",30 : Manufacture of other transport equipment,30,30,475
2023,"Gloucestershire, Wiltshire and Bath/Bristol area",31 : Manufacture of furniture,31,31,205
2023,"Gloucestershire, Wiltshire and Bath/Bristol area",32 : Other manufacturing,32,32,395
2023,"Gloucestershire, Wiltshire and Bath/Bristol area",33 : Repair and installation of machinery and equipment,33,33,610
2023,"Gloucestershire, Wiltshire and Bath/Bristol area","35 : Electricity, gas, steam and air conditioning supply",35,35,400
2023,"Gloucestershire, Wiltshire and Bath/Bristol area","36 : Water collection, treatment and supply",36,36,225
2023,"Gloucestershire, Wiltshire and Bath/Bristol area",37 : Sewerage,37,37,175
2023,"Gloucestershire, Wiltshire and Bath/Bristol area","38 : Waste collection, treatment and disposal activities; materials recovery",38,38,1155
2023,"Gloucestershire, Wiltshire and Bath/Bristol area","39 : Remediation activities and other waste management services. This division includes the provision of remediation services, i.e. the cleanup of contaminated buildings and sites, soil, surface or ground water.",39,39,0
2023,"Gloucestershire, Wiltshire and Bath/Bristol area",41 : Construction of buildings,41,41,2600
2023,"Gloucestershire, Wiltshire and Bath/Bristol area",42 : Civil engineering,42,42,465
2023,"Gloucestershire, Wiltshire and Bath/Bristol area",43 : Specialised construction activities,43,43,4790
2023,"Gloucestershire, Wiltshire and Bath/Bristol area",45 : Wholesale and retail trade and repair of motor vehicles and motorcycles,45,45,3400
2023,"Gloucestershire, Wiltshire and Bath/Bristol area","46 : Wholesale trade, except of motor vehicles and motorcycles",46,46,5885
2023,"Gloucestershire, Wiltshire and Bath/Bristol area","47 : Retail trade, except of motor vehicles and motorcycles",47,47,63795
2023,"Gloucestershire, Wiltshire and Bath/Bristol area",49 : Land transport and transport via pipelines,49,49,3720
2023,"Gloucestershire, Wiltshire and Bath/Bristol area",50 : Water transport,50,50,55
2023,"Gloucestershire, Wiltshire and Bath/Bristol area",51 : Air transport,51,51,295
2023,"Gloucestershire, Wiltshire and Bath/Bristol area",52 : Warehousing and support activities for transportation,52,52,4235
2023,"Gloucestershire, Wiltshire and Bath/Bristol area",53 : Postal and courier activities,53,53,2325
2023,"Gloucestershire, Wiltshire and Bath/Bristol area",55 : Accommodation,55,55,9375
2023,"Gloucestershire, Wiltshire and Bath/Bristol area",56 : Food and beverage service activities,56,56,49000
2023,"Gloucestershire, Wiltshire and Bath/Bristol area",58 : Publishing activities,58,58,1170
2023,"Gloucestershire, Wiltshire and Bath/Bristol area","59 : Motion picture, video and television programme production, sound recording and music publishing activities",59,59,1185
2023,"Gloucestershire, Wiltshire and Bath/Bristol area",60 : Programming and broadcasting activities,60,60,275
2023,"Gloucestershire, Wiltshire and Bath/Bristol area",61 : Telecommunications,61,61,610
2023,"Gloucestershire, Wiltshire and Bath/Bristol area","62 : Computer programming, consultancy and related activities",62,62,5875
2023,"Gloucestershire, Wiltshire and Bath/Bristol area",63 : Information service activities,63,63,455
2023,"Gloucestershire, Wiltshire and Bath/Bristol area","64 : Financial service activities, except insurance and pension funding",64,64,3600
2023,"Gloucestershire, Wiltshire and Bath/Bristol area","65 : Insurance, reinsurance and pension funding, except compulsory social security",65,65,1050
2023,"Gloucestershire, Wiltshire and Bath/Bristol area",66 : Activities auxiliary to financial services and insurance activities,66,66,3150
2023,"Gloucestershire, Wiltshire and Bath/Bristol area",68 : Real estate activities,68,68,6190
2023,"Gloucestershire, Wiltshire and Bath/Bristol area",69 : Legal and accounting activities,69,69,7305
2023,"Gloucestershire, Wiltshire and Bath/Bristol area",70 : Activities of head offices; management consultancy activities,70,70,6225
2023,"Gloucestershire, Wiltshire and Bath/Bristol area",71 : Architectural and engineering activities; technical testing and analysis,71,71,6500
2023,"Gloucestershire, Wiltshire and Bath/Bristol area",72 : Scientific research and development,72,72,1370
2023,"Gloucestershire, Wiltshire and Bath/Bristol area",73 : Advertising and market research,73,73,2800
2023,"Gloucestershire, Wiltshire and Bath/Bristol area","74 : Other professional, scientific and technical activities",74,74,2050
2023,"Gloucestershire, Wiltshire and Bath/Bristol area",75 : Veterinary activities,75,75,2000
2023,"Gloucestershire, Wiltshire and Bath/Bristol area",77 : Rental and leasing activities,77,77,1085
2023,"Gloucestershire, Wiltshire and Bath/Bristol area",78 : Employment activities,78,78,10600
2023,"Gloucestershire, Wiltshire and Bath/Bristol area","79 : Travel agency, tour operator and other reservation service and related activities",79,79,530
2023,"Gloucestershire, Wiltshire and Bath/Bristol area",80 : Security and investigation activities,80,80,2175
2023,"Gloucestershire, Wiltshire and Bath/Bristol area",81 : Services to buildings and landscape activities,81,81,13735
2023,"Gloucestershire, Wiltshire and Bath/Bristol area","82 : Office administrative, office support and other business support activities",82,82,4215
2023,"Gloucestershire, Wiltshire and Bath/Bristol area",84 : Public administration and defence; compulsory social security,84,84,13700
2023,"Gloucestershire, Wiltshire and Bath/Bristol area",85 : Education,85,85,49085
2023,"Gloucestershire, Wiltshire and Bath/Bristol area",86 : Human health activities,86,86,48500
2023,"Gloucestershire, Wiltshire and Bath/Bristol area",87 : Residential care activities,87,87,13000
2023,"Gloucestershire, Wiltshire and Bath/Bristol area",88 : Social work activities without accommodation,88,88,16500
2023,"Gloucestershire, Wiltshire and Bath/Bristol area","90 : Creative, arts and entertainment activities",90,90,1350
2023,"Gloucestershire, Wiltshire and Bath/Bristol area","91 : Libraries, archives, museums and other cultural activities",91,91,2320
2023,"Gloucestershire, Wiltshire and Bath/Bristol area",92 : Gambling and betting activities,92,92,700
2023,"Gloucestershire, Wiltshire and Bath/Bristol area",93 : Sports activities and amusement and recreation activities,93,93,11425
2023,"Gloucestershire, Wiltshire and Bath/Bristol area",94 : Activities of membership organisations,94,94,4265
2023,"Gloucestershire, Wiltshire and Bath/Bristol area",95 : Repair of computers and personal and household goods,95,95,185
2023,"Gloucestershire, Wiltshire and Bath/Bristol area",96 : Other personal service activities,96,96,3050
2023,"Gloucestershire, Wiltshire and Bath/Bristol area",97 : Activities of households as employers of domestic personnel,97,97,0
2023,"Gloucestershire, Wiltshire and Bath/Bristol area",98 : Undifferentiated goods- and services-producing activities of private households for own use,98,98,0
2023,"Gloucestershire, Wiltshire and Bath/Bristol area",99 : Activities of extraterritorial organisations and bodies,99,99,0
2023,Greater Manchester,"01 : Crop and animal production, hunting and related service activities",01,1,195
2023,Greater Manchester,02 : Forestry and logging,02,2,45
2023,Greater Manchester,03 : Fishing and aquaculture,03,3,10
2023,Greater Manchester,05 : Mining of coal and lignite,05,5,0
2023,Greater Manchester,06 : Extraction of crude petroleum and natural gas,06,6,0
2023,Greater Manchester,07 : Mining of metal ores,07,7,0
2023,Greater Manchester,08 : Other mining and quarrying,08,8,0
2023,Greater Manchester,09 : Mining support service activities,09,9,0
2023,Greater Manchester,10 : Manufacture of food products,10,10,3080
2023,Greater Manchester,11 : Manufacture of beverages,11,11,175
2023,Greater Manchester,12 : Manufacture of tobacco products,12,12,0
2023,Greater Manchester,13 : Manufacture of textiles,13,13,545
2023,Greater Manchester,14 : Manufacture of wearing apparel,14,14,190
2023,Greater Manchester,15 : Manufacture of leather and related products,15,15,25
2023,Greater Manchester,"16 : Manufacture of wood and of products of wood and cork, except furniture;manufacture of articles of straw and plaiting materials",16,16,60
2023,Greater Manchester,17 : Manufacture of paper and paper products,17,17,170
2023,Greater Manchester,18 : Printing and reproduction of recorded media,18,18,290
2023,Greater Manchester,19 : Manufacture of coke and refined petroleum products,19,19,10
2023,Greater Manchester,20 : Manufacture of chemicals and chemical products,20,20,295
2023,Greater Manchester,21 : Manufacture of basic pharmaceutical products and pharmaceutical preparations,21,21,25
2023,Greater Manchester,22 : Manufacture of rubber and plastic products,22,22,440
2023,Greater Manchester,23 : Manufacture of other non-metallic mineral products,23,23,80
2023,Greater Manchester,24 : Manufacture of basic metals,24,24,385
2023,Greater Manchester,"25 : Manufacture of fabricated metal products, except machinery and equipment",25,25,830
2023,Greater Manchester,"26 : Manufacture of computer, electronic and optical products",26,26,535
2023,Greater Manchester,27 : Manufacture of electrical equipment,27,27,140
2023,Greater Manchester,28 : Manufacture of machinery and equipment n.e.c.,28,28,305
2023,Greater Manchester,"29 : Manufacture of motor vehicles, trailers and semi-trailers",29,29,45
2023,Greater Manchester,30 : Manufacture of other transport equipment,30,30,260
2023,Greater Manchester,31 : Manufacture of furniture,31,31,365
2023,Greater Manchester,32 : Other manufacturing,32,32,460
2023,Greater Manchester,33 : Repair and installation of machinery and equipment,33,33,255
2023,Greater Manchester,"35 : Electricity, gas, steam and air conditioning supply",35,35,275
2023,Greater Manchester,"36 : Water collection, treatment and supply",36,36,15
2023,Greater Manchester,37 : Sewerage,37,37,25
2023,Greater Manchester,"38 : Waste collection, treatment and disposal activities; materials recovery",38,38,290
2023,Greater Manchester,"39 : Remediation activities and other waste management services. This division includes the provision of remediation services, i.e. the cleanup of contaminated buildings and sites, soil, surface or ground water.",39,39,5
2023,Greater Manchester,41 : Construction of buildings,41,41,3650
2023,Greater Manchester,42 : Civil engineering,42,42,555
2023,Greater Manchester,43 : Specialised construction activities,43,43,6165
2023,Greater Manchester,45 : Wholesale and retail trade and repair of motor vehicles and motorcycles,45,45,3575
2023,Greater Manchester,"46 : Wholesale trade, except of motor vehicles and motorcycles",46,46,8380
2023,Greater Manchester,"47 : Retail trade, except of motor vehicles and motorcycles",47,47,67695
2023,Greater Manchester,49 : Land transport and transport via pipelines,49,49,2130
2023,Greater Manchester,50 : Water transport,50,50,30
2023,Greater Manchester,51 : Air transport,51,51,910
2023,Greater Manchester,52 : Warehousing and support activities for transportation,52,52,4385
2023,Greater Manchester,53 : Postal and courier activities,53,53,1855
2023,Greater Manchester,55 : Accommodation,55,55,6340
2023,Greater Manchester,56 : Food and beverage service activities,56,56,52000
2023,Greater Manchester,58 : Publishing activities,58,58,880
2023,Greater Manchester,"59 : Motion picture, video and television programme production, sound recording and music publishing activities",59,59,1915
2023,Greater Manchester,60 : Programming and broadcasting activities,60,60,385
2023,Greater Manchester,61 : Telecommunications,61,61,725
2023,Greater Manchester,"62 : Computer programming, consultancy and related activities",62,62,2840
2023,Greater Manchester,63 : Information service activities,63,63,255
2023,Greater Manchester,"64 : Financial service activities, except insurance and pension funding",64,64,3190
2023,Greater Manchester,"65 : Insurance, reinsurance and pension funding, except compulsory social security",65,65,875
2023,Greater Manchester,66 : Activities auxiliary to financial services and insurance activities,66,66,1720
2023,Greater Manchester,68 : Real estate activities,68,68,7275
2023,Greater Manchester,69 : Legal and accounting activities,69,69,15550
2023,Greater Manchester,70 : Activities of head offices; management consultancy activities,70,70,6625
2023,Greater Manchester,71 : Architectural and engineering activities; technical testing and analysis,71,71,2475
2023,Greater Manchester,72 : Scientific research and development,72,72,170
2023,Greater Manchester,73 : Advertising and market research,73,73,925
2023,Greater Manchester,"74 : Other professional, scientific and technical activities",74,74,1865
2023,Greater Manchester,75 : Veterinary activities,75,75,800
2023,Greater Manchester,77 : Rental and leasing activities,77,77,1015
2023,Greater Manchester,78 : Employment activities,78,78,19875
2023,Greater Manchester,"79 : Travel agency, tour operator and other reservation service and related activities",79,79,3150
2023,Greater Manchester,80 : Security and investigation activities,80,80,2875
2023,Greater Manchester,81 : Services to buildings and landscape activities,81,81,15225
2023,Greater Manchester,"82 : Office administrative, office support and other business support activities",82,82,7955
2023,Greater Manchester,84 : Public administration and defence; compulsory social security,84,84,13450
2023,Greater Manchester,85 : Education,85,85,52155
2023,Greater Manchester,86 : Human health activities,86,86,43700
2023,Greater Manchester,87 : Residential care activities,87,87,13500
2023,Greater Manchester,88 : Social work activities without accommodation,88,88,16500
2023,Greater Manchester,"90 : Creative, arts and entertainment activities",90,90,1000
2023,Greater Manchester,"91 : Libraries, archives, museums and other cultural activities",91,91,785
2023,Greater Manchester,92 : Gambling and betting activities,92,92,1500
2023,Greater Manchester,93 : Sports activities and amusement and recreation activities,93,93,13880
2023,Greater Manchester,94 : Activities of membership organisations,94,94,3800
2023,Greater Manchester,95 : Repair of computers and personal and household goods,95,95,950
2023,Greater Manchester,96 : Other personal service activities,96,96,5500
2023,Greater Manchester,97 : Activities of households as employers of domestic personnel,97,97,0
2023,Greater Manchester,98 : Undifferentiated goods- and services-producing activities of private households for own use,98,98,0
2023,Greater Manchester,99 : Activities of extraterritorial organisations and bodies,99,99,0
2023,Hampshire and Isle of Wight,"01 : Crop and animal production, hunting and related service activities",01,1,840
2023,Hampshire and Isle of Wight,02 : Forestry and logging,02,2,190
2023,Hampshire and Isle of Wight,03 : Fishing and aquaculture,03,3,35
2023,Hampshire and Isle of Wight,05 : Mining of coal and lignite,05,5,0
2023,Hampshire and Isle of Wight,06 : Extraction of crude petroleum and natural gas,06,6,0
2023,Hampshire and Isle of Wight,07 : Mining of metal ores,07,7,0
2023,Hampshire and Isle of Wight,08 : Other mining and quarrying,08,8,10
2023,Hampshire and Isle of Wight,09 : Mining support service activities,09,9,0
2023,Hampshire and Isle of Wight,10 : Manufacture of food products,10,10,645
2023,Hampshire and Isle of Wight,11 : Manufacture of beverages,11,11,160
2023,Hampshire and Isle of Wight,12 : Manufacture of tobacco products,12,12,0
2023,Hampshire and Isle of Wight,13 : Manufacture of textiles,13,13,90
2023,Hampshire and Isle of Wight,14 : Manufacture of wearing apparel,14,14,200
2023,Hampshire and Isle of Wight,15 : Manufacture of leather and related products,15,15,10
2023,Hampshire and Isle of Wight,"16 : Manufacture of wood and of products of wood and cork, except furniture;manufacture of articles of straw and plaiting materials",16,16,65
2023,Hampshire and Isle of Wight,17 : Manufacture of paper and paper products,17,17,35
2023,Hampshire and Isle of Wight,18 : Printing and reproduction of recorded media,18,18,130
2023,Hampshire and Isle of Wight,19 : Manufacture of coke and refined petroleum products,19,19,10
2023,Hampshire and Isle of Wight,20 : Manufacture of chemicals and chemical products,20,20,175
2023,Hampshire and Isle of Wight,21 : Manufacture of basic pharmaceutical products and pharmaceutical preparations,21,21,10
2023,Hampshire and Isle of Wight,22 : Manufacture of rubber and plastic products,22,22,660
2023,Hampshire and Isle of Wight,23 : Manufacture of other non-metallic mineral products,23,23,110
2023,Hampshire and Isle of Wight,24 : Manufacture of basic metals,24,24,45
2023,Hampshire and Isle of Wight,"25 : Manufacture of fabricated metal products, except machinery and equipment",25,25,805
2023,Hampshire and Isle of Wight,"26 : Manufacture of computer, electronic and optical products",26,26,775
2023,Hampshire and Isle of Wight,27 : Manufacture of electrical equipment,27,27,310
2023,Hampshire and Isle of Wight,28 : Manufacture of machinery and equipment n.e.c.,28,28,330
2023,Hampshire and Isle of Wight,"29 : Manufacture of motor vehicles, trailers and semi-trailers",29,29,185
2023,Hampshire and Isle of Wight,30 : Manufacture of other transport equipment,30,30,365
2023,Hampshire and Isle of Wight,31 : Manufacture of furniture,31,31,75
2023,Hampshire and Isle of Wight,32 : Other manufacturing,32,32,590
2023,Hampshire and Isle of Wight,33 : Repair and installation of machinery and equipment,33,33,695
2023,Hampshire and Isle of Wight,"35 : Electricity, gas, steam and air conditioning supply",35,35,200
2023,Hampshire and Isle of Wight,"36 : Water collection, treatment and supply",36,36,75
2023,Hampshire and Isle of Wight,37 : Sewerage,37,37,45
2023,Hampshire and Isle of Wight,"38 : Waste collection, treatment and disposal activities; materials recovery",38,38,270
2023,Hampshire and Isle of Wight,"39 : Remediation activities and other waste management services. This division includes the provision of remediation services, i.e. the cleanup of contaminated buildings and sites, soil, surface or ground water.",39,39,225
2023,Hampshire and Isle of Wight,41 : Construction of buildings,41,41,1750
2023,Hampshire and Isle of Wight,42 : Civil engineering,42,42,570
2023,Hampshire and Isle of Wight,43 : Specialised construction activities,43,43,3385
2023,Hampshire and Isle of Wight,45 : Wholesale and retail trade and repair of motor vehicles and motorcycles,45,45,2515
2023,Hampshire and Isle of Wight,"46 : Wholesale trade, except of motor vehicles and motorcycles",46,46,4585
2023,Hampshire and Isle of Wight,"47 : Retail trade, except of motor vehicles and motorcycles",47,47,47865
2023,Hampshire and Isle of Wight,49 : Land transport and transport via pipelines,49,49,2580
2023,Hampshire and Isle of Wight,50 : Water transport,50,50,635
2023,Hampshire and Isle of Wight,51 : Air transport,51,51,50
2023,Hampshire and Isle of Wight,52 : Warehousing and support activities for transportation,52,52,2340
2023,Hampshire and Isle of Wight,53 : Postal and courier activities,53,53,925
2023,Hampshire and Isle of Wight,55 : Accommodation,55,55,6910
2023,Hampshire and Isle of Wight,56 : Food and beverage service activities,56,56,37750
2023,Hampshire and Isle of Wight,58 : Publishing activities,58,58,995
2023,Hampshire and Isle of Wight,"59 : Motion picture, video and television programme production, sound recording and music publishing activities",59,59,650
2023,Hampshire and Isle of Wight,60 : Programming and broadcasting activities,60,60,100
2023,Hampshire and Isle of Wight,61 : Telecommunications,61,61,315
2023,Hampshire and Isle of Wight,"62 : Computer programming, consultancy and related activities",62,62,4010
2023,Hampshire and Isle of Wight,63 : Information service activities,63,63,240
2023,Hampshire and Isle of Wight,"64 : Financial service activities, except insurance and pension funding",64,64,1635
2023,Hampshire and Isle of Wight,"65 : Insurance, reinsurance and pension funding, except compulsory social security",65,65,550
2023,Hampshire and Isle of Wight,66 : Activities auxiliary to financial services and insurance activities,66,66,1565
2023,Hampshire and Isle of Wight,68 : Real estate activities,68,68,4195
2023,Hampshire and Isle of Wight,69 : Legal and accounting activities,69,69,4025
2023,Hampshire and Isle of Wight,70 : Activities of head offices; management consultancy activities,70,70,5525
2023,Hampshire and Isle of Wight,71 : Architectural and engineering activities; technical testing and analysis,71,71,2275
2023,Hampshire and Isle of Wight,72 : Scientific research and development,72,72,730
2023,Hampshire and Isle of Wight,73 : Advertising and market research,73,73,600
2023,Hampshire and Isle of Wight,"74 : Other professional, scientific and technical activities",74,74,605
2023,Hampshire and Isle of Wight,75 : Veterinary activities,75,75,1250
2023,Hampshire and Isle of Wight,77 : Rental and leasing activities,77,77,1090
2023,Hampshire and Isle of Wight,78 : Employment activities,78,78,8655
2023,Hampshire and Isle of Wight,"79 : Travel agency, tour operator and other reservation service and related activities",79,79,310
2023,Hampshire and Isle of Wight,80 : Security and investigation activities,80,80,1885
2023,Hampshire and Isle of Wight,81 : Services to buildings and landscape activities,81,81,9085
2023,Hampshire and Isle of Wight,"82 : Office administrative, office support and other business support activities",82,82,2590
2023,Hampshire and Isle of Wight,84 : Public administration and defence; compulsory social security,84,84,13050
2023,Hampshire and Isle of Wight,85 : Education,85,85,30945
2023,Hampshire and Isle of Wight,86 : Human health activities,86,86,30750
2023,Hampshire and Isle of Wight,87 : Residential care activities,87,87,9100
2023,Hampshire and Isle of Wight,88 : Social work activities without accommodation,88,88,12500
2023,Hampshire and Isle of Wight,"90 : Creative, arts and entertainment activities",90,90,775
2023,Hampshire and Isle of Wight,"91 : Libraries, archives, museums and other cultural activities",91,91,2100
2023,Hampshire and Isle of Wight,92 : Gambling and betting activities,92,92,600
2023,Hampshire and Isle of Wight,93 : Sports activities and amusement and recreation activities,93,93,10870
2023,Hampshire and Isle of Wight,94 : Activities of membership organisations,94,94,2775
2023,Hampshire and Isle of Wight,95 : Repair of computers and personal and household goods,95,95,120
2023,Hampshire and Isle of Wight,96 : Other personal service activities,96,96,2925
2023,Hampshire and Isle of Wight,97 : Activities of households as employers of domestic personnel,97,97,0
2023,Hampshire and Isle of Wight,98 : Undifferentiated goods- and services-producing activities of private households for own use,98,98,0
2023,Hampshire and Isle of Wight,99 : Activities of extraterritorial organisations and bodies,99,99,0
2023,"Herefordshire, Worcestershire and Warwickshire","01 : Crop and animal production, hunting and related service activities",01,1,1435
2023,"Herefordshire, Worcestershire and Warwickshire",02 : Forestry and logging,02,2,150
2023,"Herefordshire, Worcestershire and Warwickshire",03 : Fishing and aquaculture,03,3,10
2023,"Herefordshire, Worcestershire and Warwickshire",05 : Mining of coal and lignite,05,5,0
2023,"Herefordshire, Worcestershire and Warwickshire",06 : Extraction of crude petroleum and natural gas,06,6,0
2023,"Herefordshire, Worcestershire and Warwickshire",07 : Mining of metal ores,07,7,0
2023,"Herefordshire, Worcestershire and Warwickshire",08 : Other mining and quarrying,08,8,5
2023,"Herefordshire, Worcestershire and Warwickshire",09 : Mining support service activities,09,9,0
2023,"Herefordshire, Worcestershire and Warwickshire",10 : Manufacture of food products,10,10,980
2023,"Herefordshire, Worcestershire and Warwickshire",11 : Manufacture of beverages,11,11,155
2023,"Herefordshire, Worcestershire and Warwickshire",12 : Manufacture of tobacco products,12,12,0
2023,"Herefordshire, Worcestershire and Warwickshire",13 : Manufacture of textiles,13,13,115
2023,"Herefordshire, Worcestershire and Warwickshire",14 : Manufacture of wearing apparel,14,14,10
2023,"Herefordshire, Worcestershire and Warwickshire",15 : Manufacture of leather and related products,15,15,30
2023,"Herefordshire, Worcestershire and Warwickshire","16 : Manufacture of wood and of products of wood and cork, except furniture;manufacture of articles of straw and plaiting materials",16,16,450
2023,"Herefordshire, Worcestershire and Warwickshire",17 : Manufacture of paper and paper products,17,17,30
2023,"Herefordshire, Worcestershire and Warwickshire",18 : Printing and reproduction of recorded media,18,18,30
2023,"Herefordshire, Worcestershire and Warwickshire",19 : Manufacture of coke and refined petroleum products,19,19,0
2023,"Herefordshire, Worcestershire and Warwickshire",20 : Manufacture of chemicals and chemical products,20,20,115
2023,"Herefordshire, Worcestershire and Warwickshire",21 : Manufacture of basic pharmaceutical products and pharmaceutical preparations,21,21,0
2023,"Herefordshire, Worcestershire and Warwickshire",22 : Manufacture of rubber and plastic products,22,22,285
2023,"Herefordshire, Worcestershire and Warwickshire",23 : Manufacture of other non-metallic mineral products,23,23,115
2023,"Herefordshire, Worcestershire and Warwickshire",24 : Manufacture of basic metals,24,24,80
2023,"Herefordshire, Worcestershire and Warwickshire","25 : Manufacture of fabricated metal products, except machinery and equipment",25,25,775
2023,"Herefordshire, Worcestershire and Warwickshire","26 : Manufacture of computer, electronic and optical products",26,26,935
2023,"Herefordshire, Worcestershire and Warwickshire",27 : Manufacture of electrical equipment,27,27,165
2023,"Herefordshire, Worcestershire and Warwickshire",28 : Manufacture of machinery and equipment n.e.c.,28,28,420
2023,"Herefordshire, Worcestershire and Warwickshire","29 : Manufacture of motor vehicles, trailers and semi-trailers",29,29,245
2023,"Herefordshire, Worcestershire and Warwickshire",30 : Manufacture of other transport equipment,30,30,145
2023,"Herefordshire, Worcestershire and Warwickshire",31 : Manufacture of furniture,31,31,65
2023,"Herefordshire, Worcestershire and Warwickshire",32 : Other manufacturing,32,32,160
2023,"Herefordshire, Worcestershire and Warwickshire",33 : Repair and installation of machinery and equipment,33,33,235
2023,"Herefordshire, Worcestershire and Warwickshire","35 : Electricity, gas, steam and air conditioning supply",35,35,400
2023,"Herefordshire, Worcestershire and Warwickshire","36 : Water collection, treatment and supply",36,36,30
2023,"Herefordshire, Worcestershire and Warwickshire",37 : Sewerage,37,37,40
2023,"Herefordshire, Worcestershire and Warwickshire","38 : Waste collection, treatment and disposal activities; materials recovery",38,38,240
2023,"Herefordshire, Worcestershire and Warwickshire","39 : Remediation activities and other waste management services. This division includes the provision of remediation services, i.e. the cleanup of contaminated buildings and sites, soil, surface or ground water.",39,39,25
2023,"Herefordshire, Worcestershire and Warwickshire",41 : Construction of buildings,41,41,950
2023,"Herefordshire, Worcestershire and Warwickshire",42 : Civil engineering,42,42,290
2023,"Herefordshire, Worcestershire and Warwickshire",43 : Specialised construction activities,43,43,2160
2023,"Herefordshire, Worcestershire and Warwickshire",45 : Wholesale and retail trade and repair of motor vehicles and motorcycles,45,45,3605
2023,"Herefordshire, Worcestershire and Warwickshire","46 : Wholesale trade, except of motor vehicles and motorcycles",46,46,4035
2023,"Herefordshire, Worcestershire and Warwickshire","47 : Retail trade, except of motor vehicles and motorcycles",47,47,32210
2023,"Herefordshire, Worcestershire and Warwickshire",49 : Land transport and transport via pipelines,49,49,2165
2023,"Herefordshire, Worcestershire and Warwickshire",50 : Water transport,50,50,0
2023,"Herefordshire, Worcestershire and Warwickshire",51 : Air transport,51,51,0
2023,"Herefordshire, Worcestershire and Warwickshire",52 : Warehousing and support activities for transportation,52,52,1925
2023,"Herefordshire, Worcestershire and Warwickshire",53 : Postal and courier activities,53,53,1535
2023,"Herefordshire, Worcestershire and Warwickshire",55 : Accommodation,55,55,5605
2023,"Herefordshire, Worcestershire and Warwickshire",56 : Food and beverage service activities,56,56,27250
2023,"Herefordshire, Worcestershire and Warwickshire",58 : Publishing activities,58,58,325
2023,"Herefordshire, Worcestershire and Warwickshire","59 : Motion picture, video and television programme production, sound recording and music publishing activities",59,59,340
2023,"Herefordshire, Worcestershire and Warwickshire",60 : Programming and broadcasting activities,60,60,40
2023,"Herefordshire, Worcestershire and Warwickshire",61 : Telecommunications,61,61,170
2023,"Herefordshire, Worcestershire and Warwickshire","62 : Computer programming, consultancy and related activities",62,62,1845
2023,"Herefordshire, Worcestershire and Warwickshire",63 : Information service activities,63,63,70
2023,"Herefordshire, Worcestershire and Warwickshire","64 : Financial service activities, except insurance and pension funding",64,64,540
2023,"Herefordshire, Worcestershire and Warwickshire","65 : Insurance, reinsurance and pension funding, except compulsory social security",65,65,350
2023,"Herefordshire, Worcestershire and Warwickshire",66 : Activities auxiliary to financial services and insurance activities,66,66,655
2023,"Herefordshire, Worcestershire and Warwickshire",68 : Real estate activities,68,68,3275
2023,"Herefordshire, Worcestershire and Warwickshire",69 : Legal and accounting activities,69,69,2350
2023,"Herefordshire, Worcestershire and Warwickshire",70 : Activities of head offices; management consultancy activities,70,70,6675
2023,"Herefordshire, Worcestershire and Warwickshire",71 : Architectural and engineering activities; technical testing and analysis,71,71,2060
2023,"Herefordshire, Worcestershire and Warwickshire",72 : Scientific research and development,72,72,450
2023,"Herefordshire, Worcestershire and Warwickshire",73 : Advertising and market research,73,73,200
2023,"Herefordshire, Worcestershire and Warwickshire","74 : Other professional, scientific and technical activities",74,74,765
2023,"Herefordshire, Worcestershire and Warwickshire",75 : Veterinary activities,75,75,700
2023,"Herefordshire, Worcestershire and Warwickshire",77 : Rental and leasing activities,77,77,255
2023,"Herefordshire, Worcestershire and Warwickshire",78 : Employment activities,78,78,5080
2023,"Herefordshire, Worcestershire and Warwickshire","79 : Travel agency, tour operator and other reservation service and related activities",79,79,450
2023,"Herefordshire, Worcestershire and Warwickshire",80 : Security and investigation activities,80,80,435
2023,"Herefordshire, Worcestershire and Warwickshire",81 : Services to buildings and landscape activities,81,81,7230
2023,"Herefordshire, Worcestershire and Warwickshire","82 : Office administrative, office support and other business support activities",82,82,3815
2023,"Herefordshire, Worcestershire and Warwickshire",84 : Public administration and defence; compulsory social security,84,84,4965
2023,"Herefordshire, Worcestershire and Warwickshire",85 : Education,85,85,23550
2023,"Herefordshire, Worcestershire and Warwickshire",86 : Human health activities,86,86,17200
2023,"Herefordshire, Worcestershire and Warwickshire",87 : Residential care activities,87,87,7750
2023,"Herefordshire, Worcestershire and Warwickshire",88 : Social work activities without accommodation,88,88,6750
2023,"Herefordshire, Worcestershire and Warwickshire","90 : Creative, arts and entertainment activities",90,90,1900
2023,"Herefordshire, Worcestershire and Warwickshire","91 : Libraries, archives, museums and other cultural activities",91,91,2120
2023,"Herefordshire, Worcestershire and Warwickshire",92 : Gambling and betting activities,92,92,350
2023,"Herefordshire, Worcestershire and Warwickshire",93 : Sports activities and amusement and recreation activities,93,93,6090
2023,"Herefordshire, Worcestershire and Warwickshire",94 : Activities of membership organisations,94,94,2560
2023,"Herefordshire, Worcestershire and Warwickshire",95 : Repair of computers and personal and household goods,95,95,1580
2023,"Herefordshire, Worcestershire and Warwickshire",96 : Other personal service activities,96,96,2900
2023,"Herefordshire, Worcestershire and Warwickshire",97 : Activities of households as employers of domestic personnel,97,97,0
2023,"Herefordshire, Worcestershire and Warwickshire",98 : Undifferentiated goods- and services-producing activities of private households for own use,98,98,0
2023,"Herefordshire, Worcestershire and Warwickshire",99 : Activities of extraterritorial organisations and bodies,99,99,0
2023,Highlands and Islands,"01 : Crop and animal production, hunting and related service activities",01,1,4320
2023,Highlands and Islands,02 : Forestry and logging,02,2,710
2023,Highlands and Islands,03 : Fishing and aquaculture,03,3,1670
2023,Highlands and Islands,05 : Mining of coal and lignite,05,5,0
2023,Highlands and Islands,06 : Extraction of crude petroleum and natural gas,06,6,0
2023,Highlands and Islands,07 : Mining of metal ores,07,7,0
2023,Highlands and Islands,08 : Other mining and quarrying,08,8,60
2023,Highlands and Islands,09 : Mining support service activities,09,9,0
2023,Highlands and Islands,10 : Manufacture of food products,10,10,940
2023,Highlands and Islands,11 : Manufacture of beverages,11,11,245
2023,Highlands and Islands,12 : Manufacture of tobacco products,12,12,0
2023,Highlands and Islands,13 : Manufacture of textiles,13,13,210
2023,Highlands and Islands,14 : Manufacture of wearing apparel,14,14,10
2023,Highlands and Islands,15 : Manufacture of leather and related products,15,15,0
2023,Highlands and Islands,"16 : Manufacture of wood and of products of wood and cork, except furniture;manufacture of articles of straw and plaiting materials",16,16,40
2023,Highlands and Islands,17 : Manufacture of paper and paper products,17,17,0
2023,Highlands and Islands,18 : Printing and reproduction of recorded media,18,18,40
2023,Highlands and Islands,19 : Manufacture of coke and refined petroleum products,19,19,0
2023,Highlands and Islands,20 : Manufacture of chemicals and chemical products,20,20,15
2023,Highlands and Islands,21 : Manufacture of basic pharmaceutical products and pharmaceutical preparations,21,21,50
2023,Highlands and Islands,22 : Manufacture of rubber and plastic products,22,22,25
2023,Highlands and Islands,23 : Manufacture of other non-metallic mineral products,23,23,5
2023,Highlands and Islands,24 : Manufacture of basic metals,24,24,10
2023,Highlands and Islands,"25 : Manufacture of fabricated metal products, except machinery and equipment",25,25,55
2023,Highlands and Islands,"26 : Manufacture of computer, electronic and optical products",26,26,5
2023,Highlands and Islands,27 : Manufacture of electrical equipment,27,27,0
2023,Highlands and Islands,28 : Manufacture of machinery and equipment n.e.c.,28,28,10
2023,Highlands and Islands,"29 : Manufacture of motor vehicles, trailers and semi-trailers",29,29,5
2023,Highlands and Islands,30 : Manufacture of other transport equipment,30,30,20
2023,Highlands and Islands,31 : Manufacture of furniture,31,31,25
2023,Highlands and Islands,32 : Other manufacturing,32,32,110
2023,Highlands and Islands,33 : Repair and installation of machinery and equipment,33,33,65
2023,Highlands and Islands,"35 : Electricity, gas, steam and air conditioning supply",35,35,120
2023,Highlands and Islands,"36 : Water collection, treatment and supply",36,36,100
2023,Highlands and Islands,37 : Sewerage,37,37,5
2023,Highlands and Islands,"38 : Waste collection, treatment and disposal activities; materials recovery",38,38,160
2023,Highlands and Islands,"39 : Remediation activities and other waste management services. This division includes the provision of remediation services, i.e. the cleanup of contaminated buildings and sites, soil, surface or ground water.",39,39,15
2023,Highlands and Islands,41 : Construction of buildings,41,41,415
2023,Highlands and Islands,42 : Civil engineering,42,42,225
2023,Highlands and Islands,43 : Specialised construction activities,43,43,815
2023,Highlands and Islands,45 : Wholesale and retail trade and repair of motor vehicles and motorcycles,45,45,585
2023,Highlands and Islands,"46 : Wholesale trade, except of motor vehicles and motorcycles",46,46,875
2023,Highlands and Islands,"47 : Retail trade, except of motor vehicles and motorcycles",47,47,11975
2023,Highlands and Islands,49 : Land transport and transport via pipelines,49,49,1255
2023,Highlands and Islands,50 : Water transport,50,50,165
2023,Highlands and Islands,51 : Air transport,51,51,25
2023,Highlands and Islands,52 : Warehousing and support activities for transportation,52,52,485
2023,Highlands and Islands,53 : Postal and courier activities,53,53,500
2023,Highlands and Islands,55 : Accommodation,55,55,6025
2023,Highlands and Islands,56 : Food and beverage service activities,56,56,7100
2023,Highlands and Islands,58 : Publishing activities,58,58,85
2023,Highlands and Islands,"59 : Motion picture, video and television programme production, sound recording and music publishing activities",59,59,245
2023,Highlands and Islands,60 : Programming and broadcasting activities,60,60,20
2023,Highlands and Islands,61 : Telecommunications,61,61,125
2023,Highlands and Islands,"62 : Computer programming, consultancy and related activities",62,62,285
2023,Highlands and Islands,63 : Information service activities,63,63,25
2023,Highlands and Islands,"64 : Financial service activities, except insurance and pension funding",64,64,240
2023,Highlands and Islands,"65 : Insurance, reinsurance and pension funding, except compulsory social security",65,65,0
2023,Highlands and Islands,66 : Activities auxiliary to financial services and insurance activities,66,66,110
2023,Highlands and Islands,68 : Real estate activities,68,68,970
2023,Highlands and Islands,69 : Legal and accounting activities,69,69,670
2023,Highlands and Islands,70 : Activities of head offices; management consultancy activities,70,70,500
2023,Highlands and Islands,71 : Architectural and engineering activities; technical testing and analysis,71,71,450
2023,Highlands and Islands,72 : Scientific research and development,72,72,70
2023,Highlands and Islands,73 : Advertising and market research,73,73,20
2023,Highlands and Islands,"74 : Other professional, scientific and technical activities",74,74,300
2023,Highlands and Islands,75 : Veterinary activities,75,75,300
2023,Highlands and Islands,77 : Rental and leasing activities,77,77,85
2023,Highlands and Islands,78 : Employment activities,78,78,440
2023,Highlands and Islands,"79 : Travel agency, tour operator and other reservation service and related activities",79,79,155
2023,Highlands and Islands,80 : Security and investigation activities,80,80,90
2023,Highlands and Islands,81 : Services to buildings and landscape activities,81,81,1310
2023,Highlands and Islands,"82 : Office administrative, office support and other business support activities",82,82,565
2023,Highlands and Islands,84 : Public administration and defence; compulsory social security,84,84,4650
2023,Highlands and Islands,85 : Education,85,85,10480
2023,Highlands and Islands,86 : Human health activities,86,86,8200
2023,Highlands and Islands,87 : Residential care activities,87,87,2475
2023,Highlands and Islands,88 : Social work activities without accommodation,88,88,4650
2023,Highlands and Islands,"90 : Creative, arts and entertainment activities",90,90,340
2023,Highlands and Islands,"91 : Libraries, archives, museums and other cultural activities",91,91,1050
2023,Highlands and Islands,92 : Gambling and betting activities,92,92,125
2023,Highlands and Islands,93 : Sports activities and amusement and recreation activities,93,93,2205
2023,Highlands and Islands,94 : Activities of membership organisations,94,94,905
2023,Highlands and Islands,95 : Repair of computers and personal and household goods,95,95,60
2023,Highlands and Islands,96 : Other personal service activities,96,96,680
2023,Highlands and Islands,97 : Activities of households as employers of domestic personnel,97,97,0
2023,Highlands and Islands,98 : Undifferentiated goods- and services-producing activities of private households for own use,98,98,0
2023,Highlands and Islands,99 : Activities of extraterritorial organisations and bodies,99,99,0
2023,Inner London - East,"01 : Crop and animal production, hunting and related service activities",01,1,5
2023,Inner London - East,02 : Forestry and logging,02,2,25
2023,Inner London - East,03 : Fishing and aquaculture,03,3,5
2023,Inner London - East,05 : Mining of coal and lignite,05,5,0
2023,Inner London - East,06 : Extraction of crude petroleum and natural gas,06,6,0
2023,Inner London - East,07 : Mining of metal ores,07,7,0
2023,Inner London - East,08 : Other mining and quarrying,08,8,0
2023,Inner London - East,09 : Mining support service activities,09,9,0
2023,Inner London - East,10 : Manufacture of food products,10,10,1030
2023,Inner London - East,11 : Manufacture of beverages,11,11,105
2023,Inner London - East,12 : Manufacture of tobacco products,12,12,0
2023,Inner London - East,13 : Manufacture of textiles,13,13,320
2023,Inner London - East,14 : Manufacture of wearing apparel,14,14,540
2023,Inner London - East,15 : Manufacture of leather and related products,15,15,25
2023,Inner London - East,"16 : Manufacture of wood and of products of wood and cork, except furniture;manufacture of articles of straw and plaiting materials",16,16,5
2023,Inner London - East,17 : Manufacture of paper and paper products,17,17,100
2023,Inner London - East,18 : Printing and reproduction of recorded media,18,18,310
2023,Inner London - East,19 : Manufacture of coke and refined petroleum products,19,19,0
2023,Inner London - East,20 : Manufacture of chemicals and chemical products,20,20,215
2023,Inner London - East,21 : Manufacture of basic pharmaceutical products and pharmaceutical preparations,21,21,225
2023,Inner London - East,22 : Manufacture of rubber and plastic products,22,22,35
2023,Inner London - East,23 : Manufacture of other non-metallic mineral products,23,23,15
2023,Inner London - East,24 : Manufacture of basic metals,24,24,0
2023,Inner London - East,"25 : Manufacture of fabricated metal products, except machinery and equipment",25,25,70
2023,Inner London - East,"26 : Manufacture of computer, electronic and optical products",26,26,110
2023,Inner London - East,27 : Manufacture of electrical equipment,27,27,45
2023,Inner London - East,28 : Manufacture of machinery and equipment n.e.c.,28,28,165
2023,Inner London - East,"29 : Manufacture of motor vehicles, trailers and semi-trailers",29,29,85
2023,Inner London - East,30 : Manufacture of other transport equipment,30,30,10
2023,Inner London - East,31 : Manufacture of furniture,31,31,60
2023,Inner London - East,32 : Other manufacturing,32,32,435
2023,Inner London - East,33 : Repair and installation of machinery and equipment,33,33,200
2023,Inner London - East,"35 : Electricity, gas, steam and air conditioning supply",35,35,205
2023,Inner London - East,"36 : Water collection, treatment and supply",36,36,0
2023,Inner London - East,37 : Sewerage,37,37,5
2023,Inner London - East,"38 : Waste collection, treatment and disposal activities; materials recovery",38,38,285
2023,Inner London - East,"39 : Remediation activities and other waste management services. This division includes the provision of remediation services, i.e. the cleanup of contaminated buildings and sites, soil, surface or ground water.",39,39,0
2023,Inner London - East,41 : Construction of buildings,41,41,5000
2023,Inner London - East,42 : Civil engineering,42,42,330
2023,Inner London - East,43 : Specialised construction activities,43,43,3075
2023,Inner London - East,45 : Wholesale and retail trade and repair of motor vehicles and motorcycles,45,45,965
2023,Inner London - East,"46 : Wholesale trade, except of motor vehicles and motorcycles",46,46,4930
2023,Inner London - East,"47 : Retail trade, except of motor vehicles and motorcycles",47,47,42705
2023,Inner London - East,49 : Land transport and transport via pipelines,49,49,4985
2023,Inner London - East,50 : Water transport,50,50,30
2023,Inner London - East,51 : Air transport,51,51,210
2023,Inner London - East,52 : Warehousing and support activities for transportation,52,52,2310
2023,Inner London - East,53 : Postal and courier activities,53,53,1550
2023,Inner London - East,55 : Accommodation,55,55,5435
2023,Inner London - East,56 : Food and beverage service activities,56,56,45800
2023,Inner London - East,58 : Publishing activities,58,58,2350
2023,Inner London - East,"59 : Motion picture, video and television programme production, sound recording and music publishing activities",59,59,2350
2023,Inner London - East,60 : Programming and broadcasting activities,60,60,60
2023,Inner London - East,61 : Telecommunications,61,61,830
2023,Inner London - East,"62 : Computer programming, consultancy and related activities",62,62,6485
2023,Inner London - East,63 : Information service activities,63,63,685
2023,Inner London - East,"64 : Financial service activities, except insurance and pension funding",64,64,3175
2023,Inner London - East,"65 : Insurance, reinsurance and pension funding, except compulsory social security",65,65,255
2023,Inner London - East,66 : Activities auxiliary to financial services and insurance activities,66,66,1800
2023,Inner London - East,68 : Real estate activities,68,68,7875
2023,Inner London - East,69 : Legal and accounting activities,69,69,17865
2023,Inner London - East,70 : Activities of head offices; management consultancy activities,70,70,8650
2023,Inner London - East,71 : Architectural and engineering activities; technical testing and analysis,71,71,3625
2023,Inner London - East,72 : Scientific research and development,72,72,1125
2023,Inner London - East,73 : Advertising and market research,73,73,2625
2023,Inner London - East,"74 : Other professional, scientific and technical activities",74,74,2860
2023,Inner London - East,75 : Veterinary activities,75,75,250
2023,Inner London - East,77 : Rental and leasing activities,77,77,565
2023,Inner London - East,78 : Employment activities,78,78,22040
2023,Inner London - East,"79 : Travel agency, tour operator and other reservation service and related activities",79,79,1205
2023,Inner London - East,80 : Security and investigation activities,80,80,2700
2023,Inner London - East,81 : Services to buildings and landscape activities,81,81,16400
2023,Inner London - East,"82 : Office administrative, office support and other business support activities",82,82,4900
2023,Inner London - East,84 : Public administration and defence; compulsory social security,84,84,8050
2023,Inner London - East,85 : Education,85,85,37720
2023,Inner London - East,86 : Human health activities,86,86,31550
2023,Inner London - East,87 : Residential care activities,87,87,4300
2023,Inner London - East,88 : Social work activities without accommodation,88,88,18500
2023,Inner London - East,"90 : Creative, arts and entertainment activities",90,90,4050
2023,Inner London - East,"91 : Libraries, archives, museums and other cultural activities",91,91,1925
2023,Inner London - East,92 : Gambling and betting activities,92,92,1500
2023,Inner London - East,93 : Sports activities and amusement and recreation activities,93,93,7220
2023,Inner London - East,94 : Activities of membership organisations,94,94,4025
2023,Inner London - East,95 : Repair of computers and personal and household goods,95,95,945
2023,Inner London - East,96 : Other personal service activities,96,96,5725
2023,Inner London - East,97 : Activities of households as employers of domestic personnel,97,97,0
2023,Inner London - East,98 : Undifferentiated goods- and services-producing activities of private households for own use,98,98,0
2023,Inner London - East,99 : Activities of extraterritorial organisations and bodies,99,99,0
2023,Inner London - West,"01 : Crop and animal production, hunting and related service activities",01,1,80
2023,Inner London - West,02 : Forestry and logging,02,2,45
2023,Inner London - West,03 : Fishing and aquaculture,03,3,0
2023,Inner London - West,05 : Mining of coal and lignite,05,5,0
2023,Inner London - West,06 : Extraction of crude petroleum and natural gas,06,6,40
2023,Inner London - West,07 : Mining of metal ores,07,7,0
2023,Inner London - West,08 : Other mining and quarrying,08,8,5
2023,Inner London - West,09 : Mining support service activities,09,9,10
2023,Inner London - West,10 : Manufacture of food products,10,10,425
2023,Inner London - West,11 : Manufacture of beverages,11,11,260
2023,Inner London - West,12 : Manufacture of tobacco products,12,12,0
2023,Inner London - West,13 : Manufacture of textiles,13,13,160
2023,Inner London - West,14 : Manufacture of wearing apparel,14,14,650
2023,Inner London - West,15 : Manufacture of leather and related products,15,15,0
2023,Inner London - West,"16 : Manufacture of wood and of products of wood and cork, except furniture;manufacture of articles of straw and plaiting materials",16,16,0
2023,Inner London - West,17 : Manufacture of paper and paper products,17,17,90
2023,Inner London - West,18 : Printing and reproduction of recorded media,18,18,235
2023,Inner London - West,19 : Manufacture of coke and refined petroleum products,19,19,0
2023,Inner London - West,20 : Manufacture of chemicals and chemical products,20,20,265
2023,Inner London - West,21 : Manufacture of basic pharmaceutical products and pharmaceutical preparations,21,21,600
2023,Inner London - West,22 : Manufacture of rubber and plastic products,22,22,10
2023,Inner London - West,23 : Manufacture of other non-metallic mineral products,23,23,10
2023,Inner London - West,24 : Manufacture of basic metals,24,24,0
2023,Inner London - West,"25 : Manufacture of fabricated metal products, except machinery and equipment",25,25,55
2023,Inner London - West,"26 : Manufacture of computer, electronic and optical products",26,26,170
2023,Inner London - West,27 : Manufacture of electrical equipment,27,27,140
2023,Inner London - West,28 : Manufacture of machinery and equipment n.e.c.,28,28,50
2023,Inner London - West,"29 : Manufacture of motor vehicles, trailers and semi-trailers",29,29,35
2023,Inner London - West,30 : Manufacture of other transport equipment,30,30,0
2023,Inner London - West,31 : Manufacture of furniture,31,31,30
2023,Inner London - West,32 : Other manufacturing,32,32,585
2023,Inner London - West,33 : Repair and installation of machinery and equipment,33,33,210
2023,Inner London - West,"35 : Electricity, gas, steam and air conditioning supply",35,35,580
2023,Inner London - West,"36 : Water collection, treatment and supply",36,36,0
2023,Inner London - West,37 : Sewerage,37,37,20
2023,Inner London - West,"38 : Waste collection, treatment and disposal activities; materials recovery",38,38,110
2023,Inner London - West,"39 : Remediation activities and other waste management services. This division includes the provision of remediation services, i.e. the cleanup of contaminated buildings and sites, soil, surface or ground water.",39,39,0
2023,Inner London - West,41 : Construction of buildings,41,41,7000
2023,Inner London - West,42 : Civil engineering,42,42,320
2023,Inner London - West,43 : Specialised construction activities,43,43,2100
2023,Inner London - West,45 : Wholesale and retail trade and repair of motor vehicles and motorcycles,45,45,730
2023,Inner London - West,"46 : Wholesale trade, except of motor vehicles and motorcycles",46,46,8080
2023,Inner London - West,"47 : Retail trade, except of motor vehicles and motorcycles",47,47,48255
2023,Inner London - West,49 : Land transport and transport via pipelines,49,49,1980
2023,Inner London - West,50 : Water transport,50,50,35
2023,Inner London - West,51 : Air transport,51,51,150
2023,Inner London - West,52 : Warehousing and support activities for transportation,52,52,2040
2023,Inner London - West,53 : Postal and courier activities,53,53,900
2023,Inner London - West,55 : Accommodation,55,55,13125
2023,Inner London - West,56 : Food and beverage service activities,56,56,64250
2023,Inner London - West,58 : Publishing activities,58,58,3565
2023,Inner London - West,"59 : Motion picture, video and television programme production, sound recording and music publishing activities",59,59,5500
2023,Inner London - West,60 : Programming and broadcasting activities,60,60,1500
2023,Inner London - West,61 : Telecommunications,61,61,770
2023,Inner London - West,"62 : Computer programming, consultancy and related activities",62,62,9975
2023,Inner London - West,63 : Information service activities,63,63,675
2023,Inner London - West,"64 : Financial service activities, except insurance and pension funding",64,64,7180
2023,Inner London - West,"65 : Insurance, reinsurance and pension funding, except compulsory social security",65,65,1590
2023,Inner London - West,66 : Activities auxiliary to financial services and insurance activities,66,66,8750
2023,Inner London - West,68 : Real estate activities,68,68,18200
2023,Inner London - West,69 : Legal and accounting activities,69,69,13050
2023,Inner London - West,70 : Activities of head offices; management consultancy activities,70,70,20750
2023,Inner London - West,71 : Architectural and engineering activities; technical testing and analysis,71,71,4925
2023,Inner London - West,72 : Scientific research and development,72,72,1750
2023,Inner London - West,73 : Advertising and market research,73,73,3500
2023,Inner London - West,"74 : Other professional, scientific and technical activities",74,74,3850
2023,Inner London - West,75 : Veterinary activities,75,75,100
2023,Inner London - West,77 : Rental and leasing activities,77,77,455
2023,Inner London - West,78 : Employment activities,78,78,22550
2023,Inner London - West,"79 : Travel agency, tour operator and other reservation service and related activities",79,79,1880
2023,Inner London - West,80 : Security and investigation activities,80,80,3675
2023,Inner London - West,81 : Services to buildings and landscape activities,81,81,15020
2023,Inner London - West,"82 : Office administrative, office support and other business support activities",82,82,11270
2023,Inner London - West,84 : Public administration and defence; compulsory social security,84,84,9520
2023,Inner London - West,85 : Education,85,85,37115
2023,Inner London - West,86 : Human health activities,86,86,33600
2023,Inner London - West,87 : Residential care activities,87,87,2475
2023,Inner London - West,88 : Social work activities without accommodation,88,88,11500
2023,Inner London - West,"90 : Creative, arts and entertainment activities",90,90,6700
2023,Inner London - West,"91 : Libraries, archives, museums and other cultural activities",91,91,3860
2023,Inner London - West,92 : Gambling and betting activities,92,92,1750
2023,Inner London - West,93 : Sports activities and amusement and recreation activities,93,93,11675
2023,Inner London - West,94 : Activities of membership organisations,94,94,6800
2023,Inner London - West,95 : Repair of computers and personal and household goods,95,95,680
2023,Inner London - West,96 : Other personal service activities,96,96,7150
2023,Inner London - West,97 : Activities of households as employers of domestic personnel,97,97,0
2023,Inner London - West,98 : Undifferentiated goods- and services-producing activities of private households for own use,98,98,0
2023,Inner London - West,99 : Activities of extraterritorial organisations and bodies,99,99,0
2023,Kent,"01 : Crop and animal production, hunting and related service activities",01,1,830
2023,Kent,02 : Forestry and logging,02,2,120
2023,Kent,03 : Fishing and aquaculture,03,3,30
2023,Kent,05 : Mining of coal and lignite,05,5,0
2023,Kent,06 : Extraction of crude petroleum and natural gas,06,6,0
2023,Kent,07 : Mining of metal ores,07,7,0
2023,Kent,08 : Other mining and quarrying,08,8,10
2023,Kent,09 : Mining support service activities,09,9,0
2023,Kent,10 : Manufacture of food products,10,10,705
2023,Kent,11 : Manufacture of beverages,11,11,290
2023,Kent,12 : Manufacture of tobacco products,12,12,0
2023,Kent,13 : Manufacture of textiles,13,13,80
2023,Kent,14 : Manufacture of wearing apparel,14,14,225
2023,Kent,15 : Manufacture of leather and related products,15,15,20
2023,Kent,"16 : Manufacture of wood and of products of wood and cork, except furniture;manufacture of articles of straw and plaiting materials",16,16,110
2023,Kent,17 : Manufacture of paper and paper products,17,17,140
2023,Kent,18 : Printing and reproduction of recorded media,18,18,105
2023,Kent,19 : Manufacture of coke and refined petroleum products,19,19,10
2023,Kent,20 : Manufacture of chemicals and chemical products,20,20,225
2023,Kent,21 : Manufacture of basic pharmaceutical products and pharmaceutical preparations,21,21,50
2023,Kent,22 : Manufacture of rubber and plastic products,22,22,400
2023,Kent,23 : Manufacture of other non-metallic mineral products,23,23,155
2023,Kent,24 : Manufacture of basic metals,24,24,40
2023,Kent,"25 : Manufacture of fabricated metal products, except machinery and equipment",25,25,560
2023,Kent,"26 : Manufacture of computer, electronic and optical products",26,26,260
2023,Kent,27 : Manufacture of electrical equipment,27,27,155
2023,Kent,28 : Manufacture of machinery and equipment n.e.c.,28,28,170
2023,Kent,"29 : Manufacture of motor vehicles, trailers and semi-trailers",29,29,135
2023,Kent,30 : Manufacture of other transport equipment,30,30,10
2023,Kent,31 : Manufacture of furniture,31,31,100
2023,Kent,32 : Other manufacturing,32,32,255
2023,Kent,33 : Repair and installation of machinery and equipment,33,33,450
2023,Kent,"35 : Electricity, gas, steam and air conditioning supply",35,35,110
2023,Kent,"36 : Water collection, treatment and supply",36,36,100
2023,Kent,37 : Sewerage,37,37,50
2023,Kent,"38 : Waste collection, treatment and disposal activities; materials recovery",38,38,240
2023,Kent,"39 : Remediation activities and other waste management services. This division includes the provision of remediation services, i.e. the cleanup of contaminated buildings and sites, soil, surface or ground water.",39,39,300
2023,Kent,41 : Construction of buildings,41,41,2050
2023,Kent,42 : Civil engineering,42,42,715
2023,Kent,43 : Specialised construction activities,43,43,3765
2023,Kent,45 : Wholesale and retail trade and repair of motor vehicles and motorcycles,45,45,2110
2023,Kent,"46 : Wholesale trade, except of motor vehicles and motorcycles",46,46,3855
2023,Kent,"47 : Retail trade, except of motor vehicles and motorcycles",47,47,42550
2023,Kent,49 : Land transport and transport via pipelines,49,49,3855
2023,Kent,50 : Water transport,50,50,140
2023,Kent,51 : Air transport,51,51,35
2023,Kent,52 : Warehousing and support activities for transportation,52,52,2290
2023,Kent,53 : Postal and courier activities,53,53,1190
2023,Kent,55 : Accommodation,55,55,4715
2023,Kent,56 : Food and beverage service activities,56,56,32800
2023,Kent,58 : Publishing activities,58,58,300
2023,Kent,"59 : Motion picture, video and television programme production, sound recording and music publishing activities",59,59,560
2023,Kent,60 : Programming and broadcasting activities,60,60,90
2023,Kent,61 : Telecommunications,61,61,145
2023,Kent,"62 : Computer programming, consultancy and related activities",62,62,2260
2023,Kent,63 : Information service activities,63,63,135
2023,Kent,"64 : Financial service activities, except insurance and pension funding",64,64,1190
2023,Kent,"65 : Insurance, reinsurance and pension funding, except compulsory social security",65,65,260
2023,Kent,66 : Activities auxiliary to financial services and insurance activities,66,66,2050
2023,Kent,68 : Real estate activities,68,68,3665
2023,Kent,69 : Legal and accounting activities,69,69,3230
2023,Kent,70 : Activities of head offices; management consultancy activities,70,70,3600
2023,Kent,71 : Architectural and engineering activities; technical testing and analysis,71,71,1510
2023,Kent,72 : Scientific research and development,72,72,270
2023,Kent,73 : Advertising and market research,73,73,700
2023,Kent,"74 : Other professional, scientific and technical activities",74,74,630
2023,Kent,75 : Veterinary activities,75,75,800
2023,Kent,77 : Rental and leasing activities,77,77,880
2023,Kent,78 : Employment activities,78,78,6080
2023,Kent,"79 : Travel agency, tour operator and other reservation service and related activities",79,79,300
2023,Kent,80 : Security and investigation activities,80,80,1745
2023,Kent,81 : Services to buildings and landscape activities,81,81,10790
2023,Kent,"82 : Office administrative, office support and other business support activities",82,82,2125
2023,Kent,84 : Public administration and defence; compulsory social security,84,84,6380
2023,Kent,85 : Education,85,85,30880
2023,Kent,86 : Human health activities,86,86,27300
2023,Kent,87 : Residential care activities,87,87,8900
2023,Kent,88 : Social work activities without accommodation,88,88,11500
2023,Kent,"90 : Creative, arts and entertainment activities",90,90,650
2023,Kent,"91 : Libraries, archives, museums and other cultural activities",91,91,1950
2023,Kent,92 : Gambling and betting activities,92,92,500
2023,Kent,93 : Sports activities and amusement and recreation activities,93,93,7920
2023,Kent,94 : Activities of membership organisations,94,94,2310
2023,Kent,95 : Repair of computers and personal and household goods,95,95,230
2023,Kent,96 : Other personal service activities,96,96,2475
2023,Kent,97 : Activities of households as employers of domestic personnel,97,97,0
2023,Kent,98 : Undifferentiated goods- and services-producing activities of private households for own use,98,98,0
2023,Kent,99 : Activities of extraterritorial organisations and bodies,99,99,0
2023,Lancashire,"01 : Crop and animal production, hunting and related service activities",01,1,1000
2023,Lancashire,02 : Forestry and logging,02,2,40
2023,Lancashire,03 : Fishing and aquaculture,03,3,10
2023,Lancashire,05 : Mining of coal and lignite,05,5,0
2023,Lancashire,06 : Extraction of crude petroleum and natural gas,06,6,0
2023,Lancashire,07 : Mining of metal ores,07,7,0
2023,Lancashire,08 : Other mining and quarrying,08,8,5
2023,Lancashire,09 : Mining support service activities,09,9,0
2023,Lancashire,10 : Manufacture of food products,10,10,2410
2023,Lancashire,11 : Manufacture of beverages,11,11,235
2023,Lancashire,12 : Manufacture of tobacco products,12,12,0
2023,Lancashire,13 : Manufacture of textiles,13,13,310
2023,Lancashire,14 : Manufacture of wearing apparel,14,14,60
2023,Lancashire,15 : Manufacture of leather and related products,15,15,100
2023,Lancashire,"16 : Manufacture of wood and of products of wood and cork, except furniture;manufacture of articles of straw and plaiting materials",16,16,20
2023,Lancashire,17 : Manufacture of paper and paper products,17,17,220
2023,Lancashire,18 : Printing and reproduction of recorded media,18,18,185
2023,Lancashire,19 : Manufacture of coke and refined petroleum products,19,19,0
2023,Lancashire,20 : Manufacture of chemicals and chemical products,20,20,195
2023,Lancashire,21 : Manufacture of basic pharmaceutical products and pharmaceutical preparations,21,21,35
2023,Lancashire,22 : Manufacture of rubber and plastic products,22,22,610
2023,Lancashire,23 : Manufacture of other non-metallic mineral products,23,23,50
2023,Lancashire,24 : Manufacture of basic metals,24,24,185
2023,Lancashire,"25 : Manufacture of fabricated metal products, except machinery and equipment",25,25,645
2023,Lancashire,"26 : Manufacture of computer, electronic and optical products",26,26,130
2023,Lancashire,27 : Manufacture of electrical equipment,27,27,40
2023,Lancashire,28 : Manufacture of machinery and equipment n.e.c.,28,28,180
2023,Lancashire,"29 : Manufacture of motor vehicles, trailers and semi-trailers",29,29,55
2023,Lancashire,30 : Manufacture of other transport equipment,30,30,515
2023,Lancashire,31 : Manufacture of furniture,31,31,385
2023,Lancashire,32 : Other manufacturing,32,32,265
2023,Lancashire,33 : Repair and installation of machinery and equipment,33,33,130
2023,Lancashire,"35 : Electricity, gas, steam and air conditioning supply",35,35,85
2023,Lancashire,"36 : Water collection, treatment and supply",36,36,50
2023,Lancashire,37 : Sewerage,37,37,15
2023,Lancashire,"38 : Waste collection, treatment and disposal activities; materials recovery",38,38,190
2023,Lancashire,"39 : Remediation activities and other waste management services. This division includes the provision of remediation services, i.e. the cleanup of contaminated buildings and sites, soil, surface or ground water.",39,39,5
2023,Lancashire,41 : Construction of buildings,41,41,1350
2023,Lancashire,42 : Civil engineering,42,42,420
2023,Lancashire,43 : Specialised construction activities,43,43,3305
2023,Lancashire,45 : Wholesale and retail trade and repair of motor vehicles and motorcycles,45,45,2075
2023,Lancashire,"46 : Wholesale trade, except of motor vehicles and motorcycles",46,46,4135
2023,Lancashire,"47 : Retail trade, except of motor vehicles and motorcycles",47,47,33695
2023,Lancashire,49 : Land transport and transport via pipelines,49,49,1340
2023,Lancashire,50 : Water transport,50,50,30
2023,Lancashire,51 : Air transport,51,51,55
2023,Lancashire,52 : Warehousing and support activities for transportation,52,52,870
2023,Lancashire,53 : Postal and courier activities,53,53,630
2023,Lancashire,55 : Accommodation,55,55,5050
2023,Lancashire,56 : Food and beverage service activities,56,56,27600
2023,Lancashire,58 : Publishing activities,58,58,165
2023,Lancashire,"59 : Motion picture, video and television programme production, sound recording and music publishing activities",59,59,380
2023,Lancashire,60 : Programming and broadcasting activities,60,60,20
2023,Lancashire,61 : Telecommunications,61,61,450
2023,Lancashire,"62 : Computer programming, consultancy and related activities",62,62,645
2023,Lancashire,63 : Information service activities,63,63,30
2023,Lancashire,"64 : Financial service activities, except insurance and pension funding",64,64,800
2023,Lancashire,"65 : Insurance, reinsurance and pension funding, except compulsory social security",65,65,15
2023,Lancashire,66 : Activities auxiliary to financial services and insurance activities,66,66,670
2023,Lancashire,68 : Real estate activities,68,68,2375
2023,Lancashire,69 : Legal and accounting activities,69,69,3295
2023,Lancashire,70 : Activities of head offices; management consultancy activities,70,70,1980
2023,Lancashire,71 : Architectural and engineering activities; technical testing and analysis,71,71,710
2023,Lancashire,72 : Scientific research and development,72,72,60
2023,Lancashire,73 : Advertising and market research,73,73,120
2023,Lancashire,"74 : Other professional, scientific and technical activities",74,74,810
2023,Lancashire,75 : Veterinary activities,75,75,700
2023,Lancashire,77 : Rental and leasing activities,77,77,625
2023,Lancashire,78 : Employment activities,78,78,4305
2023,Lancashire,"79 : Travel agency, tour operator and other reservation service and related activities",79,79,1720
2023,Lancashire,80 : Security and investigation activities,80,80,1090
2023,Lancashire,81 : Services to buildings and landscape activities,81,81,5035
2023,Lancashire,"82 : Office administrative, office support and other business support activities",82,82,2180
2023,Lancashire,84 : Public administration and defence; compulsory social security,84,84,9690
2023,Lancashire,85 : Education,85,85,24325
2023,Lancashire,86 : Human health activities,86,86,24100
2023,Lancashire,87 : Residential care activities,87,87,7950
2023,Lancashire,88 : Social work activities without accommodation,88,88,8750
2023,Lancashire,"90 : Creative, arts and entertainment activities",90,90,250
2023,Lancashire,"91 : Libraries, archives, museums and other cultural activities",91,91,645
2023,Lancashire,92 : Gambling and betting activities,92,92,800
2023,Lancashire,93 : Sports activities and amusement and recreation activities,93,93,7205
2023,Lancashire,94 : Activities of membership organisations,94,94,1360
2023,Lancashire,95 : Repair of computers and personal and household goods,95,95,535
2023,Lancashire,96 : Other personal service activities,96,96,2450
2023,Lancashire,97 : Activities of households as employers of domestic personnel,97,97,0
2023,Lancashire,98 : Undifferentiated goods- and services-producing activities of private households for own use,98,98,0
2023,Lancashire,99 : Activities of extraterritorial organisations and bodies,99,99,0
2023,"Leicestershire, Rutland and Northamptonshire","01 : Crop and animal production, hunting and related service activities",01,1,850
2023,"Leicestershire, Rutland and Northamptonshire",02 : Forestry and logging,02,2,35
2023,"Leicestershire, Rutland and Northamptonshire",03 : Fishing and aquaculture,03,3,0
2023,"Leicestershire, Rutland and Northamptonshire",05 : Mining of coal and lignite,05,5,0
2023,"Leicestershire, Rutland and Northamptonshire",06 : Extraction of crude petroleum and natural gas,06,6,0
2023,"Leicestershire, Rutland and Northamptonshire",07 : Mining of metal ores,07,7,0
2023,"Leicestershire, Rutland and Northamptonshire",08 : Other mining and quarrying,08,8,160
2023,"Leicestershire, Rutland and Northamptonshire",09 : Mining support service activities,09,9,0
2023,"Leicestershire, Rutland and Northamptonshire",10 : Manufacture of food products,10,10,2255
2023,"Leicestershire, Rutland and Northamptonshire",11 : Manufacture of beverages,11,11,175
2023,"Leicestershire, Rutland and Northamptonshire",12 : Manufacture of tobacco products,12,12,0
2023,"Leicestershire, Rutland and Northamptonshire",13 : Manufacture of textiles,13,13,635
2023,"Leicestershire, Rutland and Northamptonshire",14 : Manufacture of wearing apparel,14,14,3200
2023,"Leicestershire, Rutland and Northamptonshire",15 : Manufacture of leather and related products,15,15,105
2023,"Leicestershire, Rutland and Northamptonshire","16 : Manufacture of wood and of products of wood and cork, except furniture;manufacture of articles of straw and plaiting materials",16,16,670
2023,"Leicestershire, Rutland and Northamptonshire",17 : Manufacture of paper and paper products,17,17,205
2023,"Leicestershire, Rutland and Northamptonshire",18 : Printing and reproduction of recorded media,18,18,135
2023,"Leicestershire, Rutland and Northamptonshire",19 : Manufacture of coke and refined petroleum products,19,19,0
2023,"Leicestershire, Rutland and Northamptonshire",20 : Manufacture of chemicals and chemical products,20,20,175
2023,"Leicestershire, Rutland and Northamptonshire",21 : Manufacture of basic pharmaceutical products and pharmaceutical preparations,21,21,125
2023,"Leicestershire, Rutland and Northamptonshire",22 : Manufacture of rubber and plastic products,22,22,700
2023,"Leicestershire, Rutland and Northamptonshire",23 : Manufacture of other non-metallic mineral products,23,23,350
2023,"Leicestershire, Rutland and Northamptonshire",24 : Manufacture of basic metals,24,24,110
2023,"Leicestershire, Rutland and Northamptonshire","25 : Manufacture of fabricated metal products, except machinery and equipment",25,25,770
2023,"Leicestershire, Rutland and Northamptonshire","26 : Manufacture of computer, electronic and optical products",26,26,360
2023,"Leicestershire, Rutland and Northamptonshire",27 : Manufacture of electrical equipment,27,27,215
2023,"Leicestershire, Rutland and Northamptonshire",28 : Manufacture of machinery and equipment n.e.c.,28,28,465
2023,"Leicestershire, Rutland and Northamptonshire","29 : Manufacture of motor vehicles, trailers and semi-trailers",29,29,675
2023,"Leicestershire, Rutland and Northamptonshire",30 : Manufacture of other transport equipment,30,30,100
2023,"Leicestershire, Rutland and Northamptonshire",31 : Manufacture of furniture,31,31,155
2023,"Leicestershire, Rutland and Northamptonshire",32 : Other manufacturing,32,32,620
2023,"Leicestershire, Rutland and Northamptonshire",33 : Repair and installation of machinery and equipment,33,33,305
2023,"Leicestershire, Rutland and Northamptonshire","35 : Electricity, gas, steam and air conditioning supply",35,35,1095
2023,"Leicestershire, Rutland and Northamptonshire","36 : Water collection, treatment and supply",36,36,20
2023,"Leicestershire, Rutland and Northamptonshire",37 : Sewerage,37,37,10
2023,"Leicestershire, Rutland and Northamptonshire","38 : Waste collection, treatment and disposal activities; materials recovery",38,38,305
2023,"Leicestershire, Rutland and Northamptonshire","39 : Remediation activities and other waste management services. This division includes the provision of remediation services, i.e. the cleanup of contaminated buildings and sites, soil, surface or ground water.",39,39,0
2023,"Leicestershire, Rutland and Northamptonshire",41 : Construction of buildings,41,41,1425
2023,"Leicestershire, Rutland and Northamptonshire",42 : Civil engineering,42,42,380
2023,"Leicestershire, Rutland and Northamptonshire",43 : Specialised construction activities,43,43,2810
2023,"Leicestershire, Rutland and Northamptonshire",45 : Wholesale and retail trade and repair of motor vehicles and motorcycles,45,45,3275
2023,"Leicestershire, Rutland and Northamptonshire","46 : Wholesale trade, except of motor vehicles and motorcycles",46,46,6615
2023,"Leicestershire, Rutland and Northamptonshire","47 : Retail trade, except of motor vehicles and motorcycles",47,47,38980
2023,"Leicestershire, Rutland and Northamptonshire",49 : Land transport and transport via pipelines,49,49,2500
2023,"Leicestershire, Rutland and Northamptonshire",50 : Water transport,50,50,0
2023,"Leicestershire, Rutland and Northamptonshire",51 : Air transport,51,51,190
2023,"Leicestershire, Rutland and Northamptonshire",52 : Warehousing and support activities for transportation,52,52,4615
2023,"Leicestershire, Rutland and Northamptonshire",53 : Postal and courier activities,53,53,3550
2023,"Leicestershire, Rutland and Northamptonshire",55 : Accommodation,55,55,3745
2023,"Leicestershire, Rutland and Northamptonshire",56 : Food and beverage service activities,56,56,29750
2023,"Leicestershire, Rutland and Northamptonshire",58 : Publishing activities,58,58,410
2023,"Leicestershire, Rutland and Northamptonshire","59 : Motion picture, video and television programme production, sound recording and music publishing activities",59,59,570
2023,"Leicestershire, Rutland and Northamptonshire",60 : Programming and broadcasting activities,60,60,35
2023,"Leicestershire, Rutland and Northamptonshire",61 : Telecommunications,61,61,225
2023,"Leicestershire, Rutland and Northamptonshire","62 : Computer programming, consultancy and related activities",62,62,2170
2023,"Leicestershire, Rutland and Northamptonshire",63 : Information service activities,63,63,60
2023,"Leicestershire, Rutland and Northamptonshire","64 : Financial service activities, except insurance and pension funding",64,64,1545
2023,"Leicestershire, Rutland and Northamptonshire","65 : Insurance, reinsurance and pension funding, except compulsory social security",65,65,20
2023,"Leicestershire, Rutland and Northamptonshire",66 : Activities auxiliary to financial services and insurance activities,66,66,1360
2023,"Leicestershire, Rutland and Northamptonshire",68 : Real estate activities,68,68,5185
2023,"Leicestershire, Rutland and Northamptonshire",69 : Legal and accounting activities,69,69,3820
2023,"Leicestershire, Rutland and Northamptonshire",70 : Activities of head offices; management consultancy activities,70,70,7300
2023,"Leicestershire, Rutland and Northamptonshire",71 : Architectural and engineering activities; technical testing and analysis,71,71,1650
2023,"Leicestershire, Rutland and Northamptonshire",72 : Scientific research and development,72,72,510
2023,"Leicestershire, Rutland and Northamptonshire",73 : Advertising and market research,73,73,355
2023,"Leicestershire, Rutland and Northamptonshire","74 : Other professional, scientific and technical activities",74,74,1870
2023,"Leicestershire, Rutland and Northamptonshire",75 : Veterinary activities,75,75,700
2023,"Leicestershire, Rutland and Northamptonshire",77 : Rental and leasing activities,77,77,625
2023,"Leicestershire, Rutland and Northamptonshire",78 : Employment activities,78,78,11125
2023,"Leicestershire, Rutland and Northamptonshire","79 : Travel agency, tour operator and other reservation service and related activities",79,79,465
2023,"Leicestershire, Rutland and Northamptonshire",80 : Security and investigation activities,80,80,3660
2023,"Leicestershire, Rutland and Northamptonshire",81 : Services to buildings and landscape activities,81,81,5225
2023,"Leicestershire, Rutland and Northamptonshire","82 : Office administrative, office support and other business support activities",82,82,3885
2023,"Leicestershire, Rutland and Northamptonshire",84 : Public administration and defence; compulsory social security,84,84,7275
2023,"Leicestershire, Rutland and Northamptonshire",85 : Education,85,85,34165
2023,"Leicestershire, Rutland and Northamptonshire",86 : Human health activities,86,86,26350
2023,"Leicestershire, Rutland and Northamptonshire",87 : Residential care activities,87,87,7750
2023,"Leicestershire, Rutland and Northamptonshire",88 : Social work activities without accommodation,88,88,9500
2023,"Leicestershire, Rutland and Northamptonshire","90 : Creative, arts and entertainment activities",90,90,925
2023,"Leicestershire, Rutland and Northamptonshire","91 : Libraries, archives, museums and other cultural activities",91,91,685
2023,"Leicestershire, Rutland and Northamptonshire",92 : Gambling and betting activities,92,92,700
2023,"Leicestershire, Rutland and Northamptonshire",93 : Sports activities and amusement and recreation activities,93,93,9550
2023,"Leicestershire, Rutland and Northamptonshire",94 : Activities of membership organisations,94,94,2065
2023,"Leicestershire, Rutland and Northamptonshire",95 : Repair of computers and personal and household goods,95,95,55
2023,"Leicestershire, Rutland and Northamptonshire",96 : Other personal service activities,96,96,2375
2023,"Leicestershire, Rutland and Northamptonshire",97 : Activities of households as employers of domestic personnel,97,97,0
2023,"Leicestershire, Rutland and Northamptonshire",98 : Undifferentiated goods- and services-producing activities of private households for own use,98,98,0
2023,"Leicestershire, Rutland and Northamptonshire",99 : Activities of extraterritorial organisations and bodies,99,99,0
2023,Lincolnshire,"01 : Crop and animal production, hunting and related service activities",01,1,1100
2023,Lincolnshire,02 : Forestry and logging,02,2,20
2023,Lincolnshire,03 : Fishing and aquaculture,03,3,0
2023,Lincolnshire,05 : Mining of coal and lignite,05,5,0
2023,Lincolnshire,06 : Extraction of crude petroleum and natural gas,06,6,0
2023,Lincolnshire,07 : Mining of metal ores,07,7,0
2023,Lincolnshire,08 : Other mining and quarrying,08,8,20
2023,Lincolnshire,09 : Mining support service activities,09,9,5
2023,Lincolnshire,10 : Manufacture of food products,10,10,715
2023,Lincolnshire,11 : Manufacture of beverages,11,11,10
2023,Lincolnshire,12 : Manufacture of tobacco products,12,12,0
2023,Lincolnshire,13 : Manufacture of textiles,13,13,110
2023,Lincolnshire,14 : Manufacture of wearing apparel,14,14,35
2023,Lincolnshire,15 : Manufacture of leather and related products,15,15,10
2023,Lincolnshire,"16 : Manufacture of wood and of products of wood and cork, except furniture;manufacture of articles of straw and plaiting materials",16,16,245
2023,Lincolnshire,17 : Manufacture of paper and paper products,17,17,40
2023,Lincolnshire,18 : Printing and reproduction of recorded media,18,18,85
2023,Lincolnshire,19 : Manufacture of coke and refined petroleum products,19,19,40
2023,Lincolnshire,20 : Manufacture of chemicals and chemical products,20,20,35
2023,Lincolnshire,21 : Manufacture of basic pharmaceutical products and pharmaceutical preparations,21,21,40
2023,Lincolnshire,22 : Manufacture of rubber and plastic products,22,22,160
2023,Lincolnshire,23 : Manufacture of other non-metallic mineral products,23,23,45
2023,Lincolnshire,24 : Manufacture of basic metals,24,24,15
2023,Lincolnshire,"25 : Manufacture of fabricated metal products, except machinery and equipment",25,25,235
2023,Lincolnshire,"26 : Manufacture of computer, electronic and optical products",26,26,55
2023,Lincolnshire,27 : Manufacture of electrical equipment,27,27,70
2023,Lincolnshire,28 : Manufacture of machinery and equipment n.e.c.,28,28,215
2023,Lincolnshire,"29 : Manufacture of motor vehicles, trailers and semi-trailers",29,29,155
2023,Lincolnshire,30 : Manufacture of other transport equipment,30,30,15
2023,Lincolnshire,31 : Manufacture of furniture,31,31,15
2023,Lincolnshire,32 : Other manufacturing,32,32,155
2023,Lincolnshire,33 : Repair and installation of machinery and equipment,33,33,120
2023,Lincolnshire,"35 : Electricity, gas, steam and air conditioning supply",35,35,110
2023,Lincolnshire,"36 : Water collection, treatment and supply",36,36,100
2023,Lincolnshire,37 : Sewerage,37,37,15
2023,Lincolnshire,"38 : Waste collection, treatment and disposal activities; materials recovery",38,38,110
2023,Lincolnshire,"39 : Remediation activities and other waste management services. This division includes the provision of remediation services, i.e. the cleanup of contaminated buildings and sites, soil, surface or ground water.",39,39,5
2023,Lincolnshire,41 : Construction of buildings,41,41,575
2023,Lincolnshire,42 : Civil engineering,42,42,170
2023,Lincolnshire,43 : Specialised construction activities,43,43,1030
2023,Lincolnshire,45 : Wholesale and retail trade and repair of motor vehicles and motorcycles,45,45,1165
2023,Lincolnshire,"46 : Wholesale trade, except of motor vehicles and motorcycles",46,46,2395
2023,Lincolnshire,"47 : Retail trade, except of motor vehicles and motorcycles",47,47,16895
2023,Lincolnshire,49 : Land transport and transport via pipelines,49,49,1345
2023,Lincolnshire,50 : Water transport,50,50,0
2023,Lincolnshire,51 : Air transport,51,51,0
2023,Lincolnshire,52 : Warehousing and support activities for transportation,52,52,270
2023,Lincolnshire,53 : Postal and courier activities,53,53,600
2023,Lincolnshire,55 : Accommodation,55,55,3355
2023,Lincolnshire,56 : Food and beverage service activities,56,56,11900
2023,Lincolnshire,58 : Publishing activities,58,58,280
2023,Lincolnshire,"59 : Motion picture, video and television programme production, sound recording and music publishing activities",59,59,165
2023,Lincolnshire,60 : Programming and broadcasting activities,60,60,10
2023,Lincolnshire,61 : Telecommunications,61,61,100
2023,Lincolnshire,"62 : Computer programming, consultancy and related activities",62,62,400
2023,Lincolnshire,63 : Information service activities,63,63,5
2023,Lincolnshire,"64 : Financial service activities, except insurance and pension funding",64,64,225
2023,Lincolnshire,"65 : Insurance, reinsurance and pension funding, except compulsory social security",65,65,0
2023,Lincolnshire,66 : Activities auxiliary to financial services and insurance activities,66,66,230
2023,Lincolnshire,68 : Real estate activities,68,68,1935
2023,Lincolnshire,69 : Legal and accounting activities,69,69,1190
2023,Lincolnshire,70 : Activities of head offices; management consultancy activities,70,70,1130
2023,Lincolnshire,71 : Architectural and engineering activities; technical testing and analysis,71,71,470
2023,Lincolnshire,72 : Scientific research and development,72,72,10
2023,Lincolnshire,73 : Advertising and market research,73,73,75
2023,Lincolnshire,"74 : Other professional, scientific and technical activities",74,74,485
2023,Lincolnshire,75 : Veterinary activities,75,75,250
2023,Lincolnshire,77 : Rental and leasing activities,77,77,180
2023,Lincolnshire,78 : Employment activities,78,78,4285
2023,Lincolnshire,"79 : Travel agency, tour operator and other reservation service and related activities",79,79,140
2023,Lincolnshire,80 : Security and investigation activities,80,80,265
2023,Lincolnshire,81 : Services to buildings and landscape activities,81,81,2635
2023,Lincolnshire,"82 : Office administrative, office support and other business support activities",82,82,860
2023,Lincolnshire,84 : Public administration and defence; compulsory social security,84,84,2375
2023,Lincolnshire,85 : Education,85,85,10015
2023,Lincolnshire,86 : Human health activities,86,86,11975
2023,Lincolnshire,87 : Residential care activities,87,87,4300
2023,Lincolnshire,88 : Social work activities without accommodation,88,88,3750
2023,Lincolnshire,"90 : Creative, arts and entertainment activities",90,90,405
2023,Lincolnshire,"91 : Libraries, archives, museums and other cultural activities",91,91,480
2023,Lincolnshire,92 : Gambling and betting activities,92,92,450
2023,Lincolnshire,93 : Sports activities and amusement and recreation activities,93,93,3210
2023,Lincolnshire,94 : Activities of membership organisations,94,94,625
2023,Lincolnshire,95 : Repair of computers and personal and household goods,95,95,10
2023,Lincolnshire,96 : Other personal service activities,96,96,920
2023,Lincolnshire,97 : Activities of households as employers of domestic personnel,97,97,0
2023,Lincolnshire,98 : Undifferentiated goods- and services-producing activities of private households for own use,98,98,0
2023,Lincolnshire,99 : Activities of extraterritorial organisations and bodies,99,99,0
2023,Merseyside,"01 : Crop and animal production, hunting and related service activities",01,1,90
2023,Merseyside,02 : Forestry and logging,02,2,10
2023,Merseyside,03 : Fishing and aquaculture,03,3,0
2023,Merseyside,05 : Mining of coal and lignite,05,5,0
2023,Merseyside,06 : Extraction of crude petroleum and natural gas,06,6,0
2023,Merseyside,07 : Mining of metal ores,07,7,0
2023,Merseyside,08 : Other mining and quarrying,08,8,0
2023,Merseyside,09 : Mining support service activities,09,9,10
2023,Merseyside,10 : Manufacture of food products,10,10,925
2023,Merseyside,11 : Manufacture of beverages,11,11,50
2023,Merseyside,12 : Manufacture of tobacco products,12,12,0
2023,Merseyside,13 : Manufacture of textiles,13,13,75
2023,Merseyside,14 : Manufacture of wearing apparel,14,14,30
2023,Merseyside,15 : Manufacture of leather and related products,15,15,20
2023,Merseyside,"16 : Manufacture of wood and of products of wood and cork, except furniture;manufacture of articles of straw and plaiting materials",16,16,15
2023,Merseyside,17 : Manufacture of paper and paper products,17,17,80
2023,Merseyside,18 : Printing and reproduction of recorded media,18,18,195
2023,Merseyside,19 : Manufacture of coke and refined petroleum products,19,19,20
2023,Merseyside,20 : Manufacture of chemicals and chemical products,20,20,150
2023,Merseyside,21 : Manufacture of basic pharmaceutical products and pharmaceutical preparations,21,21,70
2023,Merseyside,22 : Manufacture of rubber and plastic products,22,22,125
2023,Merseyside,23 : Manufacture of other non-metallic mineral products,23,23,120
2023,Merseyside,24 : Manufacture of basic metals,24,24,155
2023,Merseyside,"25 : Manufacture of fabricated metal products, except machinery and equipment",25,25,360
2023,Merseyside,"26 : Manufacture of computer, electronic and optical products",26,26,130
2023,Merseyside,27 : Manufacture of electrical equipment,27,27,60
2023,Merseyside,28 : Manufacture of machinery and equipment n.e.c.,28,28,85
2023,Merseyside,"29 : Manufacture of motor vehicles, trailers and semi-trailers",29,29,40
2023,Merseyside,30 : Manufacture of other transport equipment,30,30,250
2023,Merseyside,31 : Manufacture of furniture,31,31,110
2023,Merseyside,32 : Other manufacturing,32,32,380
2023,Merseyside,33 : Repair and installation of machinery and equipment,33,33,125
2023,Merseyside,"35 : Electricity, gas, steam and air conditioning supply",35,35,20
2023,Merseyside,"36 : Water collection, treatment and supply",36,36,100
2023,Merseyside,37 : Sewerage,37,37,15
2023,Merseyside,"38 : Waste collection, treatment and disposal activities; materials recovery",38,38,250
2023,Merseyside,"39 : Remediation activities and other waste management services. This division includes the provision of remediation services, i.e. the cleanup of contaminated buildings and sites, soil, surface or ground water.",39,39,0
2023,Merseyside,41 : Construction of buildings,41,41,1350
2023,Merseyside,42 : Civil engineering,42,42,220
2023,Merseyside,43 : Specialised construction activities,43,43,2680
2023,Merseyside,45 : Wholesale and retail trade and repair of motor vehicles and motorcycles,45,45,1335
2023,Merseyside,"46 : Wholesale trade, except of motor vehicles and motorcycles",46,46,5080
2023,Merseyside,"47 : Retail trade, except of motor vehicles and motorcycles",47,47,35745
2023,Merseyside,49 : Land transport and transport via pipelines,49,49,2675
2023,Merseyside,50 : Water transport,50,50,140
2023,Merseyside,51 : Air transport,51,51,125
2023,Merseyside,52 : Warehousing and support activities for transportation,52,52,1950
2023,Merseyside,53 : Postal and courier activities,53,53,575
2023,Merseyside,55 : Accommodation,55,55,3760
2023,Merseyside,56 : Food and beverage service activities,56,56,31050
2023,Merseyside,58 : Publishing activities,58,58,445
2023,Merseyside,"59 : Motion picture, video and television programme production, sound recording and music publishing activities",59,59,715
2023,Merseyside,60 : Programming and broadcasting activities,60,60,45
2023,Merseyside,61 : Telecommunications,61,61,400
2023,Merseyside,"62 : Computer programming, consultancy and related activities",62,62,605
2023,Merseyside,63 : Information service activities,63,63,145
2023,Merseyside,"64 : Financial service activities, except insurance and pension funding",64,64,1525
2023,Merseyside,"65 : Insurance, reinsurance and pension funding, except compulsory social security",65,65,75
2023,Merseyside,66 : Activities auxiliary to financial services and insurance activities,66,66,1125
2023,Merseyside,68 : Real estate activities,68,68,2875
2023,Merseyside,69 : Legal and accounting activities,69,69,3020
2023,Merseyside,70 : Activities of head offices; management consultancy activities,70,70,3105
2023,Merseyside,71 : Architectural and engineering activities; technical testing and analysis,71,71,755
2023,Merseyside,72 : Scientific research and development,72,72,205
2023,Merseyside,73 : Advertising and market research,73,73,135
2023,Merseyside,"74 : Other professional, scientific and technical activities",74,74,830
2023,Merseyside,75 : Veterinary activities,75,75,500
2023,Merseyside,77 : Rental and leasing activities,77,77,385
2023,Merseyside,78 : Employment activities,78,78,9450
2023,Merseyside,"79 : Travel agency, tour operator and other reservation service and related activities",79,79,650
2023,Merseyside,80 : Security and investigation activities,80,80,1385
2023,Merseyside,81 : Services to buildings and landscape activities,81,81,5450
2023,Merseyside,"82 : Office administrative, office support and other business support activities",82,82,2240
2023,Merseyside,84 : Public administration and defence; compulsory social security,84,84,8590
2023,Merseyside,85 : Education,85,85,25370
2023,Merseyside,86 : Human health activities,86,86,34500
2023,Merseyside,87 : Residential care activities,87,87,7600
2023,Merseyside,88 : Social work activities without accommodation,88,88,9750
2023,Merseyside,"90 : Creative, arts and entertainment activities",90,90,600
2023,Merseyside,"91 : Libraries, archives, museums and other cultural activities",91,91,640
2023,Merseyside,92 : Gambling and betting activities,92,92,1250
2023,Merseyside,93 : Sports activities and amusement and recreation activities,93,93,9050
2023,Merseyside,94 : Activities of membership organisations,94,94,2000
2023,Merseyside,95 : Repair of computers and personal and household goods,95,95,465
2023,Merseyside,96 : Other personal service activities,96,96,2850
2023,Merseyside,97 : Activities of households as employers of domestic personnel,97,97,0
2023,Merseyside,98 : Undifferentiated goods- and services-producing activities of private households for own use,98,98,0
2023,Merseyside,99 : Activities of extraterritorial organisations and bodies,99,99,0
2023,North Eastern Scotland,"01 : Crop and animal production, hunting and related service activities",01,1,2075
2023,North Eastern Scotland,02 : Forestry and logging,02,2,300
2023,North Eastern Scotland,03 : Fishing and aquaculture,03,3,1285
2023,North Eastern Scotland,05 : Mining of coal and lignite,05,5,0
2023,North Eastern Scotland,06 : Extraction of crude petroleum and natural gas,06,6,500
2023,North Eastern Scotland,07 : Mining of metal ores,07,7,0
2023,North Eastern Scotland,08 : Other mining and quarrying,08,8,20
2023,North Eastern Scotland,09 : Mining support service activities,09,9,400
2023,North Eastern Scotland,10 : Manufacture of food products,10,10,770
2023,North Eastern Scotland,11 : Manufacture of beverages,11,11,55
2023,North Eastern Scotland,12 : Manufacture of tobacco products,12,12,0
2023,North Eastern Scotland,13 : Manufacture of textiles,13,13,20
2023,North Eastern Scotland,14 : Manufacture of wearing apparel,14,14,10
2023,North Eastern Scotland,15 : Manufacture of leather and related products,15,15,0
2023,North Eastern Scotland,"16 : Manufacture of wood and of products of wood and cork, except furniture;manufacture of articles of straw and plaiting materials",16,16,30
2023,North Eastern Scotland,17 : Manufacture of paper and paper products,17,17,0
2023,North Eastern Scotland,18 : Printing and reproduction of recorded media,18,18,20
2023,North Eastern Scotland,19 : Manufacture of coke and refined petroleum products,19,19,5
2023,North Eastern Scotland,20 : Manufacture of chemicals and chemical products,20,20,45
2023,North Eastern Scotland,21 : Manufacture of basic pharmaceutical products and pharmaceutical preparations,21,21,0
2023,North Eastern Scotland,22 : Manufacture of rubber and plastic products,22,22,40
2023,North Eastern Scotland,23 : Manufacture of other non-metallic mineral products,23,23,15
2023,North Eastern Scotland,24 : Manufacture of basic metals,24,24,90
2023,North Eastern Scotland,"25 : Manufacture of fabricated metal products, except machinery and equipment",25,25,130
2023,North Eastern Scotland,"26 : Manufacture of computer, electronic and optical products",26,26,30
2023,North Eastern Scotland,27 : Manufacture of electrical equipment,27,27,15
2023,North Eastern Scotland,28 : Manufacture of machinery and equipment n.e.c.,28,28,140
2023,North Eastern Scotland,"29 : Manufacture of motor vehicles, trailers and semi-trailers",29,29,40
2023,North Eastern Scotland,30 : Manufacture of other transport equipment,30,30,35
2023,North Eastern Scotland,31 : Manufacture of furniture,31,31,0
2023,North Eastern Scotland,32 : Other manufacturing,32,32,40
2023,North Eastern Scotland,33 : Repair and installation of machinery and equipment,33,33,260
2023,North Eastern Scotland,"35 : Electricity, gas, steam and air conditioning supply",35,35,25
2023,North Eastern Scotland,"36 : Water collection, treatment and supply",36,36,10
2023,North Eastern Scotland,37 : Sewerage,37,37,5
2023,North Eastern Scotland,"38 : Waste collection, treatment and disposal activities; materials recovery",38,38,65
2023,North Eastern Scotland,"39 : Remediation activities and other waste management services. This division includes the provision of remediation services, i.e. the cleanup of contaminated buildings and sites, soil, surface or ground water.",39,39,5
2023,North Eastern Scotland,41 : Construction of buildings,41,41,510
2023,North Eastern Scotland,42 : Civil engineering,42,42,245
2023,North Eastern Scotland,43 : Specialised construction activities,43,43,705
2023,North Eastern Scotland,45 : Wholesale and retail trade and repair of motor vehicles and motorcycles,45,45,565
2023,North Eastern Scotland,"46 : Wholesale trade, except of motor vehicles and motorcycles",46,46,1170
2023,North Eastern Scotland,"47 : Retail trade, except of motor vehicles and motorcycles",47,47,12170
2023,North Eastern Scotland,49 : Land transport and transport via pipelines,49,49,1140
2023,North Eastern Scotland,50 : Water transport,50,50,30
2023,North Eastern Scotland,51 : Air transport,51,51,30
2023,North Eastern Scotland,52 : Warehousing and support activities for transportation,52,52,345
2023,North Eastern Scotland,53 : Postal and courier activities,53,53,245
2023,North Eastern Scotland,55 : Accommodation,55,55,2415
2023,North Eastern Scotland,56 : Food and beverage service activities,56,56,8550
2023,North Eastern Scotland,58 : Publishing activities,58,58,50
2023,North Eastern Scotland,"59 : Motion picture, video and television programme production, sound recording and music publishing activities",59,59,115
2023,North Eastern Scotland,60 : Programming and broadcasting activities,60,60,30
2023,North Eastern Scotland,61 : Telecommunications,61,61,115
2023,North Eastern Scotland,"62 : Computer programming, consultancy and related activities",62,62,320
2023,North Eastern Scotland,63 : Information service activities,63,63,30
2023,North Eastern Scotland,"64 : Financial service activities, except insurance and pension funding",64,64,170
2023,North Eastern Scotland,"65 : Insurance, reinsurance and pension funding, except compulsory social security",65,65,0
2023,North Eastern Scotland,66 : Activities auxiliary to financial services and insurance activities,66,66,200
2023,North Eastern Scotland,68 : Real estate activities,68,68,930
2023,North Eastern Scotland,69 : Legal and accounting activities,69,69,1075
2023,North Eastern Scotland,70 : Activities of head offices; management consultancy activities,70,70,1865
2023,North Eastern Scotland,71 : Architectural and engineering activities; technical testing and analysis,71,71,1830
2023,North Eastern Scotland,72 : Scientific research and development,72,72,510
2023,North Eastern Scotland,73 : Advertising and market research,73,73,55
2023,North Eastern Scotland,"74 : Other professional, scientific and technical activities",74,74,470
2023,North Eastern Scotland,75 : Veterinary activities,75,75,300
2023,North Eastern Scotland,77 : Rental and leasing activities,77,77,185
2023,North Eastern Scotland,78 : Employment activities,78,78,1015
2023,North Eastern Scotland,"79 : Travel agency, tour operator and other reservation service and related activities",79,79,95
2023,North Eastern Scotland,80 : Security and investigation activities,80,80,225
2023,North Eastern Scotland,81 : Services to buildings and landscape activities,81,81,2555
2023,North Eastern Scotland,"82 : Office administrative, office support and other business support activities",82,82,770
2023,North Eastern Scotland,84 : Public administration and defence; compulsory social security,84,84,2795
2023,North Eastern Scotland,85 : Education,85,85,8490
2023,North Eastern Scotland,86 : Human health activities,86,86,15000
2023,North Eastern Scotland,87 : Residential care activities,87,87,2750
2023,North Eastern Scotland,88 : Social work activities without accommodation,88,88,4200
2023,North Eastern Scotland,"90 : Creative, arts and entertainment activities",90,90,325
2023,North Eastern Scotland,"91 : Libraries, archives, museums and other cultural activities",91,91,425
2023,North Eastern Scotland,92 : Gambling and betting activities,92,92,250
2023,North Eastern Scotland,93 : Sports activities and amusement and recreation activities,93,93,2275
2023,North Eastern Scotland,94 : Activities of membership organisations,94,94,675
2023,North Eastern Scotland,95 : Repair of computers and personal and household goods,95,95,65
2023,North Eastern Scotland,96 : Other personal service activities,96,96,740
2023,North Eastern Scotland,97 : Activities of households as employers of domestic personnel,97,97,0
2023,North Eastern Scotland,98 : Undifferentiated goods- and services-producing activities of private households for own use,98,98,0
2023,North Eastern Scotland,99 : Activities of extraterritorial organisations and bodies,99,99,0
2023,North Yorkshire,"01 : Crop and animal production, hunting and related service activities",01,1,1800
2023,North Yorkshire,02 : Forestry and logging,02,2,55
2023,North Yorkshire,03 : Fishing and aquaculture,03,3,25
2023,North Yorkshire,05 : Mining of coal and lignite,05,5,0
2023,North Yorkshire,06 : Extraction of crude petroleum and natural gas,06,6,0
2023,North Yorkshire,07 : Mining of metal ores,07,7,0
2023,North Yorkshire,08 : Other mining and quarrying,08,8,15
2023,North Yorkshire,09 : Mining support service activities,09,9,0
2023,North Yorkshire,10 : Manufacture of food products,10,10,1695
2023,North Yorkshire,11 : Manufacture of beverages,11,11,110
2023,North Yorkshire,12 : Manufacture of tobacco products,12,12,0
2023,North Yorkshire,13 : Manufacture of textiles,13,13,25
2023,North Yorkshire,14 : Manufacture of wearing apparel,14,14,15
2023,North Yorkshire,15 : Manufacture of leather and related products,15,15,10
2023,North Yorkshire,"16 : Manufacture of wood and of products of wood and cork, except furniture;manufacture of articles of straw and plaiting materials",16,16,40
2023,North Yorkshire,17 : Manufacture of paper and paper products,17,17,25
2023,North Yorkshire,18 : Printing and reproduction of recorded media,18,18,90
2023,North Yorkshire,19 : Manufacture of coke and refined petroleum products,19,19,0
2023,North Yorkshire,20 : Manufacture of chemicals and chemical products,20,20,15
2023,North Yorkshire,21 : Manufacture of basic pharmaceutical products and pharmaceutical preparations,21,21,20
2023,North Yorkshire,22 : Manufacture of rubber and plastic products,22,22,120
2023,North Yorkshire,23 : Manufacture of other non-metallic mineral products,23,23,70
2023,North Yorkshire,24 : Manufacture of basic metals,24,24,20
2023,North Yorkshire,"25 : Manufacture of fabricated metal products, except machinery and equipment",25,25,345
2023,North Yorkshire,"26 : Manufacture of computer, electronic and optical products",26,26,60
2023,North Yorkshire,27 : Manufacture of electrical equipment,27,27,190
2023,North Yorkshire,28 : Manufacture of machinery and equipment n.e.c.,28,28,90
2023,North Yorkshire,"29 : Manufacture of motor vehicles, trailers and semi-trailers",29,29,40
2023,North Yorkshire,30 : Manufacture of other transport equipment,30,30,20
2023,North Yorkshire,31 : Manufacture of furniture,31,31,120
2023,North Yorkshire,32 : Other manufacturing,32,32,100
2023,North Yorkshire,33 : Repair and installation of machinery and equipment,33,33,85
2023,North Yorkshire,"35 : Electricity, gas, steam and air conditioning supply",35,35,60
2023,North Yorkshire,"36 : Water collection, treatment and supply",36,36,5
2023,North Yorkshire,37 : Sewerage,37,37,0
2023,North Yorkshire,"38 : Waste collection, treatment and disposal activities; materials recovery",38,38,125
2023,North Yorkshire,"39 : Remediation activities and other waste management services. This division includes the provision of remediation services, i.e. the cleanup of contaminated buildings and sites, soil, surface or ground water.",39,39,5
2023,North Yorkshire,41 : Construction of buildings,41,41,1350
2023,North Yorkshire,42 : Civil engineering,42,42,265
2023,North Yorkshire,43 : Specialised construction activities,43,43,1565
2023,North Yorkshire,45 : Wholesale and retail trade and repair of motor vehicles and motorcycles,45,45,1115
2023,North Yorkshire,"46 : Wholesale trade, except of motor vehicles and motorcycles",46,46,2110
2023,North Yorkshire,"47 : Retail trade, except of motor vehicles and motorcycles",47,47,20545
2023,North Yorkshire,49 : Land transport and transport via pipelines,49,49,1245
2023,North Yorkshire,50 : Water transport,50,50,0
2023,North Yorkshire,51 : Air transport,51,51,0
2023,North Yorkshire,52 : Warehousing and support activities for transportation,52,52,460
2023,North Yorkshire,53 : Postal and courier activities,53,53,430
2023,North Yorkshire,55 : Accommodation,55,55,7475
2023,North Yorkshire,56 : Food and beverage service activities,56,56,22150
2023,North Yorkshire,58 : Publishing activities,58,58,65
2023,North Yorkshire,"59 : Motion picture, video and television programme production, sound recording and music publishing activities",59,59,145
2023,North Yorkshire,60 : Programming and broadcasting activities,60,60,15
2023,North Yorkshire,61 : Telecommunications,61,61,100
2023,North Yorkshire,"62 : Computer programming, consultancy and related activities",62,62,880
2023,North Yorkshire,63 : Information service activities,63,63,15
2023,North Yorkshire,"64 : Financial service activities, except insurance and pension funding",64,64,755
2023,North Yorkshire,"65 : Insurance, reinsurance and pension funding, except compulsory social security",65,65,330
2023,North Yorkshire,66 : Activities auxiliary to financial services and insurance activities,66,66,610
2023,North Yorkshire,68 : Real estate activities,68,68,1900
2023,North Yorkshire,69 : Legal and accounting activities,69,69,1510
2023,North Yorkshire,70 : Activities of head offices; management consultancy activities,70,70,1555
2023,North Yorkshire,71 : Architectural and engineering activities; technical testing and analysis,71,71,1180
2023,North Yorkshire,72 : Scientific research and development,72,72,280
2023,North Yorkshire,73 : Advertising and market research,73,73,235
2023,North Yorkshire,"74 : Other professional, scientific and technical activities",74,74,525
2023,North Yorkshire,75 : Veterinary activities,75,75,350
2023,North Yorkshire,77 : Rental and leasing activities,77,77,220
2023,North Yorkshire,78 : Employment activities,78,78,3055
2023,North Yorkshire,"79 : Travel agency, tour operator and other reservation service and related activities",79,79,300
2023,North Yorkshire,80 : Security and investigation activities,80,80,420
2023,North Yorkshire,81 : Services to buildings and landscape activities,81,81,8815
2023,North Yorkshire,"82 : Office administrative, office support and other business support activities",82,82,965
2023,North Yorkshire,84 : Public administration and defence; compulsory social security,84,84,4100
2023,North Yorkshire,85 : Education,85,85,15085
2023,North Yorkshire,86 : Human health activities,86,86,13620
2023,North Yorkshire,87 : Residential care activities,87,87,4500
2023,North Yorkshire,88 : Social work activities without accommodation,88,88,4750
2023,North Yorkshire,"90 : Creative, arts and entertainment activities",90,90,225
2023,North Yorkshire,"91 : Libraries, archives, museums and other cultural activities",91,91,1220
2023,North Yorkshire,92 : Gambling and betting activities,92,92,350
2023,North Yorkshire,93 : Sports activities and amusement and recreation activities,93,93,3630
2023,North Yorkshire,94 : Activities of membership organisations,94,94,1475
2023,North Yorkshire,95 : Repair of computers and personal and household goods,95,95,55
2023,North Yorkshire,96 : Other personal service activities,96,96,1625
2023,North Yorkshire,97 : Activities of households as employers of domestic personnel,97,97,0
2023,North Yorkshire,98 : Undifferentiated goods- and services-producing activities of private households for own use,98,98,0
2023,North Yorkshire,99 : Activities of extraterritorial organisations and bodies,99,99,0
2023,"Northumberland, and Tyne and Wear","01 : Crop and animal production, hunting and related service activities",01,1,420
2023,"Northumberland, and Tyne and Wear",02 : Forestry and logging,02,2,40
2023,"Northumberland, and Tyne and Wear",03 : Fishing and aquaculture,03,3,20
2023,"Northumberland, and Tyne and Wear",05 : Mining of coal and lignite,05,5,0
2023,"Northumberland, and Tyne and Wear",06 : Extraction of crude petroleum and natural gas,06,6,0
2023,"Northumberland, and Tyne and Wear",07 : Mining of metal ores,07,7,0
2023,"Northumberland, and Tyne and Wear",08 : Other mining and quarrying,08,8,0
2023,"Northumberland, and Tyne and Wear",09 : Mining support service activities,09,9,0
2023,"Northumberland, and Tyne and Wear",10 : Manufacture of food products,10,10,780
2023,"Northumberland, and Tyne and Wear",11 : Manufacture of beverages,11,11,645
2023,"Northumberland, and Tyne and Wear",12 : Manufacture of tobacco products,12,12,0
2023,"Northumberland, and Tyne and Wear",13 : Manufacture of textiles,13,13,310
2023,"Northumberland, and Tyne and Wear",14 : Manufacture of wearing apparel,14,14,20
2023,"Northumberland, and Tyne and Wear",15 : Manufacture of leather and related products,15,15,20
2023,"Northumberland, and Tyne and Wear","16 : Manufacture of wood and of products of wood and cork, except furniture;manufacture of articles of straw and plaiting materials",16,16,95
2023,"Northumberland, and Tyne and Wear",17 : Manufacture of paper and paper products,17,17,40
2023,"Northumberland, and Tyne and Wear",18 : Printing and reproduction of recorded media,18,18,295
2023,"Northumberland, and Tyne and Wear",19 : Manufacture of coke and refined petroleum products,19,19,50
2023,"Northumberland, and Tyne and Wear",20 : Manufacture of chemicals and chemical products,20,20,75
2023,"Northumberland, and Tyne and Wear",21 : Manufacture of basic pharmaceutical products and pharmaceutical preparations,21,21,60
2023,"Northumberland, and Tyne and Wear",22 : Manufacture of rubber and plastic products,22,22,200
2023,"Northumberland, and Tyne and Wear",23 : Manufacture of other non-metallic mineral products,23,23,80
2023,"Northumberland, and Tyne and Wear",24 : Manufacture of basic metals,24,24,20
2023,"Northumberland, and Tyne and Wear","25 : Manufacture of fabricated metal products, except machinery and equipment",25,25,590
2023,"Northumberland, and Tyne and Wear","26 : Manufacture of computer, electronic and optical products",26,26,85
2023,"Northumberland, and Tyne and Wear",27 : Manufacture of electrical equipment,27,27,65
2023,"Northumberland, and Tyne and Wear",28 : Manufacture of machinery and equipment n.e.c.,28,28,120
2023,"Northumberland, and Tyne and Wear","29 : Manufacture of motor vehicles, trailers and semi-trailers",29,29,525
2023,"Northumberland, and Tyne and Wear",30 : Manufacture of other transport equipment,30,30,0
2023,"Northumberland, and Tyne and Wear",31 : Manufacture of furniture,31,31,315
2023,"Northumberland, and Tyne and Wear",32 : Other manufacturing,32,32,325
2023,"Northumberland, and Tyne and Wear",33 : Repair and installation of machinery and equipment,33,33,480
2023,"Northumberland, and Tyne and Wear","35 : Electricity, gas, steam and air conditioning supply",35,35,320
2023,"Northumberland, and Tyne and Wear","36 : Water collection, treatment and supply",36,36,100
2023,"Northumberland, and Tyne and Wear",37 : Sewerage,37,37,0
2023,"Northumberland, and Tyne and Wear","38 : Waste collection, treatment and disposal activities; materials recovery",38,38,415
2023,"Northumberland, and Tyne and Wear","39 : Remediation activities and other waste management services. This division includes the provision of remediation services, i.e. the cleanup of contaminated buildings and sites, soil, surface or ground water.",39,39,10
2023,"Northumberland, and Tyne and Wear",41 : Construction of buildings,41,41,1425
2023,"Northumberland, and Tyne and Wear",42 : Civil engineering,42,42,200
2023,"Northumberland, and Tyne and Wear",43 : Specialised construction activities,43,43,2755
2023,"Northumberland, and Tyne and Wear",45 : Wholesale and retail trade and repair of motor vehicles and motorcycles,45,45,800
2023,"Northumberland, and Tyne and Wear","46 : Wholesale trade, except of motor vehicles and motorcycles",46,46,1380
2023,"Northumberland, and Tyne and Wear","47 : Retail trade, except of motor vehicles and motorcycles",47,47,37220
2023,"Northumberland, and Tyne and Wear",49 : Land transport and transport via pipelines,49,49,2715
2023,"Northumberland, and Tyne and Wear",50 : Water transport,50,50,0
2023,"Northumberland, and Tyne and Wear",51 : Air transport,51,51,420
2023,"Northumberland, and Tyne and Wear",52 : Warehousing and support activities for transportation,52,52,1250
2023,"Northumberland, and Tyne and Wear",53 : Postal and courier activities,53,53,1350
2023,"Northumberland, and Tyne and Wear",55 : Accommodation,55,55,5025
2023,"Northumberland, and Tyne and Wear",56 : Food and beverage service activities,56,56,27400
2023,"Northumberland, and Tyne and Wear",58 : Publishing activities,58,58,435
2023,"Northumberland, and Tyne and Wear","59 : Motion picture, video and television programme production, sound recording and music publishing activities",59,59,345
2023,"Northumberland, and Tyne and Wear",60 : Programming and broadcasting activities,60,60,10
2023,"Northumberland, and Tyne and Wear",61 : Telecommunications,61,61,830
2023,"Northumberland, and Tyne and Wear","62 : Computer programming, consultancy and related activities",62,62,1945
2023,"Northumberland, and Tyne and Wear",63 : Information service activities,63,63,135
2023,"Northumberland, and Tyne and Wear","64 : Financial service activities, except insurance and pension funding",64,64,1460
2023,"Northumberland, and Tyne and Wear","65 : Insurance, reinsurance and pension funding, except compulsory social security",65,65,150
2023,"Northumberland, and Tyne and Wear",66 : Activities auxiliary to financial services and insurance activities,66,66,500
2023,"Northumberland, and Tyne and Wear",68 : Real estate activities,68,68,2710
2023,"Northumberland, and Tyne and Wear",69 : Legal and accounting activities,69,69,1955
2023,"Northumberland, and Tyne and Wear",70 : Activities of head offices; management consultancy activities,70,70,1570
2023,"Northumberland, and Tyne and Wear",71 : Architectural and engineering activities; technical testing and analysis,71,71,1315
2023,"Northumberland, and Tyne and Wear",72 : Scientific research and development,72,72,145
2023,"Northumberland, and Tyne and Wear",73 : Advertising and market research,73,73,320
2023,"Northumberland, and Tyne and Wear","74 : Other professional, scientific and technical activities",74,74,435
2023,"Northumberland, and Tyne and Wear",75 : Veterinary activities,75,75,500
2023,"Northumberland, and Tyne and Wear",77 : Rental and leasing activities,77,77,350
2023,"Northumberland, and Tyne and Wear",78 : Employment activities,78,78,3950
2023,"Northumberland, and Tyne and Wear","79 : Travel agency, tour operator and other reservation service and related activities",79,79,770
2023,"Northumberland, and Tyne and Wear",80 : Security and investigation activities,80,80,1210
2023,"Northumberland, and Tyne and Wear",81 : Services to buildings and landscape activities,81,81,6560
2023,"Northumberland, and Tyne and Wear","82 : Office administrative, office support and other business support activities",82,82,2170
2023,"Northumberland, and Tyne and Wear",84 : Public administration and defence; compulsory social security,84,84,11280
2023,"Northumberland, and Tyne and Wear",85 : Education,85,85,20660
2023,"Northumberland, and Tyne and Wear",86 : Human health activities,86,86,23600
2023,"Northumberland, and Tyne and Wear",87 : Residential care activities,87,87,7550
2023,"Northumberland, and Tyne and Wear",88 : Social work activities without accommodation,88,88,7250
2023,"Northumberland, and Tyne and Wear","90 : Creative, arts and entertainment activities",90,90,950
2023,"Northumberland, and Tyne and Wear","91 : Libraries, archives, museums and other cultural activities",91,91,1005
2023,"Northumberland, and Tyne and Wear",92 : Gambling and betting activities,92,92,1750
2023,"Northumberland, and Tyne and Wear",93 : Sports activities and amusement and recreation activities,93,93,6180
2023,"Northumberland, and Tyne and Wear",94 : Activities of membership organisations,94,94,2235
2023,"Northumberland, and Tyne and Wear",95 : Repair of computers and personal and household goods,95,95,245
2023,"Northumberland, and Tyne and Wear",96 : Other personal service activities,96,96,3050
2023,"Northumberland, and Tyne and Wear",97 : Activities of households as employers of domestic personnel,97,97,0
2023,"Northumberland, and Tyne and Wear",98 : Undifferentiated goods- and services-producing activities of private households for own use,98,98,0
2023,"Northumberland, and Tyne and Wear",99 : Activities of extraterritorial organisations and bodies,99,99,0
2023,Outer London - East and North East,"01 : Crop and animal production, hunting and related service activities",01,1,45
2023,Outer London - East and North East,02 : Forestry and logging,02,2,15
2023,Outer London - East and North East,03 : Fishing and aquaculture,03,3,0
2023,Outer London - East and North East,05 : Mining of coal and lignite,05,5,0
2023,Outer London - East and North East,06 : Extraction of crude petroleum and natural gas,06,6,0
2023,Outer London - East and North East,07 : Mining of metal ores,07,7,0
2023,Outer London - East and North East,08 : Other mining and quarrying,08,8,0
2023,Outer London - East and North East,09 : Mining support service activities,09,9,0
2023,Outer London - East and North East,10 : Manufacture of food products,10,10,660
2023,Outer London - East and North East,11 : Manufacture of beverages,11,11,35
2023,Outer London - East and North East,12 : Manufacture of tobacco products,12,12,0
2023,Outer London - East and North East,13 : Manufacture of textiles,13,13,195
2023,Outer London - East and North East,14 : Manufacture of wearing apparel,14,14,270
2023,Outer London - East and North East,15 : Manufacture of leather and related products,15,15,15
2023,Outer London - East and North East,"16 : Manufacture of wood and of products of wood and cork, except furniture;manufacture of articles of straw and plaiting materials",16,16,5
2023,Outer London - East and North East,17 : Manufacture of paper and paper products,17,17,175
2023,Outer London - East and North East,18 : Printing and reproduction of recorded media,18,18,200
2023,Outer London - East and North East,19 : Manufacture of coke and refined petroleum products,19,19,0
2023,Outer London - East and North East,20 : Manufacture of chemicals and chemical products,20,20,80
2023,Outer London - East and North East,21 : Manufacture of basic pharmaceutical products and pharmaceutical preparations,21,21,110
2023,Outer London - East and North East,22 : Manufacture of rubber and plastic products,22,22,75
2023,Outer London - East and North East,23 : Manufacture of other non-metallic mineral products,23,23,55
2023,Outer London - East and North East,24 : Manufacture of basic metals,24,24,0
2023,Outer London - East and North East,"25 : Manufacture of fabricated metal products, except machinery and equipment",25,25,160
2023,Outer London - East and North East,"26 : Manufacture of computer, electronic and optical products",26,26,80
2023,Outer London - East and North East,27 : Manufacture of electrical equipment,27,27,75
2023,Outer London - East and North East,28 : Manufacture of machinery and equipment n.e.c.,28,28,105
2023,Outer London - East and North East,"29 : Manufacture of motor vehicles, trailers and semi-trailers",29,29,25
2023,Outer London - East and North East,30 : Manufacture of other transport equipment,30,30,0
2023,Outer London - East and North East,31 : Manufacture of furniture,31,31,65
2023,Outer London - East and North East,32 : Other manufacturing,32,32,250
2023,Outer London - East and North East,33 : Repair and installation of machinery and equipment,33,33,245
2023,Outer London - East and North East,"35 : Electricity, gas, steam and air conditioning supply",35,35,40
2023,Outer London - East and North East,"36 : Water collection, treatment and supply",36,36,0
2023,Outer London - East and North East,37 : Sewerage,37,37,15
2023,Outer London - East and North East,"38 : Waste collection, treatment and disposal activities; materials recovery",38,38,365
2023,Outer London - East and North East,"39 : Remediation activities and other waste management services. This division includes the provision of remediation services, i.e. the cleanup of contaminated buildings and sites, soil, surface or ground water.",39,39,0
2023,Outer London - East and North East,41 : Construction of buildings,41,41,4500
2023,Outer London - East and North East,42 : Civil engineering,42,42,365
2023,Outer London - East and North East,43 : Specialised construction activities,43,43,5030
2023,Outer London - East and North East,45 : Wholesale and retail trade and repair of motor vehicles and motorcycles,45,45,1810
2023,Outer London - East and North East,"46 : Wholesale trade, except of motor vehicles and motorcycles",46,46,4625
2023,Outer London - East and North East,"47 : Retail trade, except of motor vehicles and motorcycles",47,47,33170
2023,Outer London - East and North East,49 : Land transport and transport via pipelines,49,49,4020
2023,Outer London - East and North East,50 : Water transport,50,50,10
2023,Outer London - East and North East,51 : Air transport,51,51,15
2023,Outer London - East and North East,52 : Warehousing and support activities for transportation,52,52,2730
2023,Outer London - East and North East,53 : Postal and courier activities,53,53,1225
2023,Outer London - East and North East,55 : Accommodation,55,55,1320
2023,Outer London - East and North East,56 : Food and beverage service activities,56,56,20350
2023,Outer London - East and North East,58 : Publishing activities,58,58,90
2023,Outer London - East and North East,"59 : Motion picture, video and television programme production, sound recording and music publishing activities",59,59,700
2023,Outer London - East and North East,60 : Programming and broadcasting activities,60,60,15
2023,Outer London - East and North East,61 : Telecommunications,61,61,155
2023,Outer London - East and North East,"62 : Computer programming, consultancy and related activities",62,62,1245
2023,Outer London - East and North East,63 : Information service activities,63,63,35
2023,Outer London - East and North East,"64 : Financial service activities, except insurance and pension funding",64,64,750
2023,Outer London - East and North East,"65 : Insurance, reinsurance and pension funding, except compulsory social security",65,65,10
2023,Outer London - East and North East,66 : Activities auxiliary to financial services and insurance activities,66,66,300
2023,Outer London - East and North East,68 : Real estate activities,68,68,2970
2023,Outer London - East and North East,69 : Legal and accounting activities,69,69,1975
2023,Outer London - East and North East,70 : Activities of head offices; management consultancy activities,70,70,2425
2023,Outer London - East and North East,71 : Architectural and engineering activities; technical testing and analysis,71,71,710
2023,Outer London - East and North East,72 : Scientific research and development,72,72,30
2023,Outer London - East and North East,73 : Advertising and market research,73,73,125
2023,Outer London - East and North East,"74 : Other professional, scientific and technical activities",74,74,605
2023,Outer London - East and North East,75 : Veterinary activities,75,75,300
2023,Outer London - East and North East,77 : Rental and leasing activities,77,77,455
2023,Outer London - East and North East,78 : Employment activities,78,78,5360
2023,Outer London - East and North East,"79 : Travel agency, tour operator and other reservation service and related activities",79,79,235
2023,Outer London - East and North East,80 : Security and investigation activities,80,80,5205
2023,Outer London - East and North East,81 : Services to buildings and landscape activities,81,81,14350
2023,Outer London - East and North East,"82 : Office administrative, office support and other business support activities",82,82,1470
2023,Outer London - East and North East,84 : Public administration and defence; compulsory social security,84,84,3660
2023,Outer London - East and North East,85 : Education,85,85,26980
2023,Outer London - East and North East,86 : Human health activities,86,86,20350
2023,Outer London - East and North East,87 : Residential care activities,87,87,5200
2023,Outer London - East and North East,88 : Social work activities without accommodation,88,88,9500
2023,Outer London - East and North East,"90 : Creative, arts and entertainment activities",90,90,525
2023,Outer London - East and North East,"91 : Libraries, archives, museums and other cultural activities",91,91,1195
2023,Outer London - East and North East,92 : Gambling and betting activities,92,92,1000
2023,Outer London - East and North East,93 : Sports activities and amusement and recreation activities,93,93,5950
2023,Outer London - East and North East,94 : Activities of membership organisations,94,94,1290
2023,Outer London - East and North East,95 : Repair of computers and personal and household goods,95,95,350
2023,Outer London - East and North East,96 : Other personal service activities,96,96,3250
2023,Outer London - East and North East,97 : Activities of households as employers of domestic personnel,97,97,0
2023,Outer London - East and North East,98 : Undifferentiated goods- and services-producing activities of private households for own use,98,98,0
2023,Outer London - East and North East,99 : Activities of extraterritorial organisations and bodies,99,99,0
2023,Outer London - South,"01 : Crop and animal production, hunting and related service activities",01,1,40
2023,Outer London - South,02 : Forestry and logging,02,2,25
2023,Outer London - South,03 : Fishing and aquaculture,03,3,0
2023,Outer London - South,05 : Mining of coal and lignite,05,5,0
2023,Outer London - South,06 : Extraction of crude petroleum and natural gas,06,6,0
2023,Outer London - South,07 : Mining of metal ores,07,7,0
2023,Outer London - South,08 : Other mining and quarrying,08,8,0
2023,Outer London - South,09 : Mining support service activities,09,9,0
2023,Outer London - South,10 : Manufacture of food products,10,10,215
2023,Outer London - South,11 : Manufacture of beverages,11,11,15
2023,Outer London - South,12 : Manufacture of tobacco products,12,12,0
2023,Outer London - South,13 : Manufacture of textiles,13,13,100
2023,Outer London - South,14 : Manufacture of wearing apparel,14,14,55
2023,Outer London - South,15 : Manufacture of leather and related products,15,15,10
2023,Outer London - South,"16 : Manufacture of wood and of products of wood and cork, except furniture;manufacture of articles of straw and plaiting materials",16,16,10
2023,Outer London - South,17 : Manufacture of paper and paper products,17,17,85
2023,Outer London - South,18 : Printing and reproduction of recorded media,18,18,185
2023,Outer London - South,19 : Manufacture of coke and refined petroleum products,19,19,0
2023,Outer London - South,20 : Manufacture of chemicals and chemical products,20,20,105
2023,Outer London - South,21 : Manufacture of basic pharmaceutical products and pharmaceutical preparations,21,21,65
2023,Outer London - South,22 : Manufacture of rubber and plastic products,22,22,30
2023,Outer London - South,23 : Manufacture of other non-metallic mineral products,23,23,5
2023,Outer London - South,24 : Manufacture of basic metals,24,24,0
2023,Outer London - South,"25 : Manufacture of fabricated metal products, except machinery and equipment",25,25,140
2023,Outer London - South,"26 : Manufacture of computer, electronic and optical products",26,26,110
2023,Outer London - South,27 : Manufacture of electrical equipment,27,27,45
2023,Outer London - South,28 : Manufacture of machinery and equipment n.e.c.,28,28,55
2023,Outer London - South,"29 : Manufacture of motor vehicles, trailers and semi-trailers",29,29,10
2023,Outer London - South,30 : Manufacture of other transport equipment,30,30,30
2023,Outer London - South,31 : Manufacture of furniture,31,31,10
2023,Outer London - South,32 : Other manufacturing,32,32,390
2023,Outer London - South,33 : Repair and installation of machinery and equipment,33,33,245
2023,Outer London - South,"35 : Electricity, gas, steam and air conditioning supply",35,35,25
2023,Outer London - South,"36 : Water collection, treatment and supply",36,36,10
2023,Outer London - South,37 : Sewerage,37,37,5
2023,Outer London - South,"38 : Waste collection, treatment and disposal activities; materials recovery",38,38,165
2023,Outer London - South,"39 : Remediation activities and other waste management services. This division includes the provision of remediation services, i.e. the cleanup of contaminated buildings and sites, soil, surface or ground water.",39,39,0
2023,Outer London - South,41 : Construction of buildings,41,41,2400
2023,Outer London - South,42 : Civil engineering,42,42,175
2023,Outer London - South,43 : Specialised construction activities,43,43,3695
2023,Outer London - South,45 : Wholesale and retail trade and repair of motor vehicles and motorcycles,45,45,1235
2023,Outer London - South,"46 : Wholesale trade, except of motor vehicles and motorcycles",46,46,2830
2023,Outer London - South,"47 : Retail trade, except of motor vehicles and motorcycles",47,47,27030
2023,Outer London - South,49 : Land transport and transport via pipelines,49,49,2205
2023,Outer London - South,50 : Water transport,50,50,0
2023,Outer London - South,51 : Air transport,51,51,60
2023,Outer London - South,52 : Warehousing and support activities for transportation,52,52,1690
2023,Outer London - South,53 : Postal and courier activities,53,53,750
2023,Outer London - South,55 : Accommodation,55,55,1315
2023,Outer London - South,56 : Food and beverage service activities,56,56,18050
2023,Outer London - South,58 : Publishing activities,58,58,230
2023,Outer London - South,"59 : Motion picture, video and television programme production, sound recording and music publishing activities",59,59,500
2023,Outer London - South,60 : Programming and broadcasting activities,60,60,40
2023,Outer London - South,61 : Telecommunications,61,61,110
2023,Outer London - South,"62 : Computer programming, consultancy and related activities",62,62,1270
2023,Outer London - South,63 : Information service activities,63,63,45
2023,Outer London - South,"64 : Financial service activities, except insurance and pension funding",64,64,685
2023,Outer London - South,"65 : Insurance, reinsurance and pension funding, except compulsory social security",65,65,55
2023,Outer London - South,66 : Activities auxiliary to financial services and insurance activities,66,66,520
2023,Outer London - South,68 : Real estate activities,68,68,2085
2023,Outer London - South,69 : Legal and accounting activities,69,69,1830
2023,Outer London - South,70 : Activities of head offices; management consultancy activities,70,70,2350
2023,Outer London - South,71 : Architectural and engineering activities; technical testing and analysis,71,71,945
2023,Outer London - South,72 : Scientific research and development,72,72,170
2023,Outer London - South,73 : Advertising and market research,73,73,195
2023,Outer London - South,"74 : Other professional, scientific and technical activities",74,74,605
2023,Outer London - South,75 : Veterinary activities,75,75,200
2023,Outer London - South,77 : Rental and leasing activities,77,77,320
2023,Outer London - South,78 : Employment activities,78,78,5900
2023,Outer London - South,"79 : Travel agency, tour operator and other reservation service and related activities",79,79,390
2023,Outer London - South,80 : Security and investigation activities,80,80,790
2023,Outer London - South,81 : Services to buildings and landscape activities,81,81,10055
2023,Outer London - South,"82 : Office administrative, office support and other business support activities",82,82,1965
2023,Outer London - South,84 : Public administration and defence; compulsory social security,84,84,3780
2023,Outer London - South,85 : Education,85,85,20315
2023,Outer London - South,86 : Human health activities,86,86,12975
2023,Outer London - South,87 : Residential care activities,87,87,3850
2023,Outer London - South,88 : Social work activities without accommodation,88,88,7750
2023,Outer London - South,"90 : Creative, arts and entertainment activities",90,90,875
2023,Outer London - South,"91 : Libraries, archives, museums and other cultural activities",91,91,205
2023,Outer London - South,92 : Gambling and betting activities,92,92,450
2023,Outer London - South,93 : Sports activities and amusement and recreation activities,93,93,7775
2023,Outer London - South,94 : Activities of membership organisations,94,94,970
2023,Outer London - South,95 : Repair of computers and personal and household goods,95,95,265
2023,Outer London - South,96 : Other personal service activities,96,96,3300
2023,Outer London - South,97 : Activities of households as employers of domestic personnel,97,97,0
2023,Outer London - South,98 : Undifferentiated goods- and services-producing activities of private households for own use,98,98,0
2023,Outer London - South,99 : Activities of extraterritorial organisations and bodies,99,99,0
2023,Outer London - West and North West,"01 : Crop and animal production, hunting and related service activities",01,1,35
2023,Outer London - West and North West,02 : Forestry and logging,02,2,15
2023,Outer London - West and North West,03 : Fishing and aquaculture,03,3,0
2023,Outer London - West and North West,05 : Mining of coal and lignite,05,5,0
2023,Outer London - West and North West,06 : Extraction of crude petroleum and natural gas,06,6,0
2023,Outer London - West and North West,07 : Mining of metal ores,07,7,0
2023,Outer London - West and North West,08 : Other mining and quarrying,08,8,0
2023,Outer London - West and North West,09 : Mining support service activities,09,9,0
2023,Outer London - West and North West,10 : Manufacture of food products,10,10,1295
2023,Outer London - West and North West,11 : Manufacture of beverages,11,11,380
2023,Outer London - West and North West,12 : Manufacture of tobacco products,12,12,0
2023,Outer London - West and North West,13 : Manufacture of textiles,13,13,155
2023,Outer London - West and North West,14 : Manufacture of wearing apparel,14,14,185
2023,Outer London - West and North West,15 : Manufacture of leather and related products,15,15,10
2023,Outer London - West and North West,"16 : Manufacture of wood and of products of wood and cork, except furniture;manufacture of articles of straw and plaiting materials",16,16,15
2023,Outer London - West and North West,17 : Manufacture of paper and paper products,17,17,75
2023,Outer London - West and North West,18 : Printing and reproduction of recorded media,18,18,195
2023,Outer London - West and North West,19 : Manufacture of coke and refined petroleum products,19,19,0
2023,Outer London - West and North West,20 : Manufacture of chemicals and chemical products,20,20,220
2023,Outer London - West and North West,21 : Manufacture of basic pharmaceutical products and pharmaceutical preparations,21,21,675
2023,Outer London - West and North West,22 : Manufacture of rubber and plastic products,22,22,185
2023,Outer London - West and North West,23 : Manufacture of other non-metallic mineral products,23,23,45
2023,Outer London - West and North West,24 : Manufacture of basic metals,24,24,0
2023,Outer London - West and North West,"25 : Manufacture of fabricated metal products, except machinery and equipment",25,25,170
2023,Outer London - West and North West,"26 : Manufacture of computer, electronic and optical products",26,26,215
2023,Outer London - West and North West,27 : Manufacture of electrical equipment,27,27,85
2023,Outer London - West and North West,28 : Manufacture of machinery and equipment n.e.c.,28,28,170
2023,Outer London - West and North West,"29 : Manufacture of motor vehicles, trailers and semi-trailers",29,29,40
2023,Outer London - West and North West,30 : Manufacture of other transport equipment,30,30,10
2023,Outer London - West and North West,31 : Manufacture of furniture,31,31,50
2023,Outer London - West and North West,32 : Other manufacturing,32,32,395
2023,Outer London - West and North West,33 : Repair and installation of machinery and equipment,33,33,305
2023,Outer London - West and North West,"35 : Electricity, gas, steam and air conditioning supply",35,35,65
2023,Outer London - West and North West,"36 : Water collection, treatment and supply",36,36,0
2023,Outer London - West and North West,37 : Sewerage,37,37,10
2023,Outer London - West and North West,"38 : Waste collection, treatment and disposal activities; materials recovery",38,38,310
2023,Outer London - West and North West,"39 : Remediation activities and other waste management services. This division includes the provision of remediation services, i.e. the cleanup of contaminated buildings and sites, soil, surface or ground water.",39,39,0
2023,Outer London - West and North West,41 : Construction of buildings,41,41,6250
2023,Outer London - West and North West,42 : Civil engineering,42,42,325
2023,Outer London - West and North West,43 : Specialised construction activities,43,43,4480
2023,Outer London - West and North West,45 : Wholesale and retail trade and repair of motor vehicles and motorcycles,45,45,2330
2023,Outer London - West and North West,"46 : Wholesale trade, except of motor vehicles and motorcycles",46,46,6240
2023,Outer London - West and North West,"47 : Retail trade, except of motor vehicles and motorcycles",47,47,38330
2023,Outer London - West and North West,49 : Land transport and transport via pipelines,49,49,3465
2023,Outer London - West and North West,50 : Water transport,50,50,5
2023,Outer London - West and North West,51 : Air transport,51,51,20050
2023,Outer London - West and North West,52 : Warehousing and support activities for transportation,52,52,4715
2023,Outer London - West and North West,53 : Postal and courier activities,53,53,2125
2023,Outer London - West and North West,55 : Accommodation,55,55,3170
2023,Outer London - West and North West,56 : Food and beverage service activities,56,56,30350
2023,Outer London - West and North West,58 : Publishing activities,58,58,415
2023,Outer London - West and North West,"59 : Motion picture, video and television programme production, sound recording and music publishing activities",59,59,1170
2023,Outer London - West and North West,60 : Programming and broadcasting activities,60,60,720
2023,Outer London - West and North West,61 : Telecommunications,61,61,1315
2023,Outer London - West and North West,"62 : Computer programming, consultancy and related activities",62,62,2580
2023,Outer London - West and North West,63 : Information service activities,63,63,90
2023,Outer London - West and North West,"64 : Financial service activities, except insurance and pension funding",64,64,1025
2023,Outer London - West and North West,"65 : Insurance, reinsurance and pension funding, except compulsory social security",65,65,5
2023,Outer London - West and North West,66 : Activities auxiliary to financial services and insurance activities,66,66,620
2023,Outer London - West and North West,68 : Real estate activities,68,68,6605
2023,Outer London - West and North West,69 : Legal and accounting activities,69,69,3740
2023,Outer London - West and North West,70 : Activities of head offices; management consultancy activities,70,70,3800
2023,Outer London - West and North West,71 : Architectural and engineering activities; technical testing and analysis,71,71,1055
2023,Outer London - West and North West,72 : Scientific research and development,72,72,455
2023,Outer London - West and North West,73 : Advertising and market research,73,73,375
2023,Outer London - West and North West,"74 : Other professional, scientific and technical activities",74,74,1120
2023,Outer London - West and North West,75 : Veterinary activities,75,75,250
2023,Outer London - West and North West,77 : Rental and leasing activities,77,77,750
2023,Outer London - West and North West,78 : Employment activities,78,78,11835
2023,Outer London - West and North West,"79 : Travel agency, tour operator and other reservation service and related activities",79,79,870
2023,Outer London - West and North West,80 : Security and investigation activities,80,80,2350
2023,Outer London - West and North West,81 : Services to buildings and landscape activities,81,81,10515
2023,Outer London - West and North West,"82 : Office administrative, office support and other business support activities",82,82,2550
2023,Outer London - West and North West,84 : Public administration and defence; compulsory social security,84,84,4625
2023,Outer London - West and North West,85 : Education,85,85,31615
2023,Outer London - West and North West,86 : Human health activities,86,86,20800
2023,Outer London - West and North West,87 : Residential care activities,87,87,4650
2023,Outer London - West and North West,88 : Social work activities without accommodation,88,88,10000
2023,Outer London - West and North West,"90 : Creative, arts and entertainment activities",90,90,1175
2023,Outer London - West and North West,"91 : Libraries, archives, museums and other cultural activities",91,91,1875
2023,Outer London - West and North West,92 : Gambling and betting activities,92,92,1000
2023,Outer London - West and North West,93 : Sports activities and amusement and recreation activities,93,93,8475
2023,Outer London - West and North West,94 : Activities of membership organisations,94,94,1685
2023,Outer London - West and North West,95 : Repair of computers and personal and household goods,95,95,695
2023,Outer London - West and North West,96 : Other personal service activities,96,96,4425
2023,Outer London - West and North West,97 : Activities of households as employers of domestic personnel,97,97,0
2023,Outer London - West and North West,98 : Undifferentiated goods- and services-producing activities of private households for own use,98,98,0
2023,Outer London - West and North West,99 : Activities of extraterritorial organisations and bodies,99,99,0
2023,Shropshire and Staffordshire,"01 : Crop and animal production, hunting and related service activities",01,1,1760
2023,Shropshire and Staffordshire,02 : Forestry and logging,02,2,195
2023,Shropshire and Staffordshire,03 : Fishing and aquaculture,03,3,15
2023,Shropshire and Staffordshire,05 : Mining of coal and lignite,05,5,0
2023,Shropshire and Staffordshire,06 : Extraction of crude petroleum and natural gas,06,6,0
2023,Shropshire and Staffordshire,07 : Mining of metal ores,07,7,0
2023,Shropshire and Staffordshire,08 : Other mining and quarrying,08,8,5
2023,Shropshire and Staffordshire,09 : Mining support service activities,09,9,0
2023,Shropshire and Staffordshire,10 : Manufacture of food products,10,10,2240
2023,Shropshire and Staffordshire,11 : Manufacture of beverages,11,11,215
2023,Shropshire and Staffordshire,12 : Manufacture of tobacco products,12,12,0
2023,Shropshire and Staffordshire,13 : Manufacture of textiles,13,13,90
2023,Shropshire and Staffordshire,14 : Manufacture of wearing apparel,14,14,60
2023,Shropshire and Staffordshire,15 : Manufacture of leather and related products,15,15,15
2023,Shropshire and Staffordshire,"16 : Manufacture of wood and of products of wood and cork, except furniture;manufacture of articles of straw and plaiting materials",16,16,585
2023,Shropshire and Staffordshire,17 : Manufacture of paper and paper products,17,17,55
2023,Shropshire and Staffordshire,18 : Printing and reproduction of recorded media,18,18,80
2023,Shropshire and Staffordshire,19 : Manufacture of coke and refined petroleum products,19,19,10
2023,Shropshire and Staffordshire,20 : Manufacture of chemicals and chemical products,20,20,260
2023,Shropshire and Staffordshire,21 : Manufacture of basic pharmaceutical products and pharmaceutical preparations,21,21,0
2023,Shropshire and Staffordshire,22 : Manufacture of rubber and plastic products,22,22,555
2023,Shropshire and Staffordshire,23 : Manufacture of other non-metallic mineral products,23,23,565
2023,Shropshire and Staffordshire,24 : Manufacture of basic metals,24,24,95
2023,Shropshire and Staffordshire,"25 : Manufacture of fabricated metal products, except machinery and equipment",25,25,795
2023,Shropshire and Staffordshire,"26 : Manufacture of computer, electronic and optical products",26,26,595
2023,Shropshire and Staffordshire,27 : Manufacture of electrical equipment,27,27,135
2023,Shropshire and Staffordshire,28 : Manufacture of machinery and equipment n.e.c.,28,28,445
2023,Shropshire and Staffordshire,"29 : Manufacture of motor vehicles, trailers and semi-trailers",29,29,360
2023,Shropshire and Staffordshire,30 : Manufacture of other transport equipment,30,30,120
2023,Shropshire and Staffordshire,31 : Manufacture of furniture,31,31,70
2023,Shropshire and Staffordshire,32 : Other manufacturing,32,32,105
2023,Shropshire and Staffordshire,33 : Repair and installation of machinery and equipment,33,33,275
2023,Shropshire and Staffordshire,"35 : Electricity, gas, steam and air conditioning supply",35,35,40
2023,Shropshire and Staffordshire,"36 : Water collection, treatment and supply",36,36,100
2023,Shropshire and Staffordshire,37 : Sewerage,37,37,10
2023,Shropshire and Staffordshire,"38 : Waste collection, treatment and disposal activities; materials recovery",38,38,135
2023,Shropshire and Staffordshire,"39 : Remediation activities and other waste management services. This division includes the provision of remediation services, i.e. the cleanup of contaminated buildings and sites, soil, surface or ground water.",39,39,30
2023,Shropshire and Staffordshire,41 : Construction of buildings,41,41,975
2023,Shropshire and Staffordshire,42 : Civil engineering,42,42,260
2023,Shropshire and Staffordshire,43 : Specialised construction activities,43,43,2385
2023,Shropshire and Staffordshire,45 : Wholesale and retail trade and repair of motor vehicles and motorcycles,45,45,3945
2023,Shropshire and Staffordshire,"46 : Wholesale trade, except of motor vehicles and motorcycles",46,46,4135
2023,Shropshire and Staffordshire,"47 : Retail trade, except of motor vehicles and motorcycles",47,47,38530
2023,Shropshire and Staffordshire,49 : Land transport and transport via pipelines,49,49,3330
2023,Shropshire and Staffordshire,50 : Water transport,50,50,0
2023,Shropshire and Staffordshire,51 : Air transport,51,51,0
2023,Shropshire and Staffordshire,52 : Warehousing and support activities for transportation,52,52,2530
2023,Shropshire and Staffordshire,53 : Postal and courier activities,53,53,1200
2023,Shropshire and Staffordshire,55 : Accommodation,55,55,3970
2023,Shropshire and Staffordshire,56 : Food and beverage service activities,56,56,28900
2023,Shropshire and Staffordshire,58 : Publishing activities,58,58,150
2023,Shropshire and Staffordshire,"59 : Motion picture, video and television programme production, sound recording and music publishing activities",59,59,390
2023,Shropshire and Staffordshire,60 : Programming and broadcasting activities,60,60,45
2023,Shropshire and Staffordshire,61 : Telecommunications,61,61,425
2023,Shropshire and Staffordshire,"62 : Computer programming, consultancy and related activities",62,62,1450
2023,Shropshire and Staffordshire,63 : Information service activities,63,63,70
2023,Shropshire and Staffordshire,"64 : Financial service activities, except insurance and pension funding",64,64,925
2023,Shropshire and Staffordshire,"65 : Insurance, reinsurance and pension funding, except compulsory social security",65,65,160
2023,Shropshire and Staffordshire,66 : Activities auxiliary to financial services and insurance activities,66,66,590
2023,Shropshire and Staffordshire,68 : Real estate activities,68,68,2800
2023,Shropshire and Staffordshire,69 : Legal and accounting activities,69,69,2485
2023,Shropshire and Staffordshire,70 : Activities of head offices; management consultancy activities,70,70,2875
2023,Shropshire and Staffordshire,71 : Architectural and engineering activities; technical testing and analysis,71,71,1580
2023,Shropshire and Staffordshire,72 : Scientific research and development,72,72,140
2023,Shropshire and Staffordshire,73 : Advertising and market research,73,73,200
2023,Shropshire and Staffordshire,"74 : Other professional, scientific and technical activities",74,74,595
2023,Shropshire and Staffordshire,75 : Veterinary activities,75,75,800
2023,Shropshire and Staffordshire,77 : Rental and leasing activities,77,77,300
2023,Shropshire and Staffordshire,78 : Employment activities,78,78,8030
2023,Shropshire and Staffordshire,"79 : Travel agency, tour operator and other reservation service and related activities",79,79,600
2023,Shropshire and Staffordshire,80 : Security and investigation activities,80,80,405
2023,Shropshire and Staffordshire,81 : Services to buildings and landscape activities,81,81,5175
2023,Shropshire and Staffordshire,"82 : Office administrative, office support and other business support activities",82,82,2485
2023,Shropshire and Staffordshire,84 : Public administration and defence; compulsory social security,84,84,6825
2023,Shropshire and Staffordshire,85 : Education,85,85,23465
2023,Shropshire and Staffordshire,86 : Human health activities,86,86,24950
2023,Shropshire and Staffordshire,87 : Residential care activities,87,87,7175
2023,Shropshire and Staffordshire,88 : Social work activities without accommodation,88,88,7750
2023,Shropshire and Staffordshire,"90 : Creative, arts and entertainment activities",90,90,925
2023,Shropshire and Staffordshire,"91 : Libraries, archives, museums and other cultural activities",91,91,1135
2023,Shropshire and Staffordshire,92 : Gambling and betting activities,92,92,800
2023,Shropshire and Staffordshire,93 : Sports activities and amusement and recreation activities,93,93,7855
2023,Shropshire and Staffordshire,94 : Activities of membership organisations,94,94,2460
2023,Shropshire and Staffordshire,95 : Repair of computers and personal and household goods,95,95,510
2023,Shropshire and Staffordshire,96 : Other personal service activities,96,96,3050
2023,Shropshire and Staffordshire,97 : Activities of households as employers of domestic personnel,97,97,0
2023,Shropshire and Staffordshire,98 : Undifferentiated goods- and services-producing activities of private households for own use,98,98,0
2023,Shropshire and Staffordshire,99 : Activities of extraterritorial organisations and bodies,99,99,0
2023,South Yorkshire,"01 : Crop and animal production, hunting and related service activities",01,1,210
2023,South Yorkshire,02 : Forestry and logging,02,2,30
2023,South Yorkshire,03 : Fishing and aquaculture,03,3,0
2023,South Yorkshire,05 : Mining of coal and lignite,05,5,0
2023,South Yorkshire,06 : Extraction of crude petroleum and natural gas,06,6,0
2023,South Yorkshire,07 : Mining of metal ores,07,7,0
2023,South Yorkshire,08 : Other mining and quarrying,08,8,0
2023,South Yorkshire,09 : Mining support service activities,09,9,0
2023,South Yorkshire,10 : Manufacture of food products,10,10,925
2023,South Yorkshire,11 : Manufacture of beverages,11,11,30
2023,South Yorkshire,12 : Manufacture of tobacco products,12,12,0
2023,South Yorkshire,13 : Manufacture of textiles,13,13,25
2023,South Yorkshire,14 : Manufacture of wearing apparel,14,14,40
2023,South Yorkshire,15 : Manufacture of leather and related products,15,15,10
2023,South Yorkshire,"16 : Manufacture of wood and of products of wood and cork, except furniture;manufacture of articles of straw and plaiting materials",16,16,80
2023,South Yorkshire,17 : Manufacture of paper and paper products,17,17,25
2023,South Yorkshire,18 : Printing and reproduction of recorded media,18,18,155
2023,South Yorkshire,19 : Manufacture of coke and refined petroleum products,19,19,0
2023,South Yorkshire,20 : Manufacture of chemicals and chemical products,20,20,60
2023,South Yorkshire,21 : Manufacture of basic pharmaceutical products and pharmaceutical preparations,21,21,0
2023,South Yorkshire,22 : Manufacture of rubber and plastic products,22,22,455
2023,South Yorkshire,23 : Manufacture of other non-metallic mineral products,23,23,115
2023,South Yorkshire,24 : Manufacture of basic metals,24,24,125
2023,South Yorkshire,"25 : Manufacture of fabricated metal products, except machinery and equipment",25,25,780
2023,South Yorkshire,"26 : Manufacture of computer, electronic and optical products",26,26,60
2023,South Yorkshire,27 : Manufacture of electrical equipment,27,27,170
2023,South Yorkshire,28 : Manufacture of machinery and equipment n.e.c.,28,28,170
2023,South Yorkshire,"29 : Manufacture of motor vehicles, trailers and semi-trailers",29,29,190
2023,South Yorkshire,30 : Manufacture of other transport equipment,30,30,5
2023,South Yorkshire,31 : Manufacture of furniture,31,31,235
2023,South Yorkshire,32 : Other manufacturing,32,32,295
2023,South Yorkshire,33 : Repair and installation of machinery and equipment,33,33,190
2023,South Yorkshire,"35 : Electricity, gas, steam and air conditioning supply",35,35,35
2023,South Yorkshire,"36 : Water collection, treatment and supply",36,36,15
2023,South Yorkshire,37 : Sewerage,37,37,15
2023,South Yorkshire,"38 : Waste collection, treatment and disposal activities; materials recovery",38,38,195
2023,South Yorkshire,"39 : Remediation activities and other waste management services. This division includes the provision of remediation services, i.e. the cleanup of contaminated buildings and sites, soil, surface or ground water.",39,39,10
2023,South Yorkshire,41 : Construction of buildings,41,41,1400
2023,South Yorkshire,42 : Civil engineering,42,42,620
2023,South Yorkshire,43 : Specialised construction activities,43,43,2340
2023,South Yorkshire,45 : Wholesale and retail trade and repair of motor vehicles and motorcycles,45,45,1865
2023,South Yorkshire,"46 : Wholesale trade, except of motor vehicles and motorcycles",46,46,3215
2023,South Yorkshire,"47 : Retail trade, except of motor vehicles and motorcycles",47,47,32335
2023,South Yorkshire,49 : Land transport and transport via pipelines,49,49,1555
2023,South Yorkshire,50 : Water transport,50,50,0
2023,South Yorkshire,51 : Air transport,51,51,20
2023,South Yorkshire,52 : Warehousing and support activities for transportation,52,52,3355
2023,South Yorkshire,53 : Postal and courier activities,53,53,920
2023,South Yorkshire,55 : Accommodation,55,55,2130
2023,South Yorkshire,56 : Food and beverage service activities,56,56,25000
2023,South Yorkshire,58 : Publishing activities,58,58,105
2023,South Yorkshire,"59 : Motion picture, video and television programme production, sound recording and music publishing activities",59,59,330
2023,South Yorkshire,60 : Programming and broadcasting activities,60,60,20
2023,South Yorkshire,61 : Telecommunications,61,61,670
2023,South Yorkshire,"62 : Computer programming, consultancy and related activities",62,62,1210
2023,South Yorkshire,63 : Information service activities,63,63,40
2023,South Yorkshire,"64 : Financial service activities, except insurance and pension funding",64,64,1690
2023,South Yorkshire,"65 : Insurance, reinsurance and pension funding, except compulsory social security",65,65,300
2023,South Yorkshire,66 : Activities auxiliary to financial services and insurance activities,66,66,1100
2023,South Yorkshire,68 : Real estate activities,68,68,1835
2023,South Yorkshire,69 : Legal and accounting activities,69,69,2310
2023,South Yorkshire,70 : Activities of head offices; management consultancy activities,70,70,1810
2023,South Yorkshire,71 : Architectural and engineering activities; technical testing and analysis,71,71,1465
2023,South Yorkshire,72 : Scientific research and development,72,72,75
2023,South Yorkshire,73 : Advertising and market research,73,73,245
2023,South Yorkshire,"74 : Other professional, scientific and technical activities",74,74,590
2023,South Yorkshire,75 : Veterinary activities,75,75,300
2023,South Yorkshire,77 : Rental and leasing activities,77,77,305
2023,South Yorkshire,78 : Employment activities,78,78,6375
2023,South Yorkshire,"79 : Travel agency, tour operator and other reservation service and related activities",79,79,300
2023,South Yorkshire,80 : Security and investigation activities,80,80,1040
2023,South Yorkshire,81 : Services to buildings and landscape activities,81,81,5305
2023,South Yorkshire,"82 : Office administrative, office support and other business support activities",82,82,2350
2023,South Yorkshire,84 : Public administration and defence; compulsory social security,84,84,8515
2023,South Yorkshire,85 : Education,85,85,25180
2023,South Yorkshire,86 : Human health activities,86,86,26000
2023,South Yorkshire,87 : Residential care activities,87,87,7450
2023,South Yorkshire,88 : Social work activities without accommodation,88,88,6750
2023,South Yorkshire,"90 : Creative, arts and entertainment activities",90,90,375
2023,South Yorkshire,"91 : Libraries, archives, museums and other cultural activities",91,91,425
2023,South Yorkshire,92 : Gambling and betting activities,92,92,800
2023,South Yorkshire,93 : Sports activities and amusement and recreation activities,93,93,6550
2023,South Yorkshire,94 : Activities of membership organisations,94,94,1995
2023,South Yorkshire,95 : Repair of computers and personal and household goods,95,95,105
2023,South Yorkshire,96 : Other personal service activities,96,96,1825
2023,South Yorkshire,97 : Activities of households as employers of domestic personnel,97,97,0
2023,South Yorkshire,98 : Undifferentiated goods- and services-producing activities of private households for own use,98,98,0
2023,South Yorkshire,99 : Activities of extraterritorial organisations and bodies,99,99,0
2023,Southern Scotland,"01 : Crop and animal production, hunting and related service activities",01,1,4515
2023,Southern Scotland,02 : Forestry and logging,02,2,700
2023,Southern Scotland,03 : Fishing and aquaculture,03,3,155
2023,Southern Scotland,05 : Mining of coal and lignite,05,5,0
2023,Southern Scotland,06 : Extraction of crude petroleum and natural gas,06,6,0
2023,Southern Scotland,07 : Mining of metal ores,07,7,0
2023,Southern Scotland,08 : Other mining and quarrying,08,8,5
2023,Southern Scotland,09 : Mining support service activities,09,9,0
2023,Southern Scotland,10 : Manufacture of food products,10,10,1240
2023,Southern Scotland,11 : Manufacture of beverages,11,11,60
2023,Southern Scotland,12 : Manufacture of tobacco products,12,12,0
2023,Southern Scotland,13 : Manufacture of textiles,13,13,160
2023,Southern Scotland,14 : Manufacture of wearing apparel,14,14,330
2023,Southern Scotland,15 : Manufacture of leather and related products,15,15,15
2023,Southern Scotland,"16 : Manufacture of wood and of products of wood and cork, except furniture;manufacture of articles of straw and plaiting materials",16,16,70
2023,Southern Scotland,17 : Manufacture of paper and paper products,17,17,45
2023,Southern Scotland,18 : Printing and reproduction of recorded media,18,18,65
2023,Southern Scotland,19 : Manufacture of coke and refined petroleum products,19,19,0
2023,Southern Scotland,20 : Manufacture of chemicals and chemical products,20,20,15
2023,Southern Scotland,21 : Manufacture of basic pharmaceutical products and pharmaceutical preparations,21,21,65
2023,Southern Scotland,22 : Manufacture of rubber and plastic products,22,22,60
2023,Southern Scotland,23 : Manufacture of other non-metallic mineral products,23,23,40
2023,Southern Scotland,24 : Manufacture of basic metals,24,24,10
2023,Southern Scotland,"25 : Manufacture of fabricated metal products, except machinery and equipment",25,25,230
2023,Southern Scotland,"26 : Manufacture of computer, electronic and optical products",26,26,35
2023,Southern Scotland,27 : Manufacture of electrical equipment,27,27,20
2023,Southern Scotland,28 : Manufacture of machinery and equipment n.e.c.,28,28,165
2023,Southern Scotland,"29 : Manufacture of motor vehicles, trailers and semi-trailers",29,29,30
2023,Southern Scotland,30 : Manufacture of other transport equipment,30,30,15
2023,Southern Scotland,31 : Manufacture of furniture,31,31,20
2023,Southern Scotland,32 : Other manufacturing,32,32,260
2023,Southern Scotland,33 : Repair and installation of machinery and equipment,33,33,130
2023,Southern Scotland,"35 : Electricity, gas, steam and air conditioning supply",35,35,115
2023,Southern Scotland,"36 : Water collection, treatment and supply",36,36,35
2023,Southern Scotland,37 : Sewerage,37,37,25
2023,Southern Scotland,"38 : Waste collection, treatment and disposal activities; materials recovery",38,38,285
2023,Southern Scotland,"39 : Remediation activities and other waste management services. This division includes the provision of remediation services, i.e. the cleanup of contaminated buildings and sites, soil, surface or ground water.",39,39,5
2023,Southern Scotland,41 : Construction of buildings,41,41,745
2023,Southern Scotland,42 : Civil engineering,42,42,355
2023,Southern Scotland,43 : Specialised construction activities,43,43,1355
2023,Southern Scotland,45 : Wholesale and retail trade and repair of motor vehicles and motorcycles,45,45,1020
2023,Southern Scotland,"46 : Wholesale trade, except of motor vehicles and motorcycles",46,46,1955
2023,Southern Scotland,"47 : Retail trade, except of motor vehicles and motorcycles",47,47,22100
2023,Southern Scotland,49 : Land transport and transport via pipelines,49,49,1740
2023,Southern Scotland,50 : Water transport,50,50,50
2023,Southern Scotland,51 : Air transport,51,51,10
2023,Southern Scotland,52 : Warehousing and support activities for transportation,52,52,255
2023,Southern Scotland,53 : Postal and courier activities,53,53,410
2023,Southern Scotland,55 : Accommodation,55,55,4105
2023,Southern Scotland,56 : Food and beverage service activities,56,56,12750
2023,Southern Scotland,58 : Publishing activities,58,58,60
2023,Southern Scotland,"59 : Motion picture, video and television programme production, sound recording and music publishing activities",59,59,190
2023,Southern Scotland,60 : Programming and broadcasting activities,60,60,10
2023,Southern Scotland,61 : Telecommunications,61,61,65
2023,Southern Scotland,"62 : Computer programming, consultancy and related activities",62,62,260
2023,Southern Scotland,63 : Information service activities,63,63,25
2023,Southern Scotland,"64 : Financial service activities, except insurance and pension funding",64,64,675
2023,Southern Scotland,"65 : Insurance, reinsurance and pension funding, except compulsory social security",65,65,0
2023,Southern Scotland,66 : Activities auxiliary to financial services and insurance activities,66,66,220
2023,Southern Scotland,68 : Real estate activities,68,68,1490
2023,Southern Scotland,69 : Legal and accounting activities,69,69,835
2023,Southern Scotland,70 : Activities of head offices; management consultancy activities,70,70,915
2023,Southern Scotland,71 : Architectural and engineering activities; technical testing and analysis,71,71,635
2023,Southern Scotland,72 : Scientific research and development,72,72,85
2023,Southern Scotland,73 : Advertising and market research,73,73,60
2023,Southern Scotland,"74 : Other professional, scientific and technical activities",74,74,575
2023,Southern Scotland,75 : Veterinary activities,75,75,500
2023,Southern Scotland,77 : Rental and leasing activities,77,77,100
2023,Southern Scotland,78 : Employment activities,78,78,1105
2023,Southern Scotland,"79 : Travel agency, tour operator and other reservation service and related activities",79,79,165
2023,Southern Scotland,80 : Security and investigation activities,80,80,210
2023,Southern Scotland,81 : Services to buildings and landscape activities,81,81,4255
2023,Southern Scotland,"82 : Office administrative, office support and other business support activities",82,82,2235
2023,Southern Scotland,84 : Public administration and defence; compulsory social security,84,84,4625
2023,Southern Scotland,85 : Education,85,85,11520
2023,Southern Scotland,86 : Human health activities,86,86,16425
2023,Southern Scotland,87 : Residential care activities,87,87,4700
2023,Southern Scotland,88 : Social work activities without accommodation,88,88,7900
2023,Southern Scotland,"90 : Creative, arts and entertainment activities",90,90,350
2023,Southern Scotland,"91 : Libraries, archives, museums and other cultural activities",91,91,940
2023,Southern Scotland,92 : Gambling and betting activities,92,92,600
2023,Southern Scotland,93 : Sports activities and amusement and recreation activities,93,93,3685
2023,Southern Scotland,94 : Activities of membership organisations,94,94,770
2023,Southern Scotland,95 : Repair of computers and personal and household goods,95,95,100
2023,Southern Scotland,96 : Other personal service activities,96,96,1575
2023,Southern Scotland,97 : Activities of households as employers of domestic personnel,97,97,0
2023,Southern Scotland,98 : Undifferentiated goods- and services-producing activities of private households for own use,98,98,0
2023,Southern Scotland,99 : Activities of extraterritorial organisations and bodies,99,99,0
2023,"Surrey, East and West Sussex","01 : Crop and animal production, hunting and related service activities",01,1,1450
2023,"Surrey, East and West Sussex",02 : Forestry and logging,02,2,260
2023,"Surrey, East and West Sussex",03 : Fishing and aquaculture,03,3,40
2023,"Surrey, East and West Sussex",05 : Mining of coal and lignite,05,5,0
2023,"Surrey, East and West Sussex",06 : Extraction of crude petroleum and natural gas,06,6,0
2023,"Surrey, East and West Sussex",07 : Mining of metal ores,07,7,0
2023,"Surrey, East and West Sussex",08 : Other mining and quarrying,08,8,0
2023,"Surrey, East and West Sussex",09 : Mining support service activities,09,9,10
2023,"Surrey, East and West Sussex",10 : Manufacture of food products,10,10,1020
2023,"Surrey, East and West Sussex",11 : Manufacture of beverages,11,11,400
2023,"Surrey, East and West Sussex",12 : Manufacture of tobacco products,12,12,0
2023,"Surrey, East and West Sussex",13 : Manufacture of textiles,13,13,85
2023,"Surrey, East and West Sussex",14 : Manufacture of wearing apparel,14,14,300
2023,"Surrey, East and West Sussex",15 : Manufacture of leather and related products,15,15,50
2023,"Surrey, East and West Sussex","16 : Manufacture of wood and of products of wood and cork, except furniture;manufacture of articles of straw and plaiting materials",16,16,135
2023,"Surrey, East and West Sussex",17 : Manufacture of paper and paper products,17,17,55
2023,"Surrey, East and West Sussex",18 : Printing and reproduction of recorded media,18,18,150
2023,"Surrey, East and West Sussex",19 : Manufacture of coke and refined petroleum products,19,19,40
2023,"Surrey, East and West Sussex",20 : Manufacture of chemicals and chemical products,20,20,80
2023,"Surrey, East and West Sussex",21 : Manufacture of basic pharmaceutical products and pharmaceutical preparations,21,21,105
2023,"Surrey, East and West Sussex",22 : Manufacture of rubber and plastic products,22,22,440
2023,"Surrey, East and West Sussex",23 : Manufacture of other non-metallic mineral products,23,23,180
2023,"Surrey, East and West Sussex",24 : Manufacture of basic metals,24,24,40
2023,"Surrey, East and West Sussex","25 : Manufacture of fabricated metal products, except machinery and equipment",25,25,765
2023,"Surrey, East and West Sussex","26 : Manufacture of computer, electronic and optical products",26,26,720
2023,"Surrey, East and West Sussex",27 : Manufacture of electrical equipment,27,27,350
2023,"Surrey, East and West Sussex",28 : Manufacture of machinery and equipment n.e.c.,28,28,280
2023,"Surrey, East and West Sussex","29 : Manufacture of motor vehicles, trailers and semi-trailers",29,29,170
2023,"Surrey, East and West Sussex",30 : Manufacture of other transport equipment,30,30,60
2023,"Surrey, East and West Sussex",31 : Manufacture of furniture,31,31,130
2023,"Surrey, East and West Sussex",32 : Other manufacturing,32,32,505
2023,"Surrey, East and West Sussex",33 : Repair and installation of machinery and equipment,33,33,535
2023,"Surrey, East and West Sussex","35 : Electricity, gas, steam and air conditioning supply",35,35,275
2023,"Surrey, East and West Sussex","36 : Water collection, treatment and supply",36,36,200
2023,"Surrey, East and West Sussex",37 : Sewerage,37,37,100
2023,"Surrey, East and West Sussex","38 : Waste collection, treatment and disposal activities; materials recovery",38,38,270
2023,"Surrey, East and West Sussex","39 : Remediation activities and other waste management services. This division includes the provision of remediation services, i.e. the cleanup of contaminated buildings and sites, soil, surface or ground water.",39,39,225
2023,"Surrey, East and West Sussex",41 : Construction of buildings,41,41,3150
2023,"Surrey, East and West Sussex",42 : Civil engineering,42,42,615
2023,"Surrey, East and West Sussex",43 : Specialised construction activities,43,43,5145
2023,"Surrey, East and West Sussex",45 : Wholesale and retail trade and repair of motor vehicles and motorcycles,45,45,3400
2023,"Surrey, East and West Sussex","46 : Wholesale trade, except of motor vehicles and motorcycles",46,46,6315
2023,"Surrey, East and West Sussex","47 : Retail trade, except of motor vehicles and motorcycles",47,47,62670
2023,"Surrey, East and West Sussex",49 : Land transport and transport via pipelines,49,49,3175
2023,"Surrey, East and West Sussex",50 : Water transport,50,50,45
2023,"Surrey, East and West Sussex",51 : Air transport,51,51,2310
2023,"Surrey, East and West Sussex",52 : Warehousing and support activities for transportation,52,52,2220
2023,"Surrey, East and West Sussex",53 : Postal and courier activities,53,53,1395
2023,"Surrey, East and West Sussex",55 : Accommodation,55,55,10125
2023,"Surrey, East and West Sussex",56 : Food and beverage service activities,56,56,65500
2023,"Surrey, East and West Sussex",58 : Publishing activities,58,58,780
2023,"Surrey, East and West Sussex","59 : Motion picture, video and television programme production, sound recording and music publishing activities",59,59,1500
2023,"Surrey, East and West Sussex",60 : Programming and broadcasting activities,60,60,175
2023,"Surrey, East and West Sussex",61 : Telecommunications,61,61,345
2023,"Surrey, East and West Sussex","62 : Computer programming, consultancy and related activities",62,62,6425
2023,"Surrey, East and West Sussex",63 : Information service activities,63,63,375
2023,"Surrey, East and West Sussex","64 : Financial service activities, except insurance and pension funding",64,64,2060
2023,"Surrey, East and West Sussex","65 : Insurance, reinsurance and pension funding, except compulsory social security",65,65,700
2023,"Surrey, East and West Sussex",66 : Activities auxiliary to financial services and insurance activities,66,66,2830
2023,"Surrey, East and West Sussex",68 : Real estate activities,68,68,7700
2023,"Surrey, East and West Sussex",69 : Legal and accounting activities,69,69,6595
2023,"Surrey, East and West Sussex",70 : Activities of head offices; management consultancy activities,70,70,9900
2023,"Surrey, East and West Sussex",71 : Architectural and engineering activities; technical testing and analysis,71,71,3400
2023,"Surrey, East and West Sussex",72 : Scientific research and development,72,72,550
2023,"Surrey, East and West Sussex",73 : Advertising and market research,73,73,1750
2023,"Surrey, East and West Sussex","74 : Other professional, scientific and technical activities",74,74,1070
2023,"Surrey, East and West Sussex",75 : Veterinary activities,75,75,1750
2023,"Surrey, East and West Sussex",77 : Rental and leasing activities,77,77,1080
2023,"Surrey, East and West Sussex",78 : Employment activities,78,78,10660
2023,"Surrey, East and West Sussex","79 : Travel agency, tour operator and other reservation service and related activities",79,79,775
2023,"Surrey, East and West Sussex",80 : Security and investigation activities,80,80,2040
2023,"Surrey, East and West Sussex",81 : Services to buildings and landscape activities,81,81,14825
2023,"Surrey, East and West Sussex","82 : Office administrative, office support and other business support activities",82,82,3775
2023,"Surrey, East and West Sussex",84 : Public administration and defence; compulsory social security,84,84,9325
2023,"Surrey, East and West Sussex",85 : Education,85,85,56585
2023,"Surrey, East and West Sussex",86 : Human health activities,86,86,44500
2023,"Surrey, East and West Sussex",87 : Residential care activities,87,87,15000
2023,"Surrey, East and West Sussex",88 : Social work activities without accommodation,88,88,22000
2023,"Surrey, East and West Sussex","90 : Creative, arts and entertainment activities",90,90,1900
2023,"Surrey, East and West Sussex","91 : Libraries, archives, museums and other cultural activities",91,91,2295
2023,"Surrey, East and West Sussex",92 : Gambling and betting activities,92,92,800
2023,"Surrey, East and West Sussex",93 : Sports activities and amusement and recreation activities,93,93,20540
2023,"Surrey, East and West Sussex",94 : Activities of membership organisations,94,94,5140
2023,"Surrey, East and West Sussex",95 : Repair of computers and personal and household goods,95,95,270
2023,"Surrey, East and West Sussex",96 : Other personal service activities,96,96,4825
2023,"Surrey, East and West Sussex",97 : Activities of households as employers of domestic personnel,97,97,0
2023,"Surrey, East and West Sussex",98 : Undifferentiated goods- and services-producing activities of private households for own use,98,98,0
2023,"Surrey, East and West Sussex",99 : Activities of extraterritorial organisations and bodies,99,99,0
2023,Tees Valley and Durham,"01 : Crop and animal production, hunting and related service activities",01,1,370
2023,Tees Valley and Durham,02 : Forestry and logging,02,2,15
2023,Tees Valley and Durham,03 : Fishing and aquaculture,03,3,0
2023,Tees Valley and Durham,05 : Mining of coal and lignite,05,5,0
2023,Tees Valley and Durham,06 : Extraction of crude petroleum and natural gas,06,6,0
2023,Tees Valley and Durham,07 : Mining of metal ores,07,7,0
2023,Tees Valley and Durham,08 : Other mining and quarrying,08,8,10
2023,Tees Valley and Durham,09 : Mining support service activities,09,9,0
2023,Tees Valley and Durham,10 : Manufacture of food products,10,10,1135
2023,Tees Valley and Durham,11 : Manufacture of beverages,11,11,195
2023,Tees Valley and Durham,12 : Manufacture of tobacco products,12,12,0
2023,Tees Valley and Durham,13 : Manufacture of textiles,13,13,245
2023,Tees Valley and Durham,14 : Manufacture of wearing apparel,14,14,10
2023,Tees Valley and Durham,15 : Manufacture of leather and related products,15,15,20
2023,Tees Valley and Durham,"16 : Manufacture of wood and of products of wood and cork, except furniture;manufacture of articles of straw and plaiting materials",16,16,80
2023,Tees Valley and Durham,17 : Manufacture of paper and paper products,17,17,15
2023,Tees Valley and Durham,18 : Printing and reproduction of recorded media,18,18,110
2023,Tees Valley and Durham,19 : Manufacture of coke and refined petroleum products,19,19,40
2023,Tees Valley and Durham,20 : Manufacture of chemicals and chemical products,20,20,105
2023,Tees Valley and Durham,21 : Manufacture of basic pharmaceutical products and pharmaceutical preparations,21,21,75
2023,Tees Valley and Durham,22 : Manufacture of rubber and plastic products,22,22,100
2023,Tees Valley and Durham,23 : Manufacture of other non-metallic mineral products,23,23,60
2023,Tees Valley and Durham,24 : Manufacture of basic metals,24,24,55
2023,Tees Valley and Durham,"25 : Manufacture of fabricated metal products, except machinery and equipment",25,25,655
2023,Tees Valley and Durham,"26 : Manufacture of computer, electronic and optical products",26,26,65
2023,Tees Valley and Durham,27 : Manufacture of electrical equipment,27,27,40
2023,Tees Valley and Durham,28 : Manufacture of machinery and equipment n.e.c.,28,28,140
2023,Tees Valley and Durham,"29 : Manufacture of motor vehicles, trailers and semi-trailers",29,29,365
2023,Tees Valley and Durham,30 : Manufacture of other transport equipment,30,30,10
2023,Tees Valley and Durham,31 : Manufacture of furniture,31,31,200
2023,Tees Valley and Durham,32 : Other manufacturing,32,32,135
2023,Tees Valley and Durham,33 : Repair and installation of machinery and equipment,33,33,400
2023,Tees Valley and Durham,"35 : Electricity, gas, steam and air conditioning supply",35,35,45
2023,Tees Valley and Durham,"36 : Water collection, treatment and supply",36,36,200
2023,Tees Valley and Durham,37 : Sewerage,37,37,0
2023,Tees Valley and Durham,"38 : Waste collection, treatment and disposal activities; materials recovery",38,38,495
2023,Tees Valley and Durham,"39 : Remediation activities and other waste management services. This division includes the provision of remediation services, i.e. the cleanup of contaminated buildings and sites, soil, surface or ground water.",39,39,10
2023,Tees Valley and Durham,41 : Construction of buildings,41,41,1000
2023,Tees Valley and Durham,42 : Civil engineering,42,42,850
2023,Tees Valley and Durham,43 : Specialised construction activities,43,43,2640
2023,Tees Valley and Durham,45 : Wholesale and retail trade and repair of motor vehicles and motorcycles,45,45,740
2023,Tees Valley and Durham,"46 : Wholesale trade, except of motor vehicles and motorcycles",46,46,895
2023,Tees Valley and Durham,"47 : Retail trade, except of motor vehicles and motorcycles",47,47,27560
2023,Tees Valley and Durham,49 : Land transport and transport via pipelines,49,49,2510
2023,Tees Valley and Durham,50 : Water transport,50,50,0
2023,Tees Valley and Durham,51 : Air transport,51,51,0
2023,Tees Valley and Durham,52 : Warehousing and support activities for transportation,52,52,2335
2023,Tees Valley and Durham,53 : Postal and courier activities,53,53,725
2023,Tees Valley and Durham,55 : Accommodation,55,55,2270
2023,Tees Valley and Durham,56 : Food and beverage service activities,56,56,16100
2023,Tees Valley and Durham,58 : Publishing activities,58,58,115
2023,Tees Valley and Durham,"59 : Motion picture, video and television programme production, sound recording and music publishing activities",59,59,200
2023,Tees Valley and Durham,60 : Programming and broadcasting activities,60,60,10
2023,Tees Valley and Durham,61 : Telecommunications,61,61,415
2023,Tees Valley and Durham,"62 : Computer programming, consultancy and related activities",62,62,980
2023,Tees Valley and Durham,63 : Information service activities,63,63,10
2023,Tees Valley and Durham,"64 : Financial service activities, except insurance and pension funding",64,64,585
2023,Tees Valley and Durham,"65 : Insurance, reinsurance and pension funding, except compulsory social security",65,65,0
2023,Tees Valley and Durham,66 : Activities auxiliary to financial services and insurance activities,66,66,290
2023,Tees Valley and Durham,68 : Real estate activities,68,68,1530
2023,Tees Valley and Durham,69 : Legal and accounting activities,69,69,1040
2023,Tees Valley and Durham,70 : Activities of head offices; management consultancy activities,70,70,785
2023,Tees Valley and Durham,71 : Architectural and engineering activities; technical testing and analysis,71,71,850
2023,Tees Valley and Durham,72 : Scientific research and development,72,72,500
2023,Tees Valley and Durham,73 : Advertising and market research,73,73,150
2023,Tees Valley and Durham,"74 : Other professional, scientific and technical activities",74,74,215
2023,Tees Valley and Durham,75 : Veterinary activities,75,75,400
2023,Tees Valley and Durham,77 : Rental and leasing activities,77,77,410
2023,Tees Valley and Durham,78 : Employment activities,78,78,2130
2023,Tees Valley and Durham,"79 : Travel agency, tour operator and other reservation service and related activities",79,79,140
2023,Tees Valley and Durham,80 : Security and investigation activities,80,80,955
2023,Tees Valley and Durham,81 : Services to buildings and landscape activities,81,81,4930
2023,Tees Valley and Durham,"82 : Office administrative, office support and other business support activities",82,82,1050
2023,Tees Valley and Durham,84 : Public administration and defence; compulsory social security,84,84,6900
2023,Tees Valley and Durham,85 : Education,85,85,18900
2023,Tees Valley and Durham,86 : Human health activities,86,86,16300
2023,Tees Valley and Durham,87 : Residential care activities,87,87,7600
2023,Tees Valley and Durham,88 : Social work activities without accommodation,88,88,6000
2023,Tees Valley and Durham,"90 : Creative, arts and entertainment activities",90,90,140
2023,Tees Valley and Durham,"91 : Libraries, archives, museums and other cultural activities",91,91,915
2023,Tees Valley and Durham,92 : Gambling and betting activities,92,92,1000
2023,Tees Valley and Durham,93 : Sports activities and amusement and recreation activities,93,93,3705
2023,Tees Valley and Durham,94 : Activities of membership organisations,94,94,1210
2023,Tees Valley and Durham,95 : Repair of computers and personal and household goods,95,95,100
2023,Tees Valley and Durham,96 : Other personal service activities,96,96,2055
2023,Tees Valley and Durham,97 : Activities of households as employers of domestic personnel,97,97,0
2023,Tees Valley and Durham,98 : Undifferentiated goods- and services-producing activities of private households for own use,98,98,0
2023,Tees Valley and Durham,99 : Activities of extraterritorial organisations and bodies,99,99,0
2023,West Central Scotland,"01 : Crop and animal production, hunting and related service activities",01,1,490
2023,West Central Scotland,02 : Forestry and logging,02,2,95
2023,West Central Scotland,03 : Fishing and aquaculture,03,3,110
2023,West Central Scotland,05 : Mining of coal and lignite,05,5,0
2023,West Central Scotland,06 : Extraction of crude petroleum and natural gas,06,6,0
2023,West Central Scotland,07 : Mining of metal ores,07,7,0
2023,West Central Scotland,08 : Other mining and quarrying,08,8,0
2023,West Central Scotland,09 : Mining support service activities,09,9,0
2023,West Central Scotland,10 : Manufacture of food products,10,10,770
2023,West Central Scotland,11 : Manufacture of beverages,11,11,355
2023,West Central Scotland,12 : Manufacture of tobacco products,12,12,0
2023,West Central Scotland,13 : Manufacture of textiles,13,13,65
2023,West Central Scotland,14 : Manufacture of wearing apparel,14,14,15
2023,West Central Scotland,15 : Manufacture of leather and related products,15,15,30
2023,West Central Scotland,"16 : Manufacture of wood and of products of wood and cork, except furniture;manufacture of articles of straw and plaiting materials",16,16,50
2023,West Central Scotland,17 : Manufacture of paper and paper products,17,17,80
2023,West Central Scotland,18 : Printing and reproduction of recorded media,18,18,140
2023,West Central Scotland,19 : Manufacture of coke and refined petroleum products,19,19,0
2023,West Central Scotland,20 : Manufacture of chemicals and chemical products,20,20,105
2023,West Central Scotland,21 : Manufacture of basic pharmaceutical products and pharmaceutical preparations,21,21,40
2023,West Central Scotland,22 : Manufacture of rubber and plastic products,22,22,235
2023,West Central Scotland,23 : Manufacture of other non-metallic mineral products,23,23,20
2023,West Central Scotland,24 : Manufacture of basic metals,24,24,10
2023,West Central Scotland,"25 : Manufacture of fabricated metal products, except machinery and equipment",25,25,190
2023,West Central Scotland,"26 : Manufacture of computer, electronic and optical products",26,26,120
2023,West Central Scotland,27 : Manufacture of electrical equipment,27,27,70
2023,West Central Scotland,28 : Manufacture of machinery and equipment n.e.c.,28,28,125
2023,West Central Scotland,"29 : Manufacture of motor vehicles, trailers and semi-trailers",29,29,45
2023,West Central Scotland,30 : Manufacture of other transport equipment,30,30,70
2023,West Central Scotland,31 : Manufacture of furniture,31,31,75
2023,West Central Scotland,32 : Other manufacturing,32,32,345
2023,West Central Scotland,33 : Repair and installation of machinery and equipment,33,33,210
2023,West Central Scotland,"35 : Electricity, gas, steam and air conditioning supply",35,35,210
2023,West Central Scotland,"36 : Water collection, treatment and supply",36,36,100
2023,West Central Scotland,37 : Sewerage,37,37,30
2023,West Central Scotland,"38 : Waste collection, treatment and disposal activities; materials recovery",38,38,265
2023,West Central Scotland,"39 : Remediation activities and other waste management services. This division includes the provision of remediation services, i.e. the cleanup of contaminated buildings and sites, soil, surface or ground water.",39,39,40
2023,West Central Scotland,41 : Construction of buildings,41,41,1100
2023,West Central Scotland,42 : Civil engineering,42,42,500
2023,West Central Scotland,43 : Specialised construction activities,43,43,2045
2023,West Central Scotland,45 : Wholesale and retail trade and repair of motor vehicles and motorcycles,45,45,1395
2023,West Central Scotland,"46 : Wholesale trade, except of motor vehicles and motorcycles",46,46,3225
2023,West Central Scotland,"47 : Retail trade, except of motor vehicles and motorcycles",47,47,39235
2023,West Central Scotland,49 : Land transport and transport via pipelines,49,49,2595
2023,West Central Scotland,50 : Water transport,50,50,25
2023,West Central Scotland,51 : Air transport,51,51,185
2023,West Central Scotland,52 : Warehousing and support activities for transportation,52,52,1385
2023,West Central Scotland,53 : Postal and courier activities,53,53,1165
2023,West Central Scotland,55 : Accommodation,55,55,4935
2023,West Central Scotland,56 : Food and beverage service activities,56,56,28300
2023,West Central Scotland,58 : Publishing activities,58,58,255
2023,West Central Scotland,"59 : Motion picture, video and television programme production, sound recording and music publishing activities",59,59,1005
2023,West Central Scotland,60 : Programming and broadcasting activities,60,60,65
2023,West Central Scotland,61 : Telecommunications,61,61,715
2023,West Central Scotland,"62 : Computer programming, consultancy and related activities",62,62,1345
2023,West Central Scotland,63 : Information service activities,63,63,115
2023,West Central Scotland,"64 : Financial service activities, except insurance and pension funding",64,64,2280
2023,West Central Scotland,"65 : Insurance, reinsurance and pension funding, except compulsory social security",65,65,350
2023,West Central Scotland,66 : Activities auxiliary to financial services and insurance activities,66,66,1350
2023,West Central Scotland,68 : Real estate activities,68,68,3855
2023,West Central Scotland,69 : Legal and accounting activities,69,69,3195
2023,West Central Scotland,70 : Activities of head offices; management consultancy activities,70,70,3200
2023,West Central Scotland,71 : Architectural and engineering activities; technical testing and analysis,71,71,1700
2023,West Central Scotland,72 : Scientific research and development,72,72,510
2023,West Central Scotland,73 : Advertising and market research,73,73,630
2023,West Central Scotland,"74 : Other professional, scientific and technical activities",74,74,975
2023,West Central Scotland,75 : Veterinary activities,75,75,400
2023,West Central Scotland,77 : Rental and leasing activities,77,77,325
2023,West Central Scotland,78 : Employment activities,78,78,4940
2023,West Central Scotland,"79 : Travel agency, tour operator and other reservation service and related activities",79,79,350
2023,West Central Scotland,80 : Security and investigation activities,80,80,2080
2023,West Central Scotland,81 : Services to buildings and landscape activities,81,81,18285
2023,West Central Scotland,"82 : Office administrative, office support and other business support activities",82,82,3505
2023,West Central Scotland,84 : Public administration and defence; compulsory social security,84,84,12375
2023,West Central Scotland,85 : Education,85,85,23640
2023,West Central Scotland,86 : Human health activities,86,86,24300
2023,West Central Scotland,87 : Residential care activities,87,87,6450
2023,West Central Scotland,88 : Social work activities without accommodation,88,88,14750
2023,West Central Scotland,"90 : Creative, arts and entertainment activities",90,90,1475
2023,West Central Scotland,"91 : Libraries, archives, museums and other cultural activities",91,91,1070
2023,West Central Scotland,92 : Gambling and betting activities,92,92,1500
2023,West Central Scotland,93 : Sports activities and amusement and recreation activities,93,93,6450
2023,West Central Scotland,94 : Activities of membership organisations,94,94,1665
2023,West Central Scotland,95 : Repair of computers and personal and household goods,95,95,195
2023,West Central Scotland,96 : Other personal service activities,96,96,2725
2023,West Central Scotland,97 : Activities of households as employers of domestic personnel,97,97,0
2023,West Central Scotland,98 : Undifferentiated goods- and services-producing activities of private households for own use,98,98,0
2023,West Central Scotland,99 : Activities of extraterritorial organisations and bodies,99,99,0
2023,West Midlands,"01 : Crop and animal production, hunting and related service activities",01,1,115
2023,West Midlands,02 : Forestry and logging,02,2,50
2023,West Midlands,03 : Fishing and aquaculture,03,3,0
2023,West Midlands,05 : Mining of coal and lignite,05,5,0
2023,West Midlands,06 : Extraction of crude petroleum and natural gas,06,6,0
2023,West Midlands,07 : Mining of metal ores,07,7,0
2023,West Midlands,08 : Other mining and quarrying,08,8,0
2023,West Midlands,09 : Mining support service activities,09,9,0
2023,West Midlands,10 : Manufacture of food products,10,10,2185
2023,West Midlands,11 : Manufacture of beverages,11,11,60
2023,West Midlands,12 : Manufacture of tobacco products,12,12,0
2023,West Midlands,13 : Manufacture of textiles,13,13,180
2023,West Midlands,14 : Manufacture of wearing apparel,14,14,175
2023,West Midlands,15 : Manufacture of leather and related products,15,15,80
2023,West Midlands,"16 : Manufacture of wood and of products of wood and cork, except furniture;manufacture of articles of straw and plaiting materials",16,16,460
2023,West Midlands,17 : Manufacture of paper and paper products,17,17,65
2023,West Midlands,18 : Printing and reproduction of recorded media,18,18,105
2023,West Midlands,19 : Manufacture of coke and refined petroleum products,19,19,5
2023,West Midlands,20 : Manufacture of chemicals and chemical products,20,20,290
2023,West Midlands,21 : Manufacture of basic pharmaceutical products and pharmaceutical preparations,21,21,5
2023,West Midlands,22 : Manufacture of rubber and plastic products,22,22,385
2023,West Midlands,23 : Manufacture of other non-metallic mineral products,23,23,140
2023,West Midlands,24 : Manufacture of basic metals,24,24,230
2023,West Midlands,"25 : Manufacture of fabricated metal products, except machinery and equipment",25,25,1915
2023,West Midlands,"26 : Manufacture of computer, electronic and optical products",26,26,525
2023,West Midlands,27 : Manufacture of electrical equipment,27,27,80
2023,West Midlands,28 : Manufacture of machinery and equipment n.e.c.,28,28,685
2023,West Midlands,"29 : Manufacture of motor vehicles, trailers and semi-trailers",29,29,580
2023,West Midlands,30 : Manufacture of other transport equipment,30,30,70
2023,West Midlands,31 : Manufacture of furniture,31,31,310
2023,West Midlands,32 : Other manufacturing,32,32,310
2023,West Midlands,33 : Repair and installation of machinery and equipment,33,33,555
2023,West Midlands,"35 : Electricity, gas, steam and air conditioning supply",35,35,430
2023,West Midlands,"36 : Water collection, treatment and supply",36,36,300
2023,West Midlands,37 : Sewerage,37,37,25
2023,West Midlands,"38 : Waste collection, treatment and disposal activities; materials recovery",38,38,300
2023,West Midlands,"39 : Remediation activities and other waste management services. This division includes the provision of remediation services, i.e. the cleanup of contaminated buildings and sites, soil, surface or ground water.",39,39,35
2023,West Midlands,41 : Construction of buildings,41,41,1600
2023,West Midlands,42 : Civil engineering,42,42,445
2023,West Midlands,43 : Specialised construction activities,43,43,3025
2023,West Midlands,45 : Wholesale and retail trade and repair of motor vehicles and motorcycles,45,45,5175
2023,West Midlands,"46 : Wholesale trade, except of motor vehicles and motorcycles",46,46,8145
2023,West Midlands,"47 : Retail trade, except of motor vehicles and motorcycles",47,47,66135
2023,West Midlands,49 : Land transport and transport via pipelines,49,49,5190
2023,West Midlands,50 : Water transport,50,50,0
2023,West Midlands,51 : Air transport,51,51,250
2023,West Midlands,52 : Warehousing and support activities for transportation,52,52,3540
2023,West Midlands,53 : Postal and courier activities,53,53,2975
2023,West Midlands,55 : Accommodation,55,55,5615
2023,West Midlands,56 : Food and beverage service activities,56,56,66000
2023,West Midlands,58 : Publishing activities,58,58,285
2023,West Midlands,"59 : Motion picture, video and television programme production, sound recording and music publishing activities",59,59,725
2023,West Midlands,60 : Programming and broadcasting activities,60,60,180
2023,West Midlands,61 : Telecommunications,61,61,425
2023,West Midlands,"62 : Computer programming, consultancy and related activities",62,62,2565
2023,West Midlands,63 : Information service activities,63,63,205
2023,West Midlands,"64 : Financial service activities, except insurance and pension funding",64,64,3455
2023,West Midlands,"65 : Insurance, reinsurance and pension funding, except compulsory social security",65,65,280
2023,West Midlands,66 : Activities auxiliary to financial services and insurance activities,66,66,1845
2023,West Midlands,68 : Real estate activities,68,68,5895
2023,West Midlands,69 : Legal and accounting activities,69,69,8350
2023,West Midlands,70 : Activities of head offices; management consultancy activities,70,70,6675
2023,West Midlands,71 : Architectural and engineering activities; technical testing and analysis,71,71,2625
2023,West Midlands,72 : Scientific research and development,72,72,255
2023,West Midlands,73 : Advertising and market research,73,73,850
2023,West Midlands,"74 : Other professional, scientific and technical activities",74,74,895
2023,West Midlands,75 : Veterinary activities,75,75,600
2023,West Midlands,77 : Rental and leasing activities,77,77,370
2023,West Midlands,78 : Employment activities,78,78,17210
2023,West Midlands,"79 : Travel agency, tour operator and other reservation service and related activities",79,79,725
2023,West Midlands,80 : Security and investigation activities,80,80,2355
2023,West Midlands,81 : Services to buildings and landscape activities,81,81,17650
2023,West Midlands,"82 : Office administrative, office support and other business support activities",82,82,7195
2023,West Midlands,84 : Public administration and defence; compulsory social security,84,84,11970
2023,West Midlands,85 : Education,85,85,47975
2023,West Midlands,86 : Human health activities,86,86,47450
2023,West Midlands,87 : Residential care activities,87,87,11900
2023,West Midlands,88 : Social work activities without accommodation,88,88,16000
2023,West Midlands,"90 : Creative, arts and entertainment activities",90,90,1900
2023,West Midlands,"91 : Libraries, archives, museums and other cultural activities",91,91,1620
2023,West Midlands,92 : Gambling and betting activities,92,92,1750
2023,West Midlands,93 : Sports activities and amusement and recreation activities,93,93,9055
2023,West Midlands,94 : Activities of membership organisations,94,94,4485
2023,West Midlands,95 : Repair of computers and personal and household goods,95,95,175
2023,West Midlands,96 : Other personal service activities,96,96,5325
2023,West Midlands,97 : Activities of households as employers of domestic personnel,97,97,0
2023,West Midlands,98 : Undifferentiated goods- and services-producing activities of private households for own use,98,98,0
2023,West Midlands,99 : Activities of extraterritorial organisations and bodies,99,99,0
2023,West Wales and The Valleys,"01 : Crop and animal production, hunting and related service activities",01,1,2100
2023,West Wales and The Valleys,02 : Forestry and logging,02,2,115
2023,West Wales and The Valleys,03 : Fishing and aquaculture,03,3,30
2023,West Wales and The Valleys,05 : Mining of coal and lignite,05,5,10
2023,West Wales and The Valleys,06 : Extraction of crude petroleum and natural gas,06,6,0
2023,West Wales and The Valleys,07 : Mining of metal ores,07,7,0
2023,West Wales and The Valleys,08 : Other mining and quarrying,08,8,30
2023,West Wales and The Valleys,09 : Mining support service activities,09,9,5
2023,West Wales and The Valleys,10 : Manufacture of food products,10,10,1265
2023,West Wales and The Valleys,11 : Manufacture of beverages,11,11,145
2023,West Wales and The Valleys,12 : Manufacture of tobacco products,12,12,0
2023,West Wales and The Valleys,13 : Manufacture of textiles,13,13,235
2023,West Wales and The Valleys,14 : Manufacture of wearing apparel,14,14,80
2023,West Wales and The Valleys,15 : Manufacture of leather and related products,15,15,15
2023,West Wales and The Valleys,"16 : Manufacture of wood and of products of wood and cork, except furniture;manufacture of articles of straw and plaiting materials",16,16,390
2023,West Wales and The Valleys,17 : Manufacture of paper and paper products,17,17,50
2023,West Wales and The Valleys,18 : Printing and reproduction of recorded media,18,18,50
2023,West Wales and The Valleys,19 : Manufacture of coke and refined petroleum products,19,19,0
2023,West Wales and The Valleys,20 : Manufacture of chemicals and chemical products,20,20,90
2023,West Wales and The Valleys,21 : Manufacture of basic pharmaceutical products and pharmaceutical preparations,21,21,120
2023,West Wales and The Valleys,22 : Manufacture of rubber and plastic products,22,22,200
2023,West Wales and The Valleys,23 : Manufacture of other non-metallic mineral products,23,23,320
2023,West Wales and The Valleys,24 : Manufacture of basic metals,24,24,230
2023,West Wales and The Valleys,"25 : Manufacture of fabricated metal products, except machinery and equipment",25,25,1055
2023,West Wales and The Valleys,"26 : Manufacture of computer, electronic and optical products",26,26,335
2023,West Wales and The Valleys,27 : Manufacture of electrical equipment,27,27,100
2023,West Wales and The Valleys,28 : Manufacture of machinery and equipment n.e.c.,28,28,110
2023,West Wales and The Valleys,"29 : Manufacture of motor vehicles, trailers and semi-trailers",29,29,225
2023,West Wales and The Valleys,30 : Manufacture of other transport equipment,30,30,40
2023,West Wales and The Valleys,31 : Manufacture of furniture,31,31,290
2023,West Wales and The Valleys,32 : Other manufacturing,32,32,295
2023,West Wales and The Valleys,33 : Repair and installation of machinery and equipment,33,33,655
2023,West Wales and The Valleys,"35 : Electricity, gas, steam and air conditioning supply",35,35,170
2023,West Wales and The Valleys,"36 : Water collection, treatment and supply",36,36,125
2023,West Wales and The Valleys,37 : Sewerage,37,37,35
2023,West Wales and The Valleys,"38 : Waste collection, treatment and disposal activities; materials recovery",38,38,590
2023,West Wales and The Valleys,"39 : Remediation activities and other waste management services. This division includes the provision of remediation services, i.e. the cleanup of contaminated buildings and sites, soil, surface or ground water.",39,39,20
2023,West Wales and The Valleys,41 : Construction of buildings,41,41,1850
2023,West Wales and The Valleys,42 : Civil engineering,42,42,815
2023,West Wales and The Valleys,43 : Specialised construction activities,43,43,2195
2023,West Wales and The Valleys,45 : Wholesale and retail trade and repair of motor vehicles and motorcycles,45,45,1795
2023,West Wales and The Valleys,"46 : Wholesale trade, except of motor vehicles and motorcycles",46,46,2910
2023,West Wales and The Valleys,"47 : Retail trade, except of motor vehicles and motorcycles",47,47,45470
2023,West Wales and The Valleys,49 : Land transport and transport via pipelines,49,49,2240
2023,West Wales and The Valleys,50 : Water transport,50,50,145
2023,West Wales and The Valleys,51 : Air transport,51,51,45
2023,West Wales and The Valleys,52 : Warehousing and support activities for transportation,52,52,1055
2023,West Wales and The Valleys,53 : Postal and courier activities,53,53,1100
2023,West Wales and The Valleys,55 : Accommodation,55,55,8900
2023,West Wales and The Valleys,56 : Food and beverage service activities,56,56,33500
2023,West Wales and The Valleys,58 : Publishing activities,58,58,65
2023,West Wales and The Valleys,"59 : Motion picture, video and television programme production, sound recording and music publishing activities",59,59,670
2023,West Wales and The Valleys,60 : Programming and broadcasting activities,60,60,45
2023,West Wales and The Valleys,61 : Telecommunications,61,61,380
2023,West Wales and The Valleys,"62 : Computer programming, consultancy and related activities",62,62,705
2023,West Wales and The Valleys,63 : Information service activities,63,63,260
2023,West Wales and The Valleys,"64 : Financial service activities, except insurance and pension funding",64,64,810
2023,West Wales and The Valleys,"65 : Insurance, reinsurance and pension funding, except compulsory social security",65,65,140
2023,West Wales and The Valleys,66 : Activities auxiliary to financial services and insurance activities,66,66,620
2023,West Wales and The Valleys,68 : Real estate activities,68,68,2450
2023,West Wales and The Valleys,69 : Legal and accounting activities,69,69,2020
2023,West Wales and The Valleys,70 : Activities of head offices; management consultancy activities,70,70,1665
2023,West Wales and The Valleys,71 : Architectural and engineering activities; technical testing and analysis,71,71,575
2023,West Wales and The Valleys,72 : Scientific research and development,72,72,205
2023,West Wales and The Valleys,73 : Advertising and market research,73,73,240
2023,West Wales and The Valleys,"74 : Other professional, scientific and technical activities",74,74,255
2023,West Wales and The Valleys,75 : Veterinary activities,75,75,900
2023,West Wales and The Valleys,77 : Rental and leasing activities,77,77,485
2023,West Wales and The Valleys,78 : Employment activities,78,78,5150
2023,West Wales and The Valleys,"79 : Travel agency, tour operator and other reservation service and related activities",79,79,515
2023,West Wales and The Valleys,80 : Security and investigation activities,80,80,595
2023,West Wales and The Valleys,81 : Services to buildings and landscape activities,81,81,8080
2023,West Wales and The Valleys,"82 : Office administrative, office support and other business support activities",82,82,2105
2023,West Wales and The Valleys,84 : Public administration and defence; compulsory social security,84,84,15930
2023,West Wales and The Valleys,85 : Education,85,85,34305
2023,West Wales and The Valleys,86 : Human health activities,86,86,33825
2023,West Wales and The Valleys,87 : Residential care activities,87,87,10350
2023,West Wales and The Valleys,88 : Social work activities without accommodation,88,88,11500
2023,West Wales and The Valleys,"90 : Creative, arts and entertainment activities",90,90,505
2023,West Wales and The Valleys,"91 : Libraries, archives, museums and other cultural activities",91,91,1160
2023,West Wales and The Valleys,92 : Gambling and betting activities,92,92,1000
2023,West Wales and The Valleys,93 : Sports activities and amusement and recreation activities,93,93,7475
2023,West Wales and The Valleys,94 : Activities of membership organisations,94,94,2265
2023,West Wales and The Valleys,95 : Repair of computers and personal and household goods,95,95,115
2023,West Wales and The Valleys,96 : Other personal service activities,96,96,2450
2023,West Wales and The Valleys,97 : Activities of households as employers of domestic personnel,97,97,0
2023,West Wales and The Valleys,98 : Undifferentiated goods- and services-producing activities of private households for own use,98,98,0
2023,West Wales and The Valleys,99 : Activities of extraterritorial organisations and bodies,99,99,0
2023,West Yorkshire,"01 : Crop and animal production, hunting and related service activities",01,1,360
2023,West Yorkshire,02 : Forestry and logging,02,2,40
2023,West Yorkshire,03 : Fishing and aquaculture,03,3,0
2023,West Yorkshire,05 : Mining of coal and lignite,05,5,0
2023,West Yorkshire,06 : Extraction of crude petroleum and natural gas,06,6,0
2023,West Yorkshire,07 : Mining of metal ores,07,7,0
2023,West Yorkshire,08 : Other mining and quarrying,08,8,5
2023,West Yorkshire,09 : Mining support service activities,09,9,0
2023,West Yorkshire,10 : Manufacture of food products,10,10,2840
2023,West Yorkshire,11 : Manufacture of beverages,11,11,150
2023,West Yorkshire,12 : Manufacture of tobacco products,12,12,0
2023,West Yorkshire,13 : Manufacture of textiles,13,13,615
2023,West Yorkshire,14 : Manufacture of wearing apparel,14,14,120
2023,West Yorkshire,15 : Manufacture of leather and related products,15,15,10
2023,West Yorkshire,"16 : Manufacture of wood and of products of wood and cork, except furniture;manufacture of articles of straw and plaiting materials",16,16,105
2023,West Yorkshire,17 : Manufacture of paper and paper products,17,17,95
2023,West Yorkshire,18 : Printing and reproduction of recorded media,18,18,560
2023,West Yorkshire,19 : Manufacture of coke and refined petroleum products,19,19,10
2023,West Yorkshire,20 : Manufacture of chemicals and chemical products,20,20,215
2023,West Yorkshire,21 : Manufacture of basic pharmaceutical products and pharmaceutical preparations,21,21,50
2023,West Yorkshire,22 : Manufacture of rubber and plastic products,22,22,645
2023,West Yorkshire,23 : Manufacture of other non-metallic mineral products,23,23,190
2023,West Yorkshire,24 : Manufacture of basic metals,24,24,20
2023,West Yorkshire,"25 : Manufacture of fabricated metal products, except machinery and equipment",25,25,865
2023,West Yorkshire,"26 : Manufacture of computer, electronic and optical products",26,26,120
2023,West Yorkshire,27 : Manufacture of electrical equipment,27,27,350
2023,West Yorkshire,28 : Manufacture of machinery and equipment n.e.c.,28,28,665
2023,West Yorkshire,"29 : Manufacture of motor vehicles, trailers and semi-trailers",29,29,635
2023,West Yorkshire,30 : Manufacture of other transport equipment,30,30,10
2023,West Yorkshire,31 : Manufacture of furniture,31,31,1175
2023,West Yorkshire,32 : Other manufacturing,32,32,345
2023,West Yorkshire,33 : Repair and installation of machinery and equipment,33,33,240
2023,West Yorkshire,"35 : Electricity, gas, steam and air conditioning supply",35,35,330
2023,West Yorkshire,"36 : Water collection, treatment and supply",36,36,175
2023,West Yorkshire,37 : Sewerage,37,37,5
2023,West Yorkshire,"38 : Waste collection, treatment and disposal activities; materials recovery",38,38,360
2023,West Yorkshire,"39 : Remediation activities and other waste management services. This division includes the provision of remediation services, i.e. the cleanup of contaminated buildings and sites, soil, surface or ground water.",39,39,25
2023,West Yorkshire,41 : Construction of buildings,41,41,3300
2023,West Yorkshire,42 : Civil engineering,42,42,465
2023,West Yorkshire,43 : Specialised construction activities,43,43,4300
2023,West Yorkshire,45 : Wholesale and retail trade and repair of motor vehicles and motorcycles,45,45,3600
2023,West Yorkshire,"46 : Wholesale trade, except of motor vehicles and motorcycles",46,46,8955
2023,West Yorkshire,"47 : Retail trade, except of motor vehicles and motorcycles",47,47,49235
2023,West Yorkshire,49 : Land transport and transport via pipelines,49,49,3965
2023,West Yorkshire,50 : Water transport,50,50,0
2023,West Yorkshire,51 : Air transport,51,51,200
2023,West Yorkshire,52 : Warehousing and support activities for transportation,52,52,5055
2023,West Yorkshire,53 : Postal and courier activities,53,53,1685
2023,West Yorkshire,55 : Accommodation,55,55,3835
2023,West Yorkshire,56 : Food and beverage service activities,56,56,40750
2023,West Yorkshire,58 : Publishing activities,58,58,150
2023,West Yorkshire,"59 : Motion picture, video and television programme production, sound recording and music publishing activities",59,59,620
2023,West Yorkshire,60 : Programming and broadcasting activities,60,60,30
2023,West Yorkshire,61 : Telecommunications,61,61,490
2023,West Yorkshire,"62 : Computer programming, consultancy and related activities",62,62,2885
2023,West Yorkshire,63 : Information service activities,63,63,60
2023,West Yorkshire,"64 : Financial service activities, except insurance and pension funding",64,64,3870
2023,West Yorkshire,"65 : Insurance, reinsurance and pension funding, except compulsory social security",65,65,430
2023,West Yorkshire,66 : Activities auxiliary to financial services and insurance activities,66,66,2850
2023,West Yorkshire,68 : Real estate activities,68,68,5000
2023,West Yorkshire,69 : Legal and accounting activities,69,69,6540
2023,West Yorkshire,70 : Activities of head offices; management consultancy activities,70,70,3700
2023,West Yorkshire,71 : Architectural and engineering activities; technical testing and analysis,71,71,2925
2023,West Yorkshire,72 : Scientific research and development,72,72,110
2023,West Yorkshire,73 : Advertising and market research,73,73,1375
2023,West Yorkshire,"74 : Other professional, scientific and technical activities",74,74,1235
2023,West Yorkshire,75 : Veterinary activities,75,75,700
2023,West Yorkshire,77 : Rental and leasing activities,77,77,570
2023,West Yorkshire,78 : Employment activities,78,78,16400
2023,West Yorkshire,"79 : Travel agency, tour operator and other reservation service and related activities",79,79,830
2023,West Yorkshire,80 : Security and investigation activities,80,80,1690
2023,West Yorkshire,81 : Services to buildings and landscape activities,81,81,16775
2023,West Yorkshire,"82 : Office administrative, office support and other business support activities",82,82,3440
2023,West Yorkshire,84 : Public administration and defence; compulsory social security,84,84,8600
2023,West Yorkshire,85 : Education,85,85,47290
2023,West Yorkshire,86 : Human health activities,86,86,33250
2023,West Yorkshire,87 : Residential care activities,87,87,10700
2023,West Yorkshire,88 : Social work activities without accommodation,88,88,15000
2023,West Yorkshire,"90 : Creative, arts and entertainment activities",90,90,1045
2023,West Yorkshire,"91 : Libraries, archives, museums and other cultural activities",91,91,1060
2023,West Yorkshire,92 : Gambling and betting activities,92,92,1000
2023,West Yorkshire,93 : Sports activities and amusement and recreation activities,93,93,9690
2023,West Yorkshire,94 : Activities of membership organisations,94,94,3480
2023,West Yorkshire,95 : Repair of computers and personal and household goods,95,95,230
2023,West Yorkshire,96 : Other personal service activities,96,96,3700
2023,West Yorkshire,97 : Activities of households as employers of domestic personnel,97,97,0
2023,West Yorkshire,98 : Undifferentiated goods- and services-producing activities of private households for own use,98,98,0
2023,West Yorkshire,99 : Activities of extraterritorial organisations and bodies,99,99,0
