DATE,GEOGRAPHY_NAME,SIC_3GROUP_NAME,SIC_3GROUP_CODE,JOBCOUNT
2015,Aberdeen City and Aberdeenshire,Production sector,A-E,61415
2015,Aberdeen City and Aberdeenshire,Construction,F (41-43),14090
2015,Aberdeen City and Aberdeenshire,Services sector,G-T,215525
2015,Angus and Dundee City,Production sector,A-E,11405
2015,Angus and Dundee City,Construction,F (41-43),5375
2015,Angus and Dundee City,Services sector,G-T,94235
2015,Barking & Dagenham and Havering,Production sector,A-E,10540
2015,Barking & Dagenham and Havering,Construction,F (41-43),8215
2015,Barking & Dagenham and Havering,Services sector,G-T,115305
2015,Barnet,Production sector,A-E,3210
2015,Barnet,Construction,F (41-43),5615
2015,Barnet,Services sector,G-T,124910
2015,"Barnsley, Doncaster and Rotherham",Production sector,A-E,41340
2015,"Barnsley, Doncaster and Rotherham",Construction,F (41-43),18345
2015,"Barnsley, Doncaster and Rotherham",Services sector,G-T,244870
2015,"Bath and North East Somerset, North Somerset and South Gloucestershire",Production sector,A-E,34085
2015,"Bath and North East Somerset, North Somerset and South Gloucestershire",Construction,F (41-43),17970
2015,"Bath and North East Somerset, North Somerset and South Gloucestershire",Services sector,G-T,267705
2015,Bedford,Production sector,A-E,6735
2015,Bedford,Construction,F (41-43),3500
2015,Bedford,Services sector,G-T,65815
2015,Berkshire,Production sector,A-E,37750
2015,Berkshire,Construction,F (41-43),18005
2015,Berkshire,Services sector,G-T,450715
2015,Bexley and Greenwich,Production sector,A-E,10285
2015,Bexley and Greenwich,Construction,F (41-43),8310
2015,Bexley and Greenwich,Services sector,G-T,137040
2015,Birmingham,Production sector,A-E,44365
2015,Birmingham,Construction,F (41-43),25820
2015,Birmingham,Services sector,G-T,434910
2015,Blackburn with Darwen,Production sector,A-E,11095
2015,Blackburn with Darwen,Construction,F (41-43),1740
2015,Blackburn with Darwen,Services sector,G-T,53560
2015,Blackpool,Production sector,A-E,3605
2015,Blackpool,Construction,F (41-43),1470
2015,Blackpool,Services sector,G-T,54720
2015,Bournemouth and Poole,Production sector,A-E,12750
2015,Bournemouth and Poole,Construction,F (41-43),6840
2015,Bournemouth and Poole,Services sector,G-T,144460
2015,Bradford,Production sector,A-E,29095
2015,Bradford,Construction,F (41-43),7125
2015,Bradford,Services sector,G-T,164410
2015,Breckland and South Norfolk,Production sector,A-E,18650
2015,Breckland and South Norfolk,Construction,F (41-43),7480
2015,Breckland and South Norfolk,Services sector,G-T,80305
2015,Brent,Production sector,A-E,9390
2015,Brent,Construction,F (41-43),5090
2015,Brent,Services sector,G-T,103275
2015,Bridgend and Neath Port Talbot,Production sector,A-E,21300
2015,Bridgend and Neath Port Talbot,Construction,F (41-43),5840
2015,Bridgend and Neath Port Talbot,Services sector,G-T,83335
2015,Brighton and Hove,Production sector,A-E,3680
2015,Brighton and Hove,Construction,F (41-43),3880
2015,Brighton and Hove,Services sector,G-T,130480
2015,"Bristol, City of",Production sector,A-E,11955
2015,"Bristol, City of",Construction,F (41-43),9945
2015,"Bristol, City of",Services sector,G-T,240280
2015,Bromley,Production sector,A-E,4145
2015,Bromley,Construction,F (41-43),5915
2015,Bromley,Services sector,G-T,99000
2015,Buckinghamshire CC,Production sector,A-E,21365
2015,Buckinghamshire CC,Construction,F (41-43),11505
2015,Buckinghamshire CC,Services sector,G-T,203665
2015,Caithness & Sutherland and Ross & Cromarty,Production sector,A-E,5175
2015,Caithness & Sutherland and Ross & Cromarty,Construction,F (41-43),2795
2015,Caithness & Sutherland and Ross & Cromarty,Services sector,G-T,28885
2015,Calderdale and Kirklees,Production sector,A-E,42720
2015,Calderdale and Kirklees,Construction,F (41-43),12910
2015,Calderdale and Kirklees,Services sector,G-T,205630
2015,Cambridgeshire CC,Production sector,A-E,42160
2015,Cambridgeshire CC,Construction,F (41-43),14355
2015,Cambridgeshire CC,Services sector,G-T,269750
2015,Camden and City of London,Production sector,A-E,8725
2015,Camden and City of London,Construction,F (41-43),12385
2015,Camden and City of London,Services sector,G-T,788305
2015,Cardiff and Vale of Glamorgan,Production sector,A-E,21250
2015,Cardiff and Vale of Glamorgan,Construction,F (41-43),9155
2015,Cardiff and Vale of Glamorgan,Services sector,G-T,220920
2015,Central Bedfordshire,Production sector,A-E,11980
2015,Central Bedfordshire,Construction,F (41-43),6950
2015,Central Bedfordshire,Services sector,G-T,79580
2015,Central Hampshire,Production sector,A-E,29135
2015,Central Hampshire,Construction,F (41-43),15350
2015,Central Hampshire,Services sector,G-T,218395
2015,Central Valleys,Production sector,A-E,16720
2015,Central Valleys,Construction,F (41-43),4865
2015,Central Valleys,Services sector,G-T,75885
2015,Cheshire East,Production sector,A-E,27255
2015,Cheshire East,Construction,F (41-43),7905
2015,Cheshire East,Services sector,G-T,159355
2015,Cheshire West and Chester,Production sector,A-E,18525
2015,Cheshire West and Chester,Construction,F (41-43),6145
2015,Cheshire West and Chester,Services sector,G-T,150310
2015,Chorley and West Lancashire,Production sector,A-E,13565
2015,Chorley and West Lancashire,Construction,F (41-43),4560
2015,Chorley and West Lancashire,Services sector,G-T,72085
2015,Clackmannanshire and Fife,Production sector,A-E,20240
2015,Clackmannanshire and Fife,Construction,F (41-43),8850
2015,Clackmannanshire and Fife,Services sector,G-T,120925
2015,Conwy and Denbighshire,Production sector,A-E,11330
2015,Conwy and Denbighshire,Construction,F (41-43),4945
2015,Conwy and Denbighshire,Services sector,G-T,73675
2015,Cornwall and Isles of Scilly,Production sector,A-E,31615
2015,Cornwall and Isles of Scilly,Construction,F (41-43),13435
2015,Cornwall and Isles of Scilly,Services sector,G-T,181110
2015,Coventry,Production sector,A-E,22515
2015,Coventry,Construction,F (41-43),3520
2015,Coventry,Services sector,G-T,132435
2015,Croydon,Production sector,A-E,3115
2015,Croydon,Construction,F (41-43),5450
2015,Croydon,Services sector,G-T,111970
2015,Darlington,Production sector,A-E,4935
2015,Darlington,Construction,F (41-43),1690
2015,Darlington,Services sector,G-T,45840
2015,Derby,Production sector,A-E,24585
2015,Derby,Construction,F (41-43),4645
2015,Derby,Services sector,G-T,99815
2015,Devon CC,Production sector,A-E,49585
2015,Devon CC,Construction,F (41-43),20815
2015,Devon CC,Services sector,G-T,276725
2015,Dorset CC,Production sector,A-E,25895
2015,Dorset CC,Construction,F (41-43),10750
2015,Dorset CC,Services sector,G-T,134040
2015,Dudley,Production sector,A-E,16840
2015,Dudley,Construction,F (41-43),7575
2015,Dudley,Services sector,G-T,90310
2015,Dumfries & Galloway,Production sector,A-E,7475
2015,Dumfries & Galloway,Construction,F (41-43),3315
2015,Dumfries & Galloway,Services sector,G-T,48280
2015,Durham CC,Production sector,A-E,30840
2015,Durham CC,Construction,F (41-43),10125
2015,Durham CC,Services sector,G-T,138000
2015,Ealing,Production sector,A-E,12370
2015,Ealing,Construction,F (41-43),5295
2015,Ealing,Services sector,G-T,113915
2015,East Ayrshire and North Ayrshire mainland,Production sector,A-E,9495
2015,East Ayrshire and North Ayrshire mainland,Construction,F (41-43),4240
2015,East Ayrshire and North Ayrshire mainland,Services sector,G-T,65625
2015,East Cumbria,Production sector,A-E,22735
2015,East Cumbria,Construction,F (41-43),6935
2015,East Cumbria,Services sector,G-T,113090
2015,East Derbyshire,Production sector,A-E,18080
2015,East Derbyshire,Construction,F (41-43),6745
2015,East Derbyshire,Services sector,G-T,91175
2015,"East Dunbartonshire, West Dunbartonshire and Helensburgh & Lomond",Production sector,A-E,4705
2015,"East Dunbartonshire, West Dunbartonshire and Helensburgh & Lomond",Construction,F (41-43),3055
2015,"East Dunbartonshire, West Dunbartonshire and Helensburgh & Lomond",Services sector,G-T,60490
2015,East Kent,Production sector,A-E,15240
2015,East Kent,Construction,F (41-43),7935
2015,East Kent,Services sector,G-T,160165
2015,East Lancashire,Production sector,A-E,26815
2015,East Lancashire,Construction,F (41-43),5165
2015,East Lancashire,Services sector,G-T,91525
2015,East Lothian and Midlothian,Production sector,A-E,4885
2015,East Lothian and Midlothian,Construction,F (41-43),5385
2015,East Lothian and Midlothian,Services sector,G-T,47510
2015,East Merseyside,Production sector,A-E,28485
2015,East Merseyside,Construction,F (41-43),9220
2015,East Merseyside,Services sector,G-T,146410
2015,East Riding of Yorkshire,Production sector,A-E,25160
2015,East Riding of Yorkshire,Construction,F (41-43),6390
2015,East Riding of Yorkshire,Services sector,G-T,97755
2015,East Surrey,Production sector,A-E,9815
2015,East Surrey,Construction,F (41-43),11975
2015,East Surrey,Services sector,G-T,158910
2015,East Sussex CC,Production sector,A-E,18020
2015,East Sussex CC,Construction,F (41-43),10580
2015,East Sussex CC,Services sector,G-T,162250
2015,"Edinburgh, City of",Production sector,A-E,11345
2015,"Edinburgh, City of",Construction,F (41-43),8080
2015,"Edinburgh, City of",Services sector,G-T,304195
2015,Enfield,Production sector,A-E,6650
2015,Enfield,Construction,F (41-43),5440
2015,Enfield,Services sector,G-T,92495
2015,Essex Haven Gateway,Production sector,A-E,20250
2015,Essex Haven Gateway,Construction,F (41-43),11520
2015,Essex Haven Gateway,Services sector,G-T,148055
2015,Essex Thames Gateway,Production sector,A-E,11845
2015,Essex Thames Gateway,Construction,F (41-43),9775
2015,Essex Thames Gateway,Services sector,G-T,105670
2015,Falkirk,Production sector,A-E,8745
2015,Falkirk,Construction,F (41-43),4630
2015,Falkirk,Services sector,G-T,49110
2015,Flintshire and Wrexham,Production sector,A-E,36945
2015,Flintshire and Wrexham,Construction,F (41-43),4760
2015,Flintshire and Wrexham,Services sector,G-T,89840
2015,Glasgow City,Production sector,A-E,23805
2015,Glasgow City,Construction,F (41-43),16455
2015,Glasgow City,Services sector,G-T,370100
2015,Gloucestershire,Production sector,A-E,46685
2015,Gloucestershire,Construction,F (41-43),16135
2015,Gloucestershire,Services sector,G-T,236000
2015,Greater Manchester North East,Production sector,A-E,31125
2015,Greater Manchester North East,Construction,F (41-43),11060
2015,Greater Manchester North East,Services sector,G-T,180325
2015,Greater Manchester North West,Production sector,A-E,27695
2015,Greater Manchester North West,Construction,F (41-43),12430
2015,Greater Manchester North West,Services sector,G-T,171940
2015,Greater Manchester South East,Production sector,A-E,25970
2015,Greater Manchester South East,Construction,F (41-43),9040
2015,Greater Manchester South East,Services sector,G-T,160245
2015,Greater Manchester South West,Production sector,A-E,20785
2015,Greater Manchester South West,Construction,F (41-43),14155
2015,Greater Manchester South West,Services sector,G-T,235350
2015,Gwent Valleys,Production sector,A-E,26265
2015,Gwent Valleys,Construction,F (41-43),4840
2015,Gwent Valleys,Services sector,G-T,80105
2015,Gwynedd,Production sector,A-E,10210
2015,Gwynedd,Construction,F (41-43),2785
2015,Gwynedd,Services sector,G-T,46320
2015,Hackney and Newham,Production sector,A-E,9670
2015,Hackney and Newham,Construction,F (41-43),6370
2015,Hackney and Newham,Services sector,G-T,197285
2015,Haringey and Islington,Production sector,A-E,8835
2015,Haringey and Islington,Construction,F (41-43),7290
2015,Haringey and Islington,Services sector,G-T,283280
2015,Harrow and Hillingdon,Production sector,A-E,11625
2015,Harrow and Hillingdon,Construction,F (41-43),9605
2015,Harrow and Hillingdon,Services sector,G-T,237030
2015,Hartlepool and Stockton-on-Tees,Production sector,A-E,15850
2015,Hartlepool and Stockton-on-Tees,Construction,F (41-43),7745
2015,Hartlepool and Stockton-on-Tees,Services sector,G-T,94705
2015,Heart of Essex,Production sector,A-E,12030
2015,Heart of Essex,Construction,F (41-43),11340
2015,Heart of Essex,Services sector,G-T,118050
2015,"Herefordshire, County of",Production sector,A-E,23890
2015,"Herefordshire, County of",Construction,F (41-43),5000
2015,"Herefordshire, County of",Services sector,G-T,57705
2015,Hertfordshire,Production sector,A-E,42155
2015,Hertfordshire,Construction,F (41-43),39725
2015,Hertfordshire,Services sector,G-T,519580
2015,Hounslow and Richmond upon Thames,Production sector,A-E,7055
2015,Hounslow and Richmond upon Thames,Construction,F (41-43),5120
2015,Hounslow and Richmond upon Thames,Services sector,G-T,233515
2015,"Inverclyde, East Renfrewshire and Renfrewshire",Production sector,A-E,11800
2015,"Inverclyde, East Renfrewshire and Renfrewshire",Construction,F (41-43),7010
2015,"Inverclyde, East Renfrewshire and Renfrewshire",Services sector,G-T,116580
2015,"Inverness & Nairn and Moray, Badenoch & Strathspey",Production sector,A-E,10965
2015,"Inverness & Nairn and Moray, Badenoch & Strathspey",Construction,F (41-43),6300
2015,"Inverness & Nairn and Moray, Badenoch & Strathspey",Services sector,G-T,78895
2015,Isle of Anglesey,Production sector,A-E,6025
2015,Isle of Anglesey,Construction,F (41-43),1260
2015,Isle of Anglesey,Services sector,G-T,15490
2015,Isle of Wight,Production sector,A-E,6365
2015,Isle of Wight,Construction,F (41-43),2160
2015,Isle of Wight,Services sector,G-T,44790
2015,Kensington & Chelsea and Hammersmith & Fulham,Production sector,A-E,4420
2015,Kensington & Chelsea and Hammersmith & Fulham,Construction,F (41-43),5135
2015,Kensington & Chelsea and Hammersmith & Fulham,Services sector,G-T,258560
2015,Kent Thames Gateway,Production sector,A-E,16275
2015,Kent Thames Gateway,Construction,F (41-43),12910
2015,Kent Thames Gateway,Services sector,G-T,116350
2015,"Kingston upon Hull, City of",Production sector,A-E,20935
2015,"Kingston upon Hull, City of",Construction,F (41-43),5595
2015,"Kingston upon Hull, City of",Services sector,G-T,95075
2015,Lambeth,Production sector,A-E,3605
2015,Lambeth,Construction,F (41-43),2870
2015,Lambeth,Services sector,G-T,157120
2015,Lancaster and Wyre,Production sector,A-E,11965
2015,Lancaster and Wyre,Construction,F (41-43),4835
2015,Lancaster and Wyre,Services sector,G-T,74120
2015,Leeds,Production sector,A-E,36600
2015,Leeds,Construction,F (41-43),18790
2015,Leeds,Services sector,G-T,385400
2015,Leicester,Production sector,A-E,24700
2015,Leicester,Construction,F (41-43),5630
2015,Leicester,Services sector,G-T,143655
2015,Leicestershire CC and Rutland,Production sector,A-E,60415
2015,Leicestershire CC and Rutland,Construction,F (41-43),18120
2015,Leicestershire CC and Rutland,Services sector,G-T,240660
2015,Lewisham and Southwark,Production sector,A-E,4700
2015,Lewisham and Southwark,Construction,F (41-43),8925
2015,Lewisham and Southwark,Services sector,G-T,287435
2015,Lincolnshire,Production sector,A-E,57145
2015,Lincolnshire,Construction,F (41-43),16430
2015,Lincolnshire,Services sector,G-T,226380
2015,Liverpool,Production sector,A-E,10195
2015,Liverpool,Construction,F (41-43),7405
2015,Liverpool,Services sector,G-T,219035
2015,"Lochaber, Skye & Lochalsh, Arran & Cumbrae and Argyll & Bute",Production sector,A-E,4630
2015,"Lochaber, Skye & Lochalsh, Arran & Cumbrae and Argyll & Bute",Construction,F (41-43),3020
2015,"Lochaber, Skye & Lochalsh, Arran & Cumbrae and Argyll & Bute",Services sector,G-T,38025
2015,Luton,Production sector,A-E,9160
2015,Luton,Construction,F (41-43),4785
2015,Luton,Services sector,G-T,75670
2015,Manchester,Production sector,A-E,14060
2015,Manchester,Construction,F (41-43),6425
2015,Manchester,Services sector,G-T,337745
2015,Medway,Production sector,A-E,10190
2015,Medway,Construction,F (41-43),5720
2015,Medway,Services sector,G-T,74415
2015,"Merton, Kingston upon Thames and Sutton",Production sector,A-E,7335
2015,"Merton, Kingston upon Thames and Sutton",Construction,F (41-43),9380
2015,"Merton, Kingston upon Thames and Sutton",Services sector,G-T,219020
2015,Mid Kent,Production sector,A-E,15495
2015,Mid Kent,Construction,F (41-43),6635
2015,Mid Kent,Services sector,G-T,113110
2015,Mid Lancashire,Production sector,A-E,34070
2015,Mid Lancashire,Construction,F (41-43),15995
2015,Mid Lancashire,Services sector,G-T,163540
2015,Milton Keynes,Production sector,A-E,11400
2015,Milton Keynes,Construction,F (41-43),4190
2015,Milton Keynes,Services sector,G-T,156925
2015,Monmouthshire and Newport,Production sector,A-E,17620
2015,Monmouthshire and Newport,Construction,F (41-43),3925
2015,Monmouthshire and Newport,Services sector,G-T,88945
2015,Na h-Eileanan Siar (Western Isles),Production sector,A-E,1045
2015,Na h-Eileanan Siar (Western Isles),Construction,F (41-43),775
2015,Na h-Eileanan Siar (Western Isles),Services sector,G-T,8945
2015,North Hampshire,Production sector,A-E,14705
2015,North Hampshire,Construction,F (41-43),8560
2015,North Hampshire,Services sector,G-T,147305
2015,North Lanarkshire,Production sector,A-E,14915
2015,North Lanarkshire,Construction,F (41-43),12060
2015,North Lanarkshire,Services sector,G-T,105370
2015,North Northamptonshire,Production sector,A-E,24085
2015,North Northamptonshire,Construction,F (41-43),7490
2015,North Northamptonshire,Services sector,G-T,104705
2015,North Nottinghamshire,Production sector,A-E,36490
2015,North Nottinghamshire,Construction,F (41-43),13615
2015,North Nottinghamshire,Services sector,G-T,141810
2015,North Yorkshire CC,Production sector,A-E,53270
2015,North Yorkshire CC,Construction,F (41-43),13040
2015,North Yorkshire CC,Services sector,G-T,227210
2015,North and North East Lincolnshire,Production sector,A-E,29605
2015,North and North East Lincolnshire,Construction,F (41-43),8310
2015,North and North East Lincolnshire,Services sector,G-T,104505
2015,North and West Norfolk,Production sector,A-E,17310
2015,North and West Norfolk,Construction,F (41-43),6245
2015,North and West Norfolk,Services sector,G-T,69640
2015,Northumberland,Production sector,A-E,20030
2015,Northumberland,Construction,F (41-43),5850
2015,Northumberland,Services sector,G-T,84375
2015,Norwich and East Norfolk,Production sector,A-E,15595
2015,Norwich and East Norfolk,Construction,F (41-43),9000
2015,Norwich and East Norfolk,Services sector,G-T,152845
2015,Nottingham,Production sector,A-E,13680
2015,Nottingham,Construction,F (41-43),6215
2015,Nottingham,Services sector,G-T,199495
2015,Orkney Islands,Production sector,A-E,930
2015,Orkney Islands,Construction,F (41-43),960
2015,Orkney Islands,Services sector,G-T,8560
2015,Oxfordshire,Production sector,A-E,31755
2015,Oxfordshire,Construction,F (41-43),19495
2015,Oxfordshire,Services sector,G-T,321860
2015,Perth & Kinross and Stirling,Production sector,A-E,10190
2015,Perth & Kinross and Stirling,Construction,F (41-43),7040
2015,Perth & Kinross and Stirling,Services sector,G-T,92480
2015,Peterborough,Production sector,A-E,9985
2015,Peterborough,Construction,F (41-43),3775
2015,Peterborough,Services sector,G-T,96890
2015,Plymouth,Production sector,A-E,13775
2015,Plymouth,Construction,F (41-43),4690
2015,Plymouth,Services sector,G-T,92505
2015,Portsmouth,Production sector,A-E,11150
2015,Portsmouth,Construction,F (41-43),3375
2015,Portsmouth,Services sector,G-T,88960
2015,Powys,Production sector,A-E,20675
2015,Powys,Construction,F (41-43),2400
2015,Powys,Services sector,G-T,41315
2015,Redbridge and Waltham Forest,Production sector,A-E,5840
2015,Redbridge and Waltham Forest,Construction,F (41-43),6845
2015,Redbridge and Waltham Forest,Services sector,G-T,136425
2015,Sandwell,Production sector,A-E,27960
2015,Sandwell,Construction,F (41-43),7350
2015,Sandwell,Services sector,G-T,98015
2015,Scottish Borders,Production sector,A-E,6320
2015,Scottish Borders,Construction,F (41-43),2965
2015,Scottish Borders,Services sector,G-T,32725
2015,Sefton,Production sector,A-E,4785
2015,Sefton,Construction,F (41-43),3710
2015,Sefton,Services sector,G-T,85165
2015,Sheffield,Production sector,A-E,25620
2015,Sheffield,Construction,F (41-43),8970
2015,Sheffield,Services sector,G-T,221890
2015,Shetland Islands,Production sector,A-E,1920
2015,Shetland Islands,Construction,F (41-43),2340
2015,Shetland Islands,Services sector,G-T,11120
2015,Shropshire CC,Production sector,A-E,24220
2015,Shropshire CC,Construction,F (41-43),8540
2015,Shropshire CC,Services sector,G-T,97530
2015,Solihull,Production sector,A-E,14675
2015,Solihull,Construction,F (41-43),6125
2015,Solihull,Services sector,G-T,93475
2015,Somerset,Production sector,A-E,43750
2015,Somerset,Construction,F (41-43),12945
2015,Somerset,Services sector,G-T,182605
2015,South Ayrshire,Production sector,A-E,5075
2015,South Ayrshire,Construction,F (41-43),2140
2015,South Ayrshire,Services sector,G-T,39750
2015,South Hampshire,Production sector,A-E,21925
2015,South Hampshire,Construction,F (41-43),10850
2015,South Hampshire,Services sector,G-T,150330
2015,South Lanarkshire,Production sector,A-E,16905
2015,South Lanarkshire,Construction,F (41-43),9540
2015,South Lanarkshire,Services sector,G-T,91910
2015,South Nottinghamshire,Production sector,A-E,15195
2015,South Nottinghamshire,Construction,F (41-43),7695
2015,South Nottinghamshire,Services sector,G-T,87420
2015,South Teesside,Production sector,A-E,10080
2015,South Teesside,Construction,F (41-43),5040
2015,South Teesside,Services sector,G-T,89050
2015,South West Wales,Production sector,A-E,35540
2015,South West Wales,Construction,F (41-43),8130
2015,South West Wales,Services sector,G-T,118600
2015,South and West Derbyshire,Production sector,A-E,47030
2015,South and West Derbyshire,Construction,F (41-43),11835
2015,South and West Derbyshire,Services sector,G-T,129410
2015,Southampton,Production sector,A-E,4320
2015,Southampton,Construction,F (41-43),3150
2015,Southampton,Services sector,G-T,110020
2015,Southend-on-Sea,Production sector,A-E,4200
2015,Southend-on-Sea,Construction,F (41-43),3215
2015,Southend-on-Sea,Services sector,G-T,59765
2015,Staffordshire CC,Production sector,A-E,57360
2015,Staffordshire CC,Construction,F (41-43),21585
2015,Staffordshire CC,Services sector,G-T,281640
2015,Stoke-on-Trent,Production sector,A-E,15895
2015,Stoke-on-Trent,Construction,F (41-43),6095
2015,Stoke-on-Trent,Services sector,G-T,91505
2015,Suffolk,Production sector,A-E,43215
2015,Suffolk,Construction,F (41-43),19020
2015,Suffolk,Services sector,G-T,264635
2015,Sunderland,Production sector,A-E,24005
2015,Sunderland,Construction,F (41-43),4810
2015,Sunderland,Services sector,G-T,90715
2015,Swansea,Production sector,A-E,7990
2015,Swansea,Construction,F (41-43),5135
2015,Swansea,Services sector,G-T,97385
2015,Swindon,Production sector,A-E,12530
2015,Swindon,Construction,F (41-43),3870
2015,Swindon,Services sector,G-T,98605
2015,Telford and Wrekin,Production sector,A-E,15800
2015,Telford and Wrekin,Construction,F (41-43),2490
2015,Telford and Wrekin,Services sector,G-T,65485
2015,Thurrock,Production sector,A-E,4020
2015,Thurrock,Construction,F (41-43),3520
2015,Thurrock,Services sector,G-T,56910
2015,Torbay,Production sector,A-E,2485
2015,Torbay,Construction,F (41-43),1935
2015,Torbay,Services sector,G-T,44515
2015,Tower Hamlets,Production sector,A-E,5025
2015,Tower Hamlets,Construction,F (41-43),5515
2015,Tower Hamlets,Services sector,G-T,270660
2015,Tyneside,Production sector,A-E,36240
2015,Tyneside,Construction,F (41-43),18215
2015,Tyneside,Services sector,G-T,352810
2015,Wakefield,Production sector,A-E,21345
2015,Wakefield,Construction,F (41-43),6890
2015,Wakefield,Services sector,G-T,122810
2015,Walsall,Production sector,A-E,15155
2015,Walsall,Construction,F (41-43),5340
2015,Walsall,Services sector,G-T,86435
2015,Wandsworth,Production sector,A-E,2320
2015,Wandsworth,Construction,F (41-43),3300
2015,Wandsworth,Services sector,G-T,112660
2015,Warrington,Production sector,A-E,9635
2015,Warrington,Construction,F (41-43),6285
2015,Warrington,Services sector,G-T,109995
2015,Warwickshire,Production sector,A-E,45170
2015,Warwickshire,Construction,F (41-43),15310
2015,Warwickshire,Services sector,G-T,231210
2015,West Cumbria,Production sector,A-E,30395
2015,West Cumbria,Construction,F (41-43),6020
2015,West Cumbria,Services sector,G-T,69835
2015,West Essex,Production sector,A-E,11975
2015,West Essex,Construction,F (41-43),12425
2015,West Essex,Services sector,G-T,108930
2015,West Kent,Production sector,A-E,16240
2015,West Kent,Construction,F (41-43),9910
2015,West Kent,Services sector,G-T,151330
2015,West Lothian,Production sector,A-E,8050
2015,West Lothian,Construction,F (41-43),8430
2015,West Lothian,Services sector,G-T,61785
2015,West Northamptonshire,Production sector,A-E,24410
2015,West Northamptonshire,Construction,F (41-43),9520
2015,West Northamptonshire,Services sector,G-T,166125
2015,West Surrey,Production sector,A-E,27150
2015,West Surrey,Construction,F (41-43),19175
2015,West Surrey,Services sector,G-T,354840
2015,West Sussex (North East),Production sector,A-E,17390
2015,West Sussex (North East),Construction,F (41-43),8010
2015,West Sussex (North East),Services sector,G-T,178065
2015,West Sussex (South West),Production sector,A-E,20185
2015,West Sussex (South West),Construction,F (41-43),7480
2015,West Sussex (South West),Services sector,G-T,149345
2015,Westminster,Production sector,A-E,7365
2015,Westminster,Construction,F (41-43),14520
2015,Westminster,Services sector,G-T,704735
2015,Wiltshire,Production sector,A-E,27330
2015,Wiltshire,Construction,F (41-43),9720
2015,Wiltshire,Services sector,G-T,172300
2015,Wirral,Production sector,A-E,9650
2015,Wirral,Construction,F (41-43),4310
2015,Wirral,Services sector,G-T,91190
2015,Wolverhampton,Production sector,A-E,15685
2015,Wolverhampton,Construction,F (41-43),4245
2015,Wolverhampton,Services sector,G-T,82795
2015,Worcestershire,Production sector,A-E,41585
2015,Worcestershire,Construction,F (41-43),13580
2015,Worcestershire,Services sector,G-T,190090
2015,York,Production sector,A-E,5600
2015,York,Construction,F (41-43),4290
2015,York,Services sector,G-T,97155
2016,Aberdeen City and Aberdeenshire,Production sector,A-E,54785
2016,Aberdeen City and Aberdeenshire,Construction,F (41-43),15765
2016,Aberdeen City and Aberdeenshire,Services sector,G-T,211760
2016,Angus and Dundee City,Production sector,A-E,11265
2016,Angus and Dundee City,Construction,F (41-43),5370
2016,Angus and Dundee City,Services sector,G-T,95455
2016,Barking & Dagenham and Havering,Production sector,A-E,10595
2016,Barking & Dagenham and Havering,Construction,F (41-43),10345
2016,Barking & Dagenham and Havering,Services sector,G-T,117815
2016,Barnet,Production sector,A-E,3205
2016,Barnet,Construction,F (41-43),7665
2016,Barnet,Services sector,G-T,121060
2016,"Barnsley, Doncaster and Rotherham",Production sector,A-E,37655
2016,"Barnsley, Doncaster and Rotherham",Construction,F (41-43),19890
2016,"Barnsley, Doncaster and Rotherham",Services sector,G-T,248460
2016,"Bath and North East Somerset, North Somerset and South Gloucestershire",Production sector,A-E,36530
2016,"Bath and North East Somerset, North Somerset and South Gloucestershire",Construction,F (41-43),17615
2016,"Bath and North East Somerset, North Somerset and South Gloucestershire",Services sector,G-T,270625
2016,Bedford,Production sector,A-E,6900
2016,Bedford,Construction,F (41-43),3220
2016,Bedford,Services sector,G-T,64915
2016,Berkshire,Production sector,A-E,38570
2016,Berkshire,Construction,F (41-43),21780
2016,Berkshire,Services sector,G-T,466685
2016,Bexley and Greenwich,Production sector,A-E,10645
2016,Bexley and Greenwich,Construction,F (41-43),9855
2016,Bexley and Greenwich,Services sector,G-T,134020
2016,Birmingham,Production sector,A-E,41510
2016,Birmingham,Construction,F (41-43),16455
2016,Birmingham,Services sector,G-T,458785
2016,Blackburn with Darwen,Production sector,A-E,11925
2016,Blackburn with Darwen,Construction,F (41-43),1680
2016,Blackburn with Darwen,Services sector,G-T,53315
2016,Blackpool,Production sector,A-E,3960
2016,Blackpool,Construction,F (41-43),1150
2016,Blackpool,Services sector,G-T,54900
2016,Bournemouth and Poole,Production sector,A-E,13910
2016,Bournemouth and Poole,Construction,F (41-43),7215
2016,Bournemouth and Poole,Services sector,G-T,145815
2016,Bradford,Production sector,A-E,26895
2016,Bradford,Construction,F (41-43),7670
2016,Bradford,Services sector,G-T,165905
2016,Breckland and South Norfolk,Production sector,A-E,18835
2016,Breckland and South Norfolk,Construction,F (41-43),6690
2016,Breckland and South Norfolk,Services sector,G-T,80035
2016,Brent,Production sector,A-E,9750
2016,Brent,Construction,F (41-43),6580
2016,Brent,Services sector,G-T,105105
2016,Bridgend and Neath Port Talbot,Production sector,A-E,21565
2016,Bridgend and Neath Port Talbot,Construction,F (41-43),7455
2016,Bridgend and Neath Port Talbot,Services sector,G-T,80950
2016,Brighton and Hove,Production sector,A-E,4420
2016,Brighton and Hove,Construction,F (41-43),4535
2016,Brighton and Hove,Services sector,G-T,132200
2016,"Bristol, City of",Production sector,A-E,13675
2016,"Bristol, City of",Construction,F (41-43),11065
2016,"Bristol, City of",Services sector,G-T,238640
2016,Bromley,Production sector,A-E,4665
2016,Bromley,Construction,F (41-43),7730
2016,Bromley,Services sector,G-T,96560
2016,Buckinghamshire CC,Production sector,A-E,22955
2016,Buckinghamshire CC,Construction,F (41-43),13230
2016,Buckinghamshire CC,Services sector,G-T,209215
2016,Caithness & Sutherland and Ross & Cromarty,Production sector,A-E,5840
2016,Caithness & Sutherland and Ross & Cromarty,Construction,F (41-43),2835
2016,Caithness & Sutherland and Ross & Cromarty,Services sector,G-T,29385
2016,Calderdale and Kirklees,Production sector,A-E,38215
2016,Calderdale and Kirklees,Construction,F (41-43),13655
2016,Calderdale and Kirklees,Services sector,G-T,207160
2016,Cambridgeshire CC,Production sector,A-E,43155
2016,Cambridgeshire CC,Construction,F (41-43),14335
2016,Cambridgeshire CC,Services sector,G-T,279095
2016,Camden and City of London,Production sector,A-E,9375
2016,Camden and City of London,Construction,F (41-43),15935
2016,Camden and City of London,Services sector,G-T,830560
2016,Cardiff and Vale of Glamorgan,Production sector,A-E,20505
2016,Cardiff and Vale of Glamorgan,Construction,F (41-43),11535
2016,Cardiff and Vale of Glamorgan,Services sector,G-T,220815
2016,Central Bedfordshire,Production sector,A-E,13040
2016,Central Bedfordshire,Construction,F (41-43),6590
2016,Central Bedfordshire,Services sector,G-T,91145
2016,Central Hampshire,Production sector,A-E,28410
2016,Central Hampshire,Construction,F (41-43),16695
2016,Central Hampshire,Services sector,G-T,216600
2016,Central Valleys,Production sector,A-E,16285
2016,Central Valleys,Construction,F (41-43),6635
2016,Central Valleys,Services sector,G-T,76875
2016,Cheshire East,Production sector,A-E,28655
2016,Cheshire East,Construction,F (41-43),7350
2016,Cheshire East,Services sector,G-T,160815
2016,Cheshire West and Chester,Production sector,A-E,20220
2016,Cheshire West and Chester,Construction,F (41-43),5765
2016,Cheshire West and Chester,Services sector,G-T,147455
2016,Chorley and West Lancashire,Production sector,A-E,15005
2016,Chorley and West Lancashire,Construction,F (41-43),4585
2016,Chorley and West Lancashire,Services sector,G-T,72675
2016,Clackmannanshire and Fife,Production sector,A-E,19785
2016,Clackmannanshire and Fife,Construction,F (41-43),9330
2016,Clackmannanshire and Fife,Services sector,G-T,125785
2016,Conwy and Denbighshire,Production sector,A-E,9800
2016,Conwy and Denbighshire,Construction,F (41-43),5850
2016,Conwy and Denbighshire,Services sector,G-T,73500
2016,Cornwall and Isles of Scilly,Production sector,A-E,33990
2016,Cornwall and Isles of Scilly,Construction,F (41-43),14995
2016,Cornwall and Isles of Scilly,Services sector,G-T,183505
2016,Coventry,Production sector,A-E,23445
2016,Coventry,Construction,F (41-43),2965
2016,Coventry,Services sector,G-T,131685
2016,Croydon,Production sector,A-E,3730
2016,Croydon,Construction,F (41-43),7095
2016,Croydon,Services sector,G-T,109255
2016,Darlington,Production sector,A-E,4725
2016,Darlington,Construction,F (41-43),1525
2016,Darlington,Services sector,G-T,44020
2016,Derby,Production sector,A-E,26080
2016,Derby,Construction,F (41-43),5040
2016,Derby,Services sector,G-T,102770
2016,Devon CC,Production sector,A-E,54100
2016,Devon CC,Construction,F (41-43),22220
2016,Devon CC,Services sector,G-T,276255
2016,Dorset CC,Production sector,A-E,26025
2016,Dorset CC,Construction,F (41-43),10865
2016,Dorset CC,Services sector,G-T,137445
2016,Dudley,Production sector,A-E,16085
2016,Dudley,Construction,F (41-43),6095
2016,Dudley,Services sector,G-T,92205
2016,Dumfries & Galloway,Production sector,A-E,7995
2016,Dumfries & Galloway,Construction,F (41-43),3295
2016,Dumfries & Galloway,Services sector,G-T,49265
2016,Durham CC,Production sector,A-E,30530
2016,Durham CC,Construction,F (41-43),9185
2016,Durham CC,Services sector,G-T,133730
2016,Ealing,Production sector,A-E,13110
2016,Ealing,Construction,F (41-43),7315
2016,Ealing,Services sector,G-T,113635
2016,East Ayrshire and North Ayrshire mainland,Production sector,A-E,9695
2016,East Ayrshire and North Ayrshire mainland,Construction,F (41-43),4340
2016,East Ayrshire and North Ayrshire mainland,Services sector,G-T,67770
2016,East Cumbria,Production sector,A-E,23905
2016,East Cumbria,Construction,F (41-43),6035
2016,East Cumbria,Services sector,G-T,115730
2016,East Derbyshire,Production sector,A-E,16360
2016,East Derbyshire,Construction,F (41-43),6565
2016,East Derbyshire,Services sector,G-T,89145
2016,"East Dunbartonshire, West Dunbartonshire and Helensburgh & Lomond",Production sector,A-E,4675
2016,"East Dunbartonshire, West Dunbartonshire and Helensburgh & Lomond",Construction,F (41-43),3205
2016,"East Dunbartonshire, West Dunbartonshire and Helensburgh & Lomond",Services sector,G-T,60700
2016,East Kent,Production sector,A-E,15105
2016,East Kent,Construction,F (41-43),8725
2016,East Kent,Services sector,G-T,160925
2016,East Lancashire,Production sector,A-E,27625
2016,East Lancashire,Construction,F (41-43),4565
2016,East Lancashire,Services sector,G-T,92395
2016,East Lothian and Midlothian,Production sector,A-E,5370
2016,East Lothian and Midlothian,Construction,F (41-43),4685
2016,East Lothian and Midlothian,Services sector,G-T,49155
2016,East Merseyside,Production sector,A-E,30585
2016,East Merseyside,Construction,F (41-43),8570
2016,East Merseyside,Services sector,G-T,150620
2016,East Riding of Yorkshire,Production sector,A-E,25515
2016,East Riding of Yorkshire,Construction,F (41-43),6940
2016,East Riding of Yorkshire,Services sector,G-T,100630
2016,East Surrey,Production sector,A-E,9120
2016,East Surrey,Construction,F (41-43),12895
2016,East Surrey,Services sector,G-T,160360
2016,East Sussex CC,Production sector,A-E,18095
2016,East Sussex CC,Construction,F (41-43),11505
2016,East Sussex CC,Services sector,G-T,161325
2016,"Edinburgh, City of",Production sector,A-E,11290
2016,"Edinburgh, City of",Construction,F (41-43),9085
2016,"Edinburgh, City of",Services sector,G-T,309855
2016,Enfield,Production sector,A-E,6025
2016,Enfield,Construction,F (41-43),6685
2016,Enfield,Services sector,G-T,89775
2016,Essex Haven Gateway,Production sector,A-E,19595
2016,Essex Haven Gateway,Construction,F (41-43),11150
2016,Essex Haven Gateway,Services sector,G-T,153945
2016,Essex Thames Gateway,Production sector,A-E,12385
2016,Essex Thames Gateway,Construction,F (41-43),9145
2016,Essex Thames Gateway,Services sector,G-T,107840
2016,Falkirk,Production sector,A-E,9125
2016,Falkirk,Construction,F (41-43),5140
2016,Falkirk,Services sector,G-T,51185
2016,Flintshire and Wrexham,Production sector,A-E,35690
2016,Flintshire and Wrexham,Construction,F (41-43),6570
2016,Flintshire and Wrexham,Services sector,G-T,91185
2016,Glasgow City,Production sector,A-E,23550
2016,Glasgow City,Construction,F (41-43),17030
2016,Glasgow City,Services sector,G-T,379240
2016,Gloucestershire,Production sector,A-E,47995
2016,Gloucestershire,Construction,F (41-43),16460
2016,Gloucestershire,Services sector,G-T,230705
2016,Greater Manchester North East,Production sector,A-E,31770
2016,Greater Manchester North East,Construction,F (41-43),10545
2016,Greater Manchester North East,Services sector,G-T,186700
2016,Greater Manchester North West,Production sector,A-E,29715
2016,Greater Manchester North West,Construction,F (41-43),11675
2016,Greater Manchester North West,Services sector,G-T,173655
2016,Greater Manchester South East,Production sector,A-E,28290
2016,Greater Manchester South East,Construction,F (41-43),7695
2016,Greater Manchester South East,Services sector,G-T,159230
2016,Greater Manchester South West,Production sector,A-E,22410
2016,Greater Manchester South West,Construction,F (41-43),13120
2016,Greater Manchester South West,Services sector,G-T,235410
2016,Gwent Valleys,Production sector,A-E,25035
2016,Gwent Valleys,Construction,F (41-43),6220
2016,Gwent Valleys,Services sector,G-T,79230
2016,Gwynedd,Production sector,A-E,8795
2016,Gwynedd,Construction,F (41-43),3080
2016,Gwynedd,Services sector,G-T,46460
2016,Hackney and Newham,Production sector,A-E,8845
2016,Hackney and Newham,Construction,F (41-43),10165
2016,Hackney and Newham,Services sector,G-T,213025
2016,Haringey and Islington,Production sector,A-E,7025
2016,Haringey and Islington,Construction,F (41-43),8600
2016,Haringey and Islington,Services sector,G-T,285955
2016,Harrow and Hillingdon,Production sector,A-E,11965
2016,Harrow and Hillingdon,Construction,F (41-43),12880
2016,Harrow and Hillingdon,Services sector,G-T,235850
2016,Hartlepool and Stockton-on-Tees,Production sector,A-E,15440
2016,Hartlepool and Stockton-on-Tees,Construction,F (41-43),6905
2016,Hartlepool and Stockton-on-Tees,Services sector,G-T,89000
2016,Heart of Essex,Production sector,A-E,12355
2016,Heart of Essex,Construction,F (41-43),10815
2016,Heart of Essex,Services sector,G-T,123380
2016,"Herefordshire, County of",Production sector,A-E,23585
2016,"Herefordshire, County of",Construction,F (41-43),3590
2016,"Herefordshire, County of",Services sector,G-T,59465
2016,Hertfordshire,Production sector,A-E,43630
2016,Hertfordshire,Construction,F (41-43),40550
2016,Hertfordshire,Services sector,G-T,537035
2016,Hounslow and Richmond upon Thames,Production sector,A-E,6770
2016,Hounslow and Richmond upon Thames,Construction,F (41-43),7185
2016,Hounslow and Richmond upon Thames,Services sector,G-T,242690
2016,"Inverclyde, East Renfrewshire and Renfrewshire",Production sector,A-E,12245
2016,"Inverclyde, East Renfrewshire and Renfrewshire",Construction,F (41-43),7535
2016,"Inverclyde, East Renfrewshire and Renfrewshire",Services sector,G-T,116915
2016,"Inverness & Nairn and Moray, Badenoch & Strathspey",Production sector,A-E,10965
2016,"Inverness & Nairn and Moray, Badenoch & Strathspey",Construction,F (41-43),6395
2016,"Inverness & Nairn and Moray, Badenoch & Strathspey",Services sector,G-T,80420
2016,Isle of Anglesey,Production sector,A-E,5160
2016,Isle of Anglesey,Construction,F (41-43),1830
2016,Isle of Anglesey,Services sector,G-T,16350
2016,Isle of Wight,Production sector,A-E,6215
2016,Isle of Wight,Construction,F (41-43),2325
2016,Isle of Wight,Services sector,G-T,44130
2016,Kensington & Chelsea and Hammersmith & Fulham,Production sector,A-E,4345
2016,Kensington & Chelsea and Hammersmith & Fulham,Construction,F (41-43),6180
2016,Kensington & Chelsea and Hammersmith & Fulham,Services sector,G-T,259365
2016,Kent Thames Gateway,Production sector,A-E,16440
2016,Kent Thames Gateway,Construction,F (41-43),13665
2016,Kent Thames Gateway,Services sector,G-T,117015
2016,"Kingston upon Hull, City of",Production sector,A-E,19100
2016,"Kingston upon Hull, City of",Construction,F (41-43),6020
2016,"Kingston upon Hull, City of",Services sector,G-T,96255
2016,Lambeth,Production sector,A-E,3405
2016,Lambeth,Construction,F (41-43),3795
2016,Lambeth,Services sector,G-T,136785
2016,Lancaster and Wyre,Production sector,A-E,12645
2016,Lancaster and Wyre,Construction,F (41-43),4060
2016,Lancaster and Wyre,Services sector,G-T,79220
2016,Leeds,Production sector,A-E,35205
2016,Leeds,Construction,F (41-43),20690
2016,Leeds,Services sector,G-T,389020
2016,Leicester,Production sector,A-E,27150
2016,Leicester,Construction,F (41-43),4680
2016,Leicester,Services sector,G-T,146145
2016,Leicestershire CC and Rutland,Production sector,A-E,57720
2016,Leicestershire CC and Rutland,Construction,F (41-43),17600
2016,Leicestershire CC and Rutland,Services sector,G-T,252525
2016,Lewisham and Southwark,Production sector,A-E,4495
2016,Lewisham and Southwark,Construction,F (41-43),9900
2016,Lewisham and Southwark,Services sector,G-T,292410
2016,Lincolnshire,Production sector,A-E,53995
2016,Lincolnshire,Construction,F (41-43),17420
2016,Lincolnshire,Services sector,G-T,233730
2016,Liverpool,Production sector,A-E,11120
2016,Liverpool,Construction,F (41-43),6430
2016,Liverpool,Services sector,G-T,229720
2016,"Lochaber, Skye & Lochalsh, Arran & Cumbrae and Argyll & Bute",Production sector,A-E,4920
2016,"Lochaber, Skye & Lochalsh, Arran & Cumbrae and Argyll & Bute",Construction,F (41-43),3030
2016,"Lochaber, Skye & Lochalsh, Arran & Cumbrae and Argyll & Bute",Services sector,G-T,38080
2016,Luton,Production sector,A-E,9715
2016,Luton,Construction,F (41-43),4095
2016,Luton,Services sector,G-T,84020
2016,Manchester,Production sector,A-E,14470
2016,Manchester,Construction,F (41-43),7665
2016,Manchester,Services sector,G-T,357755
2016,Medway,Production sector,A-E,10265
2016,Medway,Construction,F (41-43),5850
2016,Medway,Services sector,G-T,78415
2016,"Merton, Kingston upon Thames and Sutton",Production sector,A-E,7475
2016,"Merton, Kingston upon Thames and Sutton",Construction,F (41-43),12285
2016,"Merton, Kingston upon Thames and Sutton",Services sector,G-T,216520
2016,Mid Kent,Production sector,A-E,14930
2016,Mid Kent,Construction,F (41-43),6955
2016,Mid Kent,Services sector,G-T,114150
2016,Mid Lancashire,Production sector,A-E,34380
2016,Mid Lancashire,Construction,F (41-43),15535
2016,Mid Lancashire,Services sector,G-T,162805
2016,Milton Keynes,Production sector,A-E,12270
2016,Milton Keynes,Construction,F (41-43),4415
2016,Milton Keynes,Services sector,G-T,168020
2016,Monmouthshire and Newport,Production sector,A-E,18590
2016,Monmouthshire and Newport,Construction,F (41-43),4950
2016,Monmouthshire and Newport,Services sector,G-T,92655
2016,Na h-Eileanan Siar (Western Isles),Production sector,A-E,1145
2016,Na h-Eileanan Siar (Western Isles),Construction,F (41-43),735
2016,Na h-Eileanan Siar (Western Isles),Services sector,G-T,9030
2016,North Hampshire,Production sector,A-E,14545
2016,North Hampshire,Construction,F (41-43),9980
2016,North Hampshire,Services sector,G-T,151630
2016,North Lanarkshire,Production sector,A-E,14470
2016,North Lanarkshire,Construction,F (41-43),11790
2016,North Lanarkshire,Services sector,G-T,104135
2016,North Northamptonshire,Production sector,A-E,26075
2016,North Northamptonshire,Construction,F (41-43),6425
2016,North Northamptonshire,Services sector,G-T,110550
2016,North Nottinghamshire,Production sector,A-E,35190
2016,North Nottinghamshire,Construction,F (41-43),14150
2016,North Nottinghamshire,Services sector,G-T,145405
2016,North Yorkshire CC,Production sector,A-E,54025
2016,North Yorkshire CC,Construction,F (41-43),14730
2016,North Yorkshire CC,Services sector,G-T,228955
2016,North and North East Lincolnshire,Production sector,A-E,29290
2016,North and North East Lincolnshire,Construction,F (41-43),8285
2016,North and North East Lincolnshire,Services sector,G-T,106240
2016,North and West Norfolk,Production sector,A-E,17675
2016,North and West Norfolk,Construction,F (41-43),5725
2016,North and West Norfolk,Services sector,G-T,71175
2016,Northumberland,Production sector,A-E,19350
2016,Northumberland,Construction,F (41-43),4990
2016,Northumberland,Services sector,G-T,85650
2016,Norwich and East Norfolk,Production sector,A-E,15605
2016,Norwich and East Norfolk,Construction,F (41-43),8400
2016,Norwich and East Norfolk,Services sector,G-T,159020
2016,Nottingham,Production sector,A-E,13505
2016,Nottingham,Construction,F (41-43),6350
2016,Nottingham,Services sector,G-T,202510
2016,Orkney Islands,Production sector,A-E,1040
2016,Orkney Islands,Construction,F (41-43),1015
2016,Orkney Islands,Services sector,G-T,8825
2016,Oxfordshire,Production sector,A-E,32125
2016,Oxfordshire,Construction,F (41-43),20815
2016,Oxfordshire,Services sector,G-T,323515
2016,Perth & Kinross and Stirling,Production sector,A-E,10535
2016,Perth & Kinross and Stirling,Construction,F (41-43),6980
2016,Perth & Kinross and Stirling,Services sector,G-T,93630
2016,Peterborough,Production sector,A-E,9165
2016,Peterborough,Construction,F (41-43),3490
2016,Peterborough,Services sector,G-T,101715
2016,Plymouth,Production sector,A-E,14075
2016,Plymouth,Construction,F (41-43),4955
2016,Plymouth,Services sector,G-T,91290
2016,Portsmouth,Production sector,A-E,11660
2016,Portsmouth,Construction,F (41-43),4005
2016,Portsmouth,Services sector,G-T,90875
2016,Powys,Production sector,A-E,18785
2016,Powys,Construction,F (41-43),2985
2016,Powys,Services sector,G-T,40995
2016,Redbridge and Waltham Forest,Production sector,A-E,6370
2016,Redbridge and Waltham Forest,Construction,F (41-43),9440
2016,Redbridge and Waltham Forest,Services sector,G-T,133640
2016,Sandwell,Production sector,A-E,25895
2016,Sandwell,Construction,F (41-43),5585
2016,Sandwell,Services sector,G-T,101440
2016,Scottish Borders,Production sector,A-E,6250
2016,Scottish Borders,Construction,F (41-43),3005
2016,Scottish Borders,Services sector,G-T,33730
2016,Sefton,Production sector,A-E,5210
2016,Sefton,Construction,F (41-43),3725
2016,Sefton,Services sector,G-T,85260
2016,Sheffield,Production sector,A-E,22075
2016,Sheffield,Construction,F (41-43),9525
2016,Sheffield,Services sector,G-T,226800
2016,Shetland Islands,Production sector,A-E,1960
2016,Shetland Islands,Construction,F (41-43),1430
2016,Shetland Islands,Services sector,G-T,10890
2016,Shropshire CC,Production sector,A-E,24095
2016,Shropshire CC,Construction,F (41-43),6920
2016,Shropshire CC,Services sector,G-T,103410
2016,Solihull,Production sector,A-E,15605
2016,Solihull,Construction,F (41-43),5435
2016,Solihull,Services sector,G-T,99330
2016,Somerset,Production sector,A-E,45925
2016,Somerset,Construction,F (41-43),13050
2016,Somerset,Services sector,G-T,183510
2016,South Ayrshire,Production sector,A-E,5140
2016,South Ayrshire,Construction,F (41-43),2740
2016,South Ayrshire,Services sector,G-T,39785
2016,South Hampshire,Production sector,A-E,20405
2016,South Hampshire,Construction,F (41-43),11230
2016,South Hampshire,Services sector,G-T,152675
2016,South Lanarkshire,Production sector,A-E,16945
2016,South Lanarkshire,Construction,F (41-43),10180
2016,South Lanarkshire,Services sector,G-T,92155
2016,South Nottinghamshire,Production sector,A-E,14735
2016,South Nottinghamshire,Construction,F (41-43),7475
2016,South Nottinghamshire,Services sector,G-T,89675
2016,South Teesside,Production sector,A-E,9815
2016,South Teesside,Construction,F (41-43),3945
2016,South Teesside,Services sector,G-T,87605
2016,South West Wales,Production sector,A-E,34025
2016,South West Wales,Construction,F (41-43),9755
2016,South West Wales,Services sector,G-T,119675
2016,South and West Derbyshire,Production sector,A-E,44660
2016,South and West Derbyshire,Construction,F (41-43),11400
2016,South and West Derbyshire,Services sector,G-T,136065
2016,Southampton,Production sector,A-E,4485
2016,Southampton,Construction,F (41-43),3610
2016,Southampton,Services sector,G-T,108820
2016,Southend-on-Sea,Production sector,A-E,4385
2016,Southend-on-Sea,Construction,F (41-43),2995
2016,Southend-on-Sea,Services sector,G-T,61135
2016,Staffordshire CC,Production sector,A-E,56275
2016,Staffordshire CC,Construction,F (41-43),16925
2016,Staffordshire CC,Services sector,G-T,283205
2016,Stoke-on-Trent,Production sector,A-E,15335
2016,Stoke-on-Trent,Construction,F (41-43),4600
2016,Stoke-on-Trent,Services sector,G-T,98920
2016,Suffolk,Production sector,A-E,45850
2016,Suffolk,Construction,F (41-43),17210
2016,Suffolk,Services sector,G-T,266515
2016,Sunderland,Production sector,A-E,23415
2016,Sunderland,Construction,F (41-43),4405
2016,Sunderland,Services sector,G-T,92655
2016,Swansea,Production sector,A-E,7425
2016,Swansea,Construction,F (41-43),6180
2016,Swansea,Services sector,G-T,96290
2016,Swindon,Production sector,A-E,12025
2016,Swindon,Construction,F (41-43),4685
2016,Swindon,Services sector,G-T,100980
2016,Telford and Wrekin,Production sector,A-E,14775
2016,Telford and Wrekin,Construction,F (41-43),2180
2016,Telford and Wrekin,Services sector,G-T,68545
2016,Thurrock,Production sector,A-E,4360
2016,Thurrock,Construction,F (41-43),3655
2016,Thurrock,Services sector,G-T,56965
2016,Torbay,Production sector,A-E,2855
2016,Torbay,Construction,F (41-43),1985
2016,Torbay,Services sector,G-T,44335
2016,Tower Hamlets,Production sector,A-E,4410
2016,Tower Hamlets,Construction,F (41-43),6335
2016,Tower Hamlets,Services sector,G-T,269270
2016,Tyneside,Production sector,A-E,33715
2016,Tyneside,Construction,F (41-43),13835
2016,Tyneside,Services sector,G-T,354740
2016,Wakefield,Production sector,A-E,19550
2016,Wakefield,Construction,F (41-43),7755
2016,Wakefield,Services sector,G-T,125700
2016,Walsall,Production sector,A-E,14640
2016,Walsall,Construction,F (41-43),4150
2016,Walsall,Services sector,G-T,88070
2016,Wandsworth,Production sector,A-E,2355
2016,Wandsworth,Construction,F (41-43),4185
2016,Wandsworth,Services sector,G-T,112060
2016,Warrington,Production sector,A-E,10670
2016,Warrington,Construction,F (41-43),6015
2016,Warrington,Services sector,G-T,122070
2016,Warwickshire,Production sector,A-E,45640
2016,Warwickshire,Construction,F (41-43),12905
2016,Warwickshire,Services sector,G-T,241090
2016,West Cumbria,Production sector,A-E,29530
2016,West Cumbria,Construction,F (41-43),5420
2016,West Cumbria,Services sector,G-T,69775
2016,West Essex,Production sector,A-E,12165
2016,West Essex,Construction,F (41-43),12595
2016,West Essex,Services sector,G-T,113105
2016,West Kent,Production sector,A-E,15750
2016,West Kent,Construction,F (41-43),11165
2016,West Kent,Services sector,G-T,143110
2016,West Lothian,Production sector,A-E,8760
2016,West Lothian,Construction,F (41-43),5245
2016,West Lothian,Services sector,G-T,62985
2016,West Northamptonshire,Production sector,A-E,21550
2016,West Northamptonshire,Construction,F (41-43),9475
2016,West Northamptonshire,Services sector,G-T,178785
2016,West Surrey,Production sector,A-E,29375
2016,West Surrey,Construction,F (41-43),20405
2016,West Surrey,Services sector,G-T,356350
2016,West Sussex (North East),Production sector,A-E,19765
2016,West Sussex (North East),Construction,F (41-43),9535
2016,West Sussex (North East),Services sector,G-T,182455
2016,West Sussex (South West),Production sector,A-E,21555
2016,West Sussex (South West),Construction,F (41-43),7985
2016,West Sussex (South West),Services sector,G-T,151405
2016,Westminster,Production sector,A-E,7250
2016,Westminster,Construction,F (41-43),16600
2016,Westminster,Services sector,G-T,699670
2016,Wiltshire,Production sector,A-E,28850
2016,Wiltshire,Construction,F (41-43),10595
2016,Wiltshire,Services sector,G-T,179510
2016,Wirral,Production sector,A-E,9745
2016,Wirral,Construction,F (41-43),3700
2016,Wirral,Services sector,G-T,89310
2016,Wolverhampton,Production sector,A-E,14085
2016,Wolverhampton,Construction,F (41-43),3435
2016,Wolverhampton,Services sector,G-T,82740
2016,Worcestershire,Production sector,A-E,41300
2016,Worcestershire,Construction,F (41-43),10240
2016,Worcestershire,Services sector,G-T,203915
2016,York,Production sector,A-E,5155
2016,York,Construction,F (41-43),4775
2016,York,Services sector,G-T,95145
2017,Aberdeen City and Aberdeenshire,Production sector,A-E,55530
2017,Aberdeen City and Aberdeenshire,Construction,F (41-43),14930
2017,Aberdeen City and Aberdeenshire,Services sector,G-T,209895
2017,Angus and Dundee City,Production sector,A-E,11125
2017,Angus and Dundee City,Construction,F (41-43),5630
2017,Angus and Dundee City,Services sector,G-T,93930
2017,Barking & Dagenham and Havering,Production sector,A-E,9125
2017,Barking & Dagenham and Havering,Construction,F (41-43),12515
2017,Barking & Dagenham and Havering,Services sector,G-T,123030
2017,Barnet,Production sector,A-E,3190
2017,Barnet,Construction,F (41-43),8760
2017,Barnet,Services sector,G-T,122420
2017,"Barnsley, Doncaster and Rotherham",Production sector,A-E,41625
2017,"Barnsley, Doncaster and Rotherham",Construction,F (41-43),20095
2017,"Barnsley, Doncaster and Rotherham",Services sector,G-T,245550
2017,"Bath and North East Somerset, North Somerset and South Gloucestershire",Production sector,A-E,32965
2017,"Bath and North East Somerset, North Somerset and South Gloucestershire",Construction,F (41-43),18955
2017,"Bath and North East Somerset, North Somerset and South Gloucestershire",Services sector,G-T,276830
2017,Bedford,Production sector,A-E,7770
2017,Bedford,Construction,F (41-43),3525
2017,Bedford,Services sector,G-T,67140
2017,Berkshire,Production sector,A-E,38890
2017,Berkshire,Construction,F (41-43),23625
2017,Berkshire,Services sector,G-T,460550
2017,Bexley and Greenwich,Production sector,A-E,9255
2017,Bexley and Greenwich,Construction,F (41-43),12045
2017,Bexley and Greenwich,Services sector,G-T,142775
2017,Birmingham,Production sector,A-E,42930
2017,Birmingham,Construction,F (41-43),18095
2017,Birmingham,Services sector,G-T,461500
2017,Blackburn with Darwen,Production sector,A-E,12385
2017,Blackburn with Darwen,Construction,F (41-43),1660
2017,Blackburn with Darwen,Services sector,G-T,52035
2017,Blackpool,Production sector,A-E,4160
2017,Blackpool,Construction,F (41-43),1445
2017,Blackpool,Services sector,G-T,55875
2017,Bournemouth and Poole,Production sector,A-E,13825
2017,Bournemouth and Poole,Construction,F (41-43),7790
2017,Bournemouth and Poole,Services sector,G-T,149660
2017,Bradford,Production sector,A-E,30160
2017,Bradford,Construction,F (41-43),7940
2017,Bradford,Services sector,G-T,168700
2017,Breckland and South Norfolk,Production sector,A-E,18965
2017,Breckland and South Norfolk,Construction,F (41-43),6755
2017,Breckland and South Norfolk,Services sector,G-T,80885
2017,Brent,Production sector,A-E,8875
2017,Brent,Construction,F (41-43),8150
2017,Brent,Services sector,G-T,111225
2017,Bridgend and Neath Port Talbot,Production sector,A-E,20185
2017,Bridgend and Neath Port Talbot,Construction,F (41-43),5525
2017,Bridgend and Neath Port Talbot,Services sector,G-T,81260
2017,Brighton and Hove,Production sector,A-E,4890
2017,Brighton and Hove,Construction,F (41-43),4725
2017,Brighton and Hove,Services sector,G-T,131140
2017,"Bristol, City of",Production sector,A-E,13435
2017,"Bristol, City of",Construction,F (41-43),11390
2017,"Bristol, City of",Services sector,G-T,249695
2017,Bromley,Production sector,A-E,3670
2017,Bromley,Construction,F (41-43),8835
2017,Bromley,Services sector,G-T,100850
2017,Buckinghamshire CC,Production sector,A-E,21955
2017,Buckinghamshire CC,Construction,F (41-43),14330
2017,Buckinghamshire CC,Services sector,G-T,203670
2017,Caithness & Sutherland and Ross & Cromarty,Production sector,A-E,6095
2017,Caithness & Sutherland and Ross & Cromarty,Construction,F (41-43),2865
2017,Caithness & Sutherland and Ross & Cromarty,Services sector,G-T,28080
2017,Calderdale and Kirklees,Production sector,A-E,43370
2017,Calderdale and Kirklees,Construction,F (41-43),12285
2017,Calderdale and Kirklees,Services sector,G-T,196230
2017,Cambridgeshire CC,Production sector,A-E,44260
2017,Cambridgeshire CC,Construction,F (41-43),14820
2017,Cambridgeshire CC,Services sector,G-T,282040
2017,Camden and City of London,Production sector,A-E,10105
2017,Camden and City of London,Construction,F (41-43),17095
2017,Camden and City of London,Services sector,G-T,856505
2017,Cardiff and Vale of Glamorgan,Production sector,A-E,18755
2017,Cardiff and Vale of Glamorgan,Construction,F (41-43),10150
2017,Cardiff and Vale of Glamorgan,Services sector,G-T,231170
2017,Central Bedfordshire,Production sector,A-E,12945
2017,Central Bedfordshire,Construction,F (41-43),6590
2017,Central Bedfordshire,Services sector,G-T,86660
2017,Central Hampshire,Production sector,A-E,28455
2017,Central Hampshire,Construction,F (41-43),17605
2017,Central Hampshire,Services sector,G-T,216150
2017,Central Valleys,Production sector,A-E,15635
2017,Central Valleys,Construction,F (41-43),5145
2017,Central Valleys,Services sector,G-T,77425
2017,Cheshire East,Production sector,A-E,28825
2017,Cheshire East,Construction,F (41-43),9265
2017,Cheshire East,Services sector,G-T,163790
2017,Cheshire West and Chester,Production sector,A-E,20200
2017,Cheshire West and Chester,Construction,F (41-43),7215
2017,Cheshire West and Chester,Services sector,G-T,148745
2017,Chorley and West Lancashire,Production sector,A-E,14225
2017,Chorley and West Lancashire,Construction,F (41-43),5205
2017,Chorley and West Lancashire,Services sector,G-T,72020
2017,Clackmannanshire and Fife,Production sector,A-E,20180
2017,Clackmannanshire and Fife,Construction,F (41-43),9195
2017,Clackmannanshire and Fife,Services sector,G-T,125540
2017,Conwy and Denbighshire,Production sector,A-E,10475
2017,Conwy and Denbighshire,Construction,F (41-43),4535
2017,Conwy and Denbighshire,Services sector,G-T,73375
2017,Cornwall and Isles of Scilly,Production sector,A-E,31295
2017,Cornwall and Isles of Scilly,Construction,F (41-43),14605
2017,Cornwall and Isles of Scilly,Services sector,G-T,187745
2017,Coventry,Production sector,A-E,22780
2017,Coventry,Construction,F (41-43),3640
2017,Coventry,Services sector,G-T,136105
2017,Croydon,Production sector,A-E,3230
2017,Croydon,Construction,F (41-43),8390
2017,Croydon,Services sector,G-T,116150
2017,Darlington,Production sector,A-E,5415
2017,Darlington,Construction,F (41-43),1250
2017,Darlington,Services sector,G-T,43380
2017,Derby,Production sector,A-E,27870
2017,Derby,Construction,F (41-43),4670
2017,Derby,Services sector,G-T,100895
2017,Devon CC,Production sector,A-E,52390
2017,Devon CC,Construction,F (41-43),22225
2017,Devon CC,Services sector,G-T,277735
2017,Dorset CC,Production sector,A-E,25100
2017,Dorset CC,Construction,F (41-43),10810
2017,Dorset CC,Services sector,G-T,137100
2017,Dudley,Production sector,A-E,17655
2017,Dudley,Construction,F (41-43),7000
2017,Dudley,Services sector,G-T,96050
2017,Dumfries & Galloway,Production sector,A-E,8650
2017,Dumfries & Galloway,Construction,F (41-43),3625
2017,Dumfries & Galloway,Services sector,G-T,48060
2017,Durham CC,Production sector,A-E,33660
2017,Durham CC,Construction,F (41-43),9010
2017,Durham CC,Services sector,G-T,137800
2017,Ealing,Production sector,A-E,11670
2017,Ealing,Construction,F (41-43),8310
2017,Ealing,Services sector,G-T,117575
2017,East Ayrshire and North Ayrshire mainland,Production sector,A-E,9500
2017,East Ayrshire and North Ayrshire mainland,Construction,F (41-43),5040
2017,East Ayrshire and North Ayrshire mainland,Services sector,G-T,66350
2017,East Cumbria,Production sector,A-E,23125
2017,East Cumbria,Construction,F (41-43),7715
2017,East Cumbria,Services sector,G-T,110450
2017,East Derbyshire,Production sector,A-E,19145
2017,East Derbyshire,Construction,F (41-43),5530
2017,East Derbyshire,Services sector,G-T,85855
2017,"East Dunbartonshire, West Dunbartonshire and Helensburgh & Lomond",Production sector,A-E,5110
2017,"East Dunbartonshire, West Dunbartonshire and Helensburgh & Lomond",Construction,F (41-43),3435
2017,"East Dunbartonshire, West Dunbartonshire and Helensburgh & Lomond",Services sector,G-T,58940
2017,East Kent,Production sector,A-E,15085
2017,East Kent,Construction,F (41-43),9595
2017,East Kent,Services sector,G-T,163190
2017,East Lancashire,Production sector,A-E,28850
2017,East Lancashire,Construction,F (41-43),5320
2017,East Lancashire,Services sector,G-T,89245
2017,East Lothian and Midlothian,Production sector,A-E,6505
2017,East Lothian and Midlothian,Construction,F (41-43),5290
2017,East Lothian and Midlothian,Services sector,G-T,49620
2017,East Merseyside,Production sector,A-E,32555
2017,East Merseyside,Construction,F (41-43),11110
2017,East Merseyside,Services sector,G-T,149800
2017,East Riding of Yorkshire,Production sector,A-E,27100
2017,East Riding of Yorkshire,Construction,F (41-43),6520
2017,East Riding of Yorkshire,Services sector,G-T,100645
2017,East Surrey,Production sector,A-E,10410
2017,East Surrey,Construction,F (41-43),12685
2017,East Surrey,Services sector,G-T,154510
2017,East Sussex CC,Production sector,A-E,18160
2017,East Sussex CC,Construction,F (41-43),13120
2017,East Sussex CC,Services sector,G-T,160935
2017,"Edinburgh, City of",Production sector,A-E,11845
2017,"Edinburgh, City of",Construction,F (41-43),9310
2017,"Edinburgh, City of",Services sector,G-T,311185
2017,Enfield,Production sector,A-E,5620
2017,Enfield,Construction,F (41-43),8120
2017,Enfield,Services sector,G-T,94130
2017,Essex Haven Gateway,Production sector,A-E,19610
2017,Essex Haven Gateway,Construction,F (41-43),11240
2017,Essex Haven Gateway,Services sector,G-T,156000
2017,Essex Thames Gateway,Production sector,A-E,12170
2017,Essex Thames Gateway,Construction,F (41-43),9090
2017,Essex Thames Gateway,Services sector,G-T,109855
2017,Falkirk,Production sector,A-E,8895
2017,Falkirk,Construction,F (41-43),5295
2017,Falkirk,Services sector,G-T,51880
2017,Flintshire and Wrexham,Production sector,A-E,36680
2017,Flintshire and Wrexham,Construction,F (41-43),4980
2017,Flintshire and Wrexham,Services sector,G-T,91610
2017,Glasgow City,Production sector,A-E,24580
2017,Glasgow City,Construction,F (41-43),19195
2017,Glasgow City,Services sector,G-T,363930
2017,Gloucestershire,Production sector,A-E,46120
2017,Gloucestershire,Construction,F (41-43),16490
2017,Gloucestershire,Services sector,G-T,237135
2017,Greater Manchester North East,Production sector,A-E,32320
2017,Greater Manchester North East,Construction,F (41-43),12435
2017,Greater Manchester North East,Services sector,G-T,186765
2017,Greater Manchester North West,Production sector,A-E,29395
2017,Greater Manchester North West,Construction,F (41-43),13760
2017,Greater Manchester North West,Services sector,G-T,179970
2017,Greater Manchester South East,Production sector,A-E,28060
2017,Greater Manchester South East,Construction,F (41-43),8925
2017,Greater Manchester South East,Services sector,G-T,162860
2017,Greater Manchester South West,Production sector,A-E,21685
2017,Greater Manchester South West,Construction,F (41-43),16175
2017,Greater Manchester South West,Services sector,G-T,243725
2017,Gwent Valleys,Production sector,A-E,24680
2017,Gwent Valleys,Construction,F (41-43),4800
2017,Gwent Valleys,Services sector,G-T,80095
2017,Gwynedd,Production sector,A-E,9060
2017,Gwynedd,Construction,F (41-43),2785
2017,Gwynedd,Services sector,G-T,47305
2017,Hackney and Newham,Production sector,A-E,8640
2017,Hackney and Newham,Construction,F (41-43),11525
2017,Hackney and Newham,Services sector,G-T,213950
2017,Haringey and Islington,Production sector,A-E,7535
2017,Haringey and Islington,Construction,F (41-43),9345
2017,Haringey and Islington,Services sector,G-T,281180
2017,Harrow and Hillingdon,Production sector,A-E,11730
2017,Harrow and Hillingdon,Construction,F (41-43),13745
2017,Harrow and Hillingdon,Services sector,G-T,245995
2017,Hartlepool and Stockton-on-Tees,Production sector,A-E,17190
2017,Hartlepool and Stockton-on-Tees,Construction,F (41-43),7245
2017,Hartlepool and Stockton-on-Tees,Services sector,G-T,91670
2017,Heart of Essex,Production sector,A-E,12375
2017,Heart of Essex,Construction,F (41-43),12355
2017,Heart of Essex,Services sector,G-T,124935
2017,"Herefordshire, County of",Production sector,A-E,24255
2017,"Herefordshire, County of",Construction,F (41-43),4390
2017,"Herefordshire, County of",Services sector,G-T,61640
2017,Hertfordshire,Production sector,A-E,44885
2017,Hertfordshire,Construction,F (41-43),40705
2017,Hertfordshire,Services sector,G-T,561040
2017,Hounslow and Richmond upon Thames,Production sector,A-E,5555
2017,Hounslow and Richmond upon Thames,Construction,F (41-43),7725
2017,Hounslow and Richmond upon Thames,Services sector,G-T,234400
2017,"Inverclyde, East Renfrewshire and Renfrewshire",Production sector,A-E,13055
2017,"Inverclyde, East Renfrewshire and Renfrewshire",Construction,F (41-43),7690
2017,"Inverclyde, East Renfrewshire and Renfrewshire",Services sector,G-T,115680
2017,"Inverness & Nairn and Moray, Badenoch & Strathspey",Production sector,A-E,11300
2017,"Inverness & Nairn and Moray, Badenoch & Strathspey",Construction,F (41-43),6970
2017,"Inverness & Nairn and Moray, Badenoch & Strathspey",Services sector,G-T,77020
2017,Isle of Anglesey,Production sector,A-E,5075
2017,Isle of Anglesey,Construction,F (41-43),1425
2017,Isle of Anglesey,Services sector,G-T,16020
2017,Isle of Wight,Production sector,A-E,6030
2017,Isle of Wight,Construction,F (41-43),2525
2017,Isle of Wight,Services sector,G-T,44395
2017,Kensington & Chelsea and Hammersmith & Fulham,Production sector,A-E,4265
2017,Kensington & Chelsea and Hammersmith & Fulham,Construction,F (41-43),6035
2017,Kensington & Chelsea and Hammersmith & Fulham,Services sector,G-T,268995
2017,Kent Thames Gateway,Production sector,A-E,17480
2017,Kent Thames Gateway,Construction,F (41-43),12290
2017,Kent Thames Gateway,Services sector,G-T,113555
2017,"Kingston upon Hull, City of",Production sector,A-E,22105
2017,"Kingston upon Hull, City of",Construction,F (41-43),6325
2017,"Kingston upon Hull, City of",Services sector,G-T,98880
2017,Lambeth,Production sector,A-E,2970
2017,Lambeth,Construction,F (41-43),4630
2017,Lambeth,Services sector,G-T,146250
2017,Lancaster and Wyre,Production sector,A-E,11635
2017,Lancaster and Wyre,Construction,F (41-43),4940
2017,Lancaster and Wyre,Services sector,G-T,75505
2017,Leeds,Production sector,A-E,35245
2017,Leeds,Construction,F (41-43),21115
2017,Leeds,Services sector,G-T,402850
2017,Leicester,Production sector,A-E,24065
2017,Leicester,Construction,F (41-43),4145
2017,Leicester,Services sector,G-T,140300
2017,Leicestershire CC and Rutland,Production sector,A-E,64055
2017,Leicestershire CC and Rutland,Construction,F (41-43),16845
2017,Leicestershire CC and Rutland,Services sector,G-T,256115
2017,Lewisham and Southwark,Production sector,A-E,4395
2017,Lewisham and Southwark,Construction,F (41-43),10830
2017,Lewisham and Southwark,Services sector,G-T,295150
2017,Lincolnshire,Production sector,A-E,61025
2017,Lincolnshire,Construction,F (41-43),14580
2017,Lincolnshire,Services sector,G-T,231065
2017,Liverpool,Production sector,A-E,12325
2017,Liverpool,Construction,F (41-43),7215
2017,Liverpool,Services sector,G-T,228545
2017,"Lochaber, Skye & Lochalsh, Arran & Cumbrae and Argyll & Bute",Production sector,A-E,5125
2017,"Lochaber, Skye & Lochalsh, Arran & Cumbrae and Argyll & Bute",Construction,F (41-43),3085
2017,"Lochaber, Skye & Lochalsh, Arran & Cumbrae and Argyll & Bute",Services sector,G-T,37825
2017,Luton,Production sector,A-E,9705
2017,Luton,Construction,F (41-43),3965
2017,Luton,Services sector,G-T,83395
2017,Manchester,Production sector,A-E,14555
2017,Manchester,Construction,F (41-43),8750
2017,Manchester,Services sector,G-T,371730
2017,Medway,Production sector,A-E,9875
2017,Medway,Construction,F (41-43),6680
2017,Medway,Services sector,G-T,76390
2017,"Merton, Kingston upon Thames and Sutton",Production sector,A-E,6930
2017,"Merton, Kingston upon Thames and Sutton",Construction,F (41-43),14165
2017,"Merton, Kingston upon Thames and Sutton",Services sector,G-T,223110
2017,Mid Kent,Production sector,A-E,14895
2017,Mid Kent,Construction,F (41-43),9450
2017,Mid Kent,Services sector,G-T,112545
2017,Mid Lancashire,Production sector,A-E,35755
2017,Mid Lancashire,Construction,F (41-43),18525
2017,Mid Lancashire,Services sector,G-T,163410
2017,Milton Keynes,Production sector,A-E,11730
2017,Milton Keynes,Construction,F (41-43),4865
2017,Milton Keynes,Services sector,G-T,165200
2017,Monmouthshire and Newport,Production sector,A-E,16770
2017,Monmouthshire and Newport,Construction,F (41-43),4505
2017,Monmouthshire and Newport,Services sector,G-T,96840
2017,Na h-Eileanan Siar (Western Isles),Production sector,A-E,1215
2017,Na h-Eileanan Siar (Western Isles),Construction,F (41-43),790
2017,Na h-Eileanan Siar (Western Isles),Services sector,G-T,8995
2017,North Hampshire,Production sector,A-E,14695
2017,North Hampshire,Construction,F (41-43),11560
2017,North Hampshire,Services sector,G-T,145550
2017,North Lanarkshire,Production sector,A-E,16095
2017,North Lanarkshire,Construction,F (41-43),13855
2017,North Lanarkshire,Services sector,G-T,106010
2017,North Northamptonshire,Production sector,A-E,26650
2017,North Northamptonshire,Construction,F (41-43),5800
2017,North Northamptonshire,Services sector,G-T,115585
2017,North Nottinghamshire,Production sector,A-E,38440
2017,North Nottinghamshire,Construction,F (41-43),12525
2017,North Nottinghamshire,Services sector,G-T,143920
2017,North Yorkshire CC,Production sector,A-E,53985
2017,North Yorkshire CC,Construction,F (41-43),14680
2017,North Yorkshire CC,Services sector,G-T,230655
2017,North and North East Lincolnshire,Production sector,A-E,31500
2017,North and North East Lincolnshire,Construction,F (41-43),8285
2017,North and North East Lincolnshire,Services sector,G-T,106175
2017,North and West Norfolk,Production sector,A-E,18290
2017,North and West Norfolk,Construction,F (41-43),5535
2017,North and West Norfolk,Services sector,G-T,72765
2017,Northumberland,Production sector,A-E,19805
2017,Northumberland,Construction,F (41-43),6665
2017,Northumberland,Services sector,G-T,85595
2017,Norwich and East Norfolk,Production sector,A-E,16405
2017,Norwich and East Norfolk,Construction,F (41-43),8595
2017,Norwich and East Norfolk,Services sector,G-T,159260
2017,Nottingham,Production sector,A-E,13835
2017,Nottingham,Construction,F (41-43),6000
2017,Nottingham,Services sector,G-T,181170
2017,Orkney Islands,Production sector,A-E,1030
2017,Orkney Islands,Construction,F (41-43),915
2017,Orkney Islands,Services sector,G-T,8945
2017,Oxfordshire,Production sector,A-E,33530
2017,Oxfordshire,Construction,F (41-43),22970
2017,Oxfordshire,Services sector,G-T,318030
2017,Perth & Kinross and Stirling,Production sector,A-E,10450
2017,Perth & Kinross and Stirling,Construction,F (41-43),7960
2017,Perth & Kinross and Stirling,Services sector,G-T,92510
2017,Peterborough,Production sector,A-E,9720
2017,Peterborough,Construction,F (41-43),3325
2017,Peterborough,Services sector,G-T,106025
2017,Plymouth,Production sector,A-E,14280
2017,Plymouth,Construction,F (41-43),5255
2017,Plymouth,Services sector,G-T,92385
2017,Portsmouth,Production sector,A-E,11380
2017,Portsmouth,Construction,F (41-43),4270
2017,Portsmouth,Services sector,G-T,90910
2017,Powys,Production sector,A-E,19075
2017,Powys,Construction,F (41-43),2395
2017,Powys,Services sector,G-T,39075
2017,Redbridge and Waltham Forest,Production sector,A-E,5515
2017,Redbridge and Waltham Forest,Construction,F (41-43),10950
2017,Redbridge and Waltham Forest,Services sector,G-T,141735
2017,Sandwell,Production sector,A-E,26630
2017,Sandwell,Construction,F (41-43),6170
2017,Sandwell,Services sector,G-T,99870
2017,Scottish Borders,Production sector,A-E,6485
2017,Scottish Borders,Construction,F (41-43),2960
2017,Scottish Borders,Services sector,G-T,33295
2017,Sefton,Production sector,A-E,5270
2017,Sefton,Construction,F (41-43),4000
2017,Sefton,Services sector,G-T,84625
2017,Sheffield,Production sector,A-E,25095
2017,Sheffield,Construction,F (41-43),9145
2017,Sheffield,Services sector,G-T,231250
2017,Shetland Islands,Production sector,A-E,2025
2017,Shetland Islands,Construction,F (41-43),1405
2017,Shetland Islands,Services sector,G-T,10760
2017,Shropshire CC,Production sector,A-E,24200
2017,Shropshire CC,Construction,F (41-43),8050
2017,Shropshire CC,Services sector,G-T,106695
2017,Solihull,Production sector,A-E,14610
2017,Solihull,Construction,F (41-43),5715
2017,Solihull,Services sector,G-T,101405
2017,Somerset,Production sector,A-E,42875
2017,Somerset,Construction,F (41-43),12700
2017,Somerset,Services sector,G-T,186460
2017,South Ayrshire,Production sector,A-E,5715
2017,South Ayrshire,Construction,F (41-43),2455
2017,South Ayrshire,Services sector,G-T,38845
2017,South Hampshire,Production sector,A-E,20385
2017,South Hampshire,Construction,F (41-43),12000
2017,South Hampshire,Services sector,G-T,152475
2017,South Lanarkshire,Production sector,A-E,16575
2017,South Lanarkshire,Construction,F (41-43),9335
2017,South Lanarkshire,Services sector,G-T,92260
2017,South Nottinghamshire,Production sector,A-E,16750
2017,South Nottinghamshire,Construction,F (41-43),6445
2017,South Nottinghamshire,Services sector,G-T,90875
2017,South Teesside,Production sector,A-E,9800
2017,South Teesside,Construction,F (41-43),4005
2017,South Teesside,Services sector,G-T,88120
2017,South West Wales,Production sector,A-E,33305
2017,South West Wales,Construction,F (41-43),8145
2017,South West Wales,Services sector,G-T,113965
2017,South and West Derbyshire,Production sector,A-E,48190
2017,South and West Derbyshire,Construction,F (41-43),11455
2017,South and West Derbyshire,Services sector,G-T,133875
2017,Southampton,Production sector,A-E,4565
2017,Southampton,Construction,F (41-43),4005
2017,Southampton,Services sector,G-T,104630
2017,Southend-on-Sea,Production sector,A-E,4135
2017,Southend-on-Sea,Construction,F (41-43),3075
2017,Southend-on-Sea,Services sector,G-T,60265
2017,Staffordshire CC,Production sector,A-E,59155
2017,Staffordshire CC,Construction,F (41-43),20030
2017,Staffordshire CC,Services sector,G-T,283235
2017,Stoke-on-Trent,Production sector,A-E,15495
2017,Stoke-on-Trent,Construction,F (41-43),5290
2017,Stoke-on-Trent,Services sector,G-T,100665
2017,Suffolk,Production sector,A-E,47145
2017,Suffolk,Construction,F (41-43),17615
2017,Suffolk,Services sector,G-T,271955
2017,Sunderland,Production sector,A-E,26930
2017,Sunderland,Construction,F (41-43),4885
2017,Sunderland,Services sector,G-T,90495
2017,Swansea,Production sector,A-E,6945
2017,Swansea,Construction,F (41-43),4325
2017,Swansea,Services sector,G-T,99435
2017,Swindon,Production sector,A-E,11675
2017,Swindon,Construction,F (41-43),4930
2017,Swindon,Services sector,G-T,102115
2017,Telford and Wrekin,Production sector,A-E,16545
2017,Telford and Wrekin,Construction,F (41-43),2545
2017,Telford and Wrekin,Services sector,G-T,68545
2017,Thurrock,Production sector,A-E,4385
2017,Thurrock,Construction,F (41-43),4295
2017,Thurrock,Services sector,G-T,57290
2017,Torbay,Production sector,A-E,2680
2017,Torbay,Construction,F (41-43),2090
2017,Torbay,Services sector,G-T,46370
2017,Tower Hamlets,Production sector,A-E,4315
2017,Tower Hamlets,Construction,F (41-43),7300
2017,Tower Hamlets,Services sector,G-T,281535
2017,Tyneside,Production sector,A-E,35075
2017,Tyneside,Construction,F (41-43),16170
2017,Tyneside,Services sector,G-T,359820
2017,Wakefield,Production sector,A-E,19915
2017,Wakefield,Construction,F (41-43),7715
2017,Wakefield,Services sector,G-T,124735
2017,Walsall,Production sector,A-E,14165
2017,Walsall,Construction,F (41-43),4955
2017,Walsall,Services sector,G-T,92475
2017,Wandsworth,Production sector,A-E,1920
2017,Wandsworth,Construction,F (41-43),4715
2017,Wandsworth,Services sector,G-T,116625
2017,Warrington,Production sector,A-E,10170
2017,Warrington,Construction,F (41-43),7945
2017,Warrington,Services sector,G-T,118615
2017,Warwickshire,Production sector,A-E,48110
2017,Warwickshire,Construction,F (41-43),13775
2017,Warwickshire,Services sector,G-T,246935
2017,West Cumbria,Production sector,A-E,31475
2017,West Cumbria,Construction,F (41-43),6415
2017,West Cumbria,Services sector,G-T,67750
2017,West Essex,Production sector,A-E,12035
2017,West Essex,Construction,F (41-43),11205
2017,West Essex,Services sector,G-T,115620
2017,West Kent,Production sector,A-E,15490
2017,West Kent,Construction,F (41-43),12460
2017,West Kent,Services sector,G-T,141885
2017,West Lothian,Production sector,A-E,8520
2017,West Lothian,Construction,F (41-43),5575
2017,West Lothian,Services sector,G-T,63320
2017,West Northamptonshire,Production sector,A-E,25850
2017,West Northamptonshire,Construction,F (41-43),10100
2017,West Northamptonshire,Services sector,G-T,182120
2017,West Surrey,Production sector,A-E,28865
2017,West Surrey,Construction,F (41-43),23680
2017,West Surrey,Services sector,G-T,349380
2017,West Sussex (North East),Production sector,A-E,19420
2017,West Sussex (North East),Construction,F (41-43),9935
2017,West Sussex (North East),Services sector,G-T,184050
2017,West Sussex (South West),Production sector,A-E,21350
2017,West Sussex (South West),Construction,F (41-43),9010
2017,West Sussex (South West),Services sector,G-T,151990
2017,Westminster,Production sector,A-E,7080
2017,Westminster,Construction,F (41-43),16065
2017,Westminster,Services sector,G-T,691665
2017,Wiltshire,Production sector,A-E,27305
2017,Wiltshire,Construction,F (41-43),11395
2017,Wiltshire,Services sector,G-T,170030
2017,Wirral,Production sector,A-E,9530
2017,Wirral,Construction,F (41-43),4600
2017,Wirral,Services sector,G-T,91775
2017,Wolverhampton,Production sector,A-E,14300
2017,Wolverhampton,Construction,F (41-43),3995
2017,Wolverhampton,Services sector,G-T,84890
2017,Worcestershire,Production sector,A-E,42695
2017,Worcestershire,Construction,F (41-43),13435
2017,Worcestershire,Services sector,G-T,219360
2017,York,Production sector,A-E,5300
2017,York,Construction,F (41-43),4385
2017,York,Services sector,G-T,98405
2018,Aberdeen City and Aberdeenshire,Production sector,A-E,62315
2018,Aberdeen City and Aberdeenshire,Construction,F (41-43),14330
2018,Aberdeen City and Aberdeenshire,Services sector,G-T,209825
2018,Angus and Dundee City,Production sector,A-E,15300
2018,Angus and Dundee City,Construction,F (41-43),5585
2018,Angus and Dundee City,Services sector,G-T,93230
2018,Barking & Dagenham and Havering,Production sector,A-E,9230
2018,Barking & Dagenham and Havering,Construction,F (41-43),10450
2018,Barking & Dagenham and Havering,Services sector,G-T,120410
2018,Barnet,Production sector,A-E,3410
2018,Barnet,Construction,F (41-43),8290
2018,Barnet,Services sector,G-T,123265
2018,"Barnsley, Doncaster and Rotherham",Production sector,A-E,45665
2018,"Barnsley, Doncaster and Rotherham",Construction,F (41-43),17225
2018,"Barnsley, Doncaster and Rotherham",Services sector,G-T,246590
2018,"Bath and North East Somerset, North Somerset and South Gloucestershire",Production sector,A-E,36070
2018,"Bath and North East Somerset, North Somerset and South Gloucestershire",Construction,F (41-43),19730
2018,"Bath and North East Somerset, North Somerset and South Gloucestershire",Services sector,G-T,282550
2018,Bedford,Production sector,A-E,8100
2018,Bedford,Construction,F (41-43),3675
2018,Bedford,Services sector,G-T,66380
2018,Berkshire,Production sector,A-E,39505
2018,Berkshire,Construction,F (41-43),20780
2018,Berkshire,Services sector,G-T,467325
2018,Bexley and Greenwich,Production sector,A-E,9615
2018,Bexley and Greenwich,Construction,F (41-43),9750
2018,Bexley and Greenwich,Services sector,G-T,142475
2018,Birmingham,Production sector,A-E,42175
2018,Birmingham,Construction,F (41-43),19765
2018,Birmingham,Services sector,G-T,454565
2018,Blackburn with Darwen,Production sector,A-E,12670
2018,Blackburn with Darwen,Construction,F (41-43),2190
2018,Blackburn with Darwen,Services sector,G-T,56900
2018,Blackpool,Production sector,A-E,4005
2018,Blackpool,Construction,F (41-43),1510
2018,Blackpool,Services sector,G-T,58300
2018,Bournemouth and Poole,Production sector,A-E,13010
2018,Bournemouth and Poole,Construction,F (41-43),7610
2018,Bournemouth and Poole,Services sector,G-T,150990
2018,Bradford,Production sector,A-E,31745
2018,Bradford,Construction,F (41-43),6620
2018,Bradford,Services sector,G-T,165805
2018,Breckland and South Norfolk,Production sector,A-E,19470
2018,Breckland and South Norfolk,Construction,F (41-43),6730
2018,Breckland and South Norfolk,Services sector,G-T,81215
2018,Brent,Production sector,A-E,9030
2018,Brent,Construction,F (41-43),7520
2018,Brent,Services sector,G-T,109630
2018,Bridgend and Neath Port Talbot,Production sector,A-E,21000
2018,Bridgend and Neath Port Talbot,Construction,F (41-43),6325
2018,Bridgend and Neath Port Talbot,Services sector,G-T,80835
2018,Brighton and Hove,Production sector,A-E,4885
2018,Brighton and Hove,Construction,F (41-43),4115
2018,Brighton and Hove,Services sector,G-T,134015
2018,"Bristol, City of",Production sector,A-E,14090
2018,"Bristol, City of",Construction,F (41-43),12320
2018,"Bristol, City of",Services sector,G-T,247765
2018,Bromley,Production sector,A-E,3230
2018,Bromley,Construction,F (41-43),7505
2018,Bromley,Services sector,G-T,98070
2018,Buckinghamshire CC,Production sector,A-E,23420
2018,Buckinghamshire CC,Construction,F (41-43),14025
2018,Buckinghamshire CC,Services sector,G-T,206730
2018,Caithness & Sutherland and Ross & Cromarty,Production sector,A-E,11875
2018,Caithness & Sutherland and Ross & Cromarty,Construction,F (41-43),2880
2018,Caithness & Sutherland and Ross & Cromarty,Services sector,G-T,27305
2018,Calderdale and Kirklees,Production sector,A-E,45435
2018,Calderdale and Kirklees,Construction,F (41-43),11170
2018,Calderdale and Kirklees,Services sector,G-T,199745
2018,Cambridgeshire CC,Production sector,A-E,45115
2018,Cambridgeshire CC,Construction,F (41-43),14725
2018,Cambridgeshire CC,Services sector,G-T,284395
2018,Camden and City of London,Production sector,A-E,15545
2018,Camden and City of London,Construction,F (41-43),17160
2018,Camden and City of London,Services sector,G-T,862635
2018,Cardiff and Vale of Glamorgan,Production sector,A-E,19585
2018,Cardiff and Vale of Glamorgan,Construction,F (41-43),11330
2018,Cardiff and Vale of Glamorgan,Services sector,G-T,229170
2018,Central Bedfordshire,Production sector,A-E,12745
2018,Central Bedfordshire,Construction,F (41-43),6440
2018,Central Bedfordshire,Services sector,G-T,90750
2018,Central Hampshire,Production sector,A-E,29675
2018,Central Hampshire,Construction,F (41-43),16385
2018,Central Hampshire,Services sector,G-T,218945
2018,Central Valleys,Production sector,A-E,16290
2018,Central Valleys,Construction,F (41-43),6825
2018,Central Valleys,Services sector,G-T,79890
2018,Cheshire East,Production sector,A-E,30040
2018,Cheshire East,Construction,F (41-43),8595
2018,Cheshire East,Services sector,G-T,157810
2018,Cheshire West and Chester,Production sector,A-E,19630
2018,Cheshire West and Chester,Construction,F (41-43),6955
2018,Cheshire West and Chester,Services sector,G-T,148440
2018,Chorley and West Lancashire,Production sector,A-E,15010
2018,Chorley and West Lancashire,Construction,F (41-43),4970
2018,Chorley and West Lancashire,Services sector,G-T,71885
2018,Clackmannanshire and Fife,Production sector,A-E,23670
2018,Clackmannanshire and Fife,Construction,F (41-43),9045
2018,Clackmannanshire and Fife,Services sector,G-T,122375
2018,Conwy and Denbighshire,Production sector,A-E,9600
2018,Conwy and Denbighshire,Construction,F (41-43),5870
2018,Conwy and Denbighshire,Services sector,G-T,74015
2018,Cornwall and Isles of Scilly,Production sector,A-E,31505
2018,Cornwall and Isles of Scilly,Construction,F (41-43),15005
2018,Cornwall and Isles of Scilly,Services sector,G-T,187885
2018,Coventry,Production sector,A-E,23920
2018,Coventry,Construction,F (41-43),4490
2018,Coventry,Services sector,G-T,134695
2018,Croydon,Production sector,A-E,3365
2018,Croydon,Construction,F (41-43),6810
2018,Croydon,Services sector,G-T,114395
2018,Darlington,Production sector,A-E,4865
2018,Darlington,Construction,F (41-43),1860
2018,Darlington,Services sector,G-T,42135
2018,Derby,Production sector,A-E,29265
2018,Derby,Construction,F (41-43),4300
2018,Derby,Services sector,G-T,106640
2018,Devon CC,Production sector,A-E,53820
2018,Devon CC,Construction,F (41-43),22645
2018,Devon CC,Services sector,G-T,283095
2018,Dorset CC,Production sector,A-E,26215
2018,Dorset CC,Construction,F (41-43),11535
2018,Dorset CC,Services sector,G-T,139755
2018,Dudley,Production sector,A-E,17915
2018,Dudley,Construction,F (41-43),7885
2018,Dudley,Services sector,G-T,88030
2018,Dumfries & Galloway,Production sector,A-E,14725
2018,Dumfries & Galloway,Construction,F (41-43),3210
2018,Dumfries & Galloway,Services sector,G-T,49355
2018,Durham CC,Production sector,A-E,32450
2018,Durham CC,Construction,F (41-43),11090
2018,Durham CC,Services sector,G-T,134625
2018,Ealing,Production sector,A-E,12455
2018,Ealing,Construction,F (41-43),6195
2018,Ealing,Services sector,G-T,110355
2018,East Ayrshire and North Ayrshire mainland,Production sector,A-E,12040
2018,East Ayrshire and North Ayrshire mainland,Construction,F (41-43),5105
2018,East Ayrshire and North Ayrshire mainland,Services sector,G-T,64840
2018,East Cumbria,Production sector,A-E,23445
2018,East Cumbria,Construction,F (41-43),7730
2018,East Cumbria,Services sector,G-T,116100
2018,East Derbyshire,Production sector,A-E,18230
2018,East Derbyshire,Construction,F (41-43),6525
2018,East Derbyshire,Services sector,G-T,90045
2018,"East Dunbartonshire, West Dunbartonshire and Helensburgh & Lomond",Production sector,A-E,6150
2018,"East Dunbartonshire, West Dunbartonshire and Helensburgh & Lomond",Construction,F (41-43),3160
2018,"East Dunbartonshire, West Dunbartonshire and Helensburgh & Lomond",Services sector,G-T,61405
2018,East Kent,Production sector,A-E,16040
2018,East Kent,Construction,F (41-43),8795
2018,East Kent,Services sector,G-T,162500
2018,East Lancashire,Production sector,A-E,28700
2018,East Lancashire,Construction,F (41-43),6025
2018,East Lancashire,Services sector,G-T,90535
2018,East Lothian and Midlothian,Production sector,A-E,8070
2018,East Lothian and Midlothian,Construction,F (41-43),5275
2018,East Lothian and Midlothian,Services sector,G-T,51070
2018,East Merseyside,Production sector,A-E,29980
2018,East Merseyside,Construction,F (41-43),10185
2018,East Merseyside,Services sector,G-T,155035
2018,East Riding of Yorkshire,Production sector,A-E,28575
2018,East Riding of Yorkshire,Construction,F (41-43),5505
2018,East Riding of Yorkshire,Services sector,G-T,99550
2018,East Surrey,Production sector,A-E,10250
2018,East Surrey,Construction,F (41-43),12740
2018,East Surrey,Services sector,G-T,156625
2018,East Sussex CC,Production sector,A-E,17525
2018,East Sussex CC,Construction,F (41-43),11625
2018,East Sussex CC,Services sector,G-T,165105
2018,"Edinburgh, City of",Production sector,A-E,12990
2018,"Edinburgh, City of",Construction,F (41-43),9520
2018,"Edinburgh, City of",Services sector,G-T,329445
2018,Enfield,Production sector,A-E,6105
2018,Enfield,Construction,F (41-43),7430
2018,Enfield,Services sector,G-T,92705
2018,Essex Haven Gateway,Production sector,A-E,20000
2018,Essex Haven Gateway,Construction,F (41-43),11695
2018,Essex Haven Gateway,Services sector,G-T,155460
2018,Essex Thames Gateway,Production sector,A-E,12495
2018,Essex Thames Gateway,Construction,F (41-43),9365
2018,Essex Thames Gateway,Services sector,G-T,109265
2018,Falkirk,Production sector,A-E,9295
2018,Falkirk,Construction,F (41-43),5450
2018,Falkirk,Services sector,G-T,51960
2018,Flintshire and Wrexham,Production sector,A-E,36345
2018,Flintshire and Wrexham,Construction,F (41-43),6320
2018,Flintshire and Wrexham,Services sector,G-T,93640
2018,Glasgow City,Production sector,A-E,24365
2018,Glasgow City,Construction,F (41-43),18480
2018,Glasgow City,Services sector,G-T,374045
2018,Gloucestershire,Production sector,A-E,46755
2018,Gloucestershire,Construction,F (41-43),17630
2018,Gloucestershire,Services sector,G-T,236590
2018,Greater Manchester North East,Production sector,A-E,31815
2018,Greater Manchester North East,Construction,F (41-43),13390
2018,Greater Manchester North East,Services sector,G-T,195605
2018,Greater Manchester North West,Production sector,A-E,28895
2018,Greater Manchester North West,Construction,F (41-43),13945
2018,Greater Manchester North West,Services sector,G-T,179865
2018,Greater Manchester South East,Production sector,A-E,32815
2018,Greater Manchester South East,Construction,F (41-43),8775
2018,Greater Manchester South East,Services sector,G-T,167850
2018,Greater Manchester South West,Production sector,A-E,20950
2018,Greater Manchester South West,Construction,F (41-43),16610
2018,Greater Manchester South West,Services sector,G-T,256180
2018,Gwent Valleys,Production sector,A-E,25030
2018,Gwent Valleys,Construction,F (41-43),5730
2018,Gwent Valleys,Services sector,G-T,78780
2018,Gwynedd,Production sector,A-E,9155
2018,Gwynedd,Construction,F (41-43),3285
2018,Gwynedd,Services sector,G-T,47135
2018,Hackney and Newham,Production sector,A-E,9035
2018,Hackney and Newham,Construction,F (41-43),10500
2018,Hackney and Newham,Services sector,G-T,220635
2018,Haringey and Islington,Production sector,A-E,7670
2018,Haringey and Islington,Construction,F (41-43),10510
2018,Haringey and Islington,Services sector,G-T,285625
2018,Harrow and Hillingdon,Production sector,A-E,12235
2018,Harrow and Hillingdon,Construction,F (41-43),12050
2018,Harrow and Hillingdon,Services sector,G-T,236865
2018,Hartlepool and Stockton-on-Tees,Production sector,A-E,15855
2018,Hartlepool and Stockton-on-Tees,Construction,F (41-43),8300
2018,Hartlepool and Stockton-on-Tees,Services sector,G-T,89940
2018,Heart of Essex,Production sector,A-E,12480
2018,Heart of Essex,Construction,F (41-43),11750
2018,Heart of Essex,Services sector,G-T,123900
2018,"Herefordshire, County of",Production sector,A-E,24225
2018,"Herefordshire, County of",Construction,F (41-43),5245
2018,"Herefordshire, County of",Services sector,G-T,59405
2018,Hertfordshire,Production sector,A-E,44250
2018,Hertfordshire,Construction,F (41-43),42785
2018,Hertfordshire,Services sector,G-T,559940
2018,Hounslow and Richmond upon Thames,Production sector,A-E,6090
2018,Hounslow and Richmond upon Thames,Construction,F (41-43),6980
2018,Hounslow and Richmond upon Thames,Services sector,G-T,227105
2018,"Inverclyde, East Renfrewshire and Renfrewshire",Production sector,A-E,13720
2018,"Inverclyde, East Renfrewshire and Renfrewshire",Construction,F (41-43),7340
2018,"Inverclyde, East Renfrewshire and Renfrewshire",Services sector,G-T,119590
2018,"Inverness & Nairn and Moray, Badenoch & Strathspey",Production sector,A-E,14850
2018,"Inverness & Nairn and Moray, Badenoch & Strathspey",Construction,F (41-43),6735
2018,"Inverness & Nairn and Moray, Badenoch & Strathspey",Services sector,G-T,80840
2018,Isle of Anglesey,Production sector,A-E,4490
2018,Isle of Anglesey,Construction,F (41-43),1655
2018,Isle of Anglesey,Services sector,G-T,17060
2018,Isle of Wight,Production sector,A-E,7010
2018,Isle of Wight,Construction,F (41-43),2385
2018,Isle of Wight,Services sector,G-T,43940
2018,Kensington & Chelsea and Hammersmith & Fulham,Production sector,A-E,4650
2018,Kensington & Chelsea and Hammersmith & Fulham,Construction,F (41-43),5290
2018,Kensington & Chelsea and Hammersmith & Fulham,Services sector,G-T,270720
2018,Kent Thames Gateway,Production sector,A-E,17455
2018,Kent Thames Gateway,Construction,F (41-43),12095
2018,Kent Thames Gateway,Services sector,G-T,117100
2018,"Kingston upon Hull, City of",Production sector,A-E,21955
2018,"Kingston upon Hull, City of",Construction,F (41-43),5650
2018,"Kingston upon Hull, City of",Services sector,G-T,99035
2018,Lambeth,Production sector,A-E,2865
2018,Lambeth,Construction,F (41-43),5015
2018,Lambeth,Services sector,G-T,145895
2018,Lancaster and Wyre,Production sector,A-E,11765
2018,Lancaster and Wyre,Construction,F (41-43),4835
2018,Lancaster and Wyre,Services sector,G-T,72315
2018,Leeds,Production sector,A-E,38985
2018,Leeds,Construction,F (41-43),18420
2018,Leeds,Services sector,G-T,414635
2018,Leicester,Production sector,A-E,20940
2018,Leicester,Construction,F (41-43),4310
2018,Leicester,Services sector,G-T,139725
2018,Leicestershire CC and Rutland,Production sector,A-E,57565
2018,Leicestershire CC and Rutland,Construction,F (41-43),17505
2018,Leicestershire CC and Rutland,Services sector,G-T,261895
2018,Lewisham and Southwark,Production sector,A-E,5320
2018,Lewisham and Southwark,Construction,F (41-43),9975
2018,Lewisham and Southwark,Services sector,G-T,297870
2018,Lincolnshire,Production sector,A-E,58695
2018,Lincolnshire,Construction,F (41-43),14100
2018,Lincolnshire,Services sector,G-T,232950
2018,Liverpool,Production sector,A-E,11810
2018,Liverpool,Construction,F (41-43),6995
2018,Liverpool,Services sector,G-T,239080
2018,"Lochaber, Skye & Lochalsh, Arran & Cumbrae and Argyll & Bute",Production sector,A-E,10570
2018,"Lochaber, Skye & Lochalsh, Arran & Cumbrae and Argyll & Bute",Construction,F (41-43),3010
2018,"Lochaber, Skye & Lochalsh, Arran & Cumbrae and Argyll & Bute",Services sector,G-T,36625
2018,Luton,Production sector,A-E,9545
2018,Luton,Construction,F (41-43),4015
2018,Luton,Services sector,G-T,81340
2018,Manchester,Production sector,A-E,13145
2018,Manchester,Construction,F (41-43),8440
2018,Manchester,Services sector,G-T,378010
2018,Medway,Production sector,A-E,10435
2018,Medway,Construction,F (41-43),6360
2018,Medway,Services sector,G-T,79715
2018,"Merton, Kingston upon Thames and Sutton",Production sector,A-E,7160
2018,"Merton, Kingston upon Thames and Sutton",Construction,F (41-43),12255
2018,"Merton, Kingston upon Thames and Sutton",Services sector,G-T,214275
2018,Mid Kent,Production sector,A-E,14870
2018,Mid Kent,Construction,F (41-43),8970
2018,Mid Kent,Services sector,G-T,111680
2018,Mid Lancashire,Production sector,A-E,33630
2018,Mid Lancashire,Construction,F (41-43),18065
2018,Mid Lancashire,Services sector,G-T,161095
2018,Milton Keynes,Production sector,A-E,11645
2018,Milton Keynes,Construction,F (41-43),4855
2018,Milton Keynes,Services sector,G-T,166945
2018,Monmouthshire and Newport,Production sector,A-E,15280
2018,Monmouthshire and Newport,Construction,F (41-43),7210
2018,Monmouthshire and Newport,Services sector,G-T,101410
2018,Na h-Eileanan Siar (Western Isles),Production sector,A-E,5275
2018,Na h-Eileanan Siar (Western Isles),Construction,F (41-43),720
2018,Na h-Eileanan Siar (Western Isles),Services sector,G-T,9250
2018,North Hampshire,Production sector,A-E,14685
2018,North Hampshire,Construction,F (41-43),10495
2018,North Hampshire,Services sector,G-T,152515
2018,North Lanarkshire,Production sector,A-E,16070
2018,North Lanarkshire,Construction,F (41-43),13530
2018,North Lanarkshire,Services sector,G-T,108080
2018,North Northamptonshire,Production sector,A-E,25805
2018,North Northamptonshire,Construction,F (41-43),5695
2018,North Northamptonshire,Services sector,G-T,118490
2018,North Nottinghamshire,Production sector,A-E,34935
2018,North Nottinghamshire,Construction,F (41-43),13645
2018,North Nottinghamshire,Services sector,G-T,150590
2018,North Yorkshire CC,Production sector,A-E,55155
2018,North Yorkshire CC,Construction,F (41-43),12955
2018,North Yorkshire CC,Services sector,G-T,228055
2018,North and North East Lincolnshire,Production sector,A-E,32475
2018,North and North East Lincolnshire,Construction,F (41-43),7855
2018,North and North East Lincolnshire,Services sector,G-T,105960
2018,North and West Norfolk,Production sector,A-E,18070
2018,North and West Norfolk,Construction,F (41-43),5565
2018,North and West Norfolk,Services sector,G-T,71555
2018,Northumberland,Production sector,A-E,19830
2018,Northumberland,Construction,F (41-43),6300
2018,Northumberland,Services sector,G-T,83385
2018,Norwich and East Norfolk,Production sector,A-E,15920
2018,Norwich and East Norfolk,Construction,F (41-43),7940
2018,Norwich and East Norfolk,Services sector,G-T,158550
2018,Nottingham,Production sector,A-E,14305
2018,Nottingham,Construction,F (41-43),5480
2018,Nottingham,Services sector,G-T,179015
2018,Orkney Islands,Production sector,A-E,3095
2018,Orkney Islands,Construction,F (41-43),900
2018,Orkney Islands,Services sector,G-T,9055
2018,Oxfordshire,Production sector,A-E,35595
2018,Oxfordshire,Construction,F (41-43),21240
2018,Oxfordshire,Services sector,G-T,322050
2018,Perth & Kinross and Stirling,Production sector,A-E,17560
2018,Perth & Kinross and Stirling,Construction,F (41-43),7020
2018,Perth & Kinross and Stirling,Services sector,G-T,92830
2018,Peterborough,Production sector,A-E,9870
2018,Peterborough,Construction,F (41-43),3875
2018,Peterborough,Services sector,G-T,104455
2018,Plymouth,Production sector,A-E,15265
2018,Plymouth,Construction,F (41-43),4440
2018,Plymouth,Services sector,G-T,91120
2018,Portsmouth,Production sector,A-E,11310
2018,Portsmouth,Construction,F (41-43),3785
2018,Portsmouth,Services sector,G-T,92425
2018,Powys,Production sector,A-E,16570
2018,Powys,Construction,F (41-43),2860
2018,Powys,Services sector,G-T,40115
2018,Redbridge and Waltham Forest,Production sector,A-E,5235
2018,Redbridge and Waltham Forest,Construction,F (41-43),9255
2018,Redbridge and Waltham Forest,Services sector,G-T,138750
2018,Sandwell,Production sector,A-E,24015
2018,Sandwell,Construction,F (41-43),7010
2018,Sandwell,Services sector,G-T,96925
2018,Scottish Borders,Production sector,A-E,11085
2018,Scottish Borders,Construction,F (41-43),2910
2018,Scottish Borders,Services sector,G-T,33610
2018,Sefton,Production sector,A-E,5080
2018,Sefton,Construction,F (41-43),4075
2018,Sefton,Services sector,G-T,83195
2018,Sheffield,Production sector,A-E,26585
2018,Sheffield,Construction,F (41-43),7965
2018,Sheffield,Services sector,G-T,234155
2018,Shetland Islands,Production sector,A-E,4120
2018,Shetland Islands,Construction,F (41-43),1310
2018,Shetland Islands,Services sector,G-T,10300
2018,Shropshire CC,Production sector,A-E,24655
2018,Shropshire CC,Construction,F (41-43),8780
2018,Shropshire CC,Services sector,G-T,102085
2018,Solihull,Production sector,A-E,13810
2018,Solihull,Construction,F (41-43),6030
2018,Solihull,Services sector,G-T,123880
2018,Somerset,Production sector,A-E,45385
2018,Somerset,Construction,F (41-43),14115
2018,Somerset,Services sector,G-T,188055
2018,South Ayrshire,Production sector,A-E,7075
2018,South Ayrshire,Construction,F (41-43),2530
2018,South Ayrshire,Services sector,G-T,39445
2018,South Hampshire,Production sector,A-E,21695
2018,South Hampshire,Construction,F (41-43),10810
2018,South Hampshire,Services sector,G-T,150655
2018,South Lanarkshire,Production sector,A-E,17200
2018,South Lanarkshire,Construction,F (41-43),9185
2018,South Lanarkshire,Services sector,G-T,92605
2018,South Nottinghamshire,Production sector,A-E,15525
2018,South Nottinghamshire,Construction,F (41-43),7270
2018,South Nottinghamshire,Services sector,G-T,91925
2018,South Teesside,Production sector,A-E,9760
2018,South Teesside,Construction,F (41-43),4590
2018,South Teesside,Services sector,G-T,85260
2018,South West Wales,Production sector,A-E,25845
2018,South West Wales,Construction,F (41-43),8955
2018,South West Wales,Services sector,G-T,117880
2018,South and West Derbyshire,Production sector,A-E,44190
2018,South and West Derbyshire,Construction,F (41-43),10960
2018,South and West Derbyshire,Services sector,G-T,143185
2018,Southampton,Production sector,A-E,4730
2018,Southampton,Construction,F (41-43),3590
2018,Southampton,Services sector,G-T,105765
2018,Southend-on-Sea,Production sector,A-E,4245
2018,Southend-on-Sea,Construction,F (41-43),2915
2018,Southend-on-Sea,Services sector,G-T,59005
2018,Staffordshire CC,Production sector,A-E,61380
2018,Staffordshire CC,Construction,F (41-43),22665
2018,Staffordshire CC,Services sector,G-T,278530
2018,Stoke-on-Trent,Production sector,A-E,16840
2018,Stoke-on-Trent,Construction,F (41-43),6090
2018,Stoke-on-Trent,Services sector,G-T,100535
2018,Suffolk,Production sector,A-E,47665
2018,Suffolk,Construction,F (41-43),17825
2018,Suffolk,Services sector,G-T,271320
2018,Sunderland,Production sector,A-E,27195
2018,Sunderland,Construction,F (41-43),6110
2018,Sunderland,Services sector,G-T,86390
2018,Swansea,Production sector,A-E,7330
2018,Swansea,Construction,F (41-43),5055
2018,Swansea,Services sector,G-T,101245
2018,Swindon,Production sector,A-E,12160
2018,Swindon,Construction,F (41-43),4420
2018,Swindon,Services sector,G-T,102330
2018,Telford and Wrekin,Production sector,A-E,16840
2018,Telford and Wrekin,Construction,F (41-43),2865
2018,Telford and Wrekin,Services sector,G-T,66980
2018,Thurrock,Production sector,A-E,4735
2018,Thurrock,Construction,F (41-43),4680
2018,Thurrock,Services sector,G-T,58725
2018,Torbay,Production sector,A-E,2485
2018,Torbay,Construction,F (41-43),2035
2018,Torbay,Services sector,G-T,44500
2018,Tower Hamlets,Production sector,A-E,4940
2018,Tower Hamlets,Construction,F (41-43),6085
2018,Tower Hamlets,Services sector,G-T,292670
2018,Tyneside,Production sector,A-E,33985
2018,Tyneside,Construction,F (41-43),17825
2018,Tyneside,Services sector,G-T,357295
2018,Wakefield,Production sector,A-E,22820
2018,Wakefield,Construction,F (41-43),7150
2018,Wakefield,Services sector,G-T,129405
2018,Walsall,Production sector,A-E,15345
2018,Walsall,Construction,F (41-43),5235
2018,Walsall,Services sector,G-T,88340
2018,Wandsworth,Production sector,A-E,2255
2018,Wandsworth,Construction,F (41-43),3940
2018,Wandsworth,Services sector,G-T,115220
2018,Warrington,Production sector,A-E,10385
2018,Warrington,Construction,F (41-43),8540
2018,Warrington,Services sector,G-T,117455
2018,Warwickshire,Production sector,A-E,49975
2018,Warwickshire,Construction,F (41-43),15150
2018,Warwickshire,Services sector,G-T,243965
2018,West Cumbria,Production sector,A-E,31190
2018,West Cumbria,Construction,F (41-43),6265
2018,West Cumbria,Services sector,G-T,68025
2018,West Essex,Production sector,A-E,12230
2018,West Essex,Construction,F (41-43),10875
2018,West Essex,Services sector,G-T,120130
2018,West Kent,Production sector,A-E,14975
2018,West Kent,Construction,F (41-43),12225
2018,West Kent,Services sector,G-T,138740
2018,West Lothian,Production sector,A-E,8805
2018,West Lothian,Construction,F (41-43),5465
2018,West Lothian,Services sector,G-T,62885
2018,West Northamptonshire,Production sector,A-E,24815
2018,West Northamptonshire,Construction,F (41-43),10935
2018,West Northamptonshire,Services sector,G-T,188465
2018,West Surrey,Production sector,A-E,24635
2018,West Surrey,Construction,F (41-43),22360
2018,West Surrey,Services sector,G-T,352065
2018,West Sussex (North East),Production sector,A-E,19415
2018,West Sussex (North East),Construction,F (41-43),9815
2018,West Sussex (North East),Services sector,G-T,183470
2018,West Sussex (South West),Production sector,A-E,21345
2018,West Sussex (South West),Construction,F (41-43),8380
2018,West Sussex (South West),Services sector,G-T,155975
2018,Westminster,Production sector,A-E,12465
2018,Westminster,Construction,F (41-43),15550
2018,Westminster,Services sector,G-T,705685
2018,Wiltshire,Production sector,A-E,28595
2018,Wiltshire,Construction,F (41-43),11675
2018,Wiltshire,Services sector,G-T,174115
2018,Wirral,Production sector,A-E,9445
2018,Wirral,Construction,F (41-43),4445
2018,Wirral,Services sector,G-T,90520
2018,Wolverhampton,Production sector,A-E,14905
2018,Wolverhampton,Construction,F (41-43),4560
2018,Wolverhampton,Services sector,G-T,84475
2018,Worcestershire,Production sector,A-E,41785
2018,Worcestershire,Construction,F (41-43),14005
2018,Worcestershire,Services sector,G-T,208075
2018,York,Production sector,A-E,5840
2018,York,Construction,F (41-43),3740
2018,York,Services sector,G-T,100005
2019,Aberdeen City and Aberdeenshire,Production sector,A-E,59285
2019,Aberdeen City and Aberdeenshire,Construction,F (41-43),14095
2019,Aberdeen City and Aberdeenshire,Services sector,G-T,209560
2019,Angus and Dundee City,Production sector,A-E,15105
2019,Angus and Dundee City,Construction,F (41-43),5090
2019,Angus and Dundee City,Services sector,G-T,94180
2019,Barking & Dagenham and Havering,Production sector,A-E,10075
2019,Barking & Dagenham and Havering,Construction,F (41-43),11970
2019,Barking & Dagenham and Havering,Services sector,G-T,122745
2019,Barnet,Production sector,A-E,3935
2019,Barnet,Construction,F (41-43),8760
2019,Barnet,Services sector,G-T,120640
2019,"Barnsley, Doncaster and Rotherham",Production sector,A-E,41595
2019,"Barnsley, Doncaster and Rotherham",Construction,F (41-43),22500
2019,"Barnsley, Doncaster and Rotherham",Services sector,G-T,244380
2019,"Bath and North East Somerset, North Somerset and South Gloucestershire",Production sector,A-E,36515
2019,"Bath and North East Somerset, North Somerset and South Gloucestershire",Construction,F (41-43),21140
2019,"Bath and North East Somerset, North Somerset and South Gloucestershire",Services sector,G-T,281050
2019,Bedford,Production sector,A-E,7010
2019,Bedford,Construction,F (41-43),3830
2019,Bedford,Services sector,G-T,67135
2019,Berkshire,Production sector,A-E,42065
2019,Berkshire,Construction,F (41-43),22060
2019,Berkshire,Services sector,G-T,467540
2019,Bexley and Greenwich,Production sector,A-E,10725
2019,Bexley and Greenwich,Construction,F (41-43),10970
2019,Bexley and Greenwich,Services sector,G-T,143055
2019,Birmingham,Production sector,A-E,43545
2019,Birmingham,Construction,F (41-43),18870
2019,Birmingham,Services sector,G-T,460800
2019,Blackburn with Darwen,Production sector,A-E,11495
2019,Blackburn with Darwen,Construction,F (41-43),1820
2019,Blackburn with Darwen,Services sector,G-T,54620
2019,Blackpool,Production sector,A-E,3990
2019,Blackpool,Construction,F (41-43),1475
2019,Blackpool,Services sector,G-T,60775
2019,Bournemouth and Poole,Production sector,A-E,13685
2019,Bournemouth and Poole,Construction,F (41-43),9060
2019,Bournemouth and Poole,Services sector,G-T,149440
2019,Bradford,Production sector,A-E,30780
2019,Bradford,Construction,F (41-43),8885
2019,Bradford,Services sector,G-T,161030
2019,Breckland and South Norfolk,Production sector,A-E,19570
2019,Breckland and South Norfolk,Construction,F (41-43),7635
2019,Breckland and South Norfolk,Services sector,G-T,84420
2019,Brent,Production sector,A-E,9690
2019,Brent,Construction,F (41-43),8255
2019,Brent,Services sector,G-T,106175
2019,Bridgend and Neath Port Talbot,Production sector,A-E,20365
2019,Bridgend and Neath Port Talbot,Construction,F (41-43),5715
2019,Bridgend and Neath Port Talbot,Services sector,G-T,82100
2019,Brighton and Hove,Production sector,A-E,5035
2019,Brighton and Hove,Construction,F (41-43),4430
2019,Brighton and Hove,Services sector,G-T,134870
2019,"Bristol, City of",Production sector,A-E,13825
2019,"Bristol, City of",Construction,F (41-43),12790
2019,"Bristol, City of",Services sector,G-T,255820
2019,Bromley,Production sector,A-E,3490
2019,Bromley,Construction,F (41-43),8280
2019,Bromley,Services sector,G-T,97755
2019,Buckinghamshire CC,Production sector,A-E,25165
2019,Buckinghamshire CC,Construction,F (41-43),15990
2019,Buckinghamshire CC,Services sector,G-T,208470
2019,Caithness & Sutherland and Ross & Cromarty,Production sector,A-E,11855
2019,Caithness & Sutherland and Ross & Cromarty,Construction,F (41-43),3020
2019,Caithness & Sutherland and Ross & Cromarty,Services sector,G-T,27760
2019,Calderdale and Kirklees,Production sector,A-E,41855
2019,Calderdale and Kirklees,Construction,F (41-43),14900
2019,Calderdale and Kirklees,Services sector,G-T,199630
2019,Cambridgeshire CC,Production sector,A-E,45325
2019,Cambridgeshire CC,Construction,F (41-43),16010
2019,Cambridgeshire CC,Services sector,G-T,292205
2019,Camden and City of London,Production sector,A-E,12140
2019,Camden and City of London,Construction,F (41-43),19220
2019,Camden and City of London,Services sector,G-T,891430
2019,Cardiff and Vale of Glamorgan,Production sector,A-E,19950
2019,Cardiff and Vale of Glamorgan,Construction,F (41-43),11105
2019,Cardiff and Vale of Glamorgan,Services sector,G-T,227220
2019,Central Bedfordshire,Production sector,A-E,12345
2019,Central Bedfordshire,Construction,F (41-43),6975
2019,Central Bedfordshire,Services sector,G-T,87930
2019,Central Hampshire,Production sector,A-E,32740
2019,Central Hampshire,Construction,F (41-43),16750
2019,Central Hampshire,Services sector,G-T,226760
2019,Central Valleys,Production sector,A-E,16425
2019,Central Valleys,Construction,F (41-43),5805
2019,Central Valleys,Services sector,G-T,76490
2019,Cheshire East,Production sector,A-E,29935
2019,Cheshire East,Construction,F (41-43),9030
2019,Cheshire East,Services sector,G-T,167290
2019,Cheshire West and Chester,Production sector,A-E,19675
2019,Cheshire West and Chester,Construction,F (41-43),6695
2019,Cheshire West and Chester,Services sector,G-T,147135
2019,Chorley and West Lancashire,Production sector,A-E,14540
2019,Chorley and West Lancashire,Construction,F (41-43),5135
2019,Chorley and West Lancashire,Services sector,G-T,73280
2019,Clackmannanshire and Fife,Production sector,A-E,22685
2019,Clackmannanshire and Fife,Construction,F (41-43),8215
2019,Clackmannanshire and Fife,Services sector,G-T,122115
2019,Conwy and Denbighshire,Production sector,A-E,9365
2019,Conwy and Denbighshire,Construction,F (41-43),5485
2019,Conwy and Denbighshire,Services sector,G-T,72175
2019,Cornwall and Isles of Scilly,Production sector,A-E,31410
2019,Cornwall and Isles of Scilly,Construction,F (41-43),16465
2019,Cornwall and Isles of Scilly,Services sector,G-T,190235
2019,Coventry,Production sector,A-E,24170
2019,Coventry,Construction,F (41-43),4265
2019,Coventry,Services sector,G-T,139225
2019,Croydon,Production sector,A-E,3545
2019,Croydon,Construction,F (41-43),8040
2019,Croydon,Services sector,G-T,114665
2019,Darlington,Production sector,A-E,3870
2019,Darlington,Construction,F (41-43),1560
2019,Darlington,Services sector,G-T,44420
2019,Derby,Production sector,A-E,30340
2019,Derby,Construction,F (41-43),4850
2019,Derby,Services sector,G-T,109780
2019,Devon CC,Production sector,A-E,53860
2019,Devon CC,Construction,F (41-43),24290
2019,Devon CC,Services sector,G-T,282485
2019,Dorset CC,Production sector,A-E,27570
2019,Dorset CC,Construction,F (41-43),12075
2019,Dorset CC,Services sector,G-T,140220
2019,Dudley,Production sector,A-E,18745
2019,Dudley,Construction,F (41-43),7475
2019,Dudley,Services sector,G-T,90880
2019,Dumfries & Galloway,Production sector,A-E,14400
2019,Dumfries & Galloway,Construction,F (41-43),3265
2019,Dumfries & Galloway,Services sector,G-T,48970
2019,Durham CC,Production sector,A-E,32805
2019,Durham CC,Construction,F (41-43),10360
2019,Durham CC,Services sector,G-T,140440
2019,Ealing,Production sector,A-E,13080
2019,Ealing,Construction,F (41-43),7090
2019,Ealing,Services sector,G-T,118075
2019,East Ayrshire and North Ayrshire mainland,Production sector,A-E,11800
2019,East Ayrshire and North Ayrshire mainland,Construction,F (41-43),5130
2019,East Ayrshire and North Ayrshire mainland,Services sector,G-T,64550
2019,East Cumbria,Production sector,A-E,24410
2019,East Cumbria,Construction,F (41-43),7870
2019,East Cumbria,Services sector,G-T,116650
2019,East Derbyshire,Production sector,A-E,17645
2019,East Derbyshire,Construction,F (41-43),6405
2019,East Derbyshire,Services sector,G-T,88345
2019,"East Dunbartonshire, West Dunbartonshire and Helensburgh & Lomond",Production sector,A-E,5085
2019,"East Dunbartonshire, West Dunbartonshire and Helensburgh & Lomond",Construction,F (41-43),3085
2019,"East Dunbartonshire, West Dunbartonshire and Helensburgh & Lomond",Services sector,G-T,58785
2019,East Kent,Production sector,A-E,16055
2019,East Kent,Construction,F (41-43),9340
2019,East Kent,Services sector,G-T,164755
2019,East Lancashire,Production sector,A-E,27760
2019,East Lancashire,Construction,F (41-43),5390
2019,East Lancashire,Services sector,G-T,90840
2019,East Lothian and Midlothian,Production sector,A-E,7695
2019,East Lothian and Midlothian,Construction,F (41-43),5280
2019,East Lothian and Midlothian,Services sector,G-T,52385
2019,East Merseyside,Production sector,A-E,29735
2019,East Merseyside,Construction,F (41-43),9525
2019,East Merseyside,Services sector,G-T,166100
2019,East Riding of Yorkshire,Production sector,A-E,26570
2019,East Riding of Yorkshire,Construction,F (41-43),7585
2019,East Riding of Yorkshire,Services sector,G-T,101035
2019,East Surrey,Production sector,A-E,11070
2019,East Surrey,Construction,F (41-43),13035
2019,East Surrey,Services sector,G-T,158150
2019,East Sussex CC,Production sector,A-E,19405
2019,East Sussex CC,Construction,F (41-43),11860
2019,East Sussex CC,Services sector,G-T,161315
2019,"Edinburgh, City of",Production sector,A-E,12205
2019,"Edinburgh, City of",Construction,F (41-43),9210
2019,"Edinburgh, City of",Services sector,G-T,325540
2019,Enfield,Production sector,A-E,6400
2019,Enfield,Construction,F (41-43),8505
2019,Enfield,Services sector,G-T,92495
2019,Essex Haven Gateway,Production sector,A-E,19060
2019,Essex Haven Gateway,Construction,F (41-43),12835
2019,Essex Haven Gateway,Services sector,G-T,151680
2019,Essex Thames Gateway,Production sector,A-E,11025
2019,Essex Thames Gateway,Construction,F (41-43),10765
2019,Essex Thames Gateway,Services sector,G-T,112060
2019,Falkirk,Production sector,A-E,9165
2019,Falkirk,Construction,F (41-43),5255
2019,Falkirk,Services sector,G-T,52530
2019,Flintshire and Wrexham,Production sector,A-E,36190
2019,Flintshire and Wrexham,Construction,F (41-43),5830
2019,Flintshire and Wrexham,Services sector,G-T,92280
2019,Glasgow City,Production sector,A-E,23910
2019,Glasgow City,Construction,F (41-43),17960
2019,Glasgow City,Services sector,G-T,377990
2019,Gloucestershire,Production sector,A-E,48225
2019,Gloucestershire,Construction,F (41-43),19920
2019,Gloucestershire,Services sector,G-T,242645
2019,Greater Manchester North East,Production sector,A-E,29595
2019,Greater Manchester North East,Construction,F (41-43),13425
2019,Greater Manchester North East,Services sector,G-T,192630
2019,Greater Manchester North West,Production sector,A-E,29615
2019,Greater Manchester North West,Construction,F (41-43),14445
2019,Greater Manchester North West,Services sector,G-T,180815
2019,Greater Manchester South East,Production sector,A-E,28985
2019,Greater Manchester South East,Construction,F (41-43),9210
2019,Greater Manchester South East,Services sector,G-T,175685
2019,Greater Manchester South West,Production sector,A-E,20300
2019,Greater Manchester South West,Construction,F (41-43),16835
2019,Greater Manchester South West,Services sector,G-T,261400
2019,Gwent Valleys,Production sector,A-E,26330
2019,Gwent Valleys,Construction,F (41-43),5310
2019,Gwent Valleys,Services sector,G-T,82135
2019,Gwynedd,Production sector,A-E,8915
2019,Gwynedd,Construction,F (41-43),2985
2019,Gwynedd,Services sector,G-T,47440
2019,Hackney and Newham,Production sector,A-E,10275
2019,Hackney and Newham,Construction,F (41-43),10805
2019,Hackney and Newham,Services sector,G-T,226565
2019,Haringey and Islington,Production sector,A-E,7300
2019,Haringey and Islington,Construction,F (41-43),11470
2019,Haringey and Islington,Services sector,G-T,288655
2019,Harrow and Hillingdon,Production sector,A-E,12380
2019,Harrow and Hillingdon,Construction,F (41-43),12670
2019,Harrow and Hillingdon,Services sector,G-T,239665
2019,Hartlepool and Stockton-on-Tees,Production sector,A-E,17045
2019,Hartlepool and Stockton-on-Tees,Construction,F (41-43),7450
2019,Hartlepool and Stockton-on-Tees,Services sector,G-T,93755
2019,Heart of Essex,Production sector,A-E,12160
2019,Heart of Essex,Construction,F (41-43),12715
2019,Heart of Essex,Services sector,G-T,122285
2019,"Herefordshire, County of",Production sector,A-E,24230
2019,"Herefordshire, County of",Construction,F (41-43),4635
2019,"Herefordshire, County of",Services sector,G-T,61125
2019,Hertfordshire,Production sector,A-E,43800
2019,Hertfordshire,Construction,F (41-43),43965
2019,Hertfordshire,Services sector,G-T,560765
2019,Hounslow and Richmond upon Thames,Production sector,A-E,6725
2019,Hounslow and Richmond upon Thames,Construction,F (41-43),8215
2019,Hounslow and Richmond upon Thames,Services sector,G-T,233015
2019,"Inverclyde, East Renfrewshire and Renfrewshire",Production sector,A-E,12705
2019,"Inverclyde, East Renfrewshire and Renfrewshire",Construction,F (41-43),6825
2019,"Inverclyde, East Renfrewshire and Renfrewshire",Services sector,G-T,114965
2019,"Inverness & Nairn and Moray, Badenoch & Strathspey",Production sector,A-E,14490
2019,"Inverness & Nairn and Moray, Badenoch & Strathspey",Construction,F (41-43),6705
2019,"Inverness & Nairn and Moray, Badenoch & Strathspey",Services sector,G-T,80880
2019,Isle of Anglesey,Production sector,A-E,4320
2019,Isle of Anglesey,Construction,F (41-43),1425
2019,Isle of Anglesey,Services sector,G-T,17380
2019,Isle of Wight,Production sector,A-E,7405
2019,Isle of Wight,Construction,F (41-43),2445
2019,Isle of Wight,Services sector,G-T,45405
2019,Kensington & Chelsea and Hammersmith & Fulham,Production sector,A-E,4560
2019,Kensington & Chelsea and Hammersmith & Fulham,Construction,F (41-43),5585
2019,Kensington & Chelsea and Hammersmith & Fulham,Services sector,G-T,270735
2019,Kent Thames Gateway,Production sector,A-E,16865
2019,Kent Thames Gateway,Construction,F (41-43),12555
2019,Kent Thames Gateway,Services sector,G-T,121300
2019,"Kingston upon Hull, City of",Production sector,A-E,20750
2019,"Kingston upon Hull, City of",Construction,F (41-43),7440
2019,"Kingston upon Hull, City of",Services sector,G-T,96885
2019,Lambeth,Production sector,A-E,3080
2019,Lambeth,Construction,F (41-43),5210
2019,Lambeth,Services sector,G-T,143330
2019,Lancaster and Wyre,Production sector,A-E,11140
2019,Lancaster and Wyre,Construction,F (41-43),4970
2019,Lancaster and Wyre,Services sector,G-T,75710
2019,Leeds,Production sector,A-E,36260
2019,Leeds,Construction,F (41-43),23120
2019,Leeds,Services sector,G-T,413270
2019,Leicester,Production sector,A-E,26185
2019,Leicester,Construction,F (41-43),4295
2019,Leicester,Services sector,G-T,143460
2019,Leicestershire CC and Rutland,Production sector,A-E,56450
2019,Leicestershire CC and Rutland,Construction,F (41-43),18185
2019,Leicestershire CC and Rutland,Services sector,G-T,265070
2019,Lewisham and Southwark,Production sector,A-E,6150
2019,Lewisham and Southwark,Construction,F (41-43),9830
2019,Lewisham and Southwark,Services sector,G-T,302410
2019,Lincolnshire,Production sector,A-E,56610
2019,Lincolnshire,Construction,F (41-43),14905
2019,Lincolnshire,Services sector,G-T,238805
2019,Liverpool,Production sector,A-E,11620
2019,Liverpool,Construction,F (41-43),7590
2019,Liverpool,Services sector,G-T,244405
2019,"Lochaber, Skye & Lochalsh, Arran & Cumbrae and Argyll & Bute",Production sector,A-E,11390
2019,"Lochaber, Skye & Lochalsh, Arran & Cumbrae and Argyll & Bute",Construction,F (41-43),2870
2019,"Lochaber, Skye & Lochalsh, Arran & Cumbrae and Argyll & Bute",Services sector,G-T,39485
2019,Luton,Production sector,A-E,7385
2019,Luton,Construction,F (41-43),4785
2019,Luton,Services sector,G-T,80500
2019,Manchester,Production sector,A-E,12750
2019,Manchester,Construction,F (41-43),8025
2019,Manchester,Services sector,G-T,388340
2019,Medway,Production sector,A-E,10585
2019,Medway,Construction,F (41-43),6705
2019,Medway,Services sector,G-T,80255
2019,"Merton, Kingston upon Thames and Sutton",Production sector,A-E,7755
2019,"Merton, Kingston upon Thames and Sutton",Construction,F (41-43),14410
2019,"Merton, Kingston upon Thames and Sutton",Services sector,G-T,211165
2019,Mid Kent,Production sector,A-E,16125
2019,Mid Kent,Construction,F (41-43),9705
2019,Mid Kent,Services sector,G-T,114310
2019,Mid Lancashire,Production sector,A-E,34535
2019,Mid Lancashire,Construction,F (41-43),18340
2019,Mid Lancashire,Services sector,G-T,168145
2019,Milton Keynes,Production sector,A-E,12660
2019,Milton Keynes,Construction,F (41-43),5025
2019,Milton Keynes,Services sector,G-T,168810
2019,Monmouthshire and Newport,Production sector,A-E,15900
2019,Monmouthshire and Newport,Construction,F (41-43),5510
2019,Monmouthshire and Newport,Services sector,G-T,98935
2019,Na h-Eileanan Siar (Western Isles),Production sector,A-E,5805
2019,Na h-Eileanan Siar (Western Isles),Construction,F (41-43),825
2019,Na h-Eileanan Siar (Western Isles),Services sector,G-T,9495
2019,North Hampshire,Production sector,A-E,15095
2019,North Hampshire,Construction,F (41-43),9980
2019,North Hampshire,Services sector,G-T,151785
2019,North Lanarkshire,Production sector,A-E,15860
2019,North Lanarkshire,Construction,F (41-43),14380
2019,North Lanarkshire,Services sector,G-T,106620
2019,North Northamptonshire,Production sector,A-E,24870
2019,North Northamptonshire,Construction,F (41-43),6590
2019,North Northamptonshire,Services sector,G-T,125035
2019,North Nottinghamshire,Production sector,A-E,35815
2019,North Nottinghamshire,Construction,F (41-43),13675
2019,North Nottinghamshire,Services sector,G-T,151180
2019,North Yorkshire CC,Production sector,A-E,53540
2019,North Yorkshire CC,Construction,F (41-43),18085
2019,North Yorkshire CC,Services sector,G-T,224405
2019,North and North East Lincolnshire,Production sector,A-E,32305
2019,North and North East Lincolnshire,Construction,F (41-43),9265
2019,North and North East Lincolnshire,Services sector,G-T,102885
2019,North and West Norfolk,Production sector,A-E,17760
2019,North and West Norfolk,Construction,F (41-43),5925
2019,North and West Norfolk,Services sector,G-T,72630
2019,Northumberland,Production sector,A-E,21485
2019,Northumberland,Construction,F (41-43),6825
2019,Northumberland,Services sector,G-T,84650
2019,Norwich and East Norfolk,Production sector,A-E,16210
2019,Norwich and East Norfolk,Construction,F (41-43),8790
2019,Norwich and East Norfolk,Services sector,G-T,156215
2019,Nottingham,Production sector,A-E,14355
2019,Nottingham,Construction,F (41-43),5615
2019,Nottingham,Services sector,G-T,180855
2019,Orkney Islands,Production sector,A-E,3005
2019,Orkney Islands,Construction,F (41-43),845
2019,Orkney Islands,Services sector,G-T,9340
2019,Oxfordshire,Production sector,A-E,34850
2019,Oxfordshire,Construction,F (41-43),22230
2019,Oxfordshire,Services sector,G-T,333865
2019,Perth & Kinross and Stirling,Production sector,A-E,17260
2019,Perth & Kinross and Stirling,Construction,F (41-43),7465
2019,Perth & Kinross and Stirling,Services sector,G-T,93730
2019,Peterborough,Production sector,A-E,10510
2019,Peterborough,Construction,F (41-43),4020
2019,Peterborough,Services sector,G-T,100365
2019,Plymouth,Production sector,A-E,16170
2019,Plymouth,Construction,F (41-43),5135
2019,Plymouth,Services sector,G-T,94120
2019,Portsmouth,Production sector,A-E,11455
2019,Portsmouth,Construction,F (41-43),3715
2019,Portsmouth,Services sector,G-T,92225
2019,Powys,Production sector,A-E,16390
2019,Powys,Construction,F (41-43),2430
2019,Powys,Services sector,G-T,40965
2019,Redbridge and Waltham Forest,Production sector,A-E,5745
2019,Redbridge and Waltham Forest,Construction,F (41-43),9855
2019,Redbridge and Waltham Forest,Services sector,G-T,138235
2019,Sandwell,Production sector,A-E,23735
2019,Sandwell,Construction,F (41-43),6660
2019,Sandwell,Services sector,G-T,96330
2019,Scottish Borders,Production sector,A-E,10810
2019,Scottish Borders,Construction,F (41-43),2910
2019,Scottish Borders,Services sector,G-T,33655
2019,Sefton,Production sector,A-E,5170
2019,Sefton,Construction,F (41-43),4415
2019,Sefton,Services sector,G-T,86600
2019,Sheffield,Production sector,A-E,23935
2019,Sheffield,Construction,F (41-43),10040
2019,Sheffield,Services sector,G-T,236490
2019,Shetland Islands,Production sector,A-E,4220
2019,Shetland Islands,Construction,F (41-43),1400
2019,Shetland Islands,Services sector,G-T,10055
2019,Shropshire CC,Production sector,A-E,24845
2019,Shropshire CC,Construction,F (41-43),8630
2019,Shropshire CC,Services sector,G-T,103905
2019,Solihull,Production sector,A-E,14835
2019,Solihull,Construction,F (41-43),6100
2019,Solihull,Services sector,G-T,122250
2019,Somerset,Production sector,A-E,44195
2019,Somerset,Construction,F (41-43),14285
2019,Somerset,Services sector,G-T,187815
2019,South Ayrshire,Production sector,A-E,6790
2019,South Ayrshire,Construction,F (41-43),2620
2019,South Ayrshire,Services sector,G-T,38945
2019,South Hampshire,Production sector,A-E,22065
2019,South Hampshire,Construction,F (41-43),11905
2019,South Hampshire,Services sector,G-T,147765
2019,South Lanarkshire,Production sector,A-E,15525
2019,South Lanarkshire,Construction,F (41-43),10140
2019,South Lanarkshire,Services sector,G-T,95460
2019,South Nottinghamshire,Production sector,A-E,14310
2019,South Nottinghamshire,Construction,F (41-43),7390
2019,South Nottinghamshire,Services sector,G-T,90840
2019,South Teesside,Production sector,A-E,9590
2019,South Teesside,Construction,F (41-43),4255
2019,South Teesside,Services sector,G-T,89465
2019,South West Wales,Production sector,A-E,25930
2019,South West Wales,Construction,F (41-43),8555
2019,South West Wales,Services sector,G-T,118685
2019,South and West Derbyshire,Production sector,A-E,43100
2019,South and West Derbyshire,Construction,F (41-43),11355
2019,South and West Derbyshire,Services sector,G-T,139600
2019,Southampton,Production sector,A-E,5590
2019,Southampton,Construction,F (41-43),3835
2019,Southampton,Services sector,G-T,105890
2019,Southend-on-Sea,Production sector,A-E,4465
2019,Southend-on-Sea,Construction,F (41-43),2885
2019,Southend-on-Sea,Services sector,G-T,58180
2019,Staffordshire CC,Production sector,A-E,59320
2019,Staffordshire CC,Construction,F (41-43),22555
2019,Staffordshire CC,Services sector,G-T,282305
2019,Stoke-on-Trent,Production sector,A-E,16410
2019,Stoke-on-Trent,Construction,F (41-43),5175
2019,Stoke-on-Trent,Services sector,G-T,101215
2019,Suffolk,Production sector,A-E,46045
2019,Suffolk,Construction,F (41-43),19345
2019,Suffolk,Services sector,G-T,276845
2019,Sunderland,Production sector,A-E,24035
2019,Sunderland,Construction,F (41-43),6320
2019,Sunderland,Services sector,G-T,88805
2019,Swansea,Production sector,A-E,7245
2019,Swansea,Construction,F (41-43),5245
2019,Swansea,Services sector,G-T,101050
2019,Swindon,Production sector,A-E,11965
2019,Swindon,Construction,F (41-43),4550
2019,Swindon,Services sector,G-T,99935
2019,Telford and Wrekin,Production sector,A-E,16970
2019,Telford and Wrekin,Construction,F (41-43),3025
2019,Telford and Wrekin,Services sector,G-T,68060
2019,Thurrock,Production sector,A-E,4420
2019,Thurrock,Construction,F (41-43),5500
2019,Thurrock,Services sector,G-T,57300
2019,Torbay,Production sector,A-E,2870
2019,Torbay,Construction,F (41-43),2115
2019,Torbay,Services sector,G-T,44470
2019,Tower Hamlets,Production sector,A-E,4055
2019,Tower Hamlets,Construction,F (41-43),6500
2019,Tower Hamlets,Services sector,G-T,299395
2019,Tyneside,Production sector,A-E,30450
2019,Tyneside,Construction,F (41-43),16420
2019,Tyneside,Services sector,G-T,367105
2019,Wakefield,Production sector,A-E,21760
2019,Wakefield,Construction,F (41-43),8835
2019,Wakefield,Services sector,G-T,127550
2019,Walsall,Production sector,A-E,15560
2019,Walsall,Construction,F (41-43),4550
2019,Walsall,Services sector,G-T,85060
2019,Wandsworth,Production sector,A-E,2675
2019,Wandsworth,Construction,F (41-43),4015
2019,Wandsworth,Services sector,G-T,115040
2019,Warrington,Production sector,A-E,9830
2019,Warrington,Construction,F (41-43),8895
2019,Warrington,Services sector,G-T,122095
2019,Warwickshire,Production sector,A-E,48695
2019,Warwickshire,Construction,F (41-43),15045
2019,Warwickshire,Services sector,G-T,249600
2019,West Cumbria,Production sector,A-E,31710
2019,West Cumbria,Construction,F (41-43),6300
2019,West Cumbria,Services sector,G-T,69455
2019,West Essex,Production sector,A-E,13040
2019,West Essex,Construction,F (41-43),11980
2019,West Essex,Services sector,G-T,117270
2019,West Kent,Production sector,A-E,15925
2019,West Kent,Construction,F (41-43),12925
2019,West Kent,Services sector,G-T,140750
2019,West Lothian,Production sector,A-E,8185
2019,West Lothian,Construction,F (41-43),6100
2019,West Lothian,Services sector,G-T,65315
2019,West Northamptonshire,Production sector,A-E,23530
2019,West Northamptonshire,Construction,F (41-43),9600
2019,West Northamptonshire,Services sector,G-T,185960
2019,West Surrey,Production sector,A-E,25460
2019,West Surrey,Construction,F (41-43),22320
2019,West Surrey,Services sector,G-T,347575
2019,West Sussex (North East),Production sector,A-E,21090
2019,West Sussex (North East),Construction,F (41-43),10285
2019,West Sussex (North East),Services sector,G-T,187165
2019,West Sussex (South West),Production sector,A-E,22485
2019,West Sussex (South West),Construction,F (41-43),8715
2019,West Sussex (South West),Services sector,G-T,153505
2019,Westminster,Production sector,A-E,11250
2019,Westminster,Construction,F (41-43),14800
2019,Westminster,Services sector,G-T,726775
2019,Wiltshire,Production sector,A-E,29765
2019,Wiltshire,Construction,F (41-43),13090
2019,Wiltshire,Services sector,G-T,177915
2019,Wirral,Production sector,A-E,9835
2019,Wirral,Construction,F (41-43),4925
2019,Wirral,Services sector,G-T,88835
2019,Wolverhampton,Production sector,A-E,14725
2019,Wolverhampton,Construction,F (41-43),4425
2019,Wolverhampton,Services sector,G-T,86090
2019,Worcestershire,Production sector,A-E,40905
2019,Worcestershire,Construction,F (41-43),14230
2019,Worcestershire,Services sector,G-T,214020
2019,York,Production sector,A-E,5685
2019,York,Construction,F (41-43),4740
2019,York,Services sector,G-T,102260
2020,Aberdeen City and Aberdeenshire,Production sector,A-E,62300
2020,Aberdeen City and Aberdeenshire,Construction,F (41-43),13015
2020,Aberdeen City and Aberdeenshire,Services sector,G-T,195610
2020,Angus and Dundee City,Production sector,A-E,13880
2020,Angus and Dundee City,Construction,F (41-43),4505
2020,Angus and Dundee City,Services sector,G-T,92295
2020,Barking & Dagenham and Havering,Production sector,A-E,9635
2020,Barking & Dagenham and Havering,Construction,F (41-43),10815
2020,Barking & Dagenham and Havering,Services sector,G-T,122805
2020,Barnet,Production sector,A-E,4085
2020,Barnet,Construction,F (41-43),7495
2020,Barnet,Services sector,G-T,117655
2020,"Barnsley, Doncaster and Rotherham",Production sector,A-E,44950
2020,"Barnsley, Doncaster and Rotherham",Construction,F (41-43),21750
2020,"Barnsley, Doncaster and Rotherham",Services sector,G-T,242715
2020,"Bath and North East Somerset, North Somerset and South Gloucestershire",Production sector,A-E,35325
2020,"Bath and North East Somerset, North Somerset and South Gloucestershire",Construction,F (41-43),20375
2020,"Bath and North East Somerset, North Somerset and South Gloucestershire",Services sector,G-T,286125
2020,Bedford,Production sector,A-E,7300
2020,Bedford,Construction,F (41-43),4815
2020,Bedford,Services sector,G-T,68740
2020,Berkshire,Production sector,A-E,40910
2020,Berkshire,Construction,F (41-43),23290
2020,Berkshire,Services sector,G-T,456895
2020,Bexley and Greenwich,Production sector,A-E,11100
2020,Bexley and Greenwich,Construction,F (41-43),9595
2020,Bexley and Greenwich,Services sector,G-T,142490
2020,Birmingham,Production sector,A-E,38925
2020,Birmingham,Construction,F (41-43),18710
2020,Birmingham,Services sector,G-T,468870
2020,Blackburn with Darwen,Production sector,A-E,11760
2020,Blackburn with Darwen,Construction,F (41-43),1645
2020,Blackburn with Darwen,Services sector,G-T,54885
2020,Blackpool,Production sector,A-E,4420
2020,Blackpool,Construction,F (41-43),1250
2020,Blackpool,Services sector,G-T,58945
2020,Bournemouth and Poole,Production sector,A-E,12150
2020,Bournemouth and Poole,Construction,F (41-43),7680
2020,Bournemouth and Poole,Services sector,G-T,148760
2020,Bradford,Production sector,A-E,28980
2020,Bradford,Construction,F (41-43),8270
2020,Bradford,Services sector,G-T,166475
2020,Breckland and South Norfolk,Production sector,A-E,19640
2020,Breckland and South Norfolk,Construction,F (41-43),7235
2020,Breckland and South Norfolk,Services sector,G-T,83525
2020,Brent,Production sector,A-E,10035
2020,Brent,Construction,F (41-43),6705
2020,Brent,Services sector,G-T,104560
2020,Bridgend and Neath Port Talbot,Production sector,A-E,21315
2020,Bridgend and Neath Port Talbot,Construction,F (41-43),6045
2020,Bridgend and Neath Port Talbot,Services sector,G-T,81730
2020,Brighton and Hove,Production sector,A-E,4515
2020,Brighton and Hove,Construction,F (41-43),4680
2020,Brighton and Hove,Services sector,G-T,130985
2020,"Bristol, City of",Production sector,A-E,14075
2020,"Bristol, City of",Construction,F (41-43),11015
2020,"Bristol, City of",Services sector,G-T,261265
2020,Bromley,Production sector,A-E,3985
2020,Bromley,Construction,F (41-43),6525
2020,Bromley,Services sector,G-T,98710
2020,Buckinghamshire CC,Production sector,A-E,25445
2020,Buckinghamshire CC,Construction,F (41-43),16880
2020,Buckinghamshire CC,Services sector,G-T,206905
2020,Caithness & Sutherland and Ross & Cromarty,Production sector,A-E,11560
2020,Caithness & Sutherland and Ross & Cromarty,Construction,F (41-43),2505
2020,Caithness & Sutherland and Ross & Cromarty,Services sector,G-T,25970
2020,Calderdale and Kirklees,Production sector,A-E,40740
2020,Calderdale and Kirklees,Construction,F (41-43),14340
2020,Calderdale and Kirklees,Services sector,G-T,193930
2020,Cambridgeshire CC,Production sector,A-E,43330
2020,Cambridgeshire CC,Construction,F (41-43),16120
2020,Cambridgeshire CC,Services sector,G-T,293935
2020,Camden and City of London,Production sector,A-E,11130
2020,Camden and City of London,Construction,F (41-43),16945
2020,Camden and City of London,Services sector,G-T,888910
2020,Cardiff and Vale of Glamorgan,Production sector,A-E,19205
2020,Cardiff and Vale of Glamorgan,Construction,F (41-43),11140
2020,Cardiff and Vale of Glamorgan,Services sector,G-T,227470
2020,Central Bedfordshire,Production sector,A-E,11860
2020,Central Bedfordshire,Construction,F (41-43),7605
2020,Central Bedfordshire,Services sector,G-T,85545
2020,Central Hampshire,Production sector,A-E,30215
2020,Central Hampshire,Construction,F (41-43),17960
2020,Central Hampshire,Services sector,G-T,216030
2020,Central Valleys,Production sector,A-E,16160
2020,Central Valleys,Construction,F (41-43),7575
2020,Central Valleys,Services sector,G-T,82570
2020,Cheshire East,Production sector,A-E,30040
2020,Cheshire East,Construction,F (41-43),7360
2020,Cheshire East,Services sector,G-T,163870
2020,Cheshire West and Chester,Production sector,A-E,18950
2020,Cheshire West and Chester,Construction,F (41-43),6185
2020,Cheshire West and Chester,Services sector,G-T,144680
2020,Chorley and West Lancashire,Production sector,A-E,14910
2020,Chorley and West Lancashire,Construction,F (41-43),4325
2020,Chorley and West Lancashire,Services sector,G-T,70960
2020,Clackmannanshire and Fife,Production sector,A-E,21315
2020,Clackmannanshire and Fife,Construction,F (41-43),7410
2020,Clackmannanshire and Fife,Services sector,G-T,118110
2020,Conwy and Denbighshire,Production sector,A-E,10785
2020,Conwy and Denbighshire,Construction,F (41-43),5955
2020,Conwy and Denbighshire,Services sector,G-T,73560
2020,Cornwall and Isles of Scilly,Production sector,A-E,31275
2020,Cornwall and Isles of Scilly,Construction,F (41-43),15765
2020,Cornwall and Isles of Scilly,Services sector,G-T,185290
2020,Coventry,Production sector,A-E,22045
2020,Coventry,Construction,F (41-43),4095
2020,Coventry,Services sector,G-T,138205
2020,Croydon,Production sector,A-E,3450
2020,Croydon,Construction,F (41-43),6490
2020,Croydon,Services sector,G-T,119210
2020,Darlington,Production sector,A-E,3790
2020,Darlington,Construction,F (41-43),1565
2020,Darlington,Services sector,G-T,47045
2020,Derby,Production sector,A-E,29900
2020,Derby,Construction,F (41-43),4625
2020,Derby,Services sector,G-T,106350
2020,Devon CC,Production sector,A-E,54500
2020,Devon CC,Construction,F (41-43),21565
2020,Devon CC,Services sector,G-T,278390
2020,Dorset CC,Production sector,A-E,27285
2020,Dorset CC,Construction,F (41-43),10625
2020,Dorset CC,Services sector,G-T,132175
2020,Dudley,Production sector,A-E,16330
2020,Dudley,Construction,F (41-43),7465
2020,Dudley,Services sector,G-T,89095
2020,Dumfries & Galloway,Production sector,A-E,14550
2020,Dumfries & Galloway,Construction,F (41-43),2835
2020,Dumfries & Galloway,Services sector,G-T,46455
2020,Durham CC,Production sector,A-E,30525
2020,Durham CC,Construction,F (41-43),8695
2020,Durham CC,Services sector,G-T,137790
2020,Ealing,Production sector,A-E,12545
2020,Ealing,Construction,F (41-43),5980
2020,Ealing,Services sector,G-T,113715
2020,East Ayrshire and North Ayrshire mainland,Production sector,A-E,11370
2020,East Ayrshire and North Ayrshire mainland,Construction,F (41-43),4525
2020,East Ayrshire and North Ayrshire mainland,Services sector,G-T,63510
2020,East Cumbria,Production sector,A-E,24120
2020,East Cumbria,Construction,F (41-43),6925
2020,East Cumbria,Services sector,G-T,112465
2020,East Derbyshire,Production sector,A-E,17400
2020,East Derbyshire,Construction,F (41-43),5945
2020,East Derbyshire,Services sector,G-T,87425
2020,"East Dunbartonshire, West Dunbartonshire and Helensburgh & Lomond",Production sector,A-E,5640
2020,"East Dunbartonshire, West Dunbartonshire and Helensburgh & Lomond",Construction,F (41-43),2885
2020,"East Dunbartonshire, West Dunbartonshire and Helensburgh & Lomond",Services sector,G-T,59580
2020,East Kent,Production sector,A-E,16395
2020,East Kent,Construction,F (41-43),9985
2020,East Kent,Services sector,G-T,160295
2020,East Lancashire,Production sector,A-E,29725
2020,East Lancashire,Construction,F (41-43),4655
2020,East Lancashire,Services sector,G-T,86785
2020,East Lothian and Midlothian,Production sector,A-E,8280
2020,East Lothian and Midlothian,Construction,F (41-43),4345
2020,East Lothian and Midlothian,Services sector,G-T,51740
2020,East Merseyside,Production sector,A-E,27670
2020,East Merseyside,Construction,F (41-43),8515
2020,East Merseyside,Services sector,G-T,159510
2020,East Riding of Yorkshire,Production sector,A-E,27170
2020,East Riding of Yorkshire,Construction,F (41-43),7295
2020,East Riding of Yorkshire,Services sector,G-T,93555
2020,East Surrey,Production sector,A-E,11395
2020,East Surrey,Construction,F (41-43),14080
2020,East Surrey,Services sector,G-T,152425
2020,East Sussex CC,Production sector,A-E,18745
2020,East Sussex CC,Construction,F (41-43),12560
2020,East Sussex CC,Services sector,G-T,159725
2020,"Edinburgh, City of",Production sector,A-E,12295
2020,"Edinburgh, City of",Construction,F (41-43),8675
2020,"Edinburgh, City of",Services sector,G-T,334305
2020,Enfield,Production sector,A-E,6370
2020,Enfield,Construction,F (41-43),6890
2020,Enfield,Services sector,G-T,93705
2020,Essex Haven Gateway,Production sector,A-E,19110
2020,Essex Haven Gateway,Construction,F (41-43),12800
2020,Essex Haven Gateway,Services sector,G-T,151350
2020,Essex Thames Gateway,Production sector,A-E,10755
2020,Essex Thames Gateway,Construction,F (41-43),11740
2020,Essex Thames Gateway,Services sector,G-T,111835
2020,Falkirk,Production sector,A-E,8625
2020,Falkirk,Construction,F (41-43),4405
2020,Falkirk,Services sector,G-T,51895
2020,Flintshire and Wrexham,Production sector,A-E,34975
2020,Flintshire and Wrexham,Construction,F (41-43),7410
2020,Flintshire and Wrexham,Services sector,G-T,91555
2020,Glasgow City,Production sector,A-E,25895
2020,Glasgow City,Construction,F (41-43),16420
2020,Glasgow City,Services sector,G-T,372515
2020,Gloucestershire,Production sector,A-E,47505
2020,Gloucestershire,Construction,F (41-43),17085
2020,Gloucestershire,Services sector,G-T,242580
2020,Greater Manchester North East,Production sector,A-E,30995
2020,Greater Manchester North East,Construction,F (41-43),11280
2020,Greater Manchester North East,Services sector,G-T,179375
2020,Greater Manchester North West,Production sector,A-E,28945
2020,Greater Manchester North West,Construction,F (41-43),12750
2020,Greater Manchester North West,Services sector,G-T,180120
2020,Greater Manchester South East,Production sector,A-E,29615
2020,Greater Manchester South East,Construction,F (41-43),8305
2020,Greater Manchester South East,Services sector,G-T,166005
2020,Greater Manchester South West,Production sector,A-E,20630
2020,Greater Manchester South West,Construction,F (41-43),13540
2020,Greater Manchester South West,Services sector,G-T,255365
2020,Gwent Valleys,Production sector,A-E,26040
2020,Gwent Valleys,Construction,F (41-43),6195
2020,Gwent Valleys,Services sector,G-T,79065
2020,Gwynedd,Production sector,A-E,10160
2020,Gwynedd,Construction,F (41-43),3365
2020,Gwynedd,Services sector,G-T,45845
2020,Hackney and Newham,Production sector,A-E,9940
2020,Hackney and Newham,Construction,F (41-43),9890
2020,Hackney and Newham,Services sector,G-T,234135
2020,Haringey and Islington,Production sector,A-E,7365
2020,Haringey and Islington,Construction,F (41-43),9140
2020,Haringey and Islington,Services sector,G-T,283985
2020,Harrow and Hillingdon,Production sector,A-E,12010
2020,Harrow and Hillingdon,Construction,F (41-43),11210
2020,Harrow and Hillingdon,Services sector,G-T,239375
2020,Hartlepool and Stockton-on-Tees,Production sector,A-E,17470
2020,Hartlepool and Stockton-on-Tees,Construction,F (41-43),6695
2020,Hartlepool and Stockton-on-Tees,Services sector,G-T,92840
2020,Heart of Essex,Production sector,A-E,11530
2020,Heart of Essex,Construction,F (41-43),13565
2020,Heart of Essex,Services sector,G-T,121010
2020,"Herefordshire, County of",Production sector,A-E,23145
2020,"Herefordshire, County of",Construction,F (41-43),4585
2020,"Herefordshire, County of",Services sector,G-T,59520
2020,Hertfordshire,Production sector,A-E,42535
2020,Hertfordshire,Construction,F (41-43),46540
2020,Hertfordshire,Services sector,G-T,561070
2020,Hounslow and Richmond upon Thames,Production sector,A-E,6465
2020,Hounslow and Richmond upon Thames,Construction,F (41-43),6460
2020,Hounslow and Richmond upon Thames,Services sector,G-T,222035
2020,"Inverclyde, East Renfrewshire and Renfrewshire",Production sector,A-E,13120
2020,"Inverclyde, East Renfrewshire and Renfrewshire",Construction,F (41-43),6145
2020,"Inverclyde, East Renfrewshire and Renfrewshire",Services sector,G-T,114685
2020,"Inverness & Nairn and Moray, Badenoch & Strathspey",Production sector,A-E,14645
2020,"Inverness & Nairn and Moray, Badenoch & Strathspey",Construction,F (41-43),6190
2020,"Inverness & Nairn and Moray, Badenoch & Strathspey",Services sector,G-T,77075
2020,Isle of Anglesey,Production sector,A-E,4275
2020,Isle of Anglesey,Construction,F (41-43),1915
2020,Isle of Anglesey,Services sector,G-T,16750
2020,Isle of Wight,Production sector,A-E,6485
2020,Isle of Wight,Construction,F (41-43),2720
2020,Isle of Wight,Services sector,G-T,42390
2020,Kensington & Chelsea and Hammersmith & Fulham,Production sector,A-E,4740
2020,Kensington & Chelsea and Hammersmith & Fulham,Construction,F (41-43),4260
2020,Kensington & Chelsea and Hammersmith & Fulham,Services sector,G-T,262395
2020,Kent Thames Gateway,Production sector,A-E,15810
2020,Kent Thames Gateway,Construction,F (41-43),14080
2020,Kent Thames Gateway,Services sector,G-T,118480
2020,"Kingston upon Hull, City of",Production sector,A-E,20845
2020,"Kingston upon Hull, City of",Construction,F (41-43),7520
2020,"Kingston upon Hull, City of",Services sector,G-T,92710
2020,Lambeth,Production sector,A-E,2975
2020,Lambeth,Construction,F (41-43),4405
2020,Lambeth,Services sector,G-T,138865
2020,Lancaster and Wyre,Production sector,A-E,12620
2020,Lancaster and Wyre,Construction,F (41-43),4585
2020,Lancaster and Wyre,Services sector,G-T,72285
2020,Leeds,Production sector,A-E,33895
2020,Leeds,Construction,F (41-43),21420
2020,Leeds,Services sector,G-T,405875
2020,Leicester,Production sector,A-E,20180
2020,Leicester,Construction,F (41-43),3925
2020,Leicester,Services sector,G-T,143310
2020,Leicestershire CC and Rutland,Production sector,A-E,55885
2020,Leicestershire CC and Rutland,Construction,F (41-43),17740
2020,Leicestershire CC and Rutland,Services sector,G-T,272485
2020,Lewisham and Southwark,Production sector,A-E,6220
2020,Lewisham and Southwark,Construction,F (41-43),6685
2020,Lewisham and Southwark,Services sector,G-T,300320
2020,Lincolnshire,Production sector,A-E,57080
2020,Lincolnshire,Construction,F (41-43),14865
2020,Lincolnshire,Services sector,G-T,234130
2020,Liverpool,Production sector,A-E,12500
2020,Liverpool,Construction,F (41-43),6970
2020,Liverpool,Services sector,G-T,241225
2020,"Lochaber, Skye & Lochalsh, Arran & Cumbrae and Argyll & Bute",Production sector,A-E,10715
2020,"Lochaber, Skye & Lochalsh, Arran & Cumbrae and Argyll & Bute",Construction,F (41-43),2810
2020,"Lochaber, Skye & Lochalsh, Arran & Cumbrae and Argyll & Bute",Services sector,G-T,34415
2020,Luton,Production sector,A-E,6930
2020,Luton,Construction,F (41-43),5075
2020,Luton,Services sector,G-T,81450
2020,Manchester,Production sector,A-E,16815
2020,Manchester,Construction,F (41-43),7890
2020,Manchester,Services sector,G-T,389300
2020,Medway,Production sector,A-E,10600
2020,Medway,Construction,F (41-43),7690
2020,Medway,Services sector,G-T,79315
2020,"Merton, Kingston upon Thames and Sutton",Production sector,A-E,7230
2020,"Merton, Kingston upon Thames and Sutton",Construction,F (41-43),11950
2020,"Merton, Kingston upon Thames and Sutton",Services sector,G-T,207460
2020,Mid Kent,Production sector,A-E,15015
2020,Mid Kent,Construction,F (41-43),11285
2020,Mid Kent,Services sector,G-T,110980
2020,Mid Lancashire,Production sector,A-E,35495
2020,Mid Lancashire,Construction,F (41-43),17695
2020,Mid Lancashire,Services sector,G-T,162580
2020,Milton Keynes,Production sector,A-E,10755
2020,Milton Keynes,Construction,F (41-43),5095
2020,Milton Keynes,Services sector,G-T,161505
2020,Monmouthshire and Newport,Production sector,A-E,15170
2020,Monmouthshire and Newport,Construction,F (41-43),6160
2020,Monmouthshire and Newport,Services sector,G-T,94885
2020,Na h-Eileanan Siar (Western Isles),Production sector,A-E,5360
2020,Na h-Eileanan Siar (Western Isles),Construction,F (41-43),740
2020,Na h-Eileanan Siar (Western Isles),Services sector,G-T,9125
2020,North Hampshire,Production sector,A-E,13605
2020,North Hampshire,Construction,F (41-43),10135
2020,North Hampshire,Services sector,G-T,146180
2020,North Lanarkshire,Production sector,A-E,16135
2020,North Lanarkshire,Construction,F (41-43),12325
2020,North Lanarkshire,Services sector,G-T,108525
2020,North Northamptonshire,Production sector,A-E,22785
2020,North Northamptonshire,Construction,F (41-43),6655
2020,North Northamptonshire,Services sector,G-T,127295
2020,North Nottinghamshire,Production sector,A-E,32775
2020,North Nottinghamshire,Construction,F (41-43),12695
2020,North Nottinghamshire,Services sector,G-T,152270
2020,North Yorkshire CC,Production sector,A-E,58880
2020,North Yorkshire CC,Construction,F (41-43),16305
2020,North Yorkshire CC,Services sector,G-T,213980
2020,North and North East Lincolnshire,Production sector,A-E,32790
2020,North and North East Lincolnshire,Construction,F (41-43),8955
2020,North and North East Lincolnshire,Services sector,G-T,100630
2020,North and West Norfolk,Production sector,A-E,17745
2020,North and West Norfolk,Construction,F (41-43),6125
2020,North and West Norfolk,Services sector,G-T,72105
2020,Northumberland,Production sector,A-E,19965
2020,Northumberland,Construction,F (41-43),5145
2020,Northumberland,Services sector,G-T,84955
2020,Norwich and East Norfolk,Production sector,A-E,15060
2020,Norwich and East Norfolk,Construction,F (41-43),9275
2020,Norwich and East Norfolk,Services sector,G-T,152775
2020,Nottingham,Production sector,A-E,12735
2020,Nottingham,Construction,F (41-43),5570
2020,Nottingham,Services sector,G-T,178870
2020,Orkney Islands,Production sector,A-E,2960
2020,Orkney Islands,Construction,F (41-43),840
2020,Orkney Islands,Services sector,G-T,8880
2020,Oxfordshire,Production sector,A-E,34325
2020,Oxfordshire,Construction,F (41-43),22425
2020,Oxfordshire,Services sector,G-T,329365
2020,Perth & Kinross and Stirling,Production sector,A-E,19015
2020,Perth & Kinross and Stirling,Construction,F (41-43),6820
2020,Perth & Kinross and Stirling,Services sector,G-T,88230
2020,Peterborough,Production sector,A-E,10070
2020,Peterborough,Construction,F (41-43),4550
2020,Peterborough,Services sector,G-T,99370
2020,Plymouth,Production sector,A-E,15885
2020,Plymouth,Construction,F (41-43),4800
2020,Plymouth,Services sector,G-T,90795
2020,Portsmouth,Production sector,A-E,11210
2020,Portsmouth,Construction,F (41-43),4155
2020,Portsmouth,Services sector,G-T,87610
2020,Powys,Production sector,A-E,17940
2020,Powys,Construction,F (41-43),2860
2020,Powys,Services sector,G-T,40295
2020,Redbridge and Waltham Forest,Production sector,A-E,5380
2020,Redbridge and Waltham Forest,Construction,F (41-43),8300
2020,Redbridge and Waltham Forest,Services sector,G-T,137400
2020,Sandwell,Production sector,A-E,21995
2020,Sandwell,Construction,F (41-43),6550
2020,Sandwell,Services sector,G-T,94415
2020,Scottish Borders,Production sector,A-E,10030
2020,Scottish Borders,Construction,F (41-43),2350
2020,Scottish Borders,Services sector,G-T,33335
2020,Sefton,Production sector,A-E,5520
2020,Sefton,Construction,F (41-43),3790
2020,Sefton,Services sector,G-T,87815
2020,Sheffield,Production sector,A-E,22745
2020,Sheffield,Construction,F (41-43),9235
2020,Sheffield,Services sector,G-T,229320
2020,Shetland Islands,Production sector,A-E,4265
2020,Shetland Islands,Construction,F (41-43),1195
2020,Shetland Islands,Services sector,G-T,10675
2020,Shropshire CC,Production sector,A-E,23980
2020,Shropshire CC,Construction,F (41-43),7695
2020,Shropshire CC,Services sector,G-T,103905
2020,Solihull,Production sector,A-E,13135
2020,Solihull,Construction,F (41-43),6400
2020,Solihull,Services sector,G-T,123425
2020,Somerset,Production sector,A-E,43655
2020,Somerset,Construction,F (41-43),12940
2020,Somerset,Services sector,G-T,186300
2020,South Ayrshire,Production sector,A-E,6750
2020,South Ayrshire,Construction,F (41-43),2000
2020,South Ayrshire,Services sector,G-T,37885
2020,South Hampshire,Production sector,A-E,22575
2020,South Hampshire,Construction,F (41-43),13030
2020,South Hampshire,Services sector,G-T,143140
2020,South Lanarkshire,Production sector,A-E,16595
2020,South Lanarkshire,Construction,F (41-43),8870
2020,South Lanarkshire,Services sector,G-T,95060
2020,South Nottinghamshire,Production sector,A-E,14230
2020,South Nottinghamshire,Construction,F (41-43),7410
2020,South Nottinghamshire,Services sector,G-T,90095
2020,South Teesside,Production sector,A-E,9540
2020,South Teesside,Construction,F (41-43),4000
2020,South Teesside,Services sector,G-T,84925
2020,South West Wales,Production sector,A-E,28315
2020,South West Wales,Construction,F (41-43),9740
2020,South West Wales,Services sector,G-T,117740
2020,South and West Derbyshire,Production sector,A-E,41980
2020,South and West Derbyshire,Construction,F (41-43),11210
2020,South and West Derbyshire,Services sector,G-T,138085
2020,Southampton,Production sector,A-E,5000
2020,Southampton,Construction,F (41-43),3875
2020,Southampton,Services sector,G-T,101025
2020,Southend-on-Sea,Production sector,A-E,4195
2020,Southend-on-Sea,Construction,F (41-43),3220
2020,Southend-on-Sea,Services sector,G-T,58070
2020,Staffordshire CC,Production sector,A-E,56350
2020,Staffordshire CC,Construction,F (41-43),20560
2020,Staffordshire CC,Services sector,G-T,286810
2020,Stoke-on-Trent,Production sector,A-E,14405
2020,Stoke-on-Trent,Construction,F (41-43),4605
2020,Stoke-on-Trent,Services sector,G-T,99090
2020,Suffolk,Production sector,A-E,45190
2020,Suffolk,Construction,F (41-43),20340
2020,Suffolk,Services sector,G-T,274740
2020,Sunderland,Production sector,A-E,24290
2020,Sunderland,Construction,F (41-43),5260
2020,Sunderland,Services sector,G-T,91125
2020,Swansea,Production sector,A-E,7695
2020,Swansea,Construction,F (41-43),5560
2020,Swansea,Services sector,G-T,95820
2020,Swindon,Production sector,A-E,11605
2020,Swindon,Construction,F (41-43),4185
2020,Swindon,Services sector,G-T,98680
2020,Telford and Wrekin,Production sector,A-E,16420
2020,Telford and Wrekin,Construction,F (41-43),2770
2020,Telford and Wrekin,Services sector,G-T,70855
2020,Thurrock,Production sector,A-E,4585
2020,Thurrock,Construction,F (41-43),5970
2020,Thurrock,Services sector,G-T,63840
2020,Torbay,Production sector,A-E,2800
2020,Torbay,Construction,F (41-43),1820
2020,Torbay,Services sector,G-T,43355
2020,Tower Hamlets,Production sector,A-E,3305
2020,Tower Hamlets,Construction,F (41-43),5805
2020,Tower Hamlets,Services sector,G-T,286580
2020,Tyneside,Production sector,A-E,30160
2020,Tyneside,Construction,F (41-43),14485
2020,Tyneside,Services sector,G-T,354905
2020,Wakefield,Production sector,A-E,20435
2020,Wakefield,Construction,F (41-43),8785
2020,Wakefield,Services sector,G-T,126645
2020,Walsall,Production sector,A-E,14340
2020,Walsall,Construction,F (41-43),4150
2020,Walsall,Services sector,G-T,82190
2020,Wandsworth,Production sector,A-E,2265
2020,Wandsworth,Construction,F (41-43),3950
2020,Wandsworth,Services sector,G-T,113875
2020,Warrington,Production sector,A-E,10050
2020,Warrington,Construction,F (41-43),8180
2020,Warrington,Services sector,G-T,123955
2020,Warwickshire,Production sector,A-E,49015
2020,Warwickshire,Construction,F (41-43),13645
2020,Warwickshire,Services sector,G-T,242265
2020,West Cumbria,Production sector,A-E,32335
2020,West Cumbria,Construction,F (41-43),5455
2020,West Cumbria,Services sector,G-T,64650
2020,West Essex,Production sector,A-E,11815
2020,West Essex,Construction,F (41-43),13965
2020,West Essex,Services sector,G-T,113840
2020,West Kent,Production sector,A-E,14540
2020,West Kent,Construction,F (41-43),14935
2020,West Kent,Services sector,G-T,136545
2020,West Lothian,Production sector,A-E,8400
2020,West Lothian,Construction,F (41-43),8895
2020,West Lothian,Services sector,G-T,59365
2020,West Northamptonshire,Production sector,A-E,22460
2020,West Northamptonshire,Construction,F (41-43),9970
2020,West Northamptonshire,Services sector,G-T,184930
2020,West Surrey,Production sector,A-E,25880
2020,West Surrey,Construction,F (41-43),23200
2020,West Surrey,Services sector,G-T,340820
2020,West Sussex (North East),Production sector,A-E,19445
2020,West Sussex (North East),Construction,F (41-43),11165
2020,West Sussex (North East),Services sector,G-T,178680
2020,West Sussex (South West),Production sector,A-E,21585
2020,West Sussex (South West),Construction,F (41-43),9330
2020,West Sussex (South West),Services sector,G-T,149645
2020,Westminster,Production sector,A-E,10830
2020,Westminster,Construction,F (41-43),13860
2020,Westminster,Services sector,G-T,700225
2020,Wiltshire,Production sector,A-E,29630
2020,Wiltshire,Construction,F (41-43),11540
2020,Wiltshire,Services sector,G-T,173215
2020,Wirral,Production sector,A-E,9015
2020,Wirral,Construction,F (41-43),3695
2020,Wirral,Services sector,G-T,86005
2020,Wolverhampton,Production sector,A-E,13370
2020,Wolverhampton,Construction,F (41-43),4625
2020,Wolverhampton,Services sector,G-T,87500
2020,Worcestershire,Production sector,A-E,37875
2020,Worcestershire,Construction,F (41-43),12980
2020,Worcestershire,Services sector,G-T,218800
2020,York,Production sector,A-E,5165
2020,York,Construction,F (41-43),4250
2020,York,Services sector,G-T,102925
2021,Aberdeen City and Aberdeenshire,Production sector,A-E,59340
2021,Aberdeen City and Aberdeenshire,Construction,F (41-43),15950
2021,Aberdeen City and Aberdeenshire,Services sector,G-T,195960
2021,Angus and Dundee City,Production sector,A-E,15010
2021,Angus and Dundee City,Construction,F (41-43),6100
2021,Angus and Dundee City,Services sector,G-T,95485
2021,Barking & Dagenham and Havering,Production sector,A-E,9055
2021,Barking & Dagenham and Havering,Construction,F (41-43),12160
2021,Barking & Dagenham and Havering,Services sector,G-T,122885
2021,Barnet,Production sector,A-E,3375
2021,Barnet,Construction,F (41-43),8965
2021,Barnet,Services sector,G-T,124435
2021,"Barnsley, Doncaster and Rotherham",Production sector,A-E,43665
2021,"Barnsley, Doncaster and Rotherham",Construction,F (41-43),19260
2021,"Barnsley, Doncaster and Rotherham",Services sector,G-T,256600
2021,"Bath and North East Somerset, North Somerset and South Gloucestershire",Production sector,A-E,36755
2021,"Bath and North East Somerset, North Somerset and South Gloucestershire",Construction,F (41-43),18850
2021,"Bath and North East Somerset, North Somerset and South Gloucestershire",Services sector,G-T,296975
2021,Bedford,Production sector,A-E,6860
2021,Bedford,Construction,F (41-43),4305
2021,Bedford,Services sector,G-T,70910
2021,Berkshire,Production sector,A-E,41035
2021,Berkshire,Construction,F (41-43),23080
2021,Berkshire,Services sector,G-T,460600
2021,Bexley and Greenwich,Production sector,A-E,9140
2021,Bexley and Greenwich,Construction,F (41-43),11210
2021,Bexley and Greenwich,Services sector,G-T,141515
2021,Birmingham,Production sector,A-E,35945
2021,Birmingham,Construction,F (41-43),18765
2021,Birmingham,Services sector,G-T,483305
2021,Blackburn with Darwen,Production sector,A-E,11000
2021,Blackburn with Darwen,Construction,F (41-43),2665
2021,Blackburn with Darwen,Services sector,G-T,58805
2021,Blackpool,Production sector,A-E,3730
2021,Blackpool,Construction,F (41-43),1930
2021,Blackpool,Services sector,G-T,60610
2021,Bournemouth and Poole,Production sector,A-E,14200
2021,Bournemouth and Poole,Construction,F (41-43),7510
2021,Bournemouth and Poole,Services sector,G-T,152360
2021,Bradford,Production sector,A-E,29775
2021,Bradford,Construction,F (41-43),7900
2021,Bradford,Services sector,G-T,173835
2021,Breckland and South Norfolk,Production sector,A-E,19395
2021,Breckland and South Norfolk,Construction,F (41-43),7390
2021,Breckland and South Norfolk,Services sector,G-T,82265
2021,Brent,Production sector,A-E,9670
2021,Brent,Construction,F (41-43),7645
2021,Brent,Services sector,G-T,104305
2021,Bridgend and Neath Port Talbot,Production sector,A-E,20995
2021,Bridgend and Neath Port Talbot,Construction,F (41-43),5205
2021,Bridgend and Neath Port Talbot,Services sector,G-T,85565
2021,Brighton and Hove,Production sector,A-E,4830
2021,Brighton and Hove,Construction,F (41-43),4855
2021,Brighton and Hove,Services sector,G-T,133465
2021,"Bristol, City of",Production sector,A-E,14200
2021,"Bristol, City of",Construction,F (41-43),10560
2021,"Bristol, City of",Services sector,G-T,272615
2021,Bromley,Production sector,A-E,3630
2021,Bromley,Construction,F (41-43),7450
2021,Bromley,Services sector,G-T,98030
2021,Buckinghamshire CC,Production sector,A-E,25215
2021,Buckinghamshire CC,Construction,F (41-43),16935
2021,Buckinghamshire CC,Services sector,G-T,207965
2021,Caithness & Sutherland and Ross & Cromarty,Production sector,A-E,12110
2021,Caithness & Sutherland and Ross & Cromarty,Construction,F (41-43),3335
2021,Caithness & Sutherland and Ross & Cromarty,Services sector,G-T,26195
2021,Calderdale and Kirklees,Production sector,A-E,47655
2021,Calderdale and Kirklees,Construction,F (41-43),12650
2021,Calderdale and Kirklees,Services sector,G-T,199005
2021,Cambridgeshire CC,Production sector,A-E,43160
2021,Cambridgeshire CC,Construction,F (41-43),15260
2021,Cambridgeshire CC,Services sector,G-T,296165
2021,Camden and City of London,Production sector,A-E,13390
2021,Camden and City of London,Construction,F (41-43),16945
2021,Camden and City of London,Services sector,G-T,941865
2021,Cardiff and Vale of Glamorgan,Production sector,A-E,19095
2021,Cardiff and Vale of Glamorgan,Construction,F (41-43),9685
2021,Cardiff and Vale of Glamorgan,Services sector,G-T,230025
2021,Central Bedfordshire,Production sector,A-E,12500
2021,Central Bedfordshire,Construction,F (41-43),7400
2021,Central Bedfordshire,Services sector,G-T,90200
2021,Central Hampshire,Production sector,A-E,28090
2021,Central Hampshire,Construction,F (41-43),17100
2021,Central Hampshire,Services sector,G-T,217415
2021,Central Valleys,Production sector,A-E,16165
2021,Central Valleys,Construction,F (41-43),5770
2021,Central Valleys,Services sector,G-T,81885
2021,Cheshire East,Production sector,A-E,28120
2021,Cheshire East,Construction,F (41-43),10910
2021,Cheshire East,Services sector,G-T,166045
2021,Cheshire West and Chester,Production sector,A-E,17475
2021,Cheshire West and Chester,Construction,F (41-43),8420
2021,Cheshire West and Chester,Services sector,G-T,149680
2021,Chorley and West Lancashire,Production sector,A-E,13460
2021,Chorley and West Lancashire,Construction,F (41-43),6345
2021,Chorley and West Lancashire,Services sector,G-T,73755
2021,Clackmannanshire and Fife,Production sector,A-E,21480
2021,Clackmannanshire and Fife,Construction,F (41-43),9360
2021,Clackmannanshire and Fife,Services sector,G-T,126090
2021,Conwy and Denbighshire,Production sector,A-E,9565
2021,Conwy and Denbighshire,Construction,F (41-43),4860
2021,Conwy and Denbighshire,Services sector,G-T,74675
2021,Cornwall and Isles of Scilly,Production sector,A-E,34215
2021,Cornwall and Isles of Scilly,Construction,F (41-43),15125
2021,Cornwall and Isles of Scilly,Services sector,G-T,200435
2021,Coventry,Production sector,A-E,20135
2021,Coventry,Construction,F (41-43),4005
2021,Coventry,Services sector,G-T,141085
2021,Croydon,Production sector,A-E,3645
2021,Croydon,Construction,F (41-43),7390
2021,Croydon,Services sector,G-T,112795
2021,Darlington,Production sector,A-E,3460
2021,Darlington,Construction,F (41-43),1860
2021,Darlington,Services sector,G-T,47305
2021,Derby,Production sector,A-E,23295
2021,Derby,Construction,F (41-43),4765
2021,Derby,Services sector,G-T,109310
2021,Devon CC,Production sector,A-E,55785
2021,Devon CC,Construction,F (41-43),21945
2021,Devon CC,Services sector,G-T,289435
2021,Dorset CC,Production sector,A-E,27820
2021,Dorset CC,Construction,F (41-43),10420
2021,Dorset CC,Services sector,G-T,139105
2021,Dudley,Production sector,A-E,16970
2021,Dudley,Construction,F (41-43),6580
2021,Dudley,Services sector,G-T,94740
2021,Dumfries & Galloway,Production sector,A-E,15340
2021,Dumfries & Galloway,Construction,F (41-43),3650
2021,Dumfries & Galloway,Services sector,G-T,46750
2021,Durham CC,Production sector,A-E,29935
2021,Durham CC,Construction,F (41-43),10640
2021,Durham CC,Services sector,G-T,146695
2021,Ealing,Production sector,A-E,12575
2021,Ealing,Construction,F (41-43),6990
2021,Ealing,Services sector,G-T,108810
2021,East Ayrshire and North Ayrshire mainland,Production sector,A-E,12180
2021,East Ayrshire and North Ayrshire mainland,Construction,F (41-43),5715
2021,East Ayrshire and North Ayrshire mainland,Services sector,G-T,64985
2021,East Cumbria,Production sector,A-E,22520
2021,East Cumbria,Construction,F (41-43),9700
2021,East Cumbria,Services sector,G-T,114900
2021,East Derbyshire,Production sector,A-E,15870
2021,East Derbyshire,Construction,F (41-43),6145
2021,East Derbyshire,Services sector,G-T,90265
2021,"East Dunbartonshire, West Dunbartonshire and Helensburgh & Lomond",Production sector,A-E,5505
2021,"East Dunbartonshire, West Dunbartonshire and Helensburgh & Lomond",Construction,F (41-43),3690
2021,"East Dunbartonshire, West Dunbartonshire and Helensburgh & Lomond",Services sector,G-T,61370
2021,East Kent,Production sector,A-E,14225
2021,East Kent,Construction,F (41-43),10880
2021,East Kent,Services sector,G-T,163695
2021,East Lancashire,Production sector,A-E,26165
2021,East Lancashire,Construction,F (41-43),6955
2021,East Lancashire,Services sector,G-T,91790
2021,East Lothian and Midlothian,Production sector,A-E,8745
2021,East Lothian and Midlothian,Construction,F (41-43),6145
2021,East Lothian and Midlothian,Services sector,G-T,53485
2021,East Merseyside,Production sector,A-E,26135
2021,East Merseyside,Construction,F (41-43),11120
2021,East Merseyside,Services sector,G-T,170095
2021,East Riding of Yorkshire,Production sector,A-E,29020
2021,East Riding of Yorkshire,Construction,F (41-43),6980
2021,East Riding of Yorkshire,Services sector,G-T,98885
2021,East Surrey,Production sector,A-E,9355
2021,East Surrey,Construction,F (41-43),13950
2021,East Surrey,Services sector,G-T,157770
2021,East Sussex CC,Production sector,A-E,17850
2021,East Sussex CC,Construction,F (41-43),12790
2021,East Sussex CC,Services sector,G-T,166360
2021,"Edinburgh, City of",Production sector,A-E,13715
2021,"Edinburgh, City of",Construction,F (41-43),10390
2021,"Edinburgh, City of",Services sector,G-T,338660
2021,Enfield,Production sector,A-E,6115
2021,Enfield,Construction,F (41-43),8135
2021,Enfield,Services sector,G-T,96255
2021,Essex Haven Gateway,Production sector,A-E,18505
2021,Essex Haven Gateway,Construction,F (41-43),12125
2021,Essex Haven Gateway,Services sector,G-T,152595
2021,Essex Thames Gateway,Production sector,A-E,11580
2021,Essex Thames Gateway,Construction,F (41-43),10875
2021,Essex Thames Gateway,Services sector,G-T,114910
2021,Falkirk,Production sector,A-E,9100
2021,Falkirk,Construction,F (41-43),4975
2021,Falkirk,Services sector,G-T,54780
2021,Flintshire and Wrexham,Production sector,A-E,35965
2021,Flintshire and Wrexham,Construction,F (41-43),5690
2021,Flintshire and Wrexham,Services sector,G-T,96315
2021,Glasgow City,Production sector,A-E,25540
2021,Glasgow City,Construction,F (41-43),20590
2021,Glasgow City,Services sector,G-T,384045
2021,Gloucestershire,Production sector,A-E,47430
2021,Gloucestershire,Construction,F (41-43),15345
2021,Gloucestershire,Services sector,G-T,244890
2021,Greater Manchester North East,Production sector,A-E,28720
2021,Greater Manchester North East,Construction,F (41-43),16505
2021,Greater Manchester North East,Services sector,G-T,188340
2021,Greater Manchester North West,Production sector,A-E,26150
2021,Greater Manchester North West,Construction,F (41-43),18605
2021,Greater Manchester North West,Services sector,G-T,185025
2021,Greater Manchester South East,Production sector,A-E,27315
2021,Greater Manchester South East,Construction,F (41-43),11950
2021,Greater Manchester South East,Services sector,G-T,173825
2021,Greater Manchester South West,Production sector,A-E,17715
2021,Greater Manchester South West,Construction,F (41-43),19210
2021,Greater Manchester South West,Services sector,G-T,277060
2021,Gwent Valleys,Production sector,A-E,24375
2021,Gwent Valleys,Construction,F (41-43),4775
2021,Gwent Valleys,Services sector,G-T,83890
2021,Gwynedd,Production sector,A-E,9085
2021,Gwynedd,Construction,F (41-43),2960
2021,Gwynedd,Services sector,G-T,46990
2021,Hackney and Newham,Production sector,A-E,9435
2021,Hackney and Newham,Construction,F (41-43),12510
2021,Hackney and Newham,Services sector,G-T,251985
2021,Haringey and Islington,Production sector,A-E,6315
2021,Haringey and Islington,Construction,F (41-43),9295
2021,Haringey and Islington,Services sector,G-T,304705
2021,Harrow and Hillingdon,Production sector,A-E,10915
2021,Harrow and Hillingdon,Construction,F (41-43),13310
2021,Harrow and Hillingdon,Services sector,G-T,232380
2021,Hartlepool and Stockton-on-Tees,Production sector,A-E,15670
2021,Hartlepool and Stockton-on-Tees,Construction,F (41-43),7985
2021,Hartlepool and Stockton-on-Tees,Services sector,G-T,94765
2021,Heart of Essex,Production sector,A-E,11600
2021,Heart of Essex,Construction,F (41-43),12835
2021,Heart of Essex,Services sector,G-T,123625
2021,"Herefordshire, County of",Production sector,A-E,23305
2021,"Herefordshire, County of",Construction,F (41-43),4575
2021,"Herefordshire, County of",Services sector,G-T,61655
2021,Hertfordshire,Production sector,A-E,43160
2021,Hertfordshire,Construction,F (41-43),42855
2021,Hertfordshire,Services sector,G-T,583460
2021,Hounslow and Richmond upon Thames,Production sector,A-E,5840
2021,Hounslow and Richmond upon Thames,Construction,F (41-43),7570
2021,Hounslow and Richmond upon Thames,Services sector,G-T,217915
2021,"Inverclyde, East Renfrewshire and Renfrewshire",Production sector,A-E,12990
2021,"Inverclyde, East Renfrewshire and Renfrewshire",Construction,F (41-43),7035
2021,"Inverclyde, East Renfrewshire and Renfrewshire",Services sector,G-T,115280
2021,"Inverness & Nairn and Moray, Badenoch & Strathspey",Production sector,A-E,14495
2021,"Inverness & Nairn and Moray, Badenoch & Strathspey",Construction,F (41-43),7500
2021,"Inverness & Nairn and Moray, Badenoch & Strathspey",Services sector,G-T,79220
2021,Isle of Anglesey,Production sector,A-E,4335
2021,Isle of Anglesey,Construction,F (41-43),1415
2021,Isle of Anglesey,Services sector,G-T,17495
2021,Isle of Wight,Production sector,A-E,5405
2021,Isle of Wight,Construction,F (41-43),2650
2021,Isle of Wight,Services sector,G-T,43690
2021,Kensington & Chelsea and Hammersmith & Fulham,Production sector,A-E,4535
2021,Kensington & Chelsea and Hammersmith & Fulham,Construction,F (41-43),5340
2021,Kensington & Chelsea and Hammersmith & Fulham,Services sector,G-T,272130
2021,Kent Thames Gateway,Production sector,A-E,15690
2021,Kent Thames Gateway,Construction,F (41-43),14425
2021,Kent Thames Gateway,Services sector,G-T,124995
2021,"Kingston upon Hull, City of",Production sector,A-E,22825
2021,"Kingston upon Hull, City of",Construction,F (41-43),7140
2021,"Kingston upon Hull, City of",Services sector,G-T,94310
2021,Lambeth,Production sector,A-E,3295
2021,Lambeth,Construction,F (41-43),4945
2021,Lambeth,Services sector,G-T,141780
2021,Lancaster and Wyre,Production sector,A-E,11360
2021,Lancaster and Wyre,Construction,F (41-43),6390
2021,Lancaster and Wyre,Services sector,G-T,73590
2021,Leeds,Production sector,A-E,37015
2021,Leeds,Construction,F (41-43),19495
2021,Leeds,Services sector,G-T,420465
2021,Leicester,Production sector,A-E,19150
2021,Leicester,Construction,F (41-43),4505
2021,Leicester,Services sector,G-T,144040
2021,Leicestershire CC and Rutland,Production sector,A-E,57940
2021,Leicestershire CC and Rutland,Construction,F (41-43),18745
2021,Leicestershire CC and Rutland,Services sector,G-T,274235
2021,Lewisham and Southwark,Production sector,A-E,6035
2021,Lewisham and Southwark,Construction,F (41-43),7445
2021,Lewisham and Southwark,Services sector,G-T,308730
2021,Lincolnshire,Production sector,A-E,56215
2021,Lincolnshire,Construction,F (41-43),16300
2021,Lincolnshire,Services sector,G-T,242675
2021,Liverpool,Production sector,A-E,11660
2021,Liverpool,Construction,F (41-43),9835
2021,Liverpool,Services sector,G-T,251185
2021,"Lochaber, Skye & Lochalsh, Arran & Cumbrae and Argyll & Bute",Production sector,A-E,12200
2021,"Lochaber, Skye & Lochalsh, Arran & Cumbrae and Argyll & Bute",Construction,F (41-43),3365
2021,"Lochaber, Skye & Lochalsh, Arran & Cumbrae and Argyll & Bute",Services sector,G-T,35355
2021,Luton,Production sector,A-E,6615
2021,Luton,Construction,F (41-43),3865
2021,Luton,Services sector,G-T,86530
2021,Manchester,Production sector,A-E,12450
2021,Manchester,Construction,F (41-43),11125
2021,Manchester,Services sector,G-T,395585
2021,Medway,Production sector,A-E,9410
2021,Medway,Construction,F (41-43),7410
2021,Medway,Services sector,G-T,79050
2021,"Merton, Kingston upon Thames and Sutton",Production sector,A-E,7255
2021,"Merton, Kingston upon Thames and Sutton",Construction,F (41-43),13675
2021,"Merton, Kingston upon Thames and Sutton",Services sector,G-T,216255
2021,Mid Kent,Production sector,A-E,14940
2021,Mid Kent,Construction,F (41-43),11270
2021,Mid Kent,Services sector,G-T,115585
2021,Mid Lancashire,Production sector,A-E,31735
2021,Mid Lancashire,Construction,F (41-43),14125
2021,Mid Lancashire,Services sector,G-T,167220
2021,Milton Keynes,Production sector,A-E,11245
2021,Milton Keynes,Construction,F (41-43),5705
2021,Milton Keynes,Services sector,G-T,164310
2021,Monmouthshire and Newport,Production sector,A-E,14505
2021,Monmouthshire and Newport,Construction,F (41-43),4360
2021,Monmouthshire and Newport,Services sector,G-T,97700
2021,Na h-Eileanan Siar (Western Isles),Production sector,A-E,5850
2021,Na h-Eileanan Siar (Western Isles),Construction,F (41-43),905
2021,Na h-Eileanan Siar (Western Isles),Services sector,G-T,9745
2021,North Hampshire,Production sector,A-E,13905
2021,North Hampshire,Construction,F (41-43),10895
2021,North Hampshire,Services sector,G-T,143860
2021,North Lanarkshire,Production sector,A-E,15730
2021,North Lanarkshire,Construction,F (41-43),16985
2021,North Lanarkshire,Services sector,G-T,103830
2021,North Northamptonshire,Production sector,A-E,25600
2021,North Northamptonshire,Construction,F (41-43),6910
2021,North Northamptonshire,Services sector,G-T,125505
2021,North Nottinghamshire,Production sector,A-E,33655
2021,North Nottinghamshire,Construction,F (41-43),14060
2021,North Nottinghamshire,Services sector,G-T,155085
2021,North Yorkshire CC,Production sector,A-E,57045
2021,North Yorkshire CC,Construction,F (41-43),14575
2021,North Yorkshire CC,Services sector,G-T,221065
2021,North and North East Lincolnshire,Production sector,A-E,34320
2021,North and North East Lincolnshire,Construction,F (41-43),8430
2021,North and North East Lincolnshire,Services sector,G-T,107035
2021,North and West Norfolk,Production sector,A-E,17890
2021,North and West Norfolk,Construction,F (41-43),5845
2021,North and West Norfolk,Services sector,G-T,74050
2021,Northumberland,Production sector,A-E,19090
2021,Northumberland,Construction,F (41-43),6760
2021,Northumberland,Services sector,G-T,84280
2021,Norwich and East Norfolk,Production sector,A-E,16075
2021,Norwich and East Norfolk,Construction,F (41-43),8215
2021,Norwich and East Norfolk,Services sector,G-T,151110
2021,Nottingham,Production sector,A-E,14040
2021,Nottingham,Construction,F (41-43),6055
2021,Nottingham,Services sector,G-T,184270
2021,Orkney Islands,Production sector,A-E,3165
2021,Orkney Islands,Construction,F (41-43),860
2021,Orkney Islands,Services sector,G-T,9190
2021,Oxfordshire,Production sector,A-E,36400
2021,Oxfordshire,Construction,F (41-43),17785
2021,Oxfordshire,Services sector,G-T,327915
2021,Perth & Kinross and Stirling,Production sector,A-E,20070
2021,Perth & Kinross and Stirling,Construction,F (41-43),7780
2021,Perth & Kinross and Stirling,Services sector,G-T,89770
2021,Peterborough,Production sector,A-E,10620
2021,Peterborough,Construction,F (41-43),4420
2021,Peterborough,Services sector,G-T,102890
2021,Plymouth,Production sector,A-E,16345
2021,Plymouth,Construction,F (41-43),4595
2021,Plymouth,Services sector,G-T,95310
2021,Portsmouth,Production sector,A-E,11100
2021,Portsmouth,Construction,F (41-43),4340
2021,Portsmouth,Services sector,G-T,89560
2021,Powys,Production sector,A-E,17175
2021,Powys,Construction,F (41-43),2365
2021,Powys,Services sector,G-T,39705
2021,Redbridge and Waltham Forest,Production sector,A-E,5110
2021,Redbridge and Waltham Forest,Construction,F (41-43),10505
2021,Redbridge and Waltham Forest,Services sector,G-T,140845
2021,Sandwell,Production sector,A-E,22480
2021,Sandwell,Construction,F (41-43),6540
2021,Sandwell,Services sector,G-T,95830
2021,Scottish Borders,Production sector,A-E,10525
2021,Scottish Borders,Construction,F (41-43),3160
2021,Scottish Borders,Services sector,G-T,32565
2021,Sefton,Production sector,A-E,4905
2021,Sefton,Construction,F (41-43),5765
2021,Sefton,Services sector,G-T,87340
2021,Sheffield,Production sector,A-E,24070
2021,Sheffield,Construction,F (41-43),8685
2021,Sheffield,Services sector,G-T,235710
2021,Shetland Islands,Production sector,A-E,4900
2021,Shetland Islands,Construction,F (41-43),1425
2021,Shetland Islands,Services sector,G-T,10575
2021,Shropshire CC,Production sector,A-E,25155
2021,Shropshire CC,Construction,F (41-43),7375
2021,Shropshire CC,Services sector,G-T,107265
2021,Solihull,Production sector,A-E,14345
2021,Solihull,Construction,F (41-43),5725
2021,Solihull,Services sector,G-T,124335
2021,Somerset,Production sector,A-E,45160
2021,Somerset,Construction,F (41-43),12355
2021,Somerset,Services sector,G-T,185215
2021,South Ayrshire,Production sector,A-E,7085
2021,South Ayrshire,Construction,F (41-43),2535
2021,South Ayrshire,Services sector,G-T,38620
2021,South Hampshire,Production sector,A-E,20060
2021,South Hampshire,Construction,F (41-43),13410
2021,South Hampshire,Services sector,G-T,142475
2021,South Lanarkshire,Production sector,A-E,15970
2021,South Lanarkshire,Construction,F (41-43),10535
2021,South Lanarkshire,Services sector,G-T,96565
2021,South Nottinghamshire,Production sector,A-E,14190
2021,South Nottinghamshire,Construction,F (41-43),8060
2021,South Nottinghamshire,Services sector,G-T,93945
2021,South Teesside,Production sector,A-E,8965
2021,South Teesside,Construction,F (41-43),4575
2021,South Teesside,Services sector,G-T,89430
2021,South West Wales,Production sector,A-E,25755
2021,South West Wales,Construction,F (41-43),8770
2021,South West Wales,Services sector,G-T,119980
2021,South and West Derbyshire,Production sector,A-E,42110
2021,South and West Derbyshire,Construction,F (41-43),12015
2021,South and West Derbyshire,Services sector,G-T,140435
2021,Southampton,Production sector,A-E,5570
2021,Southampton,Construction,F (41-43),3760
2021,Southampton,Services sector,G-T,107020
2021,Southend-on-Sea,Production sector,A-E,4150
2021,Southend-on-Sea,Construction,F (41-43),2930
2021,Southend-on-Sea,Services sector,G-T,58965
2021,Staffordshire CC,Production sector,A-E,55225
2021,Staffordshire CC,Construction,F (41-43),20635
2021,Staffordshire CC,Services sector,G-T,289315
2021,Stoke-on-Trent,Production sector,A-E,15645
2021,Stoke-on-Trent,Construction,F (41-43),4445
2021,Stoke-on-Trent,Services sector,G-T,101720
2021,Suffolk,Production sector,A-E,45370
2021,Suffolk,Construction,F (41-43),20360
2021,Suffolk,Services sector,G-T,281310
2021,Sunderland,Production sector,A-E,21185
2021,Sunderland,Construction,F (41-43),6300
2021,Sunderland,Services sector,G-T,93545
2021,Swansea,Production sector,A-E,7060
2021,Swansea,Construction,F (41-43),4295
2021,Swansea,Services sector,G-T,96930
2021,Swindon,Production sector,A-E,12310
2021,Swindon,Construction,F (41-43),4240
2021,Swindon,Services sector,G-T,99975
2021,Telford and Wrekin,Production sector,A-E,16035
2021,Telford and Wrekin,Construction,F (41-43),2730
2021,Telford and Wrekin,Services sector,G-T,73625
2021,Thurrock,Production sector,A-E,4300
2021,Thurrock,Construction,F (41-43),5800
2021,Thurrock,Services sector,G-T,65735
2021,Torbay,Production sector,A-E,3105
2021,Torbay,Construction,F (41-43),1835
2021,Torbay,Services sector,G-T,45620
2021,Tower Hamlets,Production sector,A-E,3705
2021,Tower Hamlets,Construction,F (41-43),5195
2021,Tower Hamlets,Services sector,G-T,285100
2021,Tyneside,Production sector,A-E,29335
2021,Tyneside,Construction,F (41-43),17345
2021,Tyneside,Services sector,G-T,373230
2021,Wakefield,Production sector,A-E,21115
2021,Wakefield,Construction,F (41-43),7750
2021,Wakefield,Services sector,G-T,129240
2021,Walsall,Production sector,A-E,12775
2021,Walsall,Construction,F (41-43),4115
2021,Walsall,Services sector,G-T,86580
2021,Wandsworth,Production sector,A-E,2715
2021,Wandsworth,Construction,F (41-43),4620
2021,Wandsworth,Services sector,G-T,116335
2021,Warrington,Production sector,A-E,8855
2021,Warrington,Construction,F (41-43),9870
2021,Warrington,Services sector,G-T,124335
2021,Warwickshire,Production sector,A-E,48215
2021,Warwickshire,Construction,F (41-43),13700
2021,Warwickshire,Services sector,G-T,245375
2021,West Cumbria,Production sector,A-E,30910
2021,West Cumbria,Construction,F (41-43),6950
2021,West Cumbria,Services sector,G-T,65815
2021,West Essex,Production sector,A-E,12290
2021,West Essex,Construction,F (41-43),13435
2021,West Essex,Services sector,G-T,118335
2021,West Kent,Production sector,A-E,16050
2021,West Kent,Construction,F (41-43),14985
2021,West Kent,Services sector,G-T,141830
2021,West Lothian,Production sector,A-E,9370
2021,West Lothian,Construction,F (41-43),7915
2021,West Lothian,Services sector,G-T,60890
2021,West Northamptonshire,Production sector,A-E,22890
2021,West Northamptonshire,Construction,F (41-43),9535
2021,West Northamptonshire,Services sector,G-T,203265
2021,West Surrey,Production sector,A-E,23905
2021,West Surrey,Construction,F (41-43),23545
2021,West Surrey,Services sector,G-T,348670
2021,West Sussex (North East),Production sector,A-E,17530
2021,West Sussex (North East),Construction,F (41-43),11415
2021,West Sussex (North East),Services sector,G-T,176915
2021,West Sussex (South West),Production sector,A-E,20945
2021,West Sussex (South West),Construction,F (41-43),9690
2021,West Sussex (South West),Services sector,G-T,153080
2021,Westminster,Production sector,A-E,18035
2021,Westminster,Construction,F (41-43),16030
2021,Westminster,Services sector,G-T,732315
2021,Wiltshire,Production sector,A-E,29650
2021,Wiltshire,Construction,F (41-43),11085
2021,Wiltshire,Services sector,G-T,173670
2021,Wirral,Production sector,A-E,9380
2021,Wirral,Construction,F (41-43),5545
2021,Wirral,Services sector,G-T,91435
2021,Wolverhampton,Production sector,A-E,13420
2021,Wolverhampton,Construction,F (41-43),4295
2021,Wolverhampton,Services sector,G-T,91055
2021,Worcestershire,Production sector,A-E,39260
2021,Worcestershire,Construction,F (41-43),12800
2021,Worcestershire,Services sector,G-T,214835
2021,York,Production sector,A-E,5275
2021,York,Construction,F (41-43),3940
2021,York,Services sector,G-T,103820
2022,Aberdeen City and Aberdeenshire,Production sector,A-E,59085
2022,Aberdeen City and Aberdeenshire,Construction,F (41-43),13895
2022,Aberdeen City and Aberdeenshire,Services sector,G-T,198165
2022,Angus and Dundee City,Production sector,A-E,14490
2022,Angus and Dundee City,Construction,F (41-43),5775
2022,Angus and Dundee City,Services sector,G-T,96900
2022,Barking & Dagenham and Havering,Production sector,A-E,9735
2022,Barking & Dagenham and Havering,Construction,F (41-43),11710
2022,Barking & Dagenham and Havering,Services sector,G-T,127250
2022,Barnet,Production sector,A-E,3940
2022,Barnet,Construction,F (41-43),9195
2022,Barnet,Services sector,G-T,132375
2022,"Barnsley, Doncaster and Rotherham",Production sector,A-E,45625
2022,"Barnsley, Doncaster and Rotherham",Construction,F (41-43),22765
2022,"Barnsley, Doncaster and Rotherham",Services sector,G-T,261465
2022,"Bath and North East Somerset, North Somerset and South Gloucestershire",Production sector,A-E,37890
2022,"Bath and North East Somerset, North Somerset and South Gloucestershire",Construction,F (41-43),20375
2022,"Bath and North East Somerset, North Somerset and South Gloucestershire",Services sector,G-T,294370
2022,Bedford,Production sector,A-E,7475
2022,Bedford,Construction,F (41-43),5145
2022,Bedford,Services sector,G-T,70085
2022,Berkshire,Production sector,A-E,39825
2022,Berkshire,Construction,F (41-43),21865
2022,Berkshire,Services sector,G-T,496895
2022,Bexley and Greenwich,Production sector,A-E,10140
2022,Bexley and Greenwich,Construction,F (41-43),10115
2022,Bexley and Greenwich,Services sector,G-T,144525
2022,Birmingham,Production sector,A-E,36340
2022,Birmingham,Construction,F (41-43),18895
2022,Birmingham,Services sector,G-T,500970
2022,Blackburn with Darwen,Production sector,A-E,11150
2022,Blackburn with Darwen,Construction,F (41-43),3325
2022,Blackburn with Darwen,Services sector,G-T,59285
2022,Blackpool,Production sector,A-E,4420
2022,Blackpool,Construction,F (41-43),1900
2022,Blackpool,Services sector,G-T,58520
2022,Bournemouth and Poole,Production sector,A-E,22860
2022,Bournemouth and Poole,Construction,F (41-43),7885
2022,Bournemouth and Poole,Services sector,G-T,150165
2022,Bradford,Production sector,A-E,28815
2022,Bradford,Construction,F (41-43),8940
2022,Bradford,Services sector,G-T,174880
2022,Breckland and South Norfolk,Production sector,A-E,21210
2022,Breckland and South Norfolk,Construction,F (41-43),8385
2022,Breckland and South Norfolk,Services sector,G-T,85065
2022,Brent,Production sector,A-E,9880
2022,Brent,Construction,F (41-43),7835
2022,Brent,Services sector,G-T,105330
2022,Bridgend and Neath Port Talbot,Production sector,A-E,18505
2022,Bridgend and Neath Port Talbot,Construction,F (41-43),6105
2022,Bridgend and Neath Port Talbot,Services sector,G-T,86245
2022,Brighton and Hove,Production sector,A-E,4625
2022,Brighton and Hove,Construction,F (41-43),4520
2022,Brighton and Hove,Services sector,G-T,141460
2022,"Bristol, City of",Production sector,A-E,14865
2022,"Bristol, City of",Construction,F (41-43),12535
2022,"Bristol, City of",Services sector,G-T,277130
2022,Bromley,Production sector,A-E,4120
2022,Bromley,Construction,F (41-43),6670
2022,Bromley,Services sector,G-T,100545
2022,Buckinghamshire CC,Production sector,A-E,24110
2022,Buckinghamshire CC,Construction,F (41-43),15800
2022,Buckinghamshire CC,Services sector,G-T,219315
2022,Caithness & Sutherland and Ross & Cromarty,Production sector,A-E,11810
2022,Caithness & Sutherland and Ross & Cromarty,Construction,F (41-43),3095
2022,Caithness & Sutherland and Ross & Cromarty,Services sector,G-T,26560
2022,Calderdale and Kirklees,Production sector,A-E,43445
2022,Calderdale and Kirklees,Construction,F (41-43),13770
2022,Calderdale and Kirklees,Services sector,G-T,195930
2022,Cambridgeshire CC,Production sector,A-E,44185
2022,Cambridgeshire CC,Construction,F (41-43),17590
2022,Cambridgeshire CC,Services sector,G-T,291585
2022,Camden and City of London,Production sector,A-E,11645
2022,Camden and City of London,Construction,F (41-43),18365
2022,Camden and City of London,Services sector,G-T,1000465
2022,Cardiff and Vale of Glamorgan,Production sector,A-E,18650
2022,Cardiff and Vale of Glamorgan,Construction,F (41-43),10215
2022,Cardiff and Vale of Glamorgan,Services sector,G-T,240115
2022,Central Bedfordshire,Production sector,A-E,12970
2022,Central Bedfordshire,Construction,F (41-43),8110
2022,Central Bedfordshire,Services sector,G-T,87710
2022,Central Hampshire,Production sector,A-E,30140
2022,Central Hampshire,Construction,F (41-43),16410
2022,Central Hampshire,Services sector,G-T,232705
2022,Central Valleys,Production sector,A-E,16985
2022,Central Valleys,Construction,F (41-43),6885
2022,Central Valleys,Services sector,G-T,80895
2022,Cheshire East,Production sector,A-E,30120
2022,Cheshire East,Construction,F (41-43),8970
2022,Cheshire East,Services sector,G-T,158595
2022,Cheshire West and Chester,Production sector,A-E,19485
2022,Cheshire West and Chester,Construction,F (41-43),8065
2022,Cheshire West and Chester,Services sector,G-T,148190
2022,Chorley and West Lancashire,Production sector,A-E,15090
2022,Chorley and West Lancashire,Construction,F (41-43),7030
2022,Chorley and West Lancashire,Services sector,G-T,73220
2022,Clackmannanshire and Fife,Production sector,A-E,21160
2022,Clackmannanshire and Fife,Construction,F (41-43),8915
2022,Clackmannanshire and Fife,Services sector,G-T,124660
2022,Conwy and Denbighshire,Production sector,A-E,9745
2022,Conwy and Denbighshire,Construction,F (41-43),5375
2022,Conwy and Denbighshire,Services sector,G-T,75420
2022,Cornwall and Isles of Scilly,Production sector,A-E,34550
2022,Cornwall and Isles of Scilly,Construction,F (41-43),16280
2022,Cornwall and Isles of Scilly,Services sector,G-T,197280
2022,Coventry,Production sector,A-E,21290
2022,Coventry,Construction,F (41-43),4415
2022,Coventry,Services sector,G-T,138610
2022,Croydon,Production sector,A-E,3025
2022,Croydon,Construction,F (41-43),6825
2022,Croydon,Services sector,G-T,117460
2022,Darlington,Production sector,A-E,4720
2022,Darlington,Construction,F (41-43),1720
2022,Darlington,Services sector,G-T,47220
2022,Derby,Production sector,A-E,22745
2022,Derby,Construction,F (41-43),5175
2022,Derby,Services sector,G-T,110570
2022,Devon CC,Production sector,A-E,56540
2022,Devon CC,Construction,F (41-43),23710
2022,Devon CC,Services sector,G-T,289660
2022,Dorset CC,Production sector,A-E,20775
2022,Dorset CC,Construction,F (41-43),11665
2022,Dorset CC,Services sector,G-T,139575
2022,Dudley,Production sector,A-E,17670
2022,Dudley,Construction,F (41-43),6545
2022,Dudley,Services sector,G-T,87560
2022,Dumfries & Galloway,Production sector,A-E,14675
2022,Dumfries & Galloway,Construction,F (41-43),3485
2022,Dumfries & Galloway,Services sector,G-T,47720
2022,Durham CC,Production sector,A-E,29560
2022,Durham CC,Construction,F (41-43),10415
2022,Durham CC,Services sector,G-T,149060
2022,Ealing,Production sector,A-E,12155
2022,Ealing,Construction,F (41-43),7035
2022,Ealing,Services sector,G-T,111415
2022,East Ayrshire and North Ayrshire mainland,Production sector,A-E,11945
2022,East Ayrshire and North Ayrshire mainland,Construction,F (41-43),5390
2022,East Ayrshire and North Ayrshire mainland,Services sector,G-T,66565
2022,East Cumbria,Production sector,A-E,24345
2022,East Cumbria,Construction,F (41-43),8850
2022,East Cumbria,Services sector,G-T,112420
2022,East Derbyshire,Production sector,A-E,15620
2022,East Derbyshire,Construction,F (41-43),7095
2022,East Derbyshire,Services sector,G-T,94305
2022,"East Dunbartonshire, West Dunbartonshire and Helensburgh & Lomond",Production sector,A-E,5515
2022,"East Dunbartonshire, West Dunbartonshire and Helensburgh & Lomond",Construction,F (41-43),3245
2022,"East Dunbartonshire, West Dunbartonshire and Helensburgh & Lomond",Services sector,G-T,61255
2022,East Kent,Production sector,A-E,14395
2022,East Kent,Construction,F (41-43),10210
2022,East Kent,Services sector,G-T,169090
2022,East Lancashire,Production sector,A-E,26990
2022,East Lancashire,Construction,F (41-43),6445
2022,East Lancashire,Services sector,G-T,88825
2022,East Lothian and Midlothian,Production sector,A-E,8090
2022,East Lothian and Midlothian,Construction,F (41-43),5830
2022,East Lothian and Midlothian,Services sector,G-T,54870
2022,East Merseyside,Production sector,A-E,26325
2022,East Merseyside,Construction,F (41-43),12570
2022,East Merseyside,Services sector,G-T,169585
2022,East Riding of Yorkshire,Production sector,A-E,31635
2022,East Riding of Yorkshire,Construction,F (41-43),7500
2022,East Riding of Yorkshire,Services sector,G-T,100135
2022,East Surrey,Production sector,A-E,9875
2022,East Surrey,Construction,F (41-43),12535
2022,East Surrey,Services sector,G-T,165220
2022,East Sussex CC,Production sector,A-E,19000
2022,East Sussex CC,Construction,F (41-43),11570
2022,East Sussex CC,Services sector,G-T,162475
2022,"Edinburgh, City of",Production sector,A-E,13320
2022,"Edinburgh, City of",Construction,F (41-43),10280
2022,"Edinburgh, City of",Services sector,G-T,335975
2022,Enfield,Production sector,A-E,6860
2022,Enfield,Construction,F (41-43),7730
2022,Enfield,Services sector,G-T,96555
2022,Essex Haven Gateway,Production sector,A-E,19515
2022,Essex Haven Gateway,Construction,F (41-43),13710
2022,Essex Haven Gateway,Services sector,G-T,158855
2022,Essex Thames Gateway,Production sector,A-E,14095
2022,Essex Thames Gateway,Construction,F (41-43),12340
2022,Essex Thames Gateway,Services sector,G-T,109210
2022,Falkirk,Production sector,A-E,8220
2022,Falkirk,Construction,F (41-43),4330
2022,Falkirk,Services sector,G-T,54290
2022,Flintshire and Wrexham,Production sector,A-E,35485
2022,Flintshire and Wrexham,Construction,F (41-43),6255
2022,Flintshire and Wrexham,Services sector,G-T,92320
2022,Glasgow City,Production sector,A-E,25230
2022,Glasgow City,Construction,F (41-43),18700
2022,Glasgow City,Services sector,G-T,394475
2022,Gloucestershire,Production sector,A-E,49500
2022,Gloucestershire,Construction,F (41-43),17825
2022,Gloucestershire,Services sector,G-T,245120
2022,Greater Manchester North East,Production sector,A-E,31090
2022,Greater Manchester North East,Construction,F (41-43),14995
2022,Greater Manchester North East,Services sector,G-T,195825
2022,Greater Manchester North West,Production sector,A-E,28215
2022,Greater Manchester North West,Construction,F (41-43),18825
2022,Greater Manchester North West,Services sector,G-T,186270
2022,Greater Manchester South East,Production sector,A-E,24545
2022,Greater Manchester South East,Construction,F (41-43),11320
2022,Greater Manchester South East,Services sector,G-T,172820
2022,Greater Manchester South West,Production sector,A-E,18070
2022,Greater Manchester South West,Construction,F (41-43),16660
2022,Greater Manchester South West,Services sector,G-T,298520
2022,Gwent Valleys,Production sector,A-E,24870
2022,Gwent Valleys,Construction,F (41-43),5935
2022,Gwent Valleys,Services sector,G-T,85330
2022,Gwynedd,Production sector,A-E,9045
2022,Gwynedd,Construction,F (41-43),2970
2022,Gwynedd,Services sector,G-T,47715
2022,Hackney and Newham,Production sector,A-E,9205
2022,Hackney and Newham,Construction,F (41-43),13635
2022,Hackney and Newham,Services sector,G-T,279505
2022,Haringey and Islington,Production sector,A-E,7330
2022,Haringey and Islington,Construction,F (41-43),9685
2022,Haringey and Islington,Services sector,G-T,320780
2022,Harrow and Hillingdon,Production sector,A-E,11875
2022,Harrow and Hillingdon,Construction,F (41-43),12540
2022,Harrow and Hillingdon,Services sector,G-T,252395
2022,Hartlepool and Stockton-on-Tees,Production sector,A-E,16730
2022,Hartlepool and Stockton-on-Tees,Construction,F (41-43),7680
2022,Hartlepool and Stockton-on-Tees,Services sector,G-T,89075
2022,Heart of Essex,Production sector,A-E,11285
2022,Heart of Essex,Construction,F (41-43),15015
2022,Heart of Essex,Services sector,G-T,120165
2022,"Herefordshire, County of",Production sector,A-E,22515
2022,"Herefordshire, County of",Construction,F (41-43),4790
2022,"Herefordshire, County of",Services sector,G-T,61595
2022,Hertfordshire,Production sector,A-E,44035
2022,Hertfordshire,Construction,F (41-43),48660
2022,Hertfordshire,Services sector,G-T,553305
2022,Hounslow and Richmond upon Thames,Production sector,A-E,5890
2022,Hounslow and Richmond upon Thames,Construction,F (41-43),7400
2022,Hounslow and Richmond upon Thames,Services sector,G-T,234060
2022,"Inverclyde, East Renfrewshire and Renfrewshire",Production sector,A-E,12480
2022,"Inverclyde, East Renfrewshire and Renfrewshire",Construction,F (41-43),7110
2022,"Inverclyde, East Renfrewshire and Renfrewshire",Services sector,G-T,114275
2022,"Inverness & Nairn and Moray, Badenoch & Strathspey",Production sector,A-E,15915
2022,"Inverness & Nairn and Moray, Badenoch & Strathspey",Construction,F (41-43),6705
2022,"Inverness & Nairn and Moray, Badenoch & Strathspey",Services sector,G-T,82240
2022,Isle of Anglesey,Production sector,A-E,4725
2022,Isle of Anglesey,Construction,F (41-43),1440
2022,Isle of Anglesey,Services sector,G-T,17450
2022,Isle of Wight,Production sector,A-E,5590
2022,Isle of Wight,Construction,F (41-43),2540
2022,Isle of Wight,Services sector,G-T,45260
2022,Kensington & Chelsea and Hammersmith & Fulham,Production sector,A-E,4900
2022,Kensington & Chelsea and Hammersmith & Fulham,Construction,F (41-43),5170
2022,Kensington & Chelsea and Hammersmith & Fulham,Services sector,G-T,276050
2022,Kent Thames Gateway,Production sector,A-E,17500
2022,Kent Thames Gateway,Construction,F (41-43),13795
2022,Kent Thames Gateway,Services sector,G-T,129025
2022,"Kingston upon Hull, City of",Production sector,A-E,23740
2022,"Kingston upon Hull, City of",Construction,F (41-43),7785
2022,"Kingston upon Hull, City of",Services sector,G-T,97905
2022,Lambeth,Production sector,A-E,3155
2022,Lambeth,Construction,F (41-43),5040
2022,Lambeth,Services sector,G-T,145750
2022,Lancaster and Wyre,Production sector,A-E,11880
2022,Lancaster and Wyre,Construction,F (41-43),6210
2022,Lancaster and Wyre,Services sector,G-T,73950
2022,Leeds,Production sector,A-E,36850
2022,Leeds,Construction,F (41-43),19445
2022,Leeds,Services sector,G-T,443135
2022,Leicester,Production sector,A-E,22795
2022,Leicester,Construction,F (41-43),5165
2022,Leicester,Services sector,G-T,151650
2022,Leicestershire CC and Rutland,Production sector,A-E,53860
2022,Leicestershire CC and Rutland,Construction,F (41-43),22790
2022,Leicestershire CC and Rutland,Services sector,G-T,284505
2022,Lewisham and Southwark,Production sector,A-E,5725
2022,Lewisham and Southwark,Construction,F (41-43),7550
2022,Lewisham and Southwark,Services sector,G-T,353225
2022,Lincolnshire,Production sector,A-E,55255
2022,Lincolnshire,Construction,F (41-43),19155
2022,Lincolnshire,Services sector,G-T,242625
2022,Liverpool,Production sector,A-E,13400
2022,Liverpool,Construction,F (41-43),10465
2022,Liverpool,Services sector,G-T,255495
2022,"Lochaber, Skye & Lochalsh, Arran & Cumbrae and Argyll & Bute",Production sector,A-E,11915
2022,"Lochaber, Skye & Lochalsh, Arran & Cumbrae and Argyll & Bute",Construction,F (41-43),3270
2022,"Lochaber, Skye & Lochalsh, Arran & Cumbrae and Argyll & Bute",Services sector,G-T,38235
2022,Luton,Production sector,A-E,6165
2022,Luton,Construction,F (41-43),4445
2022,Luton,Services sector,G-T,97770
2022,Manchester,Production sector,A-E,14265
2022,Manchester,Construction,F (41-43),9070
2022,Manchester,Services sector,G-T,409345
2022,Medway,Production sector,A-E,9610
2022,Medway,Construction,F (41-43),7210
2022,Medway,Services sector,G-T,81695
2022,"Merton, Kingston upon Thames and Sutton",Production sector,A-E,7595
2022,"Merton, Kingston upon Thames and Sutton",Construction,F (41-43),13015
2022,"Merton, Kingston upon Thames and Sutton",Services sector,G-T,227345
2022,Mid Kent,Production sector,A-E,15040
2022,Mid Kent,Construction,F (41-43),10275
2022,Mid Kent,Services sector,G-T,116940
2022,Mid Lancashire,Production sector,A-E,33740
2022,Mid Lancashire,Construction,F (41-43),12665
2022,Mid Lancashire,Services sector,G-T,172050
2022,Milton Keynes,Production sector,A-E,12420
2022,Milton Keynes,Construction,F (41-43),5835
2022,Milton Keynes,Services sector,G-T,165590
2022,Monmouthshire and Newport,Production sector,A-E,15420
2022,Monmouthshire and Newport,Construction,F (41-43),5015
2022,Monmouthshire and Newport,Services sector,G-T,94950
2022,Na h-Eileanan Siar (Western Isles),Production sector,A-E,5945
2022,Na h-Eileanan Siar (Western Isles),Construction,F (41-43),840
2022,Na h-Eileanan Siar (Western Isles),Services sector,G-T,9490
2022,North Hampshire,Production sector,A-E,13370
2022,North Hampshire,Construction,F (41-43),9505
2022,North Hampshire,Services sector,G-T,161265
2022,North Lanarkshire,Production sector,A-E,15720
2022,North Lanarkshire,Construction,F (41-43),15710
2022,North Lanarkshire,Services sector,G-T,101275
2022,North Northamptonshire,Production sector,A-E,22345
2022,North Northamptonshire,Construction,F (41-43),8085
2022,North Northamptonshire,Services sector,G-T,124500
2022,North Nottinghamshire,Production sector,A-E,31645
2022,North Nottinghamshire,Construction,F (41-43),16835
2022,North Nottinghamshire,Services sector,G-T,161940
2022,North Yorkshire CC,Production sector,A-E,58870
2022,North Yorkshire CC,Construction,F (41-43),15095
2022,North Yorkshire CC,Services sector,G-T,224340
2022,North and North East Lincolnshire,Production sector,A-E,33750
2022,North and North East Lincolnshire,Construction,F (41-43),8470
2022,North and North East Lincolnshire,Services sector,G-T,101790
2022,North and West Norfolk,Production sector,A-E,18110
2022,North and West Norfolk,Construction,F (41-43),6585
2022,North and West Norfolk,Services sector,G-T,75535
2022,Northumberland,Production sector,A-E,20770
2022,Northumberland,Construction,F (41-43),6015
2022,Northumberland,Services sector,G-T,85955
2022,Norwich and East Norfolk,Production sector,A-E,15820
2022,Norwich and East Norfolk,Construction,F (41-43),9035
2022,Norwich and East Norfolk,Services sector,G-T,154170
2022,Nottingham,Production sector,A-E,14660
2022,Nottingham,Construction,F (41-43),6615
2022,Nottingham,Services sector,G-T,188165
2022,Orkney Islands,Production sector,A-E,3155
2022,Orkney Islands,Construction,F (41-43),840
2022,Orkney Islands,Services sector,G-T,9165
2022,Oxfordshire,Production sector,A-E,36235
2022,Oxfordshire,Construction,F (41-43),17455
2022,Oxfordshire,Services sector,G-T,345610
2022,Perth & Kinross and Stirling,Production sector,A-E,19160
2022,Perth & Kinross and Stirling,Construction,F (41-43),7175
2022,Perth & Kinross and Stirling,Services sector,G-T,91365
2022,Peterborough,Production sector,A-E,11695
2022,Peterborough,Construction,F (41-43),4565
2022,Peterborough,Services sector,G-T,100330
2022,Plymouth,Production sector,A-E,18040
2022,Plymouth,Construction,F (41-43),5320
2022,Plymouth,Services sector,G-T,94940
2022,Portsmouth,Production sector,A-E,10360
2022,Portsmouth,Construction,F (41-43),3800
2022,Portsmouth,Services sector,G-T,93680
2022,Powys,Production sector,A-E,16485
2022,Powys,Construction,F (41-43),2630
2022,Powys,Services sector,G-T,40065
2022,Redbridge and Waltham Forest,Production sector,A-E,5275
2022,Redbridge and Waltham Forest,Construction,F (41-43),11195
2022,Redbridge and Waltham Forest,Services sector,G-T,146180
2022,Sandwell,Production sector,A-E,24325
2022,Sandwell,Construction,F (41-43),5870
2022,Sandwell,Services sector,G-T,98055
2022,Scottish Borders,Production sector,A-E,9785
2022,Scottish Borders,Construction,F (41-43),3060
2022,Scottish Borders,Services sector,G-T,34250
2022,Sefton,Production sector,A-E,5280
2022,Sefton,Construction,F (41-43),5210
2022,Sefton,Services sector,G-T,82120
2022,Sheffield,Production sector,A-E,23205
2022,Sheffield,Construction,F (41-43),9240
2022,Sheffield,Services sector,G-T,238635
2022,Shetland Islands,Production sector,A-E,4360
2022,Shetland Islands,Construction,F (41-43),1370
2022,Shetland Islands,Services sector,G-T,9985
2022,Shropshire CC,Production sector,A-E,27250
2022,Shropshire CC,Construction,F (41-43),6465
2022,Shropshire CC,Services sector,G-T,109100
2022,Solihull,Production sector,A-E,15290
2022,Solihull,Construction,F (41-43),5985
2022,Solihull,Services sector,G-T,127745
2022,Somerset,Production sector,A-E,39445
2022,Somerset,Construction,F (41-43),14535
2022,Somerset,Services sector,G-T,194100
2022,South Ayrshire,Production sector,A-E,7145
2022,South Ayrshire,Construction,F (41-43),2520
2022,South Ayrshire,Services sector,G-T,37695
2022,South Hampshire,Production sector,A-E,20595
2022,South Hampshire,Construction,F (41-43),11485
2022,South Hampshire,Services sector,G-T,148885
2022,South Lanarkshire,Production sector,A-E,15645
2022,South Lanarkshire,Construction,F (41-43),10305
2022,South Lanarkshire,Services sector,G-T,92975
2022,South Nottinghamshire,Production sector,A-E,14080
2022,South Nottinghamshire,Construction,F (41-43),9565
2022,South Nottinghamshire,Services sector,G-T,99370
2022,South Teesside,Production sector,A-E,9110
2022,South Teesside,Construction,F (41-43),4645
2022,South Teesside,Services sector,G-T,89680
2022,South West Wales,Production sector,A-E,24260
2022,South West Wales,Construction,F (41-43),9195
2022,South West Wales,Services sector,G-T,120310
2022,South and West Derbyshire,Production sector,A-E,40290
2022,South and West Derbyshire,Construction,F (41-43),13870
2022,South and West Derbyshire,Services sector,G-T,144730
2022,Southampton,Production sector,A-E,5325
2022,Southampton,Construction,F (41-43),3595
2022,Southampton,Services sector,G-T,106410
2022,Southend-on-Sea,Production sector,A-E,3650
2022,Southend-on-Sea,Construction,F (41-43),3535
2022,Southend-on-Sea,Services sector,G-T,58575
2022,Staffordshire CC,Production sector,A-E,59210
2022,Staffordshire CC,Construction,F (41-43),19945
2022,Staffordshire CC,Services sector,G-T,291540
2022,Stoke-on-Trent,Production sector,A-E,18225
2022,Stoke-on-Trent,Construction,F (41-43),4490
2022,Stoke-on-Trent,Services sector,G-T,102160
2022,Suffolk,Production sector,A-E,45440
2022,Suffolk,Construction,F (41-43),22415
2022,Suffolk,Services sector,G-T,276975
2022,Sunderland,Production sector,A-E,21535
2022,Sunderland,Construction,F (41-43),5365
2022,Sunderland,Services sector,G-T,87340
2022,Swansea,Production sector,A-E,7330
2022,Swansea,Construction,F (41-43),4905
2022,Swansea,Services sector,G-T,100195
2022,Swindon,Production sector,A-E,9505
2022,Swindon,Construction,F (41-43),4200
2022,Swindon,Services sector,G-T,98075
2022,Telford and Wrekin,Production sector,A-E,17785
2022,Telford and Wrekin,Construction,F (41-43),2980
2022,Telford and Wrekin,Services sector,G-T,75550
2022,Thurrock,Production sector,A-E,4445
2022,Thurrock,Construction,F (41-43),6295
2022,Thurrock,Services sector,G-T,63750
2022,Torbay,Production sector,A-E,2675
2022,Torbay,Construction,F (41-43),2010
2022,Torbay,Services sector,G-T,45850
2022,Tower Hamlets,Production sector,A-E,3290
2022,Tower Hamlets,Construction,F (41-43),4960
2022,Tower Hamlets,Services sector,G-T,293480
2022,Tyneside,Production sector,A-E,29670
2022,Tyneside,Construction,F (41-43),14190
2022,Tyneside,Services sector,G-T,369575
2022,Wakefield,Production sector,A-E,23170
2022,Wakefield,Construction,F (41-43),8405
2022,Wakefield,Services sector,G-T,135770
2022,Walsall,Production sector,A-E,15025
2022,Walsall,Construction,F (41-43),4355
2022,Walsall,Services sector,G-T,83860
2022,Wandsworth,Production sector,A-E,2565
2022,Wandsworth,Construction,F (41-43),4095
2022,Wandsworth,Services sector,G-T,120840
2022,Warrington,Production sector,A-E,9275
2022,Warrington,Construction,F (41-43),10690
2022,Warrington,Services sector,G-T,119980
2022,Warwickshire,Production sector,A-E,53590
2022,Warwickshire,Construction,F (41-43),14830
2022,Warwickshire,Services sector,G-T,259225
2022,West Cumbria,Production sector,A-E,33370
2022,West Cumbria,Construction,F (41-43),6920
2022,West Cumbria,Services sector,G-T,63050
2022,West Essex,Production sector,A-E,11875
2022,West Essex,Construction,F (41-43),14160
2022,West Essex,Services sector,G-T,118905
2022,West Kent,Production sector,A-E,15105
2022,West Kent,Construction,F (41-43),14225
2022,West Kent,Services sector,G-T,144250
2022,West Lothian,Production sector,A-E,9715
2022,West Lothian,Construction,F (41-43),5605
2022,West Lothian,Services sector,G-T,63015
2022,West Northamptonshire,Production sector,A-E,22965
2022,West Northamptonshire,Construction,F (41-43),11970
2022,West Northamptonshire,Services sector,G-T,193515
2022,West Surrey,Production sector,A-E,22930
2022,West Surrey,Construction,F (41-43),21000
2022,West Surrey,Services sector,G-T,355970
2022,West Sussex (North East),Production sector,A-E,18925
2022,West Sussex (North East),Construction,F (41-43),10455
2022,West Sussex (North East),Services sector,G-T,177080
2022,West Sussex (South West),Production sector,A-E,21915
2022,West Sussex (South West),Construction,F (41-43),8525
2022,West Sussex (South West),Services sector,G-T,152355
2022,Westminster,Production sector,A-E,16635
2022,Westminster,Construction,F (41-43),16050
2022,Westminster,Services sector,G-T,772415
2022,Wiltshire,Production sector,A-E,29670
2022,Wiltshire,Construction,F (41-43),11865
2022,Wiltshire,Services sector,G-T,174220
2022,Wirral,Production sector,A-E,9690
2022,Wirral,Construction,F (41-43),5260
2022,Wirral,Services sector,G-T,88545
2022,Wolverhampton,Production sector,A-E,14510
2022,Wolverhampton,Construction,F (41-43),4310
2022,Wolverhampton,Services sector,G-T,91955
2022,Worcestershire,Production sector,A-E,41190
2022,Worcestershire,Construction,F (41-43),11980
2022,Worcestershire,Services sector,G-T,218535
2022,York,Production sector,A-E,5220
2022,York,Construction,F (41-43),4450
2022,York,Services sector,G-T,103470
