ITL_code,Region_name,SIC07_code,SIC07_description,1998,1999,2000,2001,2002,2003,2004,2005,2006,2007,2008,2009,2010,2011,2012,2013,2014,2015,2016,2017,2018,2019,2020,2021,2022
TLC11,Hartlepool and Stockton-on-Tees,AB (1-9),"Agriculture, forestry and fishing; mining and quarrying",2,2,2,2,2,3,3,2,2,2,5,6,8,31,41,51,49,69,27,29,25,35,21,21,16
TLC11,Hartlepool and Stockton-on-Tees,C (10-33),Manufacturing,670,704,712,669,720,802,784,750,732,780,688,657,684,654,769,798,790,835,789,762,864,903,1012,1013,1054
TLC11,Hartlepool and Stockton-on-Tees,DE (35-39),"Electricity, gas, water; sewerage and waste management",472,561,469,548,585,651,636,589,681,687,633,620,566,370,378,392,354,396,454,358,307,312,355,262,272
TLC11,Hartlepool and Stockton-on-Tees,F (41-43),Construction,612,692,733,689,662,718,689,678,642,668,586,558,538,576,499,512,519,525,536,507,511,539,405,527,528
TLC11,Hartlepool and Stockton-on-Tees,G (45-47),Wholesale and retail trade; repair of motor vehicles,512,545,575,606,630,612,679,705,752,711,734,678,737,694,631,665,731,740,705,745,856,784,670,820,824
TLC11,Hartlepool and Stockton-on-Tees,H (49-53),Transportation and storage,355,360,346,372,345,356,386,360,395,400,385,358,391,424,430,454,480,462,450,332,209,200,215,195,215
TLC11,Hartlepool and Stockton-on-Tees,I (55-56),Accommodation and food service activities,152,146,151,164,175,165,164,163,162,156,156,151,145,150,136,142,139,146,147,152,140,155,90,145,169
TLC11,Hartlepool and Stockton-on-Tees,J (58-63),Information and communication,8,10,12,15,19,23,26,33,38,39,39,35,34,37,34,28,32,34,66,73,86,116,186,228,230
TLC11,Hartlepool and Stockton-on-Tees,K (64-66),Financial and insurance activities,194,225,212,216,240,266,319,302,413,433,381,374,303,289,282,293,338,457,482,602,553,480,365,376,440
TLC11,Hartlepool and Stockton-on-Tees,L (68),"Real estate activities, excluding imputed rental",159,178,180,169,162,172,204,202,203,195,184,226,225,243,277,318,251,321,317,269,163,189,193,157,153
TLC11,Hartlepool and Stockton-on-Tees,M (69-75),"Professional, scientific and technical activities",311,284,294,242,245,288,377,343,386,389,425,453,489,538,554,496,481,526,554,518,524,551,613,694,632
TLC11,Hartlepool and Stockton-on-Tees,N (77-82),Administrative and support service activities,210,202,208,216,207,225,248,247,234,243,243,235,266,251,272,289,314,330,323,304,283,318,335,298,278
TLC11,Hartlepool and Stockton-on-Tees,O (84),Public administration and defence,219,219,204,206,193,189,187,201,220,214,242,263,272,282,270,254,259,255,273,262,274,282,262,247,260
TLC11,Hartlepool and Stockton-on-Tees,P (85),Education,363,390,403,396,394,394,409,389,354,343,317,325,324,341,356,350,339,344,358,325,331,346,312,320,358
TLC11,Hartlepool and Stockton-on-Tees,Q (86-88),Human health and social work activities,532,536,548,557,561,550,564,596,622,666,670,637,652,675,650,597,611,613,621,626,624,635,528,612,648
TLC11,Hartlepool and Stockton-on-Tees,R (90-93),"Arts, entertainment and recreation",69,76,71,73,90,90,118,129,110,102,97,88,79,95,100,101,91,93,67,67,64,81,44,55,62
TLC11,Hartlepool and Stockton-on-Tees,S (94-96),Other service activities,113,101,108,103,109,99,109,104,107,98,86,82,82,71,70,68,80,77,91,90,111,104,88,100,96
TLC11,Hartlepool and Stockton-on-Tees,T (97-98),Activities of households,9,9,10,8,8,4,5,4,5,4,5,4,7,6,6,8,7,5,7,6,8,10,8,9,6
TLC12,South Teesside,AB (1-9),"Agriculture, forestry and fishing; mining and quarrying",64,59,55,58,76,80,73,65,71,56,43,49,59,104,145,153,146,116,81,61,74,83,59,67,93
TLC12,South Teesside,C (10-33),Manufacturing,601,621,632,543,562,671,596,590,565,526,596,536,525,417,450,435,502,630,563,491,567,518,548,528,518
TLC12,South Teesside,DE (35-39),"Electricity, gas, water; sewerage and waste management",74,75,62,65,63,77,80,78,82,80,75,73,70,56,54,58,54,64,93,96,88,79,86,78,85
TLC12,South Teesside,F (41-43),Construction,318,359,377,356,337,386,376,373,357,378,350,340,316,333,339,305,308,294,289,270,272,260,201,242,245
TLC12,South Teesside,G (45-47),Wholesale and retail trade; repair of motor vehicles,388,413,428,448,464,449,496,512,548,523,538,497,538,504,503,532,572,557,513,476,463,412,402,430,412
TLC12,South Teesside,H (49-53),Transportation and storage,212,215,208,227,214,214,221,208,225,227,234,227,247,262,215,199,182,168,166,221,302,315,302,258,270
TLC12,South Teesside,I (55-56),Accommodation and food service activities,150,144,147,161,173,163,162,162,162,155,154,149,144,148,128,128,123,120,124,126,123,137,71,99,119
TLC12,South Teesside,J (58-63),Information and communication,8,10,12,16,20,24,28,32,36,35,35,32,33,39,38,39,45,52,76,85,74,111,123,136,142
TLC12,South Teesside,K (64-66),Financial and insurance activities,121,143,133,135,154,172,205,192,267,273,238,236,191,182,261,222,147,181,187,142,130,134,96,86,78
TLC12,South Teesside,L (68),"Real estate activities, excluding imputed rental",186,209,209,194,183,196,233,231,234,223,212,263,262,281,282,239,263,259,269,261,296,324,293,406,439
TLC12,South Teesside,M (69-75),"Professional, scientific and technical activities",151,126,137,122,122,157,191,181,200,190,178,166,172,178,161,192,189,187,148,140,121,114,100,135,126
TLC12,South Teesside,N (77-82),Administrative and support service activities,115,110,111,112,105,116,134,135,132,143,148,139,156,149,130,146,145,158,141,139,144,153,143,120,146
TLC12,South Teesside,O (84),Public administration and defence,312,312,291,293,275,268,267,287,313,305,344,374,335,298,308,283,276,267,290,282,335,331,282,270,290
TLC12,South Teesside,P (85),Education,474,508,525,516,514,514,533,507,462,447,413,424,423,444,433,429,396,400,398,432,455,469,396,391,440
TLC12,South Teesside,Q (86-88),Human health and social work activities,542,546,559,563,556,541,560,594,614,666,669,615,630,695,718,709,791,782,804,880,848,771,523,831,939
TLC12,South Teesside,R (90-93),"Arts, entertainment and recreation",71,80,74,76,95,94,130,146,124,114,107,95,83,101,97,91,80,80,91,92,83,79,43,48,65
TLC12,South Teesside,S (94-96),Other service activities,75,65,70,65,68,61,65,63,63,60,48,49,50,42,39,37,37,41,49,46,52,42,40,40,43
TLC12,South Teesside,T (97-98),Activities of households,9,10,10,8,8,4,5,4,5,4,5,4,7,6,5,8,7,5,7,5,8,9,8,9,6
TLC13,Darlington,AB (1-9),"Agriculture, forestry and fishing; mining and quarrying",7,7,7,5,12,11,10,11,12,10,16,15,13,18,13,16,31,24,17,19,19,24,17,17,16
TLC13,Darlington,C (10-33),Manufacturing,444,436,470,423,437,442,457,421,413,404,523,432,443,405,342,244,268,292,301,298,273,259,189,184,157
TLC13,Darlington,DE (35-39),"Electricity, gas, water; sewerage and waste management",37,27,26,24,26,33,37,39,37,34,32,32,32,29,28,32,24,25,27,28,20,15,14,17,16
TLC13,Darlington,F (41-43),Construction,94,107,113,107,103,113,108,107,102,107,94,89,85,90,93,125,165,164,137,165,175,189,156,130,68
TLC13,Darlington,G (45-47),Wholesale and retail trade; repair of motor vehicles,194,210,217,226,235,230,262,277,285,265,270,245,264,244,243,254,272,272,253,234,221,190,172,194,189
TLC13,Darlington,H (49-53),Transportation and storage,72,74,75,80,80,75,72,70,75,76,82,85,91,92,98,90,70,61,60,69,83,112,108,136,127
TLC13,Darlington,I (55-56),Accommodation and food service activities,76,71,73,80,87,82,81,82,83,80,77,74,72,75,66,67,61,61,69,73,65,64,33,55,67
TLC13,Darlington,J (58-63),Information and communication,6,8,13,22,30,39,46,49,57,55,57,59,74,100,118,148,233,312,287,303,368,335,361,521,669
TLC13,Darlington,K (64-66),Financial and insurance activities,93,105,101,107,119,149,167,131,143,148,174,190,167,159,172,171,132,141,170,169,173,195,186,182,186
TLC13,Darlington,L (68),"Real estate activities, excluding imputed rental",19,21,22,21,22,22,27,26,26,25,23,27,27,30,26,29,25,17,17,19,22,22,21,21,13
TLC13,Darlington,M (69-75),"Professional, scientific and technical activities",101,81,92,83,82,107,128,123,138,132,122,111,108,112,122,138,179,200,177,178,143,118,71,78,82
TLC13,Darlington,N (77-82),Administrative and support service activities,49,52,56,60,58,59,67,67,62,64,66,69,78,72,72,75,96,101,91,85,81,79,72,65,77
TLC13,Darlington,O (84),Public administration and defence,100,99,93,93,88,86,85,91,100,97,110,119,129,129,133,138,147,138,138,135,131,140,166,175,188
TLC13,Darlington,P (85),Education,120,129,134,131,131,131,136,129,117,114,105,108,107,113,136,131,124,126,121,117,120,127,112,119,133
TLC13,Darlington,Q (86-88),Human health and social work activities,278,280,287,287,283,278,290,306,319,344,346,315,322,335,347,318,339,383,350,336,329,331,235,346,359
TLC13,Darlington,R (90-93),"Arts, entertainment and recreation",20,22,22,21,26,25,34,39,34,31,29,26,23,28,27,26,25,20,15,15,22,26,13,13,18
TLC13,Darlington,S (94-96),Other service activities,57,52,56,52,54,48,52,49,48,46,47,45,45,39,40,37,39,43,50,53,58,53,43,52,61
TLC13,Darlington,T (97-98),Activities of households,3,3,3,3,3,1,2,1,2,1,2,2,3,2,2,3,3,2,3,2,3,4,3,3,2
TLC14,Durham CC,AB (1-9),"Agriculture, forestry and fishing; mining and quarrying",48,54,41,33,66,63,56,59,65,50,74,74,68,97,94,78,123,98,97,84,77,86,75,76,87
TLC14,Durham CC,C (10-33),Manufacturing,1287,1390,1421,1447,1559,1791,1853,1838,1938,2011,2034,1802,1858,1719,1781,1756,1768,1879,1913,1937,2132,2269,2751,2670,2646
TLC14,Durham CC,DE (35-39),"Electricity, gas, water; sewerage and waste management",481,504,460,564,735,755,798,731,788,779,740,722,695,519,470,460,426,511,382,338,403,374,378,379,371
TLC14,Durham CC,F (41-43),Construction,612,691,731,689,661,722,694,684,649,677,598,571,546,583,634,597,613,648,602,570,615,635,529,685,788
TLC14,Durham CC,G (45-47),Wholesale and retail trade; repair of motor vehicles,651,691,715,748,775,748,823,844,911,875,900,835,903,847,851,876,897,909,843,778,746,653,632,729,723
TLC14,Durham CC,H (49-53),Transportation and storage,242,245,242,262,249,245,254,240,257,257,265,262,282,299,283,262,240,217,206,238,287,292,261,280,291
TLC14,Durham CC,I (55-56),Accommodation and food service activities,261,246,251,277,300,281,279,284,287,275,267,256,249,258,236,245,228,237,253,267,265,257,137,216,265
TLC14,Durham CC,J (58-63),Information and communication,19,22,23,27,35,39,40,44,63,79,81,71,70,71,66,59,57,52,30,43,61,69,50,62,57
TLC14,Durham CC,K (64-66),Financial and insurance activities,279,255,268,309,232,213,283,308,320,459,457,391,341,338,487,459,373,172,157,134,141,178,154,137,103
TLC14,Durham CC,L (68),"Real estate activities, excluding imputed rental",323,360,365,344,332,351,417,411,414,399,374,459,457,495,421,383,406,353,381,482,438,377,395,444,461
TLC14,Durham CC,M (69-75),"Professional, scientific and technical activities",129,108,118,110,108,140,166,160,176,166,150,136,140,147,146,181,178,181,172,200,181,185,156,182,187
TLC14,Durham CC,N (77-82),Administrative and support service activities,186,179,187,196,192,203,224,225,211,218,223,226,254,240,229,230,252,270,298,281,260,300,279,222,212
TLC14,Durham CC,O (84),Public administration and defence,614,614,572,576,541,528,524,564,617,599,677,736,705,693,684,753,678,682,708,738,714,758,677,698,735
TLC14,Durham CC,P (85),Education,811,870,900,883,880,880,913,869,791,765,708,726,724,760,774,725,664,689,687,724,745,806,699,826,923
TLC14,Durham CC,Q (86-88),Human health and social work activities,642,646,661,669,669,656,677,716,746,801,805,755,752,751,719,742,751,752,666,688,729,750,569,673,755
TLC14,Durham CC,R (90-93),"Arts, entertainment and recreation",89,95,94,96,113,113,143,161,142,130,121,109,99,116,111,111,99,98,72,77,72,86,50,59,73
TLC14,Durham CC,S (94-96),Other service activities,206,185,199,187,194,176,190,181,180,170,161,153,156,133,136,122,114,118,121,140,144,143,129,156,170
TLC14,Durham CC,T (97-98),Activities of households,16,17,18,14,14,7,8,6,9,6,9,7,13,11,10,14,13,10,13,10,15,17,15,16,10
TLC21,Northumberland,AB (1-9),"Agriculture, forestry and fishing; mining and quarrying",138,149,143,139,211,218,199,178,183,126,173,180,184,244,196,206,288,268,202,196,195,227,183,185,206
TLC21,Northumberland,C (10-33),Manufacturing,682,675,691,724,809,819,852,886,953,1018,931,899,947,865,915,897,926,981,995,1028,1033,1097,1158,1058,1228
TLC21,Northumberland,DE (35-39),"Electricity, gas, water; sewerage and waste management",213,224,209,259,243,256,267,225,222,243,246,262,235,194,190,125,125,142,150,159,153,156,155,166,182
TLC21,Northumberland,F (41-43),Construction,408,419,383,393,423,400,419,415,420,376,339,272,303,330,349,399,379,382,288,294,301,314,226,286,328
TLC21,Northumberland,G (45-47),Wholesale and retail trade; repair of motor vehicles,534,541,560,513,520,517,557,595,637,633,624,504,531,539,535,499,563,543,528,521,507,530,401,503,516
TLC21,Northumberland,H (49-53),Transportation and storage,150,156,156,160,155,169,172,168,162,169,178,154,151,160,147,168,170,169,163,159,173,171,127,124,118
TLC21,Northumberland,I (55-56),Accommodation and food service activities,213,194,194,200,198,206,236,249,233,215,226,202,205,214,197,224,234,218,249,262,232,206,165,252,278
TLC21,Northumberland,J (58-63),Information and communication,6,6,8,12,15,16,18,20,20,22,23,26,28,34,41,38,43,37,40,43,39,45,42,61,60
TLC21,Northumberland,K (64-66),Financial and insurance activities,53,52,50,59,72,84,125,134,154,163,113,108,89,87,117,123,82,93,99,75,80,67,54,49,46
TLC21,Northumberland,L (68),"Real estate activities, excluding imputed rental",124,134,135,146,133,132,143,149,158,156,151,161,159,192,142,141,171,174,196,199,208,220,176,171,172
TLC21,Northumberland,M (69-75),"Professional, scientific and technical activities",157,152,152,162,177,181,193,204,206,206,203,202,209,208,203,181,189,187,190,176,159,186,179,223,243
TLC21,Northumberland,N (77-82),Administrative and support service activities,104,99,94,105,110,103,107,118,118,128,131,119,124,128,132,130,133,143,132,122,121,149,104,129,155
TLC21,Northumberland,O (84),Public administration and defence,326,322,293,281,305,301,346,327,376,354,328,359,363,336,321,306,247,216,213,207,206,231,219,237,255
TLC21,Northumberland,P (85),Education,342,330,333,345,360,388,382,382,366,360,344,320,315,321,348,312,318,311,312,282,283,297,250,274,293
TLC21,Northumberland,Q (86-88),Human health and social work activities,422,393,426,470,442,462,500,516,494,460,500,487,493,518,508,553,531,544,568,590,521,523,376,474,546
TLC21,Northumberland,R (90-93),"Arts, entertainment and recreation",42,44,46,45,48,57,67,64,66,57,67,59,60,63,66,72,67,70,53,55,52,49,39,40,45
TLC21,Northumberland,S (94-96),Other service activities,109,100,95,92,91,87,87,83,81,83,81,78,76,75,81,73,71,72,85,99,109,124,106,115,133
TLC21,Northumberland,T (97-98),Activities of households,11,11,11,10,10,8,12,13,8,8,9,8,8,5,5,4,5,8,13,15,13,15,12,14,13
TLC22,Tyneside,AB (1-9),"Agriculture, forestry and fishing; mining and quarrying",29,29,40,38,42,47,58,56,60,35,45,40,34,35,36,29,36,28,24,18,19,23,26,25,22
TLC22,Tyneside,C (10-33),Manufacturing,1568,1549,1593,1630,1835,1823,1882,1960,2196,2232,2029,1801,1941,1996,2112,2193,2150,2090,1902,1824,1907,1959,1915,1889,1784
TLC22,Tyneside,DE (35-39),"Electricity, gas, water; sewerage and waste management",592,583,548,624,501,507,477,392,391,387,378,385,326,258,256,160,154,140,145,167,162,170,176,193,166
TLC22,Tyneside,F (41-43),Construction,1519,1555,1421,1449,1542,1430,1502,1494,1505,1351,1261,1041,1155,1235,1129,1086,1148,1223,1221,1267,1178,1260,891,1207,1269
TLC22,Tyneside,G (45-47),Wholesale and retail trade; repair of motor vehicles,1889,1911,1985,1824,1852,1834,1958,2093,2251,2240,2190,1750,1852,1876,1957,1863,2061,2048,2060,2043,1939,2099,1480,1919,1919
TLC22,Tyneside,H (49-53),Transportation and storage,489,512,532,526,524,547,571,597,630,659,688,604,659,697,741,767,783,719,756,713,742,765,385,464,592
TLC22,Tyneside,I (55-56),Accommodation and food service activities,645,579,574,601,568,584,674,710,661,610,651,596,604,643,606,647,626,616,697,748,664,613,439,580,730
TLC22,Tyneside,J (58-63),Information and communication,57,65,92,139,182,209,229,263,265,292,321,362,396,482,552,567,706,902,1049,1264,1430,1673,1837,2110,2311
TLC22,Tyneside,K (64-66),Financial and insurance activities,648,605,632,663,720,805,1124,1264,1274,1416,1006,987,926,906,1089,821,857,1072,1036,1190,1198,985,829,891,864
TLC22,Tyneside,L (68),"Real estate activities, excluding imputed rental",465,497,501,549,502,495,543,565,599,603,580,620,610,720,653,654,617,681,761,784,782,812,937,917,926
TLC22,Tyneside,M (69-75),"Professional, scientific and technical activities",877,865,885,950,1057,1077,1161,1246,1277,1222,1218,1223,1303,1314,1268,1159,1181,1200,1162,1202,1246,1304,1212,1287,1279
TLC22,Tyneside,N (77-82),Administrative and support service activities,670,637,601,697,727,688,708,814,807,872,892,791,812,829,881,907,1013,1047,1104,1215,1205,1236,1050,1199,1255
TLC22,Tyneside,O (84),Public administration and defence,1426,1408,1285,1232,1337,1318,1518,1434,1649,1550,1439,1572,1587,1569,1493,1394,1352,1420,1351,1312,1318,1450,1279,1497,1609
TLC22,Tyneside,P (85),Education,1423,1373,1387,1436,1498,1615,1593,1590,1524,1497,1434,1331,1312,1338,1364,1371,1384,1338,1400,1346,1394,1521,1252,1366,1470
TLC22,Tyneside,Q (86-88),Human health and social work activities,1884,1761,1902,2109,1987,2107,2254,2279,2228,2095,2308,2207,2369,2495,2598,2572,2382,2352,2316,2496,2318,2170,1590,2217,2495
TLC22,Tyneside,R (90-93),"Arts, entertainment and recreation",280,278,277,288,302,365,428,410,398,342,377,328,331,372,389,417,445,431,369,352,353,364,238,253,346
TLC22,Tyneside,S (94-96),Other service activities,484,452,431,420,424,413,420,411,409,408,394,408,395,368,337,339,339,375,400,452,467,457,359,414,429
TLC22,Tyneside,T (97-98),Activities of households,30,29,30,26,26,21,30,34,22,21,22,20,21,13,14,10,13,22,35,41,36,39,33,37,35
TLC23,Sunderland,AB (1-9),"Agriculture, forestry and fishing; mining and quarrying",2,2,2,2,4,4,3,3,3,2,3,3,4,6,4,4,5,4,3,3,3,5,5,5,7
TLC23,Sunderland,C (10-33),Manufacturing,740,740,862,917,968,1005,1035,1080,1194,1156,1429,1197,1178,1212,1165,1277,1373,1426,1337,1353,1318,1225,1195,1384,1387
TLC23,Sunderland,DE (35-39),"Electricity, gas, water; sewerage and waste management",820,787,669,1069,1050,1102,1097,814,845,801,781,860,745,533,628,757,728,839,988,1062,901,1194,783,450,339
TLC23,Sunderland,F (41-43),Construction,474,481,442,446,471,433,452,449,453,398,359,304,337,369,318,344,364,375,354,340,337,365,280,339,390
TLC23,Sunderland,G (45-47),Wholesale and retail trade; repair of motor vehicles,539,545,568,524,534,527,555,594,644,641,620,489,520,526,504,482,550,527,519,523,503,510,382,479,543
TLC23,Sunderland,H (49-53),Transportation and storage,234,229,230,226,223,240,240,233,226,238,255,237,246,260,249,271,273,244,275,325,340,341,251,229,223
TLC23,Sunderland,I (55-56),Accommodation and food service activities,129,116,115,121,113,116,134,141,132,121,130,119,121,129,122,122,117,116,134,127,113,97,85,103,120
TLC23,Sunderland,J (58-63),Information and communication,6,7,11,18,25,28,31,36,37,42,49,59,65,81,96,92,122,189,196,211,176,109,96,210,223
TLC23,Sunderland,K (64-66),Financial and insurance activities,527,493,510,520,539,575,752,848,802,918,680,670,669,670,739,833,782,737,678,710,777,695,764,719,717
TLC23,Sunderland,L (68),"Real estate activities, excluding imputed rental",338,374,373,397,354,356,381,398,418,401,394,416,410,524,414,412,406,392,313,290,231,220,222,258,313
TLC23,Sunderland,M (69-75),"Professional, scientific and technical activities",88,83,82,84,81,84,85,97,101,96,102,100,97,96,97,97,103,88,75,81,80,102,92,112,137
TLC23,Sunderland,N (77-82),Administrative and support service activities,121,114,107,126,135,126,132,149,149,161,165,147,152,157,174,173,161,223,226,156,171,199,132,178,190
TLC23,Sunderland,O (84),Public administration and defence,397,392,358,343,372,367,422,399,459,431,400,438,415,413,409,468,443,406,382,377,366,363,316,343,337
TLC23,Sunderland,P (85),Education,424,409,413,427,446,481,474,473,454,446,427,396,391,398,385,295,294,349,364,333,338,362,306,326,351
TLC23,Sunderland,Q (86-88),Human health and social work activities,402,375,405,447,415,441,475,494,473,438,479,465,476,522,514,529,537,555,581,703,817,851,597,628,702
TLC23,Sunderland,R (90-93),"Arts, entertainment and recreation",91,90,84,94,98,120,142,137,127,105,114,99,99,116,105,131,117,121,102,110,77,72,32,37,50
TLC23,Sunderland,S (94-96),Other service activities,77,71,68,66,66,63,64,62,60,61,59,59,57,55,47,44,40,38,38,48,45,56,52,61,64
TLC23,Sunderland,T (97-98),Activities of households,11,10,11,9,9,8,11,12,7,7,8,7,7,4,4,3,4,7,11,13,12,13,11,12,11
TLD11,West Cumbria,AB (1-9),"Agriculture, forestry and fishing; mining and quarrying",49,51,59,50,78,73,73,92,90,66,86,86,84,111,93,93,150,127,105,110,92,110,93,87,94
TLD11,West Cumbria,C (10-33),Manufacturing,1244,1467,1100,1096,1144,1133,1112,1214,1374,1272,1340,1251,1258,1159,1320,1311,1580,1730,1560,1500,1523,1406,1538,1416,1273
TLD11,West Cumbria,DE (35-39),"Electricity, gas, water; sewerage and waste management",504,525,473,502,417,441,335,291,282,255,263,267,204,152,157,165,136,156,167,185,218,250,365,319,290
TLD11,West Cumbria,F (41-43),Construction,338,366,364,333,352,365,371,350,364,375,367,305,323,347,335,383,344,363,342,306,311,289,253,331,373
TLD11,West Cumbria,G (45-47),Wholesale and retail trade; repair of motor vehicles,358,356,377,390,376,366,386,376,411,389,409,332,391,381,405,407,404,436,392,409,438,446,348,346,330
TLD11,West Cumbria,H (49-53),Transportation and storage,144,154,158,133,135,155,182,159,176,167,243,192,216,236,270,268,255,239,222,223,197,198,104,126,129
TLD11,West Cumbria,I (55-56),Accommodation and food service activities,153,140,147,142,142,156,147,153,167,152,135,122,137,151,156,162,155,164,174,165,164,176,128,167,194
TLD11,West Cumbria,J (58-63),Information and communication,5,6,9,10,13,19,20,20,22,22,20,22,24,25,25,26,26,31,31,32,40,43,35,40,52
TLD11,West Cumbria,K (64-66),Financial and insurance activities,50,43,47,50,59,63,64,66,73,96,93,103,91,88,95,78,79,74,79,80,65,61,47,47,49
TLD11,West Cumbria,L (68),"Real estate activities, excluding imputed rental",80,80,79,77,72,81,80,81,88,89,123,148,138,131,124,102,99,97,104,104,111,122,121,112,81
TLD11,West Cumbria,M (69-75),"Professional, scientific and technical activities",139,144,141,132,148,162,173,165,197,228,260,271,284,264,259,287,281,253,249,208,216,238,193,230,229
TLD11,West Cumbria,N (77-82),Administrative and support service activities,84,75,82,84,86,94,108,108,119,127,124,119,130,130,125,147,159,178,170,180,165,161,153,157,159
TLD11,West Cumbria,O (84),Public administration and defence,177,180,213,163,171,169,159,174,175,195,190,222,232,227,215,199,186,211,252,264,262,307,266,256,235
TLD11,West Cumbria,P (85),Education,275,283,296,302,287,285,272,287,293,287,260,250,252,247,276,289,268,242,242,233,239,249,182,198,230
TLD11,West Cumbria,Q (86-88),Human health and social work activities,386,346,355,379,411,428,448,448,438,458,427,429,422,423,432,418,432,407,370,379,387,374,228,305,354
TLD11,West Cumbria,R (90-93),"Arts, entertainment and recreation",33,37,39,46,41,58,50,56,56,64,59,48,46,62,62,67,63,65,52,52,49,53,35,35,43
TLD11,West Cumbria,S (94-96),Other service activities,60,70,71,72,68,68,66,63,62,60,61,58,58,62,57,60,60,58,67,75,71,79,68,59,60
TLD11,West Cumbria,T (97-98),Activities of households,12,14,8,9,6,10,9,12,10,11,12,10,11,13,13,11,11,13,20,21,16,20,16,18,15
TLD12,East Cumbria,AB (1-9),"Agriculture, forestry and fishing; mining and quarrying",138,147,164,143,222,205,201,261,250,184,241,243,234,311,257,245,382,327,253,269,227,272,232,218,237
TLD12,East Cumbria,C (10-33),Manufacturing,757,732,754,796,825,905,987,1025,1173,1171,1155,1075,989,888,929,982,990,1017,943,951,971,1076,1195,1256,1188
TLD12,East Cumbria,DE (35-39),"Electricity, gas, water; sewerage and waste management",187,156,180,153,123,116,95,109,108,89,101,97,75,56,55,91,107,135,144,148,146,176,169,117,114
TLD12,East Cumbria,F (41-43),Construction,468,506,509,450,471,510,524,487,513,536,546,476,492,529,512,492,478,526,497,506,490,465,345,475,495
TLD12,East Cumbria,G (45-47),Wholesale and retail trade; repair of motor vehicles,710,720,797,813,783,779,815,801,879,837,898,732,866,835,835,838,865,915,829,873,901,969,706,750,777
TLD12,East Cumbria,H (49-53),Transportation and storage,330,328,308,320,326,356,378,347,394,386,363,312,308,280,313,328,359,356,357,320,345,346,224,270,291
TLD12,East Cumbria,I (55-56),Accommodation and food service activities,414,386,400,386,390,430,407,430,479,436,387,353,409,459,464,486,486,520,540,505,490,535,353,491,550
TLD12,East Cumbria,J (58-63),Information and communication,15,18,26,27,35,51,55,58,66,66,62,70,75,72,71,71,74,86,93,91,104,116,113,120,132
TLD12,East Cumbria,K (64-66),Financial and insurance activities,394,486,380,335,354,287,234,208,188,220,224,236,199,196,181,192,178,160,200,197,168,166,133,162,184
TLD12,East Cumbria,L (68),"Real estate activities, excluding imputed rental",207,206,208,206,194,215,214,215,236,241,320,384,357,340,345,342,319,327,330,348,320,312,290,250,312
TLD12,East Cumbria,M (69-75),"Professional, scientific and technical activities",152,168,163,162,182,203,216,207,236,277,306,305,307,279,257,278,262,247,247,258,255,266,227,345,366
TLD12,East Cumbria,N (77-82),Administrative and support service activities,123,107,110,112,111,120,154,159,170,176,169,169,175,168,154,172,192,183,190,192,193,192,193,207,224
TLD12,East Cumbria,O (84),Public administration and defence,242,247,293,223,235,231,218,239,240,267,261,304,288,293,299,291,277,280,320,333,338,348,317,290,267
TLD12,East Cumbria,P (85),Education,442,455,476,485,461,457,437,461,470,461,418,402,405,396,363,370,345,355,343,341,356,352,245,273,319
TLD12,East Cumbria,Q (86-88),Human health and social work activities,464,416,427,455,495,513,535,536,523,548,508,514,531,527,613,615,661,663,663,675,660,676,553,681,729
TLD12,East Cumbria,R (90-93),"Arts, entertainment and recreation",66,73,85,95,84,116,110,111,115,121,124,103,105,109,126,112,97,102,87,87,87,93,52,64,70
TLD12,East Cumbria,S (94-96),Other service activities,117,140,140,143,135,134,130,124,121,118,117,111,113,117,116,119,125,117,125,136,135,145,144,122,125
TLD12,East Cumbria,T (97-98),Activities of households,13,14,9,9,7,11,10,13,11,13,13,11,12,15,15,13,13,15,22,24,18,24,19,21,18
TLD33,Manchester,AB (1-9),"Agriculture, forestry and fishing; mining and quarrying",13,15,14,13,12,10,11,13,14,11,11,11,9,10,13,14,13,7,6,6,5,5,5,4,3
TLD33,Manchester,C (10-33),Manufacturing,597,608,623,609,607,614,638,647,707,727,693,657,673,626,713,724,761,845,837,797,796,809,828,808,855
TLD33,Manchester,DE (35-39),"Electricity, gas, water; sewerage and waste management",222,245,219,272,199,185,151,125,159,141,234,291,323,281,404,451,431,466,399,419,385,438,694,307,221
TLD33,Manchester,F (41-43),Construction,787,784,746,756,748,738,815,775,747,775,750,621,586,593,662,669,685,718,719,824,836,797,808,1040,1131
TLD33,Manchester,G (45-47),Wholesale and retail trade; repair of motor vehicles,1698,1628,1771,1716,1771,1707,1705,1906,1973,1996,1908,1968,2116,2099,2003,1816,1896,2014,2123,2104,2201,2295,2479,2612,2707
TLD33,Manchester,H (49-53),Transportation and storage,670,700,678,662,726,784,810,861,913,958,923,801,866,878,924,946,893,915,1010,1130,1325,1418,592,752,938
TLD33,Manchester,I (55-56),Accommodation and food service activities,565,609,620,645,667,672,681,674,682,709,665,676,722,711,723,840,768,801,823,879,933,920,419,705,1008
TLD33,Manchester,J (58-63),Information and communication,119,153,187,198,235,312,335,358,412,466,469,497,528,623,658,664,767,890,1071,1218,1468,1837,2583,2443,2687
TLD33,Manchester,K (64-66),Financial and insurance activities,1909,2046,2010,1988,1961,1947,2268,2699,2454,3165,3398,3198,3349,2979,3111,2800,2563,2621,3027,3547,3463,3571,3557,4103,4024
TLD33,Manchester,L (68),"Real estate activities, excluding imputed rental",607,580,550,589,600,668,642,642,710,665,777,916,875,929,997,943,1031,1049,1113,1060,1078,1108,1080,1270,1322
TLD33,Manchester,M (69-75),"Professional, scientific and technical activities",1385,1477,1487,1762,1924,2159,2304,2345,2662,2630,2575,2390,2586,2708,2719,3022,3040,2972,3040,3258,3047,3184,2866,3731,3970
TLD33,Manchester,N (77-82),Administrative and support service activities,836,860,883,970,939,964,1024,1010,1082,1118,1083,1037,963,970,1092,1196,1321,1394,1463,1679,1729,1808,1399,1609,2064
TLD33,Manchester,O (84),Public administration and defence,1013,1021,963,936,950,897,922,998,999,1053,1042,1108,1079,940,947,887,905,910,888,985,1047,1157,1084,1211,1261
TLD33,Manchester,P (85),Education,1738,1666,1711,1649,1578,1502,1558,1501,1423,1436,1362,1355,1346,1364,1204,1306,1306,1425,1443,1599,1695,1871,1514,1692,1958
TLD33,Manchester,Q (86-88),Human health and social work activities,1209,1247,1241,1554,1522,1452,1470,1558,1568,1672,1648,1584,1681,1720,1928,1804,1909,2005,2058,2236,2159,2135,1293,1873,2126
TLD33,Manchester,R (90-93),"Arts, entertainment and recreation",287,318,329,320,329,380,396,475,493,433,403,384,410,401,451,541,547,552,490,562,535,543,373,435,601
TLD33,Manchester,S (94-96),Other service activities,295,296,326,323,325,312,298,321,315,309,332,326,338,321,286,275,276,203,205,247,341,395,301,287,335
TLD33,Manchester,T (97-98),Activities of households,9,7,9,9,9,8,7,7,8,5,8,7,11,13,9,11,17,12,12,10,8,9,7,11,12
TLD34,Greater Manchester South West,AB (1-9),"Agriculture, forestry and fishing; mining and quarrying",12,13,12,11,11,9,9,11,12,9,9,9,7,8,9,11,12,32,31,28,24,30,19,14,15
TLD34,Greater Manchester South West,C (10-33),Manufacturing,965,1111,1193,1244,1340,1367,1364,1354,1504,1519,1540,1403,1323,1227,1273,1294,1385,1412,1395,1489,1619,1641,1763,1685,1590
TLD34,Greater Manchester South West,DE (35-39),"Electricity, gas, water; sewerage and waste management",656,618,591,634,551,554,485,453,440,396,395,460,448,396,384,448,478,517,458,448,511,518,638,529,479
TLD34,Greater Manchester South West,F (41-43),Construction,1807,1763,1678,1686,1681,1640,1754,1699,1623,1700,1605,1293,1239,1262,1219,1158,1118,1181,1265,1398,1504,1477,1254,1519,1602
TLD34,Greater Manchester South West,G (45-47),Wholesale and retail trade; repair of motor vehicles,1440,1383,1492,1448,1509,1461,1462,1631,1674,1687,1566,1573,1723,1700,1772,1754,1730,1722,1605,1827,1973,1978,2101,2026,2038
TLD34,Greater Manchester South West,H (49-53),Transportation and storage,687,710,698,714,691,689,714,719,740,709,710,628,615,598,588,622,608,617,627,627,676,705,593,640,636
TLD34,Greater Manchester South West,I (55-56),Accommodation and food service activities,319,342,343,361,373,378,385,378,379,395,373,379,407,403,358,380,329,332,351,361,376,386,243,367,454
TLD34,Greater Manchester South West,J (58-63),Information and communication,66,86,107,116,145,192,201,215,248,283,280,297,315,370,416,493,725,907,970,917,1128,1289,1831,2016,2091
TLD34,Greater Manchester South West,K (64-66),Financial and insurance activities,949,1011,968,937,917,915,1078,1325,1204,1549,1677,1385,1496,1323,1491,1589,1579,1390,1020,980,761,589,566,666,623
TLD34,Greater Manchester South West,L (68),"Real estate activities, excluding imputed rental",576,558,523,548,558,624,583,588,655,595,731,868,828,884,1039,1015,911,983,1009,925,916,852,788,821,844
TLD34,Greater Manchester South West,M (69-75),"Professional, scientific and technical activities",560,578,578,656,692,744,792,812,905,892,851,787,839,878,878,1063,1044,1022,913,1016,1177,1190,1276,1995,2152
TLD34,Greater Manchester South West,N (77-82),Administrative and support service activities,887,905,941,1043,1024,1071,1117,1091,1129,1172,1137,1082,1016,1018,1178,1219,1296,1430,1464,1695,1741,1863,1874,1765,1671
TLD34,Greater Manchester South West,O (84),Public administration and defence,575,580,547,532,539,510,523,567,568,598,592,629,621,600,635,681,680,651,701,692,774,837,689,722,785
TLD34,Greater Manchester South West,P (85),Education,885,849,872,840,804,765,794,764,725,732,694,690,686,694,669,666,654,664,700,716,754,785,664,719,834
TLD34,Greater Manchester South West,Q (86-88),Human health and social work activities,650,676,668,833,816,779,784,825,828,881,872,842,888,846,836,878,883,1072,1160,1170,1174,1191,832,1027,1190
TLD34,Greater Manchester South West,R (90-93),"Arts, entertainment and recreation",165,184,180,189,192,237,249,302,311,266,272,262,310,319,323,365,486,421,500,471,470,466,352,415,472
TLD34,Greater Manchester South West,S (94-96),Other service activities,204,207,230,227,224,213,204,223,220,216,231,227,232,220,194,194,233,262,250,268,293,331,282,295,340
TLD34,Greater Manchester South West,T (97-98),Activities of households,9,7,9,9,9,7,7,7,7,5,7,7,11,12,9,10,16,11,11,9,8,8,7,10,11
TLD35,Greater Manchester South East,AB (1-9),"Agriculture, forestry and fishing; mining and quarrying",13,15,14,13,12,11,11,12,13,10,9,8,7,9,10,9,13,9,8,8,14,13,13,13,12
TLD35,Greater Manchester South East,C (10-33),Manufacturing,890,1013,1076,1107,1175,1208,1250,1276,1335,1333,1329,1212,1165,1153,1167,1160,1211,1111,1167,1276,1437,1348,1395,1459,1510
TLD35,Greater Manchester South East,DE (35-39),"Electricity, gas, water; sewerage and waste management",500,546,477,528,378,360,296,250,278,246,371,443,478,413,381,434,320,233,245,246,199,233,299,162,142
TLD35,Greater Manchester South East,F (41-43),Construction,854,852,810,820,817,804,893,848,819,851,825,676,637,643,687,695,622,559,561,590,537,472,449,465,479
TLD35,Greater Manchester South East,G (45-47),Wholesale and retail trade; repair of motor vehicles,1162,1117,1211,1172,1220,1178,1180,1323,1358,1371,1279,1280,1398,1379,1510,1423,1340,1341,1234,1374,1398,1384,1588,1533,1402
TLD35,Greater Manchester South East,H (49-53),Transportation and storage,286,294,297,304,300,300,290,302,322,307,298,260,258,247,209,220,220,218,241,238,228,284,204,230,231
TLD35,Greater Manchester South East,I (55-56),Accommodation and food service activities,175,186,186,197,203,207,211,206,206,214,203,207,223,221,212,232,208,201,202,226,246,237,139,211,244
TLD35,Greater Manchester South East,J (58-63),Information and communication,64,79,96,102,125,161,164,170,188,210,197,201,210,224,241,242,257,250,285,310,391,401,492,544,543
TLD35,Greater Manchester South East,K (64-66),Financial and insurance activities,216,225,221,232,253,265,329,372,368,440,456,397,428,389,386,406,464,438,484,624,668,569,508,561,721
TLD35,Greater Manchester South East,L (68),"Real estate activities, excluding imputed rental",184,177,167,178,181,202,193,194,214,200,236,278,265,282,296,305,286,324,283,286,282,280,274,288,259
TLD35,Greater Manchester South East,M (69-75),"Professional, scientific and technical activities",238,249,248,278,293,311,328,330,366,367,358,328,342,346,371,447,447,453,430,448,483,519,434,585,708
TLD35,Greater Manchester South East,N (77-82),Administrative and support service activities,358,346,352,396,391,393,421,426,459,471,484,486,444,440,450,469,483,564,597,576,462,452,377,394,350
TLD35,Greater Manchester South East,O (84),Public administration and defence,557,561,529,514,522,493,506,549,549,578,573,609,552,492,455,422,426,414,437,456,473,477,409,423,458
TLD35,Greater Manchester South East,P (85),Education,707,678,696,670,642,611,634,610,579,584,554,551,547,554,611,591,569,574,559,576,580,590,499,555,642
TLD35,Greater Manchester South East,Q (86-88),Human health and social work activities,799,837,828,1020,994,935,941,997,1002,1065,1041,1026,1071,1084,1093,1076,1171,1270,1313,1366,1383,1392,994,1252,1441
TLD35,Greater Manchester South East,R (90-93),"Arts, entertainment and recreation",81,89,88,91,95,115,117,146,144,132,123,113,122,122,111,120,113,99,74,69,65,67,46,57,66
TLD35,Greater Manchester South East,S (94-96),Other service activities,306,302,325,324,342,339,319,333,322,313,341,336,358,342,283,275,291,332,291,340,298,274,261,279,316
TLD35,Greater Manchester South East,T (97-98),Activities of households,10,8,10,10,11,9,8,8,8,6,8,8,12,13,9,11,17,12,12,10,8,9,7,10,11
TLD36,Greater Manchester North West,AB (1-9),"Agriculture, forestry and fishing; mining and quarrying",16,19,18,19,20,16,16,18,19,14,16,18,15,16,14,15,18,11,10,10,11,11,16,14,14
TLD36,Greater Manchester North West,C (10-33),Manufacturing,1183,1314,1362,1391,1450,1524,1535,1498,1580,1545,1349,1217,1203,1203,1258,1333,1466,1461,1475,1495,1588,1577,1678,1780,1773
TLD36,Greater Manchester North West,DE (35-39),"Electricity, gas, water; sewerage and waste management",644,702,498,575,442,500,425,327,308,278,258,333,328,286,289,251,274,366,427,349,340,387,603,340,412
TLD36,Greater Manchester North West,F (41-43),Construction,952,950,908,927,879,882,961,910,880,895,872,775,740,756,826,892,866,863,872,843,861,785,812,863,945
TLD36,Greater Manchester North West,G (45-47),Wholesale and retail trade; repair of motor vehicles,1194,1153,1254,1207,1266,1220,1230,1393,1417,1430,1307,1255,1390,1362,1426,1443,1350,1402,1285,1420,1507,1414,1713,1661,1516
TLD36,Greater Manchester North West,H (49-53),Transportation and storage,546,560,549,562,543,541,556,561,584,564,562,494,481,464,485,478,512,539,567,562,655,690,548,675,635
TLD36,Greater Manchester North West,I (55-56),Accommodation and food service activities,227,242,241,256,263,268,274,267,267,278,264,268,289,287,267,279,247,234,225,239,261,225,133,209,250
TLD36,Greater Manchester North West,J (58-63),Information and communication,20,25,31,33,41,53,56,59,67,75,73,77,82,92,91,84,111,124,149,157,184,187,227,208,198
TLD36,Greater Manchester North West,K (64-66),Financial and insurance activities,208,221,211,206,204,205,244,297,273,348,375,309,335,297,305,306,321,291,371,346,330,385,315,360,360
TLD36,Greater Manchester North West,L (68),"Real estate activities, excluding imputed rental",175,162,158,176,179,198,199,197,215,212,227,264,254,266,279,345,352,391,383,415,354,306,283,339,372
TLD36,Greater Manchester North West,M (69-75),"Professional, scientific and technical activities",235,254,249,276,285,306,327,325,362,363,361,331,346,353,376,421,434,422,403,442,445,435,366,460,440
TLD36,Greater Manchester North West,N (77-82),Administrative and support service activities,355,344,369,451,452,446,476,482,516,514,491,498,465,477,514,560,491,384,425,481,449,386,357,399,383
TLD36,Greater Manchester North West,O (84),Public administration and defence,477,481,454,441,448,423,434,471,471,496,491,522,496,450,448,539,527,560,581,626,624,617,536,536,589
TLD36,Greater Manchester North West,P (85),Education,844,809,831,801,766,729,757,729,691,697,661,658,654,662,722,695,678,686,663,692,724,732,597,676,780
TLD36,Greater Manchester North West,Q (86-88),Human health and social work activities,920,970,955,1171,1144,1078,1077,1134,1137,1207,1184,1170,1218,1233,1173,1189,1235,1516,1632,1646,1573,1432,963,1347,1500
TLD36,Greater Manchester North West,R (90-93),"Arts, entertainment and recreation",138,154,145,163,168,211,220,270,266,239,235,216,247,253,220,238,203,169,118,124,118,97,80,89,96
TLD36,Greater Manchester North West,S (94-96),Other service activities,138,139,154,152,151,145,139,150,148,145,155,153,157,149,132,136,149,169,177,207,222,225,182,174,194
TLD36,Greater Manchester North West,T (97-98),Activities of households,12,9,12,12,12,10,9,9,10,7,10,9,14,16,11,13,20,14,14,11,9,10,8,12,13
TLD37,Greater Manchester North East,AB (1-9),"Agriculture, forestry and fishing; mining and quarrying",11,13,13,14,15,13,13,14,14,10,12,13,11,11,10,10,15,6,6,6,8,8,11,9,10
TLD37,Greater Manchester North East,C (10-33),Manufacturing,1096,1250,1318,1368,1403,1458,1498,1510,1573,1593,1562,1415,1445,1426,1511,1497,1554,1678,1585,1691,1728,1764,1797,1876,1861
TLD37,Greater Manchester North East,DE (35-39),"Electricity, gas, water; sewerage and waste management",235,218,218,225,197,199,176,168,160,143,139,150,144,127,133,155,156,170,164,251,283,314,165,134,131
TLD37,Greater Manchester North East,F (41-43),Construction,863,868,829,847,810,813,901,848,823,839,824,723,685,696,714,705,753,755,721,763,780,694,641,735,785
TLD37,Greater Manchester North East,G (45-47),Wholesale and retail trade; repair of motor vehicles,1304,1257,1369,1319,1377,1327,1335,1508,1540,1556,1440,1407,1546,1519,1533,1631,1532,1507,1445,1651,1749,2018,1985,1927,1801
TLD37,Greater Manchester North East,H (49-53),Transportation and storage,770,788,758,777,744,737,767,762,786,771,771,684,661,634,660,662,661,725,770,735,709,712,613,621,622
TLD37,Greater Manchester North East,I (55-56),Accommodation and food service activities,223,237,236,251,258,263,269,262,261,272,259,263,284,282,276,294,260,244,230,248,267,255,158,245,296
TLD37,Greater Manchester North East,J (58-63),Information and communication,22,30,40,46,62,83,90,99,124,148,149,170,194,226,238,247,277,284,271,227,232,225,277,283,310
TLD37,Greater Manchester North East,K (64-66),Financial and insurance activities,177,178,177,200,239,262,341,366,386,432,432,369,403,372,374,360,304,326,297,196,193,179,135,128,141
TLD37,Greater Manchester North East,L (68),"Real estate activities, excluding imputed rental",204,193,184,201,205,227,223,222,244,234,263,308,295,311,304,374,433,469,462,450,400,456,447,501,550
TLD37,Greater Manchester North East,M (69-75),"Professional, scientific and technical activities",165,178,176,202,212,226,238,244,268,277,281,262,270,268,278,323,324,346,366,394,446,413,295,361,347
TLD37,Greater Manchester North East,N (77-82),Administrative and support service activities,251,248,254,283,283,287,297,291,294,293,278,273,247,241,256,302,321,310,350,374,348,391,332,334,338
TLD37,Greater Manchester North East,O (84),Public administration and defence,435,439,414,402,408,385,396,429,429,452,448,476,471,469,477,428,421,386,426,483,505,525,468,468,506
TLD37,Greater Manchester North East,P (85),Education,931,893,917,883,846,805,835,804,762,770,730,726,721,731,786,758,732,740,736,738,750,747,623,677,782
TLD37,Greater Manchester North East,Q (86-88),Human health and social work activities,776,808,799,992,971,923,928,979,983,1046,1031,1002,1068,1072,1123,1107,1140,1261,1381,1275,1203,1193,794,1005,1176
TLD37,Greater Manchester North East,R (90-93),"Arts, entertainment and recreation",73,81,77,84,87,108,112,138,136,123,120,110,125,128,114,124,111,100,71,72,67,65,50,69,97
TLD37,Greater Manchester North East,S (94-96),Other service activities,175,176,195,194,191,177,173,190,194,188,203,193,196,190,174,168,166,186,186,219,204,188,164,163,167
TLD37,Greater Manchester North East,T (97-98),Activities of households,12,9,13,13,13,10,10,10,10,7,10,9,14,16,11,14,21,15,14,12,10,11,9,13,14
TLD41,Blackburn with Darwen,AB (1-9),"Agriculture, forestry and fishing; mining and quarrying",2,3,2,3,3,2,2,2,2,1,2,2,2,2,2,2,2,2,2,2,2,2,2,2,2
TLD41,Blackburn with Darwen,C (10-33),Manufacturing,349,373,372,382,405,429,428,445,452,456,451,415,442,426,491,538,563,642,594,600,618,645,665,737,744
TLD41,Blackburn with Darwen,DE (35-39),"Electricity, gas, water; sewerage and waste management",57,53,46,46,39,45,41,45,40,42,39,33,27,24,24,23,22,33,39,39,34,32,37,28,35
TLD41,Blackburn with Darwen,F (41-43),Construction,151,153,161,156,161,152,162,152,144,139,127,100,125,135,114,132,135,143,133,115,115,120,112,135,182
TLD41,Blackburn with Darwen,G (45-47),Wholesale and retail trade; repair of motor vehicles,284,282,272,288,301,332,342,321,331,352,382,356,385,403,398,370,453,457,559,531,499,472,408,497,551
TLD41,Blackburn with Darwen,H (49-53),Transportation and storage,130,127,119,114,126,133,143,129,153,156,152,133,131,120,132,130,120,112,131,119,117,99,67,60,67
TLD41,Blackburn with Darwen,I (55-56),Accommodation and food service activities,57,62,61,59,60,57,59,58,53,53,50,51,47,48,49,53,49,56,51,62,71,62,43,72,88
TLD41,Blackburn with Darwen,J (58-63),Information and communication,12,15,21,24,30,33,35,34,39,45,46,48,51,56,59,61,77,90,118,107,105,113,133,174,177
TLD41,Blackburn with Darwen,K (64-66),Financial and insurance activities,45,47,47,48,59,62,74,90,91,86,85,81,66,64,57,68,65,64,68,71,77,71,81,112,116
TLD41,Blackburn with Darwen,L (68),"Real estate activities, excluding imputed rental",58,63,61,60,61,66,66,69,74,73,88,96,97,100,100,93,79,94,85,98,63,67,66,83,86
TLD41,Blackburn with Darwen,M (69-75),"Professional, scientific and technical activities",98,105,113,113,118,140,146,147,150,151,155,161,173,161,145,141,131,131,125,139,140,152,150,162,146
TLD41,Blackburn with Darwen,N (77-82),Administrative and support service activities,34,33,35,33,33,41,42,43,43,48,47,41,47,46,53,62,72,84,101,121,131,164,133,164,175
TLD41,Blackburn with Darwen,O (84),Public administration and defence,143,139,132,144,139,133,141,142,149,145,143,143,132,131,140,125,131,122,147,132,146,173,157,177,177
TLD41,Blackburn with Darwen,P (85),Education,182,191,192,189,192,185,192,188,191,189,177,173,176,181,222,228,214,208,213,209,221,215,176,194,216
TLD41,Blackburn with Darwen,Q (86-88),Human health and social work activities,312,300,314,340,309,360,396,414,391,401,378,353,382,393,453,466,489,547,497,522,491,469,300,395,473
TLD41,Blackburn with Darwen,R (90-93),"Arts, entertainment and recreation",47,47,53,57,67,79,75,66,68,64,65,63,64,70,73,59,43,37,30,20,19,20,11,17,20
TLD41,Blackburn with Darwen,S (94-96),Other service activities,42,41,44,44,46,41,43,39,39,38,39,39,37,33,29,24,30,32,37,46,46,50,38,44,46
TLD41,Blackburn with Darwen,T (97-98),Activities of households,3,2,4,5,5,5,5,5,5,5,5,3,2,3,3,6,5,5,4,4,5,6,4,7,6
TLD42,Blackpool,AB (1-9),"Agriculture, forestry and fishing; mining and quarrying",1,0,1,1,1,1,1,1,1,1,2,2,3,2,1,1,1,1,1,0,0,1,0,0,0
TLD42,Blackpool,C (10-33),Manufacturing,138,143,134,135,141,149,160,163,164,158,145,139,142,141,155,154,164,156,166,172,176,178,196,215,232
TLD42,Blackpool,DE (35-39),"Electricity, gas, water; sewerage and waste management",41,42,34,39,34,35,29,28,28,25,23,21,18,16,15,16,17,21,18,19,20,24,36,14,18
TLD42,Blackpool,F (41-43),Construction,148,150,156,153,159,150,160,148,140,133,116,86,107,119,106,115,97,92,88,77,94,95,62,87,95
TLD42,Blackpool,G (45-47),Wholesale and retail trade; repair of motor vehicles,261,248,245,260,263,280,287,271,271,282,283,252,290,299,280,263,290,310,331,344,308,313,286,330,340
TLD42,Blackpool,H (49-53),Transportation and storage,55,53,50,49,53,54,55,51,57,58,55,49,48,46,47,47,50,40,45,46,48,47,24,24,38
TLD42,Blackpool,I (55-56),Accommodation and food service activities,170,184,175,169,187,187,189,193,181,170,165,153,154,169,168,179,181,166,170,193,185,184,113,186,248
TLD42,Blackpool,J (58-63),Information and communication,5,7,9,10,12,12,12,13,14,16,16,17,17,17,19,23,45,58,59,77,70,72,31,54,56
TLD42,Blackpool,K (64-66),Financial and insurance activities,47,48,49,50,62,65,78,96,96,90,89,84,68,67,60,64,57,55,60,40,33,35,33,34,26
TLD42,Blackpool,L (68),"Real estate activities, excluding imputed rental",21,22,23,24,24,25,26,27,28,29,31,33,33,34,38,29,30,35,38,32,26,31,27,26,32
TLD42,Blackpool,M (69-75),"Professional, scientific and technical activities",35,40,43,44,46,53,54,55,56,54,55,58,59,55,50,50,92,101,116,114,99,92,51,80,74
TLD42,Blackpool,N (77-82),Administrative and support service activities,54,51,53,47,47,59,63,64,62,70,70,58,65,65,64,61,37,37,41,54,70,94,66,75,72
TLD42,Blackpool,O (84),Public administration and defence,343,332,317,344,332,320,338,339,358,347,343,343,321,313,309,296,280,273,269,280,313,353,345,388,375
TLD42,Blackpool,P (85),Education,144,151,151,149,151,146,152,148,150,149,140,137,138,143,183,182,169,159,162,164,166,165,137,155,172
TLD42,Blackpool,Q (86-88),Human health and social work activities,349,336,351,380,347,403,441,460,434,446,424,399,451,430,450,450,464,523,572,635,690,734,570,542,700
TLD42,Blackpool,R (90-93),"Arts, entertainment and recreation",100,104,108,111,129,145,149,133,132,124,124,117,117,136,146,162,146,146,143,139,122,138,70,77,96
TLD42,Blackpool,S (94-96),Other service activities,37,36,38,38,40,36,37,34,34,32,33,32,31,28,26,24,26,27,31,34,36,29,23,19,29
TLD42,Blackpool,T (97-98),Activities of households,3,3,4,5,5,5,5,5,5,5,5,3,2,3,3,6,5,5,3,4,5,5,4,7,5
TLD44,Lancaster and Wyre,AB (1-9),"Agriculture, forestry and fishing; mining and quarrying",36,39,42,53,55,48,43,42,42,30,45,50,48,60,55,53,76,68,53,57,48,63,61,53,57
TLD44,Lancaster and Wyre,C (10-33),Manufacturing,209,222,226,219,227,247,237,242,252,240,255,226,226,221,260,281,318,472,431,436,463,495,523,533,554
TLD44,Lancaster and Wyre,DE (35-39),"Electricity, gas, water; sewerage and waste management",711,836,532,607,603,848,777,885,901,834,658,346,285,287,332,406,381,533,546,437,437,434,609,331,345
TLD44,Lancaster and Wyre,F (41-43),Construction,313,315,331,319,329,319,335,311,294,284,263,214,256,281,250,258,251,286,273,267,262,289,250,306,329
TLD44,Lancaster and Wyre,G (45-47),Wholesale and retail trade; repair of motor vehicles,401,389,380,403,413,447,459,433,439,460,480,437,489,507,505,491,550,558,601,597,577,564,455,575,589
TLD44,Lancaster and Wyre,H (49-53),Transportation and storage,189,181,176,174,179,221,246,220,217,206,203,167,165,171,164,178,164,138,137,138,135,141,99,146,144
TLD44,Lancaster and Wyre,I (55-56),Accommodation and food service activities,182,197,189,183,197,194,197,198,184,177,170,163,159,170,185,212,193,181,171,183,184,191,139,205,246
TLD44,Lancaster and Wyre,J (58-63),Information and communication,16,19,25,28,34,38,41,40,44,49,48,49,51,53,59,64,64,83,90,94,111,126,113,130,177
TLD44,Lancaster and Wyre,K (64-66),Financial and insurance activities,115,123,128,127,149,160,173,198,211,212,213,218,183,167,143,150,126,144,117,120,105,96,77,93,82
TLD44,Lancaster and Wyre,L (68),"Real estate activities, excluding imputed rental",109,117,113,112,114,122,123,128,138,136,163,178,180,185,183,176,153,145,97,97,107,119,89,104,89
TLD44,Lancaster and Wyre,M (69-75),"Professional, scientific and technical activities",76,87,95,95,101,113,117,118,122,124,129,136,140,128,142,156,144,151,165,178,181,200,205,258,253
TLD44,Lancaster and Wyre,N (77-82),Administrative and support service activities,93,85,84,76,72,81,83,86,88,100,99,83,93,90,91,88,84,93,102,106,100,102,74,80,83
TLD44,Lancaster and Wyre,O (84),Public administration and defence,152,147,140,152,147,141,149,150,158,153,151,151,157,136,134,126,110,108,117,110,115,121,108,124,120
TLD44,Lancaster and Wyre,P (85),Education,452,474,477,468,475,459,477,465,473,469,440,430,436,449,426,456,437,445,472,488,479,507,407,447,500
TLD44,Lancaster and Wyre,Q (86-88),Human health and social work activities,324,308,323,351,320,373,411,430,405,415,389,364,404,399,421,404,405,421,430,447,425,436,274,347,409
TLD44,Lancaster and Wyre,R (90-93),"Arts, entertainment and recreation",40,43,46,44,47,50,52,46,45,43,41,39,38,44,46,47,44,43,36,37,36,34,29,32,44
TLD44,Lancaster and Wyre,S (94-96),Other service activities,84,84,89,89,93,84,87,79,79,78,80,81,77,69,64,68,80,112,124,131,124,106,65,65,76
TLD44,Lancaster and Wyre,T (97-98),Activities of households,5,4,6,8,8,8,9,8,8,8,8,6,4,5,5,10,8,8,6,6,8,9,7,12,10
TLD45,Mid Lancashire,AB (1-9),"Agriculture, forestry and fishing; mining and quarrying",43,47,51,63,64,52,46,45,45,33,50,56,55,71,62,62,97,78,77,82,77,93,92,82,85
TLD45,Mid Lancashire,C (10-33),Manufacturing,2311,2598,2810,2883,2924,3071,3329,3564,3609,3621,3189,2350,2223,2266,2150,2318,2437,2665,2808,2890,2655,2435,2894,3076,3244
TLD45,Mid Lancashire,DE (35-39),"Electricity, gas, water; sewerage and waste management",401,366,389,411,358,390,346,344,300,322,259,256,216,202,208,243,267,330,346,303,315,322,435,367,293
TLD45,Mid Lancashire,F (41-43),Construction,1128,1092,1177,1094,1105,1172,1190,1081,1021,1013,1027,966,1033,1142,1078,1075,1084,1183,1229,1303,1175,1135,1144,1202,1108
TLD45,Mid Lancashire,G (45-47),Wholesale and retail trade; repair of motor vehicles,1071,1086,1042,1094,1142,1274,1312,1254,1285,1363,1497,1403,1510,1579,1625,1456,1640,1680,1782,1731,1585,1644,1383,1746,1750
TLD45,Mid Lancashire,H (49-53),Transportation and storage,370,359,339,335,360,367,379,358,397,407,390,349,361,359,378,398,372,329,357,354,398,414,269,305,316
TLD45,Mid Lancashire,I (55-56),Accommodation and food service activities,327,354,340,331,352,345,352,352,326,315,303,292,283,300,313,338,322,326,311,355,342,326,200,318,375
TLD45,Mid Lancashire,J (58-63),Information and communication,65,79,103,120,147,168,178,175,192,224,214,214,225,238,262,268,262,269,314,302,322,380,386,424,383
TLD45,Mid Lancashire,K (64-66),Financial and insurance activities,499,474,472,444,412,409,432,507,427,565,682,724,714,562,620,565,507,403,435,296,272,206,162,201,175
TLD45,Mid Lancashire,L (68),"Real estate activities, excluding imputed rental",279,300,291,290,295,316,320,332,355,355,416,454,459,468,502,490,463,469,486,529,503,490,506,557,601
TLD45,Mid Lancashire,M (69-75),"Professional, scientific and technical activities",319,371,404,395,426,481,491,496,508,507,536,574,593,553,519,544,502,505,502,562,510,557,533,658,715
TLD45,Mid Lancashire,N (77-82),Administrative and support service activities,320,286,291,280,285,329,337,351,356,397,385,330,366,351,373,406,477,508,491,547,576,585,436,498,611
TLD45,Mid Lancashire,O (84),Public administration and defence,754,730,696,756,730,703,742,745,787,762,753,753,749,758,807,779,745,755,765,725,728,707,617,685,684
TLD45,Mid Lancashire,P (85),Education,516,542,544,534,543,525,545,531,540,536,503,491,498,513,531,524,506,514,529,584,616,623,512,601,674
TLD45,Mid Lancashire,Q (86-88),Human health and social work activities,934,939,971,1038,951,1093,1190,1231,1163,1203,1180,1107,1225,1221,1199,1124,1107,1076,1124,1151,1135,1243,898,1071,1097
TLD45,Mid Lancashire,R (90-93),"Arts, entertainment and recreation",130,137,160,157,167,183,175,152,157,151,153,151,150,155,166,165,152,166,160,159,156,152,111,96,122
TLD45,Mid Lancashire,S (94-96),Other service activities,208,199,203,199,207,186,195,177,178,174,183,183,179,165,172,184,202,208,221,208,185,175,153,177,199
TLD45,Mid Lancashire,T (97-98),Activities of households,8,6,9,12,13,12,13,12,12,12,12,9,6,7,7,15,13,13,10,10,13,14,12,19,16
TLD46,East Lancashire,AB (1-9),"Agriculture, forestry and fishing; mining and quarrying",12,13,14,17,17,14,12,12,12,9,14,15,15,19,16,15,23,20,16,13,8,10,10,9,9
TLD46,East Lancashire,C (10-33),Manufacturing,1156,1303,1364,1430,1488,1557,1660,1772,1850,1823,1667,1368,1389,1440,1466,1466,1512,1506,1509,1620,1687,1588,1499,1619,1632
TLD46,East Lancashire,DE (35-39),"Electricity, gas, water; sewerage and waste management",89,80,79,78,67,65,61,66,55,56,51,54,44,38,37,55,57,65,89,85,89,92,107,78,72
TLD46,East Lancashire,F (41-43),Construction,377,380,400,384,397,379,402,377,356,346,323,263,321,348,297,310,314,344,326,319,322,334,302,361,361
TLD46,East Lancashire,G (45-47),Wholesale and retail trade; repair of motor vehicles,715,714,688,728,759,839,863,816,838,890,967,902,977,1021,1055,1004,1143,1177,1345,1319,1202,1254,1105,1311,1206
TLD46,East Lancashire,H (49-53),Transportation and storage,151,144,136,136,144,146,148,138,151,153,143,128,123,123,136,151,155,139,146,133,137,166,142,162,161
TLD46,East Lancashire,I (55-56),Accommodation and food service activities,181,196,187,180,198,197,199,202,189,179,173,163,162,176,187,169,134,125,122,132,133,143,101,168,181
TLD46,East Lancashire,J (58-63),Information and communication,5,7,10,11,14,15,16,16,18,21,22,25,27,31,36,40,67,91,118,131,198,259,286,281,257
TLD46,East Lancashire,K (64-66),Financial and insurance activities,94,102,107,106,122,132,139,156,169,173,174,181,153,138,118,122,121,116,117,154,120,124,125,156,180
TLD46,East Lancashire,L (68),"Real estate activities, excluding imputed rental",143,155,148,146,149,160,161,168,181,179,215,235,239,245,261,225,210,219,180,147,140,106,116,126,110
TLD46,East Lancashire,M (69-75),"Professional, scientific and technical activities",91,107,117,117,121,139,141,142,146,147,153,158,160,149,132,146,151,168,161,160,155,165,139,162,166
TLD46,East Lancashire,N (77-82),Administrative and support service activities,151,150,157,148,150,195,199,206,208,240,226,205,234,221,228,241,246,275,299,344,320,237,136,152,164
TLD46,East Lancashire,O (84),Public administration and defence,173,168,160,174,168,161,170,171,181,175,173,173,163,173,175,160,146,136,145,135,133,129,111,117,106
TLD46,East Lancashire,P (85),Education,415,435,437,429,436,421,438,427,433,430,404,394,399,412,443,439,425,429,435,367,397,392,334,364,407
TLD46,East Lancashire,Q (86-88),Human health and social work activities,382,377,392,422,385,445,487,506,478,492,475,443,492,490,486,469,471,495,515,507,476,495,340,415,463
TLD46,East Lancashire,R (90-93),"Arts, entertainment and recreation",45,47,49,52,61,70,70,62,62,58,57,54,55,64,66,61,76,73,77,97,103,100,65,59,74
TLD46,East Lancashire,S (94-96),Other service activities,149,151,163,160,169,153,159,144,144,149,156,168,157,145,150,149,146,72,76,83,91,125,90,128,150
TLD46,East Lancashire,T (97-98),Activities of households,7,6,8,11,11,11,12,11,11,11,10,8,5,6,6,13,11,11,8,8,11,12,10,16,13
TLD47,Chorley and West Lancashire,AB (1-9),"Agriculture, forestry and fishing; mining and quarrying",46,51,55,68,69,55,49,48,49,36,54,59,59,76,65,64,98,87,76,76,62,81,68,58,57
TLD47,Chorley and West Lancashire,C (10-33),Manufacturing,365,391,372,362,397,396,421,427,435,455,458,444,477,468,528,548,558,527,555,558,598,609,668,778,805
TLD47,Chorley and West Lancashire,DE (35-39),"Electricity, gas, water; sewerage and waste management",160,134,148,146,123,133,122,128,103,117,102,107,87,80,78,89,91,79,81,75,83,84,98,96,95
TLD47,Chorley and West Lancashire,F (41-43),Construction,331,328,349,331,339,336,351,326,308,302,293,254,295,320,306,320,308,350,353,353,348,358,330,371,426
TLD47,Chorley and West Lancashire,G (45-47),Wholesale and retail trade; repair of motor vehicles,451,445,432,455,467,511,525,502,506,531,562,516,571,593,585,514,580,580,679,672,638,652,569,702,697
TLD47,Chorley and West Lancashire,H (49-53),Transportation and storage,253,239,222,219,235,240,249,228,260,266,245,219,213,210,238,232,240,219,230,213,217,230,182,188,184
TLD47,Chorley and West Lancashire,I (55-56),Accommodation and food service activities,189,205,199,195,200,192,198,194,178,177,169,168,158,161,164,199,191,178,178,174,169,175,122,198,229
TLD47,Chorley and West Lancashire,J (58-63),Information and communication,41,46,60,70,84,87,82,85,94,102,102,100,97,88,91,88,95,96,113,145,153,186,133,211,222
TLD47,Chorley and West Lancashire,K (64-66),Financial and insurance activities,65,66,67,68,85,88,106,131,131,123,121,115,93,91,78,85,89,86,180,260,225,262,233,248,270
TLD47,Chorley and West Lancashire,L (68),"Real estate activities, excluding imputed rental",42,43,44,46,48,50,52,52,54,57,60,64,64,64,61,67,91,103,132,129,141,211,210,204,168
TLD47,Chorley and West Lancashire,M (69-75),"Professional, scientific and technical activities",162,169,180,181,187,227,239,242,240,243,254,270,298,282,251,244,243,248,245,276,307,303,268,352,375
TLD47,Chorley and West Lancashire,N (77-82),Administrative and support service activities,137,123,127,128,133,144,152,157,160,175,175,151,164,159,154,146,143,173,179,193,202,220,158,186,189
TLD47,Chorley and West Lancashire,O (84),Public administration and defence,120,117,111,121,117,112,119,119,126,122,120,120,115,119,102,97,101,102,105,103,116,135,143,160,157
TLD47,Chorley and West Lancashire,P (85),Education,298,313,315,309,314,303,315,307,312,310,290,284,288,297,282,285,280,279,298,297,312,315,268,307,342
TLD47,Chorley and West Lancashire,Q (86-88),Human health and social work activities,377,367,382,411,379,437,473,491,465,480,463,442,486,465,465,470,472,510,473,454,414,418,304,357,405
TLD47,Chorley and West Lancashire,R (90-93),"Arts, entertainment and recreation",35,36,40,42,47,54,52,47,48,45,48,47,46,49,50,46,40,39,35,30,26,26,19,18,23
TLD47,Chorley and West Lancashire,S (94-96),Other service activities,60,59,63,62,65,59,61,55,55,56,59,62,59,54,55,57,66,64,67,67,84,81,66,76,93
TLD47,Chorley and West Lancashire,T (97-98),Activities of households,4,4,5,7,7,7,8,7,7,7,7,5,3,4,4,9,8,8,6,6,8,8,7,11,9
TLD61,Warrington,AB (1-9),"Agriculture, forestry and fishing; mining and quarrying",3,3,3,4,4,4,4,4,4,3,5,6,4,5,5,4,7,5,4,5,4,5,4,4,5
TLD61,Warrington,C (10-33),Manufacturing,487,511,500,548,567,505,508,573,542,544,490,432,388,346,416,423,492,551,533,586,624,648,726,644,606
TLD61,Warrington,DE (35-39),"Electricity, gas, water; sewerage and waste management",691,729,763,897,738,735,710,661,666,639,485,505,499,474,453,424,440,439,391,366,360,396,431,315,262
TLD61,Warrington,F (41-43),Construction,870,943,890,882,842,853,812,839,889,856,811,655,666,722,684,688,706,722,734,870,951,892,1021,1181,1133
TLD61,Warrington,G (45-47),Wholesale and retail trade; repair of motor vehicles,719,721,759,776,783,725,737,819,828,855,827,677,791,750,745,736,768,807,778,883,886,943,751,842,825
TLD61,Warrington,H (49-53),Transportation and storage,362,362,376,396,386,400,403,398,410,401,401,365,386,405,408,412,373,328,353,346,417,458,386,450,522
TLD61,Warrington,I (55-56),Accommodation and food service activities,174,163,143,137,160,160,177,144,145,149,157,137,142,154,151,184,189,193,205,220,189,192,129,147,171
TLD61,Warrington,J (58-63),Information and communication,26,30,51,74,98,135,145,163,181,226,240,245,272,310,293,252,245,313,398,462,418,462,536,512,513
TLD61,Warrington,K (64-66),Financial and insurance activities,14,18,15,16,22,26,28,28,33,38,38,43,36,35,29,48,41,40,91,111,161,189,40,55,53
TLD61,Warrington,L (68),"Real estate activities, excluding imputed rental",155,149,148,159,165,167,158,151,163,155,161,175,188,190,195,195,222,226,238,227,226,234,312,331,312
TLD61,Warrington,M (69-75),"Professional, scientific and technical activities",355,335,302,322,325,323,394,394,470,445,406,385,377,380,431,529,530,615,637,719,638,785,993,1159,1135
TLD61,Warrington,N (77-82),Administrative and support service activities,334,325,325,387,403,370,363,397,444,449,422,377,440,525,606,847,1024,1121,1154,1147,1046,1081,878,874,984
TLD61,Warrington,O (84),Public administration and defence,290,286,306,334,321,317,292,263,265,284,290,359,367,338,350,318,345,364,356,368,330,355,340,365,379
TLD61,Warrington,P (85),Education,256,279,294,305,267,267,263,272,251,246,226,220,219,220,247,238,233,230,229,227,243,251,192,209,233
TLD61,Warrington,Q (86-88),Human health and social work activities,283,297,307,335,325,342,389,399,392,399,385,371,413,408,406,439,443,452,485,533,526,534,411,516,557
TLD61,Warrington,R (90-93),"Arts, entertainment and recreation",95,96,85,73,77,83,80,80,86,82,77,60,60,62,56,60,53,54,47,47,50,54,34,32,35
TLD61,Warrington,S (94-96),Other service activities,142,130,117,109,118,123,121,127,141,132,135,129,150,166,174,172,189,184,182,199,195,134,91,107,123
TLD61,Warrington,T (97-98),Activities of households,9,11,11,10,7,7,9,12,10,7,8,7,10,8,7,7,7,6,9,10,8,9,8,8,8
TLD62,Cheshire East,AB (1-9),"Agriculture, forestry and fishing; mining and quarrying",88,97,95,115,117,109,99,108,111,88,117,123,99,131,124,119,178,138,118,124,101,124,100,109,119
TLD62,Cheshire East,C (10-33),Manufacturing,2363,2544,2534,3490,3475,2767,3743,4117,4396,4324,4016,3355,3316,3615,4134,4234,4203,4593,4515,3853,3796,3735,4024,3274,3650
TLD62,Cheshire East,DE (35-39),"Electricity, gas, water; sewerage and waste management",315,302,361,454,399,430,407,337,317,281,219,201,228,221,219,219,212,188,191,216,232,251,314,230,220
TLD62,Cheshire East,F (41-43),Construction,595,643,609,603,575,586,559,580,614,589,556,448,455,486,498,592,608,593,609,590,621,646,587,638,677
TLD62,Cheshire East,G (45-47),Wholesale and retail trade; repair of motor vehicles,1122,1128,1186,1212,1223,1133,1151,1275,1287,1330,1285,1055,1232,1168,1124,1142,1203,1165,1157,1353,1611,1665,1403,1655,1640
TLD62,Cheshire East,H (49-53),Transportation and storage,425,442,428,465,472,487,513,483,505,496,498,461,532,560,580,571,585,624,618,639,544,572,450,511,489
TLD62,Cheshire East,I (55-56),Accommodation and food service activities,269,256,230,218,264,263,289,235,235,241,252,229,241,267,273,322,321,321,380,360,335,330,230,292,408
TLD62,Cheshire East,J (58-63),Information and communication,62,64,100,124,156,201,203,220,242,319,341,326,344,376,379,379,436,439,510,544,661,639,661,582,650
TLD62,Cheshire East,K (64-66),Financial and insurance activities,423,389,390,295,255,275,287,392,337,354,360,413,427,416,488,559,681,542,683,729,717,693,841,923,689
TLD62,Cheshire East,L (68),"Real estate activities, excluding imputed rental",391,379,371,397,413,419,398,380,411,386,407,444,478,486,464,443,442,380,347,376,338,345,327,277,260
TLD62,Cheshire East,M (69-75),"Professional, scientific and technical activities",627,670,630,715,763,742,839,846,1232,1252,1162,1149,1205,1219,1192,1079,1169,1574,1408,1393,1443,1471,1332,1266,1273
TLD62,Cheshire East,N (77-82),Administrative and support service activities,307,295,289,366,385,387,413,434,481,472,425,378,435,444,451,420,488,482,519,563,532,547,488,562,653
TLD62,Cheshire East,O (84),Public administration and defence,207,204,219,238,229,226,208,188,189,202,207,256,251,224,219,231,247,255,258,223,210,243,239,260,260
TLD62,Cheshire East,P (85),Education,478,521,547,568,497,497,489,507,467,459,421,410,407,409,413,404,419,411,409,410,429,437,352,377,421
TLD62,Cheshire East,Q (86-88),Human health and social work activities,551,581,600,653,631,668,760,779,767,778,747,718,755,784,776,772,822,811,844,922,867,873,571,742,858
TLD62,Cheshire East,R (90-93),"Arts, entertainment and recreation",132,131,132,104,114,122,114,121,142,132,131,110,118,123,134,129,117,107,91,96,101,100,57,72,89
TLD62,Cheshire East,S (94-96),Other service activities,206,187,168,156,166,171,160,164,171,161,166,157,174,176,173,177,204,202,219,230,244,269,187,263,287
TLD62,Cheshire East,T (97-98),Activities of households,16,20,20,19,12,13,17,23,19,14,14,14,19,14,13,13,12,10,17,18,15,17,16,16,16
TLD63,Cheshire West and Chester,AB (1-9),"Agriculture, forestry and fishing; mining and quarrying",63,68,67,81,84,77,71,76,79,63,79,83,69,91,85,82,132,99,82,93,108,118,88,99,115
TLD63,Cheshire West and Chester,C (10-33),Manufacturing,1027,1080,1080,1203,1083,1196,1284,1324,1426,1422,1471,1720,1703,1449,1648,1889,2209,2305,2432,2419,2325,2174,1909,2064,2227
TLD63,Cheshire West and Chester,DE (35-39),"Electricity, gas, water; sewerage and waste management",314,287,330,365,319,318,311,290,268,232,169,129,128,125,140,165,184,199,213,257,327,367,390,281,289
TLD63,Cheshire West and Chester,F (41-43),Construction,462,500,471,465,439,437,417,428,460,449,435,362,370,401,352,343,350,339,358,324,350,335,294,383,432
TLD63,Cheshire West and Chester,G (45-47),Wholesale and retail trade; repair of motor vehicles,889,906,947,970,975,906,925,997,988,1032,986,825,960,899,964,1015,1127,1117,1069,1224,1334,1448,1128,1279,1239
TLD63,Cheshire West and Chester,H (49-53),Transportation and storage,195,192,197,207,201,205,205,203,210,208,211,189,194,202,190,196,187,171,180,198,258,277,275,304,316
TLD63,Cheshire West and Chester,I (55-56),Accommodation and food service activities,390,369,330,313,376,374,412,336,336,345,361,324,340,376,364,407,393,393,410,417,355,347,227,283,363
TLD63,Cheshire West and Chester,J (58-63),Information and communication,38,40,62,76,91,112,117,128,137,166,158,153,163,176,184,162,173,199,213,233,286,320,335,278,333
TLD63,Cheshire West and Chester,K (64-66),Financial and insurance activities,929,1183,995,1076,1487,1767,1661,1751,1947,2428,2452,2561,2301,2245,2273,1970,1845,1628,1688,1797,1779,1715,1458,1697,1842
TLD63,Cheshire West and Chester,L (68),"Real estate activities, excluding imputed rental",188,181,179,193,200,202,192,183,197,188,195,212,228,231,244,247,241,312,331,383,355,387,316,376,384
TLD63,Cheshire West and Chester,M (69-75),"Professional, scientific and technical activities",459,495,457,533,593,548,594,600,987,1049,1009,1013,1085,1076,1052,925,915,408,425,466,496,536,602,681,708
TLD63,Cheshire West and Chester,N (77-82),Administrative and support service activities,258,244,245,280,286,268,260,288,320,320,293,249,269,271,267,321,390,390,423,467,433,458,400,419,400
TLD63,Cheshire West and Chester,O (84),Public administration and defence,363,358,383,418,401,397,365,329,332,355,363,449,440,405,429,410,407,456,434,423,427,448,439,461,494
TLD63,Cheshire West and Chester,P (85),Education,548,597,627,652,570,569,561,581,535,526,483,470,467,469,435,412,431,434,428,438,461,485,378,424,470
TLD63,Cheshire West and Chester,Q (86-88),Human health and social work activities,441,464,481,522,503,533,612,628,618,623,595,571,597,609,596,603,617,624,643,689,659,647,439,614,661
TLD63,Cheshire West and Chester,R (90-93),"Arts, entertainment and recreation",113,112,113,94,104,111,104,108,130,123,125,105,110,111,114,126,123,126,132,133,143,149,90,129,144
TLD63,Cheshire West and Chester,S (94-96),Other service activities,169,155,138,129,137,140,128,130,132,125,130,123,133,126,130,115,105,94,94,109,127,130,89,116,123
TLD63,Cheshire West and Chester,T (97-98),Activities of households,15,18,18,18,11,12,15,21,18,12,13,12,17,13,11,12,11,9,15,16,13,15,14,14,14
TLD71,East Merseyside,AB (1-9),"Agriculture, forestry and fishing; mining and quarrying",13,15,15,15,16,14,13,14,15,12,12,12,13,17,16,16,20,19,18,17,19,23,20,23,24
TLD71,East Merseyside,C (10-33),Manufacturing,1629,1727,1706,1862,1882,2157,2044,2042,2308,2211,2418,2222,2170,2191,2076,2192,2525,2623,2401,2539,2443,2421,2327,2315,2060
TLD71,East Merseyside,DE (35-39),"Electricity, gas, water; sewerage and waste management",230,229,255,250,232,253,233,226,232,204,140,166,160,147,136,154,164,177,220,228,222,231,260,271,242
TLD71,East Merseyside,F (41-43),Construction,794,834,829,808,841,807,821,837,870,833,755,689,699,752,717,797,824,844,901,993,894,897,816,759,886
TLD71,East Merseyside,G (45-47),Wholesale and retail trade; repair of motor vehicles,851,924,988,1029,976,996,1052,973,1067,1009,956,954,1060,1019,975,966,1071,1102,1159,1091,1105,1217,1055,1435,1404
TLD71,East Merseyside,H (49-53),Transportation and storage,555,573,613,660,621,596,566,599,686,677,652,635,653,619,611,588,576,599,596,574,658,696,556,653,704
TLD71,East Merseyside,I (55-56),Accommodation and food service activities,164,170,167,171,177,195,198,195,198,185,193,175,185,194,182,207,188,182,176,169,163,179,137,167,197
TLD71,East Merseyside,J (58-63),Information and communication,22,30,45,53,60,69,81,91,101,115,140,154,177,220,246,284,339,443,503,528,593,382,231,284,294
TLD71,East Merseyside,K (64-66),Financial and insurance activities,543,456,563,574,613,573,624,686,605,739,794,730,688,586,459,414,383,316,234,207,186,223,227,194,127
TLD71,East Merseyside,L (68),"Real estate activities, excluding imputed rental",205,218,201,205,200,207,217,214,239,228,278,308,306,316,301,333,308,299,286,282,265,302,273,293,275
TLD71,East Merseyside,M (69-75),"Professional, scientific and technical activities",385,405,396,385,429,441,468,448,490,505,500,467,484,463,423,437,405,368,368,406,430,443,388,472,439
TLD71,East Merseyside,N (77-82),Administrative and support service activities,330,373,376,417,456,448,482,488,499,534,525,471,516,516,591,589,615,653,661,676,667,683,565,746,698
TLD71,East Merseyside,O (84),Public administration and defence,315,332,307,314,356,343,341,353,375,377,379,402,422,374,344,352,322,329,318,364,360,393,360,341,357
TLD71,East Merseyside,P (85),Education,534,559,547,520,553,531,523,543,522,514,509,485,469,453,505,489,495,456,467,453,467,480,435,468,515
TLD71,East Merseyside,Q (86-88),Human health and social work activities,650,657,683,725,754,822,806,777,776,768,801,785,863,843,890,823,865,913,921,962,989,1086,783,1219,1332
TLD71,East Merseyside,R (90-93),"Arts, entertainment and recreation",148,131,118,126,120,156,175,187,179,148,156,156,158,188,191,196,180,181,152,136,122,135,89,109,117
TLD71,East Merseyside,S (94-96),Other service activities,197,184,187,167,170,167,168,169,171,162,147,149,159,171,175,184,191,174,172,166,180,175,165,153,152
TLD71,East Merseyside,T (97-98),Activities of households,7,6,5,5,5,7,7,8,8,7,6,8,11,11,10,11,12,10,9,9,13,13,12,12,11
TLD72,Liverpool,AB (1-9),"Agriculture, forestry and fishing; mining and quarrying",2,2,1,1,1,1,1,1,2,1,1,1,1,1,2,2,2,1,1,1,1,1,3,1,1
TLD72,Liverpool,C (10-33),Manufacturing,873,887,953,993,1081,1423,1359,1439,1782,1555,1665,1588,1449,1361,1016,887,947,1053,941,899,897,888,831,923,895
TLD72,Liverpool,DE (35-39),"Electricity, gas, water; sewerage and waste management",319,323,327,352,315,352,329,292,303,274,227,267,246,221,200,179,172,160,168,176,186,202,258,254,252
TLD72,Liverpool,F (41-43),Construction,655,682,679,665,692,647,655,672,704,661,590,553,566,602,506,507,568,624,582,626,604,588,535,557,576
TLD72,Liverpool,G (45-47),Wholesale and retail trade; repair of motor vehicles,922,1005,1072,1119,1060,1108,1179,1092,1168,1100,1044,1031,1154,1126,1142,1184,1407,1471,1340,1248,1242,1270,1077,1342,1392
TLD72,Liverpool,H (49-53),Transportation and storage,567,603,651,702,665,698,738,738,738,726,741,708,752,787,787,821,863,839,784,719,734,752,475,630,744
TLD72,Liverpool,I (55-56),Accommodation and food service activities,373,385,380,389,401,441,447,441,447,419,443,402,424,443,437,452,427,438,459,478,485,506,290,381,506
TLD72,Liverpool,J (58-63),Information and communication,92,109,137,148,150,178,205,242,267,293,354,350,364,426,451,534,620,578,668,704,716,1005,1019,1136,1209
TLD72,Liverpool,K (64-66),Financial and insurance activities,1154,965,1175,1143,1177,1044,1106,1330,1090,1331,1401,1268,1255,1076,1182,1048,1088,1098,1112,1261,1129,1143,1114,1411,1408
TLD72,Liverpool,L (68),"Real estate activities, excluding imputed rental",477,507,472,489,476,486,522,515,576,565,651,725,718,748,795,753,708,669,668,674,656,655,756,797,805
TLD72,Liverpool,M (69-75),"Professional, scientific and technical activities",603,658,609,625,636,667,722,726,813,831,853,883,917,941,818,883,868,811,727,810,726,808,592,580,710
TLD72,Liverpool,N (77-82),Administrative and support service activities,211,236,232,260,281,283,312,315,323,347,342,302,340,345,370,453,470,520,556,553,519,505,415,510,521
TLD72,Liverpool,O (84),Public administration and defence,857,903,835,854,970,934,928,961,1019,1026,1031,1094,1074,1000,928,863,850,872,877,950,1012,1129,1119,1099,1171
TLD72,Liverpool,P (85),Education,1192,1250,1222,1161,1236,1187,1170,1213,1166,1148,1137,1085,1049,1012,993,967,979,1011,1072,1106,1244,1414,1228,1389,1535
TLD72,Liverpool,Q (86-88),Human health and social work activities,1387,1371,1416,1516,1586,1735,1711,1649,1654,1637,1718,1697,1685,1648,1750,1721,1661,1691,1736,1820,1789,1830,1352,1748,1955
TLD72,Liverpool,R (90-93),"Arts, entertainment and recreation",328,305,307,304,295,370,406,436,420,364,381,382,388,440,412,435,402,392,388,387,404,452,285,351,382
TLD72,Liverpool,S (94-96),Other service activities,197,186,200,188,196,199,196,201,192,189,171,176,189,191,209,211,203,167,178,180,193,195,179,174,171
TLD72,Liverpool,T (97-98),Activities of households,8,6,5,5,5,7,7,8,8,7,6,8,12,12,11,11,12,10,10,9,13,14,12,12,11
TLD73,Sefton,AB (1-9),"Agriculture, forestry and fishing; mining and quarrying",5,6,6,6,7,6,6,7,7,5,5,5,5,7,7,7,10,9,9,8,7,8,7,8,7
TLD73,Sefton,C (10-33),Manufacturing,230,245,250,247,256,256,246,248,265,261,264,244,240,217,209,186,190,195,167,170,197,222,226,259,282
TLD73,Sefton,DE (35-39),"Electricity, gas, water; sewerage and waste management",43,48,52,62,58,71,61,51,54,45,36,38,36,33,33,32,30,35,35,43,39,43,58,59,49
TLD73,Sefton,F (41-43),Construction,249,263,262,252,261,255,259,262,271,265,248,223,222,239,224,188,192,196,218,227,226,228,223,230,226
TLD73,Sefton,G (45-47),Wholesale and retail trade; repair of motor vehicles,428,469,498,522,493,524,561,520,547,514,488,479,538,531,514,486,573,567,578,542,556,547,487,582,593
TLD73,Sefton,H (49-53),Transportation and storage,147,152,162,174,165,159,151,160,181,177,173,168,171,161,153,162,166,154,151,146,153,175,151,168,165
TLD73,Sefton,I (55-56),Accommodation and food service activities,134,138,136,139,143,157,160,157,160,150,159,144,152,159,139,159,140,141,148,139,133,139,107,144,154
TLD73,Sefton,J (58-63),Information and communication,8,10,12,14,14,17,18,21,22,24,27,27,29,33,36,42,46,53,58,53,48,55,62,78,82
TLD73,Sefton,K (64-66),Financial and insurance activities,148,127,156,182,229,253,296,279,303,351,362,312,271,238,242,233,244,294,312,341,364,249,202,304,306
TLD73,Sefton,L (68),"Real estate activities, excluding imputed rental",72,77,71,74,72,74,79,78,88,86,99,110,109,113,116,109,95,82,87,94,79,82,83,76,81
TLD73,Sefton,M (69-75),"Professional, scientific and technical activities",89,95,92,95,99,104,110,107,119,123,124,122,127,129,124,148,158,149,154,171,150,162,126,151,117
TLD73,Sefton,N (77-82),Administrative and support service activities,61,69,70,75,81,78,83,85,88,94,91,81,86,85,92,103,122,130,153,177,155,141,124,173,180
TLD73,Sefton,O (84),Public administration and defence,488,514,475,487,552,532,529,547,580,584,587,623,584,535,467,490,448,462,452,512,513,547,536,532,528
TLD73,Sefton,P (85),Education,385,404,395,375,399,383,378,392,377,371,367,350,339,327,354,340,353,350,373,357,338,298,271,307,337
TLD73,Sefton,Q (86-88),Human health and social work activities,402,397,412,441,458,498,492,477,479,472,498,488,502,459,481,487,476,475,484,481,447,466,359,445,477
TLD73,Sefton,R (90-93),"Arts, entertainment and recreation",51,45,41,43,42,53,59,64,61,51,54,54,54,65,67,75,73,72,63,57,55,53,28,41,52
TLD73,Sefton,S (94-96),Other service activities,91,93,97,93,100,105,101,99,93,93,81,84,88,99,106,112,98,92,90,93,95,98,87,80,82
TLD73,Sefton,T (97-98),Activities of households,5,3,3,3,3,4,4,5,5,4,4,5,7,7,6,6,7,6,6,5,8,8,7,7,6
TLD74,Wirral,AB (1-9),"Agriculture, forestry and fishing; mining and quarrying",4,5,4,5,5,5,4,4,4,3,4,4,4,6,5,4,6,5,4,4,4,5,4,5,4
TLD74,Wirral,C (10-33),Manufacturing,483,526,519,562,561,617,655,634,696,630,609,607,534,478,471,524,591,644,590,600,625,688,755,656,652
TLD74,Wirral,DE (35-39),"Electricity, gas, water; sewerage and waste management",128,140,120,141,132,165,171,149,148,141,115,129,112,112,114,93,85,95,87,101,106,115,99,55,57
TLD74,Wirral,F (41-43),Construction,297,313,313,298,306,297,302,305,313,310,297,269,264,282,289,284,257,263,255,265,262,246,246,233,233
TLD74,Wirral,G (45-47),Wholesale and retail trade; repair of motor vehicles,402,441,470,492,465,493,524,486,518,485,459,449,502,502,479,442,494,505,518,513,502,493,417,500,512
TLD74,Wirral,H (49-53),Transportation and storage,120,129,141,150,140,141,139,144,150,145,142,137,141,138,131,130,120,118,106,100,101,105,82,103,106
TLD74,Wirral,I (55-56),Accommodation and food service activities,116,119,117,121,123,134,137,134,137,129,140,128,134,139,127,157,139,138,143,132,118,124,84,111,122
TLD74,Wirral,J (58-63),Information and communication,6,7,9,10,10,12,14,16,18,20,24,24,26,31,34,35,40,50,50,42,40,49,35,56,74
TLD74,Wirral,K (64-66),Financial and insurance activities,88,76,93,108,136,149,175,165,178,207,214,185,161,141,146,127,108,122,100,47,50,39,26,30,26
TLD74,Wirral,L (68),"Real estate activities, excluding imputed rental",85,91,85,88,85,87,94,93,104,102,117,130,129,134,146,133,130,144,135,148,141,127,131,137,127
TLD74,Wirral,M (69-75),"Professional, scientific and technical activities",358,382,370,351,399,411,438,429,459,459,458,443,456,441,410,432,435,492,439,420,415,521,677,695,838
TLD74,Wirral,N (77-82),Administrative and support service activities,105,118,117,128,140,138,149,153,158,171,167,147,159,158,181,207,231,248,299,338,301,284,215,219,222
TLD74,Wirral,O (84),Public administration and defence,253,267,247,253,287,276,275,284,301,304,305,324,307,314,318,272,290,274,244,269,273,294,269,270,281
TLD74,Wirral,P (85),Education,481,505,493,469,499,479,472,490,471,464,459,438,423,408,388,365,389,379,392,372,405,385,344,376,412
TLD74,Wirral,Q (86-88),Human health and social work activities,551,543,561,602,629,686,677,655,657,650,683,674,719,685,749,791,806,828,802,919,864,852,628,821,901
TLD74,Wirral,R (90-93),"Arts, entertainment and recreation",50,44,40,43,39,51,60,63,59,48,48,49,47,59,60,62,59,57,44,38,37,41,24,36,40
TLD74,Wirral,S (94-96),Other service activities,91,93,98,94,102,108,103,101,95,95,82,86,90,101,99,105,101,95,102,115,115,132,97,100,82
TLD74,Wirral,T (97-98),Activities of households,5,4,3,4,3,5,5,6,5,5,4,6,8,8,7,8,8,7,7,6,9,9,8,8,7
TLE11,"Kingston upon Hull, City of",AB (1-9),"Agriculture, forestry and fishing; mining and quarrying",3,3,3,4,3,3,4,3,4,4,5,5,6,6,11,3,3,3,2,2,2,2,2,1,1
TLE11,"Kingston upon Hull, City of",C (10-33),Manufacturing,919,958,1044,1034,1085,1180,1251,1258,1432,1468,1837,1624,1496,1394,1520,1503,1439,1530,1390,1358,1508,1455,1323,1539,1607
TLE11,"Kingston upon Hull, City of",DE (35-39),"Electricity, gas, water; sewerage and waste management",281,363,334,441,419,456,213,186,393,366,427,504,374,179,182,134,110,161,200,190,186,150,87,119,80
TLE11,"Kingston upon Hull, City of",F (41-43),Construction,458,491,458,437,486,519,496,523,526,487,444,341,396,388,362,395,392,396,374,376,345,378,383,485,524
TLE11,"Kingston upon Hull, City of",G (45-47),Wholesale and retail trade; repair of motor vehicles,538,482,557,560,603,590,609,628,703,723,695,626,659,624,567,522,563,572,595,606,617,616,479,660,674
TLE11,"Kingston upon Hull, City of",H (49-53),Transportation and storage,436,459,469,475,442,460,485,468,429,401,440,348,361,401,389,398,378,359,364,375,326,333,223,254,273
TLE11,"Kingston upon Hull, City of",I (55-56),Accommodation and food service activities,147,139,136,145,144,156,186,195,192,190,171,152,147,132,129,140,135,126,115,136,136,143,91,171,230
TLE11,"Kingston upon Hull, City of",J (58-63),Information and communication,9,12,17,17,19,25,30,33,34,38,39,45,48,52,49,51,58,79,97,96,117,134,142,175,162
TLE11,"Kingston upon Hull, City of",K (64-66),Financial and insurance activities,83,85,86,104,113,119,148,152,169,175,163,151,120,115,109,105,90,80,100,115,112,105,112,111,146
TLE11,"Kingston upon Hull, City of",L (68),"Real estate activities, excluding imputed rental",105,102,101,108,111,120,123,115,121,127,144,174,172,171,179,180,173,195,207,208,207,230,227,240,299
TLE11,"Kingston upon Hull, City of",M (69-75),"Professional, scientific and technical activities",146,162,142,165,179,188,192,187,215,209,202,185,173,160,160,177,184,186,198,203,216,232,176,210,193
TLE11,"Kingston upon Hull, City of",N (77-82),Administrative and support service activities,210,212,201,191,211,206,179,196,231,246,255,254,258,247,223,258,287,313,362,418,366,319,232,251,233
TLE11,"Kingston upon Hull, City of",O (84),Public administration and defence,241,234,223,322,329,317,326,325,325,334,352,367,339,388,388,366,345,318,290,311,308,323,310,310,288
TLE11,"Kingston upon Hull, City of",P (85),Education,495,471,506,524,537,547,505,536,498,511,501,465,424,425,378,360,373,404,398,420,431,449,348,407,468
TLE11,"Kingston upon Hull, City of",Q (86-88),Human health and social work activities,481,451,474,559,559,606,655,623,599,640,629,607,629,667,713,689,698,693,696,698,718,704,533,706,711
TLE11,"Kingston upon Hull, City of",R (90-93),"Arts, entertainment and recreation",81,75,84,80,97,113,131,122,115,107,109,121,101,86,90,102,111,100,92,97,88,67,52,58,78
TLE11,"Kingston upon Hull, City of",S (94-96),Other service activities,58,59,64,58,65,62,62,59,57,55,50,50,45,44,40,47,51,50,59,65,62,60,47,52,56
TLE11,"Kingston upon Hull, City of",T (97-98),Activities of households,18,23,23,20,12,7,11,11,9,8,8,6,5,7,8,10,8,6,7,5,4,5,4,2,3
TLE12,East Riding of Yorkshire,AB (1-9),"Agriculture, forestry and fishing; mining and quarrying",302,337,387,376,406,346,298,301,304,265,324,291,250,301,283,288,369,337,306,294,277,330,271,283,277
TLE12,East Riding of Yorkshire,C (10-33),Manufacturing,918,903,936,960,1001,1136,1156,1264,1318,1212,1232,1069,954,906,928,998,1049,1145,1162,1199,1297,1324,1321,1604,1594
TLE12,East Riding of Yorkshire,DE (35-39),"Electricity, gas, water; sewerage and waste management",207,240,228,236,296,303,731,540,612,463,312,297,264,252,249,249,258,304,285,267,252,249,263,192,197
TLE12,East Riding of Yorkshire,F (41-43),Construction,428,459,426,404,448,473,456,478,475,435,390,295,347,338,353,312,342,357,320,352,365,351,343,417,482
TLE12,East Riding of Yorkshire,G (45-47),Wholesale and retail trade; repair of motor vehicles,577,515,596,603,650,639,661,682,759,783,747,668,706,664,616,600,625,672,701,733,768,780,662,893,897
TLE12,East Riding of Yorkshire,H (49-53),Transportation and storage,252,265,253,267,254,248,225,217,228,250,261,220,225,245,229,243,233,219,239,234,242,235,245,256,257
TLE12,East Riding of Yorkshire,I (55-56),Accommodation and food service activities,196,185,183,192,193,212,250,259,262,261,230,209,203,194,194,204,199,185,195,221,227,233,147,255,321
TLE12,East Riding of Yorkshire,J (58-63),Information and communication,50,58,72,64,73,102,114,116,112,117,107,106,106,116,140,147,133,130,135,142,171,190,136,234,251
TLE12,East Riding of Yorkshire,K (64-66),Financial and insurance activities,125,130,130,155,170,178,220,224,249,263,243,230,179,173,169,158,137,126,129,98,98,79,75,62,73
TLE12,East Riding of Yorkshire,L (68),"Real estate activities, excluding imputed rental",118,115,114,122,126,137,141,131,137,144,162,195,192,191,190,188,200,200,213,229,237,196,237,241,217
TLE12,East Riding of Yorkshire,M (69-75),"Professional, scientific and technical activities",184,198,187,211,222,248,248,250,273,266,250,226,210,205,234,270,264,288,277,310,330,368,357,379,462
TLE12,East Riding of Yorkshire,N (77-82),Administrative and support service activities,126,129,113,115,138,133,117,124,155,164,171,169,179,172,160,232,250,278,327,364,431,465,412,475,500
TLE12,East Riding of Yorkshire,O (84),Public administration and defence,365,356,338,489,500,480,495,493,493,506,534,557,575,552,563,513,569,559,456,443,415,426,423,426,435
TLE12,East Riding of Yorkshire,P (85),Education,385,366,394,408,418,426,393,417,388,398,390,362,330,330,345,329,328,337,306,298,323,339,258,310,355
TLE12,East Riding of Yorkshire,Q (86-88),Human health and social work activities,373,345,367,429,431,466,506,480,470,505,508,482,515,543,547,513,501,507,505,477,470,471,322,451,483
TLE12,East Riding of Yorkshire,R (90-93),"Arts, entertainment and recreation",47,43,49,46,57,65,76,71,67,62,62,67,57,50,52,45,44,38,40,48,46,60,56,56,78
TLE12,East Riding of Yorkshire,S (94-96),Other service activities,124,128,136,123,135,127,128,124,118,119,119,120,104,100,107,111,128,123,124,126,110,126,101,106,101
TLE12,East Riding of Yorkshire,T (97-98),Activities of households,21,28,29,25,15,8,14,13,12,10,11,7,7,9,10,12,10,8,8,6,6,6,5,2,4
TLE13,North and North East Lincolnshire,AB (1-9),"Agriculture, forestry and fishing; mining and quarrying",99,108,124,122,132,112,98,98,102,88,100,89,78,95,93,84,99,97,87,91,85,98,85,82,86
TLE13,North and North East Lincolnshire,C (10-33),Manufacturing,1630,1616,1805,1676,1718,1882,1972,1987,1967,2090,2051,2076,1984,1651,1783,1822,1898,2327,2652,2628,2747,2846,2529,3538,3581
TLE13,North and North East Lincolnshire,DE (35-39),"Electricity, gas, water; sewerage and waste management",198,224,219,239,266,280,358,282,344,280,234,247,209,159,173,183,221,311,325,343,341,465,784,716,627
TLE13,North and North East Lincolnshire,F (41-43),Construction,555,603,550,524,583,614,591,617,619,571,552,422,494,486,494,525,596,595,527,573,584,549,453,568,621
TLE13,North and North East Lincolnshire,G (45-47),Wholesale and retail trade; repair of motor vehicles,781,699,802,813,874,848,877,913,1042,1068,1041,926,988,969,830,796,836,872,903,923,844,770,599,836,866
TLE13,North and North East Lincolnshire,H (49-53),Transportation and storage,542,563,562,592,549,558,524,499,501,529,564,464,498,528,532,573,575,573,594,589,523,524,447,516,557
TLE13,North and North East Lincolnshire,I (55-56),Accommodation and food service activities,155,146,144,152,152,166,197,205,205,203,181,163,158,147,148,151,148,151,148,155,155,161,100,189,250
TLE13,North and North East Lincolnshire,J (58-63),Information and communication,4,5,7,7,8,10,12,13,14,15,14,16,17,18,18,17,21,23,30,34,45,57,56,68,62
TLE13,North and North East Lincolnshire,K (64-66),Financial and insurance activities,237,227,211,216,219,217,255,258,279,298,278,267,200,193,183,175,168,147,130,134,125,102,83,72,83
TLE13,North and North East Lincolnshire,L (68),"Real estate activities, excluding imputed rental",153,151,148,156,161,173,176,165,176,183,214,259,259,256,301,283,299,260,238,243,227,258,246,273,225
TLE13,North and North East Lincolnshire,M (69-75),"Professional, scientific and technical activities",159,178,157,181,195,215,214,208,227,227,221,199,186,174,175,195,196,204,189,202,192,184,163,193,190
TLE13,North and North East Lincolnshire,N (77-82),Administrative and support service activities,164,167,161,158,177,180,162,185,216,231,246,237,243,240,241,263,238,268,237,247,201,170,154,189,184
TLE13,North and North East Lincolnshire,O (84),Public administration and defence,175,170,162,234,239,230,237,236,236,242,256,266,256,271,274,263,273,274,234,236,232,231,207,216,212
TLE13,North and North East Lincolnshire,P (85),Education,412,392,421,437,447,456,421,447,415,426,417,388,353,354,381,367,378,386,367,350,371,409,307,368,420
TLE13,North and North East Lincolnshire,Q (86-88),Human health and social work activities,509,472,502,590,592,639,696,659,649,704,712,669,696,733,686,678,720,705,716,726,722,725,483,663,669
TLE13,North and North East Lincolnshire,R (90-93),"Arts, entertainment and recreation",62,58,64,58,68,81,94,89,87,81,79,81,65,60,60,53,49,45,39,41,42,51,37,46,60
TLE13,North and North East Lincolnshire,S (94-96),Other service activities,103,105,112,102,113,107,107,104,98,98,95,95,84,81,86,73,83,82,95,103,106,120,104,122,134
TLE13,North and North East Lincolnshire,T (97-98),Activities of households,22,28,29,25,15,8,13,13,12,10,10,7,7,9,10,12,9,8,8,6,5,6,5,2,4
TLE21,York,AB (1-9),"Agriculture, forestry and fishing; mining and quarrying",27,30,30,26,30,30,27,30,31,39,42,39,38,35,21,21,29,25,21,21,18,20,16,16,17
TLE21,York,C (10-33),Manufacturing,504,499,560,550,630,665,697,639,637,616,549,474,410,419,422,443,438,383,357,336,425,418,519,577,519
TLE21,York,DE (35-39),"Electricity, gas, water; sewerage and waste management",145,139,121,135,130,124,115,109,101,78,72,71,68,59,56,49,42,50,108,114,95,90,31,54,49
TLE21,York,F (41-43),Construction,562,589,546,556,535,513,490,499,509,462,440,358,400,373,422,444,405,386,373,367,331,314,235,301,310
TLE21,York,G (45-47),Wholesale and retail trade; repair of motor vehicles,542,492,512,521,603,655,685,654,655,636,599,520,573,650,646,652,729,707,777,846,765,637,534,673,677
TLE21,York,H (49-53),Transportation and storage,484,489,475,556,677,685,691,666,731,750,738,625,705,711,650,539,459,324,293,254,235,248,144,180,229
TLE21,York,I (55-56),Accommodation and food service activities,249,255,266,252,247,275,288,302,293,285,264,225,231,241,251,276,286,296,273,290,291,308,185,310,395
TLE21,York,J (58-63),Information and communication,20,27,39,45,58,70,72,69,68,73,71,64,66,72,89,89,93,104,130,148,184,205,238,249,332
TLE21,York,K (64-66),Financial and insurance activities,644,728,605,497,453,538,595,717,502,646,679,728,659,636,685,641,664,702,683,736,702,666,647,716,850
TLE21,York,L (68),"Real estate activities, excluding imputed rental",155,160,174,175,181,195,181,184,183,186,200,218,229,243,257,193,209,233,237,231,258,225,229,192,161
TLE21,York,M (69-75),"Professional, scientific and technical activities",303,343,362,395,446,471,492,497,497,551,512,484,505,492,463,448,472,492,506,548,468,471,447,484,482
TLE21,York,N (77-82),Administrative and support service activities,127,142,138,140,150,163,155,166,174,204,230,219,214,211,195,195,207,227,245,249,286,310,260,248,262
TLE21,York,O (84),Public administration and defence,275,262,261,290,291,275,299,291,287,299,300,315,301,296,298,335,320,303,294,329,327,367,338,357,382
TLE21,York,P (85),Education,568,559,595,641,575,571,599,621,649,655,628,587,532,541,513,508,497,519,542,608,659,644,471,562,653
TLE21,York,Q (86-88),Human health and social work activities,498,501,481,527,520,538,545,543,560,536,537,568,625,600,606,625,651,667,667,688,746,737,579,752,766
TLE21,York,R (90-93),"Arts, entertainment and recreation",84,80,82,85,95,102,114,112,110,98,95,84,86,89,77,81,68,68,66,69,71,65,37,63,83
TLE21,York,S (94-96),Other service activities,98,87,84,78,83,83,87,78,82,72,77,80,93,82,76,71,72,79,90,92,88,89,69,79,102
TLE21,York,T (97-98),Activities of households,12,14,13,15,13,7,9,15,12,10,9,7,8,6,7,11,12,13,14,12,11,11,9,7,11
TLE22,North Yorkshire CC,AB (1-9),"Agriculture, forestry and fishing; mining and quarrying",276,285,302,270,355,353,312,346,347,288,383,340,267,349,396,428,598,551,428,518,445,541,483,497,501
TLE22,North Yorkshire CC,C (10-33),Manufacturing,980,1035,1137,1192,1355,1436,1447,1528,1570,1662,1654,1587,1598,1625,1700,1762,1846,1843,1979,1988,2172,2105,2338,2529,2493
TLE22,North Yorkshire CC,DE (35-39),"Electricity, gas, water; sewerage and waste management",1004,1114,1022,1284,1053,1085,929,788,1059,941,773,726,694,633,597,578,442,572,585,563,523,626,662,428,453
TLE22,North Yorkshire CC,F (41-43),Construction,1154,1207,1118,1140,1091,1045,1004,1015,1041,953,914,750,830,775,759,739,777,852,843,847,844,901,706,913,924
TLE22,North Yorkshire CC,G (45-47),Wholesale and retail trade; repair of motor vehicles,1247,1135,1168,1175,1364,1514,1585,1496,1503,1458,1385,1198,1333,1502,1433,1500,1569,1471,1638,1697,1517,1429,1221,1651,1668
TLE22,North Yorkshire CC,H (49-53),Transportation and storage,525,602,570,604,603,601,675,600,644,654,603,510,488,525,526,609,637,597,621,659,600,580,457,513,511
TLE22,North Yorkshire CC,I (55-56),Accommodation and food service activities,623,638,667,630,620,692,725,757,737,718,662,563,581,608,620,676,669,680,690,750,690,709,491,780,902
TLE22,North Yorkshire CC,J (58-63),Information and communication,60,81,108,115,151,155,168,193,210,267,267,259,247,256,263,267,251,247,286,287,301,339,362,452,356
TLE22,North Yorkshire CC,K (64-66),Financial and insurance activities,488,513,430,424,434,421,561,630,565,860,836,715,552,595,531,482,438,433,417,499,411,424,505,585,569
TLE22,North Yorkshire CC,L (68),"Real estate activities, excluding imputed rental",376,388,422,424,436,471,432,440,436,440,481,523,551,587,634,693,722,700,677,710,674,771,728,806,839
TLE22,North Yorkshire CC,M (69-75),"Professional, scientific and technical activities",445,484,537,580,647,691,695,696,707,756,689,656,673,705,669,697,700,722,755,793,828,862,747,821,851
TLE22,North Yorkshire CC,N (77-82),Administrative and support service activities,211,228,238,260,284,307,287,312,321,368,409,406,398,399,406,472,516,531,526,584,583,574,585,602,606
TLE22,North Yorkshire CC,O (84),Public administration and defence,1101,1047,1043,1159,1165,1100,1197,1166,1149,1197,1200,1261,1202,1227,1251,1342,1193,1070,1100,1151,1138,1212,1082,1065,1126
TLE22,North Yorkshire CC,P (85),Education,767,756,804,867,777,772,810,839,877,886,850,794,719,731,809,788,738,757,735,755,803,753,577,705,819
TLE22,North Yorkshire CC,Q (86-88),Human health and social work activities,904,860,847,902,896,902,935,931,968,912,954,1004,1026,987,994,960,979,994,987,1053,996,966,736,1014,1073
TLE22,North Yorkshire CC,R (90-93),"Arts, entertainment and recreation",205,200,204,211,237,250,279,275,273,237,234,214,220,228,228,230,226,218,202,225,222,231,164,210,227
TLE22,North Yorkshire CC,S (94-96),Other service activities,258,242,240,219,236,230,233,212,224,214,229,239,255,221,226,221,230,229,223,261,269,269,198,309,326
TLE22,North Yorkshire CC,T (97-98),Activities of households,37,43,42,46,42,22,27,48,36,31,28,22,24,18,21,33,35,38,41,35,32,33,26,22,32
TLE31,"Barnsley, Doncaster and Rotherham",AB (1-9),"Agriculture, forestry and fishing; mining and quarrying",21,22,22,22,23,27,30,26,23,20,26,23,15,17,16,16,18,14,10,99,74,87,58,64,71
TLE31,"Barnsley, Doncaster and Rotherham",C (10-33),Manufacturing,1759,1729,1807,1881,1947,1989,1917,1917,1961,2063,1857,1664,1746,1772,1818,1882,2018,2068,2050,2118,2222,2238,2495,2387,2235
TLE31,"Barnsley, Doncaster and Rotherham",DE (35-39),"Electricity, gas, water; sewerage and waste management",445,430,415,456,410,475,371,322,272,265,246,239,259,249,236,242,249,317,313,355,380,439,389,397,394
TLE31,"Barnsley, Doncaster and Rotherham",F (41-43),Construction,1473,1414,1524,1564,1595,1554,1555,1579,1637,1623,1520,1214,1261,1346,1324,1319,1429,1401,1394,1498,1488,1490,1290,1425,1475
TLE31,"Barnsley, Doncaster and Rotherham",G (45-47),Wholesale and retail trade; repair of motor vehicles,1331,1361,1412,1446,1453,1364,1449,1491,1585,1597,1566,1299,1562,1529,1595,1578,1572,1608,1728,1948,1712,1706,1773,1880,1895
TLE31,"Barnsley, Doncaster and Rotherham",H (49-53),Transportation and storage,850,873,796,777,757,785,918,891,1065,1104,1073,918,936,868,890,875,940,836,844,828,828,872,748,713,845
TLE31,"Barnsley, Doncaster and Rotherham",I (55-56),Accommodation and food service activities,413,391,357,334,360,357,366,354,342,339,339,329,363,352,344,351,330,340,355,412,357,358,238,296,362
TLE31,"Barnsley, Doncaster and Rotherham",J (58-63),Information and communication,19,22,33,41,50,65,78,75,77,92,91,98,123,150,152,149,145,162,169,198,255,309,412,398,353
TLE31,"Barnsley, Doncaster and Rotherham",K (64-66),Financial and insurance activities,128,127,125,149,180,204,223,234,247,285,324,335,282,282,252,286,267,260,222,382,444,362,355,322,320
TLE31,"Barnsley, Doncaster and Rotherham",L (68),"Real estate activities, excluding imputed rental",244,260,266,267,259,286,300,315,322,328,294,347,354,360,358,370,320,318,318,334,322,329,294,383,357
TLE31,"Barnsley, Doncaster and Rotherham",M (69-75),"Professional, scientific and technical activities",321,318,335,333,343,401,493,483,478,482,430,359,367,404,390,426,461,488,466,456,432,437,419,453,463
TLE31,"Barnsley, Doncaster and Rotherham",N (77-82),Administrative and support service activities,305,278,281,282,289,390,419,440,408,451,446,453,431,428,483,558,671,737,731,694,656,656,567,644,667
TLE31,"Barnsley, Doncaster and Rotherham",O (84),Public administration and defence,731,734,751,734,793,726,762,761,851,943,892,980,1000,942,910,821,766,900,878,852,830,772,737,758,792
TLE31,"Barnsley, Doncaster and Rotherham",P (85),Education,819,792,803,876,876,878,856,803,819,820,794,820,770,806,983,981,979,1028,976,980,1032,992,805,977,1090
TLE31,"Barnsley, Doncaster and Rotherham",Q (86-88),Human health and social work activities,1129,1062,1105,1330,1320,1419,1475,1493,1569,1593,1553,1486,1486,1516,1617,1567,1584,1676,1737,1775,1720,1736,1183,1606,1808
TLE31,"Barnsley, Doncaster and Rotherham",R (90-93),"Arts, entertainment and recreation",150,141,142,141,142,145,185,166,171,157,154,141,145,138,152,139,143,138,141,140,140,140,78,100,130
TLE31,"Barnsley, Doncaster and Rotherham",S (94-96),Other service activities,211,187,174,190,198,183,200,195,179,185,168,176,172,169,170,159,172,179,193,205,210,215,189,189,199
TLE31,"Barnsley, Doncaster and Rotherham",T (97-98),Activities of households,25,24,27,19,15,14,16,13,8,9,16,20,15,11,13,26,28,21,33,24,24,26,21,9,4
TLE32,Sheffield,AB (1-9),"Agriculture, forestry and fishing; mining and quarrying",1,1,1,2,2,2,2,3,2,1,2,1,1,1,1,2,2,2,1,1,1,16,11,10,9
TLE32,Sheffield,C (10-33),Manufacturing,1202,1236,1265,1276,1374,1434,1302,1335,1360,1471,1353,1191,1234,1284,1405,1301,1323,1286,1175,1216,1276,1215,1352,1165,1104
TLE32,Sheffield,DE (35-39),"Electricity, gas, water; sewerage and waste management",289,277,339,446,462,468,432,417,461,414,377,376,381,304,313,285,222,260,247,212,172,165,128,126,119
TLE32,Sheffield,F (41-43),Construction,820,788,847,864,885,864,865,878,913,900,837,664,694,732,711,746,704,698,691,718,622,674,562,617,735
TLE32,Sheffield,G (45-47),Wholesale and retail trade; repair of motor vehicles,1150,1164,1202,1232,1237,1167,1248,1288,1381,1383,1363,1121,1348,1340,1393,1383,1461,1497,1671,1660,1452,1433,1354,1457,1413
TLE32,Sheffield,H (49-53),Transportation and storage,501,506,482,478,469,472,473,476,495,488,476,422,438,443,431,425,390,400,342,356,353,375,360,348,324
TLE32,Sheffield,I (55-56),Accommodation and food service activities,358,340,311,290,313,312,319,309,299,296,294,284,313,304,315,334,321,319,332,380,354,351,216,257,324
TLE32,Sheffield,J (58-63),Information and communication,29,35,53,66,81,104,122,116,127,152,155,169,208,252,275,313,360,438,492,509,689,850,1227,1431,1447
TLE32,Sheffield,K (64-66),Financial and insurance activities,1132,1104,1113,1288,1378,1439,1483,1740,1641,1932,1784,1816,1546,1531,1362,1407,1343,1255,1123,931,876,917,916,1161,1229
TLE32,Sheffield,L (68),"Real estate activities, excluding imputed rental",399,426,436,435,420,465,486,512,522,529,476,561,574,586,556,540,561,532,489,466,481,494,475,477,496
TLE32,Sheffield,M (69-75),"Professional, scientific and technical activities",495,487,508,544,535,650,777,772,770,779,701,607,587,593,649,709,714,757,687,749,737,804,785,877,994
TLE32,Sheffield,N (77-82),Administrative and support service activities,298,274,277,276,285,374,403,422,396,438,432,430,411,410,424,496,543,599,616,635,639,551,547,612,601
TLE32,Sheffield,O (84),Public administration and defence,601,604,617,604,652,597,627,626,700,775,734,806,776,797,850,792,689,693,754,738,681,712,746,803,833
TLE32,Sheffield,P (85),Education,1525,1474,1495,1630,1631,1634,1594,1495,1524,1526,1478,1526,1434,1501,1499,1548,1650,1698,1739,1672,1708,1721,1386,1592,1787
TLE32,Sheffield,Q (86-88),Human health and social work activities,1093,1047,1079,1300,1296,1375,1424,1454,1522,1560,1493,1448,1485,1502,1504,1427,1451,1447,1475,1555,1521,1516,977,1377,1539
TLE32,Sheffield,R (90-93),"Arts, entertainment and recreation",164,156,162,155,151,159,202,183,198,185,170,153,150,140,142,138,137,136,118,126,129,142,94,115,129
TLE32,Sheffield,S (94-96),Other service activities,299,269,250,266,279,255,276,267,234,238,217,225,221,222,206,222,217,235,248,231,224,248,189,187,201
TLE32,Sheffield,T (97-98),Activities of households,17,16,18,13,10,10,11,9,6,6,11,14,10,7,9,18,19,15,22,16,16,18,14,6,3
TLE41,Bradford,AB (1-9),"Agriculture, forestry and fishing; mining and quarrying",2,2,2,2,3,3,3,3,3,3,3,3,3,4,3,3,4,4,3,3,3,19,16,11,9
TLE41,Bradford,C (10-33),Manufacturing,823,899,947,1041,1115,1122,1110,1189,1346,1375,1380,1292,1187,1161,1271,1317,1333,1379,1286,1362,1547,1505,1583,1446,1347
TLE41,Bradford,DE (35-39),"Electricity, gas, water; sewerage and waste management",679,611,493,639,591,634,596,566,455,570,619,612,604,643,638,670,663,652,598,489,416,390,357,558,502
TLE41,Bradford,F (41-43),Construction,495,547,530,506,494,497,517,538,553,503,444,366,378,408,410,394,389,425,423,434,405,400,324,385,492
TLE41,Bradford,G (45-47),Wholesale and retail trade; repair of motor vehicles,1044,1082,1138,1083,1086,1102,1155,1173,1227,1253,1262,1123,1113,1154,1150,1125,1179,1232,1235,1337,1294,1229,1127,1277,1315
TLE41,Bradford,H (49-53),Transportation and storage,257,304,311,300,307,321,296,277,282,272,289,247,271,296,311,339,320,309,312,363,369,330,312,301,333
TLE41,Bradford,I (55-56),Accommodation and food service activities,201,210,202,193,205,210,223,219,223,218,219,208,198,199,182,196,175,170,189,205,226,237,168,197,221
TLE41,Bradford,J (58-63),Information and communication,50,59,68,76,84,94,131,136,142,156,151,156,156,161,153,149,178,196,246,244,260,271,255,339,248
TLE41,Bradford,K (64-66),Financial and insurance activities,233,233,229,253,325,367,438,475,464,517,558,514,505,500,406,358,391,383,476,666,510,469,400,404,649
TLE41,Bradford,L (68),"Real estate activities, excluding imputed rental",485,506,474,459,432,467,413,470,458,453,400,450,446,460,539,508,462,448,477,488,505,530,553,482,540
TLE41,Bradford,M (69-75),"Professional, scientific and technical activities",295,324,352,334,349,394,438,438,474,492,530,488,486,473,485,555,525,568,620,690,625,594,637,675,708
TLE41,Bradford,N (77-82),Administrative and support service activities,256,271,275,261,266,269,303,298,314,349,368,353,354,360,340,304,280,275,271,269,271,264,223,356,305
TLE41,Bradford,O (84),Public administration and defence,500,517,484,518,487,535,578,604,593,593,555,644,594,583,541,539,520,535,502,540,541,538,522,491,483
TLE41,Bradford,P (85),Education,911,915,914,927,911,886,892,895,865,849,810,763,773,818,829,814,840,853,811,729,755,767,626,737,807
TLE41,Bradford,Q (86-88),Human health and social work activities,876,896,864,970,985,1023,1072,1056,1009,974,1032,1030,1075,1066,1054,1079,1060,1106,1143,1095,1080,1150,811,1132,1313
TLE41,Bradford,R (90-93),"Arts, entertainment and recreation",82,84,91,93,92,103,109,106,111,107,106,92,93,107,109,97,82,74,83,78,94,89,67,65,77
TLE41,Bradford,S (94-96),Other service activities,102,96,103,99,100,97,96,98,101,94,89,91,97,95,88,71,70,76,79,83,96,97,88,96,89
TLE41,Bradford,T (97-98),Activities of households,16,20,25,25,16,12,11,17,11,13,12,8,6,6,8,9,11,10,9,11,12,12,11,12,14
TLE42,Leeds,AB (1-9),"Agriculture, forestry and fishing; mining and quarrying",20,19,27,24,25,26,27,27,32,27,27,27,27,38,37,38,41,37,31,36,39,55,53,43,44
TLE42,Leeds,C (10-33),Manufacturing,1318,1413,1435,1545,1572,1642,1702,1722,1871,1885,1850,1654,1659,1616,1789,1808,1828,1845,1791,1743,1849,1867,1932,1833,1838
TLE42,Leeds,DE (35-39),"Electricity, gas, water; sewerage and waste management",1076,1119,997,1350,1130,1163,856,778,975,1090,1155,1215,1146,886,902,876,822,1069,1096,1026,999,1161,743,696,545
TLE42,Leeds,F (41-43),Construction,1940,2135,2066,1957,1917,1904,1976,2057,2138,1912,1655,1325,1388,1494,1414,1451,1518,1599,1530,1598,1624,1700,1328,1547,1697
TLE42,Leeds,G (45-47),Wholesale and retail trade; repair of motor vehicles,2090,2166,2282,2181,2192,2238,2343,2397,2523,2583,2628,2371,2365,2459,2536,2483,2607,2627,2556,2658,2855,2883,2256,2651,2640
TLE42,Leeds,H (49-53),Transportation and storage,669,776,766,754,746,778,834,791,830,852,855,793,878,929,962,1054,1082,975,1050,958,1005,1106,731,697,806
TLE42,Leeds,I (55-56),Accommodation and food service activities,559,588,568,539,569,586,614,604,626,606,591,553,545,556,591,640,572,551,545,651,694,682,387,480,606
TLE42,Leeds,J (58-63),Information and communication,99,125,177,206,242,299,346,381,420,478,501,562,658,790,821,756,912,1119,1328,1498,1868,2151,2191,3052,3087
TLE42,Leeds,K (64-66),Financial and insurance activities,2591,2647,2651,2736,3092,3399,3757,4737,4427,5952,5228,4527,4513,4465,4298,3932,3553,3263,3169,2984,3046,2859,2948,2936,3365
TLE42,Leeds,L (68),"Real estate activities, excluding imputed rental",1008,1029,987,959,905,990,916,1004,995,1020,907,987,972,984,958,1013,1047,1020,932,1028,1021,970,1019,1198,1233
TLE42,Leeds,M (69-75),"Professional, scientific and technical activities",1345,1435,1528,1452,1521,1718,1917,1912,1999,1988,1946,1799,1898,1921,1943,2030,2023,2225,2233,2284,2380,2318,2322,2545,2605
TLE42,Leeds,N (77-82),Administrative and support service activities,796,869,979,961,975,1013,1110,1123,1145,1232,1297,1206,1218,1218,1317,1663,1851,2041,2050,1950,1982,1797,1549,1838,2091
TLE42,Leeds,O (84),Public administration and defence,947,980,918,981,923,1013,1095,1144,1124,1123,1052,1221,1150,1078,1056,1015,1008,932,866,917,914,1000,1007,1061,1133
TLE42,Leeds,P (85),Education,1674,1681,1678,1703,1673,1627,1639,1644,1589,1559,1488,1401,1419,1503,1602,1706,1756,1724,1683,1711,1826,1912,1537,1810,1994
TLE42,Leeds,Q (86-88),Human health and social work activities,1690,1753,1671,1858,1926,1980,2077,2038,1957,1895,1997,1992,2065,2040,2056,2124,2132,2219,2266,2301,2337,2324,1801,2427,2654
TLE42,Leeds,R (90-93),"Arts, entertainment and recreation",395,401,443,456,437,490,517,498,505,500,542,476,475,543,521,515,492,486,455,462,485,461,328,360,398
TLE42,Leeds,S (94-96),Other service activities,629,573,550,507,519,513,509,539,569,556,550,490,519,513,470,436,428,452,486,551,560,514,424,483,504
TLE42,Leeds,T (97-98),Activities of households,25,31,39,38,25,17,16,26,17,20,17,11,9,8,11,12,16,15,13,16,18,18,17,17,21
TLE44,Calderdale and Kirklees,AB (1-9),"Agriculture, forestry and fishing; mining and quarrying",31,37,32,32,37,41,28,29,31,25,30,29,26,36,32,33,45,39,39,39,43,41,38,32,30
TLE44,Calderdale and Kirklees,C (10-33),Manufacturing,1519,1586,1601,1724,1759,1786,1775,1836,1945,2047,2012,1972,2034,1932,2048,2147,2247,2393,2314,2422,2572,2630,2576,2875,2786
TLE44,Calderdale and Kirklees,DE (35-39),"Electricity, gas, water; sewerage and waste management",220,201,184,237,197,198,159,144,152,167,172,183,173,150,130,112,110,124,134,135,128,116,85,98,94
TLE44,Calderdale and Kirklees,F (41-43),Construction,839,921,893,850,843,851,885,929,969,880,753,614,643,698,668,774,777,807,770,778,801,819,639,768,777
TLE44,Calderdale and Kirklees,G (45-47),Wholesale and retail trade; repair of motor vehicles,1229,1274,1339,1272,1274,1292,1352,1369,1430,1461,1467,1301,1286,1336,1393,1348,1379,1395,1477,1582,1585,1489,1350,1495,1515
TLE44,Calderdale and Kirklees,H (49-53),Transportation and storage,394,464,461,461,451,470,431,391,429,448,464,397,430,456,437,515,498,448,497,537,522,437,416,385,400
TLE44,Calderdale and Kirklees,I (55-56),Accommodation and food service activities,266,277,265,255,271,276,296,290,294,289,294,281,263,262,241,278,261,259,249,302,316,298,198,240,276
TLE44,Calderdale and Kirklees,J (58-63),Information and communication,25,30,37,43,49,58,72,78,83,93,94,100,107,119,123,104,127,145,180,221,247,281,239,303,368
TLE44,Calderdale and Kirklees,K (64-66),Financial and insurance activities,464,472,474,480,515,563,619,834,770,1088,844,687,707,700,688,613,1113,1377,1259,1551,1656,1545,1399,1573,1054
TLE44,Calderdale and Kirklees,L (68),"Real estate activities, excluding imputed rental",415,430,407,394,371,403,363,407,400,401,355,394,390,399,379,366,383,418,388,359,340,324,329,373,381
TLE44,Calderdale and Kirklees,M (69-75),"Professional, scientific and technical activities",206,221,234,227,236,261,292,297,313,317,319,295,299,302,298,327,328,340,347,376,383,425,436,469,475
TLE44,Calderdale and Kirklees,N (77-82),Administrative and support service activities,196,213,233,226,227,237,262,264,271,295,314,293,297,299,321,348,334,393,406,430,453,389,361,428,478
TLE44,Calderdale and Kirklees,O (84),Public administration and defence,486,503,471,504,474,520,562,587,577,576,540,626,548,548,480,458,486,528,504,496,488,489,473,484,501
TLE44,Calderdale and Kirklees,P (85),Education,911,915,913,927,910,886,892,895,865,848,810,762,772,818,934,876,925,951,896,867,893,915,733,873,956
TLE44,Calderdale and Kirklees,Q (86-88),Human health and social work activities,825,842,812,919,932,964,1009,996,954,921,977,976,1020,1006,972,949,919,971,1035,954,985,983,655,891,1046
TLE44,Calderdale and Kirklees,R (90-93),"Arts, entertainment and recreation",115,121,132,138,134,149,158,159,165,152,142,126,130,150,154,124,110,101,107,139,168,158,123,112,121
TLE44,Calderdale and Kirklees,S (94-96),Other service activities,149,141,152,147,147,144,142,144,148,138,129,134,143,140,136,180,182,211,210,224,255,258,317,354,396
TLE44,Calderdale and Kirklees,T (97-98),Activities of households,20,25,31,31,20,14,13,21,14,16,14,9,7,7,9,10,13,12,10,13,14,15,13,14,16
TLE45,Wakefield,AB (1-9),"Agriculture, forestry and fishing; mining and quarrying",23,27,23,23,28,30,18,20,21,17,23,22,20,25,22,22,30,26,25,24,34,33,30,26,25
TLE45,Wakefield,C (10-33),Manufacturing,1006,1011,1051,1137,1145,1132,1196,1138,1213,1206,1151,1036,950,904,967,1091,1118,1223,1243,1276,1388,1339,1453,1289,1282
TLE45,Wakefield,DE (35-39),"Electricity, gas, water; sewerage and waste management",489,579,574,800,709,699,487,425,491,421,408,448,407,382,309,283,251,262,272,227,240,223,159,369,443
TLE45,Wakefield,F (41-43),Construction,665,730,707,670,663,663,688,720,754,677,577,463,487,527,547,557,489,538,604,665,690,686,586,695,725
TLE45,Wakefield,G (45-47),Wholesale and retail trade; repair of motor vehicles,820,850,894,852,855,869,910,926,969,990,1000,892,886,920,879,901,889,908,946,1008,1100,1076,857,981,1044
TLE45,Wakefield,H (49-53),Transportation and storage,455,557,570,520,555,584,558,529,508,481,506,409,459,536,520,509,520,521,529,571,605,668,655,608,668
TLE45,Wakefield,I (55-56),Accommodation and food service activities,198,207,198,190,202,206,220,216,220,215,219,209,196,196,177,207,198,199,184,202,200,190,128,151,183
TLE45,Wakefield,J (58-63),Information and communication,10,13,17,20,24,29,32,35,37,42,44,48,53,62,67,64,71,77,109,118,138,147,128,169,182
TLE45,Wakefield,K (64-66),Financial and insurance activities,56,56,55,61,79,89,105,112,109,121,135,127,123,122,122,111,88,98,116,92,74,79,65,56,106
TLE45,Wakefield,L (68),"Real estate activities, excluding imputed rental",448,468,438,424,399,432,381,434,423,418,370,416,412,425,432,399,376,399,415,393,329,404,394,431,389
TLE45,Wakefield,M (69-75),"Professional, scientific and technical activities",104,113,122,116,122,138,156,154,165,169,177,164,166,165,179,197,184,210,215,236,237,276,300,312,280
TLE45,Wakefield,N (77-82),Administrative and support service activities,178,194,220,218,222,227,248,250,257,277,289,269,267,264,280,321,314,356,400,406,358,332,313,398,396
TLE45,Wakefield,O (84),Public administration and defence,447,462,433,463,435,478,516,540,530,530,496,576,555,515,499,509,469,504,521,517,528,567,553,568,591
TLE45,Wakefield,P (85),Education,379,381,380,386,379,369,371,373,360,353,337,317,322,341,393,396,401,411,393,357,375,395,325,370,407
TLE45,Wakefield,Q (86-88),Human health and social work activities,616,631,607,684,697,720,754,743,712,688,729,728,747,742,734,721,753,763,718,668,752,743,488,685,798
TLE45,Wakefield,R (90-93),"Arts, entertainment and recreation",60,62,67,71,68,76,81,80,82,77,74,66,68,80,75,65,63,57,62,61,64,61,56,55,58
TLE45,Wakefield,S (94-96),Other service activities,95,91,99,96,96,93,92,93,96,89,83,88,94,92,88,75,76,75,70,73,72,73,67,71,80
TLE45,Wakefield,T (97-98),Activities of households,11,13,17,17,11,8,7,11,7,9,7,5,4,4,5,5,7,6,5,7,8,8,7,8,9
TLF11,Derby,AB (1-9),"Agriculture, forestry and fishing; mining and quarrying",35,25,33,33,27,21,22,21,25,17,13,9,8,13,27,28,13,11,13,12,16,17,16,15,15
TLF11,Derby,C (10-33),Manufacturing,1387,1625,1820,1856,1854,1877,2085,2261,2405,2258,2166,1837,1705,2120,1876,1952,1826,1638,1595,1512,1739,1987,2592,2572,2302
TLF11,Derby,DE (35-39),"Electricity, gas, water; sewerage and waste management",240,245,263,269,243,269,257,286,271,226,239,231,220,213,242,242,226,212,221,186,200,196,180,188,217
TLF11,Derby,F (41-43),Construction,383,407,375,371,397,375,374,406,417,386,349,270,290,311,320,326,343,386,388,392,375,359,329,354,344
TLF11,Derby,G (45-47),Wholesale and retail trade; repair of motor vehicles,593,561,592,580,565,552,579,606,605,619,610,543,607,698,637,636,664,624,629,666,671,617,572,639,637
TLF11,Derby,H (49-53),Transportation and storage,186,201,194,215,204,212,205,224,245,236,225,220,235,264,277,255,235,204,222,225,210,230,176,144,184
TLF11,Derby,I (55-56),Accommodation and food service activities,135,155,153,157,149,168,177,187,163,155,152,137,136,140,145,164,149,148,169,193,199,180,127,132,157
TLF11,Derby,J (58-63),Information and communication,66,66,80,93,105,116,134,145,148,146,138,142,147,158,179,179,178,168,179,166,162,142,161,231,235
TLF11,Derby,K (64-66),Financial and insurance activities,467,533,463,572,807,861,862,1033,1051,1353,1353,1303,1222,985,859,703,441,332,257,279,248,212,215,206,97
TLF11,Derby,L (68),"Real estate activities, excluding imputed rental",179,185,170,182,183,184,197,215,216,223,234,243,237,238,245,243,215,231,243,249,249,264,268,225,223
TLF11,Derby,M (69-75),"Professional, scientific and technical activities",213,216,220,232,239,246,272,273,290,281,278,261,280,270,287,355,497,484,467,450,434,448,408,390,454
TLF11,Derby,N (77-82),Administrative and support service activities,259,266,300,302,346,341,386,441,454,439,414,433,443,435,409,432,466,491,470,490,515,530,584,530,532
TLF11,Derby,O (84),Public administration and defence,186,189,160,179,171,164,189,206,208,232,232,237,208,218,223,234,233,253,264,243,239,261,249,262,245
TLF11,Derby,P (85),Education,400,378,389,390,389,397,366,380,368,360,351,350,378,410,447,440,451,459,447,459,479,522,379,447,514
TLF11,Derby,Q (86-88),Human health and social work activities,588,586,646,713,747,781,795,780,736,807,845,799,842,794,828,887,833,865,936,908,968,900,575,834,861
TLF11,Derby,R (90-93),"Arts, entertainment and recreation",65,73,66,69,72,74,85,84,83,80,87,86,78,82,75,74,78,85,81,92,90,75,52,52,56
TLF11,Derby,S (94-96),Other service activities,69,70,66,63,65,61,64,63,62,59,60,72,64,64,67,71,74,72,71,79,83,75,71,79,84
TLF11,Derby,T (97-98),Activities of households,12,11,13,12,9,7,9,13,13,10,7,5,6,6,5,6,5,6,9,7,7,8,6,9,8
TLF12,East Derbyshire,AB (1-9),"Agriculture, forestry and fishing; mining and quarrying",36,35,34,35,41,42,36,35,39,31,38,38,33,39,37,34,36,49,46,44,35,38,29,28,26
TLF12,East Derbyshire,C (10-33),Manufacturing,677,778,806,825,851,842,858,858,881,884,798,683,716,714,767,832,837,871,819,814,838,816,967,963,870
TLF12,East Derbyshire,DE (35-39),"Electricity, gas, water; sewerage and waste management",67,61,68,79,70,73,73,76,74,60,62,68,62,57,61,61,57,58,51,49,49,48,60,55,51
TLF12,East Derbyshire,F (41-43),Construction,451,473,437,432,457,428,430,469,483,452,425,337,354,385,383,402,438,466,403,380,371,432,454,490,465
TLF12,East Derbyshire,G (45-47),Wholesale and retail trade; repair of motor vehicles,777,734,787,790,760,721,727,782,810,833,908,882,949,985,949,932,951,861,863,922,907,864,894,1043,1007
TLF12,East Derbyshire,H (49-53),Transportation and storage,206,216,212,223,209,219,218,225,230,231,223,203,217,214,220,227,246,456,472,498,519,569,513,498,498
TLF12,East Derbyshire,I (55-56),Accommodation and food service activities,122,139,137,141,134,150,159,168,145,139,136,123,121,124,125,135,131,130,145,157,143,130,92,119,144
TLF12,East Derbyshire,J (58-63),Information and communication,56,54,66,79,87,95,97,118,128,134,139,150,153,167,204,214,246,219,246,229,250,217,217,275,283
TLF12,East Derbyshire,K (64-66),Financial and insurance activities,16,18,16,20,26,28,29,34,34,45,46,43,41,33,32,35,46,72,78,102,92,83,120,212,306
TLF12,East Derbyshire,L (68),"Real estate activities, excluding imputed rental",71,73,67,72,72,72,74,81,82,83,89,93,92,92,92,82,73,99,127,148,161,177,195,174,195
TLF12,East Derbyshire,M (69-75),"Professional, scientific and technical activities",248,206,215,197,199,197,220,227,228,221,233,215,229,225,211,194,190,179,217,209,269,251,232,264,261
TLF12,East Derbyshire,N (77-82),Administrative and support service activities,140,143,160,161,183,181,208,235,241,234,223,231,237,236,251,284,309,344,310,277,271,274,236,251,272
TLF12,East Derbyshire,O (84),Public administration and defence,160,163,138,154,148,141,163,178,180,200,200,204,205,192,189,158,164,158,150,139,143,149,134,144,131
TLF12,East Derbyshire,P (85),Education,271,256,263,265,263,269,248,258,249,244,238,237,256,278,318,299,290,293,273,270,278,296,222,252,289
TLF12,East Derbyshire,Q (86-88),Human health and social work activities,394,390,432,479,499,515,522,514,488,540,564,535,596,564,579,585,614,730,744,742,720,684,518,666,667
TLF12,East Derbyshire,R (90-93),"Arts, entertainment and recreation",60,67,63,65,68,69,75,75,76,73,81,80,73,73,71,63,60,57,57,56,57,55,71,70,45
TLF12,East Derbyshire,S (94-96),Other service activities,162,167,158,150,151,139,150,146,144,139,149,165,159,159,178,200,199,221,270,314,330,305,254,235,242
TLF12,East Derbyshire,T (97-98),Activities of households,14,13,15,14,11,8,10,15,15,12,9,6,7,7,6,6,5,7,10,7,8,9,7,10,9
TLF13,South and West Derbyshire,AB (1-9),"Agriculture, forestry and fishing; mining and quarrying",117,107,121,120,136,124,112,114,125,95,115,98,88,120,129,125,171,147,137,146,171,187,181,170,169
TLF13,South and West Derbyshire,C (10-33),Manufacturing,1811,1927,1896,1941,2017,2142,2202,2329,2353,2351,2365,2066,2273,2225,2451,2779,3008,2938,2964,2877,3062,3382,3461,3557,2995
TLF13,South and West Derbyshire,DE (35-39),"Electricity, gas, water; sewerage and waste management",193,184,198,229,203,212,213,221,212,177,179,195,180,168,189,187,162,175,156,154,162,153,130,146,144
TLF13,South and West Derbyshire,F (41-43),Construction,821,844,782,769,801,737,753,829,859,815,818,673,684,755,744,804,775,805,856,866,788,866,886,910,1004
TLF13,South and West Derbyshire,G (45-47),Wholesale and retail trade; repair of motor vehicles,1123,1050,1090,1075,1049,1018,1085,1143,1121,1153,1158,1058,1187,1330,1343,1395,1395,1382,1365,1446,1363,1213,1156,1197,1053
TLF13,South and West Derbyshire,H (49-53),Transportation and storage,421,437,422,453,416,443,454,453,474,469,469,411,446,447,466,514,535,412,402,359,365,410,442,397,410
TLF13,South and West Derbyshire,I (55-56),Accommodation and food service activities,243,280,276,283,270,304,320,339,297,282,276,248,248,258,266,288,272,255,279,315,297,301,216,283,335
TLF13,South and West Derbyshire,J (58-63),Information and communication,24,23,27,32,35,38,41,47,50,50,50,53,54,58,64,77,77,85,101,97,114,116,142,178,172
TLF13,South and West Derbyshire,K (64-66),Financial and insurance activities,29,34,29,36,49,53,54,64,65,84,85,81,76,61,58,56,75,114,107,85,65,83,39,38,31
TLF13,South and West Derbyshire,L (68),"Real estate activities, excluding imputed rental",217,226,207,219,218,217,215,237,241,234,263,277,276,277,267,247,245,267,249,256,290,290,276,275,192
TLF13,South and West Derbyshire,M (69-75),"Professional, scientific and technical activities",286,273,275,277,285,292,337,349,351,340,332,313,335,323,335,336,352,380,429,459,446,453,415,491,590
TLF13,South and West Derbyshire,N (77-82),Administrative and support service activities,171,171,175,176,189,182,215,236,243,235,229,234,241,248,242,241,252,282,294,296,278,320,280,312,364
TLF13,South and West Derbyshire,O (84),Public administration and defence,430,437,370,414,396,379,437,476,482,537,538,548,565,536,536,469,418,378,397,402,414,437,426,453,429
TLF13,South and West Derbyshire,P (85),Education,587,554,570,573,571,583,538,558,540,529,515,514,554,602,579,557,541,534,514,523,563,578,427,465,534
TLF13,South and West Derbyshire,Q (86-88),Human health and social work activities,358,361,396,417,437,466,473,460,438,473,494,473,531,515,514,504,483,489,538,559,542,527,438,557,515
TLF13,South and West Derbyshire,R (90-93),"Arts, entertainment and recreation",103,114,108,112,116,114,126,124,128,126,132,131,122,119,103,96,98,106,106,104,114,105,68,86,97
TLF13,South and West Derbyshire,S (94-96),Other service activities,142,146,138,131,132,122,131,129,126,122,129,145,137,138,147,156,150,136,134,146,160,153,149,147,169
TLF13,South and West Derbyshire,T (97-98),Activities of households,24,23,26,24,19,14,18,26,26,20,15,11,12,12,11,11,10,12,18,13,14,16,12,18,16
TLF14,Nottingham,AB (1-9),"Agriculture, forestry and fishing; mining and quarrying",0,0,0,0,0,0,0,0,0,0,0,0,0,0,0,0,0,0,0,1,0,0,0,0,3
TLF14,Nottingham,C (10-33),Manufacturing,778,932,809,794,853,936,1033,907,1025,1024,904,834,947,989,923,935,807,409,410,469,483,534,664,724,650
TLF14,Nottingham,DE (35-39),"Electricity, gas, water; sewerage and waste management",572,798,681,924,798,894,861,675,690,619,494,534,496,504,516,554,520,635,637,582,513,514,506,229,220
TLF14,Nottingham,F (41-43),Construction,774,821,766,758,807,750,731,784,832,806,769,594,629,724,702,564,472,449,386,411,405,335,323,345,396
TLF14,Nottingham,G (45-47),Wholesale and retail trade; repair of motor vehicles,882,840,901,889,860,834,852,898,919,939,956,869,953,1067,1053,1045,1166,1315,1372,1313,1338,1250,1073,1159,1181
TLF14,Nottingham,H (49-53),Transportation and storage,261,278,273,294,277,289,281,295,311,308,296,278,298,311,310,308,320,293,290,258,237,231,228,193,207
TLF14,Nottingham,I (55-56),Accommodation and food service activities,191,219,216,222,211,237,251,265,232,220,216,194,193,200,204,226,236,232,269,294,279,273,174,230,297
TLF14,Nottingham,J (58-63),Information and communication,186,183,224,261,296,340,406,440,440,438,418,411,431,477,507,548,547,606,626,645,731,729,744,901,806
TLF14,Nottingham,K (64-66),Financial and insurance activities,604,436,535,418,387,361,371,406,393,436,443,303,406,295,301,169,286,360,381,581,639,678,604,700,808
TLF14,Nottingham,L (68),"Real estate activities, excluding imputed rental",357,372,341,361,361,360,365,401,407,402,442,464,460,461,455,513,628,606,553,593,605,606,651,544,517
TLF14,Nottingham,M (69-75),"Professional, scientific and technical activities",445,437,451,468,483,515,593,606,612,575,554,523,557,538,528,537,622,685,757,728,710,741,624,694,671
TLF14,Nottingham,N (77-82),Administrative and support service activities,314,308,300,313,330,326,381,399,413,438,488,472,505,594,636,743,831,896,920,972,772,637,515,560,591
TLF14,Nottingham,O (84),Public administration and defence,531,540,458,511,490,468,540,589,596,664,665,678,671,619,560,537,594,571,567,566,564,627,622,657,642
TLF14,Nottingham,P (85),Education,958,904,930,934,931,950,877,910,881,862,840,839,904,981,993,939,938,996,1076,1108,1164,1296,956,1181,1360
TLF14,Nottingham,Q (86-88),Human health and social work activities,919,913,1008,1115,1165,1211,1231,1209,1145,1260,1318,1247,1350,1334,1337,1360,1345,1371,1421,1429,1477,1382,922,1210,1286
TLF14,Nottingham,R (90-93),"Arts, entertainment and recreation",172,191,165,175,181,203,238,238,232,229,237,244,229,252,210,195,200,188,145,151,157,137,114,98,117
TLF14,Nottingham,S (94-96),Other service activities,139,141,133,127,130,122,129,127,124,119,121,145,129,129,130,129,120,138,152,161,165,140,134,144,174
TLF14,Nottingham,T (97-98),Activities of households,15,14,15,14,11,8,11,16,16,12,9,7,7,8,7,7,6,7,11,8,9,10,8,11,10
TLF15,North Nottinghamshire,AB (1-9),"Agriculture, forestry and fishing; mining and quarrying",266,258,230,246,285,315,253,231,261,213,214,219,171,212,186,175,237,193,158,160,122,147,129,121,113
TLF15,North Nottinghamshire,C (10-33),Manufacturing,1283,1417,1443,1410,1463,1490,1577,1536,1594,1585,1456,1329,1447,1403,1435,1606,1567,1597,1544,1437,1507,1645,1742,1776,1576
TLF15,North Nottinghamshire,DE (35-39),"Electricity, gas, water; sewerage and waste management",382,486,461,601,555,579,556,460,462,412,346,362,337,327,335,369,352,460,454,434,391,391,359,240,242
TLF15,North Nottinghamshire,F (41-43),Construction,829,861,798,786,825,765,774,847,878,829,810,655,676,744,733,763,756,769,865,909,885,901,870,951,937
TLF15,North Nottinghamshire,G (45-47),Wholesale and retail trade; repair of motor vehicles,864,822,879,864,838,816,840,881,896,915,916,821,906,1032,970,1035,1085,1162,1159,1238,1245,1105,943,1090,1081
TLF15,North Nottinghamshire,H (49-53),Transportation and storage,376,391,378,408,376,399,405,407,425,421,407,368,398,404,420,423,434,331,373,353,384,442,525,509,559
TLF15,North Nottinghamshire,I (55-56),Accommodation and food service activities,229,266,263,269,258,290,304,324,286,270,264,236,239,251,271,298,274,275,296,329,329,291,179,258,312
TLF15,North Nottinghamshire,J (58-63),Information and communication,36,43,62,74,82,90,97,117,133,148,162,186,201,234,250,248,275,298,296,370,416,464,427,535,552
TLF15,North Nottinghamshire,K (64-66),Financial and insurance activities,29,33,29,36,50,54,54,65,66,85,85,82,77,62,59,59,85,126,149,127,107,117,74,72,63
TLF15,North Nottinghamshire,L (68),"Real estate activities, excluding imputed rental",127,131,121,129,129,129,136,149,151,153,163,170,167,167,171,154,145,155,177,167,169,174,192,176,171
TLF15,North Nottinghamshire,M (69-75),"Professional, scientific and technical activities",376,309,325,297,300,295,325,330,339,336,359,330,343,341,346,388,392,374,350,344,285,279,309,280,256
TLF15,North Nottinghamshire,N (77-82),Administrative and support service activities,169,160,161,167,176,176,214,226,228,223,231,231,240,259,258,237,252,308,305,327,354,364,321,387,429
TLF15,North Nottinghamshire,O (84),Public administration and defence,371,377,320,357,342,327,377,411,416,464,464,473,458,427,403,329,349,312,299,276,276,322,315,331,324
TLF15,North Nottinghamshire,P (85),Education,453,427,440,442,440,449,415,430,417,408,397,397,427,464,536,496,484,476,450,445,446,462,381,430,494
TLF15,North Nottinghamshire,Q (86-88),Human health and social work activities,725,726,799,860,900,947,961,940,893,974,1018,969,1066,1032,1045,983,968,976,1030,1073,1129,1107,826,1020,1104
TLF15,North Nottinghamshire,R (90-93),"Arts, entertainment and recreation",98,109,101,105,109,109,122,120,123,120,127,126,116,116,97,93,87,89,83,88,93,82,60,70,89
TLF15,North Nottinghamshire,S (94-96),Other service activities,171,172,164,155,156,143,154,151,154,137,146,163,154,160,157,166,149,129,117,127,146,142,151,143,158
TLF15,North Nottinghamshire,T (97-98),Activities of households,22,21,23,22,17,13,16,24,24,19,14,10,11,11,10,10,9,11,17,12,13,15,12,17,15
TLF16,South Nottinghamshire,AB (1-9),"Agriculture, forestry and fishing; mining and quarrying",27,26,31,30,37,34,31,32,35,29,49,51,48,52,58,62,81,91,60,61,59,71,61,51,60
TLF16,South Nottinghamshire,C (10-33),Manufacturing,595,634,603,576,624,637,673,739,785,802,741,717,786,780,905,978,917,818,769,784,889,958,1046,1152,1130
TLF16,South Nottinghamshire,DE (35-39),"Electricity, gas, water; sewerage and waste management",228,297,274,361,333,348,335,273,273,247,203,213,198,196,162,161,179,266,282,305,303,356,282,156,132
TLF16,South Nottinghamshire,F (41-43),Construction,415,439,409,405,431,401,392,422,446,429,409,317,335,383,412,438,479,475,455,445,461,460,411,456,503
TLF16,South Nottinghamshire,G (45-47),Wholesale and retail trade; repair of motor vehicles,740,702,753,749,723,692,702,748,771,791,837,791,858,919,879,861,918,989,941,971,952,882,810,896,823
TLF16,South Nottinghamshire,H (49-53),Transportation and storage,206,225,227,247,235,242,222,236,249,250,240,228,249,255,250,250,251,201,215,167,173,165,139,129,140
TLF16,South Nottinghamshire,I (55-56),Accommodation and food service activities,156,177,173,179,169,190,203,212,182,175,172,156,151,153,158,172,161,167,165,188,165,145,102,118,147
TLF16,South Nottinghamshire,J (58-63),Information and communication,55,48,51,60,67,73,77,88,92,90,87,89,88,92,97,110,100,165,234,270,276,159,188,299,375
TLF16,South Nottinghamshire,K (64-66),Financial and insurance activities,111,155,132,175,137,145,212,207,198,299,329,272,264,226,217,240,251,247,191,136,125,148,118,137,116
TLF16,South Nottinghamshire,L (68),"Real estate activities, excluding imputed rental",173,180,165,174,174,173,173,191,194,189,211,222,221,221,218,175,145,132,152,146,143,141,118,123,137
TLF16,South Nottinghamshire,M (69-75),"Professional, scientific and technical activities",359,349,358,366,379,386,422,424,445,429,427,396,430,423,412,449,366,363,403,451,583,715,716,790,965
TLF16,South Nottinghamshire,N (77-82),Administrative and support service activities,126,121,126,130,140,140,168,180,182,179,183,184,191,204,218,271,252,188,168,151,157,161,135,138,173
TLF16,South Nottinghamshire,O (84),Public administration and defence,350,356,302,337,323,309,356,389,393,438,438,447,410,348,368,332,337,354,361,349,307,319,327,346,340
TLF16,South Nottinghamshire,P (85),Education,388,366,377,378,377,385,355,369,357,349,340,340,366,397,410,380,366,360,335,351,434,434,333,373,430
TLF16,South Nottinghamshire,Q (86-88),Human health and social work activities,257,258,284,299,314,333,338,329,313,340,354,339,375,369,373,369,350,393,438,442,431,389,337,401,434
TLF16,South Nottinghamshire,R (90-93),"Arts, entertainment and recreation",79,89,84,87,92,93,100,100,102,98,109,108,98,97,87,82,82,72,78,77,75,68,48,54,62
TLF16,South Nottinghamshire,S (94-96),Other service activities,73,75,71,67,67,62,67,65,65,62,67,72,71,72,69,71,89,93,113,123,134,113,116,126,131
TLF16,South Nottinghamshire,T (97-98),Activities of households,17,16,18,17,13,10,12,18,18,14,10,7,8,8,7,8,7,8,12,9,10,11,9,12,11
TLF21,Leicester,AB (1-9),"Agriculture, forestry and fishing; mining and quarrying",2,2,2,2,3,3,3,2,3,2,3,3,3,4,2,2,3,3,2,2,2,2,1,2,3
TLF21,Leicester,C (10-33),Manufacturing,676,689,772,783,798,854,893,833,877,936,900,884,921,863,994,1065,1079,1093,1028,1153,1304,1365,1272,1537,1493
TLF21,Leicester,DE (35-39),"Electricity, gas, water; sewerage and waste management",160,172,162,178,167,178,167,167,169,172,142,152,154,182,152,144,164,214,188,169,148,175,188,161,162
TLF21,Leicester,F (41-43),Construction,395,405,444,414,387,354,381,416,389,384,349,305,308,318,333,351,365,339,308,324,301,300,248,284,330
TLF21,Leicester,G (45-47),Wholesale and retail trade; repair of motor vehicles,582,580,611,613,599,617,628,684,745,752,747,659,756,717,721,760,838,917,919,913,817,912,791,974,970
TLF21,Leicester,H (49-53),Transportation and storage,102,109,110,114,112,121,120,124,136,144,144,133,138,135,143,142,143,129,126,122,122,143,159,127,151
TLF21,Leicester,I (55-56),Accommodation and food service activities,169,159,156,157,172,161,159,166,157,164,150,135,152,153,143,153,149,153,172,161,151,153,108,129,190
TLF21,Leicester,J (58-63),Information and communication,28,38,57,63,71,76,80,89,115,129,138,155,181,212,221,225,249,254,326,355,512,587,575,680,539
TLF21,Leicester,K (64-66),Financial and insurance activities,457,414,461,527,593,640,764,784,913,1062,1083,851,748,743,753,697,722,719,686,399,276,287,318,478,506
TLF21,Leicester,L (68),"Real estate activities, excluding imputed rental",204,206,221,216,209,215,220,231,231,223,251,268,259,257,266,274,255,273,247,238,281,362,303,341,335
TLF21,Leicester,M (69-75),"Professional, scientific and technical activities",321,326,319,307,321,351,375,385,435,446,416,412,427,436,454,471,552,560,593,671,810,711,665,690,619
TLF21,Leicester,N (77-82),Administrative and support service activities,327,318,320,316,330,391,407,416,449,484,515,469,486,485,470,542,541,611,666,690,671,511,443,445,467
TLF21,Leicester,O (84),Public administration and defence,420,421,433,454,460,456,485,494,534,543,571,578,552,532,529,507,473,455,478,466,452,467,438,467,484
TLF21,Leicester,P (85),Education,820,870,831,838,797,726,738,735,726,710,741,755,770,810,799,851,942,866,918,903,947,1017,809,947,1021
TLF21,Leicester,Q (86-88),Human health and social work activities,802,841,782,818,782,882,952,965,941,905,967,945,1067,1047,1116,1042,1173,1240,1258,1225,1174,1081,682,936,1061
TLF21,Leicester,R (90-93),"Arts, entertainment and recreation",70,66,80,79,70,87,87,106,114,100,105,113,103,109,103,118,147,154,179,203,181,205,110,139,186
TLF21,Leicester,S (94-96),Other service activities,106,94,108,101,98,99,94,102,109,110,102,106,98,83,94,99,100,105,109,101,103,101,63,81,96
TLF21,Leicester,T (97-98),Activities of households,20,23,22,13,10,10,11,12,13,11,7,5,8,8,8,15,16,11,18,18,19,20,15,18,17
TLF22,Leicestershire CC and Rutland,AB (1-9),"Agriculture, forestry and fishing; mining and quarrying",156,169,160,146,189,193,183,210,281,253,222,196,174,230,263,287,384,354,318,336,375,414,297,362,372
TLF22,Leicestershire CC and Rutland,C (10-33),Manufacturing,2076,2077,2314,2572,2725,2894,2949,2847,3010,2965,3113,2765,2749,2791,2990,3116,3047,2961,2977,2967,3225,3243,3211,3543,3592
TLF22,Leicestershire CC and Rutland,DE (35-39),"Electricity, gas, water; sewerage and waste management",763,736,740,905,930,1069,1273,1018,1012,1096,1180,1281,1380,1174,1186,1250,1109,1185,1116,1077,1016,927,725,477,434
TLF22,Leicestershire CC and Rutland,F (41-43),Construction,1605,1675,1827,1702,1626,1545,1693,1716,1618,1555,1303,1110,1169,1212,1181,1276,1396,1587,1507,1585,1605,1606,1227,1524,1672
TLF22,Leicestershire CC and Rutland,G (45-47),Wholesale and retail trade; repair of motor vehicles,1600,1586,1679,1672,1636,1701,1725,1889,2063,2108,2105,1841,2132,2013,2059,2098,2268,2320,2388,2363,2244,2035,1707,2247,2102
TLF22,Leicestershire CC and Rutland,H (49-53),Transportation and storage,871,899,868,842,859,979,949,937,1072,1140,1133,1066,1126,1115,1153,1243,1229,1111,1132,1185,1273,1229,1195,1314,1413
TLF22,Leicestershire CC and Rutland,I (55-56),Accommodation and food service activities,480,454,447,450,493,461,455,476,450,473,435,387,433,439,411,459,449,438,504,464,470,485,319,387,521
TLF22,Leicestershire CC and Rutland,J (58-63),Information and communication,100,118,147,166,181,227,232,249,286,347,321,298,311,341,343,301,315,305,328,287,326,359,357,618,796
TLF22,Leicestershire CC and Rutland,K (64-66),Financial and insurance activities,478,413,464,452,425,434,506,568,562,637,632,503,493,468,477,434,460,502,467,468,558,429,368,363,410
TLF22,Leicestershire CC and Rutland,L (68),"Real estate activities, excluding imputed rental",361,361,389,383,372,382,394,413,411,400,443,473,456,454,497,519,531,548,532,587,619,614,655,660,740
TLF22,Leicestershire CC and Rutland,M (69-75),"Professional, scientific and technical activities",888,902,904,855,874,926,971,1005,1175,1236,1198,1190,1275,1223,1190,1028,1080,1097,1212,1301,1090,1211,1230,1357,1511
TLF22,Leicestershire CC and Rutland,N (77-82),Administrative and support service activities,497,495,474,456,455,505,528,547,598,642,675,600,622,631,588,705,700,740,772,743,767,774,624,704,763
TLF22,Leicestershire CC and Rutland,O (84),Public administration and defence,505,506,520,546,553,548,583,593,642,652,686,695,702,648,591,644,609,636,676,649,693,697,626,713,723
TLF22,Leicestershire CC and Rutland,P (85),Education,1056,1121,1071,1079,1027,935,951,946,935,915,954,973,991,1044,1049,999,995,1050,1033,1078,1156,1208,997,1091,1172
TLF22,Leicestershire CC and Rutland,Q (86-88),Human health and social work activities,617,667,625,612,606,678,760,757,743,715,742,695,768,740,773,720,788,812,914,890,854,792,680,787,847
TLF22,Leicestershire CC and Rutland,R (90-93),"Arts, entertainment and recreation",145,148,177,175,188,224,216,254,279,241,262,235,222,217,215,202,180,174,165,171,127,118,82,115,165
TLF22,Leicestershire CC and Rutland,S (94-96),Other service activities,305,275,319,303,299,297,278,294,331,334,343,338,331,278,291,279,300,304,312,325,319,347,254,347,395
TLF22,Leicestershire CC and Rutland,T (97-98),Activities of households,44,51,49,30,23,23,24,27,28,24,16,10,17,16,16,31,33,23,36,37,37,41,30,37,35
TLF24,West Northamptonshire,AB (1-9),"Agriculture, forestry and fishing; mining and quarrying",41,49,49,47,70,71,61,59,67,60,80,69,70,98,77,65,90,78,66,69,72,78,59,66,94
TLF24,West Northamptonshire,C (10-33),Manufacturing,910,847,942,1005,1043,983,956,943,1083,1162,1235,1069,1089,1106,1162,1231,1252,1220,1169,1173,1296,1405,1317,1443,1365
TLF24,West Northamptonshire,DE (35-39),"Electricity, gas, water; sewerage and waste management",220,221,211,242,197,235,246,240,244,249,230,267,286,292,328,387,431,583,711,580,510,501,573,463,399
TLF24,West Northamptonshire,F (41-43),Construction,1050,1093,1193,1111,1059,1002,1096,1119,1054,1016,859,734,769,797,759,800,882,1036,1011,1043,1141,1225,1004,1206,1262
TLF24,West Northamptonshire,G (45-47),Wholesale and retail trade; repair of motor vehicles,1255,1257,1332,1321,1279,1334,1353,1479,1617,1654,1665,1477,1686,1603,1579,1619,1555,1583,1620,1616,1561,1463,1157,1473,1535
TLF24,West Northamptonshire,H (49-53),Transportation and storage,523,553,560,579,553,591,586,598,658,708,713,645,663,647,710,724,661,638,646,714,732,735,760,795,753
TLF24,West Northamptonshire,I (55-56),Accommodation and food service activities,275,263,259,260,285,266,263,275,261,275,252,223,249,254,245,263,259,251,280,279,284,296,221,259,300
TLF24,West Northamptonshire,J (58-63),Information and communication,22,29,41,47,52,65,67,73,85,104,103,107,118,129,135,144,178,193,239,228,273,260,270,421,439
TLF24,West Northamptonshire,K (64-66),Financial and insurance activities,537,495,552,668,795,874,1053,1053,1287,1505,1545,1208,1034,1038,1066,1141,1203,1021,1036,1357,1421,1482,1494,1360,1249
TLF24,West Northamptonshire,L (68),"Real estate activities, excluding imputed rental",226,226,244,240,234,241,249,260,259,253,278,297,286,285,286,320,315,278,290,316,334,308,256,301,269
TLF24,West Northamptonshire,M (69-75),"Professional, scientific and technical activities",373,384,376,363,379,413,448,461,514,525,483,482,495,507,535,573,580,591,556,533,641,639,666,788,916
TLF24,West Northamptonshire,N (77-82),Administrative and support service activities,350,348,357,349,372,432,454,474,513,551,585,540,558,569,546,533,619,675,638,660,695,661,545,592,643
TLF24,West Northamptonshire,O (84),Public administration and defence,414,415,426,447,453,449,477,486,526,534,562,569,530,529,436,421,325,333,360,337,368,381,341,434,453
TLF24,West Northamptonshire,P (85),Education,606,643,614,619,589,536,545,543,536,525,547,558,569,599,644,625,570,582,557,599,615,606,520,559,604
TLF24,West Northamptonshire,Q (86-88),Human health and social work activities,560,592,551,568,548,616,671,678,662,637,676,654,728,765,752,796,848,854,950,934,954,929,627,902,1042
TLF24,West Northamptonshire,R (90-93),"Arts, entertainment and recreation",209,201,240,245,226,279,279,335,364,317,341,355,320,333,304,339,359,370,353,433,359,330,272,351,471
TLF24,West Northamptonshire,S (94-96),Other service activities,180,165,192,181,199,199,205,211,237,237,263,275,297,282,235,220,229,226,211,230,275,281,204,190,211
TLF24,West Northamptonshire,T (97-98),Activities of households,24,27,26,16,13,12,13,15,15,13,9,5,9,9,9,17,18,13,20,21,21,23,17,21,20
TLF25,North Northamptonshire,AB (1-9),"Agriculture, forestry and fishing; mining and quarrying",29,35,35,34,50,50,43,42,48,44,57,49,50,70,55,47,72,65,53,55,49,54,47,53,62
TLF25,North Northamptonshire,C (10-33),Manufacturing,994,1019,1105,1110,1123,1200,1238,1166,1250,1308,1320,1218,1213,1150,1351,1397,1489,1419,1457,1420,1481,1561,1485,1517,1511
TLF25,North Northamptonshire,DE (35-39),"Electricity, gas, water; sewerage and waste management",140,124,111,116,92,108,102,98,98,101,106,124,129,109,103,102,88,100,114,116,96,87,74,94,92
TLF25,North Northamptonshire,F (41-43),Construction,645,652,711,658,606,552,595,602,553,529,469,414,421,432,404,426,440,483,468,470,482,529,403,502,584
TLF25,North Northamptonshire,G (45-47),Wholesale and retail trade; repair of motor vehicles,831,833,884,874,845,884,896,981,1073,1102,1113,986,1127,1071,1109,1168,1226,1283,1243,1228,1205,1071,920,1126,1101
TLF25,North Northamptonshire,H (49-53),Transportation and storage,403,401,374,381,390,429,416,405,461,486,490,438,457,463,420,394,432,445,435,431,476,548,534,540,560
TLF25,North Northamptonshire,I (55-56),Accommodation and food service activities,148,140,138,139,152,142,140,147,139,146,134,120,134,136,144,145,141,143,159,149,141,155,123,141,174
TLF25,North Northamptonshire,J (58-63),Information and communication,26,31,37,41,44,54,60,63,69,83,77,77,80,84,94,101,110,101,120,107,116,126,119,189,201
TLF25,North Northamptonshire,K (64-66),Financial and insurance activities,202,171,191,169,140,135,152,183,153,170,163,132,146,131,147,120,127,116,99,87,91,91,88,80,109
TLF25,North Northamptonshire,L (68),"Real estate activities, excluding imputed rental",107,107,116,114,112,115,119,124,123,121,132,141,136,135,160,133,141,147,156,166,186,178,203,219,224
TLF25,North Northamptonshire,M (69-75),"Professional, scientific and technical activities",153,159,161,153,161,174,183,188,214,218,199,196,195,190,205,216,209,211,223,206,218,205,236,268,291
TLF25,North Northamptonshire,N (77-82),Administrative and support service activities,209,205,198,193,196,224,234,241,261,281,297,267,277,278,276,308,304,367,375,370,415,400,380,423,447
TLF25,North Northamptonshire,O (84),Public administration and defence,146,147,151,158,160,159,169,172,186,189,199,201,194,164,146,131,114,119,131,128,120,133,128,157,170
TLF25,North Northamptonshire,P (85),Education,414,439,420,423,402,367,373,371,366,359,374,381,389,409,403,402,385,395,390,391,403,437,359,349,374
TLF25,North Northamptonshire,Q (86-88),Human health and social work activities,393,415,386,400,385,433,471,476,465,447,475,461,505,484,543,536,571,537,582,606,591,509,366,473,523
TLF25,North Northamptonshire,R (90-93),"Arts, entertainment and recreation",43,42,50,50,49,60,59,70,76,67,72,71,66,67,64,63,62,58,51,77,77,73,50,73,101
TLF25,North Northamptonshire,S (94-96),Other service activities,127,112,129,119,116,118,113,123,130,131,120,126,116,100,114,113,112,119,115,121,125,128,94,128,135
TLF25,North Northamptonshire,T (97-98),Activities of households,19,22,21,13,10,10,11,12,13,11,7,4,8,7,7,15,16,11,17,18,18,19,14,18,17
TLF30,Lincolnshire CC,AB (1-9),"Agriculture, forestry and fishing; mining and quarrying",906,994,1127,1116,1194,1093,939,1034,995,879,1059,900,708,885,792,761,881,851,827,816,752,833,745,794,750
TLF30,Lincolnshire CC,C (10-33),Manufacturing,1339,1416,1446,1537,1699,1836,1643,1667,1628,1745,1731,1721,1674,1669,1741,1884,1996,1969,2081,2165,2349,2296,2234,2260,2106
TLF30,Lincolnshire CC,DE (35-39),"Electricity, gas, water; sewerage and waste management",520,578,489,530,475,478,472,451,481,473,463,451,472,474,482,510,464,508,550,592,585,606,669,565,579
TLF30,Lincolnshire CC,F (41-43),Construction,1091,1233,1200,1282,1264,1266,1297,1164,1211,1095,1068,902,1006,997,961,1060,1045,1150,1113,1160,1021,1060,968,1069,1116
TLF30,Lincolnshire CC,G (45-47),Wholesale and retail trade; repair of motor vehicles,1359,1309,1518,1582,1539,1609,1589,1676,1817,1833,1791,1629,1739,1814,2045,2013,2137,1980,1923,2123,2174,2199,1825,2409,2388
TLF30,Lincolnshire CC,H (49-53),Transportation and storage,512,468,437,535,530,571,566,541,588,593,598,560,573,583,574,579,579,521,519,526,478,502,466,502,536
TLF30,Lincolnshire CC,I (55-56),Accommodation and food service activities,455,498,464,448,490,488,536,529,523,445,418,399,446,451,465,529,481,454,492,534,526,620,399,538,614
TLF30,Lincolnshire CC,J (58-63),Information and communication,26,31,39,62,67,87,80,86,97,126,137,130,121,145,164,188,191,201,219,266,325,356,424,488,463
TLF30,Lincolnshire CC,K (64-66),Financial and insurance activities,246,278,256,256,258,296,294,287,333,406,473,365,352,295,342,331,276,285,272,243,223,213,201,229,251
TLF30,Lincolnshire CC,L (68),"Real estate activities, excluding imputed rental",289,293,313,313,321,330,319,340,374,377,424,473,449,445,433,458,491,488,468,485,482,479,495,498,483
TLF30,Lincolnshire CC,M (69-75),"Professional, scientific and technical activities",360,372,378,362,402,428,413,437,512,580,552,503,543,500,537,563,568,545,514,501,501,522,464,525,517
TLF30,Lincolnshire CC,N (77-82),Administrative and support service activities,346,327,334,342,358,409,384,478,520,567,565,559,550,596,605,695,698,685,636,657,682,744,608,744,750
TLF30,Lincolnshire CC,O (84),Public administration and defence,935,967,1004,1010,1104,976,974,955,1131,1156,1187,1197,1137,1014,996,986,1029,1038,1052,1070,1031,1085,1067,1066,1041
TLF30,Lincolnshire CC,P (85),Education,869,883,882,1001,906,891,824,879,847,830,831,821,848,920,918,910,864,867,821,857,894,969,766,832,905
TLF30,Lincolnshire CC,Q (86-88),Human health and social work activities,1026,922,976,1069,1054,1117,1186,1182,1170,1215,1354,1269,1311,1340,1307,1347,1330,1369,1364,1430,1447,1310,991,1276,1464
TLF30,Lincolnshire CC,R (90-93),"Arts, entertainment and recreation",171,135,126,154,163,213,235,219,231,221,216,185,156,152,130,132,145,146,142,150,151,151,115,118,140
TLF30,Lincolnshire CC,S (94-96),Other service activities,260,172,151,227,230,244,238,241,233,233,241,262,254,248,233,225,244,258,258,307,315,366,347,271,275
TLF30,Lincolnshire CC,T (97-98),Activities of households,90,88,107,80,64,40,33,52,47,32,22,24,37,51,33,39,42,39,37,38,38,38,30,39,34
TLG11,"Herefordshire, County of",AB (1-9),"Agriculture, forestry and fishing; mining and quarrying",179,216,219,207,279,272,231,282,280,233,308,285,242,314,248,241,334,323,273,261,244,315,276,250,241
TLG11,"Herefordshire, County of",C (10-33),Manufacturing,548,576,658,650,639,634,538,509,525,531,492,461,485,491,526,566,587,598,616,647,759,762,690,722,675
TLG11,"Herefordshire, County of",DE (35-39),"Electricity, gas, water; sewerage and waste management",57,64,66,67,66,67,62,55,50,49,58,56,46,50,63,57,62,66,70,79,80,90,90,88,76
TLG11,"Herefordshire, County of",F (41-43),Construction,219,253,241,240,224,224,252,233,232,234,227,171,180,196,198,203,192,200,198,216,220,241,205,206,222
TLG11,"Herefordshire, County of",G (45-47),Wholesale and retail trade; repair of motor vehicles,414,420,441,426,439,431,415,390,421,384,384,349,369,385,427,447,477,493,474,499,480,443,431,494,497
TLG11,"Herefordshire, County of",H (49-53),Transportation and storage,67,84,83,85,82,77,77,85,87,92,94,78,73,73,66,78,77,79,62,55,60,56,49,51,49
TLG11,"Herefordshire, County of",I (55-56),Accommodation and food service activities,103,107,101,104,106,113,113,102,99,108,103,106,105,115,116,124,112,132,131,133,140,147,106,114,123
TLG11,"Herefordshire, County of",J (58-63),Information and communication,4,6,7,8,9,11,12,15,16,18,19,23,25,28,25,26,42,53,73,87,96,101,149,151,182
TLG11,"Herefordshire, County of",K (64-66),Financial and insurance activities,36,40,36,36,51,51,68,69,77,97,97,69,49,57,50,39,42,42,41,25,21,29,36,35,45
TLG11,"Herefordshire, County of",L (68),"Real estate activities, excluding imputed rental",111,122,125,116,118,124,121,130,137,135,144,148,156,166,159,159,183,192,203,208,186,133,131,164,124
TLG11,"Herefordshire, County of",M (69-75),"Professional, scientific and technical activities",111,115,115,122,131,145,149,154,158,158,147,138,139,146,133,146,159,170,175,174,166,200,160,162,168
TLG11,"Herefordshire, County of",N (77-82),Administrative and support service activities,78,78,76,80,74,75,77,87,97,105,107,105,106,110,116,137,140,145,153,160,146,150,131,170,154
TLG11,"Herefordshire, County of",O (84),Public administration and defence,187,178,178,164,149,150,161,159,155,159,169,190,167,163,150,166,164,153,162,150,147,159,156,145,157
TLG11,"Herefordshire, County of",P (85),Education,229,231,238,245,223,217,227,229,235,229,224,210,212,232,250,251,236,221,199,210,224,221,178,201,230
TLG11,"Herefordshire, County of",Q (86-88),Human health and social work activities,346,344,342,374,374,375,389,401,375,358,358,358,363,376,388,371,363,335,328,340,368,368,224,316,339
TLG11,"Herefordshire, County of",R (90-93),"Arts, entertainment and recreation",35,40,42,36,39,48,53,62,60,50,53,46,45,49,48,51,56,49,48,46,44,44,24,39,47
TLG11,"Herefordshire, County of",S (94-96),Other service activities,54,57,54,56,58,66,69,67,64,64,61,66,66,60,55,54,55,52,51,51,61,54,72,52,61
TLG11,"Herefordshire, County of",T (97-98),Activities of households,11,8,8,9,7,7,10,10,8,7,7,5,6,5,7,5,7,6,4,3,4,4,3,5,4
TLG12,Worcestershire CC,AB (1-9),"Agriculture, forestry and fishing; mining and quarrying",83,100,102,98,128,124,109,133,136,112,145,127,107,138,125,124,163,152,128,126,125,143,131,125,115
TLG12,Worcestershire CC,C (10-33),Manufacturing,1354,1349,1514,1518,1497,1558,1713,1716,1990,1976,1977,1807,1917,2097,2114,2166,2259,2265,2189,2380,2572,2462,2342,2198,2045
TLG12,Worcestershire CC,DE (35-39),"Electricity, gas, water; sewerage and waste management",433,509,544,598,587,786,716,562,597,543,497,493,499,535,641,651,564,586,394,199,195,206,218,241,211
TLG12,Worcestershire CC,F (41-43),Construction,748,864,823,820,770,768,860,795,791,795,767,579,612,663,656,688,663,727,709,783,786,969,770,844,934
TLG12,Worcestershire CC,G (45-47),Wholesale and retail trade; repair of motor vehicles,1474,1492,1561,1471,1514,1531,1485,1387,1494,1329,1316,1214,1299,1375,1610,1786,1955,1948,1850,1917,1796,1642,1491,1708,1798
TLG12,Worcestershire CC,H (49-53),Transportation and storage,269,337,332,340,336,321,320,357,373,383,395,331,325,330,321,323,318,326,345,348,330,307,262,284,276
TLG12,Worcestershire CC,I (55-56),Accommodation and food service activities,360,368,348,358,367,385,392,359,347,374,357,367,361,386,385,376,360,355,365,381,360,411,300,331,394
TLG12,Worcestershire CC,J (58-63),Information and communication,36,46,55,58,64,82,89,106,112,120,128,147,164,179,172,184,253,313,377,433,506,506,682,668,598
TLG12,Worcestershire CC,K (64-66),Financial and insurance activities,727,690,750,635,598,609,642,732,659,619,751,837,918,862,895,773,829,750,727,814,936,783,845,770,942
TLG12,Worcestershire CC,L (68),"Real estate activities, excluding imputed rental",373,414,409,366,379,404,383,410,436,412,476,484,518,558,617,528,595,612,620,626,676,803,752,784,683
TLG12,Worcestershire CC,M (69-75),"Professional, scientific and technical activities",469,519,529,591,671,726,742,723,709,725,701,642,703,724,636,574,591,619,652,674,669,695,636,617,648
TLG12,Worcestershire CC,N (77-82),Administrative and support service activities,261,276,271,278,256,261,277,320,372,400,411,397,384,384,417,509,549,569,574,745,722,864,803,737,780
TLG12,Worcestershire CC,O (84),Public administration and defence,496,473,472,435,396,398,427,423,412,423,448,504,455,412,400,429,386,391,424,454,453,456,450,412,455
TLG12,Worcestershire CC,P (85),Education,891,898,926,952,869,844,884,891,914,891,873,818,824,904,849,835,819,799,769,792,818,810,677,749,856
TLG12,Worcestershire CC,Q (86-88),Human health and social work activities,929,933,927,1017,1015,1033,1088,1159,1076,1012,1023,1031,1117,1126,1140,1170,1123,1155,1180,1319,1274,1215,1055,1302,1407
TLG12,Worcestershire CC,R (90-93),"Arts, entertainment and recreation",115,131,136,116,124,149,164,186,181,153,160,145,142,151,151,190,220,242,249,294,275,237,136,175,192
TLG12,Worcestershire CC,S (94-96),Other service activities,201,214,201,211,216,251,259,251,240,237,226,244,246,227,227,239,258,236,231,254,261,255,362,266,235
TLG12,Worcestershire CC,T (97-98),Activities of households,36,25,24,27,23,23,31,32,26,21,21,15,17,16,21,16,23,18,13,11,11,14,11,15,14
TLG13,Warwickshire CC,AB (1-9),"Agriculture, forestry and fishing; mining and quarrying",135,161,148,142,175,181,153,179,187,168,211,201,147,179,159,139,179,145,126,127,126,135,141,136,123
TLG13,Warwickshire CC,C (10-33),Manufacturing,1612,1655,1955,2004,1859,1727,1819,1919,2202,2176,2297,1932,2081,2295,2372,2525,3104,3429,3239,3938,4122,3629,3498,3779,2788
TLG13,Warwickshire CC,DE (35-39),"Electricity, gas, water; sewerage and waste management",297,327,338,384,423,606,532,420,461,433,422,414,402,406,461,701,780,1155,1402,1624,1546,1692,1678,1116,1077
TLG13,Warwickshire CC,F (41-43),Construction,1468,1692,1606,1582,1470,1480,1654,1536,1518,1464,1356,1087,1167,1279,1343,1490,1523,1500,1393,1548,1436,1398,1125,1198,1192
TLG13,Warwickshire CC,G (45-47),Wholesale and retail trade; repair of motor vehicles,2046,2077,2166,2007,2048,2117,2073,1923,2060,1802,1765,1657,1795,1925,2195,2405,2563,2654,2433,2529,2520,2230,1801,2037,1980
TLG13,Warwickshire CC,H (49-53),Transportation and storage,681,839,820,834,841,821,817,932,990,969,1039,881,908,943,946,959,988,1052,1059,1119,1057,1090,937,920,1107
TLG13,Warwickshire CC,I (55-56),Accommodation and food service activities,486,505,479,489,500,533,535,483,469,509,486,500,494,542,560,545,511,518,529,577,517,540,344,401,521
TLG13,Warwickshire CC,J (58-63),Information and communication,102,131,156,164,194,305,337,413,426,436,462,517,587,637,621,594,556,611,618,718,809,894,1103,1141,1287
TLG13,Warwickshire CC,K (64-66),Financial and insurance activities,191,207,193,195,260,257,327,333,369,457,455,360,272,301,317,292,301,370,352,414,400,531,635,699,810
TLG13,Warwickshire CC,L (68),"Real estate activities, excluding imputed rental",327,364,356,316,328,351,331,353,376,352,415,421,453,489,553,603,661,642,647,641,589,519,430,510,591
TLG13,Warwickshire CC,M (69-75),"Professional, scientific and technical activities",800,879,865,942,1065,1207,1229,1475,1560,1632,1542,1380,1471,1510,1451,1607,1424,1296,1303,1326,1285,1239,1186,1303,1476
TLG13,Warwickshire CC,N (77-82),Administrative and support service activities,489,498,491,515,486,496,514,609,707,756,776,752,762,752,769,882,958,1005,988,1035,1002,962,781,863,874
TLG13,Warwickshire CC,O (84),Public administration and defence,523,498,497,458,417,419,450,446,434,446,472,531,498,481,445,466,457,468,487,497,483,518,509,481,521
TLG13,Warwickshire CC,P (85),Education,726,732,755,776,708,688,720,726,745,726,711,667,672,736,870,787,753,712,730,758,797,812,650,735,844
TLG13,Warwickshire CC,Q (86-88),Human health and social work activities,703,700,697,760,754,770,805,846,788,751,754,761,795,826,875,831,846,833,853,899,952,918,592,838,963
TLG13,Warwickshire CC,R (90-93),"Arts, entertainment and recreation",169,193,208,173,186,216,235,266,262,222,229,208,203,211,196,212,211,200,180,187,182,195,97,167,185
TLG13,Warwickshire CC,S (94-96),Other service activities,361,381,349,341,344,369,388,385,381,372,369,400,413,390,374,375,367,374,379,389,479,420,525,388,502
TLG13,Warwickshire CC,T (97-98),Activities of households,33,23,23,25,22,22,30,30,25,20,20,14,16,15,21,15,22,18,13,11,11,14,11,15,14
TLG21,Telford and Wrekin,AB (1-9),"Agriculture, forestry and fishing; mining and quarrying",19,22,20,21,27,26,23,25,24,21,26,25,24,31,29,28,41,34,33,37,34,38,33,35,35
TLG21,Telford and Wrekin,C (10-33),Manufacturing,671,659,682,729,769,779,756,757,821,836,807,656,693,739,771,809,851,840,931,969,1012,1062,1153,1226,1258
TLG21,Telford and Wrekin,DE (35-39),"Electricity, gas, water; sewerage and waste management",138,122,128,125,114,117,101,88,83,78,93,79,65,57,57,52,54,64,67,67,89,118,104,125,118
TLG21,Telford and Wrekin,F (41-43),Construction,166,154,158,153,151,146,144,144,146,132,120,104,110,117,111,114,129,165,175,184,172,198,170,185,212
TLG21,Telford and Wrekin,G (45-47),Wholesale and retail trade; repair of motor vehicles,396,396,416,425,435,445,499,545,526,537,560,485,540,604,573,532,531,565,580,595,546,489,458,657,682
TLG21,Telford and Wrekin,H (49-53),Transportation and storage,120,126,128,123,122,136,184,186,178,182,181,161,171,155,156,160,161,163,163,144,145,208,184,198,224
TLG21,Telford and Wrekin,I (55-56),Accommodation and food service activities,58,53,54,52,61,62,74,78,66,56,56,51,59,65,64,73,73,79,79,84,83,78,51,70,84
TLG21,Telford and Wrekin,J (58-63),Information and communication,176,192,221,257,269,293,293,274,306,329,308,294,275,310,330,328,348,355,319,281,235,260,323,362,409
TLG21,Telford and Wrekin,K (64-66),Financial and insurance activities,405,505,455,416,313,257,269,321,259,291,307,316,305,276,314,306,209,156,326,408,498,434,450,624,641
TLG21,Telford and Wrekin,L (68),"Real estate activities, excluding imputed rental",90,95,92,90,97,99,101,97,108,113,127,133,131,132,133,123,139,143,130,136,159,144,143,144,153
TLG21,Telford and Wrekin,M (69-75),"Professional, scientific and technical activities",70,78,75,81,85,89,96,95,103,101,99,81,81,82,82,81,105,100,92,100,113,130,129,127,128
TLG21,Telford and Wrekin,N (77-82),Administrative and support service activities,60,62,58,68,70,82,95,92,89,99,106,98,106,111,129,150,174,179,176,183,180,179,190,234,253
TLG21,Telford and Wrekin,O (84),Public administration and defence,305,307,321,321,325,331,315,307,294,322,326,330,321,299,255,276,303,302,299,312,301,311,288,282,298
TLG21,Telford and Wrekin,P (85),Education,314,325,307,320,318,300,297,281,268,256,244,243,241,236,239,232,233,239,245,240,257,264,208,235,264
TLG21,Telford and Wrekin,Q (86-88),Human health and social work activities,221,204,214,231,228,256,262,287,296,289,294,298,281,273,276,308,302,275,265,259,286,297,235,291,356
TLG21,Telford and Wrekin,R (90-93),"Arts, entertainment and recreation",27,27,25,23,29,40,37,37,40,37,35,39,41,38,34,36,35,30,27,27,24,22,12,21,33
TLG21,Telford and Wrekin,S (94-96),Other service activities,64,60,54,52,53,52,60,56,59,52,58,54,52,61,64,64,68,81,94,98,90,80,72,73,72
TLG21,Telford and Wrekin,T (97-98),Activities of households,9,12,10,6,5,5,5,5,4,4,3,2,5,8,8,5,4,5,4,4,4,5,4,6,5
TLG22,Shropshire CC,AB (1-9),"Agriculture, forestry and fishing; mining and quarrying",182,196,174,180,249,239,216,240,229,185,268,246,237,315,271,256,398,334,286,302,273,325,308,280,293
TLG22,Shropshire CC,C (10-33),Manufacturing,642,650,683,700,733,704,720,685,762,748,717,632,659,649,622,651,694,710,760,716,800,678,750,777,774
TLG22,Shropshire CC,DE (35-39),"Electricity, gas, water; sewerage and waste management",261,245,301,265,248,256,222,225,217,174,193,180,160,157,188,206,212,214,215,163,211,202,194,180,184
TLG22,Shropshire CC,F (41-43),Construction,436,407,420,409,416,408,402,403,412,369,315,265,286,304,318,377,393,444,470,523,535,478,407,440,405
TLG22,Shropshire CC,G (45-47),Wholesale and retail trade; repair of motor vehicles,621,606,634,661,666,666,728,792,746,758,794,681,771,841,818,739,727,760,770,849,779,696,663,988,1043
TLG22,Shropshire CC,H (49-53),Transportation and storage,158,171,177,179,179,184,201,202,204,206,210,190,202,203,220,225,219,225,210,189,220,203,150,177,184
TLG22,Shropshire CC,I (55-56),Accommodation and food service activities,141,126,132,131,151,154,180,191,159,135,135,127,150,164,172,201,193,210,198,205,201,187,121,184,216
TLG22,Shropshire CC,J (58-63),Information and communication,8,9,12,13,15,18,24,26,32,35,36,38,42,47,47,52,60,72,95,97,114,118,135,174,177
TLG22,Shropshire CC,K (64-66),Financial and insurance activities,119,133,114,103,144,153,201,245,276,295,330,281,229,189,162,185,173,129,142,88,75,71,54,44,48
TLG22,Shropshire CC,L (68),"Real estate activities, excluding imputed rental",143,150,145,143,154,157,160,154,171,178,201,211,207,208,222,218,252,240,241,211,240,276,245,273,325
TLG22,Shropshire CC,M (69-75),"Professional, scientific and technical activities",169,184,179,191,199,213,231,227,250,244,241,209,213,211,222,243,265,254,250,278,260,304,300,333,371
TLG22,Shropshire CC,N (77-82),Administrative and support service activities,118,121,115,130,127,141,158,152,146,165,178,173,185,182,188,235,263,256,260,306,284,271,221,271,261
TLG22,Shropshire CC,O (84),Public administration and defence,438,440,461,462,466,476,453,441,422,463,468,474,467,449,424,422,395,400,428,426,426,460,418,419,430
TLG22,Shropshire CC,P (85),Education,505,523,493,515,512,482,477,451,432,411,393,390,387,379,388,399,381,384,395,392,403,425,318,365,409
TLG22,Shropshire CC,Q (86-88),Human health and social work activities,516,475,499,538,531,596,610,666,688,670,683,693,649,655,671,665,632,569,570,587,633,606,437,632,741
TLG22,Shropshire CC,R (90-93),"Arts, entertainment and recreation",70,71,65,55,65,86,88,75,79,69,71,70,77,78,71,83,72,67,80,82,72,72,35,51,63
TLG22,Shropshire CC,S (94-96),Other service activities,162,151,137,128,137,144,154,134,137,130,144,139,131,133,129,118,110,119,107,116,127,130,97,148,169
TLG22,Shropshire CC,T (97-98),Activities of households,16,21,18,11,8,8,8,9,8,8,6,5,9,14,14,10,8,8,7,6,6,9,6,10,9
TLG23,Stoke-on-Trent,AB (1-9),"Agriculture, forestry and fishing; mining and quarrying",8,8,8,9,9,7,6,5,6,5,2,2,3,4,5,4,4,4,4,4,4,4,3,5,6
TLG23,Stoke-on-Trent,C (10-33),Manufacturing,737,712,728,757,768,734,674,654,645,639,581,498,535,554,560,624,644,701,715,697,720,696,703,770,758
TLG23,Stoke-on-Trent,DE (35-39),"Electricity, gas, water; sewerage and waste management",299,364,302,392,379,374,329,249,236,230,351,397,370,324,346,328,271,249,124,136,207,200,136,119,183
TLG23,Stoke-on-Trent,F (41-43),Construction,387,359,372,362,365,359,355,358,369,328,292,242,265,288,272,273,267,283,289,337,335,345,262,286,321
TLG23,Stoke-on-Trent,G (45-47),Wholesale and retail trade; repair of motor vehicles,524,509,527,552,556,551,596,646,603,615,641,547,620,668,690,630,673,710,698,737,666,561,534,809,765
TLG23,Stoke-on-Trent,H (49-53),Transportation and storage,124,131,134,131,133,143,180,182,179,180,178,160,171,160,172,176,169,200,184,179,202,245,243,278,352
TLG23,Stoke-on-Trent,I (55-56),Accommodation and food service activities,66,58,62,63,72,74,84,90,74,63,63,61,73,80,86,96,89,92,79,97,98,91,62,76,88
TLG23,Stoke-on-Trent,J (58-63),Information and communication,13,16,24,25,29,37,50,61,77,89,96,108,124,145,163,169,209,261,341,397,547,641,853,932,898
TLG23,Stoke-on-Trent,K (64-66),Financial and insurance activities,90,95,84,76,101,108,136,160,186,200,224,211,178,143,120,120,129,121,130,126,195,225,179,194,200
TLG23,Stoke-on-Trent,L (68),"Real estate activities, excluding imputed rental",93,99,94,91,99,101,102,97,110,113,131,138,137,137,164,176,172,160,164,146,112,94,88,110,101
TLG23,Stoke-on-Trent,M (69-75),"Professional, scientific and technical activities",106,119,113,122,126,134,147,144,157,153,151,123,124,127,128,128,125,139,138,155,139,149,130,141,138
TLG23,Stoke-on-Trent,N (77-82),Administrative and support service activities,138,142,134,150,145,158,177,168,161,180,196,189,207,211,203,203,223,209,190,188,203,204,215,222,238
TLG23,Stoke-on-Trent,O (84),Public administration and defence,239,240,252,252,254,259,247,240,230,252,255,259,274,274,273,270,228,226,234,251,255,256,224,263,254
TLG23,Stoke-on-Trent,P (85),Education,421,435,411,429,427,402,397,376,360,343,327,325,322,316,318,298,288,291,291,292,295,293,237,265,296
TLG23,Stoke-on-Trent,Q (86-88),Human health and social work activities,557,514,546,586,576,645,656,709,733,719,736,740,729,742,721,790,773,799,891,953,1010,978,697,937,1030
TLG23,Stoke-on-Trent,R (90-93),"Arts, entertainment and recreation",162,175,150,129,143,176,232,211,275,247,258,245,242,389,380,441,463,342,264,373,397,421,379,405,264
TLG23,Stoke-on-Trent,S (94-96),Other service activities,78,73,66,63,68,71,75,66,67,64,71,68,63,64,70,75,77,88,82,78,71,58,47,73,78
TLG23,Stoke-on-Trent,T (97-98),Activities of households,15,18,16,9,7,7,7,7,6,6,5,4,7,11,12,8,6,7,5,5,5,7,5,8,7
TLG24,Staffordshire CC,AB (1-9),"Agriculture, forestry and fishing; mining and quarrying",117,137,126,131,175,164,147,161,156,127,169,155,151,202,176,176,260,217,179,179,168,222,189,185,191
TLG24,Staffordshire CC,C (10-33),Manufacturing,2530,2571,2627,2761,2922,2932,2892,2890,3099,3071,2959,2451,2615,2757,2808,2946,2930,2876,2803,2997,3268,3191,3203,3613,3553
TLG24,Staffordshire CC,DE (35-39),"Electricity, gas, water; sewerage and waste management",344,332,347,351,327,325,285,243,229,208,256,236,206,184,196,216,225,287,368,386,301,280,322,369,363
TLG24,Staffordshire CC,F (41-43),Construction,2049,1892,1972,1924,1936,1917,1900,1932,2006,1771,1612,1311,1460,1615,1482,1614,1623,1784,1754,1727,1586,1601,1408,1548,1631
TLG24,Staffordshire CC,G (45-47),Wholesale and retail trade; repair of motor vehicles,1805,1779,1863,1927,1955,1974,2179,2373,2260,2300,2405,2071,2325,2563,2511,2271,2294,2467,2554,2742,2691,2475,2179,3309,3277
TLG24,Staffordshire CC,H (49-53),Transportation and storage,799,875,896,898,846,882,1027,1020,1020,1056,1075,962,1005,964,969,972,1006,1064,1073,1016,1117,1225,1108,1233,1238
TLG24,Staffordshire CC,I (55-56),Accommodation and food service activities,756,655,713,731,830,856,960,1026,838,709,710,705,850,926,940,987,834,808,812,832,737,684,396,533,635
TLG24,Staffordshire CC,J (58-63),Information and communication,33,40,55,59,65,78,96,108,132,150,157,167,180,209,198,195,237,280,342,339,392,393,462,499,534
TLG24,Staffordshire CC,K (64-66),Financial and insurance activities,429,437,393,359,465,507,620,716,852,915,1029,1024,878,696,577,629,587,548,462,448,394,347,291,235,282
TLG24,Staffordshire CC,L (68),"Real estate activities, excluding imputed rental",364,382,369,362,391,400,405,390,434,453,512,536,528,530,548,524,558,554,560,597,637,709,649,691,609
TLG24,Staffordshire CC,M (69-75),"Professional, scientific and technical activities",497,566,554,589,622,658,711,697,782,761,747,624,640,625,629,660,736,781,846,914,853,872,743,866,950
TLG24,Staffordshire CC,N (77-82),Administrative and support service activities,459,478,456,522,509,572,656,635,615,697,736,709,752,732,738,824,953,1017,963,1007,930,911,813,992,970
TLG24,Staffordshire CC,O (84),Public administration and defence,735,739,775,775,783,799,761,740,709,778,786,797,795,771,735,754,735,739,813,839,843,881,789,814,851
TLG24,Staffordshire CC,P (85),Education,1290,1334,1259,1314,1308,1231,1217,1152,1102,1050,1003,996,988,969,1016,973,962,986,982,943,989,1064,828,938,1052
TLG24,Staffordshire CC,Q (86-88),Human health and social work activities,1035,953,1003,1081,1067,1197,1222,1335,1379,1345,1372,1390,1350,1407,1436,1497,1521,1428,1413,1401,1463,1426,1071,1451,1549
TLG24,Staffordshire CC,R (90-93),"Arts, entertainment and recreation",182,185,161,144,189,273,279,234,250,220,240,235,257,268,266,301,298,287,312,287,242,220,89,189,254
TLG24,Staffordshire CC,S (94-96),Other service activities,379,360,325,310,333,344,368,324,334,316,348,335,306,319,325,342,353,382,347,355,422,459,397,503,512
TLG24,Staffordshire CC,T (97-98),Activities of households,48,60,52,31,24,24,23,24,22,21,17,13,24,39,40,27,21,22,18,17,17,24,17,27,23
TLG31,Birmingham,AB (1-9),"Agriculture, forestry and fishing; mining and quarrying",2,3,3,3,3,3,4,5,6,5,6,6,5,6,5,9,15,13,10,12,13,19,13,12,11
TLG31,Birmingham,C (10-33),Manufacturing,2889,2925,3064,3150,3144,3234,3267,3194,3204,3207,3096,2803,2625,2649,2614,2745,3122,3164,2969,2950,2793,2514,2386,2230,2014
TLG31,Birmingham,DE (35-39),"Electricity, gas, water; sewerage and waste management",521,559,532,572,450,475,442,414,406,422,399,447,435,409,355,389,369,359,304,252,250,223,195,244,212
TLG31,Birmingham,F (41-43),Construction,1869,1937,1852,1919,2080,1947,1969,1972,2019,2038,1772,1409,1520,1443,1333,1276,1433,1421,1486,1473,1619,1592,1497,1643,1509
TLG31,Birmingham,G (45-47),Wholesale and retail trade; repair of motor vehicles,2087,2104,2184,2212,2221,2169,2316,2344,2438,2358,2213,2058,2433,2444,2643,2590,2821,2747,3041,3102,3176,2956,2319,2904,2916
TLG31,Birmingham,H (49-53),Transportation and storage,1109,1169,1196,1253,1140,1088,910,906,954,941,973,866,952,1032,982,1010,1035,1061,987,926,979,998,570,631,793
TLG31,Birmingham,I (55-56),Accommodation and food service activities,516,492,521,512,512,603,625,716,781,804,752,602,595,579,549,656,599,566,684,726,740,746,414,551,734
TLG31,Birmingham,J (58-63),Information and communication,86,103,141,168,202,235,254,271,271,297,324,332,353,370,413,486,632,750,979,1017,1277,1609,1608,1618,1955
TLG31,Birmingham,K (64-66),Financial and insurance activities,2260,2247,2340,2403,2417,2539,2702,3062,2554,3379,3615,3585,3772,3704,3783,3802,3538,3580,3614,3335,3258,3068,2940,2863,2836
TLG31,Birmingham,L (68),"Real estate activities, excluding imputed rental",788,805,792,734,780,825,835,817,829,830,809,819,862,856,869,837,821,815,798,825,847,906,936,912,901
TLG31,Birmingham,M (69-75),"Professional, scientific and technical activities",1419,1476,1491,1607,1719,1756,1837,1788,2009,1959,1980,1881,1820,1832,1936,1947,1934,2014,2086,2347,2289,2188,2248,2691,2813
TLG31,Birmingham,N (77-82),Administrative and support service activities,641,692,688,719,725,725,771,766,794,820,849,778,768,811,846,934,1140,1246,1209,1247,1149,1095,980,1170,1338
TLG31,Birmingham,O (84),Public administration and defence,1536,1566,1451,1603,1530,1639,1717,1782,1802,1867,1916,1805,1540,1779,1636,1726,1546,1577,1642,1749,1786,1891,1832,1851,2008
TLG31,Birmingham,P (85),Education,2193,2169,2217,2124,2163,2132,2211,2227,2067,2096,2101,2157,2194,2120,2042,2011,2046,2151,2189,2288,2529,2649,2149,2433,2637
TLG31,Birmingham,Q (86-88),Human health and social work activities,2083,2148,2071,2320,2260,2442,2547,2679,2654,2558,2523,2468,2658,2769,2918,2948,2754,2890,2982,3054,3230,3192,2261,2990,3471
TLG31,Birmingham,R (90-93),"Arts, entertainment and recreation",340,301,350,377,381,379,387,428,427,433,368,314,337,328,308,350,366,366,353,357,313,328,152,261,324
TLG31,Birmingham,S (94-96),Other service activities,442,407,420,409,395,364,358,380,389,409,357,369,358,346,406,481,560,503,498,554,501,591,432,534,542
TLG31,Birmingham,T (97-98),Activities of households,25,26,31,24,15,15,17,18,19,15,15,13,15,14,12,9,6,8,13,9,15,16,11,9,12
TLG32,Solihull,AB (1-9),"Agriculture, forestry and fishing; mining and quarrying",11,12,12,10,12,13,11,14,12,9,10,10,8,12,10,11,14,12,11,12,11,9,11,9,10
TLG32,Solihull,C (10-33),Manufacturing,1230,1204,1334,1602,1376,1354,1319,1272,1203,1158,1225,1101,1342,1746,1648,1834,2018,2155,2124,2120,1944,1554,1381,1244,993
TLG32,Solihull,DE (35-39),"Electricity, gas, water; sewerage and waste management",673,795,680,819,700,715,624,510,523,467,482,488,494,469,512,231,239,261,264,334,275,328,158,133,122
TLG32,Solihull,F (41-43),Construction,628,650,624,642,685,674,686,683,689,705,600,459,509,494,461,517,604,632,629,613,554,597,592,634,720
TLG32,Solihull,G (45-47),Wholesale and retail trade; repair of motor vehicles,506,504,526,535,539,517,545,549,562,550,513,469,558,560,553,573,603,585,685,756,788,713,536,700,733
TLG32,Solihull,H (49-53),Transportation and storage,186,202,185,175,165,181,199,223,262,281,260,218,226,280,256,295,362,427,418,367,393,404,235,256,328
TLG32,Solihull,I (55-56),Accommodation and food service activities,712,673,715,706,708,837,869,1002,1094,1131,1065,862,852,826,748,757,636,607,666,703,664,683,322,402,319
TLG32,Solihull,J (58-63),Information and communication,88,102,125,147,194,242,251,272,253,283,311,293,320,314,330,305,297,334,418,477,708,798,699,687,597
TLG32,Solihull,K (64-66),Financial and insurance activities,164,158,172,160,146,145,141,186,134,190,205,201,218,209,211,276,241,281,463,730,652,638,676,742,809
TLG32,Solihull,L (68),"Real estate activities, excluding imputed rental",121,123,122,114,120,128,132,130,131,133,127,127,133,132,137,136,177,227,342,351,339,319,386,402,491
TLG32,Solihull,M (69-75),"Professional, scientific and technical activities",243,258,264,285,301,321,335,330,366,352,329,287,280,281,292,308,307,389,456,531,522,535,497,610,613
TLG32,Solihull,N (77-82),Administrative and support service activities,360,391,390,443,472,449,469,506,531,551,547,501,454,448,526,629,692,814,766,921,1057,1287,1182,1033,1146
TLG32,Solihull,O (84),Public administration and defence,166,169,156,173,165,177,185,192,194,201,207,195,197,197,194,202,199,222,266,275,301,296,293,242,252
TLG32,Solihull,P (85),Education,266,263,269,258,262,259,268,270,251,254,255,262,266,257,319,299,301,310,305,289,310,317,266,310,336
TLG32,Solihull,Q (86-88),Human health and social work activities,241,249,240,267,261,280,294,307,302,286,281,277,302,316,327,317,318,327,344,340,335,296,239,306,361
TLG32,Solihull,R (90-93),"Arts, entertainment and recreation",49,44,50,54,55,58,62,68,67,70,65,57,58,55,51,55,58,56,54,54,43,51,19,38,44
TLG32,Solihull,S (94-96),Other service activities,135,125,127,121,116,103,103,108,111,119,108,113,108,105,116,125,115,153,164,176,190,179,120,146,211
TLG32,Solihull,T (97-98),Activities of households,5,5,6,5,3,3,3,4,4,3,3,3,3,3,2,2,1,2,3,2,3,3,2,2,2
TLG33,Coventry,AB (1-9),"Agriculture, forestry and fishing; mining and quarrying",18,21,18,18,18,17,14,10,7,5,3,3,3,6,5,8,5,6,7,9,6,5,3,3,2
TLG33,Coventry,C (10-33),Manufacturing,1096,1132,1232,1374,1270,1277,1251,1230,1209,1216,1176,985,974,1095,1106,1345,1658,1866,1867,1934,1792,1528,1356,1186,990
TLG33,Coventry,DE (35-39),"Electricity, gas, water; sewerage and waste management",596,642,571,619,534,547,509,486,475,508,581,614,677,651,684,850,776,866,1020,818,903,957,666,696,848
TLG33,Coventry,F (41-43),Construction,192,199,192,199,216,205,207,211,214,216,184,146,164,159,191,222,244,247,232,246,262,284,227,241,285
TLG33,Coventry,G (45-47),Wholesale and retail trade; repair of motor vehicles,942,936,978,992,1000,967,1001,1001,1024,987,940,872,1063,1060,1119,1057,1147,1000,1092,1111,1033,925,728,933,995
TLG33,Coventry,H (49-53),Transportation and storage,193,210,213,221,205,195,183,188,197,189,193,175,184,196,199,222,264,296,305,320,339,351,387,462,452
TLG33,Coventry,I (55-56),Accommodation and food service activities,152,148,155,151,151,176,182,206,224,229,212,166,164,161,153,161,163,159,187,199,200,211,115,144,182
TLG33,Coventry,J (58-63),Information and communication,88,101,126,143,170,200,215,229,219,241,248,240,259,264,275,260,302,329,378,380,406,394,299,301,290
TLG33,Coventry,K (64-66),Financial and insurance activities,1048,1028,1124,1060,986,992,964,1196,921,1283,1419,1445,1519,1463,1491,990,888,968,1139,700,809,1011,982,819,748
TLG33,Coventry,L (68),"Real estate activities, excluding imputed rental",451,465,449,412,441,463,448,429,443,436,444,458,487,487,476,488,536,536,452,435,445,471,512,543,489
TLG33,Coventry,M (69-75),"Professional, scientific and technical activities",310,329,319,356,377,421,419,412,445,425,446,357,357,366,342,430,497,528,568,564,459,398,437,480,583
TLG33,Coventry,N (77-82),Administrative and support service activities,297,315,299,328,328,305,328,328,351,365,375,328,324,339,332,367,459,554,634,580,480,438,388,538,542
TLG33,Coventry,O (84),Public administration and defence,322,328,304,336,321,343,360,373,378,391,402,378,358,377,371,372,381,395,417,392,421,445,440,417,436
TLG33,Coventry,P (85),Education,1087,1075,1099,1053,1072,1057,1096,1104,1024,1039,1041,1069,1088,1051,876,805,792,839,866,996,1062,1193,971,1076,1171
TLG33,Coventry,Q (86-88),Human health and social work activities,562,579,559,626,605,654,683,719,710,682,678,654,681,715,734,688,682,712,724,767,761,708,476,661,768
TLG33,Coventry,R (90-93),"Arts, entertainment and recreation",60,52,58,64,65,69,71,76,75,76,65,55,57,59,53,60,64,69,67,69,67,76,39,62,64
TLG33,Coventry,S (94-96),Other service activities,253,231,240,210,198,178,193,194,212,214,189,180,173,161,171,195,201,145,177,215,207,151,98,131,142
TLG33,Coventry,T (97-98),Activities of households,8,8,9,7,5,5,5,5,6,4,4,4,4,4,3,3,2,2,4,3,4,5,3,3,4
TLG36,Dudley,AB (1-9),"Agriculture, forestry and fishing; mining and quarrying",2,4,3,6,5,3,4,5,5,4,5,6,4,4,6,4,3,2,2,1,1,1,1,1,2
TLG36,Dudley,C (10-33),Manufacturing,917,958,1021,1010,987,1002,919,887,882,889,814,666,672,717,736,781,814,852,838,858,867,889,896,924,924
TLG36,Dudley,DE (35-39),"Electricity, gas, water; sewerage and waste management",214,250,227,256,188,195,169,154,159,159,150,157,154,153,149,213,210,204,135,82,77,78,46,29,24
TLG36,Dudley,F (41-43),Construction,589,615,593,621,693,622,623,660,678,663,565,473,551,528,520,535,544,481,455,511,463,504,481,485,570
TLG36,Dudley,G (45-47),Wholesale and retail trade; repair of motor vehicles,595,599,622,631,634,616,657,665,689,670,626,578,682,685,684,647,727,712,819,832,838,721,551,705,737
TLG36,Dudley,H (49-53),Transportation and storage,182,194,181,173,154,148,144,141,146,152,157,136,140,149,151,165,161,157,148,140,143,154,114,124,123
TLG36,Dudley,I (55-56),Accommodation and food service activities,108,102,109,107,108,127,132,152,167,172,162,131,130,126,120,129,119,114,124,130,126,135,75,99,125
TLG36,Dudley,J (58-63),Information and communication,15,19,29,36,44,51,56,60,61,67,76,82,91,99,97,80,69,74,84,89,102,107,88,117,118
TLG36,Dudley,K (64-66),Financial and insurance activities,50,52,50,60,68,76,88,85,82,99,104,103,106,107,112,111,81,90,122,101,88,84,65,57,69
TLG36,Dudley,L (68),"Real estate activities, excluding imputed rental",122,122,126,119,125,135,152,154,152,157,139,135,139,135,137,147,173,166,177,205,222,232,236,223,204
TLG36,Dudley,M (69-75),"Professional, scientific and technical activities",155,160,162,175,181,183,194,193,210,206,205,191,184,184,193,237,246,262,258,242,195,184,182,219,231
TLG36,Dudley,N (77-82),Administrative and support service activities,253,268,253,327,343,284,328,293,333,347,363,295,323,333,335,221,147,166,273,312,240,153,125,166,156
TLG36,Dudley,O (84),Public administration and defence,217,221,205,226,216,231,242,251,254,263,270,254,233,257,234,236,268,269,267,264,291,308,307,272,289
TLG36,Dudley,P (85),Education,323,319,326,313,318,314,325,328,304,309,309,318,323,312,390,381,373,363,350,347,362,379,305,344,371
TLG36,Dudley,Q (86-88),Human health and social work activities,399,411,397,445,431,467,486,514,509,493,490,473,498,553,580,604,548,535,515,554,558,546,345,515,607
TLG36,Dudley,R (90-93),"Arts, entertainment and recreation",41,36,41,44,46,48,48,51,49,48,38,31,33,36,38,47,57,70,77,94,89,119,108,172,74
TLG36,Dudley,S (94-96),Other service activities,119,111,111,103,97,85,87,90,94,100,94,97,92,88,91,87,94,96,91,97,97,94,66,76,93
TLG36,Dudley,T (97-98),Activities of households,8,8,9,8,5,5,5,5,6,4,4,4,4,4,3,2,2,2,4,3,4,4,3,2,3
TLG37,Sandwell,AB (1-9),"Agriculture, forestry and fishing; mining and quarrying",1,1,2,1,1,2,1,3,2,2,2,2,2,2,2,0,0,0,1,1,1,0,0,0,0
TLG37,Sandwell,C (10-33),Manufacturing,1181,1208,1259,1221,1215,1252,1123,1093,1089,1072,1006,800,842,888,929,968,1154,1234,1259,1233,1208,1180,1331,1279,1248
TLG37,Sandwell,DE (35-39),"Electricity, gas, water; sewerage and waste management",1136,1312,1085,1384,1305,1385,1259,968,965,789,763,822,756,637,613,638,553,508,548,561,583,557,526,293,182
TLG37,Sandwell,F (41-43),Construction,360,376,361,378,422,374,374,393,406,398,343,289,327,310,319,350,428,377,401,383,365,393,414,404,466
TLG37,Sandwell,G (45-47),Wholesale and retail trade; repair of motor vehicles,752,768,792,800,800,795,864,880,931,892,839,794,928,935,957,840,942,945,965,939,1006,895,710,930,900
TLG37,Sandwell,H (49-53),Transportation and storage,412,448,446,452,417,398,390,397,409,398,410,366,380,397,415,439,455,494,536,575,578,565,594,580,545
TLG37,Sandwell,I (55-56),Accommodation and food service activities,81,77,81,80,81,95,99,114,125,129,121,98,97,94,92,102,104,98,106,114,110,121,68,86,113
TLG37,Sandwell,J (58-63),Information and communication,10,10,12,13,16,18,19,19,19,20,21,20,20,20,23,29,36,44,54,59,70,86,81,76,75
TLG37,Sandwell,K (64-66),Financial and insurance activities,39,40,40,46,51,57,64,61,60,72,78,80,81,81,84,77,64,64,73,100,99,84,59,50,60
TLG37,Sandwell,L (68),"Real estate activities, excluding imputed rental",98,98,101,96,100,108,121,123,121,125,111,108,111,108,108,92,86,96,94,92,112,104,102,103,102
TLG37,Sandwell,M (69-75),"Professional, scientific and technical activities",70,74,75,81,84,86,91,91,98,95,96,88,85,85,87,89,92,95,102,125,125,124,114,144,153
TLG37,Sandwell,N (77-82),Administrative and support service activities,137,149,148,163,172,171,181,184,190,193,204,198,209,233,221,231,249,258,260,281,270,216,150,170,178
TLG37,Sandwell,O (84),Public administration and defence,164,167,155,171,163,175,183,190,192,199,204,192,179,173,138,130,162,175,179,184,179,171,164,182,198
TLG37,Sandwell,P (85),Education,314,311,317,304,310,305,317,319,296,300,301,309,314,304,330,343,357,354,341,349,365,379,323,375,406
TLG37,Sandwell,Q (86-88),Human health and social work activities,448,462,446,498,484,521,546,573,566,541,536,521,551,553,575,658,642,666,681,665,676,667,541,604,654
TLG37,Sandwell,R (90-93),"Arts, entertainment and recreation",62,55,62,67,69,74,78,84,83,85,77,66,67,67,65,70,79,77,79,85,68,60,38,50,46
TLG37,Sandwell,S (94-96),Other service activities,251,222,252,248,248,252,246,265,273,269,201,193,197,188,173,184,203,393,445,538,539,333,264,311,343
TLG37,Sandwell,T (97-98),Activities of households,7,7,9,7,4,4,5,5,5,4,4,4,4,4,3,2,2,2,4,3,4,5,3,3,4
TLG38,Walsall,AB (1-9),"Agriculture, forestry and fishing; mining and quarrying",6,6,6,5,6,6,5,5,4,3,3,3,3,4,4,3,3,2,3,3,3,3,2,2,3
TLG38,Walsall,C (10-33),Manufacturing,766,760,801,788,784,771,733,714,714,718,688,554,543,541,645,729,828,806,779,664,652,639,653,626,594
TLG38,Walsall,DE (35-39),"Electricity, gas, water; sewerage and waste management",203,187,201,194,164,171,171,165,150,165,151,184,172,151,140,126,129,141,133,145,140,139,119,156,151
TLG38,Walsall,F (41-43),Construction,330,343,329,342,374,349,352,360,367,368,315,253,284,273,286,318,349,327,353,356,359,347,330,321,436
TLG38,Walsall,G (45-47),Wholesale and retail trade; repair of motor vehicles,511,515,535,542,545,529,566,573,595,578,540,499,588,591,609,605,673,644,692,764,753,612,476,610,566
TLG38,Walsall,H (49-53),Transportation and storage,500,555,494,485,414,410,416,419,452,433,417,379,414,578,448,414,413,436,408,385,366,374,314,346,336
TLG38,Walsall,I (55-56),Accommodation and food service activities,76,72,76,76,76,90,93,108,118,122,115,94,93,90,85,91,89,85,103,102,100,101,54,69,87
TLG38,Walsall,J (58-63),Information and communication,21,26,35,42,54,66,70,76,72,81,90,88,97,98,101,167,197,203,255,254,237,239,197,202,162
TLG38,Walsall,K (64-66),Financial and insurance activities,66,64,67,65,63,64,67,83,63,87,91,88,95,92,91,96,80,80,108,81,70,82,100,93,75
TLG38,Walsall,L (68),"Real estate activities, excluding imputed rental",171,176,170,157,168,176,171,164,169,167,169,174,185,185,215,206,204,227,222,231,217,209,232,214,214
TLG38,Walsall,M (69-75),"Professional, scientific and technical activities",68,71,72,77,80,81,86,87,93,90,91,85,82,81,81,87,94,113,122,131,133,135,109,145,140
TLG38,Walsall,N (77-82),Administrative and support service activities,107,116,116,127,132,126,135,137,144,150,152,136,129,130,123,171,229,231,225,279,283,259,212,280,274
TLG38,Walsall,O (84),Public administration and defence,151,154,143,158,151,162,169,176,178,184,189,178,155,158,165,172,169,172,189,184,185,209,206,168,181
TLG38,Walsall,P (85),Education,349,345,353,338,345,340,352,355,329,334,335,344,350,338,393,360,347,351,339,340,363,377,308,356,387
TLG38,Walsall,Q (86-88),Human health and social work activities,341,351,340,380,364,393,411,434,427,409,411,389,432,506,519,517,482,527,542,520,469,433,268,363,433
TLG38,Walsall,R (90-93),"Arts, entertainment and recreation",63,54,57,63,66,74,76,78,74,72,59,46,48,56,55,68,74,74,68,69,39,39,22,35,25
TLG38,Walsall,S (94-96),Other service activities,50,46,47,46,44,41,40,43,44,46,40,41,40,38,46,59,61,53,59,75,68,51,31,46,61
TLG38,Walsall,T (97-98),Activities of households,6,7,8,6,4,4,4,4,5,4,4,3,4,4,3,2,2,2,3,2,4,4,3,2,3
TLG39,Wolverhampton,AB (1-9),"Agriculture, forestry and fishing; mining and quarrying",6,7,6,6,6,5,5,3,2,1,1,1,1,2,1,2,2,1,1,0,0,0,0,0,0
TLG39,Wolverhampton,C (10-33),Manufacturing,841,887,931,942,937,950,924,929,964,928,873,740,678,723,718,727,775,731,701,721,827,884,896,925,934
TLG39,Wolverhampton,DE (35-39),"Electricity, gas, water; sewerage and waste management",222,223,275,254,226,186,176,154,134,134,125,122,128,118,104,92,101,107,103,104,100,112,135,134,124
TLG39,Wolverhampton,F (41-43),Construction,546,566,537,558,609,547,551,545,566,570,511,417,422,389,414,399,392,383,393,332,294,311,305,354,351
TLG39,Wolverhampton,G (45-47),Wholesale and retail trade; repair of motor vehicles,502,500,522,530,534,515,537,539,552,535,505,465,561,561,560,548,606,590,689,726,741,691,511,642,653
TLG39,Wolverhampton,H (49-53),Transportation and storage,233,240,256,274,255,239,177,176,190,192,200,180,200,200,191,183,174,186,222,222,242,251,146,169,219
TLG39,Wolverhampton,I (55-56),Accommodation and food service activities,102,97,103,102,102,120,125,144,158,163,153,124,123,119,106,112,101,94,107,113,126,114,66,78,96
TLG39,Wolverhampton,J (58-63),Information and communication,13,16,21,25,29,33,35,37,36,40,44,46,50,53,55,62,75,89,104,109,106,112,100,120,119
TLG39,Wolverhampton,K (64-66),Financial and insurance activities,80,83,83,95,106,117,132,127,124,151,162,164,167,167,170,163,146,161,218,359,332,274,236,282,295
TLG39,Wolverhampton,L (68),"Real estate activities, excluding imputed rental",165,169,167,155,164,174,178,174,176,177,171,173,181,180,172,188,200,176,179,177,201,215,196,189,237
TLG39,Wolverhampton,M (69-75),"Professional, scientific and technical activities",146,152,151,167,173,181,185,185,203,196,199,176,172,172,177,174,179,178,160,166,138,114,116,137,138
TLG39,Wolverhampton,N (77-82),Administrative and support service activities,145,160,158,175,186,186,201,199,206,207,229,229,259,303,285,313,317,198,211,235,194,180,165,198,186
TLG39,Wolverhampton,O (84),Public administration and defence,333,339,315,348,332,355,372,386,391,405,416,391,335,370,378,381,257,236,246,267,297,307,290,265,295
TLG39,Wolverhampton,P (85),Education,524,518,529,507,516,509,528,532,493,500,501,515,524,506,443,397,402,361,357,368,405,444,360,416,452
TLG39,Wolverhampton,Q (86-88),Human health and social work activities,465,479,462,517,501,541,565,594,587,563,558,541,595,642,583,583,584,612,655,717,699,675,442,610,678
TLG39,Wolverhampton,R (90-93),"Arts, entertainment and recreation",84,74,84,91,93,99,104,113,112,115,106,91,93,91,81,68,74,70,72,78,111,126,117,124,171
TLG39,Wolverhampton,S (94-96),Other service activities,77,72,73,71,68,61,60,63,65,69,63,66,63,61,79,92,96,63,68,75,74,64,51,46,55
TLG39,Wolverhampton,T (97-98),Activities of households,6,6,7,6,4,4,4,4,5,4,3,3,4,3,3,2,1,2,3,2,3,4,2,2,3
TLH11,Peterborough,AB (1-9),"Agriculture, forestry and fishing; mining and quarrying",21,25,25,25,31,29,24,28,26,24,29,26,20,27,27,23,27,26,26,31,32,38,33,37,38
TLH11,Peterborough,C (10-33),Manufacturing,598,605,651,732,827,853,886,886,1008,1099,1117,845,928,1085,1133,1111,1070,882,770,818,858,879,831,1055,1054
TLH11,Peterborough,DE (35-39),"Electricity, gas, water; sewerage and waste management",190,202,190,229,225,235,198,198,230,212,200,209,210,192,178,179,166,173,197,239,243,205,206,225,251
TLH11,Peterborough,F (41-43),Construction,308,329,324,330,344,324,323,312,337,311,280,248,265,285,262,247,305,378,373,336,317,346,341,360,405
TLH11,Peterborough,G (45-47),Wholesale and retail trade; repair of motor vehicles,544,539,623,628,653,641,660,662,698,691,690,608,681,683,672,699,826,880,905,903,843,870,789,882,876
TLH11,Peterborough,H (49-53),Transportation and storage,156,163,170,162,151,159,140,150,158,150,162,157,174,169,183,168,155,153,272,317,339,309,313,278,281
TLH11,Peterborough,I (55-56),Accommodation and food service activities,129,126,127,141,144,139,142,139,132,131,127,119,123,130,137,154,142,138,133,147,130,125,95,92,118
TLH11,Peterborough,J (58-63),Information and communication,69,85,107,120,124,143,139,164,181,205,202,213,214,205,201,206,282,324,358,441,505,589,611,707,710
TLH11,Peterborough,K (64-66),Financial and insurance activities,1358,1407,1274,1059,899,816,769,1143,853,1200,1127,726,713,624,597,402,460,354,448,628,1055,482,571,579,459
TLH11,Peterborough,L (68),"Real estate activities, excluding imputed rental",111,111,112,115,113,114,119,118,126,125,124,131,133,127,132,140,168,177,164,166,170,137,178,173,201
TLH11,Peterborough,M (69-75),"Professional, scientific and technical activities",222,240,246,250,249,255,268,275,315,313,349,310,314,335,386,335,304,260,257,293,276,302,211,235,225
TLH11,Peterborough,N (77-82),Administrative and support service activities,187,187,169,181,188,191,204,219,255,256,273,264,277,289,282,358,452,483,546,575,541,524,415,372,331
TLH11,Peterborough,O (84),Public administration and defence,249,285,294,307,310,310,319,323,341,344,333,347,325,321,334,354,336,318,315,308,302,305,285,278,279
TLH11,Peterborough,P (85),Education,263,266,272,284,262,265,276,291,301,295,273,264,257,275,297,287,292,284,282,300,305,316,258,305,327
TLH11,Peterborough,Q (86-88),Human health and social work activities,370,395,397,403,388,397,409,426,426,432,421,406,436,426,431,443,445,441,519,589,597,528,387,524,560
TLH11,Peterborough,R (90-93),"Arts, entertainment and recreation",41,41,44,45,47,61,66,74,72,70,69,70,66,66,59,61,55,52,36,40,38,38,31,30,37
TLH11,Peterborough,S (94-96),Other service activities,92,82,88,83,87,90,98,99,97,88,92,102,107,103,101,103,96,87,65,64,62,68,61,66,67
TLH11,Peterborough,T (97-98),Activities of households,12,13,16,18,13,10,11,10,8,8,7,5,9,8,16,17,20,17,20,19,19,22,17,14,13
TLH12,Cambridgeshire CC,AB (1-9),"Agriculture, forestry and fishing; mining and quarrying",401,462,478,476,576,548,460,541,480,440,576,518,385,483,409,391,475,423,353,342,320,447,394,360,326
TLH12,Cambridgeshire CC,C (10-33),Manufacturing,1258,1284,1409,1550,1686,1711,1777,1789,2066,2123,2181,2071,2167,2337,2368,2495,2721,2574,2480,2537,2568,2658,2827,2858,2804
TLH12,Cambridgeshire CC,DE (35-39),"Electricity, gas, water; sewerage and waste management",447,465,426,485,463,469,375,390,460,443,438,487,504,474,452,449,479,504,584,567,580,601,576,472,479
TLH12,Cambridgeshire CC,F (41-43),Construction,1136,1217,1203,1210,1247,1222,1204,1147,1249,1157,1061,969,1026,1109,1018,1087,1194,1215,1286,1288,1276,1261,1198,1201,1388
TLH12,Cambridgeshire CC,G (45-47),Wholesale and retail trade; repair of motor vehicles,1207,1222,1456,1457,1511,1484,1528,1552,1676,1659,1668,1488,1623,1665,1637,1686,1690,1819,1958,2020,1795,1817,1689,1920,1849
TLH12,Cambridgeshire CC,H (49-53),Transportation and storage,511,530,534,519,490,527,453,475,507,493,505,482,499,491,490,513,475,469,484,476,495,452,376,396,389
TLH12,Cambridgeshire CC,I (55-56),Accommodation and food service activities,371,363,364,405,414,401,411,401,382,381,367,343,356,378,403,448,434,417,426,489,469,482,346,367,445
TLH12,Cambridgeshire CC,J (58-63),Information and communication,248,314,402,464,484,559,517,595,646,749,761,780,788,794,896,1018,1077,1114,1284,1271,1374,1476,1408,1511,1552
TLH12,Cambridgeshire CC,K (64-66),Financial and insurance activities,219,200,206,199,251,297,381,441,490,529,604,684,597,559,622,629,559,519,337,280,257,488,674,767,802
TLH12,Cambridgeshire CC,L (68),"Real estate activities, excluding imputed rental",318,305,318,332,328,335,358,357,373,387,358,369,377,361,390,369,360,451,406,471,424,433,436,454,454
TLH12,Cambridgeshire CC,M (69-75),"Professional, scientific and technical activities",1533,1508,1422,1433,1533,1654,1907,1842,1924,1900,1951,1854,2084,1953,2227,2182,2171,2263,2277,2457,2365,2431,2614,2825,3063
TLH12,Cambridgeshire CC,N (77-82),Administrative and support service activities,586,570,517,558,626,617,629,643,711,687,718,693,729,764,796,747,776,861,892,960,894,936,730,800,831
TLH12,Cambridgeshire CC,O (84),Public administration and defence,664,758,783,817,825,826,850,860,908,917,887,923,896,806,792,675,690,707,724,668,684,732,678,712,738
TLH12,Cambridgeshire CC,P (85),Education,1772,1792,1835,1914,1769,1790,1865,1964,2031,1991,1843,1781,1732,1857,1898,1813,1682,1801,1793,1877,1983,2141,1729,1830,1963
TLH12,Cambridgeshire CC,Q (86-88),Human health and social work activities,1174,1258,1273,1287,1228,1269,1309,1372,1365,1390,1346,1283,1319,1335,1388,1398,1483,1449,1476,1583,1669,1602,1300,1785,1802
TLH12,Cambridgeshire CC,R (90-93),"Arts, entertainment and recreation",135,142,158,152,151,173,185,210,206,199,182,171,169,177,175,173,161,168,187,224,210,228,206,179,181
TLH12,Cambridgeshire CC,S (94-96),Other service activities,326,307,328,314,315,309,331,347,323,316,318,361,377,356,377,413,402,403,423,484,506,522,410,473,535
TLH12,Cambridgeshire CC,T (97-98),Activities of households,41,46,56,62,45,34,38,35,27,28,22,17,29,27,52,56,66,54,65,60,61,68,52,43,40
TLH14,Suffolk CC,AB (1-9),"Agriculture, forestry and fishing; mining and quarrying",291,338,347,346,417,398,336,391,351,322,419,387,289,356,335,325,384,341,339,336,295,358,339,351,337
TLH14,Suffolk CC,C (10-33),Manufacturing,1518,1543,1671,1743,1760,1801,1838,1791,1937,1965,1995,1874,1906,1927,2017,2046,2157,2092,1968,2094,2148,2190,2087,2029,1936
TLH14,Suffolk CC,DE (35-39),"Electricity, gas, water; sewerage and waste management",940,963,890,993,962,996,781,761,856,787,739,738,670,621,637,625,619,813,883,851,776,833,890,696,538
TLH14,Suffolk CC,F (41-43),Construction,1320,1414,1395,1411,1457,1413,1405,1344,1453,1340,1220,1109,1174,1265,1231,1266,1322,1420,1466,1526,1671,1748,1746,1730,1782
TLH14,Suffolk CC,G (45-47),Wholesale and retail trade; repair of motor vehicles,1440,1443,1697,1704,1768,1735,1785,1803,1928,1906,1914,1701,1870,1905,1808,1864,1891,1918,1991,1948,1805,1954,1736,1957,1977
TLH14,Suffolk CC,H (49-53),Transportation and storage,1361,1464,1526,1442,1553,1712,1789,1729,1588,1391,1448,1252,1338,1456,1544,1603,1534,1498,1385,1393,1346,1307,1061,1220,1383
TLH14,Suffolk CC,I (55-56),Accommodation and food service activities,467,458,463,509,523,512,529,509,494,497,477,434,462,499,545,584,575,547,579,655,636,585,407,543,632
TLH14,Suffolk CC,J (58-63),Information and communication,45,61,87,99,107,129,127,175,206,245,237,241,257,289,335,360,431,499,614,654,745,813,851,929,982
TLH14,Suffolk CC,K (64-66),Financial and insurance activities,938,943,869,738,669,645,631,880,717,972,982,808,756,660,649,705,754,718,784,709,724,560,608,472,456
TLH14,Suffolk CC,L (68),"Real estate activities, excluding imputed rental",755,778,769,778,761,758,777,769,833,799,836,894,913,867,958,1006,987,981,1033,1045,1072,1135,997,1008,937
TLH14,Suffolk CC,M (69-75),"Professional, scientific and technical activities",444,475,495,518,524,563,637,639,717,693,703,659,698,730,797,754,754,733,682,691,625,668,590,704,635
TLH14,Suffolk CC,N (77-82),Administrative and support service activities,378,389,371,407,426,427,462,488,542,543,580,577,611,624,602,666,710,821,829,925,944,1167,904,1107,1203
TLH14,Suffolk CC,O (84),Public administration and defence,878,1003,1035,1079,1091,1092,1124,1137,1201,1212,1173,1220,1183,1115,1069,1062,1084,1023,1047,1070,1091,1091,997,1042,1066
TLH14,Suffolk CC,P (85),Education,808,817,837,873,806,816,850,896,926,908,840,812,790,847,914,910,910,893,901,904,973,1027,802,953,1018
TLH14,Suffolk CC,Q (86-88),Human health and social work activities,1226,1301,1322,1363,1313,1284,1319,1361,1374,1377,1347,1311,1410,1400,1373,1453,1424,1462,1496,1469,1473,1426,1069,1428,1509
TLH14,Suffolk CC,R (90-93),"Arts, entertainment and recreation",181,187,204,201,204,236,252,279,273,265,247,227,219,239,236,247,235,241,307,317,299,359,261,230,270
TLH14,Suffolk CC,S (94-96),Other service activities,226,214,228,218,218,215,231,242,225,220,220,251,262,246,239,239,230,219,210,221,223,264,222,222,247
TLH14,Suffolk CC,T (97-98),Activities of households,50,57,69,75,54,41,46,42,32,33,26,20,34,32,60,65,76,62,74,68,69,77,59,49,44
TLH15,Norwich and East Norfolk,AB (1-9),"Agriculture, forestry and fishing; mining and quarrying",70,74,87,80,81,72,70,70,75,68,84,78,52,53,53,57,71,90,51,46,42,55,50,51,47
TLH15,Norwich and East Norfolk,C (10-33),Manufacturing,481,478,518,546,581,602,617,619,670,674,704,684,690,728,757,776,800,738,734,764,767,762,787,770,809
TLH15,Norwich and East Norfolk,DE (35-39),"Electricity, gas, water; sewerage and waste management",207,211,197,230,221,226,174,159,178,163,158,163,153,142,147,134,132,163,168,160,136,165,153,149,261
TLH15,Norwich and East Norfolk,F (41-43),Construction,558,598,592,592,607,604,590,559,613,570,527,487,515,558,519,520,551,543,550,558,565,604,560,579,611
TLH15,Norwich and East Norfolk,G (45-47),Wholesale and retail trade; repair of motor vehicles,740,735,860,864,897,879,902,908,969,956,962,859,936,959,921,959,1027,1094,1100,1077,1021,1052,900,1008,1007
TLH15,Norwich and East Norfolk,H (49-53),Transportation and storage,310,320,318,296,283,304,266,280,303,293,310,296,315,308,333,341,357,348,249,228,240,245,118,137,186
TLH15,Norwich and East Norfolk,I (55-56),Accommodation and food service activities,296,290,293,322,331,325,337,323,315,318,304,275,295,319,339,347,342,327,349,385,363,357,259,290,365
TLH15,Norwich and East Norfolk,J (58-63),Information and communication,29,38,53,58,60,69,69,90,103,120,113,116,122,133,147,169,194,200,243,270,282,309,330,317,279
TLH15,Norwich and East Norfolk,K (64-66),Financial and insurance activities,667,568,559,508,570,655,630,674,698,859,1122,1434,1261,1033,1127,1224,1094,1134,1296,1672,1340,1995,1843,1934,1931
TLH15,Norwich and East Norfolk,L (68),"Real estate activities, excluding imputed rental",150,150,152,156,153,154,161,160,171,170,168,177,180,172,182,252,269,280,231,237,263,278,385,415,456
TLH15,Norwich and East Norfolk,M (69-75),"Professional, scientific and technical activities",340,363,374,408,420,449,512,495,563,536,577,557,578,611,729,672,660,608,505,483,457,488,408,491,509
TLH15,Norwich and East Norfolk,N (77-82),Administrative and support service activities,221,224,213,238,259,261,278,293,322,319,335,331,344,354,338,406,423,424,399,423,412,479,337,376,373
TLH15,Norwich and East Norfolk,O (84),Public administration and defence,402,459,474,494,500,500,515,521,550,555,537,559,534,519,513,516,524,513,513,504,503,582,558,578,598
TLH15,Norwich and East Norfolk,P (85),Education,561,568,581,607,560,567,591,622,643,631,584,564,549,588,662,646,645,664,673,725,716,720,561,622,666
TLH15,Norwich and East Norfolk,Q (86-88),Human health and social work activities,569,609,615,623,596,613,632,661,659,669,650,622,660,646,669,693,675,688,729,779,788,759,533,747,768
TLH15,Norwich and East Norfolk,R (90-93),"Arts, entertainment and recreation",136,139,153,150,152,179,193,211,209,206,193,178,168,184,185,184,170,166,130,135,120,133,126,129,132
TLH15,Norwich and East Norfolk,S (94-96),Other service activities,147,132,142,138,142,128,136,139,133,129,142,152,162,161,162,165,161,165,183,184,165,142,111,132,138
TLH15,Norwich and East Norfolk,T (97-98),Activities of households,24,28,34,37,27,20,22,20,16,16,13,10,17,16,29,32,37,30,36,33,34,38,29,24,22
TLH16,North and West Norfolk,AB (1-9),"Agriculture, forestry and fishing; mining and quarrying",224,256,267,266,318,299,256,297,270,248,317,288,215,264,244,230,271,234,245,230,163,201,178,176,159
TLH16,North and West Norfolk,C (10-33),Manufacturing,649,651,701,682,697,736,703,686,687,683,710,702,683,690,763,812,854,800,746,736,824,813,830,863,877
TLH16,North and West Norfolk,DE (35-39),"Electricity, gas, water; sewerage and waste management",139,151,147,173,166,174,156,166,183,167,157,171,163,140,123,116,114,136,142,143,136,146,161,123,103
TLH16,North and West Norfolk,F (41-43),Construction,305,326,322,325,337,325,320,306,334,310,283,254,271,293,285,273,294,309,339,332,322,334,322,324,374
TLH16,North and West Norfolk,G (45-47),Wholesale and retail trade; repair of motor vehicles,386,384,448,450,467,458,471,473,504,498,500,445,488,497,469,479,515,542,557,533,470,491,438,497,489
TLH16,North and West Norfolk,H (49-53),Transportation and storage,158,164,162,159,154,167,142,146,157,154,154,146,147,147,137,146,143,133,129,125,128,101,84,93,122
TLH16,North and West Norfolk,I (55-56),Accommodation and food service activities,182,179,182,198,205,202,210,200,197,199,190,170,185,201,210,224,220,211,230,233,240,221,179,203,242
TLH16,North and West Norfolk,J (58-63),Information and communication,4,6,8,9,9,11,10,13,15,17,17,17,18,19,21,19,21,23,26,30,36,45,50,51,56
TLH16,North and West Norfolk,K (64-66),Financial and insurance activities,34,31,32,31,38,45,57,67,73,80,90,100,87,82,91,99,93,99,72,58,44,50,40,25,25
TLH16,North and West Norfolk,L (68),"Real estate activities, excluding imputed rental",83,84,84,86,84,85,88,87,93,92,93,98,100,95,103,109,112,118,114,120,126,92,109,131,127
TLH16,North and West Norfolk,M (69-75),"Professional, scientific and technical activities",71,76,79,81,81,87,100,101,113,110,110,103,111,115,129,131,134,129,123,123,110,119,106,122,118
TLH16,North and West Norfolk,N (77-82),Administrative and support service activities,72,73,70,77,83,85,91,97,109,109,116,114,119,122,116,120,127,141,157,158,148,166,135,149,140
TLH16,North and West Norfolk,O (84),Public administration and defence,308,352,363,379,383,383,395,399,421,426,412,428,420,408,414,412,389,375,385,370,369,356,287,278,293
TLH16,North and West Norfolk,P (85),Education,229,232,238,248,229,232,242,254,263,258,239,231,224,241,276,252,260,249,253,256,264,271,214,249,267
TLH16,North and West Norfolk,Q (86-88),Human health and social work activities,326,350,354,357,341,354,365,383,381,388,375,357,381,377,384,386,383,387,413,405,413,401,273,387,381
TLH16,North and West Norfolk,R (90-93),"Arts, entertainment and recreation",47,48,52,52,54,67,72,80,78,75,73,71,68,70,69,66,60,58,44,50,51,58,46,52,54
TLH16,North and West Norfolk,S (94-96),Other service activities,53,51,55,52,52,51,55,58,53,53,52,60,62,58,54,50,49,48,51,59,56,62,54,53,47
TLH16,North and West Norfolk,T (97-98),Activities of households,17,20,24,26,19,14,16,14,11,11,9,7,12,11,21,22,26,21,25,23,23,26,20,16,15
TLH17,Breckland and South Norfolk,AB (1-9),"Agriculture, forestry and fishing; mining and quarrying",133,153,156,157,192,181,161,188,171,157,196,178,136,172,170,177,222,191,198,188,168,204,164,175,169
TLH17,Breckland and South Norfolk,C (10-33),Manufacturing,471,471,526,544,557,560,564,571,646,649,672,622,620,644,647,666,720,693,633,625,602,619,682,786,820
TLH17,Breckland and South Norfolk,DE (35-39),"Electricity, gas, water; sewerage and waste management",94,99,93,104,98,100,83,90,100,95,92,103,100,90,80,77,73,77,84,96,91,97,101,92,76
TLH17,Breckland and South Norfolk,F (41-43),Construction,548,589,585,580,586,607,598,562,608,560,524,502,524,566,536,542,569,560,556,571,486,487,478,487,553
TLH17,Breckland and South Norfolk,G (45-47),Wholesale and retail trade; repair of motor vehicles,427,433,516,516,535,525,541,549,594,588,591,528,574,591,604,604,580,618,638,649,614,661,585,654,678
TLH17,Breckland and South Norfolk,H (49-53),Transportation and storage,165,173,178,173,169,185,170,174,176,167,169,155,159,162,156,182,168,160,157,152,160,152,133,132,122
TLH17,Breckland and South Norfolk,I (55-56),Accommodation and food service activities,109,106,107,118,121,118,122,118,113,114,109,101,106,114,122,136,138,143,146,154,138,128,101,109,131
TLH17,Breckland and South Norfolk,J (58-63),Information and communication,13,16,20,23,23,27,25,27,29,33,34,34,34,34,36,33,34,34,38,39,43,55,58,66,76
TLH17,Breckland and South Norfolk,K (64-66),Financial and insurance activities,33,31,31,30,37,43,55,64,70,77,87,96,84,79,87,90,85,91,69,57,47,53,40,25,20
TLH17,Breckland and South Norfolk,L (68),"Real estate activities, excluding imputed rental",101,101,102,104,102,103,106,106,113,111,112,118,121,115,119,114,122,116,108,109,118,100,144,152,155
TLH17,Breckland and South Norfolk,M (69-75),"Professional, scientific and technical activities",142,154,158,167,165,176,200,204,233,221,216,201,213,219,245,226,226,216,216,229,204,206,193,228,225
TLH17,Breckland and South Norfolk,N (77-82),Administrative and support service activities,91,97,98,111,121,124,133,140,151,149,155,155,158,155,150,176,182,197,219,229,210,236,210,235,224
TLH17,Breckland and South Norfolk,O (84),Public administration and defence,174,198,205,214,216,216,222,225,238,240,232,241,246,236,240,241,237,237,265,249,259,311,289,291,301
TLH17,Breckland and South Norfolk,P (85),Education,265,268,274,286,264,267,279,293,303,297,275,266,259,277,282,277,294,283,286,276,307,332,242,270,291
TLH17,Breckland and South Norfolk,Q (86-88),Human health and social work activities,503,540,548,554,528,544,561,588,585,596,576,548,588,604,641,645,677,715,720,762,791,793,587,786,754
TLH17,Breckland and South Norfolk,R (90-93),"Arts, entertainment and recreation",34,35,38,38,39,46,49,54,52,51,48,44,43,46,50,54,54,50,36,38,38,45,43,39,48
TLH17,Breckland and South Norfolk,S (94-96),Other service activities,137,132,140,135,133,130,139,147,135,135,133,153,159,149,149,161,157,134,122,84,73,80,65,67,64
TLH17,Breckland and South Norfolk,T (97-98),Activities of households,17,19,24,26,19,14,16,14,11,11,9,7,12,11,21,23,27,22,26,25,25,28,22,18,17
TLH21,Luton,AB (1-9),"Agriculture, forestry and fishing; mining and quarrying",0,0,0,0,0,0,0,0,0,0,0,0,0,0,0,0,0,0,0,1,1,1,1,1,0
TLH21,Luton,C (10-33),Manufacturing,745,732,786,804,763,708,714,769,908,1004,1095,868,833,878,891,983,1080,1091,1058,1151,1130,1005,676,678,736
TLH21,Luton,DE (35-39),"Electricity, gas, water; sewerage and waste management",65,63,66,71,68,71,66,71,53,42,39,40,30,22,20,20,22,22,24,20,20,23,17,14,9
TLH21,Luton,F (41-43),Construction,209,227,234,226,229,217,207,208,193,187,186,163,176,196,204,218,317,359,383,356,316,292,271,273,235
TLH21,Luton,G (45-47),Wholesale and retail trade; repair of motor vehicles,616,639,754,825,824,874,875,871,886,897,906,794,869,826,754,758,894,878,910,948,883,838,613,659,729
TLH21,Luton,H (49-53),Transportation and storage,147,194,276,246,244,281,270,280,319,380,334,285,299,264,296,360,417,366,402,493,623,729,-160,190,704
TLH21,Luton,I (55-56),Accommodation and food service activities,106,102,105,93,99,105,113,120,119,113,118,113,106,111,104,122,119,111,119,118,113,114,79,111,133
TLH21,Luton,J (58-63),Information and communication,29,32,39,42,47,56,59,67,69,72,71,68,72,76,83,88,104,106,127,145,140,160,137,129,124
TLH21,Luton,K (64-66),Financial and insurance activities,121,100,119,112,157,187,170,172,189,194,208,216,183,165,161,217,133,118,123,54,55,72,50,36,34
TLH21,Luton,L (68),"Real estate activities, excluding imputed rental",110,117,119,117,114,115,111,118,120,116,123,124,132,139,146,194,327,351,276,249,255,263,134,148,139
TLH21,Luton,M (69-75),"Professional, scientific and technical activities",129,124,142,146,160,171,189,183,192,187,177,177,191,209,219,243,258,245,250,260,212,217,203,226,270
TLH21,Luton,N (77-82),Administrative and support service activities,525,488,477,506,506,486,508,520,520,570,615,590,561,579,589,646,663,708,691,738,763,812,712,794,942
TLH21,Luton,O (84),Public administration and defence,177,197,200,228,236,234,242,239,252,249,259,273,243,234,215,208,216,205,199,195,213,219,193,207,221
TLH21,Luton,P (85),Education,292,298,316,304,278,280,280,291,280,285,291,284,272,279,352,332,330,313,314,308,324,355,297,329,344
TLH21,Luton,Q (86-88),Human health and social work activities,264,265,260,279,277,290,307,318,317,316,324,321,344,334,360,429,425,440,427,501,485,478,291,409,443
TLH21,Luton,R (90-93),"Arts, entertainment and recreation",65,63,54,53,50,55,60,53,50,44,47,46,47,54,48,40,37,31,26,33,34,45,27,21,28
TLH21,Luton,S (94-96),Other service activities,100,94,86,78,79,68,75,77,86,80,68,69,72,60,55,72,70,76,72,61,58,64,42,50,54
TLH21,Luton,T (97-98),Activities of households,10,11,17,17,16,11,9,11,9,8,9,7,11,10,11,9,11,11,12,13,14,12,9,12,11
TLH23,Hertfordshire CC,AB (1-9),"Agriculture, forestry and fishing; mining and quarrying",63,69,71,68,79,73,65,55,71,62,67,59,49,65,64,60,71,64,56,62,66,77,63,64,67
TLH23,Hertfordshire CC,C (10-33),Manufacturing,2624,2908,3015,3147,3199,3499,3525,4020,4504,4786,5348,4435,4066,3784,3682,3888,4085,4056,3911,3882,3836,4048,4778,4589,4268
TLH23,Hertfordshire CC,DE (35-39),"Electricity, gas, water; sewerage and waste management",683,688,751,830,866,877,833,839,719,654,645,684,585,460,464,482,537,607,669,696,640,669,720,768,724
TLH23,Hertfordshire CC,F (41-43),Construction,3492,3774,3925,3792,3878,3600,3476,3572,3336,3241,3127,2534,2784,3148,3214,3482,3710,4050,4021,4230,4171,4076,3537,3612,3885
TLH23,Hertfordshire CC,G (45-47),Wholesale and retail trade; repair of motor vehicles,4165,4290,4772,4906,4839,5121,5301,5448,5670,5646,5754,5082,5369,5250,4992,5116,5713,5750,5639,6193,5983,5650,4608,5701,5927
TLH23,Hertfordshire CC,H (49-53),Transportation and storage,1161,1228,1200,1246,1108,1125,1117,1153,1199,1276,1275,1163,1124,1119,1095,1109,1031,1053,1088,1155,1144,1173,913,936,882
TLH23,Hertfordshire CC,I (55-56),Accommodation and food service activities,848,818,847,745,794,844,904,962,961,913,948,907,858,899,879,991,969,904,945,1005,993,953,623,979,1188
TLH23,Hertfordshire CC,J (58-63),Information and communication,261,319,413,457,538,665,718,813,872,935,946,968,1011,1107,1259,1456,1784,1938,2129,2332,2478,3004,3296,3141,3134
TLH23,Hertfordshire CC,K (64-66),Financial and insurance activities,1564,1550,1539,1487,1458,1541,1680,1917,1735,2326,2334,2206,2038,1841,1950,1873,1862,1689,1748,2090,2196,2127,2016,2163,2040
TLH23,Hertfordshire CC,L (68),"Real estate activities, excluding imputed rental",984,1046,1069,1056,1029,1036,1005,1072,1088,1063,1115,1121,1182,1245,1350,1470,1301,1412,1434,1508,1558,1522,1600,1511,1763
TLH23,Hertfordshire CC,M (69-75),"Professional, scientific and technical activities",2611,2687,2812,2875,3062,3112,3294,3591,3604,3519,3353,2907,2989,2671,2555,2647,2886,2975,3063,3353,3290,3468,3170,3878,3999
TLH23,Hertfordshire CC,N (77-82),Administrative and support service activities,1217,1206,1283,1443,1540,1482,1515,1516,1438,1540,1607,1488,1409,1477,1535,1864,2166,2470,2586,2959,3139,3223,2963,3219,3300
TLH23,Hertfordshire CC,O (84),Public administration and defence,713,792,804,917,949,945,974,962,1017,1002,1043,1099,975,978,1004,975,951,1013,1036,938,947,998,940,914,999
TLH23,Hertfordshire CC,P (85),Education,2041,2084,2212,2129,1945,1959,1959,2034,1962,1992,2033,1990,1905,1954,1952,1802,1794,1796,1862,1821,2011,2229,1583,1888,1974
TLH23,Hertfordshire CC,Q (86-88),Human health and social work activities,1358,1370,1366,1493,1471,1512,1601,1635,1633,1625,1687,1678,1786,1681,1706,1912,1945,2131,1975,2220,2164,2156,1644,2122,2259
TLH23,Hertfordshire CC,R (90-93),"Arts, entertainment and recreation",1217,1171,947,932,831,941,1016,883,780,707,768,760,774,920,750,747,702,671,691,838,892,984,997,716,688
TLH23,Hertfordshire CC,S (94-96),Other service activities,588,547,537,552,553,512,530,500,511,495,488,550,546,509,525,536,615,610,682,688,657,673,588,790,864
TLH23,Hertfordshire CC,T (97-98),Activities of households,53,60,92,96,88,64,50,61,53,47,49,40,60,56,60,47,60,61,66,67,72,67,50,62,59
TLH24,Bedford,AB (1-9),"Agriculture, forestry and fishing; mining and quarrying",17,20,21,18,23,22,18,13,17,17,23,19,17,25,21,17,24,20,13,15,16,21,14,19,16
TLH24,Bedford,C (10-33),Manufacturing,246,253,262,257,280,295,275,321,379,392,384,327,306,299,331,342,396,380,456,406,351,371,347,379,428
TLH24,Bedford,DE (35-39),"Electricity, gas, water; sewerage and waste management",298,375,331,422,340,367,321,313,263,216,212,215,179,153,162,175,184,234,263,270,264,285,173,170,208
TLH24,Bedford,F (41-43),Construction,289,311,323,312,319,284,273,283,263,255,249,204,228,255,260,287,293,325,323,341,336,356,325,362,381
TLH24,Bedford,G (45-47),Wholesale and retail trade; repair of motor vehicles,372,384,439,466,463,487,495,500,511,513,521,461,495,474,438,438,480,500,517,567,548,516,462,589,548
TLH24,Bedford,H (49-53),Transportation and storage,187,196,192,200,178,183,183,189,196,199,198,179,170,169,158,159,150,149,134,155,152,144,144,167,189
TLH24,Bedford,I (55-56),Accommodation and food service activities,105,101,105,93,98,105,112,119,118,112,116,112,105,110,107,126,119,110,116,119,117,98,76,116,148
TLH24,Bedford,J (58-63),Information and communication,11,13,17,19,22,28,30,33,35,38,37,38,40,43,49,55,70,79,101,125,132,142,131,123,125
TLH24,Bedford,K (64-66),Financial and insurance activities,26,26,27,27,33,35,42,43,48,56,53,46,38,38,39,38,31,26,25,32,36,37,38,54,57
TLH24,Bedford,L (68),"Real estate activities, excluding imputed rental",117,124,127,125,122,123,119,127,129,125,132,133,140,148,167,178,204,195,178,190,202,314,257,253,189
TLH24,Bedford,M (69-75),"Professional, scientific and technical activities",267,280,276,275,273,273,290,340,333,329,306,255,258,194,166,152,153,155,171,173,161,165,155,158,156
TLH24,Bedford,N (77-82),Administrative and support service activities,133,138,152,173,192,183,177,169,151,158,151,128,124,132,137,151,145,134,129,150,173,175,157,166,158
TLH24,Bedford,O (84),Public administration and defence,225,249,253,289,299,297,306,303,320,315,328,346,333,342,357,317,290,295,294,288,305,318,308,288,315
TLH24,Bedford,P (85),Education,368,375,398,383,350,353,353,366,353,359,366,358,343,352,330,301,302,302,294,314,305,338,245,291,305
TLH24,Bedford,Q (86-88),Human health and social work activities,290,292,290,315,311,320,339,348,348,346,356,355,370,363,363,404,415,428,402,459,458,432,303,472,480
TLH24,Bedford,R (90-93),"Arts, entertainment and recreation",29,28,29,30,32,37,41,39,41,36,38,38,38,40,40,43,41,36,31,31,32,39,27,27,33
TLH24,Bedford,S (94-96),Other service activities,64,59,59,60,61,56,58,54,55,54,53,60,60,56,62,74,89,95,99,90,83,76,37,56,74
TLH24,Bedford,T (97-98),Activities of households,7,8,13,14,13,9,7,9,8,7,7,6,8,8,9,7,9,9,10,10,11,10,8,10,9
TLH25,Central Bedfordshire,AB (1-9),"Agriculture, forestry and fishing; mining and quarrying",69,78,80,71,92,86,72,56,74,69,85,73,62,87,78,70,88,74,65,70,69,82,60,63,79
TLH25,Central Bedfordshire,C (10-33),Manufacturing,513,542,554,547,575,613,569,610,619,587,544,474,521,477,549,690,696,685,700,778,771,755,745,750,729
TLH25,Central Bedfordshire,DE (35-39),"Electricity, gas, water; sewerage and waste management",72,62,67,70,77,80,82,92,74,64,60,66,60,47,42,45,56,61,67,76,65,60,63,60,51
TLH25,Central Bedfordshire,F (41-43),Construction,642,695,721,696,709,662,636,649,604,587,573,477,521,586,633,690,711,743,670,675,596,534,463,466,488
TLH25,Central Bedfordshire,G (45-47),Wholesale and retail trade; repair of motor vehicles,392,403,451,469,465,485,497,508,519,518,529,472,500,479,447,469,536,534,540,581,587,581,548,711,730
TLH25,Central Bedfordshire,H (49-53),Transportation and storage,361,377,373,376,330,325,323,315,332,392,396,363,352,356,351,370,344,320,480,527,543,469,397,296,223
TLH25,Central Bedfordshire,I (55-56),Accommodation and food service activities,189,182,191,168,176,187,201,213,209,196,202,197,183,189,170,204,199,242,265,281,263,252,147,265,324
TLH25,Central Bedfordshire,J (58-63),Information and communication,33,37,44,47,52,62,66,74,77,80,80,78,82,88,96,95,108,114,144,156,150,158,131,136,142
TLH25,Central Bedfordshire,K (64-66),Financial and insurance activities,24,24,24,25,30,32,39,41,45,54,50,42,34,35,36,43,39,43,57,68,68,57,61,29,28
TLH25,Central Bedfordshire,L (68),"Real estate activities, excluding imputed rental",111,116,122,122,119,121,119,127,128,130,130,130,134,140,150,214,214,185,170,169,195,205,194,153,90
TLH25,Central Bedfordshire,M (69-75),"Professional, scientific and technical activities",471,440,462,462,501,514,537,541,572,570,570,544,565,576,563,580,641,587,645,729,660,606,518,565,535
TLH25,Central Bedfordshire,N (77-82),Administrative and support service activities,194,213,236,254,268,251,236,228,203,204,181,161,153,155,162,192,202,216,211,227,218,217,178,223,271
TLH25,Central Bedfordshire,O (84),Public administration and defence,184,204,207,236,245,244,251,248,262,258,269,283,264,289,305,256,267,266,271,258,268,295,281,287,317
TLH25,Central Bedfordshire,P (85),Education,373,380,404,389,355,358,358,371,358,364,371,363,348,357,370,347,349,358,357,360,390,438,328,383,404
TLH25,Central Bedfordshire,Q (86-88),Human health and social work activities,225,230,238,271,262,262,276,272,273,271,293,291,324,312,277,251,241,211,196,234,219,202,143,186,225
TLH25,Central Bedfordshire,R (90-93),"Arts, entertainment and recreation",38,37,39,42,46,53,57,55,60,51,60,62,62,64,54,53,52,46,43,53,52,62,39,40,51
TLH25,Central Bedfordshire,S (94-96),Other service activities,181,167,161,162,161,149,158,152,158,149,142,160,158,145,135,137,143,206,221,213,222,177,123,199,214
TLH25,Central Bedfordshire,T (97-98),Activities of households,12,14,21,22,20,15,12,14,12,11,11,9,14,13,14,11,14,14,15,16,17,16,12,15,15
TLH31,Southend-on-Sea,AB (1-9),"Agriculture, forestry and fishing; mining and quarrying",2,2,2,3,2,3,2,3,3,3,4,5,4,4,3,3,5,3,3,2,2,3,3,3,2
TLH31,Southend-on-Sea,C (10-33),Manufacturing,193,204,226,247,261,254,258,268,320,296,307,285,291,283,292,261,267,256,258,269,295,303,314,360,378
TLH31,Southend-on-Sea,DE (35-39),"Electricity, gas, water; sewerage and waste management",23,21,22,21,17,21,16,17,19,19,20,24,23,20,24,21,21,21,13,24,11,8,12,13,12
TLH31,Southend-on-Sea,F (41-43),Construction,213,214,206,220,219,226,208,204,196,197,179,171,191,205,182,231,265,267,255,264,237,194,132,164,165
TLH31,Southend-on-Sea,G (45-47),Wholesale and retail trade; repair of motor vehicles,317,294,333,341,354,396,383,389,392,402,387,334,381,379,359,331,329,347,351,363,340,320,269,325,325
TLH31,Southend-on-Sea,H (49-53),Transportation and storage,100,113,116,117,108,108,111,109,117,117,124,108,109,113,117,109,116,93,81,76,88,81,33,37,47
TLH31,Southend-on-Sea,I (55-56),Accommodation and food service activities,92,93,100,107,96,102,101,100,94,90,90,86,91,91,105,112,100,98,104,100,116,116,83,105,133
TLH31,Southend-on-Sea,J (58-63),Information and communication,5,6,10,12,14,16,17,18,20,23,23,23,25,30,33,34,41,60,63,63,75,63,48,62,72
TLH31,Southend-on-Sea,K (64-66),Financial and insurance activities,106,110,105,125,158,168,196,160,206,244,254,287,221,189,228,256,249,182,201,225,241,102,77,59,73
TLH31,Southend-on-Sea,L (68),"Real estate activities, excluding imputed rental",71,75,75,74,75,81,88,85,84,87,88,92,98,95,102,112,101,94,94,96,98,100,81,84,91
TLH31,Southend-on-Sea,M (69-75),"Professional, scientific and technical activities",133,129,131,134,138,152,156,157,160,159,149,113,118,107,101,108,110,105,115,133,127,120,79,88,94
TLH31,Southend-on-Sea,N (77-82),Administrative and support service activities,53,56,59,62,64,67,65,68,67,70,74,73,78,80,75,77,80,84,84,90,94,102,98,100,98
TLH31,Southend-on-Sea,O (84),Public administration and defence,186,194,189,199,203,214,214,214,200,203,221,234,208,202,194,187,174,186,188,192,195,214,195,194,191
TLH31,Southend-on-Sea,P (85),Education,210,214,204,193,189,195,203,191,194,192,187,198,195,203,228,217,202,204,204,203,207,230,178,219,229
TLH31,Southend-on-Sea,Q (86-88),Human health and social work activities,233,230,249,285,277,276,299,319,365,362,365,357,354,352,363,344,360,373,398,446,435,439,255,362,394
TLH31,Southend-on-Sea,R (90-93),"Arts, entertainment and recreation",76,70,75,78,79,91,116,129,122,123,114,102,100,109,102,102,96,88,72,85,78,92,46,72,86
TLH31,Southend-on-Sea,S (94-96),Other service activities,57,51,53,55,53,49,53,53,55,54,56,61,62,61,56,57,59,60,49,53,56,51,40,40,47
TLH31,Southend-on-Sea,T (97-98),Activities of households,9,8,9,11,11,9,9,13,11,7,7,6,10,11,9,10,9,7,8,7,6,7,5,8,7
TLH32,Thurrock,AB (1-9),"Agriculture, forestry and fishing; mining and quarrying",1,1,1,1,2,2,6,6,7,6,7,6,5,7,8,6,11,10,9,8,8,8,5,6,6
TLH32,Thurrock,C (10-33),Manufacturing,423,354,315,318,317,361,390,382,379,388,331,340,367,266,273,256,305,368,357,388,427,443,344,318,339
TLH32,Thurrock,DE (35-39),"Electricity, gas, water; sewerage and waste management",427,446,374,396,332,415,358,471,560,499,403,409,366,326,365,308,226,234,132,126,127,120,102,85,87
TLH32,Thurrock,F (41-43),Construction,323,322,316,334,314,334,319,309,296,287,260,245,270,296,290,301,321,322,305,366,391,407,324,372,444
TLH32,Thurrock,G (45-47),Wholesale and retail trade; repair of motor vehicles,669,636,757,767,769,947,953,957,972,933,888,794,895,826,790,749,767,807,841,1079,1128,1074,937,1327,1512
TLH32,Thurrock,H (49-53),Transportation and storage,588,650,644,651,615,596,602,596,639,647,699,608,616,614,631,567,632,583,626,607,579,604,645,680,812
TLH32,Thurrock,I (55-56),Accommodation and food service activities,101,103,110,117,105,113,112,110,104,99,98,93,100,100,105,108,98,96,102,102,115,109,77,83,102
TLH32,Thurrock,J (58-63),Information and communication,2,3,6,8,10,12,13,14,16,19,21,22,24,29,30,27,30,37,36,39,50,58,48,49,44
TLH32,Thurrock,K (64-66),Financial and insurance activities,20,22,20,26,35,38,48,40,49,53,55,57,48,41,51,53,59,61,49,43,46,65,61,48,61
TLH32,Thurrock,L (68),"Real estate activities, excluding imputed rental",34,36,35,35,35,38,42,40,40,40,42,43,47,45,57,52,128,156,131,143,128,70,80,96,94
TLH32,Thurrock,M (69-75),"Professional, scientific and technical activities",29,30,36,43,44,46,42,38,41,41,48,47,49,51,52,54,55,91,109,126,124,133,96,153,217
TLH32,Thurrock,N (77-82),Administrative and support service activities,101,107,112,114,117,121,115,126,126,131,133,133,136,134,132,152,215,247,271,310,286,243,231,188,221
TLH32,Thurrock,O (84),Public administration and defence,80,84,82,86,88,93,93,93,87,88,96,101,99,90,75,76,70,73,90,89,89,118,120,171,158
TLH32,Thurrock,P (85),Education,157,160,152,144,141,146,152,143,145,143,140,148,146,151,176,172,165,164,167,163,170,195,147,186,199
TLH32,Thurrock,Q (86-88),Human health and social work activities,91,91,97,111,110,113,117,119,134,134,136,132,141,137,152,155,158,175,195,212,203,212,147,195,228
TLH32,Thurrock,R (90-93),"Arts, entertainment and recreation",32,31,33,34,34,38,45,50,48,49,46,48,49,51,47,39,35,29,26,33,33,33,29,31,34
TLH32,Thurrock,S (94-96),Other service activities,39,35,36,38,36,34,36,36,37,37,38,42,42,41,41,44,46,56,51,50,46,40,26,34,54
TLH32,Thurrock,T (97-98),Activities of households,8,7,8,10,10,8,8,12,10,6,7,5,9,10,8,9,8,6,7,6,6,7,5,8,7
TLH34,Essex Haven Gateway,AB (1-9),"Agriculture, forestry and fishing; mining and quarrying",104,111,112,121,135,117,96,89,104,93,122,99,86,118,110,105,134,108,90,91,90,101,73,97,110
TLH34,Essex Haven Gateway,C (10-33),Manufacturing,677,645,656,689,677,704,723,709,774,763,742,661,680,639,659,713,875,920,973,954,964,906,858,755,751
TLH34,Essex Haven Gateway,DE (35-39),"Electricity, gas, water; sewerage and waste management",323,333,322,320,274,284,250,268,291,277,276,299,312,280,285,267,244,252,278,268,276,276,282,259,245
TLH34,Essex Haven Gateway,F (41-43),Construction,792,790,770,815,805,827,768,758,737,733,657,619,692,748,729,741,820,928,898,990,942,938,673,859,906
TLH34,Essex Haven Gateway,G (45-47),Wholesale and retail trade; repair of motor vehicles,870,823,962,977,995,1176,1161,1176,1186,1179,1126,983,1122,1068,1000,1011,1092,1143,1191,1237,1155,1080,1023,1288,1268
TLH34,Essex Haven Gateway,H (49-53),Transportation and storage,403,453,466,471,439,439,484,476,487,466,520,433,430,447,442,405,404,367,363,378,376,387,242,272,288
TLH34,Essex Haven Gateway,I (55-56),Accommodation and food service activities,248,254,274,289,260,283,278,272,261,250,241,223,244,249,260,278,255,260,281,283,312,329,219,270,321
TLH34,Essex Haven Gateway,J (58-63),Information and communication,22,28,42,51,61,73,78,86,93,108,113,114,123,143,141,141,172,201,194,212,241,287,306,342,275
TLH34,Essex Haven Gateway,K (64-66),Financial and insurance activities,581,503,548,536,432,412,358,424,307,383,340,287,310,273,334,366,443,581,738,1047,935,746,737,815,934
TLH34,Essex Haven Gateway,L (68),"Real estate activities, excluding imputed rental",225,235,237,236,237,256,281,270,268,277,278,289,308,300,340,361,330,310,316,343,380,380,388,402,432
TLH34,Essex Haven Gateway,M (69-75),"Professional, scientific and technical activities",308,325,385,459,469,500,460,417,442,439,496,483,505,540,563,541,498,519,548,607,617,581,448,555,537
TLH34,Essex Haven Gateway,N (77-82),Administrative and support service activities,219,230,230,233,230,235,226,247,251,264,273,261,275,279,280,285,301,332,384,441,458,471,399,439,589
TLH34,Essex Haven Gateway,O (84),Public administration and defence,422,443,430,454,462,488,487,488,455,463,503,532,512,486,493,466,441,491,556,535,518,520,469,483,467
TLH34,Essex Haven Gateway,P (85),Education,620,633,602,569,558,575,600,564,572,566,553,584,575,598,613,587,552,551,564,579,648,654,485,606,637
TLH34,Essex Haven Gateway,Q (86-88),Human health and social work activities,515,516,557,624,609,630,649,694,780,781,773,746,755,727,740,734,785,824,885,972,973,971,721,926,979
TLH34,Essex Haven Gateway,R (90-93),"Arts, entertainment and recreation",80,81,88,87,86,97,119,131,126,125,118,111,113,121,117,131,125,118,111,119,113,118,82,91,110
TLH34,Essex Haven Gateway,S (94-96),Other service activities,169,154,162,171,165,150,160,162,163,165,169,186,185,177,169,176,168,164,141,146,150,154,133,154,164
TLH34,Essex Haven Gateway,T (97-98),Activities of households,23,20,25,28,30,24,24,34,29,18,19,16,26,28,24,27,23,18,21,17,16,19,14,23,19
TLH35,West Essex,AB (1-9),"Agriculture, forestry and fishing; mining and quarrying",60,66,68,72,83,73,59,53,60,54,78,59,50,70,60,56,75,64,51,53,58,74,55,77,77
TLH35,West Essex,C (10-33),Manufacturing,366,361,401,437,451,458,455,471,536,511,500,448,479,469,466,526,534,544,614,639,651,590,620,589,570
TLH35,West Essex,DE (35-39),"Electricity, gas, water; sewerage and waste management",60,62,65,64,56,63,55,64,71,71,72,80,83,73,87,90,86,91,106,113,113,109,152,133,132
TLH35,West Essex,F (41-43),Construction,1171,1167,1135,1197,1238,1221,1109,1122,1121,1136,997,933,1054,1127,1041,1135,1260,1288,1223,1230,1145,1167,1037,1244,1273
TLH35,West Essex,G (45-47),Wholesale and retail trade; repair of motor vehicles,768,729,863,875,881,1074,1077,1082,1099,1062,1011,901,1017,946,877,869,988,1049,1141,1210,1234,1167,816,1152,1226
TLH35,West Essex,H (49-53),Transportation and storage,259,308,328,317,315,346,355,370,384,403,420,389,434,451,493,472,464,391,411,419,511,555,248,305,437
TLH35,West Essex,I (55-56),Accommodation and food service activities,219,224,241,255,229,248,244,239,229,219,213,199,216,219,238,243,257,356,411,394,342,249,156,208,272
TLH35,West Essex,J (58-63),Information and communication,57,66,84,96,108,126,132,140,146,162,162,160,170,193,182,183,192,208,199,199,223,218,196,222,230
TLH35,West Essex,K (64-66),Financial and insurance activities,290,311,291,367,482,520,645,544,660,719,734,756,646,552,553,476,238,229,241,343,269,267,213,191,224
TLH35,West Essex,L (68),"Real estate activities, excluding imputed rental",147,155,154,152,154,167,182,174,174,176,181,189,204,198,237,332,331,398,423,469,504,511,424,389,291
TLH35,West Essex,M (69-75),"Professional, scientific and technical activities",903,861,816,783,806,907,963,991,995,981,886,586,606,488,452,452,453,453,452,513,490,502,435,465,516
TLH35,West Essex,N (77-82),Administrative and support service activities,324,348,366,392,404,422,402,434,425,445,459,444,468,472,441,432,441,464,482,543,564,563,515,492,494
TLH35,West Essex,O (84),Public administration and defence,192,202,196,207,211,222,222,222,207,211,229,242,230,219,223,220,201,208,231,232,241,279,242,248,245
TLH35,West Essex,P (85),Education,372,380,361,341,334,345,360,338,343,339,332,350,345,359,373,372,347,355,370,373,391,426,325,412,433
TLH35,West Essex,Q (86-88),Human health and social work activities,484,493,520,589,591,624,623,613,677,681,694,669,698,650,643,627,622,654,662,738,735,577,379,543,594
TLH35,West Essex,R (90-93),"Arts, entertainment and recreation",73,80,89,84,82,90,110,120,117,111,106,93,99,106,105,92,89,97,94,102,95,106,79,66,81
TLH35,West Essex,S (94-96),Other service activities,131,119,126,132,128,116,123,125,126,128,130,143,143,137,136,143,149,162,150,155,151,133,116,152,174
TLH35,West Essex,T (97-98),Activities of households,15,12,16,18,19,15,15,21,18,11,12,10,16,18,15,17,15,12,13,11,10,12,9,15,12
TLH36,Heart of Essex,AB (1-9),"Agriculture, forestry and fishing; mining and quarrying",49,53,54,58,65,57,46,43,49,44,59,47,40,56,56,55,64,55,49,53,52,60,47,58,63
TLH36,Heart of Essex,C (10-33),Manufacturing,533,512,573,658,709,776,819,756,832,844,866,763,772,750,740,780,1054,1208,1121,1084,1004,978,946,997,1063
TLH36,Heart of Essex,DE (35-39),"Electricity, gas, water; sewerage and waste management",387,353,334,327,290,296,240,228,222,182,181,197,208,192,219,185,166,176,192,194,229,217,209,194,187
TLH36,Heart of Essex,F (41-43),Construction,1181,1177,1146,1208,1241,1231,1123,1131,1127,1137,1001,938,1058,1133,967,1014,1227,1354,1353,1655,1724,1626,1276,1461,1518
TLH36,Heart of Essex,G (45-47),Wholesale and retail trade; repair of motor vehicles,709,666,766,781,804,924,901,915,921,933,894,774,885,861,790,777,851,881,879,959,977,918,795,989,999
TLH36,Heart of Essex,H (49-53),Transportation and storage,253,284,291,294,275,276,278,283,303,295,309,279,287,290,300,285,281,258,244,226,230,218,191,200,186
TLH36,Heart of Essex,I (55-56),Accommodation and food service activities,193,198,213,225,203,219,216,212,203,194,188,176,191,193,219,227,210,201,221,222,221,223,147,189,249
TLH36,Heart of Essex,J (58-63),Information and communication,22,29,46,58,71,85,90,100,111,127,130,129,139,170,176,192,258,300,342,369,450,533,520,634,689
TLH36,Heart of Essex,K (64-66),Financial and insurance activities,1332,1172,1260,1251,1071,1035,929,1030,857,1089,1028,1018,930,811,945,908,1007,947,739,724,745,830,792,763,756
TLH36,Heart of Essex,L (68),"Real estate activities, excluding imputed rental",189,202,198,194,197,214,232,223,223,221,233,244,265,259,302,329,295,293,287,286,305,308,286,294,303
TLH36,Heart of Essex,M (69-75),"Professional, scientific and technical activities",386,399,439,490,499,541,512,483,504,495,540,477,501,499,550,592,519,503,504,519,481,503,431,542,549
TLH36,Heart of Essex,N (77-82),Administrative and support service activities,197,207,219,225,229,244,233,244,241,253,267,263,281,288,268,265,292,316,308,351,340,367,355,371,364
TLH36,Heart of Essex,O (84),Public administration and defence,364,382,371,391,399,421,420,421,393,399,434,459,448,429,434,389,371,327,320,325,321,361,341,355,375
TLH36,Heart of Essex,P (85),Education,410,418,398,376,368,380,396,372,377,374,365,386,380,395,380,366,341,350,368,368,387,427,320,401,421
TLH36,Heart of Essex,Q (86-88),Human health and social work activities,392,391,422,478,467,473,501,532,603,600,602,586,562,533,575,568,613,663,709,763,714,708,470,684,816
TLH36,Heart of Essex,R (90-93),"Arts, entertainment and recreation",80,89,108,98,97,100,115,128,126,118,110,98,104,108,106,113,109,104,114,108,113,139,123,97,108
TLH36,Heart of Essex,S (94-96),Other service activities,171,154,160,167,161,148,160,161,164,164,168,185,186,179,167,179,170,156,142,138,145,155,124,152,178
TLH36,Heart of Essex,T (97-98),Activities of households,16,13,17,19,20,16,16,23,20,12,13,10,18,19,16,18,15,12,14,11,10,12,9,15,12
TLH37,Essex Thames Gateway,AB (1-9),"Agriculture, forestry and fishing; mining and quarrying",11,12,13,13,15,14,12,11,12,11,16,12,10,13,11,10,12,10,8,9,9,11,9,10,13
TLH37,Essex Thames Gateway,C (10-33),Manufacturing,1217,1219,1373,1480,1446,1513,1516,1621,1767,1816,2100,1578,1589,1637,1576,1604,1305,906,944,907,907,890,977,998,975
TLH37,Essex Thames Gateway,DE (35-39),"Electricity, gas, water; sewerage and waste management",170,178,153,156,116,116,95,90,102,94,90,97,98,87,100,100,93,110,110,127,136,129,170,140,124
TLH37,Essex Thames Gateway,F (41-43),Construction,748,754,724,778,763,801,741,717,680,681,629,603,674,725,701,761,809,806,758,816,800,817,601,717,831
TLH37,Essex Thames Gateway,G (45-47),Wholesale and retail trade; repair of motor vehicles,724,680,790,804,820,966,955,963,976,965,923,814,921,881,848,847,931,996,1031,1023,970,909,848,1070,1137
TLH37,Essex Thames Gateway,H (49-53),Transportation and storage,368,408,414,417,394,388,415,413,428,414,457,388,388,391,429,397,416,389,388,413,448,441,376,420,394
TLH37,Essex Thames Gateway,I (55-56),Accommodation and food service activities,169,172,185,196,176,190,188,184,176,168,164,154,167,168,178,180,165,154,164,158,173,188,140,167,196
TLH37,Essex Thames Gateway,J (58-63),Information and communication,57,70,91,103,128,156,153,169,184,195,181,163,177,229,244,279,288,321,302,298,316,327,315,338,362
TLH37,Essex Thames Gateway,K (64-66),Financial and insurance activities,120,119,117,133,155,162,180,155,187,225,232,260,203,174,187,208,208,209,215,223,285,437,498,486,640
TLH37,Essex Thames Gateway,L (68),"Real estate activities, excluding imputed rental",266,281,279,276,279,302,329,316,315,319,328,343,369,359,445,483,422,388,406,391,391,444,492,530,662
TLH37,Essex Thames Gateway,M (69-75),"Professional, scientific and technical activities",136,143,169,197,203,214,197,182,195,193,220,214,223,231,253,274,626,703,750,896,898,916,833,914,943
TLH37,Essex Thames Gateway,N (77-82),Administrative and support service activities,155,165,174,183,189,199,190,203,199,208,216,212,224,227,234,290,333,371,349,341,356,369,321,336,389
TLH37,Essex Thames Gateway,O (84),Public administration and defence,194,203,197,208,212,224,224,224,209,212,231,244,229,222,225,203,180,201,213,206,198,204,178,195,199
TLH37,Essex Thames Gateway,P (85),Education,364,371,353,334,327,337,351,330,335,332,324,342,337,351,380,366,341,333,343,330,348,367,299,356,375
TLH37,Essex Thames Gateway,Q (86-88),Human health and social work activities,400,399,431,486,474,483,507,543,614,613,611,593,572,540,553,576,613,639,661,677,631,640,419,605,630
TLH37,Essex Thames Gateway,R (90-93),"Arts, entertainment and recreation",67,70,76,74,73,82,100,110,106,104,98,90,93,99,95,100,97,94,86,82,77,88,59,59,80
TLH37,Essex Thames Gateway,S (94-96),Other service activities,130,117,121,126,122,112,120,120,125,124,127,138,140,139,123,126,135,138,125,142,152,152,125,126,135
TLH37,Essex Thames Gateway,T (97-98),Activities of households,18,15,19,22,23,18,18,26,22,14,15,12,20,21,18,20,17,14,16,13,12,14,10,17,14
TLI31,Camden and City of London,AB (1-9),"Agriculture, forestry and fishing; mining and quarrying",4,4,3,3,3,3,4,4,5,5,6,5,4,3,2,3,4,14,19,21,30,37,36,47,93
TLI31,Camden and City of London,C (10-33),Manufacturing,323,356,353,361,379,382,405,415,440,433,374,377,403,343,353,422,421,454,452,465,518,577,704,770,748
TLI31,Camden and City of London,DE (35-39),"Electricity, gas, water; sewerage and waste management",608,882,1032,1420,1287,1109,1082,699,723,919,710,739,485,436,304,340,344,489,577,586,605,946,1140,834,770
TLI31,Camden and City of London,F (41-43),Construction,1142,1254,1490,1492,1249,1206,1113,1005,1088,1210,1406,1154,1236,1346,1475,1811,1792,1876,2109,2020,2077,2090,1742,1949,2115
TLI31,Camden and City of London,G (45-47),Wholesale and retail trade; repair of motor vehicles,1105,1055,1200,1208,1253,1155,1227,1311,1368,1471,1487,1287,1414,1471,1466,1446,1622,1696,2119,2408,2794,2651,2131,2768,2908
TLI31,Camden and City of London,H (49-53),Transportation and storage,2464,2410,2260,2110,1800,1906,2165,2338,2488,2523,2528,2321,2463,1959,1678,1563,1732,1768,1712,1882,1736,1686,589,798,989
TLI31,Camden and City of London,I (55-56),Accommodation and food service activities,1058,1131,1119,1085,1131,1089,1188,1292,1244,1272,1259,1179,1270,1415,1509,1779,1858,1677,1852,1960,2008,2003,1123,1149,1469
TLI31,Camden and City of London,J (58-63),Information and communication,1603,1804,2258,2441,2564,3002,3453,3780,3750,4342,4747,4972,5208,5822,5921,6334,7133,8377,9557,10024,10746,11840,12406,14514,15297
TLI31,Camden and City of London,K (64-66),Financial and insurance activities,27871,26321,29173,28978,30986,32782,32512,37864,39211,47192,46432,42122,43171,42173,41705,39219,39753,38539,42497,43812,44972,45404,48007,51689,51657
TLI31,Camden and City of London,L (68),"Real estate activities, excluding imputed rental",1844,1798,1840,1874,1959,1905,1859,1910,2052,2178,2097,1955,1930,2106,2752,3219,3488,3861,3759,3834,4063,3888,3310,3352,3171
TLI31,Camden and City of London,M (69-75),"Professional, scientific and technical activities",9781,10714,12047,12316,12555,13286,13936,14479,15741,16779,16305,15733,16256,16469,16795,18199,18407,20538,21832,21833,22651,23344,22244,23819,24015
TLI31,Camden and City of London,N (77-82),Administrative and support service activities,2564,2527,2673,2727,2495,2568,2499,2530,2584,2724,2905,2534,2745,3113,3502,4499,5042,5361,5773,6110,6034,6333,4709,5697,5921
TLI31,Camden and City of London,O (84),Public administration and defence,951,1014,973,998,989,1045,996,1108,1038,975,859,889,925,962,950,985,1036,1070,1195,1277,1194,1155,1043,976,956
TLI31,Camden and City of London,P (85),Education,2233,2335,2332,2314,2261,2244,2241,2242,2169,2082,2112,2207,2177,2330,2299,2395,2830,2968,2891,2992,3339,3347,2325,2748,2988
TLI31,Camden and City of London,Q (86-88),Human health and social work activities,975,993,1035,1178,1221,1418,1441,1495,1545,1565,1498,1487,1555,1752,2052,2082,2176,2339,2589,2676,2659,2707,1478,2258,2572
TLI31,Camden and City of London,R (90-93),"Arts, entertainment and recreation",576,601,622,654,714,730,719,779,766,777,719,674,664,714,679,759,838,800,797,800,835,938,687,742,878
TLI31,Camden and City of London,S (94-96),Other service activities,843,794,781,749,820,735,744,729,740,766,780,801,819,811,880,1026,1169,1518,1694,1895,1937,1945,1649,1741,1423
TLI31,Camden and City of London,T (97-98),Activities of households,27,25,26,25,24,22,22,21,23,16,22,22,24,25,33,37,41,39,44,40,39,42,34,24,21
TLI32,Westminster,AB (1-9),"Agriculture, forestry and fishing; mining and quarrying",46,39,28,21,23,23,37,43,65,58,70,52,49,29,31,34,44,82,67,66,75,118,268,219,168
TLI32,Westminster,C (10-33),Manufacturing,298,309,322,321,343,345,364,377,398,391,375,423,373,334,326,362,347,332,370,415,489,505,419,530,597
TLI32,Westminster,DE (35-39),"Electricity, gas, water; sewerage and waste management",194,240,271,421,393,370,402,267,307,367,335,328,393,436,331,386,434,604,569,563,542,462,700,479,477
TLI32,Westminster,F (41-43),Construction,1642,1799,2144,2139,1792,1721,1589,1412,1505,1680,1991,1652,1832,2017,2294,2634,2702,2571,2159,2215,2089,2153,1788,1786,2117
TLI32,Westminster,G (45-47),Wholesale and retail trade; repair of motor vehicles,5761,5456,6341,6191,6107,5912,6252,7399,7939,8548,8650,7402,7435,6938,6069,5382,6036,6083,6291,6142,6114,6624,6765,8917,10049
TLI32,Westminster,H (49-53),Transportation and storage,2158,2301,2246,2172,1712,1827,2009,2248,2309,2411,2605,2088,2195,1970,2078,2340,2391,2448,2394,2527,2297,2184,628,710,1066
TLI32,Westminster,I (55-56),Accommodation and food service activities,2631,2815,2782,2686,2797,2706,2945,3214,3122,3189,3143,2929,3152,3513,3607,3481,3436,3425,3594,3626,3822,3839,1872,2058,2882
TLI32,Westminster,J (58-63),Information and communication,2680,2964,3521,3747,3874,4367,4852,5139,4948,5425,6016,6275,6396,6980,7183,7656,7980,7836,8530,8862,9687,10906,11697,12759,14967
TLI32,Westminster,K (64-66),Financial and insurance activities,4332,4729,5599,5232,5898,6288,6176,6417,6664,7602,8327,8439,8895,8691,9311,8752,8935,7041,11107,13648,13447,12735,11622,13236,12309
TLI32,Westminster,L (68),"Real estate activities, excluding imputed rental",3364,3287,3310,3320,3482,3396,3260,3373,3614,3715,3603,3348,3334,3674,4391,4382,4841,4750,4756,4538,5265,5297,4544,4630,4854
TLI32,Westminster,M (69-75),"Professional, scientific and technical activities",4460,4815,5377,5573,5671,6000,6085,6404,6809,7478,7344,6934,7136,7140,7319,8126,8822,9246,9109,8899,8509,9117,8617,9679,11054
TLI32,Westminster,N (77-82),Administrative and support service activities,3166,3100,3254,3315,3096,3131,3040,3093,3148,3323,3459,3047,3281,3736,4048,3917,4189,4437,4076,4138,4480,4646,3277,3574,3816
TLI32,Westminster,O (84),Public administration and defence,3860,4115,3951,4051,4015,4242,4043,4497,4213,3956,3487,3608,3750,3812,4126,4375,4334,4359,4799,5098,5536,5684,5791,5917,6036
TLI32,Westminster,P (85),Education,1844,1929,1926,1911,1868,1853,1851,1851,1791,1719,1744,1823,1798,1924,1942,2311,2357,2486,2458,2271,2513,2580,2005,2222,2418
TLI32,Westminster,Q (86-88),Human health and social work activities,818,821,861,965,987,1102,1104,1151,1197,1209,1164,1146,1177,1305,1390,1420,1368,1559,1616,1696,1763,1739,1260,1727,1879
TLI32,Westminster,R (90-93),"Arts, entertainment and recreation",1549,1616,1684,1806,2013,2060,2035,2199,2162,2157,2084,1973,1968,2052,2031,2237,2342,2416,2373,2479,2585,2765,1813,2272,2779
TLI32,Westminster,S (94-96),Other service activities,1512,1417,1378,1314,1465,1322,1374,1341,1409,1464,1508,1560,1622,1629,1660,1804,1965,1558,1422,1411,1460,1515,1081,1298,1543
TLI32,Westminster,T (97-98),Activities of households,26,24,25,25,24,22,22,22,23,16,22,22,23,24,32,35,39,37,41,37,36,39,31,23,20
TLI33,Kensington & Chelsea and Hammersmith & Fulham,AB (1-9),"Agriculture, forestry and fishing; mining and quarrying",88,72,51,36,37,39,68,81,127,114,137,100,93,46,60,30,3,4,4,3,4,7,16,10,4
TLI33,Kensington & Chelsea and Hammersmith & Fulham,C (10-33),Manufacturing,173,199,223,240,257,258,244,241,255,225,210,204,204,198,218,203,209,224,239,288,311,358,408,348,271
TLI33,Kensington & Chelsea and Hammersmith & Fulham,DE (35-39),"Electricity, gas, water; sewerage and waste management",131,140,158,173,167,147,139,118,113,131,123,131,105,103,83,56,52,75,95,103,162,144,128,149,160
TLI33,Kensington & Chelsea and Hammersmith & Fulham,F (41-43),Construction,292,318,370,369,313,305,285,267,299,325,359,297,295,316,361,427,475,503,457,448,409,427,270,309,333
TLI33,Kensington & Chelsea and Hammersmith & Fulham,G (45-47),Wholesale and retail trade; repair of motor vehicles,1539,1473,1647,1694,1808,1619,1717,1712,1750,1878,1891,1646,1912,2103,2185,2272,2575,2550,2617,2923,3190,3707,2918,3588,3253
TLI33,Kensington & Chelsea and Hammersmith & Fulham,H (49-53),Transportation and storage,276,298,326,312,319,344,344,354,335,348,334,284,279,244,261,279,325,312,350,381,406,483,216,281,402
TLI33,Kensington & Chelsea and Hammersmith & Fulham,I (55-56),Accommodation and food service activities,788,844,832,795,827,808,875,963,954,971,949,875,940,1048,1100,1241,1204,1130,1189,1163,1237,1252,795,797,1096
TLI33,Kensington & Chelsea and Hammersmith & Fulham,J (58-63),Information and communication,1094,1242,1392,1433,1440,1643,1886,2080,1983,2191,2524,2660,2577,2740,3137,3795,3822,4052,4061,4032,4348,4449,4445,4585,4221
TLI33,Kensington & Chelsea and Hammersmith & Fulham,K (64-66),Financial and insurance activities,96,89,99,102,115,122,124,134,155,179,168,146,145,145,145,194,189,125,130,82,72,54,42,67,62
TLI33,Kensington & Chelsea and Hammersmith & Fulham,L (68),"Real estate activities, excluding imputed rental",646,631,642,650,680,662,643,662,711,746,720,670,664,727,852,868,873,785,795,721,855,905,907,995,1077
TLI33,Kensington & Chelsea and Hammersmith & Fulham,M (69-75),"Professional, scientific and technical activities",878,934,1025,1039,1074,1129,1165,1216,1255,1351,1327,1259,1281,1241,1208,1352,1452,1567,1725,1650,1479,1253,1057,1179,1389
TLI33,Kensington & Chelsea and Hammersmith & Fulham,N (77-82),Administrative and support service activities,755,714,737,717,651,645,636,655,669,716,747,632,673,796,898,961,982,1010,1019,1098,1058,958,580,504,716
TLI33,Kensington & Chelsea and Hammersmith & Fulham,O (84),Public administration and defence,531,567,544,558,553,584,557,619,580,545,480,497,533,536,573,525,515,520,569,655,646,620,546,556,571
TLI33,Kensington & Chelsea and Hammersmith & Fulham,P (85),Education,700,732,730,725,708,703,702,702,679,652,662,691,682,730,837,786,953,952,886,968,987,1003,808,857,932
TLI33,Kensington & Chelsea and Hammersmith & Fulham,Q (86-88),Human health and social work activities,841,857,892,1008,1040,1176,1197,1236,1266,1286,1237,1220,1210,1360,1490,1447,1385,1513,1483,1500,1606,1621,909,1490,1626
TLI33,Kensington & Chelsea and Hammersmith & Fulham,R (90-93),"Arts, entertainment and recreation",497,509,519,564,613,669,668,703,663,645,625,570,552,586,544,564,581,564,470,521,509,559,535,448,523
TLI33,Kensington & Chelsea and Hammersmith & Fulham,S (94-96),Other service activities,207,196,195,188,196,173,164,164,154,160,155,155,150,139,152,146,159,155,175,173,177,201,141,194,275
TLI33,Kensington & Chelsea and Hammersmith & Fulham,T (97-98),Activities of households,43,39,40,40,38,35,34,33,36,25,34,34,37,37,49,56,62,58,66,60,59,63,51,36,31
TLI34,Wandsworth,AB (1-9),"Agriculture, forestry and fishing; mining and quarrying",1,1,1,1,1,1,1,1,1,1,1,1,1,1,2,2,1,2,3,3,2,3,2,2,1
TLI34,Wandsworth,C (10-33),Manufacturing,197,213,218,216,231,213,204,210,231,224,204,195,166,140,134,152,157,193,147,139,140,139,136,149,177
TLI34,Wandsworth,DE (35-39),"Electricity, gas, water; sewerage and waste management",87,77,79,68,67,67,63,66,52,58,62,62,49,48,45,40,38,33,32,42,51,94,91,91,78
TLI34,Wandsworth,F (41-43),Construction,281,298,336,330,287,284,272,266,310,327,335,286,257,273,285,319,337,355,293,272,244,217,181,236,297
TLI34,Wandsworth,G (45-47),Wholesale and retail trade; repair of motor vehicles,507,474,520,537,554,504,514,517,531,566,550,470,543,584,600,624,698,697,676,699,680,660,595,620,565
TLI34,Wandsworth,H (49-53),Transportation and storage,318,325,320,323,286,295,289,302,301,298,296,281,274,237,204,164,177,168,180,215,191,177,103,104,109
TLI34,Wandsworth,I (55-56),Accommodation and food service activities,189,202,201,202,212,197,219,231,208,215,219,213,231,257,250,296,283,287,315,319,362,391,261,289,438
TLI34,Wandsworth,J (58-63),Information and communication,64,73,95,103,109,130,152,169,170,200,219,230,244,276,290,328,353,394,430,401,351,276,188,228,229
TLI34,Wandsworth,K (64-66),Financial and insurance activities,33,29,32,34,38,40,41,45,53,61,55,46,45,45,43,52,43,29,33,11,9,11,7,7,6
TLI34,Wandsworth,L (68),"Real estate activities, excluding imputed rental",118,115,119,122,127,124,122,124,134,145,139,130,127,138,174,165,184,162,150,156,183,149,125,159,169
TLI34,Wandsworth,M (69-75),"Professional, scientific and technical activities",246,268,295,291,305,316,331,339,351,370,367,354,363,353,333,348,404,466,468,436,405,394,281,295,296
TLI34,Wandsworth,N (77-82),Administrative and support service activities,257,248,260,257,238,234,232,243,242,252,254,230,239,264,278,244,257,260,273,288,294,284,153,161,245
TLI34,Wandsworth,O (84),Public administration and defence,383,408,392,402,398,421,401,446,418,393,346,358,360,354,388,350,353,332,352,331,325,323,290,285,285
TLI34,Wandsworth,P (85),Education,554,580,579,574,561,557,556,556,538,517,524,548,540,578,654,644,741,779,714,781,764,833,630,668,724
TLI34,Wandsworth,Q (86-88),Human health and social work activities,552,556,582,650,663,728,732,760,783,793,766,751,729,856,999,1034,1062,1186,1183,1240,1247,1212,675,1058,1164
TLI34,Wandsworth,R (90-93),"Arts, entertainment and recreation",234,237,244,281,333,356,359,378,367,351,380,358,361,356,303,265,174,174,148,140,142,145,100,125,124
TLI34,Wandsworth,S (94-96),Other service activities,81,77,76,73,77,69,67,66,64,66,66,66,66,63,63,63,65,57,62,58,62,74,46,62,80
TLI34,Wandsworth,T (97-98),Activities of households,37,33,34,33,31,29,28,27,30,21,30,30,33,34,45,52,58,55,63,58,57,63,51,36,31
TLI41,Hackney and Newham,AB (1-9),"Agriculture, forestry and fishing; mining and quarrying",6,7,5,4,7,4,3,3,3,2,1,1,1,1,1,1,0,1,0,0,0,2,2,1,1
TLI41,Hackney and Newham,C (10-33),Manufacturing,596,634,627,595,614,599,612,582,598,572,510,497,449,418,409,423,414,387,438,505,497,546,549,652,586
TLI41,Hackney and Newham,DE (35-39),"Electricity, gas, water; sewerage and waste management",468,434,482,434,440,364,348,347,318,349,387,407,426,421,392,476,444,390,401,335,321,344,414,392,260
TLI41,Hackney and Newham,F (41-43),Construction,650,689,784,766,668,634,616,570,610,656,678,650,785,851,846,811,779,811,706,852,867,885,699,735,885
TLI41,Hackney and Newham,G (45-47),Wholesale and retail trade; repair of motor vehicles,858,797,890,897,898,821,849,913,948,996,1014,890,959,1033,977,832,959,999,933,1028,1258,1838,1562,1866,1837
TLI41,Hackney and Newham,H (49-53),Transportation and storage,663,665,635,655,567,600,606,624,620,640,656,661,651,666,682,696,784,678,713,746,675,719,427,527,592
TLI41,Hackney and Newham,I (55-56),Accommodation and food service activities,315,329,328,319,334,318,347,374,353,357,359,313,318,355,416,486,490,509,573,640,634,610,445,502,598
TLI41,Hackney and Newham,J (58-63),Information and communication,123,143,187,202,217,256,298,328,331,384,426,432,483,554,593,591,775,805,950,1098,1320,1577,2447,2668,2453
TLI41,Hackney and Newham,K (64-66),Financial and insurance activities,207,202,223,233,257,266,268,298,336,389,405,365,339,367,278,342,296,293,255,356,422,556,538,522,681
TLI41,Hackney and Newham,L (68),"Real estate activities, excluding imputed rental",430,437,454,476,500,513,501,528,548,565,639,670,693,689,824,847,814,861,910,946,905,986,801,991,930
TLI41,Hackney and Newham,M (69-75),"Professional, scientific and technical activities",443,475,525,535,545,579,612,652,688,729,724,684,689,710,680,795,940,943,948,1033,999,1033,937,1138,1203
TLI41,Hackney and Newham,N (77-82),Administrative and support service activities,469,463,495,502,473,475,465,475,486,514,546,497,539,576,581,642,689,774,886,859,886,993,903,968,1177
TLI41,Hackney and Newham,O (84),Public administration and defence,725,774,743,759,760,813,774,869,814,765,678,717,697,744,766,722,726,776,841,827,892,870,898,1016,1077
TLI41,Hackney and Newham,P (85),Education,901,924,919,918,867,874,886,870,824,801,806,797,816,899,1003,940,940,968,906,947,978,1033,823,961,1135
TLI41,Hackney and Newham,Q (86-88),Human health and social work activities,681,694,724,795,813,866,859,872,898,904,873,878,955,953,968,944,974,964,1053,1145,1027,1006,671,912,1020
TLI41,Hackney and Newham,R (90-93),"Arts, entertainment and recreation",340,347,347,372,408,421,419,451,440,448,423,372,346,398,372,394,425,423,386,440,521,562,379,497,518
TLI41,Hackney and Newham,S (94-96),Other service activities,188,178,178,170,184,167,169,166,166,173,179,187,206,199,205,217,217,200,211,232,249,235,149,198,291
TLI41,Hackney and Newham,T (97-98),Activities of households,21,19,20,20,19,17,17,16,18,13,14,14,17,19,26,30,34,31,36,33,32,33,29,31,35
TLI42,Tower Hamlets,AB (1-9),"Agriculture, forestry and fishing; mining and quarrying",0,1,1,1,0,0,0,1,1,1,1,1,1,1,1,0,1,1,14,8,8,1,1,1,1
TLI42,Tower Hamlets,C (10-33),Manufacturing,178,193,197,201,200,202,212,216,228,222,183,186,181,166,169,174,166,184,171,183,196,192,154,244,294
TLI42,Tower Hamlets,DE (35-39),"Electricity, gas, water; sewerage and waste management",153,147,154,236,210,192,217,152,177,195,208,311,274,569,514,528,367,435,445,397,463,470,581,368,556
TLI42,Tower Hamlets,F (41-43),Construction,684,731,835,821,711,679,655,614,664,716,733,677,806,872,904,996,962,1213,1253,1292,1292,1096,683,614,582
TLI42,Tower Hamlets,G (45-47),Wholesale and retail trade; repair of motor vehicles,514,477,531,537,538,491,507,543,563,591,602,524,562,603,646,1043,1250,1258,1165,1114,1029,916,787,1047,1280
TLI42,Tower Hamlets,H (49-53),Transportation and storage,857,903,870,825,654,670,775,876,866,856,1069,858,865,985,908,1309,1202,975,769,670,646,646,557,520,711
TLI42,Tower Hamlets,I (55-56),Accommodation and food service activities,363,380,378,368,384,367,399,432,410,414,415,363,369,412,432,460,461,449,448,486,526,582,322,343,412
TLI42,Tower Hamlets,J (58-63),Information and communication,721,797,1048,1126,1202,1378,1559,1717,1743,1980,2096,2059,2217,2426,2557,2823,2964,2856,3251,3646,3442,3694,3531,4194,5462
TLI42,Tower Hamlets,K (64-66),Financial and insurance activities,12725,12386,13670,14169,15516,16016,16146,18226,20116,23474,24360,21911,20443,22013,20751,19639,19640,18251,18961,20066,17256,15890,14337,13582,11169
TLI42,Tower Hamlets,L (68),"Real estate activities, excluding imputed rental",661,669,707,751,789,803,797,832,868,927,1017,1058,1079,1067,1172,1164,1166,1158,1261,1194,1352,1225,1418,1204,936
TLI42,Tower Hamlets,M (69-75),"Professional, scientific and technical activities",1060,1152,1320,1343,1385,1460,1576,1615,1758,1865,1887,1906,1907,1893,2181,2288,2351,2894,3408,3713,4220,4292,4476,4642,4639
TLI42,Tower Hamlets,N (77-82),Administrative and support service activities,641,624,665,674,651,647,638,657,675,723,761,712,789,871,1135,1330,1515,1546,1722,1788,1798,1823,1500,1373,1429
TLI42,Tower Hamlets,O (84),Public administration and defence,475,507,486,496,497,532,506,568,532,501,443,469,503,517,534,515,626,636,747,726,913,1033,793,835,848
TLI42,Tower Hamlets,P (85),Education,696,714,710,709,670,676,685,672,637,619,623,616,631,695,707,752,780,702,629,690,769,833,663,776,918
TLI42,Tower Hamlets,Q (86-88),Human health and social work activities,493,507,527,578,594,629,626,631,650,657,633,638,728,687,748,762,827,986,1055,1309,1389,1435,837,1146,1278
TLI42,Tower Hamlets,R (90-93),"Arts, entertainment and recreation",277,283,295,354,404,440,444,460,431,388,417,371,366,381,331,172,158,171,161,174,193,227,133,171,206
TLI42,Tower Hamlets,S (94-96),Other service activities,105,102,110,108,121,105,107,102,91,87,94,93,103,103,101,109,125,162,205,235,253,248,178,208,209
TLI42,Tower Hamlets,T (97-98),Activities of households,9,8,9,9,8,8,8,7,8,6,7,6,8,9,12,14,16,15,17,16,16,16,15,16,18
TLI43,Haringey and Islington,AB (1-9),"Agriculture, forestry and fishing; mining and quarrying",31,27,19,13,14,12,24,31,56,44,54,41,41,34,38,31,32,51,6,4,3,3,3,2,2
TLI43,Haringey and Islington,C (10-33),Manufacturing,453,487,499,507,526,522,533,541,562,549,437,441,462,424,458,490,494,479,413,456,479,422,376,466,415
TLI43,Haringey and Islington,DE (35-39),"Electricity, gas, water; sewerage and waste management",82,99,112,131,126,109,114,91,84,113,116,119,116,85,92,121,134,211,217,207,147,139,142,117,113
TLI43,Haringey and Islington,F (41-43),Construction,705,757,866,855,738,707,679,641,697,752,766,695,819,886,879,973,1055,989,886,923,975,1012,665,680,660
TLI43,Haringey and Islington,G (45-47),Wholesale and retail trade; repair of motor vehicles,927,869,972,982,1001,907,946,995,1035,1086,1119,946,977,1039,1014,1054,1289,1411,1280,1544,1525,1308,882,1078,1057
TLI43,Haringey and Islington,H (49-53),Transportation and storage,814,832,807,810,682,702,744,787,792,813,830,842,871,862,916,868,746,589,609,612,572,660,386,499,733
TLI43,Haringey and Islington,I (55-56),Accommodation and food service activities,553,578,575,559,583,558,607,657,624,630,631,551,561,627,670,723,689,653,703,745,745,760,508,565,704
TLI43,Haringey and Islington,J (58-63),Information and communication,312,378,539,584,651,794,938,1026,1069,1266,1416,1544,1760,2093,2153,2199,2640,3028,3540,3680,4337,4585,4388,4674,4725
TLI43,Haringey and Islington,K (64-66),Financial and insurance activities,1515,1469,1599,1680,1853,1908,1924,2153,2452,2830,2878,2534,2354,2530,2330,2435,2424,2457,2582,2534,2627,2670,2335,2590,5232
TLI43,Haringey and Islington,L (68),"Real estate activities, excluding imputed rental",626,637,660,691,727,746,727,767,795,817,927,973,1008,1003,1094,1142,1172,1238,1298,1164,1131,1413,1552,1610,1939
TLI43,Haringey and Islington,M (69-75),"Professional, scientific and technical activities",1838,1968,2232,2299,2362,2482,2602,2683,2878,3128,3210,3127,3161,3142,3303,3822,3861,4107,3945,4115,4014,4066,4034,4425,4499
TLI43,Haringey and Islington,N (77-82),Administrative and support service activities,1007,1005,1076,1083,992,1003,965,973,996,1050,1116,980,1014,1024,1052,1217,1375,1424,1349,1251,1426,1344,1029,1231,1390
TLI43,Haringey and Islington,O (84),Public administration and defence,720,768,737,753,754,807,768,862,807,759,673,711,745,721,741,790,879,835,804,624,612,564,553,576,595
TLI43,Haringey and Islington,P (85),Education,1026,1052,1046,1045,987,995,1009,990,938,912,917,907,930,1024,1050,907,929,940,900,875,861,901,710,819,969
TLI43,Haringey and Islington,Q (86-88),Human health and social work activities,676,686,716,788,805,866,855,876,900,904,873,873,877,865,948,974,937,888,900,935,851,846,577,788,875
TLI43,Haringey and Islington,R (90-93),"Arts, entertainment and recreation",538,548,552,607,673,707,707,752,725,716,700,616,579,648,671,750,782,856,819,881,958,951,629,657,908
TLI43,Haringey and Islington,S (94-96),Other service activities,332,314,313,299,333,307,320,307,314,322,340,358,389,388,385,418,422,407,390,415,437,418,298,336,430
TLI43,Haringey and Islington,T (97-98),Activities of households,19,17,17,17,16,15,15,14,16,11,12,12,14,16,21,25,28,26,30,27,26,26,23,25,27
TLI44,Lewisham and Southwark,AB (1-9),"Agriculture, forestry and fishing; mining and quarrying",2,2,1,1,2,2,1,2,2,2,2,2,1,1,1,3,4,6,18,16,10,23,19,17,19
TLI44,Lewisham and Southwark,C (10-33),Manufacturing,238,253,249,251,250,253,259,260,273,263,229,222,220,217,206,208,206,188,212,257,347,357,367,422,383
TLI44,Lewisham and Southwark,DE (35-39),"Electricity, gas, water; sewerage and waste management",229,300,361,448,424,332,351,251,256,370,402,420,421,308,321,209,98,70,94,77,80,115,229,419,252
TLI44,Lewisham and Southwark,F (41-43),Construction,775,817,910,889,784,758,742,723,809,854,824,734,846,897,879,881,932,1018,1006,1150,1149,1059,689,741,721
TLI44,Lewisham and Southwark,G (45-47),Wholesale and retail trade; repair of motor vehicles,945,881,978,993,1007,916,943,988,1022,1070,1097,918,948,999,907,797,919,936,851,879,926,817,523,706,979
TLI44,Lewisham and Southwark,H (49-53),Transportation and storage,948,950,897,907,767,801,859,896,897,929,961,977,994,1009,1021,986,1227,1146,1225,1260,1234,1366,749,871,943
TLI44,Lewisham and Southwark,I (55-56),Accommodation and food service activities,448,469,467,457,477,454,495,533,499,506,510,444,449,501,527,560,548,520,595,650,674,690,486,546,661
TLI44,Lewisham and Southwark,J (58-63),Information and communication,456,496,611,658,701,807,901,976,971,1107,1153,1138,1223,1300,1267,1253,1417,1836,2138,2161,2384,2486,2494,2603,2435
TLI44,Lewisham and Southwark,K (64-66),Financial and insurance activities,966,962,1155,1157,1296,1377,1384,1487,1579,1856,2148,2122,1972,2196,2240,2155,825,688,603,279,389,583,413,507,474
TLI44,Lewisham and Southwark,L (68),"Real estate activities, excluding imputed rental",569,578,601,630,663,679,664,700,726,750,847,888,918,912,1219,1224,1343,1501,1585,1417,1520,1727,1756,1807,1680
TLI44,Lewisham and Southwark,M (69-75),"Professional, scientific and technical activities",2015,2259,2472,2444,2472,2558,2695,2910,3135,3459,3486,3450,3475,3520,3796,4053,4161,4274,4334,4700,4858,4953,4515,4317,4399
TLI44,Lewisham and Southwark,N (77-82),Administrative and support service activities,1305,1268,1367,1361,1284,1233,1247,1322,1304,1367,1371,1277,1712,2503,2462,2751,2631,2672,2591,2685,3013,3289,3188,2855,2907
TLI44,Lewisham and Southwark,O (84),Public administration and defence,982,1049,1006,1027,1029,1101,1048,1177,1102,1037,918,971,983,1145,1187,1119,1128,1162,1329,1331,1240,1175,1180,1183,1200
TLI44,Lewisham and Southwark,P (85),Education,1307,1340,1333,1331,1258,1268,1285,1262,1195,1162,1169,1156,1185,1305,1390,1303,1344,1367,1366,1275,1325,1371,975,1184,1396
TLI44,Lewisham and Southwark,Q (86-88),Human health and social work activities,1030,1050,1094,1200,1226,1298,1286,1305,1346,1355,1312,1324,1377,1370,1417,1519,1476,1562,1597,1702,1607,1608,1019,1324,1532
TLI44,Lewisham and Southwark,R (90-93),"Arts, entertainment and recreation",381,392,394,420,455,469,465,501,487,496,464,407,377,439,426,479,493,517,501,504,491,582,374,470,598
TLI44,Lewisham and Southwark,S (94-96),Other service activities,375,354,354,337,363,328,327,324,322,338,348,362,401,383,392,441,446,433,419,475,512,560,421,545,576
TLI44,Lewisham and Southwark,T (97-98),Activities of households,24,21,22,22,21,19,18,18,20,14,15,15,18,19,26,30,35,32,36,33,32,33,29,31,34
TLI45,Lambeth,AB (1-9),"Agriculture, forestry and fishing; mining and quarrying",1,2,3,3,3,5,6,6,6,7,11,13,7,7,10,10,8,7,7,7,5,5,5,3,2
TLI45,Lambeth,C (10-33),Manufacturing,112,131,155,159,173,171,153,150,164,159,142,129,126,119,129,120,118,107,100,101,100,103,106,111,111
TLI45,Lambeth,DE (35-39),"Electricity, gas, water; sewerage and waste management",193,191,194,191,182,174,176,167,134,167,173,171,151,119,127,147,124,157,135,118,108,133,149,173,121
TLI45,Lambeth,F (41-43),Construction,408,434,491,482,420,404,392,374,411,439,438,396,464,498,482,505,510,467,423,452,495,531,472,477,489
TLI45,Lambeth,G (45-47),Wholesale and retail trade; repair of motor vehicles,1058,986,1146,1104,1060,983,1082,1313,1412,1513,1518,1623,1983,2307,2269,2092,2581,2315,2389,2570,2457,2314,1190,1801,2193
TLI45,Lambeth,H (49-53),Transportation and storage,550,616,638,584,443,443,529,637,636,625,825,598,640,757,717,333,345,305,328,323,321,348,98,159,270
TLI45,Lambeth,I (55-56),Accommodation and food service activities,391,408,406,392,409,394,427,464,446,450,448,392,401,449,460,496,467,445,469,474,481,513,324,362,587
TLI45,Lambeth,J (58-63),Information and communication,488,563,638,713,714,845,993,1113,1063,1223,1409,1310,1510,1747,1636,1471,1898,2187,2124,1935,1663,1315,1126,1412,1843
TLI45,Lambeth,K (64-66),Financial and insurance activities,23,23,25,26,29,30,30,33,38,44,45,40,37,40,47,49,51,62,75,76,45,56,54,73,238
TLI45,Lambeth,L (68),"Real estate activities, excluding imputed rental",223,224,244,263,276,278,282,290,305,341,360,371,371,364,368,445,555,616,683,718,709,453,416,475,453
TLI45,Lambeth,M (69-75),"Professional, scientific and technical activities",478,495,587,658,665,703,656,685,733,888,962,857,838,809,708,599,809,807,914,965,1066,1153,1342,1231,1322
TLI45,Lambeth,N (77-82),Administrative and support service activities,454,436,459,454,425,424,415,426,440,478,506,465,480,497,544,593,553,607,696,599,592,597,440,514,685
TLI45,Lambeth,O (84),Public administration and defence,780,833,799,816,817,874,832,935,875,823,729,771,782,735,761,707,740,768,837,912,939,914,825,863,940
TLI45,Lambeth,P (85),Education,463,475,472,472,446,449,455,447,423,412,414,410,420,462,507,466,489,502,497,481,478,505,369,433,510
TLI45,Lambeth,Q (86-88),Human health and social work activities,1030,1067,1107,1224,1268,1377,1379,1386,1421,1441,1364,1355,1403,1405,1521,1506,1530,1527,1541,1610,1689,1712,1109,1546,1821
TLI45,Lambeth,R (90-93),"Arts, entertainment and recreation",227,236,240,255,279,281,278,302,298,304,285,254,245,284,273,290,349,336,305,354,372,374,234,258,334
TLI45,Lambeth,S (94-96),Other service activities,395,371,368,349,379,347,352,345,352,369,382,402,442,427,406,304,284,264,262,279,248,262,200,256,320
TLI45,Lambeth,T (97-98),Activities of households,13,12,12,12,11,10,10,10,10,7,8,8,9,10,14,16,19,17,19,18,17,17,15,16,18
TLI51,Bexley and Greenwich,AB (1-9),"Agriculture, forestry and fishing; mining and quarrying",7,7,6,7,8,8,6,8,12,9,6,5,6,11,19,15,12,12,13,14,18,19,14,8,7
TLI51,Bexley and Greenwich,C (10-33),Manufacturing,746,828,859,879,886,821,826,804,870,817,771,678,629,611,621,635,629,569,557,583,591,593,524,577,589
TLI51,Bexley and Greenwich,DE (35-39),"Electricity, gas, water; sewerage and waste management",277,309,390,500,470,522,496,498,488,505,536,613,587,550,539,550,533,553,589,523,455,429,423,301,254
TLI51,Bexley and Greenwich,F (41-43),Construction,1038,1073,1044,1051,1022,997,955,935,981,1006,958,814,967,1003,1084,1168,1182,1226,1279,1408,1369,1359,1031,1168,1255
TLI51,Bexley and Greenwich,G (45-47),Wholesale and retail trade; repair of motor vehicles,1087,1071,1137,1051,1025,1005,1012,1063,1123,1122,1047,868,948,944,1005,990,1029,999,958,961,860,856,692,821,780
TLI51,Bexley and Greenwich,H (49-53),Transportation and storage,613,625,632,595,559,581,562,563,572,566,615,549,614,639,665,764,796,740,760,711,716,802,475,485,586
TLI51,Bexley and Greenwich,I (55-56),Accommodation and food service activities,377,370,346,370,374,386,387,378,347,350,364,287,303,310,294,316,292,285,310,325,294,316,160,228,268
TLI51,Bexley and Greenwich,J (58-63),Information and communication,56,69,94,101,117,129,137,145,169,202,193,208,262,294,314,319,347,322,340,356,392,442,368,362,362
TLI51,Bexley and Greenwich,K (64-66),Financial and insurance activities,490,480,431,396,437,424,402,437,436,512,415,401,348,268,262,203,168,174,216,211,227,237,241,257,243
TLI51,Bexley and Greenwich,L (68),"Real estate activities, excluding imputed rental",774,809,824,887,961,1062,1077,1128,1149,1150,1265,1183,1370,1292,1361,1538,1483,1642,1867,1654,1655,1764,1721,1645,1547
TLI51,Bexley and Greenwich,M (69-75),"Professional, scientific and technical activities",264,273,301,306,306,338,346,352,384,391,368,349,361,357,370,383,393,401,413,424,431,421,318,329,319
TLI51,Bexley and Greenwich,N (77-82),Administrative and support service activities,286,287,295,309,300,286,299,295,299,318,304,293,303,315,287,353,380,361,355,353,384,441,346,418,490
TLI51,Bexley and Greenwich,O (84),Public administration and defence,504,532,504,474,479,511,591,608,645,572,568,570,551,557,583,621,657,623,662,677,664,636,536,518,507
TLI51,Bexley and Greenwich,P (85),Education,913,918,937,937,909,918,915,894,858,833,781,751,740,797,768,742,694,693,666,685,704,782,553,634,730
TLI51,Bexley and Greenwich,Q (86-88),Human health and social work activities,594,605,631,671,678,690,719,743,803,769,777,749,727,777,796,808,826,857,899,1005,928,955,633,824,1041
TLI51,Bexley and Greenwich,R (90-93),"Arts, entertainment and recreation",199,213,198,208,223,244,244,269,267,242,242,210,191,201,190,167,155,161,151,151,160,169,120,128,173
TLI51,Bexley and Greenwich,S (94-96),Other service activities,242,226,227,211,214,200,195,191,197,192,195,205,195,193,184,180,171,165,180,171,182,183,174,157,173
TLI51,Bexley and Greenwich,T (97-98),Activities of households,23,25,23,19,13,11,13,14,14,14,16,14,25,27,24,24,31,36,44,46,49,49,41,28,21
TLI52,Barking & Dagenham and Havering,AB (1-9),"Agriculture, forestry and fishing; mining and quarrying",3,3,3,3,3,3,2,3,3,3,3,2,2,3,5,5,3,2,2,1,1,3,4,3,5
TLI52,Barking & Dagenham and Havering,C (10-33),Manufacturing,1436,1366,1223,1200,1031,955,1030,946,1167,1236,1373,1216,1326,1474,1469,1638,1685,1414,1070,1006,973,918,663,786,804
TLI52,Barking & Dagenham and Havering,DE (35-39),"Electricity, gas, water; sewerage and waste management",284,341,368,490,478,495,406,383,435,395,373,389,337,276,311,301,255,251,243,234,230,221,214,211,204
TLI52,Barking & Dagenham and Havering,F (41-43),Construction,1020,1067,1034,1058,1055,1043,996,956,993,1009,964,783,960,995,1005,1058,1088,1153,1178,1169,1112,1104,948,1154,1327
TLI52,Barking & Dagenham and Havering,G (45-47),Wholesale and retail trade; repair of motor vehicles,1184,1166,1253,1154,1103,1092,1098,1165,1240,1229,1151,956,1081,1075,1117,1092,1127,1062,1037,1097,1011,998,739,939,890
TLI52,Barking & Dagenham and Havering,H (49-53),Transportation and storage,604,612,620,581,542,560,535,531,534,527,582,514,569,593,610,717,808,703,703,718,723,735,592,640,770
TLI52,Barking & Dagenham and Havering,I (55-56),Accommodation and food service activities,298,293,274,293,296,306,306,300,276,277,289,228,240,246,229,247,248,240,257,257,264,299,141,182,203
TLI52,Barking & Dagenham and Havering,J (58-63),Information and communication,19,23,34,38,46,52,56,60,72,86,84,91,101,117,122,122,141,172,200,229,278,303,261,209,220
TLI52,Barking & Dagenham and Havering,K (64-66),Financial and insurance activities,684,682,652,594,607,587,528,618,514,681,574,566,509,398,404,280,279,264,206,232,201,172,133,146,164
TLI52,Barking & Dagenham and Havering,L (68),"Real estate activities, excluding imputed rental",140,145,153,167,181,195,206,213,214,224,229,218,244,231,246,199,216,210,257,251,309,284,299,295,318
TLI52,Barking & Dagenham and Havering,M (69-75),"Professional, scientific and technical activities",191,200,213,215,216,234,239,246,267,275,253,245,252,241,226,230,234,247,273,262,269,272,268,308,284
TLI52,Barking & Dagenham and Havering,N (77-82),Administrative and support service activities,406,406,419,444,433,410,423,424,432,459,436,415,431,446,420,538,588,596,558,557,656,781,648,774,822
TLI52,Barking & Dagenham and Havering,O (84),Public administration and defence,219,232,220,206,209,223,258,265,281,249,247,248,263,290,353,390,388,370,390,349,328,334,301,302,296
TLI52,Barking & Dagenham and Havering,P (85),Education,589,593,605,605,586,593,591,577,554,537,504,485,478,514,592,559,541,561,526,555,589,603,441,502,579
TLI52,Barking & Dagenham and Havering,Q (86-88),Human health and social work activities,551,568,592,634,644,643,673,701,755,722,719,696,706,645,698,671,678,712,766,816,736,695,492,720,867
TLI52,Barking & Dagenham and Havering,R (90-93),"Arts, entertainment and recreation",150,155,131,139,142,163,162,176,172,164,166,142,122,126,120,100,94,91,88,95,94,92,78,95,107
TLI52,Barking & Dagenham and Havering,S (94-96),Other service activities,195,178,177,163,165,153,152,150,156,149,151,157,147,148,149,147,140,128,133,122,130,145,153,118,119
TLI52,Barking & Dagenham and Havering,T (97-98),Activities of households,21,23,21,17,12,10,11,12,12,12,14,12,22,24,21,21,27,32,39,41,44,44,37,25,19
TLI53,Redbridge and Waltham Forest,AB (1-9),"Agriculture, forestry and fishing; mining and quarrying",1,1,1,1,1,1,1,1,1,1,1,1,1,1,1,1,1,2,1,1,1,1,1,1,1
TLI53,Redbridge and Waltham Forest,C (10-33),Manufacturing,318,358,360,355,350,341,345,355,364,353,340,325,294,283,299,301,292,266,257,264,270,288,270,274,265
TLI53,Redbridge and Waltham Forest,DE (35-39),"Electricity, gas, water; sewerage and waste management",33,31,35,38,28,30,25,31,28,27,21,21,19,19,22,20,18,25,28,55,71,73,65,51,55
TLI53,Redbridge and Waltham Forest,F (41-43),Construction,693,719,698,706,690,671,644,625,650,666,638,538,644,673,697,693,711,757,847,919,820,736,600,760,797
TLI53,Redbridge and Waltham Forest,G (45-47),Wholesale and retail trade; repair of motor vehicles,1122,1102,1173,1084,1058,1041,1054,1111,1179,1174,1097,914,996,996,1071,1044,1024,975,932,945,841,850,670,840,835
TLI53,Redbridge and Waltham Forest,H (49-53),Transportation and storage,529,543,553,506,464,476,489,511,503,494,553,465,542,564,569,615,664,548,538,483,468,530,182,237,278
TLI53,Redbridge and Waltham Forest,I (55-56),Accommodation and food service activities,267,264,247,264,266,276,276,271,252,252,260,207,218,224,190,206,205,202,222,232,210,242,169,233,361
TLI53,Redbridge and Waltham Forest,J (58-63),Information and communication,31,38,54,61,74,84,90,97,114,137,134,144,156,180,201,217,256,301,346,380,446,494,409,360,501
TLI53,Redbridge and Waltham Forest,K (64-66),Financial and insurance activities,514,495,412,382,464,453,457,450,555,557,431,406,335,253,248,215,161,169,182,170,146,139,108,96,86
TLI53,Redbridge and Waltham Forest,L (68),"Real estate activities, excluding imputed rental",180,185,203,225,242,256,282,286,283,312,296,286,308,294,296,288,291,299,312,353,418,408,350,362,424
TLI53,Redbridge and Waltham Forest,M (69-75),"Professional, scientific and technical activities",401,423,460,465,472,508,521,543,592,601,534,497,508,494,483,485,511,559,564,541,506,483,389,376,384
TLI53,Redbridge and Waltham Forest,N (77-82),Administrative and support service activities,355,348,345,355,334,317,326,324,334,360,352,331,346,373,373,497,537,539,474,447,455,469,359,481,502
TLI53,Redbridge and Waltham Forest,O (84),Public administration and defence,361,381,361,339,343,366,423,435,462,409,406,408,391,416,453,475,486,441,481,515,566,563,490,456,443
TLI53,Redbridge and Waltham Forest,P (85),Education,783,787,804,804,779,787,785,767,736,714,670,644,634,683,735,688,679,694,645,650,686,744,546,628,719
TLI53,Redbridge and Waltham Forest,Q (86-88),Human health and social work activities,626,644,674,719,726,736,766,794,857,816,813,792,776,788,885,812,791,806,830,893,791,794,511,722,900
TLI53,Redbridge and Waltham Forest,R (90-93),"Arts, entertainment and recreation",138,146,134,137,146,156,151,167,165,157,157,135,122,130,129,124,135,134,127,135,138,147,106,139,162
TLI53,Redbridge and Waltham Forest,S (94-96),Other service activities,251,232,232,215,219,204,200,197,203,196,200,209,197,197,202,206,192,193,209,193,200,183,146,122,164
TLI53,Redbridge and Waltham Forest,T (97-98),Activities of households,25,27,25,20,14,11,14,15,15,15,17,16,28,30,27,26,35,40,49,51,54,54,45,30,23
TLI54,Enfield,AB (1-9),"Agriculture, forestry and fishing; mining and quarrying",9,7,9,9,8,14,17,14,19,12,12,8,8,5,4,6,5,5,5,4,3,4,4,3,3
TLI54,Enfield,C (10-33),Manufacturing,340,388,393,408,390,402,419,407,420,413,386,322,316,288,330,334,339,366,383,401,474,478,509,427,465
TLI54,Enfield,DE (35-39),"Electricity, gas, water; sewerage and waste management",138,130,173,194,188,203,187,213,198,210,215,239,225,216,223,214,198,215,218,199,225,241,215,172,177
TLI54,Enfield,F (41-43),Construction,990,1054,1015,1059,1089,1078,1031,958,973,978,949,732,934,983,939,948,972,954,948,862,1024,1048,958,1030,871
TLI54,Enfield,G (45-47),Wholesale and retail trade; repair of motor vehicles,871,857,918,846,814,805,813,862,918,910,852,709,793,791,830,845,904,874,866,901,829,808,624,802,764
TLI54,Enfield,H (49-53),Transportation and storage,338,345,347,324,302,315,298,301,301,297,326,283,315,333,326,360,393,346,343,341,367,417,319,354,417
TLI54,Enfield,I (55-56),Accommodation and food service activities,184,183,172,183,184,192,191,189,177,176,180,145,152,157,144,149,160,160,166,165,161,170,84,128,130
TLI54,Enfield,J (58-63),Information and communication,45,52,69,73,83,93,98,106,123,147,143,146,154,172,171,168,165,211,252,264,299,358,288,266,376
TLI54,Enfield,K (64-66),Financial and insurance activities,320,310,266,253,300,297,292,277,337,357,300,292,255,198,201,234,234,222,275,259,218,177,128,87,84
TLI54,Enfield,L (68),"Real estate activities, excluding imputed rental",253,264,273,296,320,351,363,377,381,391,415,391,445,421,376,377,432,489,457,493,595,616,612,627,592
TLI54,Enfield,M (69-75),"Professional, scientific and technical activities",204,213,232,235,236,258,263,271,296,302,276,273,290,282,289,279,280,312,322,304,280,306,243,254,240
TLI54,Enfield,N (77-82),Administrative and support service activities,413,420,433,445,426,423,461,460,477,508,507,492,515,537,500,476,450,456,365,340,341,343,269,319,324
TLI54,Enfield,O (84),Public administration and defence,206,217,206,193,195,209,241,248,263,233,232,232,231,225,251,257,267,247,260,263,251,233,228,225,201
TLI54,Enfield,P (85),Education,456,458,468,468,454,458,457,446,429,416,390,375,369,398,411,385,375,391,358,355,372,389,297,334,381
TLI54,Enfield,Q (86-88),Human health and social work activities,504,522,545,585,592,594,620,645,695,661,653,638,622,617,656,666,667,690,740,784,756,769,488,593,726
TLI54,Enfield,R (90-93),"Arts, entertainment and recreation",113,119,112,112,120,123,116,129,127,125,125,107,98,107,98,153,143,145,130,144,140,154,115,140,174
TLI54,Enfield,S (94-96),Other service activities,156,142,140,129,131,121,121,119,124,118,120,124,116,117,110,123,120,125,137,135,133,115,108,112,124
TLI54,Enfield,T (97-98),Activities of households,15,16,15,12,8,7,8,9,9,9,10,9,16,18,16,15,20,23,28,29,31,31,26,17,13
TLI61,Bromley,AB (1-9),"Agriculture, forestry and fishing; mining and quarrying",3,4,4,5,4,3,3,3,3,3,2,2,3,4,3,4,7,6,5,5,5,5,6,4,4
TLI61,Bromley,C (10-33),Manufacturing,177,184,186,186,186,183,181,181,195,194,177,158,152,132,137,136,140,134,134,140,148,147,154,155,146
TLI61,Bromley,DE (35-39),"Electricity, gas, water; sewerage and waste management",138,185,189,291,301,303,242,186,197,164,113,103,84,72,72,83,80,90,103,124,127,145,206,100,77
TLI61,Bromley,F (41-43),Construction,900,940,915,925,909,894,853,816,843,865,832,673,772,828,877,817,785,782,798,838,856,847,691,594,563
TLI61,Bromley,G (45-47),Wholesale and retail trade; repair of motor vehicles,925,926,971,901,885,858,858,886,921,932,857,719,772,738,722,726,737,705,720,707,638,651,539,432,458
TLI61,Bromley,H (49-53),Transportation and storage,292,297,303,281,260,271,264,271,274,274,274,234,260,270,260,245,248,202,207,220,195,181,95,108,151
TLI61,Bromley,I (55-56),Accommodation and food service activities,221,219,204,220,222,232,233,226,206,207,216,184,193,192,186,194,173,174,191,206,192,221,122,261,366
TLI61,Bromley,J (58-63),Information and communication,74,86,114,121,138,154,160,176,197,233,229,214,207,218,239,226,229,220,238,254,235,270,261,267,267
TLI61,Bromley,K (64-66),Financial and insurance activities,1036,988,768,676,820,802,823,835,1045,1049,859,775,614,485,468,512,459,456,478,635,585,452,435,395,472
TLI61,Bromley,L (68),"Real estate activities, excluding imputed rental",528,567,575,606,637,679,685,715,715,732,750,723,847,813,905,955,875,844,880,833,770,637,612,617,486
TLI61,Bromley,M (69-75),"Professional, scientific and technical activities",332,348,370,372,373,402,416,419,448,448,412,381,393,388,372,381,391,377,402,461,513,490,342,374,422
TLI61,Bromley,N (77-82),Administrative and support service activities,616,619,615,632,595,583,632,628,639,678,693,633,665,691,717,736,734,698,571,513,453,441,333,327,336
TLI61,Bromley,O (84),Public administration and defence,177,186,176,165,167,180,206,209,224,198,187,181,168,179,198,209,220,197,194,209,208,182,168,167,182
TLI61,Bromley,P (85),Education,404,413,436,446,436,436,434,426,405,404,413,450,437,471,498,439,452,438,436,431,454,533,385,431,410
TLI61,Bromley,Q (86-88),Human health and social work activities,517,524,554,586,589,602,629,651,703,668,688,640,600,625,605,604,569,595,697,730,753,677,415,558,595
TLI61,Bromley,R (90-93),"Arts, entertainment and recreation",204,215,204,221,238,278,281,307,307,253,266,243,245,263,240,234,216,208,220,249,260,279,182,261,297
TLI61,Bromley,S (94-96),Other service activities,160,149,147,138,146,134,128,126,127,121,124,129,122,117,121,132,120,113,119,113,114,110,97,87,94
TLI61,Bromley,T (97-98),Activities of households,21,22,21,17,12,10,11,12,13,12,14,13,21,23,19,17,22,25,34,36,39,37,32,33,30
TLI62,Croydon,AB (1-9),"Agriculture, forestry and fishing; mining and quarrying",8,6,7,7,7,13,15,14,18,16,15,10,10,7,10,12,8,8,7,4,2,3,2,1,1
TLI62,Croydon,C (10-33),Manufacturing,217,227,231,243,239,228,233,235,263,251,225,199,184,163,144,138,125,114,113,116,118,118,117,126,119
TLI62,Croydon,DE (35-39),"Electricity, gas, water; sewerage and waste management",119,130,162,210,186,207,195,195,180,176,164,168,177,151,133,173,179,175,104,129,155,182,164,77,76
TLI62,Croydon,F (41-43),Construction,581,610,593,603,599,594,566,538,556,568,546,437,505,547,539,633,704,691,674,726,653,626,563,609,719
TLI62,Croydon,G (45-47),Wholesale and retail trade; repair of motor vehicles,1058,1045,1116,1033,998,981,985,1032,1084,1093,1016,871,940,921,898,902,1016,952,893,893,825,860,697,626,608
TLI62,Croydon,H (49-53),Transportation and storage,338,342,351,330,308,320,327,330,347,344,342,299,334,339,331,322,351,320,338,347,334,368,194,228,367
TLI62,Croydon,I (55-56),Accommodation and food service activities,244,245,231,245,246,260,259,255,237,239,247,212,221,220,202,206,192,179,198,218,217,245,138,279,362
TLI62,Croydon,J (58-63),Information and communication,60,72,99,109,128,142,149,161,183,218,213,205,208,223,222,216,248,261,316,462,530,505,364,348,332
TLI62,Croydon,K (64-66),Financial and insurance activities,1781,1815,1896,1748,1695,1640,1393,1620,1117,1701,1681,1679,1546,1290,1287,1172,1364,1297,1391,1212,1139,1250,1243,1458,1197
TLI62,Croydon,L (68),"Real estate activities, excluding imputed rental",305,327,335,355,373,396,405,420,419,435,437,423,488,469,494,489,543,498,480,483,904,1266,1398,1363,1483
TLI62,Croydon,M (69-75),"Professional, scientific and technical activities",513,525,565,570,568,633,651,642,691,690,660,603,624,589,602,623,683,696,669,636,641,660,568,606,646
TLI62,Croydon,N (77-82),Administrative and support service activities,269,269,271,279,262,252,264,268,271,288,290,267,275,284,289,298,314,349,302,301,318,341,301,280,271
TLI62,Croydon,O (84),Public administration and defence,673,706,670,628,636,685,781,794,852,752,712,688,643,625,605,511,607,582,616,674,758,755,743,737,798
TLI62,Croydon,P (85),Education,483,494,521,533,521,521,518,510,484,483,494,538,523,564,594,511,537,509,495,511,554,568,412,479,455
TLI62,Croydon,Q (86-88),Human health and social work activities,501,508,536,567,572,582,609,631,680,648,670,621,576,585,632,641,600,623,649,673,679,654,478,610,694
TLI62,Croydon,R (90-93),"Arts, entertainment and recreation",103,106,90,92,95,100,96,105,103,110,108,88,78,76,60,70,71,65,58,67,65,76,72,87,96
TLI62,Croydon,S (94-96),Other service activities,389,355,360,322,309,285,283,277,296,282,270,280,249,260,275,261,234,212,189,182,166,138,106,99,124
TLI62,Croydon,T (97-98),Activities of households,24,25,23,19,13,11,13,14,14,14,16,15,25,27,23,21,26,30,40,43,46,44,38,39,36
TLI63,"Merton, Kingston upon Thames and Sutton",AB (1-9),"Agriculture, forestry and fishing; mining and quarrying",2,3,3,4,4,3,3,3,4,4,3,2,4,7,12,9,6,7,6,6,4,4,5,3,4
TLI63,"Merton, Kingston upon Thames and Sutton",C (10-33),Manufacturing,579,630,619,616,575,551,531,531,575,535,461,373,358,330,346,347,337,333,311,318,323,339,339,396,388
TLI63,"Merton, Kingston upon Thames and Sutton",DE (35-39),"Electricity, gas, water; sewerage and waste management",174,196,228,297,247,270,247,247,231,220,190,202,205,179,187,169,150,126,203,174,140,129,121,76,76
TLI63,"Merton, Kingston upon Thames and Sutton",F (41-43),Construction,1467,1517,1480,1468,1402,1335,1283,1246,1283,1331,1292,1081,1205,1261,1330,1223,1290,1194,1175,1353,1262,1291,1039,1063,1019
TLI63,"Merton, Kingston upon Thames and Sutton",G (45-47),Wholesale and retail trade; repair of motor vehicles,1708,1659,1797,1662,1605,1597,1629,1733,1843,1851,1738,1547,1653,1654,1682,1624,1770,1582,1456,1540,1449,1442,1142,1017,1035
TLI63,"Merton, Kingston upon Thames and Sutton",H (49-53),Transportation and storage,907,926,947,871,804,842,816,841,842,844,844,715,790,829,851,856,890,757,781,763,751,784,468,470,570
TLI63,"Merton, Kingston upon Thames and Sutton",I (55-56),Accommodation and food service activities,458,459,430,460,463,486,486,475,439,441,459,392,410,408,364,396,364,363,395,430,438,481,249,561,653
TLI63,"Merton, Kingston upon Thames and Sutton",J (58-63),Information and communication,298,345,429,448,507,560,585,622,680,794,767,741,718,743,798,850,909,865,935,871,831,951,920,871,1052
TLI63,"Merton, Kingston upon Thames and Sutton",K (64-66),Financial and insurance activities,260,250,202,176,205,198,198,213,241,257,209,191,153,121,126,132,137,176,175,99,91,128,183,158,156
TLI63,"Merton, Kingston upon Thames and Sutton",L (68),"Real estate activities, excluding imputed rental",468,498,517,553,581,611,637,657,651,689,673,657,745,717,706,775,846,989,1117,1081,962,785,636,664,549
TLI63,"Merton, Kingston upon Thames and Sutton",M (69-75),"Professional, scientific and technical activities",839,869,942,953,949,1050,1073,1082,1150,1148,1099,1007,1038,987,998,1097,1174,1194,1278,1204,1164,1172,1079,1122,1134
TLI63,"Merton, Kingston upon Thames and Sutton",N (77-82),Administrative and support service activities,1050,1058,1082,1123,1063,1045,1127,1130,1148,1225,1249,1153,1187,1163,1133,1163,1232,1234,1463,1476,1518,1535,1346,1138,1216
TLI63,"Merton, Kingston upon Thames and Sutton",O (84),Public administration and defence,448,470,446,418,423,456,520,528,567,501,474,458,419,462,504,487,513,501,517,524,476,448,414,444,473
TLI63,"Merton, Kingston upon Thames and Sutton",P (85),Education,1030,1053,1110,1135,1111,1110,1105,1086,1031,1029,1053,1147,1114,1201,1141,1027,1033,1022,1036,1020,1029,1121,801,930,888
TLI63,"Merton, Kingston upon Thames and Sutton",Q (86-88),Human health and social work activities,1008,1028,1084,1156,1170,1177,1234,1286,1384,1321,1357,1257,1162,1172,1218,1270,1291,1320,1371,1332,1308,1336,855,1144,1267
TLI63,"Merton, Kingston upon Thames and Sutton",R (90-93),"Arts, entertainment and recreation",272,287,278,283,309,320,308,343,341,319,322,285,286,293,278,289,297,294,273,282,299,353,188,220,230
TLI63,"Merton, Kingston upon Thames and Sutton",S (94-96),Other service activities,475,443,442,410,424,391,375,367,376,359,361,377,350,341,333,323,288,271,297,284,282,305,262,295,306
TLI63,"Merton, Kingston upon Thames and Sutton",T (97-98),Activities of households,36,39,36,29,21,17,20,22,22,22,25,23,38,40,35,31,40,45,61,65,70,66,58,59,54
TLI71,Barnet,AB (1-9),"Agriculture, forestry and fishing; mining and quarrying",2,2,2,3,2,2,2,3,3,2,2,3,2,2,2,3,3,2,1,1,1,2,2,1,1
TLI71,Barnet,C (10-33),Manufacturing,207,233,242,240,229,208,209,214,235,216,183,175,170,151,184,170,157,186,189,186,188,184,164,166,174
TLI71,Barnet,DE (35-39),"Electricity, gas, water; sewerage and waste management",62,77,80,110,110,115,90,82,97,89,87,95,85,62,55,66,66,47,40,37,35,38,86,53,52
TLI71,Barnet,F (41-43),Construction,884,936,913,932,937,922,885,832,855,869,851,716,833,896,863,767,722,728,814,934,1015,966,791,937,912
TLI71,Barnet,G (45-47),Wholesale and retail trade; repair of motor vehicles,1032,1021,1091,1009,991,979,994,1051,1127,1129,1052,885,916,890,944,936,1021,1007,967,950,898,928,777,693,694
TLI71,Barnet,H (49-53),Transportation and storage,150,157,173,156,139,153,150,158,157,162,180,170,180,195,213,240,238,208,203,206,190,215,173,192,185
TLI71,Barnet,I (55-56),Accommodation and food service activities,214,213,197,213,217,226,228,221,202,202,212,210,225,246,238,245,252,228,210,233,228,228,166,214,253
TLI71,Barnet,J (58-63),Information and communication,59,64,80,80,88,100,102,109,109,125,114,97,91,101,101,92,108,90,191,248,292,323,339,380,475
TLI71,Barnet,K (64-66),Financial and insurance activities,456,441,360,335,399,392,418,423,531,544,410,351,281,229,229,211,168,196,244,138,136,125,118,104,88
TLI71,Barnet,L (68),"Real estate activities, excluding imputed rental",433,460,477,501,529,551,568,579,579,614,603,593,665,649,775,831,846,824,852,801,904,967,1041,1185,1375
TLI71,Barnet,M (69-75),"Professional, scientific and technical activities",417,433,449,449,451,482,484,498,537,536,507,476,483,486,485,528,563,563,592,544,506,540,440,551,608
TLI71,Barnet,N (77-82),Administrative and support service activities,302,298,296,311,296,280,288,290,299,316,304,283,302,324,345,394,439,458,391,386,374,379,328,297,318
TLI71,Barnet,O (84),Public administration and defence,377,398,378,385,390,414,448,465,490,437,434,426,356,370,376,350,370,338,345,279,259,253,242,261,276
TLI71,Barnet,P (85),Education,559,582,631,669,649,643,640,623,601,592,609,627,630,685,735,697,720,735,685,705,706,722,582,624,661
TLI71,Barnet,Q (86-88),Human health and social work activities,454,467,496,531,538,544,569,594,638,608,603,587,572,585,646,725,754,757,830,818,800,766,527,666,727
TLI71,Barnet,R (90-93),"Arts, entertainment and recreation",107,113,116,114,124,124,120,132,135,127,127,121,121,129,115,130,159,155,145,137,137,154,116,129,145
TLI71,Barnet,S (94-96),Other service activities,174,161,163,150,149,137,134,132,138,133,134,139,131,134,128,118,110,96,99,114,133,127,67,75,80
TLI71,Barnet,T (97-98),Activities of households,25,27,25,20,14,12,14,15,15,15,17,15,27,30,27,26,33,39,48,50,53,54,39,30,32
TLI72,Brent,AB (1-9),"Agriculture, forestry and fishing; mining and quarrying",1,0,0,1,0,0,0,0,0,0,0,0,0,0,0,0,0,0,0,0,0,0,0,0,0
TLI72,Brent,C (10-33),Manufacturing,610,746,762,756,786,685,635,615,702,620,549,502,468,430,454,530,547,502,531,514,575,622,600,696,742
TLI72,Brent,DE (35-39),"Electricity, gas, water; sewerage and waste management",97,91,103,108,81,84,68,90,84,85,71,85,70,62,58,67,61,63,59,64,61,62,56,60,64
TLI72,Brent,F (41-43),Construction,877,912,894,887,853,809,782,757,780,806,794,690,766,799,848,820,930,999,1146,1171,1124,1140,971,1029,1067
TLI72,Brent,G (45-47),Wholesale and retail trade; repair of motor vehicles,1028,1004,1098,1010,964,978,1003,1091,1194,1167,1100,881,920,912,994,1051,1275,1243,1191,1148,993,1031,785,786,779
TLI72,Brent,H (49-53),Transportation and storage,372,381,423,373,343,375,375,391,403,429,453,419,455,493,538,564,590,563,527,519,497,510,359,357,330
TLI72,Brent,I (55-56),Accommodation and food service activities,213,213,199,213,216,227,228,222,205,206,215,209,224,243,210,229,229,243,231,272,247,252,171,219,243
TLI72,Brent,J (58-63),Information and communication,73,87,119,126,147,163,173,189,208,236,222,198,197,213,222,224,261,250,239,279,318,308,275,231,147
TLI72,Brent,K (64-66),Financial and insurance activities,371,359,292,272,324,319,340,345,433,443,332,284,227,184,182,159,129,144,133,98,79,224,205,176,155
TLI72,Brent,L (68),"Real estate activities, excluding imputed rental",454,488,491,509,537,566,562,579,586,597,622,609,707,694,733,783,852,928,959,840,780,864,873,872,787
TLI72,Brent,M (69-75),"Professional, scientific and technical activities",208,216,228,227,228,245,248,252,264,264,256,238,220,220,223,266,308,371,436,437,448,532,418,385,394
TLI72,Brent,N (77-82),Administrative and support service activities,290,288,288,299,281,260,258,266,274,295,288,281,292,292,275,327,390,446,427,382,349,374,349,352,440
TLI72,Brent,O (84),Public administration and defence,244,257,244,249,252,268,290,300,317,283,281,275,259,265,290,282,234,220,214,237,243,233,228,229,213
TLI72,Brent,P (85),Education,347,361,392,415,403,399,397,387,373,368,378,389,391,425,441,390,421,425,420,415,425,434,340,370,392
TLI72,Brent,Q (86-88),Human health and social work activities,433,448,474,510,518,518,544,571,612,583,575,562,545,524,596,639,640,655,742,805,791,719,438,611,710
TLI72,Brent,R (90-93),"Arts, entertainment and recreation",198,206,196,206,217,246,253,268,277,235,244,243,283,300,282,254,259,249,254,248,231,262,207,185,230
TLI72,Brent,S (94-96),Other service activities,114,108,108,101,106,98,93,92,93,90,92,95,90,93,90,83,77,67,71,86,103,118,87,98,132
TLI72,Brent,T (97-98),Activities of households,21,22,21,17,12,10,12,12,13,13,15,13,23,26,23,23,30,35,42,45,47,48,34,26,28
TLI73,Ealing,AB (1-9),"Agriculture, forestry and fishing; mining and quarrying",15,10,14,15,12,22,20,20,29,14,13,12,12,12,20,20,16,13,12,8,9,9,11,6,5
TLI73,Ealing,C (10-33),Manufacturing,685,750,776,831,848,838,828,807,859,870,833,734,675,630,738,773,776,708,806,816,1009,946,824,911,840
TLI73,Ealing,DE (35-39),"Electricity, gas, water; sewerage and waste management",62,70,72,91,80,84,65,66,73,67,61,69,60,46,40,41,47,59,61,60,60,65,97,68,65
TLI73,Ealing,F (41-43),Construction,669,698,684,685,667,648,622,601,624,641,623,523,597,624,616,610,709,731,773,832,852,732,723,758,781
TLI73,Ealing,G (45-47),Wholesale and retail trade; repair of motor vehicles,1271,1252,1348,1245,1213,1210,1235,1321,1427,1417,1326,1098,1135,1110,1164,1223,1400,1361,1262,1128,970,924,761,700,697
TLI73,Ealing,H (49-53),Transportation and storage,513,531,585,541,493,532,513,520,528,543,596,568,603,649,719,722,771,721,698,695,648,652,554,527,470
TLI73,Ealing,I (55-56),Accommodation and food service activities,283,282,262,282,287,300,303,294,269,270,283,278,297,324,306,316,272,242,246,278,268,241,146,197,227
TLI73,Ealing,J (58-63),Information and communication,136,152,189,188,203,219,228,243,255,287,256,226,220,231,231,269,314,287,336,311,359,446,478,445,400
TLI73,Ealing,K (64-66),Financial and insurance activities,480,464,378,352,420,412,439,446,559,573,430,367,294,239,237,208,167,187,189,109,92,119,148,96,41
TLI73,Ealing,L (68),"Real estate activities, excluding imputed rental",393,421,427,443,468,492,493,506,511,526,540,529,609,597,641,684,711,885,943,832,850,964,1156,999,827
TLI73,Ealing,M (69-75),"Professional, scientific and technical activities",403,417,455,457,462,511,524,519,577,559,507,483,509,542,584,633,626,658,557,522,436,408,327,386,379
TLI73,Ealing,N (77-82),Administrative and support service activities,409,409,413,431,408,384,389,401,414,443,431,417,435,434,425,509,524,563,790,747,685,646,464,521,522
TLI73,Ealing,O (84),Public administration and defence,212,224,213,217,219,233,252,262,276,246,244,240,219,272,294,259,272,297,314,322,347,341,301,277,278
TLI73,Ealing,P (85),Education,409,426,461,489,474,470,468,456,439,433,446,458,460,501,511,457,475,465,457,467,478,504,403,443,468
TLI73,Ealing,Q (86-88),Human health and social work activities,457,463,491,519,521,541,562,579,625,596,601,573,546,559,547,648,662,630,652,617,541,537,379,492,500
TLI73,Ealing,R (90-93),"Arts, entertainment and recreation",107,113,118,114,125,120,113,126,129,124,122,116,113,120,117,147,162,164,167,162,157,173,106,133,156
TLI73,Ealing,S (94-96),Other service activities,124,116,115,107,111,103,99,97,100,96,97,100,95,100,98,105,107,98,101,114,126,126,86,101,129
TLI73,Ealing,T (97-98),Activities of households,24,26,24,19,14,11,13,14,14,14,16,15,26,29,25,24,32,37,45,48,50,51,36,28,31
TLI74,Harrow and Hillingdon,AB (1-9),"Agriculture, forestry and fishing; mining and quarrying",6,5,6,7,6,7,5,6,9,5,3,3,3,6,9,9,9,9,8,7,8,8,9,5,5
TLI74,Harrow and Hillingdon,C (10-33),Manufacturing,773,860,852,886,904,841,856,835,900,842,747,902,892,904,894,961,867,842,837,905,978,992,1120,1054,1107
TLI74,Harrow and Hillingdon,DE (35-39),"Electricity, gas, water; sewerage and waste management",121,147,160,218,178,202,183,172,179,176,180,199,195,192,189,164,158,174,203,172,196,250,373,297,152
TLI74,Harrow and Hillingdon,F (41-43),Construction,1279,1346,1316,1334,1325,1302,1249,1188,1229,1253,1220,1019,1182,1254,1294,1323,1390,1479,1727,1861,1859,1737,1356,1456,1534
TLI74,Harrow and Hillingdon,G (45-47),Wholesale and retail trade; repair of motor vehicles,1873,1835,1995,1838,1768,1782,1826,1974,2150,2115,1987,1614,1676,1652,1748,1774,2072,2036,1976,1957,1682,1790,1381,1357,1316
TLI74,Harrow and Hillingdon,H (49-53),Transportation and storage,2093,2055,2350,1773,1738,1943,2180,2369,2651,3160,2733,2192,2727,3044,3086,3374,4010,3144,2665,2831,2910,3123,861,1025,1452
TLI74,Harrow and Hillingdon,I (55-56),Accommodation and food service activities,619,639,609,636,636,683,679,681,646,654,673,609,652,697,686,756,746,651,682,775,801,817,443,579,712
TLI74,Harrow and Hillingdon,J (58-63),Information and communication,725,783,927,884,901,948,980,1039,1072,1195,1003,869,833,861,846,709,832,783,766,789,846,852,767,756,625
TLI74,Harrow and Hillingdon,K (64-66),Financial and insurance activities,751,732,618,583,667,657,678,704,827,890,705,617,507,420,425,362,303,318,328,375,330,271,271,215,244
TLI74,Harrow and Hillingdon,L (68),"Real estate activities, excluding imputed rental",491,526,535,558,589,617,623,639,644,667,677,665,760,745,702,680,751,869,837,949,1281,1133,760,779,712
TLI74,Harrow and Hillingdon,M (69-75),"Professional, scientific and technical activities",1404,1459,1562,1559,1552,1705,1702,1738,1778,1781,1818,1702,1485,1542,1557,1609,1662,1583,1587,1564,1366,1299,829,977,995
TLI74,Harrow and Hillingdon,N (77-82),Administrative and support service activities,1071,1084,1117,1171,1106,1080,1151,1167,1213,1297,1289,1255,1309,1321,1274,1488,1670,1899,1752,1775,1853,1784,1258,1260,1361
TLI74,Harrow and Hillingdon,O (84),Public administration and defence,613,647,615,627,634,674,729,756,797,712,706,694,626,668,705,769,794,724,755,824,835,878,759,723,759
TLI74,Harrow and Hillingdon,P (85),Education,888,925,1003,1064,1031,1023,1017,991,955,941,968,996,1001,1089,1013,959,1003,948,949,980,938,1012,802,890,943
TLI74,Harrow and Hillingdon,Q (86-88),Human health and social work activities,712,730,772,826,839,843,884,924,993,946,939,906,881,922,948,1012,963,985,1052,1048,1029,985,670,857,936
TLI74,Harrow and Hillingdon,R (90-93),"Arts, entertainment and recreation",118,122,114,115,120,126,121,133,136,132,132,130,134,142,132,142,155,149,135,128,110,112,94,125,135
TLI74,Harrow and Hillingdon,S (94-96),Other service activities,475,441,440,409,420,388,374,369,381,364,370,382,362,377,367,348,363,386,447,433,478,432,314,327,309
TLI74,Harrow and Hillingdon,T (97-98),Activities of households,36,39,36,29,20,17,20,22,22,22,25,22,39,43,39,37,48,57,69,73,76,78,56,43,47
TLI75,Hounslow and Richmond upon Thames,AB (1-9),"Agriculture, forestry and fishing; mining and quarrying",5,5,5,7,6,7,5,6,9,5,4,4,3,6,9,5,6,6,6,6,5,5,4,3,6
TLI75,Hounslow and Richmond upon Thames,C (10-33),Manufacturing,358,398,423,449,437,394,409,416,479,446,406,546,502,491,514,532,561,555,487,499,563,553,344,426,428
TLI75,Hounslow and Richmond upon Thames,DE (35-39),"Electricity, gas, water; sewerage and waste management",360,330,449,500,549,583,563,594,538,553,647,653,641,579,457,401,361,326,286,268,234,254,297,254,326
TLI75,Hounslow and Richmond upon Thames,F (41-43),Construction,820,860,841,849,836,817,784,751,778,795,774,649,747,788,960,1272,1409,1533,1081,1001,1076,1107,929,987,1079
TLI75,Hounslow and Richmond upon Thames,G (45-47),Wholesale and retail trade; repair of motor vehicles,2330,2261,2499,2294,2166,2226,2301,2537,2804,2711,2568,2019,2097,2097,2195,2152,2405,2570,2419,2717,2594,2693,1806,1825,1654
TLI75,Hounslow and Richmond upon Thames,H (49-53),Transportation and storage,891,893,1002,891,843,902,882,868,918,979,1029,928,996,1090,1187,1149,1149,1146,2054,2481,2883,3270,813,1077,1609
TLI75,Hounslow and Richmond upon Thames,I (55-56),Accommodation and food service activities,511,511,476,511,519,544,548,533,490,492,515,503,537,585,541,580,602,559,554,631,607,594,342,460,650
TLI75,Hounslow and Richmond upon Thames,J (58-63),Information and communication,1362,1688,2136,2282,2503,2449,2462,2806,3673,4225,4832,4848,4855,4857,5059,5446,5891,5931,6398,5816,5651,5581,4192,3455,4060
TLI75,Hounslow and Richmond upon Thames,K (64-66),Financial and insurance activities,905,903,838,852,892,899,852,868,910,1108,1056,982,861,765,793,832,862,882,918,1027,1002,891,885,922,972
TLI75,Hounslow and Richmond upon Thames,L (68),"Real estate activities, excluding imputed rental",599,639,657,688,726,758,774,791,794,833,831,816,923,903,956,1060,960,963,1017,1082,972,988,1125,1045,1000
TLI75,Hounslow and Richmond upon Thames,M (69-75),"Professional, scientific and technical activities",1390,1446,1588,1587,1604,1767,1810,1794,1938,1891,1765,1660,1610,1697,1689,1754,1805,1898,1982,2088,2239,2048,1594,1869,1841
TLI75,Hounslow and Richmond upon Thames,N (77-82),Administrative and support service activities,717,715,725,771,736,700,722,731,751,798,774,740,782,818,840,1074,1216,1309,1196,1020,905,887,778,810,727
TLI75,Hounslow and Richmond upon Thames,O (84),Public administration and defence,450,474,451,460,465,494,535,555,584,522,518,509,438,419,474,424,436,394,463,469,485,535,505,436,455
TLI75,Hounslow and Richmond upon Thames,P (85),Education,694,723,784,831,806,799,794,774,746,735,757,779,782,851,929,905,910,894,808,843,835,903,701,739,783
TLI75,Hounslow and Richmond upon Thames,Q (86-88),Human health and social work activities,496,504,532,566,574,581,608,633,681,649,649,617,638,657,691,678,654,592,702,822,961,971,736,860,960
TLI75,Hounslow and Richmond upon Thames,R (90-93),"Arts, entertainment and recreation",383,407,415,421,457,478,482,524,542,483,488,464,484,513,521,559,620,637,664,678,664,716,484,564,626
TLI75,Hounslow and Richmond upon Thames,S (94-96),Other service activities,393,350,345,310,314,287,287,285,307,280,284,289,276,294,283,284,265,255,219,232,253,244,160,162,168
TLI75,Hounslow and Richmond upon Thames,T (97-98),Activities of households,31,33,31,25,17,14,17,19,19,19,21,19,33,37,33,32,42,49,59,63,66,67,48,37,40
TLJ11,Berkshire,AB (1-9),"Agriculture, forestry and fishing; mining and quarrying",34,40,47,53,63,61,54,56,62,51,54,54,50,55,73,86,94,111,89,78,78,89,70,61,67
TLJ11,Berkshire,C (10-33),Manufacturing,2088,2211,2323,2406,2491,2497,2533,2575,2767,2747,2633,2405,2373,2373,2594,2630,2674,2467,2611,2919,3051,2949,2866,2770,2569
TLJ11,Berkshire,DE (35-39),"Electricity, gas, water; sewerage and waste management",1426,1505,1559,1864,1777,2338,2144,2180,2057,1978,1932,2025,1941,1776,1878,1867,2268,2412,2393,2346,2511,2827,3238,2964,2832
TLJ11,Berkshire,F (41-43),Construction,2106,2333,2379,2468,2324,2216,2085,2122,2075,2181,2095,1784,1947,2136,2158,2193,2079,2119,2027,2062,2019,2047,2115,2039,2257
TLJ11,Berkshire,G (45-47),Wholesale and retail trade; repair of motor vehicles,4422,4672,5183,5056,5241,5298,4829,5117,5466,5609,5828,5057,5574,6014,6220,6139,6545,6108,5689,5284,5395,5561,4772,5727,5749
TLJ11,Berkshire,H (49-53),Transportation and storage,1116,1243,1219,1269,1184,1268,1202,1290,1442,1349,1364,1284,1338,1437,1564,1532,1411,1316,1348,1346,1315,1322,1266,1333,1427
TLJ11,Berkshire,I (55-56),Accommodation and food service activities,836,871,903,821,831,852,926,876,883,847,818,793,794,864,824,913,811,850,908,917,1008,1007,569,693,872
TLJ11,Berkshire,J (58-63),Information and communication,503,696,1025,1093,1255,1526,1818,2113,2368,2607,2730,3156,3440,4134,4585,4807,5557,6467,7341,7677,8842,10191,12801,14140,15033
TLJ11,Berkshire,K (64-66),Financial and insurance activities,1177,1173,1150,1191,1159,1245,1410,1471,1564,2004,1964,2043,1879,1720,1633,1359,1160,1214,1251,1470,1505,1247,1535,1737,1816
TLJ11,Berkshire,L (68),"Real estate activities, excluding imputed rental",908,921,963,967,1079,1097,1050,1039,1038,999,1004,981,1050,1131,1189,1164,1170,1172,1302,1360,1269,1365,1513,1437,1212
TLJ11,Berkshire,M (69-75),"Professional, scientific and technical activities",3722,3817,3781,3557,3666,4282,4462,4500,4438,4250,4051,3674,3969,3957,4116,4315,4482,4672,4390,4490,5083,4874,4722,5030,5627
TLJ11,Berkshire,N (77-82),Administrative and support service activities,1854,1795,1755,1791,1829,1884,1824,1827,1795,1867,1998,2057,1992,2009,1994,2194,2289,2493,2492,2681,2690,2827,2437,2760,2922
TLJ11,Berkshire,O (84),Public administration and defence,1297,1058,1109,1143,1215,1145,1102,1130,1129,1225,1372,1320,1393,1365,1297,1236,1276,1299,1221,1217,1232,1250,1212,1154,1256
TLJ11,Berkshire,P (85),Education,1589,1678,1699,1732,1670,1676,1692,1568,1532,1541,1513,1491,1515,1572,1686,1701,1652,1620,1609,1664,1729,1931,1618,1887,2083
TLJ11,Berkshire,Q (86-88),Human health and social work activities,1223,1278,1361,1521,1524,1539,1525,1610,1576,1608,1643,1659,1801,1762,1749,1790,1749,1893,2008,2057,2137,2194,1534,1988,2278
TLJ11,Berkshire,R (90-93),"Arts, entertainment and recreation",404,409,400,431,497,558,563,588,552,505,504,448,427,485,422,431,446,435,375,432,431,387,231,313,342
TLJ11,Berkshire,S (94-96),Other service activities,745,701,753,723,742,662,677,611,629,667,731,740,738,731,709,678,744,734,647,641,755,795,695,686,680
TLJ11,Berkshire,T (97-98),Activities of households,73,75,84,70,60,53,50,68,63,47,60,47,54,53,53,66,57,52,65,67,90,93,69,61,50
TLJ12,Milton Keynes,AB (1-9),"Agriculture, forestry and fishing; mining and quarrying",4,5,5,4,7,6,5,5,6,5,7,6,5,7,6,5,7,6,6,6,6,6,5,6,7
TLJ12,Milton Keynes,C (10-33),Manufacturing,754,742,793,795,850,869,803,823,817,777,761,732,714,725,742,840,929,934,1036,1100,1183,1228,1252,1183,1142
TLJ12,Milton Keynes,DE (35-39),"Electricity, gas, water; sewerage and waste management",38,32,36,36,36,47,43,51,45,46,48,51,47,46,47,48,62,110,135,164,165,142,252,218,201
TLJ12,Milton Keynes,F (41-43),Construction,373,418,433,451,437,425,399,417,405,422,382,305,343,378,350,400,383,448,454,436,435,480,538,512,614
TLJ12,Milton Keynes,G (45-47),Wholesale and retail trade; repair of motor vehicles,2338,2369,2781,2931,3122,3098,2727,2728,2926,3009,3170,2642,2992,3091,3386,3298,3489,3766,3340,3535,3438,3288,2171,2214,2102
TLJ12,Milton Keynes,H (49-53),Transportation and storage,372,411,397,424,396,426,399,435,496,468,474,451,478,513,582,670,695,672,708,736,854,860,863,798,770
TLJ12,Milton Keynes,I (55-56),Accommodation and food service activities,213,218,227,207,209,213,234,223,224,213,205,201,198,212,224,234,208,235,248,257,257,271,165,215,245
TLJ12,Milton Keynes,J (58-63),Information and communication,204,235,279,297,335,412,409,458,479,531,509,530,560,617,625,703,778,846,762,744,812,784,784,836,785
TLJ12,Milton Keynes,K (64-66),Financial and insurance activities,665,669,590,621,722,776,1107,1158,1409,1578,1392,1223,1076,1058,1137,1109,1514,1788,1625,1791,1624,1458,1356,1507,1335
TLJ12,Milton Keynes,L (68),"Real estate activities, excluding imputed rental",184,187,206,211,231,233,232,234,231,235,220,214,227,241,213,223,251,267,266,252,248,206,256,283,322
TLJ12,Milton Keynes,M (69-75),"Professional, scientific and technical activities",535,599,677,627,598,759,750,800,814,771,764,740,785,764,599,635,669,650,739,853,882,908,1038,1134,1208
TLJ12,Milton Keynes,N (77-82),Administrative and support service activities,435,442,443,445,439,458,444,445,443,457,495,503,494,516,516,631,718,823,846,851,847,820,801,889,800
TLJ12,Milton Keynes,O (84),Public administration and defence,321,262,275,283,301,284,273,280,280,303,340,327,343,387,369,383,419,448,443,457,477,518,506,432,464
TLJ12,Milton Keynes,P (85),Education,552,583,591,602,580,582,588,545,532,536,526,518,526,546,570,568,560,717,671,709,738,798,717,885,980
TLJ12,Milton Keynes,Q (86-88),Human health and social work activities,324,347,367,408,412,414,409,432,417,432,448,460,514,489,468,494,494,522,522,556,585,591,376,579,628
TLJ12,Milton Keynes,R (90-93),"Arts, entertainment and recreation",195,185,184,201,239,266,272,274,259,233,234,207,194,221,256,245,305,257,230,267,291,350,281,408,434
TLJ12,Milton Keynes,S (94-96),Other service activities,236,206,222,219,243,237,262,242,239,254,201,214,212,193,241,306,345,388,429,460,394,362,332,404,448
TLJ12,Milton Keynes,T (97-98),Activities of households,19,20,22,19,16,14,14,19,17,13,17,13,16,15,15,19,17,15,19,20,27,28,21,18,15
TLJ13,Buckinghamshire CC,AB (1-9),"Agriculture, forestry and fishing; mining and quarrying",40,48,44,42,62,56,46,55,65,54,53,50,47,65,85,79,89,58,53,48,49,51,46,44,54
TLJ13,Buckinghamshire CC,C (10-33),Manufacturing,1066,1098,1198,1272,1402,1393,1352,1406,1459,1453,1526,1384,1280,1308,1280,1276,1248,1268,1204,1256,1377,1509,1563,1464,1377
TLJ13,Buckinghamshire CC,DE (35-39),"Electricity, gas, water; sewerage and waste management",249,206,218,197,192,193,176,195,156,145,139,152,132,128,115,103,123,140,133,130,128,124,182,214,217
TLJ13,Buckinghamshire CC,F (41-43),Construction,1195,1338,1387,1441,1387,1340,1262,1311,1266,1314,1195,988,1099,1212,1117,1324,1279,1399,1330,1324,1346,1465,1669,1527,1619
TLJ13,Buckinghamshire CC,G (45-47),Wholesale and retail trade; repair of motor vehicles,1767,1867,2065,2011,2071,2087,1913,2026,2158,2214,2292,1994,2185,2348,2479,2155,2324,2287,2318,2261,2159,2357,2041,2492,2434
TLJ13,Buckinghamshire CC,H (49-53),Transportation and storage,484,547,551,554,517,545,519,548,601,549,537,503,504,538,560,548,514,432,392,355,335,327,252,253,315
TLJ13,Buckinghamshire CC,I (55-56),Accommodation and food service activities,396,413,428,389,394,404,439,415,419,402,388,376,376,409,401,408,353,358,381,386,405,431,274,386,503
TLJ13,Buckinghamshire CC,J (58-63),Information and communication,323,353,404,415,450,537,562,626,667,720,710,731,761,823,863,944,1096,1061,1172,1057,1074,1060,1067,1198,1200
TLJ13,Buckinghamshire CC,K (64-66),Financial and insurance activities,907,950,1015,901,617,584,588,709,519,899,1021,975,891,776,747,846,754,530,596,548,527,715,601,568,585
TLJ13,Buckinghamshire CC,L (68),"Real estate activities, excluding imputed rental",553,561,570,567,638,652,611,597,600,559,587,574,618,670,621,653,707,714,662,758,729,739,642,623,723
TLJ13,Buckinghamshire CC,M (69-75),"Professional, scientific and technical activities",777,838,910,906,937,1113,1151,1182,1215,1133,1054,984,1036,1032,998,967,1038,1062,991,960,906,878,950,1010,796
TLJ13,Buckinghamshire CC,N (77-82),Administrative and support service activities,560,577,574,576,570,583,564,565,568,589,645,651,636,662,767,789,795,790,736,761,821,828,698,885,901
TLJ13,Buckinghamshire CC,O (84),Public administration and defence,698,569,597,615,654,616,593,608,607,659,738,710,744,742,748,695,722,752,746,767,812,864,831,781,868
TLJ13,Buckinghamshire CC,P (85),Education,818,864,875,891,860,863,871,807,788,793,779,768,780,809,834,843,836,846,815,791,794,860,746,851,940
TLJ13,Buckinghamshire CC,Q (86-88),Human health and social work activities,646,682,727,805,806,809,795,847,818,842,871,887,968,901,856,904,906,933,919,935,956,970,613,851,970
TLJ13,Buckinghamshire CC,R (90-93),"Arts, entertainment and recreation",185,176,179,190,221,236,244,247,237,228,223,198,189,214,221,262,249,255,237,264,266,259,219,241,283
TLJ13,Buckinghamshire CC,S (94-96),Other service activities,337,299,320,315,337,321,331,303,301,330,318,330,329,292,287,268,254,274,303,313,384,401,347,337,361
TLJ13,Buckinghamshire CC,T (97-98),Activities of households,43,45,50,42,36,32,30,41,37,28,35,28,32,31,31,39,33,30,38,39,52,54,40,36,30
TLJ14,Oxfordshire CC,AB (1-9),"Agriculture, forestry and fishing; mining and quarrying",148,181,187,171,256,234,194,215,240,211,255,226,207,270,223,202,287,243,209,212,196,245,187,205,205
TLJ14,Oxfordshire CC,C (10-33),Manufacturing,1574,1604,1721,1814,2053,2114,2117,2189,2284,2325,2452,2184,2092,2159,2207,2291,2414,2437,2213,2298,2391,2553,2646,2793,2809
TLJ14,Oxfordshire CC,DE (35-39),"Electricity, gas, water; sewerage and waste management",688,805,781,889,821,1044,932,923,842,793,700,754,694,673,696,661,521,581,524,478,503,538,871,824,923
TLJ14,Oxfordshire CC,F (41-43),Construction,1075,1199,1237,1288,1240,1201,1127,1170,1142,1194,1100,887,991,1089,1173,1317,1349,1333,1271,1227,1235,1289,1420,1215,1189
TLJ14,Oxfordshire CC,G (45-47),Wholesale and retail trade; repair of motor vehicles,1677,1773,1944,1887,1915,1913,1779,1880,1991,2039,2093,1832,1980,2106,2230,2196,2195,2056,2016,2020,2083,2232,2055,2351,2427
TLJ14,Oxfordshire CC,H (49-53),Transportation and storage,477,541,533,539,497,524,503,528,586,547,539,495,509,543,567,589,638,618,590,565,535,524,486,455,495
TLJ14,Oxfordshire CC,I (55-56),Accommodation and food service activities,620,637,662,604,611,624,682,649,654,621,599,587,581,623,613,663,620,644,653,699,733,724,414,591,708
TLJ14,Oxfordshire CC,J (58-63),Information and communication,550,613,669,714,755,871,969,1030,1058,1168,1183,1336,1540,1597,1597,1872,1853,1627,1487,1404,1435,1503,1510,1550,1535
TLJ14,Oxfordshire CC,K (64-66),Financial and insurance activities,155,151,136,153,181,202,254,254,309,343,309,313,285,270,261,259,286,286,166,134,133,126,142,148,101
TLJ14,Oxfordshire CC,L (68),"Real estate activities, excluding imputed rental",399,404,420,420,470,479,455,449,449,429,436,426,457,493,636,639,696,755,845,794,817,793,1143,969,1043
TLJ14,Oxfordshire CC,M (69-75),"Professional, scientific and technical activities",1546,1585,1545,1441,1479,1694,1773,1774,1753,1695,1638,1509,1624,1604,1671,1757,2185,2480,2147,2275,2282,2548,3030,3241,3383
TLJ14,Oxfordshire CC,N (77-82),Administrative and support service activities,657,646,628,640,656,665,645,645,639,667,716,731,704,711,693,766,818,953,864,877,822,862,674,764,896
TLJ14,Oxfordshire CC,O (84),Public administration and defence,1779,1450,1521,1568,1666,1570,1511,1549,1548,1680,1882,1810,1782,1739,1657,1574,1564,1535,1594,1676,1631,1726,1600,1507,1670
TLJ14,Oxfordshire CC,P (85),Education,2297,2426,2457,2504,2415,2423,2446,2267,2214,2228,2188,2156,2190,2273,2305,2292,2287,2230,2257,2318,2469,2631,2258,2645,2921
TLJ14,Oxfordshire CC,Q (86-88),Human health and social work activities,1066,1138,1206,1339,1350,1355,1335,1414,1363,1411,1464,1502,1599,1570,1595,1579,1593,1675,1626,1638,1707,1728,1133,1568,1789
TLJ14,Oxfordshire CC,R (90-93),"Arts, entertainment and recreation",327,310,313,342,402,433,446,456,438,410,418,381,367,402,341,327,336,328,361,372,413,387,348,350,365
TLJ14,Oxfordshire CC,S (94-96),Other service activities,398,359,383,376,390,362,355,323,323,362,400,407,407,362,367,382,371,404,421,496,502,492,404,357,391
TLJ14,Oxfordshire CC,T (97-98),Activities of households,55,57,64,53,46,40,38,53,48,36,45,36,41,40,40,50,43,39,49,50,68,70,52,47,39
TLJ21,Brighton and Hove,AB (1-9),"Agriculture, forestry and fishing; mining and quarrying",0,0,0,0,0,0,0,0,1,1,1,2,1,1,4,3,7,15,18,7,8,10,11,7,3
TLJ21,Brighton and Hove,C (10-33),Manufacturing,143,153,156,151,155,150,153,161,175,183,188,158,144,143,146,156,148,152,150,134,143,131,138,133,136
TLJ21,Brighton and Hove,DE (35-39),"Electricity, gas, water; sewerage and waste management",336,413,361,438,454,550,433,297,301,292,289,321,318,332,359,412,444,540,603,537,624,532,488,485,508
TLJ21,Brighton and Hove,F (41-43),Construction,235,261,262,257,275,251,247,236,248,258,246,206,227,238,226,247,285,282,270,316,295,244,230,271,297
TLJ21,Brighton and Hove,G (45-47),Wholesale and retail trade; repair of motor vehicles,501,510,527,522,506,487,510,522,526,501,485,470,526,510,511,481,516,560,566,588,625,588,575,725,640
TLJ21,Brighton and Hove,H (49-53),Transportation and storage,128,147,151,151,146,157,146,142,156,163,156,148,165,169,189,185,176,162,162,181,200,202,117,123,180
TLJ21,Brighton and Hove,I (55-56),Accommodation and food service activities,294,304,305,279,284,313,304,327,305,339,338,325,329,340,369,383,352,346,393,371,362,390,268,379,487
TLJ21,Brighton and Hove,J (58-63),Information and communication,66,83,109,124,132,147,145,165,175,183,202,207,218,250,263,275,313,337,355,354,459,504,505,446,425
TLJ21,Brighton and Hove,K (64-66),Financial and insurance activities,698,727,737,694,682,612,588,719,590,831,858,768,854,719,906,1055,1001,956,1080,1283,1466,1524,1990,1997,2358
TLJ21,Brighton and Hove,L (68),"Real estate activities, excluding imputed rental",172,172,181,183,182,193,192,186,184,180,189,188,196,192,194,178,187,182,197,212,191,228,239,250,255
TLJ21,Brighton and Hove,M (69-75),"Professional, scientific and technical activities",179,198,210,216,207,216,234,233,261,252,247,241,233,230,231,258,267,321,285,310,335,323,373,377,429
TLJ21,Brighton and Hove,N (77-82),Administrative and support service activities,299,314,320,331,317,316,301,311,329,339,358,335,318,341,384,354,422,413,423,435,460,547,349,414,574
TLJ21,Brighton and Hove,O (84),Public administration and defence,265,233,236,245,236,247,250,244,254,235,259,275,275,268,283,304,267,317,319,346,355,369,351,372,393
TLJ21,Brighton and Hove,P (85),Education,886,927,927,936,907,841,829,849,851,859,847,815,805,818,707,676,699,759,797,818,795,859,745,813,914
TLJ21,Brighton and Hove,Q (86-88),Human health and social work activities,496,476,521,574,570,578,580,596,606,620,654,657,651,689,766,726,763,897,897,888,805,853,484,748,873
TLJ21,Brighton and Hove,R (90-93),"Arts, entertainment and recreation",169,169,192,187,226,257,250,282,277,242,239,223,214,240,245,266,271,241,227,291,291,281,198,267,303
TLJ21,Brighton and Hove,S (94-96),Other service activities,167,147,145,134,141,139,136,137,137,131,134,137,137,125,129,127,134,139,118,119,120,113,100,130,158
TLJ21,Brighton and Hove,T (97-98),Activities of households,25,26,32,33,25,21,22,26,24,20,23,20,23,22,20,23,22,21,29,30,33,34,27,24,23
TLJ22,East Sussex CC,AB (1-9),"Agriculture, forestry and fishing; mining and quarrying",33,38,43,49,66,60,51,53,52,46,50,53,46,57,56,52,73,63,55,59,53,67,59,57,56
TLJ22,East Sussex CC,C (10-33),Manufacturing,514,601,631,682,723,715,706,715,793,789,778,707,690,687,663,702,745,805,842,795,888,889,905,810,737
TLJ22,East Sussex CC,DE (35-39),"Electricity, gas, water; sewerage and waste management",244,214,201,171,150,179,137,181,140,167,164,152,134,119,97,88,97,91,86,87,98,102,108,128,243
TLJ22,East Sussex CC,F (41-43),Construction,669,740,743,722,756,678,665,636,670,697,674,593,651,678,593,631,727,762,708,748,742,735,653,785,796
TLJ22,East Sussex CC,G (45-47),Wholesale and retail trade; repair of motor vehicles,784,799,830,822,796,768,796,812,814,773,752,719,809,788,783,772,862,929,874,930,972,916,849,1014,946
TLJ22,East Sussex CC,H (49-53),Transportation and storage,243,268,281,270,252,261,250,241,253,256,248,231,238,233,229,226,217,203,200,188,193,212,161,177,176
TLJ22,East Sussex CC,I (55-56),Accommodation and food service activities,307,318,317,289,296,327,317,341,319,353,351,339,346,358,339,378,375,379,413,433,386,389,298,380,440
TLJ22,East Sussex CC,J (58-63),Information and communication,48,58,71,80,83,90,88,98,104,109,114,115,118,135,135,146,158,170,171,166,194,194,207,196,192
TLJ22,East Sussex CC,K (64-66),Financial and insurance activities,113,117,111,114,131,130,134,145,146,179,177,161,163,143,126,145,153,116,105,60,55,62,61,69,60
TLJ22,East Sussex CC,L (68),"Real estate activities, excluding imputed rental",240,240,252,255,255,270,267,260,258,251,265,265,276,271,237,280,283,315,438,439,368,433,508,529,463
TLJ22,East Sussex CC,M (69-75),"Professional, scientific and technical activities",200,223,234,238,235,241,260,260,286,278,278,278,266,256,275,295,287,352,353,337,323,333,362,389,379
TLJ22,East Sussex CC,N (77-82),Administrative and support service activities,204,217,222,237,253,258,252,253,258,264,268,255,236,234,253,245,243,231,226,218,200,218,238,255,272
TLJ22,East Sussex CC,O (84),Public administration and defence,533,469,475,494,475,498,505,492,512,473,522,555,543,515,488,486,451,462,448,495,557,590,543,557,588
TLJ22,East Sussex CC,P (85),Education,750,784,784,791,767,711,701,718,719,726,716,689,681,692,722,709,707,720,721,724,706,745,608,663,748
TLJ22,East Sussex CC,Q (86-88),Human health and social work activities,775,743,813,894,886,896,899,931,952,981,1039,1051,1029,1049,1039,1001,990,1015,1086,1115,1003,993,647,967,1022
TLJ22,East Sussex CC,R (90-93),"Arts, entertainment and recreation",132,131,147,145,173,199,193,218,214,186,185,174,167,188,198,194,194,180,162,197,184,163,137,144,171
TLJ22,East Sussex CC,S (94-96),Other service activities,195,174,173,162,171,170,166,168,166,162,167,169,172,158,146,138,154,163,293,339,313,325,316,296,289
TLJ22,East Sussex CC,T (97-98),Activities of households,49,52,64,65,49,42,44,53,48,41,45,39,44,42,39,45,43,41,57,59,63,66,53,48,46
TLJ25,West Surrey,AB (1-9),"Agriculture, forestry and fishing; mining and quarrying",36,38,40,47,59,53,47,48,52,44,39,39,36,49,54,54,73,64,62,59,48,58,55,48,48
TLJ25,West Surrey,C (10-33),Manufacturing,1294,1454,1561,1588,1595,1588,1592,1636,1852,1935,1833,1579,1777,1769,1813,1866,1831,1772,1803,1806,1735,1787,2003,2005,1733
TLJ25,West Surrey,DE (35-39),"Electricity, gas, water; sewerage and waste management",1068,1108,1056,1046,1101,1374,1211,993,918,831,863,928,888,829,849,1026,1018,1177,1141,1257,1086,1102,951,608,346
TLJ25,West Surrey,F (41-43),Construction,2043,2288,2297,2214,2394,2219,2176,2042,2122,2214,2072,1707,1931,2003,1970,2105,2348,2393,2274,2292,2370,2597,2139,2242,2424
TLJ25,West Surrey,G (45-47),Wholesale and retail trade; repair of motor vehicles,3099,3110,3305,3200,3093,3014,3119,3180,3443,3294,3190,3030,3381,3369,3440,3498,3783,4192,4279,4192,4443,4568,3820,4278,4402
TLJ25,West Surrey,H (49-53),Transportation and storage,1055,1162,1238,1156,1062,1070,1098,1188,1168,1108,1116,989,957,880,832,806,854,865,832,787,832,900,804,826,751
TLJ25,West Surrey,I (55-56),Accommodation and food service activities,619,639,646,591,599,657,638,688,642,714,714,686,687,709,662,735,686,734,758,794,781,812,564,697,902
TLJ25,West Surrey,J (58-63),Information and communication,622,774,989,1111,1177,1309,1288,1478,1549,1637,1771,1778,1863,2094,2068,2184,2380,2461,2464,2529,2918,3267,4018,3588,3843
TLJ25,West Surrey,K (64-66),Financial and insurance activities,515,512,544,544,653,672,673,611,718,867,919,992,922,758,843,946,1191,1255,1311,1550,1560,1523,2027,2109,1071
TLJ25,West Surrey,L (68),"Real estate activities, excluding imputed rental",895,902,935,950,952,1007,991,973,977,942,1013,1017,1065,1050,1076,1159,1221,1252,1241,1146,1105,1122,1175,1242,1309
TLJ25,West Surrey,M (69-75),"Professional, scientific and technical activities",2644,2865,3017,3186,3099,3169,3386,3403,3775,3760,3652,3565,3826,3696,3901,3808,3894,3723,3374,3169,3344,3430,3775,3583,3705
TLJ25,West Surrey,N (77-82),Administrative and support service activities,1039,1107,1147,1218,1219,1228,1183,1199,1227,1252,1292,1226,1150,1188,1357,1498,1615,1585,1521,1692,1622,1657,1460,1590,1829
TLJ25,West Surrey,O (84),Public administration and defence,835,734,744,772,743,779,790,770,802,740,817,868,828,793,757,803,698,801,796,803,796,852,737,771,769
TLJ25,West Surrey,P (85),Education,1783,1864,1865,1882,1825,1692,1667,1708,1711,1728,1704,1640,1620,1646,1561,1485,1496,1585,1670,1721,1621,1721,1419,1591,1794
TLJ25,West Surrey,Q (86-88),Human health and social work activities,1628,1555,1731,1845,1787,1835,1822,1900,2000,1998,2043,2083,2045,2116,2068,1949,1939,2018,2021,2074,2010,2006,1402,1933,2020
TLJ25,West Surrey,R (90-93),"Arts, entertainment and recreation",438,434,478,491,549,670,664,735,719,583,600,577,572,643,648,685,684,692,692,722,707,753,607,701,781
TLJ25,West Surrey,S (94-96),Other service activities,671,594,582,535,559,547,539,545,549,532,539,538,548,518,509,512,534,575,533,610,588,559,522,643,645
TLJ25,West Surrey,T (97-98),Activities of households,71,74,92,93,70,59,62,74,67,58,63,55,62,60,56,64,62,59,82,84,91,95,77,70,67
TLJ26,East Surrey,AB (1-9),"Agriculture, forestry and fishing; mining and quarrying",49,51,52,60,76,71,67,70,75,63,55,55,54,65,68,73,87,83,81,77,77,77,80,61,54
TLJ26,East Surrey,C (10-33),Manufacturing,244,255,257,247,278,264,245,259,291,295,312,296,298,293,314,291,305,386,405,420,465,505,526,411,382
TLJ26,East Surrey,DE (35-39),"Electricity, gas, water; sewerage and waste management",133,121,113,91,79,98,82,92,78,83,83,82,77,67,76,54,69,72,90,100,130,135,139,107,108
TLJ26,East Surrey,F (41-43),Construction,1544,1745,1754,1670,1830,1723,1687,1559,1604,1677,1537,1232,1429,1470,1431,1430,1507,1580,1366,1334,1214,1361,1049,1146,1137
TLJ26,East Surrey,G (45-47),Wholesale and retail trade; repair of motor vehicles,2034,2006,2178,2056,1982,1954,2028,2075,2457,2373,2285,2174,2390,2441,2345,2327,2189,1988,1813,1615,1344,1299,1099,1321,1342
TLJ26,East Surrey,H (49-53),Transportation and storage,261,273,280,257,237,244,227,225,240,249,248,236,242,231,221,218,270,241,245,267,270,286,182,215,254
TLJ26,East Surrey,I (55-56),Accommodation and food service activities,258,266,270,247,250,274,266,287,268,298,298,286,285,294,273,313,287,275,293,291,262,272,200,270,338
TLJ26,East Surrey,J (58-63),Information and communication,200,241,295,329,343,385,378,433,450,476,504,495,507,561,595,612,595,594,538,512,524,493,548,550,669
TLJ26,East Surrey,K (64-66),Financial and insurance activities,2710,2804,2935,2727,2676,2408,2279,2714,2264,3230,3399,3211,3500,2879,3507,3417,3353,2865,2485,2874,2364,1982,1531,1680,2180
TLJ26,East Surrey,L (68),"Real estate activities, excluding imputed rental",417,418,438,444,443,469,465,453,450,438,464,464,483,475,497,591,530,613,575,548,569,484,512,519,477
TLJ26,East Surrey,M (69-75),"Professional, scientific and technical activities",1345,1439,1483,1608,1594,1636,1798,1815,1994,1992,1999,2002,2140,2029,1923,2022,2144,2213,2179,2010,1963,2075,2224,2257,2526
TLJ26,East Surrey,N (77-82),Administrative and support service activities,471,502,524,555,547,549,530,537,548,556,577,544,514,538,595,599,623,641,714,756,636,697,617,619,577
TLJ26,East Surrey,O (84),Public administration and defence,337,296,300,312,300,314,319,311,324,299,330,350,344,349,332,322,298,278,262,286,273,263,242,257,268
TLJ26,East Surrey,P (85),Education,746,780,780,788,764,708,698,715,716,723,713,686,678,689,623,609,597,626,627,600,581,662,546,590,666
TLJ26,East Surrey,Q (86-88),Human health and social work activities,539,516,565,617,608,615,615,644,666,688,726,741,698,726,776,779,790,820,857,908,874,909,607,864,1032
TLJ26,East Surrey,R (90-93),"Arts, entertainment and recreation",116,116,130,131,149,179,176,196,192,158,161,154,152,170,165,161,149,153,149,159,164,151,114,125,133
TLJ26,East Surrey,S (94-96),Other service activities,217,193,190,175,184,181,177,179,180,175,178,178,182,170,178,165,169,173,143,161,150,127,114,133,160
TLJ26,East Surrey,T (97-98),Activities of households,35,37,46,47,35,30,31,37,34,29,32,28,32,30,28,33,32,30,42,43,46,49,39,36,34
TLJ27,West Sussex (South West),AB (1-9),"Agriculture, forestry and fishing; mining and quarrying",82,87,92,106,140,118,100,106,115,96,90,91,88,123,105,87,115,102,93,91,81,96,88,86,92
TLJ27,West Sussex (South West),C (10-33),Manufacturing,1062,1442,1474,1443,1696,1765,1675,1603,1620,1805,1831,1344,1431,1416,1455,1587,1595,1644,1663,2127,2430,2500,2635,2557,2037
TLJ27,West Sussex (South West),DE (35-39),"Electricity, gas, water; sewerage and waste management",326,347,310,323,307,370,280,257,233,253,252,260,249,245,291,264,247,410,424,434,389,373,281,351,305
TLJ27,West Sussex (South West),F (41-43),Construction,444,491,492,479,501,449,440,421,444,462,448,395,432,451,448,464,480,510,471,513,480,515,448,495,574
TLJ27,West Sussex (South West),G (45-47),Wholesale and retail trade; repair of motor vehicles,739,753,782,774,750,723,751,766,768,730,709,680,764,743,723,692,776,828,847,867,910,861,810,931,963
TLJ27,West Sussex (South West),H (49-53),Transportation and storage,320,344,348,333,304,314,290,285,302,308,308,298,305,290,302,303,267,219,223,216,238,225,173,197,201
TLJ27,West Sussex (South West),I (55-56),Accommodation and food service activities,316,329,327,297,305,338,327,352,329,364,362,350,359,372,340,390,383,364,392,411,404,420,288,412,491
TLJ27,West Sussex (South West),J (58-63),Information and communication,44,55,66,76,82,92,92,103,110,118,124,128,135,160,177,194,218,234,238,263,272,319,330,320,350
TLJ27,West Sussex (South West),K (64-66),Financial and insurance activities,279,284,277,285,340,345,356,360,389,463,468,451,439,379,409,430,398,312,306,168,128,105,157,265,964
TLJ27,West Sussex (South West),L (68),"Real estate activities, excluding imputed rental",330,333,345,350,351,372,365,359,361,348,375,377,395,390,418,481,508,539,557,565,515,553,612,507,494
TLJ27,West Sussex (South West),M (69-75),"Professional, scientific and technical activities",230,254,271,279,273,280,303,300,337,326,320,317,309,307,320,355,335,364,351,351,353,330,345,373,397
TLJ27,West Sussex (South West),N (77-82),Administrative and support service activities,213,224,228,240,244,246,240,243,249,255,263,248,232,239,264,272,304,323,319,274,269,310,251,286,345
TLJ27,West Sussex (South West),O (84),Public administration and defence,737,649,657,682,657,688,698,681,708,653,722,767,755,697,678,626,486,532,536,573,559,583,495,507,532
TLJ27,West Sussex (South West),P (85),Education,519,543,543,548,531,492,485,497,498,503,496,477,471,479,575,594,551,551,569,582,622,599,500,540,608
TLJ27,West Sussex (South West),Q (86-88),Human health and social work activities,762,729,803,871,854,869,868,903,937,954,996,1013,1002,1080,1090,1005,958,980,1050,1193,1180,1278,968,1273,1315
TLJ27,West Sussex (South West),R (90-93),"Arts, entertainment and recreation",105,101,110,112,131,156,154,172,167,140,143,134,130,149,143,151,161,154,156,183,185,184,136,152,182
TLJ27,West Sussex (South West),S (94-96),Other service activities,178,160,158,147,154,152,150,152,151,149,152,151,157,148,142,137,143,157,136,144,137,125,126,143,145
TLJ27,West Sussex (South West),T (97-98),Activities of households,40,42,53,53,40,34,36,43,39,33,36,32,36,34,32,37,36,34,47,49,53,56,45,41,39
TLJ28,West Sussex (North East),AB (1-9),"Agriculture, forestry and fishing; mining and quarrying",26,23,29,32,38,36,31,30,38,35,44,43,50,56,69,77,75,82,39,36,38,42,40,35,37
TLJ28,West Sussex (North East),C (10-33),Manufacturing,646,754,812,857,1014,1026,1055,1040,1192,1225,1307,1157,1233,1286,1374,1348,1318,1184,1267,1475,1538,1468,1507,1446,1259
TLJ28,West Sussex (North East),DE (35-39),"Electricity, gas, water; sewerage and waste management",373,389,350,358,338,408,312,295,263,287,285,292,278,271,243,222,268,377,416,323,299,269,284,242,143
TLJ28,West Sussex (North East),F (41-43),Construction,757,840,845,808,840,751,734,693,728,757,732,658,731,753,703,688,720,808,746,812,849,889,867,933,931
TLJ28,West Sussex (North East),G (45-47),Wholesale and retail trade; repair of motor vehicles,909,917,966,943,912,886,917,935,987,942,913,870,973,962,953,938,1116,1270,1303,1297,1360,1327,1214,1362,1275
TLJ28,West Sussex (North East),H (49-53),Transportation and storage,978,954,977,784,750,788,743,751,872,1000,978,888,981,963,1069,1126,1164,1015,1166,1286,1547,1663,558,722,1182
TLJ28,West Sussex (North East),I (55-56),Accommodation and food service activities,427,443,442,403,412,456,442,475,444,492,490,472,482,499,437,453,443,448,478,488,473,499,285,393,508
TLJ28,West Sussex (North East),J (58-63),Information and communication,163,197,243,272,283,297,283,319,337,354,368,367,383,436,446,458,435,460,483,425,490,533,495,427,430
TLJ28,West Sussex (North East),K (64-66),Financial and insurance activities,389,396,395,399,465,466,473,482,511,626,641,629,616,524,560,618,537,510,446,462,266,194,213,326,234
TLJ28,West Sussex (North East),L (68),"Real estate activities, excluding imputed rental",488,496,506,516,520,549,536,531,542,516,569,575,606,601,625,482,523,468,574,606,716,655,665,633,615
TLJ28,West Sussex (North East),M (69-75),"Professional, scientific and technical activities",536,577,592,621,639,651,706,697,753,750,752,750,783,723,720,744,675,713,648,586,580,593,810,745,854
TLJ28,West Sussex (North East),N (77-82),Administrative and support service activities,618,633,621,633,618,613,596,613,652,675,718,667,625,670,774,784,811,935,1027,1139,1176,1159,798,835,1045
TLJ28,West Sussex (North East),O (84),Public administration and defence,302,266,269,280,269,282,286,279,291,268,296,315,305,280,257,259,235,243,259,271,261,281,249,253,272
TLJ28,West Sussex (North East),P (85),Education,697,729,730,736,714,662,652,668,669,676,666,641,633,644,661,627,618,639,638,635,613,697,578,580,656
TLJ28,West Sussex (North East),Q (86-88),Human health and social work activities,468,449,493,542,537,546,547,561,571,581,610,612,611,621,633,620,627,692,681,738,748,762,457,677,715
TLJ28,West Sussex (North East),R (90-93),"Arts, entertainment and recreation",94,92,102,103,119,141,139,155,152,128,130,123,120,135,125,118,119,119,116,133,129,127,96,121,123
TLJ28,West Sussex (North East),S (94-96),Other service activities,280,248,244,226,236,233,228,231,231,224,228,229,232,216,214,199,212,226,178,197,201,222,179,210,243
TLJ28,West Sussex (North East),T (97-98),Activities of households,35,37,45,46,35,29,31,37,34,29,32,28,31,30,28,32,31,30,42,43,47,49,40,37,35
TLJ31,Portsmouth,AB (1-9),"Agriculture, forestry and fishing; mining and quarrying",1,1,1,1,1,1,1,1,1,1,1,0,0,1,1,1,0,1,1,7,4,5,7,5,4
TLJ31,Portsmouth,C (10-33),Manufacturing,449,549,526,513,526,551,571,586,613,638,680,574,564,584,655,667,682,618,571,619,604,670,768,706,642
TLJ31,Portsmouth,DE (35-39),"Electricity, gas, water; sewerage and waste management",106,141,144,175,228,207,167,152,148,157,126,161,179,188,243,313,252,340,291,343,371,419,605,410,238
TLJ31,Portsmouth,F (41-43),Construction,272,268,277,283,290,289,282,290,276,270,258,229,244,269,265,279,305,329,337,334,281,272,276,264,297
TLJ31,Portsmouth,G (45-47),Wholesale and retail trade; repair of motor vehicles,415,413,439,479,468,433,444,472,496,497,488,411,464,464,482,479,555,559,487,530,565,629,544,665,634
TLJ31,Portsmouth,H (49-53),Transportation and storage,140,147,148,156,167,172,202,210,214,205,235,200,235,249,242,308,287,167,152,151,162,158,125,132,164
TLJ31,Portsmouth,I (55-56),Accommodation and food service activities,150,160,175,168,179,166,183,175,168,164,182,160,171,174,182,187,199,178,173,197,187,198,133,198,263
TLJ31,Portsmouth,J (58-63),Information and communication,114,132,204,251,293,363,432,491,510,604,641,626,646,677,723,699,680,712,755,728,688,731,518,635,818
TLJ31,Portsmouth,K (64-66),Financial and insurance activities,52,54,54,51,49,49,47,57,45,74,78,84,84,78,68,71,66,75,68,52,58,47,32,22,24
TLJ31,Portsmouth,L (68),"Real estate activities, excluding imputed rental",83,82,88,97,94,98,101,96,103,101,105,108,110,108,107,102,104,118,130,196,232,259,334,351,354
TLJ31,Portsmouth,M (69-75),"Professional, scientific and technical activities",111,114,117,128,129,135,150,150,159,154,144,144,150,163,170,162,184,181,156,132,129,139,157,158,169
TLJ31,Portsmouth,N (77-82),Administrative and support service activities,136,136,149,152,156,144,154,159,167,183,200,176,194,197,227,240,255,274,324,330,319,341,249,299,434
TLJ31,Portsmouth,O (84),Public administration and defence,1398,1249,1160,1122,965,958,925,949,949,968,1035,1055,1013,1022,975,934,983,842,828,910,920,1005,979,1012,1036
TLJ31,Portsmouth,P (85),Education,385,375,388,379,389,361,386,373,347,355,344,357,362,371,395,378,389,390,402,399,416,421,334,410,455
TLJ31,Portsmouth,Q (86-88),Human health and social work activities,415,391,392,405,497,496,538,539,563,574,547,595,596,572,533,515,524,552,522,522,515,536,333,506,598
TLJ31,Portsmouth,R (90-93),"Arts, entertainment and recreation",72,78,82,88,96,94,93,96,104,104,97,86,84,81,71,82,82,74,66,79,76,82,57,67,96
TLJ31,Portsmouth,S (94-96),Other service activities,45,47,46,47,46,40,41,41,45,45,42,41,38,35,42,45,53,47,50,59,52,53,46,42,34
TLJ31,Portsmouth,T (97-98),Activities of households,15,12,12,13,14,12,11,14,15,12,11,12,16,12,9,11,9,9,15,15,13,15,10,11,15
TLJ32,Southampton,AB (1-9),"Agriculture, forestry and fishing; mining and quarrying",0,0,0,0,0,0,0,0,1,0,0,0,0,0,0,9,6,5,5,4,2,2,8,8,4
TLJ32,Southampton,C (10-33),Manufacturing,799,683,634,601,639,656,642,649,722,751,718,734,833,847,882,787,531,496,595,942,1305,1518,2031,2126,2034
TLJ32,Southampton,DE (35-39),"Electricity, gas, water; sewerage and waste management",160,184,172,224,322,487,403,287,297,231,203,227,227,203,219,201,168,174,153,150,168,179,246,270,216
TLJ32,Southampton,F (41-43),Construction,259,258,268,274,281,278,271,278,265,260,241,208,224,243,266,298,298,289,280,302,272,255,253,221,245
TLJ32,Southampton,G (45-47),Wholesale and retail trade; repair of motor vehicles,504,502,537,582,569,530,541,576,606,603,591,502,565,566,566,538,586,585,548,571,575,612,560,739,709
TLJ32,Southampton,H (49-53),Transportation and storage,488,493,579,709,870,935,1341,1430,1191,956,1396,1055,1276,1558,1582,1659,1595,1873,1812,1791,1818,1667,788,881,1247
TLJ32,Southampton,I (55-56),Accommodation and food service activities,131,141,153,147,157,146,161,154,149,145,159,139,150,153,173,182,183,178,202,216,190,194,104,168,223
TLJ32,Southampton,J (58-63),Information and communication,17,19,23,24,28,31,39,42,43,49,54,58,61,70,75,77,89,114,138,198,219,218,197,209,200
TLJ32,Southampton,K (64-66),Financial and insurance activities,814,909,893,742,673,643,586,785,573,1042,1096,1173,1212,1121,1080,962,1065,1053,743,780,900,632,476,629,703
TLJ32,Southampton,L (68),"Real estate activities, excluding imputed rental",146,145,155,170,165,171,176,169,180,176,183,189,193,191,180,185,215,261,236,178,174,146,139,154,133
TLJ32,Southampton,M (69-75),"Professional, scientific and technical activities",327,353,357,375,355,377,422,427,466,441,398,396,404,456,417,409,432,386,405,573,482,483,641,304,342
TLJ32,Southampton,N (77-82),Administrative and support service activities,143,143,151,150,151,141,150,153,160,172,184,158,171,179,213,233,256,282,294,298,259,259,180,201,227
TLJ32,Southampton,O (84),Public administration and defence,418,374,347,336,289,287,277,284,284,290,310,316,297,315,331,322,294,273,275,269,248,281,278,320,323
TLJ32,Southampton,P (85),Education,729,711,735,718,737,684,731,706,658,673,652,676,686,703,621,610,586,608,649,632,637,630,505,599,664
TLJ32,Southampton,Q (86-88),Human health and social work activities,517,486,485,509,616,616,664,662,685,695,662,726,743,760,749,816,849,869,832,890,912,934,624,878,1087
TLJ32,Southampton,R (90-93),"Arts, entertainment and recreation",78,86,86,88,100,96,95,99,110,120,110,94,91,92,89,115,122,106,105,119,130,114,97,124,137
TLJ32,Southampton,S (94-96),Other service activities,69,70,67,69,67,58,59,60,65,65,61,60,56,53,56,59,98,144,151,174,205,175,136,143,150
TLJ32,Southampton,T (97-98),Activities of households,17,13,14,15,16,14,12,16,17,13,13,14,19,14,10,13,11,11,17,18,15,18,12,14,19
TLJ34,Isle of Wight,AB (1-9),"Agriculture, forestry and fishing; mining and quarrying",13,15,15,15,20,19,18,18,21,18,24,21,17,23,21,16,20,19,18,14,12,15,13,15,12
TLJ34,Isle of Wight,C (10-33),Manufacturing,179,207,234,216,220,255,252,248,270,266,279,243,229,251,236,260,256,237,259,287,274,331,326,269,239
TLJ34,Isle of Wight,DE (35-39),"Electricity, gas, water; sewerage and waste management",57,60,55,49,50,49,43,45,45,57,57,56,51,48,39,37,38,41,37,33,33,36,33,38,85
TLJ34,Isle of Wight,F (41-43),Construction,132,132,138,141,144,141,138,141,135,133,122,104,113,121,123,131,135,138,137,135,119,128,134,123,140
TLJ34,Isle of Wight,G (45-47),Wholesale and retail trade; repair of motor vehicles,184,185,195,209,205,191,199,212,221,221,218,184,204,207,207,193,210,209,195,206,232,248,232,295,288
TLJ34,Isle of Wight,H (49-53),Transportation and storage,95,99,97,99,107,110,126,129,128,127,139,121,140,144,161,171,163,77,82,69,65,66,52,47,62
TLJ34,Isle of Wight,I (55-56),Accommodation and food service activities,112,125,128,122,138,130,147,142,142,133,128,110,125,135,142,157,154,151,153,172,160,155,95,168,237
TLJ34,Isle of Wight,J (58-63),Information and communication,2,3,4,4,5,5,6,7,8,10,11,12,13,15,16,21,24,29,30,34,33,33,32,39,35
TLJ34,Isle of Wight,K (64-66),Financial and insurance activities,14,12,14,18,21,24,26,26,24,27,29,30,28,26,24,19,18,26,24,11,13,16,10,9,9
TLJ34,Isle of Wight,L (68),"Real estate activities, excluding imputed rental",58,58,61,66,65,68,68,65,70,66,72,75,77,77,119,150,141,150,123,118,106,103,114,120,147
TLJ34,Isle of Wight,M (69-75),"Professional, scientific and technical activities",53,53,55,58,57,60,64,65,69,66,62,62,60,65,71,72,66,64,56,57,50,53,54,53,84
TLJ34,Isle of Wight,N (77-82),Administrative and support service activities,17,16,17,17,17,15,17,18,20,22,24,19,20,21,23,27,28,32,42,41,33,43,32,36,46
TLJ34,Isle of Wight,O (84),Public administration and defence,231,206,191,185,159,158,153,157,156,160,171,174,171,171,148,152,141,130,124,131,134,131,136,135,143
TLJ34,Isle of Wight,P (85),Education,168,164,169,165,169,157,168,162,151,155,150,156,158,162,192,160,151,150,147,160,148,153,123,137,152
TLJ34,Isle of Wight,Q (86-88),Human health and social work activities,324,302,309,327,364,365,380,376,386,377,371,409,430,442,405,478,565,623,556,584,612,603,497,564,579
TLJ34,Isle of Wight,R (90-93),"Arts, entertainment and recreation",54,57,62,68,72,72,70,69,77,73,69,66,67,62,54,62,76,74,67,75,68,60,56,51,57
TLJ34,Isle of Wight,S (94-96),Other service activities,27,28,27,28,28,25,25,26,29,29,28,28,27,24,28,34,40,41,36,40,41,40,31,25,29
TLJ34,Isle of Wight,T (97-98),Activities of households,10,8,9,9,10,8,8,9,11,8,8,8,11,8,6,8,6,6,10,10,9,10,7,8,10
TLJ35,South Hampshire,AB (1-9),"Agriculture, forestry and fishing; mining and quarrying",21,17,22,24,21,20,21,19,21,18,24,21,17,18,16,13,15,16,24,20,14,16,17,23,16
TLJ35,South Hampshire,C (10-33),Manufacturing,794,841,936,976,1072,1163,1206,1258,1393,1435,1558,1434,1509,1614,1607,1729,1757,1637,1515,1457,1430,1468,1383,1326,1267
TLJ35,South Hampshire,DE (35-39),"Electricity, gas, water; sewerage and waste management",254,312,290,296,290,253,194,195,193,266,260,309,332,337,260,241,178,243,204,189,250,334,582,389,361
TLJ35,South Hampshire,F (41-43),Construction,1016,1024,1066,1101,1130,1128,1105,1139,1074,1039,936,795,866,950,970,962,981,1000,998,1069,984,1011,1052,989,1049
TLJ35,South Hampshire,G (45-47),Wholesale and retail trade; repair of motor vehicles,1143,1134,1249,1332,1304,1234,1236,1319,1400,1348,1318,1148,1292,1295,1269,1152,1225,1227,1165,1198,1218,1245,1078,1332,1303
TLJ35,South Hampshire,H (49-53),Transportation and storage,412,435,426,421,429,435,460,475,514,532,542,484,553,546,629,673,653,448,419,432,469,468,383,359,422
TLJ35,South Hampshire,I (55-56),Accommodation and food service activities,195,210,226,217,234,218,241,231,224,217,234,204,221,228,239,274,277,288,269,298,277,282,173,268,331
TLJ35,South Hampshire,J (58-63),Information and communication,73,84,121,141,161,195,232,263,274,322,339,332,345,365,399,392,490,536,669,627,560,580,477,541,545
TLJ35,South Hampshire,K (64-66),Financial and insurance activities,307,219,227,323,328,332,289,286,266,366,416,464,448,400,483,420,349,517,566,655,330,330,263,509,544
TLJ35,South Hampshire,L (68),"Real estate activities, excluding imputed rental",128,127,136,148,145,150,154,147,157,153,161,166,170,168,146,195,377,355,438,488,495,493,508,560,442
TLJ35,South Hampshire,M (69-75),"Professional, scientific and technical activities",467,476,491,535,525,546,594,601,644,615,575,571,585,630,557,581,607,606,591,537,499,528,566,583,523
TLJ35,South Hampshire,N (77-82),Administrative and support service activities,418,409,472,460,486,415,457,498,519,575,587,528,627,638,785,856,911,901,871,855,744,688,491,478,473
TLJ35,South Hampshire,O (84),Public administration and defence,978,874,811,785,675,670,647,664,664,677,724,738,735,781,747,750,814,740,699,792,797,817,801,817,893
TLJ35,South Hampshire,P (85),Education,530,517,534,522,536,497,532,513,478,489,474,491,499,511,567,573,537,551,561,548,537,545,448,500,553
TLJ35,South Hampshire,Q (86-88),Human health and social work activities,391,365,380,386,448,445,476,474,501,500,489,527,536,511,489,506,520,515,542,558,565,594,462,559,679
TLJ35,South Hampshire,R (90-93),"Arts, entertainment and recreation",84,91,100,109,118,115,112,111,124,121,114,105,101,96,92,86,87,89,78,81,83,69,49,74,100
TLJ35,South Hampshire,S (94-96),Other service activities,156,157,152,156,149,127,130,130,141,140,127,121,113,106,105,117,137,129,155,163,171,164,103,98,97
TLJ35,South Hampshire,T (97-98),Activities of households,33,26,28,29,31,26,24,29,32,25,25,26,35,27,19,24,20,20,32,32,28,32,22,25,34
TLJ36,Central Hampshire,AB (1-9),"Agriculture, forestry and fishing; mining and quarrying",11,13,13,13,17,17,15,16,18,15,20,19,15,19,17,15,185,168,177,183,129,150,151,191,199
TLJ36,Central Hampshire,C (10-33),Manufacturing,1324,1284,1380,1363,1360,1483,1510,1464,1526,1474,1411,1399,1392,1343,1355,1410,1493,1571,1602,1534,1646,1749,1765,1668,1732
TLJ36,Central Hampshire,DE (35-39),"Electricity, gas, water; sewerage and waste management",261,306,295,308,330,305,248,256,249,310,291,330,340,339,327,411,416,540,470,411,355,398,480,426,417
TLJ36,Central Hampshire,F (41-43),Construction,1338,1344,1400,1439,1476,1462,1430,1469,1393,1358,1234,1052,1143,1241,1245,1290,1396,1445,1485,1562,1376,1418,1298,1297,1300
TLJ36,Central Hampshire,G (45-47),Wholesale and retail trade; repair of motor vehicles,1594,1576,1765,1869,1832,1748,1727,1846,1970,1861,1816,1606,1811,1812,1906,1880,1996,2176,2113,2187,2204,2256,1796,2262,2315
TLJ36,Central Hampshire,H (49-53),Transportation and storage,431,458,436,423,413,411,397,399,450,479,452,403,452,433,441,438,480,406,385,430,474,469,424,397,381
TLJ36,Central Hampshire,I (55-56),Accommodation and food service activities,449,484,522,501,540,501,555,533,516,500,539,471,511,525,539,535,519,500,534,571,546,561,367,560,679
TLJ36,Central Hampshire,J (58-63),Information and communication,64,79,112,128,146,175,213,245,262,314,345,353,378,418,473,476,569,691,790,890,973,1173,1055,1201,1172
TLJ36,Central Hampshire,K (64-66),Financial and insurance activities,376,425,413,329,290,270,238,332,235,446,468,503,526,486,484,422,455,460,483,532,744,554,706,644,490
TLJ36,Central Hampshire,L (68),"Real estate activities, excluding imputed rental",367,366,384,418,411,429,429,413,441,419,454,470,486,483,527,536,460,502,536,505,461,449,428,481,455
TLJ36,Central Hampshire,M (69-75),"Professional, scientific and technical activities",867,853,892,1013,1052,1094,1187,1174,1228,1185,1127,1133,1194,1253,1200,1104,1080,1060,1042,989,1040,1141,1112,1185,1452
TLJ36,Central Hampshire,N (77-82),Administrative and support service activities,329,334,360,363,366,345,366,372,387,415,449,400,441,453,507,581,616,677,648,685,702,710,472,517,637
TLJ36,Central Hampshire,O (84),Public administration and defence,1255,1121,1041,1007,866,860,830,852,851,869,929,947,930,945,879,892,921,817,714,785,755,816,825,810,912
TLJ36,Central Hampshire,P (85),Education,781,762,788,769,789,733,784,757,705,721,699,724,735,754,804,769,771,794,791,784,795,826,666,751,832
TLJ36,Central Hampshire,Q (86-88),Human health and social work activities,783,731,767,779,885,879,933,929,980,971,955,1032,1073,1058,955,985,982,1023,1010,1043,1038,1077,751,969,1108
TLJ36,Central Hampshire,R (90-93),"Arts, entertainment and recreation",188,197,213,231,247,246,237,229,262,259,241,233,236,223,195,195,167,171,173,182,162,166,131,189,219
TLJ36,Central Hampshire,S (94-96),Other service activities,229,238,233,238,235,204,207,211,230,231,215,210,194,178,200,229,245,268,276,306,293,255,177,172,189
TLJ36,Central Hampshire,T (97-98),Activities of households,40,30,33,35,37,31,28,35,39,30,30,32,42,32,22,29,24,24,38,39,33,39,27,31,42
TLJ37,North Hampshire,AB (1-9),"Agriculture, forestry and fishing; mining and quarrying",90,99,93,94,114,114,107,106,142,125,157,158,127,156,125,126,122,103,92,106,178,219,188,66,96
TLJ37,North Hampshire,C (10-33),Manufacturing,1168,1169,1249,1216,1288,1362,1411,1445,1356,1277,1288,1128,1101,1099,1020,1085,1091,1126,1118,1046,1060,928,843,843,804
TLJ37,North Hampshire,DE (35-39),"Electricity, gas, water; sewerage and waste management",196,242,256,305,457,405,354,328,315,310,224,261,273,289,330,420,448,498,485,394,311,287,331,229,173
TLJ37,North Hampshire,F (41-43),Construction,918,929,968,999,1025,1015,994,1022,967,940,840,706,772,836,831,847,842,821,850,949,1041,1090,843,930,1125
TLJ37,North Hampshire,G (45-47),Wholesale and retail trade; repair of motor vehicles,1454,1430,1608,1719,1681,1600,1565,1667,1787,1693,1652,1455,1660,1648,1730,1840,1898,1940,2207,2495,2436,2655,1963,2093,2018
TLJ37,North Hampshire,H (49-53),Transportation and storage,192,203,189,177,182,186,188,194,231,273,260,247,284,267,284,267,257,227,204,207,213,227,177,197,210
TLJ37,North Hampshire,I (55-56),Accommodation and food service activities,222,239,258,248,267,248,274,263,254,247,267,234,253,260,278,337,336,310,311,344,356,366,241,347,410
TLJ37,North Hampshire,J (58-63),Information and communication,141,183,271,304,351,414,495,568,609,735,803,835,914,1037,1084,1168,1108,1240,1295,1185,1437,1883,1952,2022,2048
TLJ37,North Hampshire,K (64-66),Financial and insurance activities,726,748,742,689,645,626,567,712,549,944,1008,1088,1107,1017,988,1082,1149,1059,1015,1330,1471,1600,1874,1566,1461
TLJ37,North Hampshire,L (68),"Real estate activities, excluding imputed rental",499,498,521,566,558,582,581,559,598,565,616,638,660,656,698,713,621,568,537,460,459,483,514,546,616
TLJ37,North Hampshire,M (69-75),"Professional, scientific and technical activities",1093,1063,1118,1380,1571,1627,1810,1731,1746,1724,1668,1717,1952,2021,2038,1909,1835,1823,1683,1499,1603,1734,1952,2244,2387
TLJ37,North Hampshire,N (77-82),Administrative and support service activities,469,452,515,584,655,609,586,585,594,665,676,606,668,638,637,665,816,1002,1114,1205,1264,1408,1435,1372,1278
TLJ37,North Hampshire,O (84),Public administration and defence,863,771,716,692,596,591,571,586,585,597,639,651,636,649,619,588,628,581,573,611,581,607,584,573,629
TLJ37,North Hampshire,P (85),Education,500,487,504,492,505,469,501,484,451,461,447,463,470,482,513,489,468,488,466,442,437,463,372,419,464
TLJ37,North Hampshire,Q (86-88),Human health and social work activities,398,373,388,393,458,454,487,486,514,514,502,541,544,523,467,473,488,538,533,561,600,632,463,603,656
TLJ37,North Hampshire,R (90-93),"Arts, entertainment and recreation",102,110,117,125,137,133,129,126,145,149,138,129,125,121,124,118,98,92,129,158,171,166,143,119,161
TLJ37,North Hampshire,S (94-96),Other service activities,448,448,428,435,453,410,419,428,508,522,603,635,636,606,599,613,598,479,460,507,496,592,518,595,657
TLJ37,North Hampshire,T (97-98),Activities of households,26,20,21,23,24,20,19,23,26,20,20,21,28,22,15,20,16,17,26,27,23,27,19,21,29
TLJ41,Medway,AB (1-9),"Agriculture, forestry and fishing; mining and quarrying",6,6,8,8,8,8,7,7,12,11,15,13,11,14,15,19,20,15,13,22,23,23,25,23,24
TLJ41,Medway,C (10-33),Manufacturing,275,315,326,378,413,432,479,497,523,548,551,520,539,534,552,612,617,611,640,618,558,649,717,674,677
TLJ41,Medway,DE (35-39),"Electricity, gas, water; sewerage and waste management",308,344,289,317,335,370,280,325,363,334,308,285,285,284,384,366,314,385,362,355,365,438,553,327,334
TLJ41,Medway,F (41-43),Construction,471,505,463,478,465,481,451,477,467,461,461,420,459,492,477,507,537,531,524,607,589,632,552,592,628
TLJ41,Medway,G (45-47),Wholesale and retail trade; repair of motor vehicles,462,468,507,492,496,466,489,504,512,539,521,456,494,509,496,473,492,477,528,557,554,530,505,469,466
TLJ41,Medway,H (49-53),Transportation and storage,199,200,181,178,178,167,162,175,192,189,188,168,180,193,192,215,197,171,167,161,175,184,173,177,178
TLJ41,Medway,I (55-56),Accommodation and food service activities,104,111,115,135,138,134,134,134,135,131,128,122,125,132,127,140,126,126,125,129,130,122,84,127,173
TLJ41,Medway,J (58-63),Information and communication,7,9,12,14,17,20,22,26,27,28,30,34,37,46,53,60,69,96,114,135,147,153,157,153,173
TLJ41,Medway,K (64-66),Financial and insurance activities,157,151,162,138,134,154,172,182,148,178,225,181,186,168,180,191,285,241,191,203,200,159,159,196,195
TLJ41,Medway,L (68),"Real estate activities, excluding imputed rental",81,75,77,80,86,91,97,101,96,95,93,93,99,100,94,83,83,88,110,122,97,90,118,122,148
TLJ41,Medway,M (69-75),"Professional, scientific and technical activities",117,121,119,134,138,130,136,154,162,164,157,158,158,145,145,143,134,140,141,150,160,181,158,165,175
TLJ41,Medway,N (77-82),Administrative and support service activities,115,110,110,109,112,116,129,149,154,158,168,158,149,150,167,217,218,208,235,237,250,273,278,243,254
TLJ41,Medway,O (84),Public administration and defence,299,266,265,254,249,242,249,267,289,306,313,332,331,363,315,318,305,296,315,307,331,329,307,301,283
TLJ41,Medway,P (85),Education,374,373,357,367,360,355,372,331,340,344,346,345,359,358,391,383,385,389,389,395,409,439,333,383,455
TLJ41,Medway,Q (86-88),Human health and social work activities,565,539,563,640,656,709,704,696,719,700,759,682,739,737,686,635,577,586,616,667,661,640,501,632,756
TLJ41,Medway,R (90-93),"Arts, entertainment and recreation",89,100,115,114,115,139,144,155,162,160,146,135,136,141,126,130,121,115,116,123,114,108,103,103,104
TLJ41,Medway,S (94-96),Other service activities,99,99,108,103,98,103,97,107,105,112,106,101,98,95,107,93,102,114,88,100,110,142,163,184,233
TLJ41,Medway,T (97-98),Activities of households,15,15,18,19,18,18,18,17,16,14,15,15,21,18,15,14,14,14,15,17,22,24,18,14,12
TLJ43,Kent Thames Gateway,AB (1-9),"Agriculture, forestry and fishing; mining and quarrying",35,39,38,37,47,47,42,46,47,45,54,49,41,59,56,57,93,78,74,69,75,83,73,65,60
TLJ43,Kent Thames Gateway,C (10-33),Manufacturing,1156,1244,1194,1271,1356,1405,1397,1224,1067,1075,1128,855,903,869,870,837,864,908,902,916,1049,1249,1319,1462,864
TLJ43,Kent Thames Gateway,DE (35-39),"Electricity, gas, water; sewerage and waste management",311,350,355,399,377,458,364,418,445,417,376,352,331,328,322,275,287,404,448,346,325,274,209,169,155
TLJ43,Kent Thames Gateway,F (41-43),Construction,787,840,770,798,788,819,782,821,800,791,760,669,741,793,801,1014,1104,1212,1308,1307,1155,1190,1158,1302,1285
TLJ43,Kent Thames Gateway,G (45-47),Wholesale and retail trade; repair of motor vehicles,919,944,1014,970,975,932,984,999,1013,1061,1017,894,977,980,957,964,1063,1075,1120,1188,1165,1185,1028,1019,995
TLJ43,Kent Thames Gateway,H (49-53),Transportation and storage,558,557,498,488,493,460,440,479,529,523,532,470,509,560,550,553,553,511,549,488,564,571,565,603,711
TLJ43,Kent Thames Gateway,I (55-56),Accommodation and food service activities,168,180,185,216,221,214,216,215,218,211,204,194,200,210,211,224,224,215,234,227,235,242,193,246,299
TLJ43,Kent Thames Gateway,J (58-63),Information and communication,41,47,56,61,76,91,98,109,107,114,122,124,137,159,168,181,177,178,176,155,191,228,247,242,259
TLJ43,Kent Thames Gateway,K (64-66),Financial and insurance activities,96,93,126,111,130,176,236,213,209,266,327,235,203,168,180,150,174,134,106,57,52,54,67,80,53
TLJ43,Kent Thames Gateway,L (68),"Real estate activities, excluding imputed rental",205,195,190,188,204,221,228,236,233,217,239,242,263,262,310,357,341,353,432,395,422,386,327,353,374
TLJ43,Kent Thames Gateway,M (69-75),"Professional, scientific and technical activities",235,230,235,269,279,258,273,317,331,338,318,317,328,298,335,307,293,309,335,327,308,318,321,324,319
TLJ43,Kent Thames Gateway,N (77-82),Administrative and support service activities,203,190,187,187,195,200,225,262,273,287,311,297,284,289,325,349,342,397,408,407,391,369,406,376,381
TLJ43,Kent Thames Gateway,O (84),Public administration and defence,293,260,259,249,243,237,243,261,283,300,306,324,320,319,284,294,293,276,284,266,281,283,260,276,275
TLJ43,Kent Thames Gateway,P (85),Education,363,362,346,356,349,344,360,321,329,333,335,334,348,347,372,373,362,371,361,362,367,408,340,405,485
TLJ43,Kent Thames Gateway,Q (86-88),Human health and social work activities,418,396,411,465,486,527,526,528,540,534,589,532,562,608,567,535,604,611,623,592,560,577,367,532,581
TLJ43,Kent Thames Gateway,R (90-93),"Arts, entertainment and recreation",50,56,63,63,64,77,81,90,93,91,81,74,73,78,77,77,80,74,70,86,84,86,48,69,103
TLJ43,Kent Thames Gateway,S (94-96),Other service activities,74,78,86,81,79,83,78,84,84,91,89,87,87,88,95,94,97,114,124,125,144,159,187,187,221
TLJ43,Kent Thames Gateway,T (97-98),Activities of households,19,18,22,23,23,22,22,21,20,18,19,18,27,22,19,18,18,18,19,22,29,32,24,18,16
TLJ44,East Kent,AB (1-9),"Agriculture, forestry and fishing; mining and quarrying",55,59,55,52,70,77,70,81,81,83,114,106,84,111,107,95,114,108,97,94,91,109,112,95,96
TLJ44,East Kent,C (10-33),Manufacturing,474,536,542,535,563,594,565,610,582,556,591,529,522,489,543,551,544,570,563,614,640,674,685,670,595
TLJ44,East Kent,DE (35-39),"Electricity, gas, water; sewerage and waste management",346,386,342,374,372,440,338,405,433,414,384,347,317,314,303,321,304,322,355,388,317,315,375,208,201
TLJ44,East Kent,F (41-43),Construction,615,657,603,625,616,640,608,639,624,616,595,526,582,624,606,656,632,674,601,673,683,685,621,685,769
TLJ44,East Kent,G (45-47),Wholesale and retail trade; repair of motor vehicles,887,915,973,936,954,910,958,974,978,1016,971,870,933,936,931,865,889,914,1018,1094,1057,1004,964,919,952
TLJ44,East Kent,H (49-53),Transportation and storage,1508,1712,1920,1836,1558,1459,1704,1607,1405,1170,1367,1006,1087,1212,1207,1286,1262,1213,1144,1154,1202,1157,628,821,911
TLJ44,East Kent,I (55-56),Accommodation and food service activities,288,308,316,369,378,366,370,369,374,361,350,332,342,360,357,376,370,364,372,394,399,397,317,373,464
TLJ44,East Kent,J (58-63),Information and communication,21,26,34,38,45,54,61,71,76,78,82,87,92,108,116,120,121,150,163,187,216,286,388,421,427
TLJ44,East Kent,K (64-66),Financial and insurance activities,411,407,416,356,319,335,323,369,275,310,394,370,414,387,397,383,464,368,225,247,208,161,155,177,224
TLJ44,East Kent,L (68),"Real estate activities, excluding imputed rental",156,146,146,147,159,171,179,185,180,172,181,182,196,197,151,166,166,167,167,150,160,173,182,221,253
TLJ44,East Kent,M (69-75),"Professional, scientific and technical activities",355,379,364,378,435,443,488,569,516,523,516,552,635,631,696,634,678,720,654,562,520,497,695,650,735
TLJ44,East Kent,N (77-82),Administrative and support service activities,241,215,205,201,202,202,232,282,302,323,345,323,304,306,318,314,364,415,415,487,483,437,443,366,387
TLJ44,East Kent,O (84),Public administration and defence,642,570,567,545,534,520,533,573,620,657,670,711,675,736,616,623,551,535,555,529,547,554,527,552,571
TLJ44,East Kent,P (85),Education,928,926,886,910,893,880,921,820,842,852,857,854,891,888,894,932,957,912,955,1014,1083,1007,778,953,1127
TLJ44,East Kent,Q (86-88),Human health and social work activities,629,597,604,710,754,830,832,834,832,845,927,830,876,851,743,721,745,782,771,776,753,801,562,773,841
TLJ44,East Kent,R (90-93),"Arts, entertainment and recreation",90,99,109,108,109,132,140,158,162,160,141,130,126,135,129,140,137,135,127,141,151,152,98,129,151
TLJ44,East Kent,S (94-96),Other service activities,172,165,177,172,160,170,161,177,172,181,170,156,147,140,133,142,149,159,178,202,187,222,219,207,219
TLJ44,East Kent,T (97-98),Activities of households,29,27,33,35,34,33,33,32,31,27,29,28,40,34,29,27,27,27,28,32,42,45,33,25,22
TLJ45,Mid Kent,AB (1-9),"Agriculture, forestry and fishing; mining and quarrying",41,45,41,38,51,57,51,59,59,61,86,79,62,83,79,79,102,92,94,88,78,86,90,75,80
TLJ45,Mid Kent,C (10-33),Manufacturing,608,681,657,664,677,697,725,691,674,660,656,550,535,493,549,606,643,635,611,600,692,716,641,603,618
TLJ45,Mid Kent,DE (35-39),"Electricity, gas, water; sewerage and waste management",92,100,91,98,94,107,87,96,104,102,98,93,97,95,92,110,120,129,125,138,115,131,211,144,125
TLJ45,Mid Kent,F (41-43),Construction,636,680,618,634,614,634,606,636,621,621,620,572,621,658,639,596,620,605,593,646,688,744,716,820,880
TLJ45,Mid Kent,G (45-47),Wholesale and retail trade; repair of motor vehicles,717,720,791,763,754,710,749,771,794,845,820,699,778,802,802,794,892,911,1014,1092,1046,1132,946,988,989
TLJ45,Mid Kent,H (49-53),Transportation and storage,284,285,253,251,259,236,226,247,279,275,275,252,278,292,294,259,261,242,244,222,216,212,178,172,176
TLJ45,Mid Kent,I (55-56),Accommodation and food service activities,184,197,203,237,243,235,237,237,240,232,225,214,220,231,225,229,228,209,206,224,225,236,164,211,264
TLJ45,Mid Kent,J (58-63),Information and communication,34,40,49,52,64,76,85,96,97,103,111,114,123,143,154,154,149,178,171,190,216,248,256,279,249
TLJ45,Mid Kent,K (64-66),Financial and insurance activities,88,91,124,112,123,157,197,177,175,214,260,209,183,152,218,206,223,233,126,110,95,115,180,221,270
TLJ45,Mid Kent,L (68),"Real estate activities, excluding imputed rental",183,172,170,170,184,198,205,213,209,197,212,214,232,232,210,243,269,262,271,300,274,287,283,310,305
TLJ45,Mid Kent,M (69-75),"Professional, scientific and technical activities",266,265,281,326,337,323,341,387,411,403,367,360,359,341,367,392,382,402,393,362,382,392,391,381,370
TLJ45,Mid Kent,N (77-82),Administrative and support service activities,230,215,212,206,214,220,244,283,296,311,334,314,294,299,323,335,347,408,419,478,456,471,479,426,488
TLJ45,Mid Kent,O (84),Public administration and defence,629,558,556,534,523,509,522,562,608,643,657,696,693,737,625,588,598,585,592,546,528,568,546,540,550
TLJ45,Mid Kent,P (85),Education,355,354,339,348,342,337,353,314,322,326,328,327,341,340,330,341,337,355,350,340,361,420,333,398,475
TLJ45,Mid Kent,Q (86-88),Human health and social work activities,447,424,426,505,539,594,597,599,594,607,666,596,635,644,595,578,578,612,654,663,688,706,451,650,692
TLJ45,Mid Kent,R (90-93),"Arts, entertainment and recreation",52,58,68,66,67,80,83,91,95,94,85,79,79,82,69,71,71,69,68,80,83,74,54,59,76
TLJ45,Mid Kent,S (94-96),Other service activities,145,154,170,160,156,164,154,167,167,181,177,176,176,178,213,221,253,273,292,221,221,200,206,213,223
TLJ45,Mid Kent,T (97-98),Activities of households,15,14,17,18,18,17,18,17,16,15,16,15,22,18,16,15,15,15,16,18,24,26,19,15,13
TLJ46,West Kent,AB (1-9),"Agriculture, forestry and fishing; mining and quarrying",56,59,57,54,71,75,67,73,75,74,96,89,71,97,87,82,92,87,80,80,82,93,89,80,83
TLJ46,West Kent,C (10-33),Manufacturing,504,553,517,541,575,595,608,600,604,624,628,564,601,561,560,595,571,560,570,576,605,668,707,929,561
TLJ46,West Kent,DE (35-39),"Electricity, gas, water; sewerage and waste management",381,401,331,320,315,314,277,302,308,306,329,310,317,320,297,343,307,307,323,314,335,323,286,320,308
TLJ46,West Kent,F (41-43),Construction,1305,1388,1277,1329,1338,1399,1362,1417,1378,1359,1239,1039,1171,1259,1244,1352,1185,1361,1313,1351,1338,1365,1327,1397,1504
TLJ46,West Kent,G (45-47),Wholesale and retail trade; repair of motor vehicles,1167,1163,1286,1247,1228,1150,1211,1253,1295,1384,1349,1142,1272,1326,1309,1279,1305,1335,1439,1505,1461,1456,1315,1257,1290
TLJ46,West Kent,H (49-53),Transportation and storage,390,391,353,345,344,328,315,342,375,370,366,325,345,371,377,350,318,283,268,262,297,312,344,292,297
TLJ46,West Kent,I (55-56),Accommodation and food service activities,192,205,212,248,254,246,248,248,250,242,235,224,230,242,223,242,237,232,231,241,240,243,174,237,287
TLJ46,West Kent,J (58-63),Information and communication,68,81,98,107,126,147,161,180,186,193,198,203,214,247,273,289,334,377,390,465,571,622,610,581,605
TLJ46,West Kent,K (64-66),Financial and insurance activities,1127,1169,1245,1091,966,987,887,996,762,818,1019,1107,1229,1136,1123,1147,1092,1168,1399,1577,1577,1431,1582,1538,1558
TLJ46,West Kent,L (68),"Real estate activities, excluding imputed rental",433,406,409,414,446,478,503,520,503,485,503,504,543,546,608,585,680,736,745,785,751,800,802,787,725
TLJ46,West Kent,M (69-75),"Professional, scientific and technical activities",499,493,514,597,611,584,640,721,745,747,698,695,697,666,721,802,848,893,939,933,972,990,925,979,1105
TLJ46,West Kent,N (77-82),Administrative and support service activities,386,342,332,325,339,340,384,453,483,524,572,545,517,530,587,539,605,678,718,681,719,831,766,759,782
TLJ46,West Kent,O (84),Public administration and defence,266,236,235,226,221,215,221,238,257,272,278,295,289,273,219,211,226,227,215,199,197,216,194,200,209
TLJ46,West Kent,P (85),Education,589,587,562,577,566,558,584,520,534,540,544,542,565,564,559,566,548,578,585,580,624,682,531,579,685
TLJ46,West Kent,Q (86-88),Human health and social work activities,408,388,397,460,484,529,529,529,534,535,586,526,546,591,526,498,539,574,563,591,611,614,455,632,775
TLJ46,West Kent,R (90-93),"Arts, entertainment and recreation",73,85,100,97,97,116,118,130,138,137,122,113,113,118,104,95,94,94,101,118,120,109,67,93,103
TLJ46,West Kent,S (94-96),Other service activities,158,160,171,163,160,169,163,175,175,184,179,168,165,169,187,209,215,219,233,237,230,253,241,241,301
TLJ46,West Kent,T (97-98),Activities of households,20,19,23,24,24,23,23,22,21,19,20,19,28,23,20,19,19,19,19,22,29,32,23,18,16
TLK11,"Bristol, City of",AB (1-9),"Agriculture, forestry and fishing; mining and quarrying",6,5,7,7,5,4,4,3,4,3,4,5,7,5,3,3,3,2,2,3,3,6,4,6,6
TLK11,"Bristol, City of",C (10-33),Manufacturing,859,872,859,830,942,972,1022,1001,1036,1046,945,905,909,843,831,834,734,457,482,510,528,529,529,574,618
TLK11,"Bristol, City of",DE (35-39),"Electricity, gas, water; sewerage and waste management",279,301,298,394,376,390,334,273,279,253,194,187,190,160,139,180,213,288,432,444,362,369,371,352,163
TLK11,"Bristol, City of",F (41-43),Construction,737,787,778,931,884,801,766,754,744,747,700,618,678,713,719,727,811,815,792,952,897,1008,952,1108,1184
TLK11,"Bristol, City of",G (45-47),Wholesale and retail trade; repair of motor vehicles,1142,1077,1202,1284,1234,1186,1185,1214,1277,1302,1244,1163,1282,1300,1330,1309,1516,1479,1681,1997,1921,1932,1418,1880,1787
TLK11,"Bristol, City of",H (49-53),Transportation and storage,558,618,627,663,605,590,584,568,558,557,584,536,596,640,553,587,577,603,545,543,524,535,434,414,465
TLK11,"Bristol, City of",I (55-56),Accommodation and food service activities,305,314,313,305,316,334,347,333,306,328,328,316,324,345,337,379,386,352,393,436,367,395,238,329,412
TLK11,"Bristol, City of",J (58-63),Information and communication,143,161,195,222,246,283,309,334,342,376,371,401,410,421,419,445,546,576,660,710,807,930,1275,1441,1711
TLK11,"Bristol, City of",K (64-66),Financial and insurance activities,1175,1231,1322,1400,1484,1511,1600,1709,1694,2221,2479,2464,2492,2230,2643,2101,1620,1983,2001,2173,1835,1518,1339,1381,1170
TLK11,"Bristol, City of",L (68),"Real estate activities, excluding imputed rental",523,520,490,496,465,502,520,518,532,504,518,507,551,564,562,509,639,594,662,733,742,824,661,725,765
TLK11,"Bristol, City of",M (69-75),"Professional, scientific and technical activities",926,926,995,1057,1034,1061,1179,1190,1232,1295,1275,1229,1363,1322,1297,1538,1549,1614,1633,1563,1610,1812,1825,2267,2551
TLK11,"Bristol, City of",N (77-82),Administrative and support service activities,659,663,690,768,705,744,795,784,787,902,961,938,1023,1018,1018,1068,1183,1326,1198,952,729,693,641,733,821
TLK11,"Bristol, City of",O (84),Public administration and defence,826,844,851,887,889,919,937,855,883,854,919,927,848,894,768,733,719,639,692,748,776,823,836,836,877
TLK11,"Bristol, City of",P (85),Education,952,1041,1072,1122,1098,1059,1075,1012,965,992,1032,1012,973,968,1043,1045,1074,1103,1050,1056,1129,1245,932,1095,1212
TLK11,"Bristol, City of",Q (86-88),Human health and social work activities,867,821,845,865,1002,1023,1039,1081,1102,1108,1128,1102,1133,1131,1269,1329,1420,1495,1556,1555,1527,1437,983,1544,1746
TLK11,"Bristol, City of",R (90-93),"Arts, entertainment and recreation",157,162,167,178,186,235,238,240,234,215,206,213,202,200,199,223,234,184,160,186,191,199,120,180,208
TLK11,"Bristol, City of",S (94-96),Other service activities,190,184,186,184,196,195,190,190,188,168,176,179,174,157,178,180,184,199,257,359,352,370,356,372,438
TLK11,"Bristol, City of",T (97-98),Activities of households,30,32,41,40,24,17,19,30,25,24,26,27,30,35,39,30,33,25,37,40,49,51,39,32,29
TLK12,"Bath and North East Somerset, North Somerset and South Gloucestershire",AB (1-9),"Agriculture, forestry and fishing; mining and quarrying",60,68,67,69,96,84,71,80,86,66,76,72,71,94,99,102,122,88,75,88,81,93,73,72,75
TLK12,"Bath and North East Somerset, North Somerset and South Gloucestershire",C (10-33),Manufacturing,1955,2140,2317,2384,2589,2859,3027,3134,3512,3473,3588,3146,3040,3154,2852,2453,2464,2362,2184,2228,2223,2323,2537,2517,2681
TLK12,"Bath and North East Somerset, North Somerset and South Gloucestershire",DE (35-39),"Electricity, gas, water; sewerage and waste management",555,523,481,472,569,586,547,508,536,440,383,338,342,315,352,367,324,402,508,545,559,664,686,573,393
TLK12,"Bath and North East Somerset, North Somerset and South Gloucestershire",F (41-43),Construction,1343,1406,1435,1637,1632,1563,1495,1428,1415,1382,1245,1043,1177,1227,1204,1300,1422,1573,1637,1660,1484,1440,1272,1552,1715
TLK12,"Bath and North East Somerset, North Somerset and South Gloucestershire",G (45-47),Wholesale and retail trade; repair of motor vehicles,1401,1351,1518,1611,1565,1509,1535,1553,1598,1616,1528,1427,1613,1604,1600,1535,1718,1705,1597,1606,1709,1658,1381,1778,1848
TLK12,"Bath and North East Somerset, North Somerset and South Gloucestershire",H (49-53),Transportation and storage,634,706,711,758,733,740,786,779,798,838,863,781,827,869,837,813,775,779,855,894,952,950,777,929,1065
TLK12,"Bath and North East Somerset, North Somerset and South Gloucestershire",I (55-56),Accommodation and food service activities,455,469,466,455,470,499,517,497,458,489,488,469,482,514,562,600,588,540,598,650,600,666,378,496,602
TLK12,"Bath and North East Somerset, North Somerset and South Gloucestershire",J (58-63),Information and communication,110,128,164,219,268,322,346,370,388,448,461,521,579,673,727,696,777,733,776,798,951,968,1252,1361,1606
TLK12,"Bath and North East Somerset, North Somerset and South Gloucestershire",K (64-66),Financial and insurance activities,817,885,947,846,805,776,740,978,713,1066,1136,1114,1313,1013,1024,1081,1273,953,963,892,924,963,933,776,818
TLK12,"Bath and North East Somerset, North Somerset and South Gloucestershire",L (68),"Real estate activities, excluding imputed rental",452,451,424,430,403,435,449,447,460,434,448,438,478,488,504,561,552,543,602,654,657,730,887,734,679
TLK12,"Bath and North East Somerset, North Somerset and South Gloucestershire",M (69-75),"Professional, scientific and technical activities",777,795,856,933,960,965,1043,1045,1043,1110,1142,1069,1151,1112,1213,1258,1349,1347,1198,1051,950,991,1025,1207,1112
TLK12,"Bath and North East Somerset, North Somerset and South Gloucestershire",N (77-82),Administrative and support service activities,323,359,388,425,387,410,453,452,451,509,527,524,541,620,1148,1570,1998,2367,2515,2583,2651,2686,2680,2723,2950
TLK12,"Bath and North East Somerset, North Somerset and South Gloucestershire",O (84),Public administration and defence,1198,1225,1235,1286,1290,1333,1359,1241,1281,1239,1332,1344,1389,1450,1339,1296,1345,1226,1312,1306,1425,1544,1505,1520,1576
TLK12,"Bath and North East Somerset, North Somerset and South Gloucestershire",P (85),Education,1198,1309,1348,1411,1381,1332,1352,1272,1213,1248,1298,1273,1223,1217,1233,1141,1197,1209,1214,1224,1272,1358,1046,1227,1356
TLK12,"Bath and North East Somerset, North Somerset and South Gloucestershire",Q (86-88),Human health and social work activities,904,859,887,908,1039,1062,1084,1125,1143,1150,1171,1145,1180,1208,1308,1289,1216,1224,1265,1250,1280,1169,771,1197,1365
TLK12,"Bath and North East Somerset, North Somerset and South Gloucestershire",R (90-93),"Arts, entertainment and recreation",117,121,126,141,150,186,187,184,180,164,159,163,155,155,148,150,151,148,146,150,156,169,90,142,180
TLK12,"Bath and North East Somerset, North Somerset and South Gloucestershire",S (94-96),Other service activities,225,232,243,247,263,262,250,250,242,231,233,237,234,210,236,244,240,260,277,303,344,330,271,262,272
TLK12,"Bath and North East Somerset, North Somerset and South Gloucestershire",T (97-98),Activities of households,46,48,63,61,38,26,30,46,38,36,40,41,46,53,58,45,49,37,54,59,72,75,57,47,44
TLK13,Gloucestershire CC,AB (1-9),"Agriculture, forestry and fishing; mining and quarrying",118,139,134,137,195,181,158,177,178,148,196,186,169,224,209,177,246,220,189,192,181,219,169,173,170
TLK13,Gloucestershire CC,C (10-33),Manufacturing,1652,1783,1922,2033,2202,2316,2364,2467,2574,2607,2497,2353,2470,2536,2569,2694,2671,2605,2537,2841,2958,2913,2736,2914,2870
TLK13,Gloucestershire CC,DE (35-39),"Electricity, gas, water; sewerage and waste management",756,788,752,778,661,741,594,582,606,596,506,450,422,378,474,505,568,606,551,619,453,471,442,361,462
TLK13,Gloucestershire CC,F (41-43),Construction,998,1059,1062,1250,1204,1116,1073,1032,1020,1012,920,789,883,927,920,954,1062,1177,1160,1191,1081,1130,1002,1268,1269
TLK13,Gloucestershire CC,G (45-47),Wholesale and retail trade; repair of motor vehicles,1835,1737,1937,2072,1993,1914,1915,1956,2051,2087,1993,1858,2057,2076,2165,1988,2217,2382,2040,2182,2353,2598,2165,2620,2004
TLK13,Gloucestershire CC,H (49-53),Transportation and storage,434,488,495,525,495,496,518,497,504,531,542,481,508,534,508,531,511,394,387,347,337,344,319,335,329
TLK13,Gloucestershire CC,I (55-56),Accommodation and food service activities,428,441,439,428,443,469,487,467,431,460,460,442,454,484,456,574,589,621,661,720,653,738,425,601,701
TLK13,Gloucestershire CC,J (58-63),Information and communication,136,149,174,204,227,268,284,314,318,351,348,358,375,390,394,447,565,593,701,760,830,843,1105,996,945
TLK13,Gloucestershire CC,K (64-66),Financial and insurance activities,1165,1263,1360,1220,1154,1119,1065,1396,1025,1535,1635,1614,1881,1470,1379,1384,1312,1163,1249,1473,1675,1681,1811,1625,1681
TLK13,Gloucestershire CC,L (68),"Real estate activities, excluding imputed rental",376,368,349,355,330,356,382,380,387,376,375,365,393,402,400,520,440,431,475,543,544,570,593,640,630
TLK13,Gloucestershire CC,M (69-75),"Professional, scientific and technical activities",601,617,672,736,765,778,851,863,850,882,894,841,940,918,999,986,1010,961,935,888,859,885,818,938,880
TLK13,Gloucestershire CC,N (77-82),Administrative and support service activities,332,332,335,364,320,327,358,357,363,415,445,419,443,433,394,437,451,488,490,572,534,485,374,447,440
TLK13,Gloucestershire CC,O (84),Public administration and defence,966,987,996,1037,1040,1075,1096,1000,1033,999,1074,1084,1184,1144,1072,1018,1042,950,1025,977,953,1026,997,959,996
TLK13,Gloucestershire CC,P (85),Education,872,952,981,1027,1005,970,984,926,883,908,945,926,890,886,977,969,986,982,1017,944,919,965,783,970,1069
TLK13,Gloucestershire CC,Q (86-88),Human health and social work activities,1014,973,1016,1033,1144,1171,1216,1251,1258,1265,1292,1271,1312,1354,1308,1199,1287,1365,1360,1368,1426,1480,1137,1455,1611
TLK13,Gloucestershire CC,R (90-93),"Arts, entertainment and recreation",166,168,178,197,209,261,262,260,259,235,229,235,222,217,211,214,220,198,179,185,197,185,131,178,207
TLK13,Gloucestershire CC,S (94-96),Other service activities,239,236,241,239,253,247,238,236,232,218,225,226,226,207,208,208,222,199,226,240,239,242,204,183,205
TLK13,Gloucestershire CC,T (97-98),Activities of households,43,45,59,57,35,24,28,43,36,34,37,38,43,49,54,41,46,35,50,55,66,69,53,44,40
TLK14,Swindon,AB (1-9),"Agriculture, forestry and fishing; mining and quarrying",4,4,4,4,6,6,5,6,6,5,7,7,6,8,6,5,12,15,9,8,8,11,13,18,25
TLK14,Swindon,C (10-33),Manufacturing,748,730,805,960,1083,1148,1134,1243,1450,1507,1776,1499,1469,1333,1431,1410,1537,1520,1438,1456,1454,1453,1456,1204,1082
TLK14,Swindon,DE (35-39),"Electricity, gas, water; sewerage and waste management",1235,1497,1256,1448,1448,1963,1838,1755,1976,2228,2089,1836,1686,1408,1220,1245,1252,1450,1138,753,1004,1208,908,576,896
TLK14,Swindon,F (41-43),Construction,427,466,457,569,511,447,442,415,408,416,363,314,357,381,400,412,408,396,391,429,399,314,255,313,356
TLK14,Swindon,G (45-47),Wholesale and retail trade; repair of motor vehicles,847,810,896,969,927,887,884,900,938,949,906,834,932,928,890,876,948,971,935,1003,979,863,649,845,817
TLK14,Swindon,H (49-53),Transportation and storage,364,403,399,427,400,393,424,404,396,405,430,395,412,439,433,390,418,460,454,398,388,366,318,311,349
TLK14,Swindon,I (55-56),Accommodation and food service activities,176,181,182,178,184,194,201,193,176,190,193,185,190,202,168,181,176,146,164,172,153,155,94,112,127
TLK14,Swindon,J (58-63),Information and communication,20,23,30,41,50,61,65,70,74,85,88,98,109,127,137,178,253,443,508,447,281,266,299,295,231
TLK14,Swindon,K (64-66),Financial and insurance activities,396,412,422,452,511,507,553,608,601,765,868,833,877,755,764,630,921,1095,1515,1608,1833,1993,1861,1872,2373
TLK14,Swindon,L (68),"Real estate activities, excluding imputed rental",175,174,164,166,156,168,174,174,178,169,174,170,185,189,163,184,231,291,292,269,243,199,192,203,200
TLK14,Swindon,M (69-75),"Professional, scientific and technical activities",288,298,321,365,383,387,422,426,406,427,444,417,468,459,497,547,585,656,583,663,729,769,656,845,909
TLK14,Swindon,N (77-82),Administrative and support service activities,438,544,623,682,645,709,777,778,766,865,861,922,949,1258,1150,1182,1032,791,684,866,988,929,894,1103,1011
TLK14,Swindon,O (84),Public administration and defence,226,231,233,242,243,251,256,234,241,233,251,253,234,224,199,195,221,193,205,212,228,183,181,186,197
TLK14,Swindon,P (85),Education,208,227,234,245,240,231,235,221,211,217,225,221,212,211,295,285,287,278,266,270,259,270,225,252,280
TLK14,Swindon,Q (86-88),Human health and social work activities,298,287,296,309,343,355,365,375,382,390,397,374,414,420,416,445,433,436,448,450,443,429,278,416,475
TLK14,Swindon,R (90-93),"Arts, entertainment and recreation",55,55,55,60,62,85,88,86,83,73,72,72,65,63,58,63,71,61,49,47,48,48,30,42,50
TLK14,Swindon,S (94-96),Other service activities,175,172,175,175,189,194,192,193,192,164,170,178,166,145,157,148,152,142,133,148,130,148,161,140,168
TLK14,Swindon,T (97-98),Activities of households,14,14,19,18,11,8,9,14,12,11,13,13,15,17,19,15,16,12,18,20,24,25,19,16,14
TLK15,Wiltshire,AB (1-9),"Agriculture, forestry and fishing; mining and quarrying",93,108,104,104,147,137,121,137,135,118,165,154,142,185,159,166,241,210,158,168,168,184,145,143,166
TLK15,Wiltshire,C (10-33),Manufacturing,746,835,856,867,900,910,885,938,960,1002,908,801,848,831,889,951,1014,1073,1192,1217,1276,1376,1478,1532,1501
TLK15,Wiltshire,DE (35-39),"Electricity, gas, water; sewerage and waste management",120,136,138,154,140,171,168,155,166,201,207,195,195,172,167,177,194,226,244,310,266,256,274,275,186
TLK15,Wiltshire,F (41-43),Construction,874,920,932,1077,1058,1000,959,918,909,894,808,683,768,803,790,851,862,924,729,761,756,820,649,850,820
TLK15,Wiltshire,G (45-47),Wholesale and retail trade; repair of motor vehicles,1066,1009,1132,1203,1162,1119,1126,1149,1202,1224,1166,1093,1212,1226,1292,1202,1321,1367,1245,1281,1318,1310,1031,1348,1275
TLK15,Wiltshire,H (49-53),Transportation and storage,317,357,361,382,353,350,353,335,339,356,357,315,341,361,350,351,339,275,269,272,261,256,192,196,232
TLK15,Wiltshire,I (55-56),Accommodation and food service activities,343,354,351,342,353,375,390,374,347,368,365,351,361,386,378,455,436,421,447,471,431,472,290,393,435
TLK15,Wiltshire,J (58-63),Information and communication,37,44,58,79,98,117,127,134,143,166,170,194,217,258,282,296,325,304,329,351,420,421,540,554,581
TLK15,Wiltshire,K (64-66),Financial and insurance activities,478,513,540,503,505,488,484,615,484,695,754,730,842,666,651,644,702,498,354,140,61,76,67,84,94
TLK15,Wiltshire,L (68),"Real estate activities, excluding imputed rental",456,444,422,430,398,430,466,463,471,462,456,444,474,486,561,454,497,531,477,498,613,584,613,657,749
TLK15,Wiltshire,M (69-75),"Professional, scientific and technical activities",626,637,687,770,852,879,977,1007,939,949,980,918,1068,1068,1178,1069,1121,1021,1163,1149,1196,1090,1080,1103,1345
TLK15,Wiltshire,N (77-82),Administrative and support service activities,173,175,174,185,159,159,179,182,186,214,235,222,234,230,225,298,348,410,482,518,425,386,320,340,342
TLK15,Wiltshire,O (84),Public administration and defence,1423,1455,1467,1528,1532,1584,1615,1474,1522,1472,1583,1597,1581,1655,1623,1600,1597,1488,1598,1558,1528,1509,1604,1591,1692
TLK15,Wiltshire,P (85),Education,601,657,677,709,694,669,679,639,609,627,652,639,614,611,627,622,617,610,665,692,663,698,577,688,759
TLK15,Wiltshire,Q (86-88),Human health and social work activities,522,499,515,532,599,616,632,652,662,671,684,657,693,711,747,829,834,880,858,862,903,891,604,784,928
TLK15,Wiltshire,R (90-93),"Arts, entertainment and recreation",108,108,114,128,136,171,172,170,169,153,149,152,143,140,123,120,124,124,110,105,109,112,72,93,107
TLK15,Wiltshire,S (94-96),Other service activities,198,199,205,206,220,219,211,210,206,191,196,199,195,176,203,210,219,202,208,223,216,243,223,173,168
TLK15,Wiltshire,T (97-98),Activities of households,33,34,45,44,27,19,22,33,28,26,29,30,34,39,43,33,36,27,40,43,52,55,42,35,32
TLK23,Somerset CC,AB (1-9),"Agriculture, forestry and fishing; mining and quarrying",130,149,133,141,232,222,185,201,206,167,220,226,225,292,240,219,351,297,253,274,252,292,303,244,268
TLK23,Somerset CC,C (10-33),Manufacturing,1264,1408,1514,1536,1588,1608,1761,1776,1921,1767,1831,1675,1674,1815,1764,1674,1724,1664,1675,1786,1938,1990,2326,2195,2070
TLK23,Somerset CC,DE (35-39),"Electricity, gas, water; sewerage and waste management",518,591,520,576,522,584,554,572,589,561,459,454,399,386,389,413,406,509,529,464,427,450,445,357,340
TLK23,Somerset CC,F (41-43),Construction,818,915,930,887,912,953,914,911,831,778,746,656,720,738,697,747,792,827,775,878,897,846,767,809,840
TLK23,Somerset CC,G (45-47),Wholesale and retail trade; repair of motor vehicles,1140,1152,1274,1253,1226,1231,1339,1394,1456,1423,1368,1270,1380,1331,1292,1177,1282,1317,1361,1449,1422,1418,1118,1253,1329
TLK23,Somerset CC,H (49-53),Transportation and storage,424,461,457,446,391,404,400,404,428,431,424,389,389,375,356,360,395,372,359,358,419,384,369,445,459
TLK23,Somerset CC,I (55-56),Accommodation and food service activities,417,438,447,430,472,477,484,472,463,462,447,430,437,453,444,467,479,444,455,507,467,451,310,419,504
TLK23,Somerset CC,J (58-63),Information and communication,62,74,100,111,123,152,156,161,186,199,176,181,173,192,191,167,186,201,236,219,234,250,286,265,280
TLK23,Somerset CC,K (64-66),Financial and insurance activities,216,205,217,211,226,246,250,294,274,351,431,360,323,307,308,298,387,379,379,375,408,288,274,276,274
TLK23,Somerset CC,L (68),"Real estate activities, excluding imputed rental",300,331,351,341,336,356,373,362,372,354,384,376,421,424,405,403,459,430,486,495,511,501,482,483,533
TLK23,Somerset CC,M (69-75),"Professional, scientific and technical activities",341,349,401,412,396,408,441,477,501,519,470,442,460,452,486,502,543,533,552,610,557,585,602,599,628
TLK23,Somerset CC,N (77-82),Administrative and support service activities,235,255,285,318,299,321,333,380,391,404,411,381,391,393,399,390,391,385,360,419,436,438,396,491,557
TLK23,Somerset CC,O (84),Public administration and defence,654,665,695,652,629,618,570,634,666,617,661,743,704,670,636,633,598,600,587,677,678,726,671,671,707
TLK23,Somerset CC,P (85),Education,885,843,785,778,672,659,689,715,739,713,706,651,612,631,677,673,706,681,650,631,664,709,559,636,732
TLK23,Somerset CC,Q (86-88),Human health and social work activities,796,776,776,850,937,906,909,993,952,1017,1011,967,1010,1073,1112,1127,1113,1150,1131,1183,1129,1080,735,994,1101
TLK23,Somerset CC,R (90-93),"Arts, entertainment and recreation",108,117,145,135,130,132,149,140,163,149,147,147,142,139,148,166,165,155,126,144,145,138,86,148,152
TLK23,Somerset CC,S (94-96),Other service activities,174,166,184,184,176,156,165,150,161,154,151,164,160,149,152,157,185,202,198,223,238,229,164,270,312
TLK23,Somerset CC,T (97-98),Activities of households,44,46,52,55,35,34,32,30,28,30,33,35,44,34,37,34,32,27,28,25,37,42,30,24,24
TLK24,"Bournemouth, Christchurch and Poole",AB (1-9),"Agriculture, forestry and fishing; mining and quarrying",3,3,3,3,4,4,4,4,4,4,5,6,5,5,6,5,6,8,6,5,5,9,8,8,9
TLK24,"Bournemouth, Christchurch and Poole",C (10-33),Manufacturing,474,537,547,596,657,649,724,703,780,775,762,672,726,721,792,826,833,774,715,790,815,828,851,822,787
TLK24,"Bournemouth, Christchurch and Poole",DE (35-39),"Electricity, gas, water; sewerage and waste management",299,344,300,344,313,338,310,301,309,292,247,237,214,208,230,236,192,275,320,340,316,318,272,255,228
TLK24,"Bournemouth, Christchurch and Poole",F (41-43),Construction,651,733,745,712,730,775,738,735,672,627,612,541,589,610,653,669,628,738,801,856,812,716,655,728,798
TLK24,"Bournemouth, Christchurch and Poole",G (45-47),Wholesale and retail trade; repair of motor vehicles,876,889,985,969,952,951,1030,1063,1105,1080,1035,958,1032,1000,990,999,1069,1113,1157,1157,1061,1063,900,1021,939
TLK24,"Bournemouth, Christchurch and Poole",H (49-53),Transportation and storage,311,363,389,344,314,344,341,350,372,366,387,380,363,356,363,380,355,304,281,263,233,234,177,233,258
TLK24,"Bournemouth, Christchurch and Poole",I (55-56),Accommodation and food service activities,324,340,348,335,367,370,375,367,359,358,345,333,338,350,355,360,375,343,359,395,371,341,246,336,405
TLK24,"Bournemouth, Christchurch and Poole",J (58-63),Information and communication,49,61,84,94,106,138,143,149,173,183,170,182,180,204,201,229,278,305,339,400,452,425,539,506,507
TLK24,"Bournemouth, Christchurch and Poole",K (64-66),Financial and insurance activities,991,1005,1055,1065,1082,1219,1169,1346,1266,1602,1966,1764,1586,1555,1448,1402,1346,1252,1344,1583,1595,1638,1529,1712,1621
TLK24,"Bournemouth, Christchurch and Poole",L (68),"Real estate activities, excluding imputed rental",291,320,343,337,332,350,366,356,370,359,378,373,411,413,434,431,445,451,520,539,505,533,623,564,562
TLK24,"Bournemouth, Christchurch and Poole",M (69-75),"Professional, scientific and technical activities",309,312,361,367,346,364,390,421,441,456,410,381,392,391,397,450,497,518,535,589,520,567,512,545,539
TLK24,"Bournemouth, Christchurch and Poole",N (77-82),Administrative and support service activities,159,182,205,224,205,224,228,254,259,272,281,257,261,269,252,313,334,324,338,322,322,339,282,328,349
TLK24,"Bournemouth, Christchurch and Poole",O (84),Public administration and defence,364,370,387,363,350,344,317,353,371,343,368,413,393,370,360,363,362,358,356,382,364,381,352,327,353
TLK24,"Bournemouth, Christchurch and Poole",P (85),Education,812,773,720,714,617,605,632,655,678,654,648,597,561,579,614,614,616,615,621,599,612,676,563,630,723
TLK24,"Bournemouth, Christchurch and Poole",Q (86-88),Human health and social work activities,838,819,817,890,959,933,939,1024,982,1039,1032,991,990,1038,989,990,1033,1016,1020,1081,1070,1065,735,1096,1180
TLK24,"Bournemouth, Christchurch and Poole",R (90-93),"Arts, entertainment and recreation",101,107,125,125,118,128,149,138,148,130,127,120,111,115,110,114,125,143,159,168,149,140,86,109,144
TLK24,"Bournemouth, Christchurch and Poole",S (94-96),Other service activities,170,166,180,182,179,159,164,151,159,156,159,178,173,164,148,153,148,165,177,198,199,179,122,200,271
TLK24,"Bournemouth, Christchurch and Poole",T (97-98),Activities of households,31,32,37,38,24,23,22,20,19,21,23,24,31,24,26,24,23,20,20,18,27,29,21,17,17
TLK25,Dorset,AB (1-9),"Agriculture, forestry and fishing; mining and quarrying",1500,1569,1313,1261,1344,1214,1111,1077,899,822,874,828,725,670,584,504,584,587,551,543,498,512,535,439,415
TLK25,Dorset,C (10-33),Manufacturing,577,629,644,632,678,660,702,699,745,718,728,693,757,735,759,799,843,820,820,841,908,935,1047,1028,958
TLK25,Dorset,DE (35-39),"Electricity, gas, water; sewerage and waste management",118,129,123,128,106,104,99,99,95,89,81,90,91,88,83,88,82,91,113,69,66,57,64,67,73
TLK25,Dorset,F (41-43),Construction,644,724,736,702,717,759,725,719,655,612,602,535,581,603,579,613,651,626,593,619,619,629,545,652,684
TLK25,Dorset,G (45-47),Wholesale and retail trade; repair of motor vehicles,620,629,700,688,675,676,735,757,792,773,743,693,741,716,732,656,694,752,756,801,754,766,648,742,696
TLK25,Dorset,H (49-53),Transportation and storage,148,164,169,168,147,153,157,162,167,162,169,162,165,169,167,151,149,131,109,101,115,116,104,116,111
TLK25,Dorset,I (55-56),Accommodation and food service activities,276,291,296,285,313,317,322,313,308,307,298,286,291,302,299,321,326,327,333,380,349,337,265,364,392
TLK25,Dorset,J (58-63),Information and communication,24,28,38,42,47,60,64,65,76,82,75,79,76,84,77,86,83,85,123,133,163,154,188,188,216
TLK25,Dorset,K (64-66),Financial and insurance activities,100,108,111,118,144,156,173,185,197,235,273,245,207,204,211,183,158,163,154,102,105,87,89,81,51
TLK25,Dorset,L (68),"Real estate activities, excluding imputed rental",282,310,332,324,320,338,353,343,356,343,365,359,397,400,346,361,368,404,355,371,398,439,432,434,417
TLK25,Dorset,M (69-75),"Professional, scientific and technical activities",302,312,362,401,416,431,476,501,503,527,493,461,532,520,494,506,570,570,502,521,548,533,538,564,652
TLK25,Dorset,N (77-82),Administrative and support service activities,87,97,103,115,112,120,125,145,149,154,160,146,138,135,128,154,177,156,161,165,141,162,139,170,188
TLK25,Dorset,O (84),Public administration and defence,615,625,654,613,591,581,536,596,626,580,621,698,652,613,666,634,585,574,553,609,603,599,543,543,576
TLK25,Dorset,P (85),Education,649,617,575,570,493,483,505,524,541,523,518,477,449,463,466,471,507,503,496,478,497,550,423,465,531
TLK25,Dorset,Q (86-88),Human health and social work activities,486,473,473,518,572,553,555,606,581,621,618,591,587,598,587,545,593,627,642,691,713,683,461,644,697
TLK25,Dorset,R (90-93),"Arts, entertainment and recreation",81,87,106,100,94,98,112,105,120,108,108,108,103,101,100,104,120,97,82,90,82,73,67,82,89
TLK25,Dorset,S (94-96),Other service activities,166,162,176,175,168,151,157,145,156,153,154,172,168,157,165,167,178,185,215,225,236,235,163,271,316
TLK25,Dorset,T (97-98),Activities of households,31,32,36,38,24,23,22,21,19,21,23,24,30,23,25,23,22,19,19,17,25,28,20,16,16
TLK30,Cornwall and Isles of Scilly,AB (1-9),"Agriculture, forestry and fishing; mining and quarrying",317,368,376,382,489,460,424,565,548,446,493,479,394,532,492,482,661,585,546,685,620,666,623,478,440
TLK30,Cornwall and Isles of Scilly,C (10-33),Manufacturing,536,529,550,583,623,704,744,723,725,770,796,765,757,727,750,781,813,781,828,871,893,853,854,1062,1090
TLK30,Cornwall and Isles of Scilly,DE (35-39),"Electricity, gas, water; sewerage and waste management",235,241,252,312,275,327,294,265,265,231,252,234,235,221,227,251,255,302,291,283,279,301,283,239,224
TLK30,Cornwall and Isles of Scilly,F (41-43),Construction,806,844,863,813,868,844,855,898,886,861,769,693,779,805,814,871,911,978,980,1078,1019,1020,1044,1046,1131
TLK30,Cornwall and Isles of Scilly,G (45-47),Wholesale and retail trade; repair of motor vehicles,868,905,986,1030,1032,1088,1048,1086,1128,1102,1059,932,1036,1099,1211,1179,1157,1171,1262,1359,1373,1365,1150,1459,1409
TLK30,Cornwall and Isles of Scilly,H (49-53),Transportation and storage,309,306,308,314,288,293,306,297,351,374,397,383,376,389,360,346,336,317,283,288,292,281,210,269,289
TLK30,Cornwall and Isles of Scilly,I (55-56),Accommodation and food service activities,522,567,553,604,640,701,645,661,631,636,635,607,644,671,660,685,665,690,735,861,894,868,569,857,986
TLK30,Cornwall and Isles of Scilly,J (58-63),Information and communication,9,13,18,21,25,30,33,34,39,44,45,60,58,65,73,81,93,97,115,144,183,221,246,297,311
TLK30,Cornwall and Isles of Scilly,K (64-66),Financial and insurance activities,174,166,172,169,217,210,242,269,285,355,324,316,284,253,272,269,239,210,207,209,186,178,133,131,164
TLK30,Cornwall and Isles of Scilly,L (68),"Real estate activities, excluding imputed rental",280,288,288,300,368,409,419,407,421,386,473,426,423,417,428,446,444,449,454,513,524,539,556,606,598
TLK30,Cornwall and Isles of Scilly,M (69-75),"Professional, scientific and technical activities",271,298,280,281,325,381,382,385,422,403,381,373,425,393,389,376,393,398,408,402,408,420,391,486,508
TLK30,Cornwall and Isles of Scilly,N (77-82),Administrative and support service activities,124,132,129,146,177,191,199,212,223,223,234,226,213,227,220,225,257,278,307,332,319,319,271,379,397
TLK30,Cornwall and Isles of Scilly,O (84),Public administration and defence,760,723,738,762,718,684,716,722,858,863,862,759,755,697,688,743,725,747,749,841,790,738,672,706,748
TLK30,Cornwall and Isles of Scilly,P (85),Education,571,626,730,734,711,668,674,678,649,607,589,577,547,556,574,570,553,557,577,571,586,639,513,589,667
TLK30,Cornwall and Isles of Scilly,Q (86-88),Human health and social work activities,807,720,728,822,725,812,865,926,971,996,991,850,872,971,905,882,899,944,998,1033,1004,1021,758,1108,1165
TLK30,Cornwall and Isles of Scilly,R (90-93),"Arts, entertainment and recreation",107,108,127,101,107,111,149,132,173,150,154,157,161,157,150,154,163,159,151,154,157,156,108,165,191
TLK30,Cornwall and Isles of Scilly,S (94-96),Other service activities,187,183,190,202,202,187,201,211,219,209,204,207,207,195,181,192,194,187,190,201,216,193,159,206,223
TLK30,Cornwall and Isles of Scilly,T (97-98),Activities of households,52,33,42,42,50,46,40,36,29,30,41,36,49,34,41,31,28,26,25,32,45,49,38,29,49
TLK41,Plymouth,AB (1-9),"Agriculture, forestry and fishing; mining and quarrying",7,8,7,12,13,12,13,14,14,12,10,11,11,10,11,12,16,13,8,10,10,15,20,11,10
TLK41,Plymouth,C (10-33),Manufacturing,593,666,653,750,744,771,816,776,901,913,941,804,799,889,810,823,835,732,733,854,866,937,968,1042,1173
TLK41,Plymouth,DE (35-39),"Electricity, gas, water; sewerage and waste management",243,264,243,321,279,248,216,161,152,143,137,151,137,131,152,158,148,199,241,173,170,169,158,135,102
TLK41,Plymouth,F (41-43),Construction,315,363,348,329,367,390,404,375,374,350,311,291,334,336,315,310,319,364,339,306,332,358,277,330,332
TLK41,Plymouth,G (45-47),Wholesale and retail trade; repair of motor vehicles,512,499,523,498,511,534,522,535,560,538,495,449,511,492,495,487,498,548,585,606,635,563,504,690,720
TLK41,Plymouth,H (49-53),Transportation and storage,162,176,191,197,183,179,209,204,229,225,252,243,262,283,275,265,279,259,235,231,218,195,139,148,144
TLK41,Plymouth,I (55-56),Accommodation and food service activities,159,169,164,169,166,173,190,199,186,180,172,172,176,189,184,195,173,155,156,178,164,156,98,181,229
TLK41,Plymouth,J (58-63),Information and communication,9,11,15,16,19,25,29,30,32,36,34,35,38,47,54,57,69,87,106,104,102,111,105,139,144
TLK41,Plymouth,K (64-66),Financial and insurance activities,62,66,58,66,80,81,89,86,89,91,133,129,113,88,95,109,93,80,91,101,85,83,43,28,48
TLK41,Plymouth,L (68),"Real estate activities, excluding imputed rental",192,196,191,203,213,236,248,243,248,236,290,258,290,295,297,284,277,267,275,272,255,242,214,202,160
TLK41,Plymouth,M (69-75),"Professional, scientific and technical activities",141,159,167,163,166,198,218,218,227,223,210,208,212,196,192,222,240,232,245,235,253,256,258,279,274
TLK41,Plymouth,N (77-82),Administrative and support service activities,99,107,101,103,103,110,123,127,133,135,138,140,147,155,135,135,139,149,149,150,149,142,131,178,212
TLK41,Plymouth,O (84),Public administration and defence,652,661,652,652,673,656,716,747,778,721,709,726,697,721,760,708,730,755,765,766,748,737,697,717,764
TLK41,Plymouth,P (85),Education,481,496,497,513,472,474,518,516,518,547,517,469,503,526,496,495,471,482,507,501,523,527,416,467,525
TLK41,Plymouth,Q (86-88),Human health and social work activities,476,472,484,500,508,524,597,590,590,569,577,593,628,617,617,660,645,656,671,675,650,676,427,672,768
TLK41,Plymouth,R (90-93),"Arts, entertainment and recreation",83,85,93,96,99,105,120,122,120,108,101,97,72,62,59,59,72,65,58,67,65,66,29,57,75
TLK41,Plymouth,S (94-96),Other service activities,69,66,68,68,72,66,67,70,71,72,70,72,70,66,64,69,69,75,87,100,113,129,94,97,90
TLK41,Plymouth,T (97-98),Activities of households,17,20,25,30,25,18,16,23,21,17,19,13,14,11,12,14,16,12,13,13,14,15,11,12,11
TLK42,Torbay,AB (1-9),"Agriculture, forestry and fishing; mining and quarrying",4,5,5,11,12,12,12,14,12,11,13,15,14,12,10,12,18,14,15,14,10,10,12,10,11
TLK42,Torbay,C (10-33),Manufacturing,56,59,68,82,80,78,88,92,110,106,100,94,88,87,79,73,73,76,83,88,82,89,96,114,104
TLK42,Torbay,DE (35-39),"Electricity, gas, water; sewerage and waste management",64,65,61,66,61,48,41,32,27,22,24,27,27,33,33,33,48,37,41,38,32,28,23,21,16
TLK42,Torbay,F (41-43),Construction,88,102,97,92,102,108,112,103,103,96,87,83,95,96,81,86,84,96,88,90,83,83,61,80,90
TLK42,Torbay,G (45-47),Wholesale and retail trade; repair of motor vehicles,231,227,238,226,231,242,237,247,262,247,228,208,234,228,224,229,232,239,258,264,253,221,202,270,290
TLK42,Torbay,H (49-53),Transportation and storage,62,68,70,74,66,64,71,66,71,75,81,75,76,74,61,60,44,39,38,42,44,40,29,39,45
TLK42,Torbay,I (55-56),Accommodation and food service activities,146,153,146,150,154,164,181,192,182,176,166,165,178,193,188,191,169,168,206,194,156,158,103,180,207
TLK42,Torbay,J (58-63),Information and communication,3,4,6,6,7,8,9,9,9,11,10,10,11,13,15,17,18,19,22,23,24,23,22,36,43
TLK42,Torbay,K (64-66),Financial and insurance activities,24,26,23,25,31,31,35,34,34,36,53,50,45,35,37,39,34,30,35,25,20,18,14,9,10
TLK42,Torbay,L (68),"Real estate activities, excluding imputed rental",37,37,37,40,42,47,50,49,50,49,56,50,55,56,63,61,56,38,36,35,33,40,43,45,45
TLK42,Torbay,M (69-75),"Professional, scientific and technical activities",289,325,311,286,275,264,319,329,344,363,317,239,247,220,176,191,212,192,111,93,101,107,111,162,152
TLK42,Torbay,N (77-82),Administrative and support service activities,45,48,44,45,45,49,55,56,60,61,62,61,62,66,62,56,51,46,49,49,62,64,57,60,45
TLK42,Torbay,O (84),Public administration and defence,116,117,116,116,119,116,127,133,138,128,126,129,130,123,119,127,117,107,119,116,100,109,103,90,96
TLK42,Torbay,P (85),Education,127,131,131,135,124,125,136,136,137,144,136,124,132,139,175,175,166,163,170,167,158,165,144,162,181
TLK42,Torbay,Q (86-88),Human health and social work activities,280,278,284,295,300,309,350,346,346,333,339,347,362,346,354,369,363,382,343,340,314,329,205,323,357
TLK42,Torbay,R (90-93),"Arts, entertainment and recreation",59,61,70,70,73,75,86,88,89,82,75,74,55,48,48,45,48,45,41,48,45,47,21,31,37
TLK42,Torbay,S (94-96),Other service activities,31,29,30,30,32,29,30,31,32,32,32,33,32,30,28,29,26,23,32,31,28,30,24,26,26
TLK42,Torbay,T (97-98),Activities of households,9,10,13,16,13,10,8,12,11,9,10,7,7,5,6,7,8,6,7,7,7,8,6,6,6
TLK43,Devon CC,AB (1-9),"Agriculture, forestry and fishing; mining and quarrying",226,256,236,208,358,335,305,391,407,287,414,396,377,496,435,424,667,557,424,460,406,495,434,391,420
TLK43,Devon CC,C (10-33),Manufacturing,1076,1133,1182,1296,1301,1278,1318,1311,1522,1504,1420,1302,1330,1317,1335,1344,1366,1455,1475,1581,1610,1505,1576,1726,1689
TLK43,Devon CC,DE (35-39),"Electricity, gas, water; sewerage and waste management",985,1032,1004,1197,1083,995,889,755,684,752,747,757,736,724,739,802,690,697,764,833,808,766,710,756,713
TLK43,Devon CC,F (41-43),Construction,1467,1665,1591,1512,1650,1785,1855,1694,1677,1564,1421,1282,1456,1420,1384,1460,1482,1635,1572,1652,1572,1594,1292,1545,1642
TLK43,Devon CC,G (45-47),Wholesale and retail trade; repair of motor vehicles,1562,1529,1610,1545,1590,1667,1640,1774,1858,1740,1609,1451,1688,1621,1681,1755,1860,1941,2029,2077,2020,1892,1604,2294,2199
TLK43,Devon CC,H (49-53),Transportation and storage,515,551,573,576,526,506,564,537,601,627,657,616,626,617,591,583,499,443,408,438,464,469,377,426,485
TLK43,Devon CC,I (55-56),Accommodation and food service activities,627,659,632,650,657,695,765,809,763,739,700,696,738,799,830,856,787,708,744,827,757,765,486,818,928
TLK43,Devon CC,J (58-63),Information and communication,27,34,49,56,70,92,110,121,141,162,145,150,167,204,225,247,323,383,477,575,622,686,690,993,1011
TLK43,Devon CC,K (64-66),Financial and insurance activities,579,588,539,520,532,502,534,572,476,590,752,750,737,632,663,559,547,515,484,506,430,446,383,359,390
TLK43,Devon CC,L (68),"Real estate activities, excluding imputed rental",476,481,475,505,533,592,626,613,623,601,717,638,713,727,659,686,712,742,761,808,831,855,925,1041,1097
TLK43,Devon CC,M (69-75),"Professional, scientific and technical activities",436,490,527,536,555,645,705,709,751,731,692,697,732,730,723,836,851,873,892,892,868,946,910,1049,1125
TLK43,Devon CC,N (77-82),Administrative and support service activities,291,306,287,299,305,323,359,374,398,404,410,418,440,457,471,497,569,604,582,574,580,569,448,616,626
TLK43,Devon CC,O (84),Public administration and defence,1116,1131,1116,1115,1151,1123,1224,1277,1332,1233,1214,1241,1192,1195,1119,1109,1094,1210,1199,1203,1242,1221,1038,1078,1196
TLK43,Devon CC,P (85),Education,1007,1038,1040,1074,987,993,1083,1079,1084,1144,1082,980,1052,1100,1108,1095,1075,1072,1105,1156,1217,1308,1082,1234,1392
TLK43,Devon CC,Q (86-88),Human health and social work activities,1344,1343,1370,1421,1391,1436,1602,1567,1563,1487,1497,1458,1581,1648,1670,1734,1730,1715,1683,1639,1574,1674,1137,1631,1784
TLK43,Devon CC,R (90-93),"Arts, entertainment and recreation",209,215,249,248,258,248,282,295,308,286,292,299,227,190,179,192,207,210,192,196,203,203,128,195,239
TLK43,Devon CC,S (94-96),Other service activities,309,289,301,298,314,289,299,314,319,315,303,317,310,293,273,264,270,284,304,300,296,298,250,313,325
TLK43,Devon CC,T (97-98),Activities of households,47,56,73,89,72,52,46,66,63,49,54,39,41,31,36,41,46,35,38,40,42,45,34,36,33
TLL11,Isle of Anglesey,AB (1-9),"Agriculture, forestry and fishing; mining and quarrying",30,33,40,38,43,46,44,37,29,27,29,29,25,34,25,31,55,54,66,55,54,51,57,49,52
TLL11,Isle of Anglesey,C (10-33),Manufacturing,84,88,95,102,105,105,114,111,113,121,109,87,74,76,79,76,73,86,105,107,122,131,126,103,115
TLL11,Isle of Anglesey,DE (35-39),"Electricity, gas, water; sewerage and waste management",104,107,90,101,103,133,109,108,108,102,85,73,63,60,55,57,39,50,47,44,36,67,57,43,44
TLL11,Isle of Anglesey,F (41-43),Construction,78,77,72,74,72,69,68,70,72,72,66,57,63,66,64,59,66,67,69,67,59,61,56,68,74
TLL11,Isle of Anglesey,G (45-47),Wholesale and retail trade; repair of motor vehicles,86,82,91,93,91,91,96,101,105,103,101,89,100,99,94,97,95,93,99,98,103,105,86,99,102
TLL11,Isle of Anglesey,H (49-53),Transportation and storage,111,122,129,123,112,155,248,250,205,156,172,124,147,185,189,202,194,186,173,178,178,178,114,224,266
TLL11,Isle of Anglesey,I (55-56),Accommodation and food service activities,50,51,49,45,45,47,53,53,55,55,53,47,50,55,57,59,55,55,62,74,76,71,44,69,81
TLL11,Isle of Anglesey,J (58-63),Information and communication,2,2,2,2,2,3,3,3,4,4,4,5,5,6,6,6,6,6,3,3,4,7,8,12,14
TLL11,Isle of Anglesey,K (64-66),Financial and insurance activities,11,11,10,11,13,13,16,17,18,17,21,18,16,15,16,14,11,11,11,3,3,3,3,2,2
TLL11,Isle of Anglesey,L (68),"Real estate activities, excluding imputed rental",26,25,24,22,20,20,20,20,20,20,17,18,20,21,18,17,20,23,26,22,26,24,24,17,18
TLL11,Isle of Anglesey,M (69-75),"Professional, scientific and technical activities",35,35,35,38,40,43,45,45,51,51,44,41,39,36,35,27,19,18,15,15,27,20,16,16,17
TLL11,Isle of Anglesey,N (77-82),Administrative and support service activities,10,10,10,10,11,11,11,12,13,14,15,15,14,14,15,17,27,30,27,31,32,25,23,14,18
TLL11,Isle of Anglesey,O (84),Public administration and defence,56,56,54,62,64,64,68,66,69,72,70,76,73,74,71,67,70,64,68,69,66,71,73,74,72
TLL11,Isle of Anglesey,P (85),Education,65,71,71,70,69,68,70,69,64,62,59,57,58,59,64,60,57,54,55,56,71,88,47,53,58
TLL11,Isle of Anglesey,Q (86-88),Human health and social work activities,40,38,39,42,47,48,49,51,48,47,48,45,48,53,53,55,45,50,58,61,63,56,36,51,66
TLL11,Isle of Anglesey,R (90-93),"Arts, entertainment and recreation",10,9,10,9,9,10,11,11,12,11,11,10,9,10,12,12,12,10,9,9,8,9,6,9,11
TLL11,Isle of Anglesey,S (94-96),Other service activities,14,13,14,13,13,12,12,12,13,12,12,11,11,11,11,13,14,16,17,16,18,19,15,16,17
TLL11,Isle of Anglesey,T (97-98),Activities of households,1,1,2,2,2,2,2,2,2,1,2,1,2,3,2,2,1,2,2,1,1,1,1,1,1
TLL12,Gwynedd,AB (1-9),"Agriculture, forestry and fishing; mining and quarrying",47,49,60,54,60,63,60,51,43,40,41,40,36,51,63,62,80,66,62,55,61,69,71,70,76
TLL12,Gwynedd,C (10-33),Manufacturing,130,138,143,145,158,166,163,176,198,215,200,174,181,197,184,203,192,172,169,185,161,197,179,195,193
TLL12,Gwynedd,DE (35-39),"Electricity, gas, water; sewerage and waste management",347,347,303,354,442,522,444,429,421,376,346,307,286,274,240,253,192,240,212,214,167,147,138,131,83
TLL12,Gwynedd,F (41-43),Construction,222,218,203,213,216,203,197,210,213,210,180,150,164,165,179,179,188,185,163,175,210,208,183,215,184
TLL12,Gwynedd,G (45-47),Wholesale and retail trade; repair of motor vehicles,199,190,213,217,214,215,229,239,255,245,239,213,229,237,226,215,211,216,231,227,239,236,179,197,197
TLL12,Gwynedd,H (49-53),Transportation and storage,48,49,50,50,48,50,49,50,52,49,48,45,49,50,46,49,42,39,34,31,32,28,24,27,27
TLL12,Gwynedd,I (55-56),Accommodation and food service activities,136,140,135,122,123,132,149,148,155,154,150,135,145,160,171,179,168,168,175,186,203,189,107,161,188
TLL12,Gwynedd,J (58-63),Information and communication,2,3,4,5,6,7,10,12,13,14,16,18,19,22,24,25,30,36,51,57,65,69,54,90,96
TLL12,Gwynedd,K (64-66),Financial and insurance activities,35,33,31,34,39,40,51,53,56,55,66,58,52,49,49,45,36,39,41,13,13,13,11,7,9
TLL12,Gwynedd,L (68),"Real estate activities, excluding imputed rental",101,98,94,85,76,75,77,75,75,72,61,64,76,78,75,81,106,103,90,99,91,99,79,88,105
TLL12,Gwynedd,M (69-75),"Professional, scientific and technical activities",30,31,32,36,38,42,43,45,49,48,45,43,42,42,40,48,45,47,47,48,46,48,48,48,46
TLL12,Gwynedd,N (77-82),Administrative and support service activities,42,39,36,34,34,33,31,35,40,45,46,43,40,36,36,38,42,42,40,38,35,39,29,29,31
TLL12,Gwynedd,O (84),Public administration and defence,152,150,146,167,173,174,185,177,186,196,188,206,191,190,178,199,198,197,191,222,220,226,214,223,223
TLL12,Gwynedd,P (85),Education,233,253,251,248,246,243,248,245,229,221,210,203,206,210,214,206,200,196,197,203,201,210,164,184,202
TLL12,Gwynedd,Q (86-88),Human health and social work activities,202,196,198,213,229,241,248,258,242,240,256,230,223,253,277,296,284,274,287,311,323,312,207,275,338
TLL12,Gwynedd,R (90-93),"Arts, entertainment and recreation",46,43,50,43,40,44,50,48,53,49,49,46,44,46,50,46,44,45,40,43,44,51,29,48,53
TLL12,Gwynedd,S (94-96),Other service activities,70,65,67,62,62,58,60,60,62,60,57,58,59,60,64,71,69,74,78,71,71,62,28,32,40
TLL12,Gwynedd,T (97-98),Activities of households,2,3,3,4,4,3,3,4,4,2,3,2,4,5,4,3,2,3,3,2,2,2,2,2,2
TLL13,Conwy and Denbighshire,AB (1-9),"Agriculture, forestry and fishing; mining and quarrying",59,64,79,72,83,89,83,70,54,50,54,53,45,64,54,56,88,83,82,76,80,77,76,67,77
TLL13,Conwy and Denbighshire,C (10-33),Manufacturing,125,129,145,158,178,182,193,187,207,213,219,214,204,217,213,216,220,192,211,232,248,231,237,243,249
TLL13,Conwy and Denbighshire,DE (35-39),"Electricity, gas, water; sewerage and waste management",91,89,91,107,129,127,116,113,106,93,91,75,78,75,67,80,100,116,116,167,185,191,192,102,74
TLL13,Conwy and Denbighshire,F (41-43),Construction,338,331,309,321,322,305,297,313,319,316,278,235,256,261,257,306,308,310,337,348,333,350,315,343,358
TLL13,Conwy and Denbighshire,G (45-47),Wholesale and retail trade; repair of motor vehicles,311,298,333,338,332,332,353,366,385,373,362,324,352,359,353,354,362,383,408,415,430,441,345,386,364
TLL13,Conwy and Denbighshire,H (49-53),Transportation and storage,86,88,89,89,87,90,89,91,96,93,91,86,95,98,93,113,100,85,72,64,68,66,59,70,64
TLL13,Conwy and Denbighshire,I (55-56),Accommodation and food service activities,199,204,198,178,179,190,214,213,222,221,215,191,204,223,239,245,234,238,235,251,261,262,147,212,242
TLL13,Conwy and Denbighshire,J (58-63),Information and communication,9,9,12,13,14,15,18,21,23,26,24,26,26,29,31,31,34,34,49,58,65,67,56,71,82
TLL13,Conwy and Denbighshire,K (64-66),Financial and insurance activities,37,35,33,36,40,41,52,54,56,57,69,63,56,53,58,57,49,45,46,35,38,42,42,33,20
TLL13,Conwy and Denbighshire,L (68),"Real estate activities, excluding imputed rental",122,118,114,104,94,92,96,95,95,94,79,82,95,97,122,158,160,152,152,155,140,132,133,150,146
TLL13,Conwy and Denbighshire,M (69-75),"Professional, scientific and technical activities",71,73,75,83,87,98,103,106,116,113,102,96,95,96,99,108,103,123,119,118,116,108,124,112,110
TLL13,Conwy and Denbighshire,N (77-82),Administrative and support service activities,42,41,40,41,43,45,46,52,56,61,64,62,60,59,65,67,75,83,101,107,110,105,100,101,109
TLL13,Conwy and Denbighshire,O (84),Public administration and defence,179,177,171,196,203,205,218,209,219,231,221,243,259,273,229,253,242,232,250,265,244,249,254,247,264
TLL13,Conwy and Denbighshire,P (85),Education,253,274,272,269,267,263,269,265,248,239,228,220,223,228,249,234,215,231,237,236,225,243,182,212,231
TLL13,Conwy and Denbighshire,Q (86-88),Human health and social work activities,526,509,518,560,617,635,648,679,634,621,646,597,614,630,601,608,647,648,646,687,634,601,453,568,701
TLL13,Conwy and Denbighshire,R (90-93),"Arts, entertainment and recreation",58,55,60,54,52,60,67,65,70,63,63,58,55,61,59,64,61,54,40,40,39,41,35,58,61
TLL13,Conwy and Denbighshire,S (94-96),Other service activities,88,82,84,78,78,74,76,75,78,76,73,72,74,74,72,76,81,86,81,84,87,88,74,76,77
TLL13,Conwy and Denbighshire,T (97-98),Activities of households,3,4,6,7,7,6,5,7,6,4,5,4,7,8,7,6,4,6,5,4,4,4,3,3,4
TLL14,South West Wales,AB (1-9),"Agriculture, forestry and fishing; mining and quarrying",209,235,287,267,312,336,319,267,207,189,221,220,180,239,196,232,377,361,281,292,326,295,299,254,310
TLL14,South West Wales,C (10-33),Manufacturing,873,774,840,827,792,765,1060,860,855,890,766,662,645,594,619,778,871,1357,1582,1489,1299,1239,940,794,800
TLL14,South West Wales,DE (35-39),"Electricity, gas, water; sewerage and waste management",406,416,423,515,557,569,497,469,457,419,364,302,290,276,355,354,324,483,515,384,388,433,414,402,490
TLL14,South West Wales,F (41-43),Construction,532,522,488,505,497,477,465,484,496,495,446,383,419,436,409,421,412,399,394,411,410,425,342,410,434
TLL14,South West Wales,G (45-47),Wholesale and retail trade; repair of motor vehicles,590,563,628,642,635,636,678,711,754,730,712,632,689,706,680,686,682,702,741,741,918,955,787,976,1040
TLL14,South West Wales,H (49-53),Transportation and storage,240,247,247,247,234,260,291,294,287,259,259,233,263,280,271,293,283,241,189,184,182,167,149,180,182
TLL14,South West Wales,I (55-56),Accommodation and food service activities,291,297,290,261,259,275,305,307,316,315,306,268,285,310,330,331,294,297,307,336,355,354,224,329,368
TLL14,South West Wales,J (58-63),Information and communication,8,9,12,14,16,19,24,28,31,33,34,39,39,45,54,55,62,62,84,91,99,117,93,142,179
TLL14,South West Wales,K (64-66),Financial and insurance activities,78,74,69,76,87,89,113,116,123,122,146,131,117,111,101,94,77,76,68,38,38,45,40,27,32
TLL14,South West Wales,L (68),"Real estate activities, excluding imputed rental",167,163,156,142,127,125,130,127,127,123,104,109,128,130,119,123,122,127,133,129,103,106,152,155,105
TLL14,South West Wales,M (69-75),"Professional, scientific and technical activities",159,167,168,192,204,223,235,239,240,231,225,212,228,233,235,225,200,191,171,195,203,202,204,201,207
TLL14,South West Wales,N (77-82),Administrative and support service activities,109,101,101,110,115,124,135,152,168,183,193,188,186,188,191,191,164,141,137,124,128,133,128,125,126
TLL14,South West Wales,O (84),Public administration and defence,365,360,349,400,414,417,444,425,446,469,451,494,477,495,480,514,515,466,482,492,485,540,532,535,535
TLL14,South West Wales,P (85),Education,508,552,549,541,537,530,541,534,499,482,460,442,450,458,473,475,430,446,455,435,435,439,344,384,419
TLL14,South West Wales,Q (86-88),Human health and social work activities,617,598,606,653,712,737,756,790,738,731,771,703,728,748,770,796,786,809,885,924,895,861,639,839,955
TLL14,South West Wales,R (90-93),"Arts, entertainment and recreation",106,101,113,99,91,100,112,108,119,109,109,101,97,104,110,102,100,94,79,81,82,81,60,86,87
TLL14,South West Wales,S (94-96),Other service activities,139,128,132,122,122,113,115,115,121,115,109,102,105,104,92,100,99,100,103,106,129,132,103,119,135
TLL14,South West Wales,T (97-98),Activities of households,6,8,10,12,12,10,10,13,11,8,8,7,12,15,13,11,8,10,9,8,6,7,5,6,7
TLL15,Central Valleys,AB (1-9),"Agriculture, forestry and fishing; mining and quarrying",60,72,69,68,71,63,75,56,55,40,37,43,36,41,57,73,67,76,53,27,48,40,37,32,15
TLL15,Central Valleys,C (10-33),Manufacturing,645,668,708,704,763,784,772,813,914,926,964,1161,1327,1384,1437,1466,1496,1283,1212,1179,1206,1166,1144,1111,1211
TLL15,Central Valleys,DE (35-39),"Electricity, gas, water; sewerage and waste management",120,109,107,126,175,184,163,164,146,125,140,136,139,130,113,106,122,140,137,123,83,92,107,102,68
TLL15,Central Valleys,F (41-43),Construction,379,371,347,357,348,335,327,338,349,349,321,279,304,318,332,343,425,448,449,465,478,470,414,491,578
TLL15,Central Valleys,G (45-47),Wholesale and retail trade; repair of motor vehicles,399,383,428,436,430,430,459,478,508,488,475,424,458,472,471,463,456,458,500,524,549,545,468,570,442
TLL15,Central Valleys,H (49-53),Transportation and storage,121,121,121,124,117,121,119,121,136,135,137,136,152,158,145,137,141,127,93,86,88,94,81,90,98
TLL15,Central Valleys,I (55-56),Accommodation and food service activities,141,143,144,128,123,129,137,140,141,141,135,112,116,123,120,132,113,107,105,114,121,133,94,110,141
TLL15,Central Valleys,J (58-63),Information and communication,3,4,7,7,8,12,18,23,26,30,32,41,43,53,59,61,78,110,127,154,211,218,233,252,264
TLL15,Central Valleys,K (64-66),Financial and insurance activities,130,127,119,114,126,143,159,144,166,180,243,246,215,206,214,244,202,198,299,283,266,278,213,177,237
TLL15,Central Valleys,L (68),"Real estate activities, excluding imputed rental",188,183,175,159,141,139,143,140,140,133,113,120,141,144,145,139,140,142,158,151,112,94,89,88,99
TLL15,Central Valleys,M (69-75),"Professional, scientific and technical activities",73,74,76,82,87,98,104,106,114,112,99,94,95,96,98,119,118,110,107,118,114,123,122,114,97
TLL15,Central Valleys,N (77-82),Administrative and support service activities,92,89,89,93,96,102,101,113,125,138,140,137,130,122,147,146,175,169,158,173,170,149,132,126,143
TLL15,Central Valleys,O (84),Public administration and defence,205,203,196,225,233,235,250,239,251,264,254,278,263,260,246,256,259,229,229,246,239,278,274,273,279
TLL15,Central Valleys,P (85),Education,440,477,474,467,464,458,468,462,432,417,397,382,389,396,413,408,385,361,373,357,339,340,273,325,356
TLL15,Central Valleys,Q (86-88),Human health and social work activities,605,587,594,639,694,721,740,773,722,719,761,691,697,703,692,708,705,713,757,759,760,739,525,573,656
TLL15,Central Valleys,R (90-93),"Arts, entertainment and recreation",44,42,45,41,39,44,49,48,50,46,46,41,39,44,46,54,54,47,42,43,50,52,37,41,57
TLL15,Central Valleys,S (94-96),Other service activities,69,64,66,63,63,58,59,59,62,59,57,52,53,53,52,50,46,50,57,54,64,80,64,89,105
TLL15,Central Valleys,T (97-98),Activities of households,5,6,8,10,9,8,8,10,9,6,7,6,9,11,10,8,6,8,7,6,5,6,4,5,6
TLL16,Gwent Valleys,AB (1-9),"Agriculture, forestry and fishing; mining and quarrying",69,65,77,65,65,61,64,54,52,46,40,37,37,53,79,98,109,119,91,38,40,34,32,27,28
TLL16,Gwent Valleys,C (10-33),Manufacturing,872,896,1007,1002,1055,1110,1154,1160,1253,1221,1187,1137,1144,1224,1224,1265,1223,1297,1324,1393,1544,1551,1573,1502,1445
TLL16,Gwent Valleys,DE (35-39),"Electricity, gas, water; sewerage and waste management",146,135,134,137,125,139,117,139,112,111,112,115,104,92,103,104,119,139,131,145,136,136,126,154,156
TLL16,Gwent Valleys,F (41-43),Construction,358,354,329,343,332,326,317,328,335,335,306,260,291,310,301,265,301,306,281,305,312,329,255,313,391
TLL16,Gwent Valleys,G (45-47),Wholesale and retail trade; repair of motor vehicles,392,377,421,428,421,420,448,464,492,472,459,411,444,455,447,446,449,473,529,522,541,555,440,465,450
TLL16,Gwent Valleys,H (49-53),Transportation and storage,145,144,142,148,139,144,141,142,153,144,146,149,165,168,149,153,141,134,96,86,87,89,87,97,87
TLL16,Gwent Valleys,I (55-56),Accommodation and food service activities,134,136,137,122,118,123,132,135,136,136,130,109,113,120,124,134,117,115,112,124,125,134,94,110,135
TLL16,Gwent Valleys,J (58-63),Information and communication,6,7,8,9,10,13,14,17,18,20,19,21,21,23,24,28,34,34,46,56,78,84,56,71,74
TLL16,Gwent Valleys,K (64-66),Financial and insurance activities,43,46,45,48,42,41,48,55,49,68,88,94,86,82,111,100,105,75,80,114,92,114,90,198,322
TLL16,Gwent Valleys,L (68),"Real estate activities, excluding imputed rental",205,200,191,173,154,152,157,153,153,146,123,130,154,157,181,217,202,209,203,209,194,184,209,199,248
TLL16,Gwent Valleys,M (69-75),"Professional, scientific and technical activities",96,98,101,113,119,133,139,145,153,150,132,124,126,135,145,160,178,178,178,185,174,175,183,174,166
TLL16,Gwent Valleys,N (77-82),Administrative and support service activities,109,106,101,103,108,113,118,135,147,157,168,164,159,161,152,170,216,246,272,223,218,217,226,196,206
TLL16,Gwent Valleys,O (84),Public administration and defence,362,357,346,396,410,414,440,421,442,465,447,490,450,458,421,410,438,382,396,394,393,432,420,448,441
TLL16,Gwent Valleys,P (85),Education,352,382,379,374,372,367,374,370,345,333,318,306,311,317,335,322,302,312,308,305,301,333,253,284,308
TLL16,Gwent Valleys,Q (86-88),Human health and social work activities,490,473,484,533,582,605,617,647,610,578,592,550,578,604,585,619,608,601,576,572,594,583,457,586,640
TLL16,Gwent Valleys,R (90-93),"Arts, entertainment and recreation",39,36,38,35,35,41,46,45,47,43,42,39,36,41,41,50,50,51,41,40,36,41,31,41,49
TLL16,Gwent Valleys,S (94-96),Other service activities,81,75,77,72,72,68,70,69,72,70,67,67,68,69,63,67,70,69,76,80,97,103,73,80,85
TLL16,Gwent Valleys,T (97-98),Activities of households,5,7,9,11,11,9,9,11,10,7,8,7,11,13,11,9,7,9,8,7,6,6,4,6,6
TLL17,Bridgend and Neath Port Talbot,AB (1-9),"Agriculture, forestry and fishing; mining and quarrying",107,135,124,126,135,119,143,103,102,70,66,83,67,74,69,59,78,71,47,26,38,35,33,28,26
TLL17,Bridgend and Neath Port Talbot,C (10-33),Manufacturing,817,872,954,879,891,928,916,925,1160,1212,1302,1114,1190,1174,1212,1261,1467,1470,1268,1233,1183,1242,1306,1330,1165
TLL17,Bridgend and Neath Port Talbot,DE (35-39),"Electricity, gas, water; sewerage and waste management",153,139,142,149,147,161,137,159,127,123,126,133,126,111,109,121,138,179,163,157,159,160,151,174,155
TLL17,Bridgend and Neath Port Talbot,F (41-43),Construction,466,458,428,443,432,418,407,422,433,433,395,340,374,394,373,393,385,427,447,476,479,474,355,394,421
TLL17,Bridgend and Neath Port Talbot,G (45-47),Wholesale and retail trade; repair of motor vehicles,416,397,443,453,448,449,477,501,531,514,502,445,486,497,492,494,506,543,543,534,543,544,453,481,502
TLL17,Bridgend and Neath Port Talbot,H (49-53),Transportation and storage,151,152,151,155,147,152,150,152,161,152,152,152,166,169,170,162,156,168,289,302,319,338,262,266,360
TLL17,Bridgend and Neath Port Talbot,I (55-56),Accommodation and food service activities,148,150,149,133,130,137,148,151,154,153,147,126,132,142,140,156,140,132,137,150,149,161,108,135,166
TLL17,Bridgend and Neath Port Talbot,J (58-63),Information and communication,15,19,22,26,30,38,42,50,54,57,57,60,60,67,75,69,82,88,109,128,140,154,111,148,144
TLL17,Bridgend and Neath Port Talbot,K (64-66),Financial and insurance activities,58,55,51,56,65,67,85,87,93,91,108,96,86,81,77,60,41,41,43,68,104,91,68,60,68
TLL17,Bridgend and Neath Port Talbot,L (68),"Real estate activities, excluding imputed rental",307,300,285,259,230,227,234,228,228,217,184,195,230,235,248,222,222,188,204,214,219,230,202,201,180
TLL17,Bridgend and Neath Port Talbot,M (69-75),"Professional, scientific and technical activities",142,145,147,163,170,187,197,200,216,212,188,177,178,181,194,228,197,188,173,164,140,147,141,136,132
TLL17,Bridgend and Neath Port Talbot,N (77-82),Administrative and support service activities,99,94,94,96,103,107,106,119,128,139,142,140,136,137,144,152,166,174,177,183,197,219,181,166,177
TLL17,Bridgend and Neath Port Talbot,O (84),Public administration and defence,352,347,336,386,399,402,428,410,430,453,435,476,457,465,478,488,518,449,426,452,488,620,633,660,670
TLL17,Bridgend and Neath Port Talbot,P (85),Education,301,327,324,320,318,313,320,316,295,285,272,262,266,271,291,284,268,313,311,312,304,332,266,297,324
TLL17,Bridgend and Neath Port Talbot,Q (86-88),Human health and social work activities,438,425,430,463,497,522,537,560,524,521,555,500,517,519,488,510,493,514,581,605,609,518,412,538,574
TLL17,Bridgend and Neath Port Talbot,R (90-93),"Arts, entertainment and recreation",48,46,49,45,45,53,58,57,60,55,56,51,48,53,49,54,52,43,39,47,44,48,40,59,68
TLL17,Bridgend and Neath Port Talbot,S (94-96),Other service activities,90,84,86,82,82,78,80,79,82,81,79,78,80,81,75,78,81,70,68,83,97,128,69,61,63
TLL17,Bridgend and Neath Port Talbot,T (97-98),Activities of households,4,6,7,9,8,7,7,9,8,6,6,5,9,11,9,8,6,7,7,6,5,5,4,5,6
TLL18,Swansea,AB (1-9),"Agriculture, forestry and fishing; mining and quarrying",8,9,11,10,11,12,12,10,8,7,8,8,6,9,9,10,16,14,13,11,12,12,14,12,12
TLL18,Swansea,C (10-33),Manufacturing,286,296,329,361,386,398,401,390,379,398,357,286,266,254,286,286,284,223,213,222,230,224,275,209,207
TLL18,Swansea,DE (35-39),"Electricity, gas, water; sewerage and waste management",230,224,215,242,281,299,265,270,250,226,216,190,184,174,141,140,146,149,148,155,151,160,122,137,134
TLL18,Swansea,F (41-43),Construction,346,336,317,318,308,293,289,295,307,311,295,267,283,296,308,317,343,326,316,318,314,290,233,258,246
TLL18,Swansea,G (45-47),Wholesale and retail trade; repair of motor vehicles,482,458,508,520,514,514,545,574,600,589,574,508,565,568,563,550,558,575,606,609,642,663,548,613,614
TLL18,Swansea,H (49-53),Transportation and storage,105,107,111,111,109,110,108,111,117,111,110,106,113,116,111,121,102,95,78,72,78,85,80,87,83
TLL18,Swansea,I (55-56),Accommodation and food service activities,197,200,199,178,174,182,197,201,204,203,196,166,174,187,200,202,186,180,182,193,203,216,125,156,194
TLL18,Swansea,J (58-63),Information and communication,9,11,15,17,19,23,28,34,37,40,39,43,43,49,51,65,103,127,174,226,272,306,297,213,213
TLL18,Swansea,K (64-66),Financial and insurance activities,327,346,339,364,324,315,365,419,378,518,666,709,649,618,729,624,695,668,609,630,764,825,858,807,617
TLL18,Swansea,L (68),"Real estate activities, excluding imputed rental",200,195,186,169,151,149,154,150,151,144,122,129,152,155,124,132,150,146,167,158,153,137,144,136,127
TLL18,Swansea,M (69-75),"Professional, scientific and technical activities",119,120,124,132,137,159,169,172,191,187,167,162,157,155,157,167,217,224,248,253,293,277,253,273,296
TLL18,Swansea,N (77-82),Administrative and support service activities,89,85,85,87,90,100,103,120,132,147,153,147,140,134,149,139,184,217,229,215,231,251,160,163,182
TLL18,Swansea,O (84),Public administration and defence,426,420,407,466,483,487,517,496,520,547,526,576,559,586,571,598,644,604,633,658,662,708,679,689,692
TLL18,Swansea,P (85),Education,377,409,407,401,398,393,401,396,370,357,341,328,333,340,346,337,341,298,310,337,354,364,274,318,352
TLL18,Swansea,Q (86-88),Human health and social work activities,555,540,544,585,626,659,680,707,663,663,710,635,644,644,595,609,597,596,620,646,631,597,426,535,631
TLL18,Swansea,R (90-93),"Arts, entertainment and recreation",111,105,116,104,108,130,142,137,152,137,141,129,122,132,145,143,147,135,144,146,132,101,64,57,72
TLL18,Swansea,S (94-96),Other service activities,100,93,95,91,92,86,88,87,91,88,86,82,84,84,86,90,112,128,155,162,144,71,61,63,57
TLL18,Swansea,T (97-98),Activities of households,4,5,6,7,7,6,6,8,7,5,5,5,8,9,8,7,5,6,6,5,4,4,3,4,5
TLL21,Monmouthshire and Newport,AB (1-9),"Agriculture, forestry and fishing; mining and quarrying",39,44,53,49,58,61,58,48,37,32,36,36,29,41,30,31,56,46,40,39,46,37,36,31,35
TLL21,Monmouthshire and Newport,C (10-33),Manufacturing,500,552,639,611,590,611,665,728,877,912,872,798,795,794,855,814,856,960,893,893,973,946,1097,954,880
TLL21,Monmouthshire and Newport,DE (35-39),"Electricity, gas, water; sewerage and waste management",249,263,250,273,311,335,310,287,243,237,189,219,204,198,202,222,179,182,187,225,237,207,173,147,144
TLL21,Monmouthshire and Newport,F (41-43),Construction,422,464,436,464,441,430,424,419,425,384,349,330,363,369,341,346,341,371,361,329,365,392,382,373,405
TLL21,Monmouthshire and Newport,G (45-47),Wholesale and retail trade; repair of motor vehicles,521,523,605,588,600,630,672,654,711,712,661,569,647,667,660,625,610,598,621,600,597,631,502,656,673
TLL21,Monmouthshire and Newport,H (49-53),Transportation and storage,215,220,243,250,246,261,269,272,284,271,281,235,248,247,245,239,252,217,235,240,296,296,283,221,251
TLL21,Monmouthshire and Newport,I (55-56),Accommodation and food service activities,167,174,180,153,164,170,173,173,166,165,151,151,151,163,172,158,149,159,170,195,176,198,98,127,167
TLL21,Monmouthshire and Newport,J (58-63),Information and communication,6,8,10,12,16,21,29,31,33,37,40,41,45,53,64,69,82,105,126,120,155,183,186,202,188
TLL21,Monmouthshire and Newport,K (64-66),Financial and insurance activities,106,112,114,123,158,192,231,236,270,292,271,249,223,224,210,146,133,120,204,207,309,228,209,218,206
TLL21,Monmouthshire and Newport,L (68),"Real estate activities, excluding imputed rental",434,405,367,342,296,304,308,283,289,275,230,232,252,271,288,292,272,245,233,205,201,225,197,207,160
TLL21,Monmouthshire and Newport,M (69-75),"Professional, scientific and technical activities",124,127,131,144,146,162,173,173,188,195,192,177,178,176,180,171,156,180,177,169,183,191,192,231,295
TLL21,Monmouthshire and Newport,N (77-82),Administrative and support service activities,125,126,118,121,120,127,131,137,152,159,160,162,152,150,146,151,209,227,320,410,416,334,267,232,218
TLL21,Monmouthshire and Newport,O (84),Public administration and defence,337,355,355,353,376,369,356,367,351,366,369,386,366,361,371,392,369,374,400,383,408,441,439,447,475
TLL21,Monmouthshire and Newport,P (85),Education,311,321,328,339,312,312,320,313,291,311,292,302,299,312,318,302,309,283,266,261,257,303,236,231,246
TLL21,Monmouthshire and Newport,Q (86-88),Human health and social work activities,526,501,625,709,653,753,777,815,762,804,756,747,738,769,758,762,738,806,822,855,821,824,527,686,778
TLL21,Monmouthshire and Newport,R (90-93),"Arts, entertainment and recreation",55,57,58,61,61,73,77,80,76,69,61,58,57,63,65,55,56,56,51,52,44,39,32,39,64
TLL21,Monmouthshire and Newport,S (94-96),Other service activities,66,65,64,62,61,58,57,56,57,59,54,56,56,52,55,54,54,55,132,147,168,163,189,191,205
TLL21,Monmouthshire and Newport,T (97-98),Activities of households,7,6,6,7,7,6,7,7,5,4,3,2,3,3,3,4,6,5,6,5,7,7,5,6,5
TLL22,Cardiff and Vale of Glamorgan,AB (1-9),"Agriculture, forestry and fishing; mining and quarrying",21,22,24,24,25,27,24,21,18,15,15,15,13,17,17,19,31,31,21,21,20,21,20,14,16
TLL22,Cardiff and Vale of Glamorgan,C (10-33),Manufacturing,620,705,765,749,749,809,772,817,949,928,835,756,775,752,852,869,920,1006,996,946,964,926,1006,921,950
TLL22,Cardiff and Vale of Glamorgan,DE (35-39),"Electricity, gas, water; sewerage and waste management",651,864,809,995,985,977,736,641,692,687,576,615,566,588,606,695,696,820,899,895,859,1035,957,513,480
TLL22,Cardiff and Vale of Glamorgan,F (41-43),Construction,1083,1104,1053,1134,1144,1108,1067,1166,1144,1047,1025,809,887,939,827,837,843,870,883,882,882,833,846,757,700
TLL22,Cardiff and Vale of Glamorgan,G (45-47),Wholesale and retail trade; repair of motor vehicles,894,895,1038,1010,1031,1078,1148,1113,1202,1204,1127,970,1099,1128,1129,1117,1127,1156,1164,1146,1149,1126,881,1124,1138
TLL22,Cardiff and Vale of Glamorgan,H (49-53),Transportation and storage,275,282,349,397,405,457,433,442,449,404,412,348,378,372,357,376,384,358,349,322,322,299,188,221,254
TLL22,Cardiff and Vale of Glamorgan,I (55-56),Accommodation and food service activities,446,463,479,405,429,441,450,451,432,432,397,397,392,418,428,434,411,423,460,461,421,477,243,333,464
TLL22,Cardiff and Vale of Glamorgan,J (58-63),Information and communication,48,62,68,79,96,125,159,171,184,203,224,261,280,303,314,326,342,393,501,473,613,690,828,918,1009
TLL22,Cardiff and Vale of Glamorgan,K (64-66),Financial and insurance activities,771,926,968,842,935,935,958,1153,1056,1679,1668,1641,1549,1479,1840,1497,1648,1576,1772,2047,2091,2044,2269,2456,2348
TLL22,Cardiff and Vale of Glamorgan,L (68),"Real estate activities, excluding imputed rental",627,582,532,498,437,450,458,424,432,417,347,350,378,405,399,425,440,435,471,483,454,439,508,482,572
TLL22,Cardiff and Vale of Glamorgan,M (69-75),"Professional, scientific and technical activities",511,529,510,576,573,636,703,684,768,803,759,699,715,734,726,721,749,813,821,815,775,833,863,960,1010
TLL22,Cardiff and Vale of Glamorgan,N (77-82),Administrative and support service activities,319,335,316,357,397,419,447,458,503,524,542,512,474,475,481,539,501,517,496,521,576,553,451,537,544
TLL22,Cardiff and Vale of Glamorgan,O (84),Public administration and defence,876,924,923,918,978,960,924,954,913,951,959,1003,985,1006,956,969,903,906,946,1002,1008,1113,1192,1157,1253
TLL22,Cardiff and Vale of Glamorgan,P (85),Education,1119,1156,1181,1220,1123,1122,1151,1128,1046,1121,1050,1088,1078,1124,1120,1120,1076,1111,1140,1126,1172,1232,971,1060,1139
TLL22,Cardiff and Vale of Glamorgan,Q (86-88),Human health and social work activities,775,743,900,1023,963,1080,1110,1168,1079,1138,1073,1073,1113,1176,1131,1175,1182,1230,1277,1310,1268,1311,876,1099,1156
TLL22,Cardiff and Vale of Glamorgan,R (90-93),"Arts, entertainment and recreation",209,219,223,232,227,267,277,288,276,251,225,213,208,236,274,282,269,237,195,212,207,218,139,186,233
TLL22,Cardiff and Vale of Glamorgan,S (94-96),Other service activities,269,254,247,246,261,254,256,251,249,243,228,229,234,232,237,244,242,253,218,213,204,185,154,166,190
TLL22,Cardiff and Vale of Glamorgan,T (97-98),Activities of households,13,11,12,14,14,12,13,14,10,7,5,4,5,6,7,8,12,11,13,11,13,13,11,12,10
TLL23,Flintshire and Wrexham,AB (1-9),"Agriculture, forestry and fishing; mining and quarrying",58,62,74,71,79,80,76,65,56,48,51,53,43,53,50,57,94,85,91,101,107,110,128,106,114
TLL23,Flintshire and Wrexham,C (10-33),Manufacturing,1524,1543,1650,1715,1694,1761,1905,2004,2330,2312,2321,2251,2350,2582,2568,2687,2595,2552,2735,2763,3074,3168,3094,3056,3036
TLL23,Flintshire and Wrexham,DE (35-39),"Electricity, gas, water; sewerage and waste management",248,299,287,330,352,371,326,302,256,247,205,236,218,225,187,169,150,182,211,269,275,278,381,288,305
TLL23,Flintshire and Wrexham,F (41-43),Construction,323,349,332,359,343,352,336,366,353,325,323,255,286,293,247,243,247,275,340,342,332,328,339,339,407
TLL23,Flintshire and Wrexham,G (45-47),Wholesale and retail trade; repair of motor vehicles,487,490,565,546,560,593,634,619,679,680,624,539,616,640,643,605,598,612,628,601,615,639,563,701,676
TLL23,Flintshire and Wrexham,H (49-53),Transportation and storage,246,250,268,268,260,273,284,288,312,305,311,260,272,262,286,298,282,251,243,215,212,241,221,174,231
TLL23,Flintshire and Wrexham,I (55-56),Accommodation and food service activities,127,132,136,114,120,121,125,125,119,120,111,112,108,114,121,121,122,125,159,171,158,180,111,160,147
TLL23,Flintshire and Wrexham,J (58-63),Information and communication,64,76,78,95,100,108,117,126,129,152,229,235,239,253,269,234,261,246,186,168,175,180,148,164,165
TLL23,Flintshire and Wrexham,K (64-66),Financial and insurance activities,64,67,68,75,97,119,143,145,168,178,165,151,135,136,174,261,202,229,163,86,71,54,40,43,37
TLL23,Flintshire and Wrexham,L (68),"Real estate activities, excluding imputed rental",169,158,143,133,115,119,120,110,113,107,90,91,98,106,110,108,97,103,76,70,81,84,72,88,81
TLL23,Flintshire and Wrexham,M (69-75),"Professional, scientific and technical activities",143,149,153,166,172,191,201,202,223,231,216,198,202,186,214,235,238,213,211,238,237,249,253,270,287
TLL23,Flintshire and Wrexham,N (77-82),Administrative and support service activities,112,115,105,106,106,109,118,122,136,141,148,145,136,139,146,182,246,263,243,269,274,250,257,269,266
TLL23,Flintshire and Wrexham,O (84),Public administration and defence,269,283,283,282,300,294,284,293,280,292,294,308,309,318,358,368,337,348,374,351,338,363,368,351,383
TLL23,Flintshire and Wrexham,P (85),Education,309,320,327,337,310,310,318,312,289,310,290,301,298,311,339,314,298,346,330,330,333,339,266,292,310
TLL23,Flintshire and Wrexham,Q (86-88),Human health and social work activities,408,390,477,542,507,573,590,620,576,607,572,570,574,623,633,625,624,618,655,708,717,740,540,722,817
TLL23,Flintshire and Wrexham,R (90-93),"Arts, entertainment and recreation",49,50,49,53,54,67,70,73,68,61,54,51,49,55,71,69,65,61,47,49,46,51,43,52,67
TLL23,Flintshire and Wrexham,S (94-96),Other service activities,97,94,92,90,91,88,87,85,86,87,81,83,84,80,78,69,75,72,65,74,79,79,62,70,77
TLL23,Flintshire and Wrexham,T (97-98),Activities of households,9,7,8,9,9,7,8,9,6,4,3,2,3,4,4,5,7,6,8,6,8,8,6,7,6
TLL24,Powys,AB (1-9),"Agriculture, forestry and fishing; mining and quarrying",133,147,175,164,191,200,189,159,127,110,119,122,98,133,108,116,188,169,152,148,160,147,147,129,139
TLL24,Powys,C (10-33),Manufacturing,192,199,196,206,184,191,210,227,234,231,193,184,192,190,203,218,249,253,279,275,279,270,257,260,270
TLL24,Powys,DE (35-39),"Electricity, gas, water; sewerage and waste management",46,50,48,49,69,78,72,61,51,43,38,41,43,47,53,75,46,49,49,57,51,47,47,55,53
TLL24,Powys,F (41-43),Construction,104,110,104,112,110,107,104,110,109,99,95,80,88,91,80,90,91,93,93,96,103,99,107,98,117
TLL24,Powys,G (45-47),Wholesale and retail trade; repair of motor vehicles,186,187,216,210,214,225,240,233,252,252,235,203,230,237,239,227,217,227,223,217,226,234,188,237,238
TLL24,Powys,H (49-53),Transportation and storage,81,85,94,100,97,101,101,100,104,97,95,81,85,85,84,82,85,83,81,72,73,71,63,51,46
TLL24,Powys,I (55-56),Accommodation and food service activities,68,72,74,64,70,74,75,74,72,71,64,63,66,72,77,77,75,78,89,93,89,102,56,67,84
TLL24,Powys,J (58-63),Information and communication,1,1,2,2,2,3,3,4,4,4,5,5,5,6,6,7,8,15,21,21,31,41,43,47,46
TLL24,Powys,K (64-66),Financial and insurance activities,27,29,29,32,41,50,60,61,70,75,70,65,58,58,57,49,50,49,56,20,21,25,25,19,16
TLL24,Powys,L (68),"Real estate activities, excluding imputed rental",51,47,43,41,36,37,38,36,36,35,29,29,32,34,34,32,34,36,30,36,33,31,27,29,33
TLL24,Powys,M (69-75),"Professional, scientific and technical activities",65,69,73,80,82,92,96,98,105,109,107,97,97,94,89,94,92,87,77,76,77,75,80,82,79
TLL24,Powys,N (77-82),Administrative and support service activities,50,48,44,47,50,53,54,58,64,67,67,69,65,64,72,86,122,128,113,120,111,110,98,92,82
TLL24,Powys,O (84),Public administration and defence,124,131,131,130,139,136,131,136,130,135,136,143,141,139,179,171,178,208,222,201,195,197,216,172,176
TLL24,Powys,P (85),Education,138,143,146,151,139,138,142,139,129,138,130,134,133,139,145,134,124,127,127,128,120,124,103,125,133
TLL24,Powys,Q (86-88),Human health and social work activities,261,252,295,337,325,355,362,381,349,367,351,353,355,371,360,356,309,329,333,348,343,332,260,284,320
TLL24,Powys,R (90-93),"Arts, entertainment and recreation",45,48,51,51,50,58,62,63,63,59,51,51,51,52,42,33,34,32,30,28,26,21,16,20,29
TLL24,Powys,S (94-96),Other service activities,40,38,37,37,38,37,36,36,36,36,34,35,36,34,34,35,39,38,34,31,33,29,24,24,31
TLL24,Powys,T (97-98),Activities of households,4,3,3,4,4,3,4,4,3,2,2,1,1,2,2,2,3,3,4,3,4,4,3,3,3
TLM50,Aberdeen City and Aberdeenshire,AB (1-9),"Agriculture, forestry and fishing; mining and quarrying",956,920,863,918,982,904,943,1031,1374,1502,1756,1579,1571,1385,1519,1424,1679,2747,2144,1927,1582,1733,1785,1573,1560
TLM50,Aberdeen City and Aberdeenshire,C (10-33),Manufacturing,1213,1241,1223,1409,1491,1397,1487,1670,1858,2039,1925,1869,1762,1901,2026,2262,2505,2230,2100,2077,2059,2039,2018,1960,1882
TLM50,Aberdeen City and Aberdeenshire,DE (35-39),"Electricity, gas, water; sewerage and waste management",479,433,438,453,394,335,313,324,305,299,353,447,424,424,431,519,525,641,612,626,542,569,519,489,423
TLM50,Aberdeen City and Aberdeenshire,F (41-43),Construction,1353,1203,1161,1124,1081,1033,1115,1055,1073,1073,1134,897,1002,1072,1053,1065,1050,1080,1035,1104,998,972,807,684,699
TLM50,Aberdeen City and Aberdeenshire,G (45-47),Wholesale and retail trade; repair of motor vehicles,1336,1267,1303,1370,1343,1293,1355,1436,1720,1893,2120,1983,2105,2167,2223,2198,2381,2146,1894,1706,1685,1481,1293,1592,1627
TLM50,Aberdeen City and Aberdeenshire,H (49-53),Transportation and storage,672,704,782,793,748,773,775,761,780,837,913,810,886,947,937,971,967,880,843,833,860,795,332,469,640
TLM50,Aberdeen City and Aberdeenshire,I (55-56),Accommodation and food service activities,476,389,371,357,397,427,464,454,466,417,453,448,490,531,587,650,608,557,556,575,549,526,364,373,493
TLM50,Aberdeen City and Aberdeenshire,J (58-63),Information and communication,52,61,69,83,92,114,120,121,150,167,177,228,228,235,231,265,279,286,323,309,354,394,333,316,393
TLM50,Aberdeen City and Aberdeenshire,K (64-66),Financial and insurance activities,331,338,309,335,343,344,354,357,378,498,426,377,361,291,283,294,294,279,317,299,269,251,252,202,251
TLM50,Aberdeen City and Aberdeenshire,L (68),"Real estate activities, excluding imputed rental",627,704,682,670,602,579,562,515,525,526,351,371,374,422,440,482,500,490,484,469,439,434,403,357,382
TLM50,Aberdeen City and Aberdeenshire,M (69-75),"Professional, scientific and technical activities",990,973,1100,1186,1324,1367,1490,1580,1826,1994,2289,2134,2272,2239,2296,2455,2544,2344,1959,1940,1979,1945,1717,2085,2224
TLM50,Aberdeen City and Aberdeenshire,N (77-82),Administrative and support service activities,592,601,634,694,648,629,622,645,755,830,921,932,989,1053,1223,1320,1241,1128,972,885,926,967,749,736,822
TLM50,Aberdeen City and Aberdeenshire,O (84),Public administration and defence,481,459,488,510,575,562,601,586,618,688,687,732,711,788,825,871,959,886,875,841,861,843,698,711,753
TLM50,Aberdeen City and Aberdeenshire,P (85),Education,942,1051,1001,1029,959,929,978,870,831,827,783,801,803,827,844,877,881,806,746,752,757,814,661,723,829
TLM50,Aberdeen City and Aberdeenshire,Q (86-88),Human health and social work activities,856,835,882,984,917,1008,987,1064,1121,1255,1282,1252,1238,1255,1207,1209,1255,1195,1284,1298,1326,1352,994,1228,1312
TLM50,Aberdeen City and Aberdeenshire,R (90-93),"Arts, entertainment and recreation",114,134,137,137,148,167,217,206,214,251,314,282,261,316,259,281,269,207,177,170,156,166,98,122,153
TLM50,Aberdeen City and Aberdeenshire,S (94-96),Other service activities,244,246,239,258,289,294,284,261,251,248,228,224,198,211,242,245,246,231,236,259,281,228,199,167,157
TLM50,Aberdeen City and Aberdeenshire,T (97-98),Activities of households,50,40,39,39,25,22,29,43,53,36,28,25,30,24,19,25,17,18,23,24,33,31,28,23,20
TLM61,"Caithness and Sutherland, and Ross and Cromarty",AB (1-9),"Agriculture, forestry and fishing; mining and quarrying",90,95,101,102,115,111,111,98,104,83,87,79,71,72,77,81,113,93,83,97,101,124,115,99,94
TLM61,"Caithness and Sutherland, and Ross and Cromarty",C (10-33),Manufacturing,136,131,130,138,154,158,168,184,211,222,230,232,200,237,250,241,263,250,219,218,216,228,234,207,194
TLM61,"Caithness and Sutherland, and Ross and Cromarty",DE (35-39),"Electricity, gas, water; sewerage and waste management",107,93,128,77,70,103,112,141,77,80,57,67,60,54,75,61,64,74,101,107,109,124,141,160,168
TLM61,"Caithness and Sutherland, and Ross and Cromarty",F (41-43),Construction,187,204,192,169,161,187,188,189,186,181,189,168,182,189,172,183,174,169,164,166,153,161,138,167,191
TLM61,"Caithness and Sutherland, and Ross and Cromarty",G (45-47),Wholesale and retail trade; repair of motor vehicles,138,145,143,143,131,136,156,170,163,162,168,142,157,160,160,152,159,146,138,158,162,149,168,147,153
TLM61,"Caithness and Sutherland, and Ross and Cromarty",H (49-53),Transportation and storage,56,64,68,76,69,69,70,71,69,71,75,65,66,65,63,66,56,51,48,53,56,63,56,59,76
TLM61,"Caithness and Sutherland, and Ross and Cromarty",I (55-56),Accommodation and food service activities,70,73,77,72,70,76,83,83,81,78,78,80,78,85,89,97,95,88,93,91,90,92,62,79,94
TLM61,"Caithness and Sutherland, and Ross and Cromarty",J (58-63),Information and communication,1,1,2,2,2,3,4,4,4,4,5,6,6,8,9,9,12,13,16,21,33,50,54,69,82
TLM61,"Caithness and Sutherland, and Ross and Cromarty",K (64-66),Financial and insurance activities,41,39,40,40,38,34,37,36,35,39,41,39,37,32,42,34,24,28,32,39,28,23,17,16,16
TLM61,"Caithness and Sutherland, and Ross and Cromarty",L (68),"Real estate activities, excluding imputed rental",66,74,72,74,65,64,64,61,62,59,48,50,49,56,79,78,76,67,73,79,75,75,91,77,86
TLM61,"Caithness and Sutherland, and Ross and Cromarty",M (69-75),"Professional, scientific and technical activities",85,94,97,108,107,112,103,94,101,109,105,103,102,110,119,135,132,124,124,120,108,126,89,95,99
TLM61,"Caithness and Sutherland, and Ross and Cromarty",N (77-82),Administrative and support service activities,26,26,28,30,34,34,38,40,41,43,52,46,47,50,42,37,40,38,36,44,49,51,40,38,39
TLM61,"Caithness and Sutherland, and Ross and Cromarty",O (84),Public administration and defence,123,130,137,150,133,141,146,145,141,149,147,147,147,146,135,153,160,153,167,166,171,164,157,160,157
TLM61,"Caithness and Sutherland, and Ross and Cromarty",P (85),Education,108,119,117,121,130,138,137,141,131,121,123,118,117,116,107,103,104,99,95,96,97,101,88,104,109
TLM61,"Caithness and Sutherland, and Ross and Cromarty",Q (86-88),Human health and social work activities,201,203,187,211,205,235,237,249,258,245,243,234,236,245,236,248,264,258,260,292,287,263,172,255,299
TLM61,"Caithness and Sutherland, and Ross and Cromarty",R (90-93),"Arts, entertainment and recreation",20,18,17,16,15,20,23,23,25,22,23,24,26,28,29,30,28,26,29,28,28,29,20,21,26
TLM61,"Caithness and Sutherland, and Ross and Cromarty",S (94-96),Other service activities,37,32,29,30,32,33,33,33,33,30,31,31,29,29,32,33,35,33,30,33,32,28,22,41,40
TLM61,"Caithness and Sutherland, and Ross and Cromarty",T (97-98),Activities of households,5,6,6,6,6,3,3,4,5,5,5,4,5,4,2,2,3,4,4,4,5,6,5,4,3
TLM62,"Inverness and Nairn, Moray, Badenoch and Strathspey",AB (1-9),"Agriculture, forestry and fishing; mining and quarrying",107,116,126,120,141,143,138,111,118,92,96,87,76,83,75,74,117,106,87,98,96,121,123,105,110
TLM62,"Inverness and Nairn, Moray, Badenoch and Strathspey",C (10-33),Manufacturing,339,337,338,328,358,404,440,482,566,612,785,835,984,1055,1050,1088,1016,1068,974,1011,1058,962,911,935,925
TLM62,"Inverness and Nairn, Moray, Badenoch and Strathspey",DE (35-39),"Electricity, gas, water; sewerage and waste management",400,332,337,341,320,289,312,285,258,237,238,252,244,251,233,238,227,329,367,401,373,403,351,390,336
TLM62,"Inverness and Nairn, Moray, Badenoch and Strathspey",F (41-43),Construction,478,518,493,440,436,468,459,460,453,450,434,360,397,416,395,469,490,478,459,480,471,463,334,444,465
TLM62,"Inverness and Nairn, Moray, Badenoch and Strathspey",G (45-47),Wholesale and retail trade; repair of motor vehicles,445,482,480,473,423,432,490,527,491,499,508,438,505,513,558,584,595,542,513,604,575,546,602,506,525
TLM62,"Inverness and Nairn, Moray, Badenoch and Strathspey",H (49-53),Transportation and storage,129,145,148,167,154,153,152,149,153,163,164,143,145,141,135,127,134,135,138,141,143,138,89,122,163
TLM62,"Inverness and Nairn, Moray, Badenoch and Strathspey",I (55-56),Accommodation and food service activities,227,230,247,228,213,221,241,240,236,234,225,222,220,235,245,256,246,248,267,293,282,276,159,198,262
TLM62,"Inverness and Nairn, Moray, Badenoch and Strathspey",J (58-63),Information and communication,17,20,25,34,37,46,48,50,51,57,63,62,61,65,68,67,82,86,98,103,107,109,93,113,142
TLM62,"Inverness and Nairn, Moray, Badenoch and Strathspey",K (64-66),Financial and insurance activities,142,133,133,132,125,110,123,119,113,127,133,124,118,100,96,98,104,86,100,99,100,91,76,68,63
TLM62,"Inverness and Nairn, Moray, Badenoch and Strathspey",L (68),"Real estate activities, excluding imputed rental",108,119,117,121,107,109,112,105,105,103,85,89,88,98,110,159,158,150,161,151,144,151,122,119,146
TLM62,"Inverness and Nairn, Moray, Badenoch and Strathspey",M (69-75),"Professional, scientific and technical activities",94,101,104,114,112,117,119,128,135,136,128,126,124,128,121,139,150,155,153,150,140,144,125,132,137
TLM62,"Inverness and Nairn, Moray, Badenoch and Strathspey",N (77-82),Administrative and support service activities,103,103,112,118,134,127,140,144,149,156,171,148,151,157,154,165,158,150,156,168,171,169,139,140,164
TLM62,"Inverness and Nairn, Moray, Badenoch and Strathspey",O (84),Public administration and defence,413,438,461,504,448,474,492,488,474,503,496,494,482,522,491,508,486,528,549,538,531,536,523,547,536
TLM62,"Inverness and Nairn, Moray, Badenoch and Strathspey",P (85),Education,206,228,225,236,255,271,271,280,262,247,251,242,243,242,229,215,215,208,199,201,203,209,184,214,225
TLM62,"Inverness and Nairn, Moray, Badenoch and Strathspey",Q (86-88),Human health and social work activities,387,389,364,406,390,443,452,478,491,475,476,462,461,472,446,458,485,480,487,573,616,597,413,534,606
TLM62,"Inverness and Nairn, Moray, Badenoch and Strathspey",R (90-93),"Arts, entertainment and recreation",64,59,55,51,49,67,80,78,85,75,83,83,84,97,85,90,89,81,65,72,72,79,54,60,78
TLM62,"Inverness and Nairn, Moray, Badenoch and Strathspey",S (94-96),Other service activities,95,83,76,76,81,83,83,84,84,77,79,77,71,72,79,77,71,86,89,95,100,91,83,89,83
TLM62,"Inverness and Nairn, Moray, Badenoch and Strathspey",T (97-98),Activities of households,10,11,11,12,11,7,6,8,10,11,10,8,10,7,5,5,6,8,8,9,10,13,10,9,7
TLM63,"Lochaber, Skye and Lochalsh, Arran and Cumbrae, and Argyll and Bute",AB (1-9),"Agriculture, forestry and fishing; mining and quarrying",122,131,114,131,152,134,135,148,153,126,124,131,116,124,135,157,192,166,168,175,173,214,221,170,154
TLM63,"Lochaber, Skye and Lochalsh, Arran and Cumbrae, and Argyll and Bute",C (10-33),Manufacturing,125,149,164,195,215,260,282,317,342,339,334,314,244,198,197,215,221,230,245,277,272,274,252,256,251
TLM63,"Lochaber, Skye and Lochalsh, Arran and Cumbrae, and Argyll and Bute",DE (35-39),"Electricity, gas, water; sewerage and waste management",131,115,109,112,97,101,120,116,102,96,94,103,100,102,106,108,94,114,137,149,136,131,133,139,133
TLM63,"Lochaber, Skye and Lochalsh, Arran and Cumbrae, and Argyll and Bute",F (41-43),Construction,143,156,147,131,127,142,141,142,139,137,138,118,129,135,147,146,148,151,147,150,146,145,110,131,145
TLM63,"Lochaber, Skye and Lochalsh, Arran and Cumbrae, and Argyll and Bute",G (45-47),Wholesale and retail trade; repair of motor vehicles,167,177,173,171,156,161,182,199,192,189,196,165,185,190,187,170,179,167,147,169,168,161,181,151,153
TLM63,"Lochaber, Skye and Lochalsh, Arran and Cumbrae, and Argyll and Bute",H (49-53),Transportation and storage,95,116,133,150,133,138,160,171,151,139,162,132,143,144,175,188,170,152,160,182,150,140,86,103,122
TLM63,"Lochaber, Skye and Lochalsh, Arran and Cumbrae, and Argyll and Bute",I (55-56),Accommodation and food service activities,155,161,170,158,154,167,184,182,179,172,172,176,173,188,202,212,199,197,218,229,230,247,148,201,243
TLM63,"Lochaber, Skye and Lochalsh, Arran and Cumbrae, and Argyll and Bute",J (58-63),Information and communication,1,1,2,2,2,3,3,4,4,4,5,5,5,6,7,7,8,10,12,14,21,24,23,30,38
TLM63,"Lochaber, Skye and Lochalsh, Arran and Cumbrae, and Argyll and Bute",K (64-66),Financial and insurance activities,36,33,33,33,31,27,34,32,31,35,37,31,28,23,29,23,17,20,23,25,29,40,31,32,32
TLM63,"Lochaber, Skye and Lochalsh, Arran and Cumbrae, and Argyll and Bute",L (68),"Real estate activities, excluding imputed rental",125,140,135,140,122,121,123,115,118,112,91,96,94,106,104,88,91,96,105,103,91,88,88,79,76
TLM63,"Lochaber, Skye and Lochalsh, Arran and Cumbrae, and Argyll and Bute",M (69-75),"Professional, scientific and technical activities",37,39,41,48,52,62,68,72,74,79,77,80,91,91,82,75,79,84,85,79,83,71,67,58,57
TLM63,"Lochaber, Skye and Lochalsh, Arran and Cumbrae, and Argyll and Bute",N (77-82),Administrative and support service activities,26,25,27,29,34,32,35,35,37,39,43,38,38,40,38,34,34,34,33,39,42,40,31,39,37
TLM63,"Lochaber, Skye and Lochalsh, Arran and Cumbrae, and Argyll and Bute",O (84),Public administration and defence,253,269,283,309,275,290,302,299,291,308,305,303,280,290,254,237,247,238,240,244,253,265,245,250,243
TLM63,"Lochaber, Skye and Lochalsh, Arran and Cumbrae, and Argyll and Bute",P (85),Education,126,138,134,135,140,144,145,150,137,127,129,123,122,121,114,106,105,102,98,99,100,105,87,105,111
TLM63,"Lochaber, Skye and Lochalsh, Arran and Cumbrae, and Argyll and Bute",Q (86-88),Human health and social work activities,185,186,173,194,187,213,216,228,234,226,228,218,221,227,212,227,230,229,240,261,268,245,167,225,249
TLM63,"Lochaber, Skye and Lochalsh, Arran and Cumbrae, and Argyll and Bute",R (90-93),"Arts, entertainment and recreation",30,28,26,24,23,32,36,35,40,34,38,39,39,44,46,52,48,46,44,42,40,41,29,39,36
TLM63,"Lochaber, Skye and Lochalsh, Arran and Cumbrae, and Argyll and Bute",S (94-96),Other service activities,39,35,31,31,33,34,34,34,34,32,32,30,27,29,30,29,31,27,30,32,34,32,32,36,35
TLM63,"Lochaber, Skye and Lochalsh, Arran and Cumbrae, and Argyll and Bute",T (97-98),Activities of households,6,7,7,7,6,4,3,4,6,6,5,4,5,4,3,3,3,4,4,4,5,6,5,4,4
TLM64,Na h-Eileanan Siar,AB (1-9),"Agriculture, forestry and fishing; mining and quarrying",21,22,17,22,24,19,21,25,26,22,22,25,22,22,23,26,38,25,25,26,27,37,42,30,25
TLM64,Na h-Eileanan Siar,C (10-33),Manufacturing,13,11,11,12,12,13,14,14,14,17,17,20,21,20,22,24,25,29,32,28,32,40,37,46,41
TLM64,Na h-Eileanan Siar,DE (35-39),"Electricity, gas, water; sewerage and waste management",8,8,7,9,8,9,9,7,7,6,7,7,7,7,7,7,8,8,8,9,15,16,16,14,13
TLM64,Na h-Eileanan Siar,F (41-43),Construction,41,44,42,37,36,39,39,38,38,37,37,32,35,37,33,31,29,31,27,25,30,30,31,35,38
TLM64,Na h-Eileanan Siar,G (45-47),Wholesale and retail trade; repair of motor vehicles,47,50,49,48,44,45,51,56,54,53,55,47,52,54,53,46,50,44,40,45,45,44,50,41,42
TLM64,Na h-Eileanan Siar,H (49-53),Transportation and storage,22,26,30,34,30,31,36,38,34,32,37,31,33,33,37,38,36,28,26,28,26,26,17,20,23
TLM64,Na h-Eileanan Siar,I (55-56),Accommodation and food service activities,19,19,20,19,18,19,21,21,21,20,20,20,20,21,20,21,19,18,18,19,19,19,11,16,18
TLM64,Na h-Eileanan Siar,J (58-63),Information and communication,1,1,1,2,2,2,3,3,3,4,5,6,7,9,11,14,19,23,25,24,29,31,27,29,13
TLM64,Na h-Eileanan Siar,K (64-66),Financial and insurance activities,7,7,8,8,8,8,12,11,12,13,13,11,9,7,8,6,4,5,4,5,5,5,4,4,5
TLM64,Na h-Eileanan Siar,L (68),"Real estate activities, excluding imputed rental",30,34,33,34,30,29,29,28,29,27,22,23,22,25,28,23,24,24,24,23,22,25,24,24,21
TLM64,Na h-Eileanan Siar,M (69-75),"Professional, scientific and technical activities",15,16,17,23,31,45,53,54,54,59,59,62,78,78,67,55,59,53,48,42,46,38,39,28,29
TLM64,Na h-Eileanan Siar,N (77-82),Administrative and support service activities,4,3,4,4,4,4,4,4,4,4,5,4,4,5,4,3,3,3,3,4,5,5,4,6,6
TLM64,Na h-Eileanan Siar,O (84),Public administration and defence,62,66,69,75,67,71,74,73,71,75,74,74,73,75,70,73,68,70,74,83,82,89,83,96,87
TLM64,Na h-Eileanan Siar,P (85),Education,27,30,30,31,34,36,36,37,34,32,32,31,31,31,27,25,26,25,23,24,24,26,21,25,27
TLM64,Na h-Eileanan Siar,Q (86-88),Human health and social work activities,57,57,53,60,57,66,67,70,72,69,69,67,67,71,63,62,66,66,66,75,71,67,44,69,67
TLM64,Na h-Eileanan Siar,R (90-93),"Arts, entertainment and recreation",2,2,2,2,2,3,3,3,3,3,3,3,3,4,3,3,2,2,2,1,2,2,1,3,2
TLM64,Na h-Eileanan Siar,S (94-96),Other service activities,5,4,4,4,4,4,4,5,4,4,5,5,5,4,6,7,6,6,6,6,6,6,6,7,7
TLM64,Na h-Eileanan Siar,T (97-98),Activities of households,2,2,2,2,2,1,1,1,1,2,1,1,1,1,1,1,1,1,1,1,1,2,1,1,1
TLM65,Orkney Islands,AB (1-9),"Agriculture, forestry and fishing; mining and quarrying",32,34,32,33,38,36,35,33,34,26,29,27,25,28,26,33,65,46,41,63,68,86,99,76,75
TLM65,Orkney Islands,C (10-33),Manufacturing,17,16,16,16,17,19,21,21,24,25,25,28,27,29,23,22,21,20,21,20,21,20,22,21,20
TLM65,Orkney Islands,DE (35-39),"Electricity, gas, water; sewerage and waste management",13,12,11,11,11,11,11,10,10,9,10,10,10,10,8,8,8,8,10,11,15,16,15,16,14
TLM65,Orkney Islands,F (41-43),Construction,56,61,57,50,48,55,55,55,55,53,55,49,53,55,55,47,45,46,40,37,41,39,28,39,39
TLM65,Orkney Islands,G (45-47),Wholesale and retail trade; repair of motor vehicles,30,32,32,32,29,30,35,38,36,36,37,32,35,36,39,36,38,34,33,38,40,38,41,36,38
TLM65,Orkney Islands,H (49-53),Transportation and storage,30,39,48,54,48,51,66,74,61,51,65,52,58,59,64,62,52,41,35,33,28,31,19,23,30
TLM65,Orkney Islands,I (55-56),Accommodation and food service activities,14,15,16,15,14,15,17,17,16,16,16,16,16,17,18,18,16,15,16,16,14,13,6,9,13
TLM65,Orkney Islands,J (58-63),Information and communication,1,1,2,2,2,3,3,3,3,3,3,3,3,3,3,3,4,4,5,5,6,7,7,8,9
TLM65,Orkney Islands,K (64-66),Financial and insurance activities,4,4,5,5,5,5,7,6,7,8,7,6,5,5,5,5,3,4,4,5,9,10,7,7,7
TLM65,Orkney Islands,L (68),"Real estate activities, excluding imputed rental",17,19,18,19,16,16,16,15,16,15,12,13,12,14,18,13,15,15,14,17,14,15,14,13,12
TLM65,Orkney Islands,M (69-75),"Professional, scientific and technical activities",15,16,17,19,19,21,21,21,21,23,22,22,24,25,20,18,23,20,22,26,35,35,29,24,23
TLM65,Orkney Islands,N (77-82),Administrative and support service activities,9,9,9,9,10,10,10,10,11,11,13,12,12,13,12,11,11,11,10,10,10,11,9,8,9
TLM65,Orkney Islands,O (84),Public administration and defence,57,61,64,70,62,66,68,68,66,70,69,69,67,69,66,64,60,64,67,74,73,73,69,70,70
TLM65,Orkney Islands,P (85),Education,19,20,20,21,23,24,24,25,23,22,22,21,21,21,19,19,20,19,18,18,19,20,17,20,21
TLM65,Orkney Islands,Q (86-88),Human health and social work activities,143,135,141,144,130,135,153,173,167,181,181,193,201,213,210,192,185,222,203,152,81,75,50,70,75
TLM65,Orkney Islands,R (90-93),"Arts, entertainment and recreation",10,10,9,9,9,11,11,11,14,11,12,14,14,15,13,13,7,8,8,6,6,5,4,8,6
TLM65,Orkney Islands,S (94-96),Other service activities,7,6,6,6,6,7,7,7,7,6,7,7,7,7,9,9,8,6,5,4,3,2,2,2,3
TLM65,Orkney Islands,T (97-98),Activities of households,1,1,1,1,1,1,1,1,1,1,1,1,1,1,1,1,1,1,1,1,1,1,1,1,1
TLM66,Shetland Islands,AB (1-9),"Agriculture, forestry and fishing; mining and quarrying",73,77,64,79,82,66,72,87,87,74,87,97,82,76,72,76,124,98,91,86,95,108,129,74,59
TLM66,Shetland Islands,C (10-33),Manufacturing,46,40,36,40,38,44,51,52,57,62,65,78,74,77,87,85,85,66,74,90,94,101,83,88,81
TLM66,Shetland Islands,DE (35-39),"Electricity, gas, water; sewerage and waste management",58,50,44,50,41,41,52,48,45,42,42,46,45,47,54,59,47,38,37,36,32,34,31,34,32
TLM66,Shetland Islands,F (41-43),Construction,49,53,51,46,46,48,47,47,46,47,44,36,40,42,45,53,75,84,73,59,52,50,43,54,48
TLM66,Shetland Islands,G (45-47),Wholesale and retail trade; repair of motor vehicles,45,47,47,48,45,47,55,60,58,58,60,51,54,54,54,52,54,48,42,52,52,47,50,47,47
TLM66,Shetland Islands,H (49-53),Transportation and storage,118,125,119,107,111,118,120,115,126,127,135,186,175,208,183,193,182,157,149,153,143,148,118,98,104
TLM66,Shetland Islands,I (55-56),Accommodation and food service activities,28,28,30,28,26,26,29,29,28,28,27,26,26,28,27,36,44,44,29,19,18,20,11,13,16
TLM66,Shetland Islands,J (58-63),Information and communication,1,1,1,2,2,2,2,2,2,3,3,3,3,3,3,4,5,4,5,5,6,7,6,7,8
TLM66,Shetland Islands,K (64-66),Financial and insurance activities,5,5,6,6,6,6,8,8,8,9,9,8,6,6,7,7,5,4,5,5,5,4,4,5,4
TLM66,Shetland Islands,L (68),"Real estate activities, excluding imputed rental",25,28,27,28,24,24,24,22,23,22,17,18,18,20,23,20,22,25,21,20,17,22,17,17,15
TLM66,Shetland Islands,M (69-75),"Professional, scientific and technical activities",12,13,13,14,14,15,16,17,18,18,18,18,19,19,16,16,17,20,18,19,18,17,15,16,16
TLM66,Shetland Islands,N (77-82),Administrative and support service activities,15,15,17,17,20,18,19,18,18,19,20,18,17,17,17,18,12,14,15,14,11,11,11,10,15
TLM66,Shetland Islands,O (84),Public administration and defence,37,40,42,46,41,43,45,44,43,46,45,45,43,45,41,44,46,46,49,51,53,61,60,65,60
TLM66,Shetland Islands,P (85),Education,24,26,26,27,29,31,31,32,29,27,28,27,27,27,25,24,23,23,22,22,22,23,19,22,23
TLM66,Shetland Islands,Q (86-88),Human health and social work activities,66,66,62,70,67,76,77,81,84,81,83,78,75,71,67,64,67,72,77,93,95,82,55,87,90
TLM66,Shetland Islands,R (90-93),"Arts, entertainment and recreation",5,5,4,4,4,5,7,7,7,7,7,7,7,9,8,9,9,7,4,6,4,3,3,3,3
TLM66,Shetland Islands,S (94-96),Other service activities,13,11,10,11,11,12,12,12,12,10,12,13,13,12,17,17,15,12,11,12,11,12,10,11,10
TLM66,Shetland Islands,T (97-98),Activities of households,1,1,1,1,1,1,1,1,1,1,1,1,1,1,1,1,1,1,1,1,1,1,1,1,1
TLM71,Angus and Dundee City,AB (1-9),"Agriculture, forestry and fishing; mining and quarrying",89,100,116,123,132,139,128,136,168,168,147,125,119,135,104,122,129,122,152,147,143,159,144,132,137
TLM71,Angus and Dundee City,C (10-33),Manufacturing,604,612,629,641,628,659,672,687,768,773,785,730,727,684,743,825,908,880,869,874,902,972,870,980,970
TLM71,Angus and Dundee City,DE (35-39),"Electricity, gas, water; sewerage and waste management",114,116,118,115,113,118,113,98,94,76,78,69,68,65,71,82,71,71,74,80,78,81,68,77,73
TLM71,Angus and Dundee City,F (41-43),Construction,256,285,267,262,273,257,279,269,287,287,258,208,215,227,232,234,254,240,227,274,279,259,198,240,237
TLM71,Angus and Dundee City,G (45-47),Wholesale and retail trade; repair of motor vehicles,530,517,549,554,549,553,561,580,604,597,570,532,583,597,618,624,684,704,682,629,594,616,476,558,598
TLM71,Angus and Dundee City,H (49-53),Transportation and storage,117,124,125,134,126,135,140,129,133,137,137,125,126,145,125,124,129,122,119,114,115,125,102,93,105
TLM71,Angus and Dundee City,I (55-56),Accommodation and food service activities,181,172,169,172,171,178,176,184,185,178,176,168,166,166,159,167,155,173,197,211,216,213,143,160,196
TLM71,Angus and Dundee City,J (58-63),Information and communication,74,81,119,123,131,148,160,136,74,82,83,93,99,99,89,104,110,140,149,156,172,175,221,230,244
TLM71,Angus and Dundee City,K (64-66),Financial and insurance activities,100,58,62,63,85,78,82,90,114,112,142,153,140,123,129,95,99,88,83,59,58,55,66,97,58
TLM71,Angus and Dundee City,L (68),"Real estate activities, excluding imputed rental",100,106,104,111,103,102,104,98,99,95,89,93,89,100,111,122,116,122,123,124,123,123,127,110,159
TLM71,Angus and Dundee City,M (69-75),"Professional, scientific and technical activities",170,166,167,174,181,219,244,253,269,272,292,281,311,318,286,293,287,272,284,271,278,297,232,236,228
TLM71,Angus and Dundee City,N (77-82),Administrative and support service activities,92,93,88,97,91,101,102,108,114,122,116,108,100,100,102,107,111,120,131,131,137,145,93,107,108
TLM71,Angus and Dundee City,O (84),Public administration and defence,383,391,403,438,431,455,449,452,480,485,453,445,447,465,474,451,463,407,429,446,426,421,405,424,411
TLM71,Angus and Dundee City,P (85),Education,627,623,655,637,621,592,554,562,559,560,568,549,524,549,555,557,554,556,529,540,570,624,504,547,616
TLM71,Angus and Dundee City,Q (86-88),Human health and social work activities,599,571,612,642,644,684,731,786,799,816,809,784,763,771,775,756,763,762,745,790,813,795,572,820,893
TLM71,Angus and Dundee City,R (90-93),"Arts, entertainment and recreation",77,82,73,83,98,108,134,121,129,117,126,125,113,137,124,109,100,85,66,67,68,65,44,44,55
TLM71,Angus and Dundee City,S (94-96),Other service activities,65,60,62,57,62,56,60,54,57,56,55,57,57,58,57,55,57,51,53,55,63,60,44,46,52
TLM71,Angus and Dundee City,T (97-98),Activities of households,1,2,2,3,2,2,2,2,1,1,1,2,5,4,3,2,4,5,7,8,10,11,8,6,5
TLM72,Clackmannanshire and Fife,AB (1-9),"Agriculture, forestry and fishing; mining and quarrying",132,141,153,160,178,184,168,179,220,217,181,156,147,171,136,153,157,147,176,169,160,179,147,145,147
TLM72,Clackmannanshire and Fife,C (10-33),Manufacturing,1050,1113,1163,1213,1278,1344,1446,1564,1757,1745,1851,1651,1543,1397,1484,1553,1555,1519,1398,1602,1703,1615,1870,1795,1690
TLM72,Clackmannanshire and Fife,DE (35-39),"Electricity, gas, water; sewerage and waste management",545,564,584,635,591,633,572,525,572,610,612,578,572,522,449,496,429,519,562,364,308,299,271,303,345
TLM72,Clackmannanshire and Fife,F (41-43),Construction,424,470,441,431,447,422,457,438,465,465,413,338,349,363,389,461,551,532,528,587,510,473,370,448,439
TLM72,Clackmannanshire and Fife,G (45-47),Wholesale and retail trade; repair of motor vehicles,626,610,646,652,645,651,660,681,705,698,666,621,683,698,717,729,797,874,887,823,782,823,640,764,798
TLM72,Clackmannanshire and Fife,H (49-53),Transportation and storage,159,169,166,178,167,179,184,172,179,186,182,166,168,191,168,191,196,191,244,248,227,243,252,211,227
TLM72,Clackmannanshire and Fife,I (55-56),Accommodation and food service activities,221,211,208,210,211,221,220,230,230,222,218,206,204,207,204,212,199,205,238,251,240,248,150,193,241
TLM72,Clackmannanshire and Fife,J (58-63),Information and communication,12,16,23,29,36,42,44,42,44,50,59,72,87,101,93,93,94,121,146,164,234,261,411,459,427
TLM72,Clackmannanshire and Fife,K (64-66),Financial and insurance activities,38,36,40,48,72,79,105,103,103,113,109,103,94,77,81,94,93,69,97,92,110,105,52,63,67
TLM72,Clackmannanshire and Fife,L (68),"Real estate activities, excluding imputed rental",84,88,87,93,86,85,86,82,82,78,74,77,74,83,91,97,96,93,99,111,102,127,150,139,202
TLM72,Clackmannanshire and Fife,M (69-75),"Professional, scientific and technical activities",193,186,191,199,206,241,265,275,302,303,330,320,343,337,333,325,326,322,379,411,438,426,395,392,424
TLM72,Clackmannanshire and Fife,N (77-82),Administrative and support service activities,114,110,102,111,103,116,124,132,142,154,149,134,127,130,135,124,139,156,145,143,154,126,107,143,149
TLM72,Clackmannanshire and Fife,O (84),Public administration and defence,443,453,467,507,499,527,520,523,556,562,525,516,559,610,760,757,894,770,867,937,821,866,827,851,806
TLM72,Clackmannanshire and Fife,P (85),Education,661,657,690,672,655,624,584,593,589,590,599,579,552,579,583,588,682,707,621,629,605,657,536,631,709
TLM72,Clackmannanshire and Fife,Q (86-88),Human health and social work activities,611,585,620,639,639,669,714,796,793,814,815,791,768,781,759,745,761,824,785,789,782,762,554,755,870
TLM72,Clackmannanshire and Fife,R (90-93),"Arts, entertainment and recreation",140,153,143,158,179,189,222,199,217,201,206,194,186,209,195,175,164,159,144,159,143,161,100,107,124
TLM72,Clackmannanshire and Fife,S (94-96),Other service activities,193,175,179,162,173,152,161,145,149,144,144,146,151,160,172,174,163,165,171,173,188,184,124,124,143
TLM72,Clackmannanshire and Fife,T (97-98),Activities of households,2,4,3,5,3,2,3,3,2,1,2,4,8,7,5,4,6,8,11,12,17,17,13,10,9
TLM73,East Lothian and Midlothian,AB (1-9),"Agriculture, forestry and fishing; mining and quarrying",59,65,75,79,85,88,81,87,107,107,93,80,75,85,60,64,67,63,73,74,70,79,67,68,69
TLM73,East Lothian and Midlothian,C (10-33),Manufacturing,190,198,201,204,201,211,224,231,255,256,260,232,228,221,217,233,250,244,270,268,295,274,255,297,294
TLM73,East Lothian and Midlothian,DE (35-39),"Electricity, gas, water; sewerage and waste management",186,182,142,160,160,175,165,134,136,117,112,121,122,121,121,173,180,175,190,188,171,167,185,199,138
TLM73,East Lothian and Midlothian,F (41-43),Construction,244,272,255,249,260,244,266,257,276,276,254,204,211,224,234,305,329,327,271,287,274,267,205,242,220
TLM73,East Lothian and Midlothian,G (45-47),Wholesale and retail trade; repair of motor vehicles,253,247,262,265,263,265,269,279,293,289,276,258,282,290,299,308,334,360,356,342,333,369,288,362,382
TLM73,East Lothian and Midlothian,H (49-53),Transportation and storage,69,74,76,82,77,85,91,82,83,84,87,78,84,98,94,94,95,79,77,74,83,86,49,59,51
TLM73,East Lothian and Midlothian,I (55-56),Accommodation and food service activities,83,79,78,79,79,83,82,86,86,83,81,77,76,77,81,85,85,94,110,116,108,107,72,89,106
TLM73,East Lothian and Midlothian,J (58-63),Information and communication,66,65,109,108,114,127,138,122,50,55,50,55,55,55,49,58,56,50,44,47,44,45,45,36,42
TLM73,East Lothian and Midlothian,K (64-66),Financial and insurance activities,3,3,3,4,5,6,7,7,8,8,8,8,7,6,7,8,8,6,7,5,7,6,3,4,4
TLM73,East Lothian and Midlothian,L (68),"Real estate activities, excluding imputed rental",50,53,52,56,52,51,52,49,50,48,45,47,45,50,60,61,49,58,66,64,61,66,82,77,80
TLM73,East Lothian and Midlothian,M (69-75),"Professional, scientific and technical activities",115,110,109,106,113,136,157,172,178,183,198,193,221,232,228,206,246,289,330,365,419,373,376,383,374
TLM73,East Lothian and Midlothian,N (77-82),Administrative and support service activities,29,30,28,31,29,32,32,34,37,39,38,35,33,33,41,41,43,45,50,53,58,61,46,68,63
TLM73,East Lothian and Midlothian,O (84),Public administration and defence,187,191,197,214,211,223,220,221,235,237,222,218,226,236,245,251,261,236,253,261,266,273,257,270,265
TLM73,East Lothian and Midlothian,P (85),Education,301,299,314,306,298,284,266,270,268,269,273,264,252,264,267,249,263,265,264,272,280,301,254,279,316
TLM73,East Lothian and Midlothian,Q (86-88),Human health and social work activities,147,140,149,153,153,159,172,191,191,196,196,193,189,197,209,253,239,262,251,263,274,265,211,268,297
TLM73,East Lothian and Midlothian,R (90-93),"Arts, entertainment and recreation",42,46,44,49,55,58,67,60,66,61,63,59,57,62,60,63,60,61,55,55,55,54,42,42,43
TLM73,East Lothian and Midlothian,S (94-96),Other service activities,51,46,49,45,49,45,48,43,46,46,45,47,47,47,51,50,50,65,79,91,90,79,52,52,65
TLM73,East Lothian and Midlothian,T (97-98),Activities of households,1,2,1,2,1,1,1,1,1,1,1,2,4,3,2,2,3,4,5,6,8,8,6,5,4
TLM75,City of Edinburgh,AB (1-9),"Agriculture, forestry and fishing; mining and quarrying",87,77,86,87,88,86,81,85,103,95,88,89,80,78,72,75,80,72,72,65,63,78,69,54,55
TLM75,City of Edinburgh,C (10-33),Manufacturing,580,599,680,754,789,771,880,935,1165,1099,1202,1037,915,903,819,794,875,844,911,954,952,1070,1248,1314,1117
TLM75,City of Edinburgh,DE (35-39),"Electricity, gas, water; sewerage and waste management",564,562,573,665,599,557,484,404,445,496,495,469,471,394,382,490,462,543,567,509,544,636,610,487,512
TLM75,City of Edinburgh,F (41-43),Construction,993,1089,1021,1033,1096,1048,1131,1069,1147,1128,902,687,712,732,782,869,758,698,636,676,662,632,493,608,742
TLM75,City of Edinburgh,G (45-47),Wholesale and retail trade; repair of motor vehicles,1142,1114,1176,1183,1178,1189,1209,1258,1316,1303,1245,1164,1276,1311,1348,1386,1531,1630,1581,1506,1463,1521,1138,1439,1362
TLM75,City of Edinburgh,H (49-53),Transportation and storage,295,321,339,349,342,373,408,411,434,439,432,395,436,461,480,488,509,461,507,484,500,592,218,259,398
TLM75,City of Edinburgh,I (55-56),Accommodation and food service activities,719,688,675,680,689,723,717,752,752,723,709,670,664,676,693,739,706,777,917,934,949,1010,474,601,841
TLM75,City of Edinburgh,J (58-63),Information and communication,346,353,483,515,584,658,704,677,536,584,543,598,620,641,624,739,818,1003,1220,1291,1345,1414,1356,1286,1446
TLM75,City of Edinburgh,K (64-66),Financial and insurance activities,2981,2930,3480,3777,4415,4648,4739,5529,4387,6275,6463,6438,6594,5691,6134,5759,5763,5607,6375,7105,6990,6604,6231,6581,7220
TLM75,City of Edinburgh,L (68),"Real estate activities, excluding imputed rental",836,879,870,927,868,852,874,837,842,813,755,786,754,840,931,899,928,923,967,986,1011,1086,953,990,935
TLM75,City of Edinburgh,M (69-75),"Professional, scientific and technical activities",1176,1145,1220,1378,1375,1639,1745,1721,1932,1860,1852,1776,1836,1808,1768,1811,1761,1882,1918,1894,1984,1941,1621,1721,1801
TLM75,City of Edinburgh,N (77-82),Administrative and support service activities,503,487,477,539,516,579,598,600,648,698,680,625,608,637,681,595,638,724,777,787,912,1024,955,1050,1079
TLM75,City of Edinburgh,O (84),Public administration and defence,985,1007,1037,1127,1109,1171,1156,1163,1235,1248,1166,1146,1199,1215,1146,1172,1228,1086,1163,1349,1348,1307,1299,1454,1448
TLM75,City of Edinburgh,P (85),Education,1629,1619,1701,1656,1615,1538,1438,1461,1452,1454,1475,1426,1361,1427,1584,1577,1608,1631,1644,1671,1846,2035,1649,1799,2031
TLM75,City of Edinburgh,Q (86-88),Human health and social work activities,1332,1272,1353,1410,1413,1493,1585,1742,1747,1789,1786,1723,1715,1669,1724,1730,1726,1841,1933,2062,2118,1961,1438,2129,2183
TLM75,City of Edinburgh,R (90-93),"Arts, entertainment and recreation",265,288,289,302,340,359,420,384,423,396,406,382,362,400,388,419,378,374,380,422,422,463,364,468,570
TLM75,City of Edinburgh,S (94-96),Other service activities,362,330,347,323,353,329,349,315,334,329,328,341,331,322,316,336,333,318,359,374,417,415,283,349,414
TLM75,City of Edinburgh,T (97-98),Activities of households,2,4,4,6,4,3,4,3,2,2,2,4,10,8,6,4,7,10,13,15,20,21,16,13,11
TLM76,Falkirk,AB (1-9),"Agriculture, forestry and fishing; mining and quarrying",14,13,13,13,14,13,12,12,15,14,10,8,7,9,13,13,14,10,12,10,12,13,11,12,13
TLM76,Falkirk,C (10-33),Manufacturing,511,495,548,533,586,624,668,736,834,688,766,807,745,513,493,492,587,796,827,643,587,546,615,655,550
TLM76,Falkirk,DE (35-39),"Electricity, gas, water; sewerage and waste management",211,206,181,189,180,197,188,164,157,138,143,140,139,135,144,165,137,137,163,166,169,133,100,130,122
TLM76,Falkirk,F (41-43),Construction,286,318,299,285,290,272,294,281,293,297,268,232,239,244,236,252,263,264,300,404,378,372,278,345,289
TLM76,Falkirk,G (45-47),Wholesale and retail trade; repair of motor vehicles,436,427,439,426,445,451,470,518,573,570,548,520,566,597,513,503,487,470,475,463,511,602,503,505,520
TLM76,Falkirk,H (49-53),Transportation and storage,545,504,512,515,475,469,443,455,498,529,612,596,567,578,639,634,671,608,530,540,601,602,494,427,392
TLM76,Falkirk,I (55-56),Accommodation and food service activities,73,69,68,69,69,72,71,75,75,72,71,67,67,67,64,71,71,74,82,80,80,74,45,53,65
TLM76,Falkirk,J (58-63),Information and communication,13,13,20,20,22,25,27,23,14,16,15,17,17,18,18,21,22,28,27,25,29,28,26,25,18
TLM76,Falkirk,K (64-66),Financial and insurance activities,2,2,2,3,4,5,6,6,6,7,7,6,6,5,7,11,10,8,9,4,6,5,2,3,3
TLM76,Falkirk,L (68),"Real estate activities, excluding imputed rental",65,70,69,72,67,66,67,63,63,60,57,60,57,64,75,117,113,82,77,98,77,78,95,98,98
TLM76,Falkirk,M (69-75),"Professional, scientific and technical activities",40,40,42,45,46,54,56,56,64,64,74,70,70,63,65,80,81,66,62,62,58,53,56,78,149
TLM76,Falkirk,N (77-82),Administrative and support service activities,103,102,98,110,105,117,119,123,131,142,138,128,122,124,108,86,93,105,104,116,121,111,101,121,106
TLM76,Falkirk,O (84),Public administration and defence,188,192,198,215,212,223,220,222,236,238,222,219,237,278,283,255,274,235,240,244,260,266,261,276,262
TLM76,Falkirk,P (85),Education,182,181,190,185,180,172,161,163,162,162,165,159,152,159,151,148,151,149,135,137,136,157,132,144,161
TLM76,Falkirk,Q (86-88),Human health and social work activities,344,328,351,369,370,394,419,452,458,468,465,448,411,464,490,483,497,496,502,542,567,558,372,571,627
TLM76,Falkirk,R (90-93),"Arts, entertainment and recreation",35,38,32,37,44,48,60,54,58,52,55,55,50,62,61,55,54,45,35,39,34,31,19,18,15
TLM76,Falkirk,S (94-96),Other service activities,60,55,58,53,57,52,55,50,53,52,52,53,54,57,49,47,45,43,46,52,64,77,54,47,50
TLM76,Falkirk,T (97-98),Activities of households,1,1,1,2,1,1,1,1,1,1,1,1,3,3,2,1,2,3,4,5,6,6,5,4,3
TLM77,"Perth and Kinross, and Stirling",AB (1-9),"Agriculture, forestry and fishing; mining and quarrying",137,159,181,193,212,227,210,220,262,261,241,220,194,214,176,197,217,199,233,211,198,230,224,197,198
TLM77,"Perth and Kinross, and Stirling",C (10-33),Manufacturing,339,343,338,328,328,344,390,380,422,431,414,391,373,349,378,407,404,431,455,457,477,471,443,537,541
TLM77,"Perth and Kinross, and Stirling",DE (35-39),"Electricity, gas, water; sewerage and waste management",1095,1095,812,976,1013,1104,1015,797,879,771,694,781,791,792,842,715,629,825,989,1029,1015,1090,940,928,887
TLM77,"Perth and Kinross, and Stirling",F (41-43),Construction,433,479,449,445,465,441,478,455,485,482,410,327,338,350,382,435,459,459,477,560,532,478,404,429,445
TLM77,"Perth and Kinross, and Stirling",G (45-47),Wholesale and retail trade; repair of motor vehicles,627,606,631,631,632,639,648,673,691,689,656,612,686,698,727,733,790,820,823,745,689,713,494,629,613
TLM77,"Perth and Kinross, and Stirling",H (49-53),Transportation and storage,133,142,140,150,141,151,155,145,151,156,151,139,139,157,154,156,157,146,144,136,132,124,76,78,82
TLM77,"Perth and Kinross, and Stirling",I (55-56),Accommodation and food service activities,395,390,377,368,398,433,425,457,450,429,409,378,377,402,465,517,500,457,358,320,335,345,180,266,318
TLM77,"Perth and Kinross, and Stirling",J (58-63),Information and communication,28,30,45,47,51,58,63,54,33,37,37,41,43,45,43,47,59,97,102,101,120,144,158,148,168
TLM77,"Perth and Kinross, and Stirling",K (64-66),Financial and insurance activities,443,392,471,477,489,489,394,524,377,596,676,710,761,681,705,668,619,570,455,506,337,318,347,332,157
TLM77,"Perth and Kinross, and Stirling",L (68),"Real estate activities, excluding imputed rental",120,127,125,133,124,122,125,119,120,115,108,112,108,120,117,127,111,138,146,157,162,162,180,167,181
TLM77,"Perth and Kinross, and Stirling",M (69-75),"Professional, scientific and technical activities",108,103,109,119,119,136,145,149,171,167,176,171,177,170,147,157,166,179,208,229,211,226,209,221,227
TLM77,"Perth and Kinross, and Stirling",N (77-82),Administrative and support service activities,179,182,175,197,188,207,203,210,223,240,232,217,206,205,237,467,528,548,483,491,504,448,373,436,405
TLM77,"Perth and Kinross, and Stirling",O (84),Public administration and defence,393,401,413,449,442,466,461,463,492,497,465,457,449,415,408,400,379,338,345,358,347,373,375,398,392
TLM77,"Perth and Kinross, and Stirling",P (85),Education,470,467,491,478,466,444,415,421,419,419,426,411,393,412,425,420,423,415,418,423,445,491,360,397,447
TLM77,"Perth and Kinross, and Stirling",Q (86-88),Human health and social work activities,370,354,375,388,388,407,434,483,481,494,494,479,453,448,431,443,464,475,453,475,475,458,366,447,485
TLM77,"Perth and Kinross, and Stirling",R (90-93),"Arts, entertainment and recreation",61,68,67,74,82,86,98,89,98,92,95,87,85,90,84,88,87,79,74,73,76,74,64,59,70
TLM77,"Perth and Kinross, and Stirling",S (94-96),Other service activities,88,81,84,78,84,77,82,74,78,77,77,80,79,80,78,95,97,97,93,105,125,122,79,71,75
TLM77,"Perth and Kinross, and Stirling",T (97-98),Activities of households,1,2,2,3,2,1,2,2,1,1,1,2,5,4,3,2,3,5,6,7,10,10,7,6,5
TLM78,West Lothian,AB (1-9),"Agriculture, forestry and fishing; mining and quarrying",15,17,18,19,21,22,20,21,25,25,21,18,16,19,15,21,33,31,47,43,43,46,37,43,46
TLM78,West Lothian,C (10-33),Manufacturing,422,447,466,486,502,523,561,576,646,642,657,581,578,555,577,537,584,652,723,674,721,716,677,801,825
TLM78,West Lothian,DE (35-39),"Electricity, gas, water; sewerage and waste management",36,33,32,32,27,30,29,28,24,25,30,27,26,23,19,21,27,33,32,33,32,27,26,33,38
TLM78,West Lothian,F (41-43),Construction,664,748,699,670,690,641,701,684,730,737,718,599,619,660,600,566,523,564,552,454,474,453,472,579,747
TLM78,West Lothian,G (45-47),Wholesale and retail trade; repair of motor vehicles,485,475,494,487,499,504,520,560,606,601,577,544,593,619,632,612,699,678,724,717,635,600,470,600,610
TLM78,West Lothian,H (49-53),Transportation and storage,147,156,153,164,154,164,167,157,164,171,167,154,153,172,180,177,192,173,188,199,209,258,209,187,235
TLM78,West Lothian,I (55-56),Accommodation and food service activities,91,86,85,87,85,87,87,90,91,88,87,83,82,82,84,84,85,96,87,83,82,81,48,56,69
TLM78,West Lothian,J (58-63),Information and communication,23,28,39,51,65,76,80,84,96,106,115,139,161,182,198,210,231,250,249,356,473,560,866,946,805
TLM78,West Lothian,K (64-66),Financial and insurance activities,11,11,12,14,21,23,31,30,30,33,32,30,28,23,31,37,31,29,13,11,14,10,4,4,19
TLM78,West Lothian,L (68),"Real estate activities, excluding imputed rental",60,63,62,66,62,61,62,59,60,58,54,56,54,60,60,80,72,101,94,96,90,80,98,96,78
TLM78,West Lothian,M (69-75),"Professional, scientific and technical activities",299,287,276,270,295,369,437,480,460,487,511,495,618,695,750,558,633,659,523,559,572,486,479,481,542
TLM78,West Lothian,N (77-82),Administrative and support service activities,116,118,113,126,119,132,136,143,149,160,154,144,133,132,141,134,129,159,151,176,179,189,144,175,183
TLM78,West Lothian,O (84),Public administration and defence,183,187,193,210,206,218,215,216,230,232,217,213,198,224,210,214,214,250,276,297,318,313,274,262,259
TLM78,West Lothian,P (85),Education,236,234,246,240,234,223,208,211,210,211,214,206,197,207,196,193,195,189,178,183,176,195,166,186,209
TLM78,West Lothian,Q (86-88),Human health and social work activities,198,189,202,212,212,225,240,260,263,269,267,259,250,256,251,248,234,236,241,275,293,311,203,253,271
TLM78,West Lothian,R (90-93),"Arts, entertainment and recreation",30,32,30,33,38,41,50,45,49,45,47,46,42,50,54,55,53,45,34,36,37,38,35,31,28
TLM78,West Lothian,S (94-96),Other service activities,65,59,60,54,59,52,55,49,50,48,48,49,49,50,42,43,39,39,63,84,80,71,42,30,35
TLM78,West Lothian,T (97-98),Activities of households,1,1,1,2,1,1,1,1,1,1,1,2,4,3,2,2,3,3,5,5,7,7,5,4,4
TLM81,"East Dunbartonshire, West Dunbartonshire, and Helensburgh and Lomond",AB (1-9),"Agriculture, forestry and fishing; mining and quarrying",6,7,8,8,10,10,10,9,10,8,9,8,9,11,10,9,14,14,12,15,13,14,9,10,9
TLM81,"East Dunbartonshire, West Dunbartonshire, and Helensburgh and Lomond",C (10-33),Manufacturing,265,269,281,315,331,358,404,430,492,462,482,474,451,439,421,390,431,442,458,457,455,461,527,520,565
TLM81,"East Dunbartonshire, West Dunbartonshire, and Helensburgh and Lomond",DE (35-39),"Electricity, gas, water; sewerage and waste management",90,95,84,95,90,112,98,96,96,85,80,77,65,66,62,65,65,74,79,79,89,91,109,114,88
TLM81,"East Dunbartonshire, West Dunbartonshire, and Helensburgh and Lomond",F (41-43),Construction,180,184,182,167,160,167,156,159,169,165,173,139,148,158,144,163,164,176,149,154,134,125,108,118,129
TLM81,"East Dunbartonshire, West Dunbartonshire, and Helensburgh and Lomond",G (45-47),Wholesale and retail trade; repair of motor vehicles,329,327,337,354,350,322,326,327,344,338,355,329,343,330,331,337,370,338,335,362,339,309,248,281,293
TLM81,"East Dunbartonshire, West Dunbartonshire, and Helensburgh and Lomond",H (49-53),Transportation and storage,145,150,158,166,159,153,156,156,159,157,164,150,148,165,150,156,159,138,114,101,108,104,89,95,89
TLM81,"East Dunbartonshire, West Dunbartonshire, and Helensburgh and Lomond",I (55-56),Accommodation and food service activities,114,116,115,114,116,114,120,124,116,116,116,106,106,103,102,118,106,97,105,116,104,109,77,108,128
TLM81,"East Dunbartonshire, West Dunbartonshire, and Helensburgh and Lomond",J (58-63),Information and communication,49,47,50,54,56,64,78,82,82,80,60,59,54,51,67,74,75,91,99,100,105,85,105,111,126
TLM81,"East Dunbartonshire, West Dunbartonshire, and Helensburgh and Lomond",K (64-66),Financial and insurance activities,55,58,52,53,58,74,88,102,120,136,133,103,107,103,98,104,118,153,329,353,398,433,197,145,132
TLM81,"East Dunbartonshire, West Dunbartonshire, and Helensburgh and Lomond",L (68),"Real estate activities, excluding imputed rental",46,50,47,45,43,47,48,50,50,47,42,43,40,45,52,44,49,57,58,55,57,58,60,62,63
TLM81,"East Dunbartonshire, West Dunbartonshire, and Helensburgh and Lomond",M (69-75),"Professional, scientific and technical activities",77,75,75,74,68,73,84,84,88,87,88,89,81,77,79,93,97,93,91,108,121,106,87,96,105
TLM81,"East Dunbartonshire, West Dunbartonshire, and Helensburgh and Lomond",N (77-82),Administrative and support service activities,86,89,84,97,95,98,112,129,129,127,146,160,170,192,188,208,220,178,160,137,126,130,147,163,165
TLM81,"East Dunbartonshire, West Dunbartonshire, and Helensburgh and Lomond",O (84),Public administration and defence,565,564,563,575,535,524,528,577,536,576,554,544,519,531,500,479,480,479,516,528,538,553,521,564,554
TLM81,"East Dunbartonshire, West Dunbartonshire, and Helensburgh and Lomond",P (85),Education,366,365,375,383,364,362,360,346,330,313,304,283,276,280,271,274,280,280,282,266,257,284,233,270,296
TLM81,"East Dunbartonshire, West Dunbartonshire, and Helensburgh and Lomond",Q (86-88),Human health and social work activities,260,257,262,304,304,303,316,346,344,340,358,335,340,375,365,367,392,397,360,408,418,381,272,351,413
TLM81,"East Dunbartonshire, West Dunbartonshire, and Helensburgh and Lomond",R (90-93),"Arts, entertainment and recreation",46,47,44,45,49,52,59,59,61,56,62,58,52,57,60,57,46,40,38,38,39,46,37,32,41
TLM81,"East Dunbartonshire, West Dunbartonshire, and Helensburgh and Lomond",S (94-96),Other service activities,60,55,52,54,56,57,54,53,50,49,49,49,48,45,46,52,62,75,62,94,109,127,67,100,111
TLM81,"East Dunbartonshire, West Dunbartonshire, and Helensburgh and Lomond",T (97-98),Activities of households,7,9,12,12,12,8,9,9,8,7,5,3,4,3,4,3,4,4,6,6,5,6,5,3,4
TLM82,Glasgow City,AB (1-9),"Agriculture, forestry and fishing; mining and quarrying",4,3,5,5,4,4,4,4,5,4,4,4,3,3,4,4,4,7,7,7,5,8,6,4,8
TLM82,Glasgow City,C (10-33),Manufacturing,918,850,870,949,1030,1020,1146,1170,1293,1278,1388,1299,1246,1260,1245,1212,1251,1129,1070,1163,1259,1271,1217,1309,1328
TLM82,Glasgow City,DE (35-39),"Electricity, gas, water; sewerage and waste management",1112,1204,1092,1232,1172,1427,1242,1218,1252,1121,1072,992,863,871,842,863,633,758,743,870,786,895,1469,1277,1253
TLM82,Glasgow City,F (41-43),Construction,1674,1717,1690,1585,1548,1521,1410,1434,1483,1444,1386,1112,1214,1270,1168,1192,1129,1172,1157,1235,1104,1093,901,1055,1083
TLM82,Glasgow City,G (45-47),Wholesale and retail trade; repair of motor vehicles,1720,1653,1709,1779,1747,1646,1682,1689,1802,1752,1860,1744,1825,1802,1801,1790,1920,1751,1724,1949,1957,1778,1398,1692,1680
TLM82,Glasgow City,H (49-53),Transportation and storage,796,875,927,981,920,893,827,807,780,749,763,692,728,757,732,717,682,628,640,650,620,588,300,371,437
TLM82,Glasgow City,I (55-56),Accommodation and food service activities,688,697,701,696,700,684,716,744,692,694,700,644,643,619,667,727,695,671,674,713,704,783,467,613,803
TLM82,Glasgow City,J (58-63),Information and communication,86,93,128,161,193,229,268,309,342,390,402,476,511,605,656,749,851,986,1100,1187,1452,1574,1697,1928,2346
TLM82,Glasgow City,K (64-66),Financial and insurance activities,2426,2687,2866,2648,2271,2335,2466,2920,2562,3424,3464,3107,2748,2520,2641,2778,2841,2796,2624,2663,2811,3122,3033,2988,3002
TLM82,Glasgow City,L (68),"Real estate activities, excluding imputed rental",979,1075,1003,956,905,980,984,1023,1014,923,845,874,820,933,985,1121,1048,974,1105,1082,996,1074,1108,1046,1078
TLM82,Glasgow City,M (69-75),"Professional, scientific and technical activities",1065,1077,1090,1165,1120,1203,1422,1455,1591,1581,1510,1464,1436,1453,1459,1512,1566,1538,1521,1682,1611,1542,1306,1533,1646
TLM82,Glasgow City,N (77-82),Administrative and support service activities,601,633,644,724,710,774,836,922,969,959,1050,1043,1008,1072,1068,1200,1305,1332,1259,1309,1358,1357,1195,1205,1299
TLM82,Glasgow City,O (84),Public administration and defence,1370,1368,1363,1394,1298,1270,1279,1399,1298,1396,1344,1318,1343,1342,1217,1065,1101,1168,1188,1159,1155,1295,1280,1429,1439
TLM82,Glasgow City,P (85),Education,1563,1557,1596,1624,1530,1508,1507,1447,1376,1302,1268,1177,1147,1160,1175,1141,1038,1013,1070,1086,1094,1204,969,1130,1257
TLM82,Glasgow City,Q (86-88),Human health and social work activities,1738,1727,1751,2031,2046,2052,2129,2339,2304,2294,2499,2359,2346,2479,2445,2485,2717,2845,2987,2957,2836,2801,1986,2707,2770
TLM82,Glasgow City,R (90-93),"Arts, entertainment and recreation",405,393,380,399,445,471,533,527,552,507,562,565,519,577,559,569,504,444,368,378,366,372,227,299,363
TLM82,Glasgow City,S (94-96),Other service activities,497,443,425,440,469,473,449,434,406,382,336,355,345,310,328,343,355,360,407,367,374,332,281,346,398
TLM82,Glasgow City,T (97-98),Activities of households,19,23,30,29,29,21,23,23,21,17,13,9,11,9,10,9,11,10,16,15,15,16,14,8,11
TLM83,"Inverclyde, East Renfrewshire, and Renfrewshire",AB (1-9),"Agriculture, forestry and fishing; mining and quarrying",13,15,19,19,22,23,22,21,21,18,23,22,22,23,19,19,28,26,21,20,12,18,16,12,11
TLM83,"Inverclyde, East Renfrewshire, and Renfrewshire",C (10-33),Manufacturing,634,615,717,774,845,868,951,977,1101,937,971,923,844,855,814,785,855,865,807,809,823,880,1146,1062,852
TLM83,"Inverclyde, East Renfrewshire, and Renfrewshire",DE (35-39),"Electricity, gas, water; sewerage and waste management",82,77,71,72,70,70,64,66,62,58,55,68,55,54,37,37,38,39,51,45,50,64,85,80,82
TLM83,"Inverclyde, East Renfrewshire, and Renfrewshire",F (41-43),Construction,496,503,499,457,434,438,411,415,437,419,427,360,391,408,435,453,475,518,455,515,415,430,335,410,387
TLM83,"Inverclyde, East Renfrewshire, and Renfrewshire",G (45-47),Wholesale and retail trade; repair of motor vehicles,794,762,782,809,792,740,752,757,802,783,830,775,813,798,801,838,943,879,814,925,857,816,615,763,717
TLM83,"Inverclyde, East Renfrewshire, and Renfrewshire",H (49-53),Transportation and storage,357,385,434,421,405,413,456,462,468,467,481,414,421,469,453,503,527,505,579,604,564,531,281,362,418
TLM83,"Inverclyde, East Renfrewshire, and Renfrewshire",I (55-56),Accommodation and food service activities,215,218,220,219,219,214,223,232,215,216,219,202,202,193,189,213,210,186,177,189,184,191,125,154,185
TLM83,"Inverclyde, East Renfrewshire, and Renfrewshire",J (58-63),Information and communication,16,18,26,35,44,53,61,72,79,90,93,110,119,141,171,171,220,258,198,184,216,190,229,281,271
TLM83,"Inverclyde, East Renfrewshire, and Renfrewshire",K (64-66),Financial and insurance activities,32,35,31,32,34,44,51,59,68,78,77,60,62,60,67,66,62,57,71,79,83,94,45,33,35
TLM83,"Inverclyde, East Renfrewshire, and Renfrewshire",L (68),"Real estate activities, excluding imputed rental",171,189,176,167,158,170,170,176,174,156,145,151,141,162,200,179,230,261,252,241,231,202,179,146,152
TLM83,"Inverclyde, East Renfrewshire, and Renfrewshire",M (69-75),"Professional, scientific and technical activities",132,131,135,140,141,164,192,195,209,211,204,199,202,202,194,208,196,211,209,228,228,237,206,261,244
TLM83,"Inverclyde, East Renfrewshire, and Renfrewshire",N (77-82),Administrative and support service activities,164,173,172,189,202,245,267,294,295,289,314,311,298,308,332,354,381,328,361,385,500,497,430,504,482
TLM83,"Inverclyde, East Renfrewshire, and Renfrewshire",O (84),Public administration and defence,350,349,348,356,331,324,326,357,331,356,343,336,344,350,389,386,407,397,422,424,460,465,447,478,468
TLM83,"Inverclyde, East Renfrewshire, and Renfrewshire",P (85),Education,675,672,689,701,661,651,650,625,594,562,547,508,495,501,502,492,491,497,496,469,460,484,401,460,507
TLM83,"Inverclyde, East Renfrewshire, and Renfrewshire",Q (86-88),Human health and social work activities,463,459,467,540,542,543,565,619,612,609,655,616,593,629,611,626,669,706,692,679,670,586,450,576,610
TLM83,"Inverclyde, East Renfrewshire, and Renfrewshire",R (90-93),"Arts, entertainment and recreation",75,75,68,75,81,87,101,102,105,96,109,100,89,99,90,93,80,83,73,72,71,75,54,47,60
TLM83,"Inverclyde, East Renfrewshire, and Renfrewshire",S (94-96),Other service activities,125,116,107,111,116,116,110,106,99,96,100,100,99,97,125,139,167,182,177,196,207,190,111,164,166
TLM83,"Inverclyde, East Renfrewshire, and Renfrewshire",T (97-98),Activities of households,11,14,18,17,17,13,14,14,13,10,8,5,7,5,6,5,7,6,9,9,8,9,8,5,6
TLM84,North Lanarkshire,AB (1-9),"Agriculture, forestry and fishing; mining and quarrying",29,29,31,32,37,35,33,32,40,32,23,21,26,34,51,47,58,45,42,32,29,34,24,22,23
TLM84,North Lanarkshire,C (10-33),Manufacturing,731,690,752,841,898,895,947,935,1016,955,974,901,864,871,896,975,1040,933,922,950,978,946,921,1003,959
TLM84,North Lanarkshire,DE (35-39),"Electricity, gas, water; sewerage and waste management",428,486,385,455,431,615,533,533,537,483,427,416,334,334,384,463,632,649,657,679,697,813,796,579,442
TLM84,North Lanarkshire,F (41-43),Construction,921,934,927,847,802,818,768,775,820,788,811,682,738,773,788,787,851,854,828,828,859,846,808,845,956
TLM84,North Lanarkshire,G (45-47),Wholesale and retail trade; repair of motor vehicles,803,773,798,830,816,767,783,786,838,815,865,810,848,836,836,807,811,754,723,792,767,782,589,687,687
TLM84,North Lanarkshire,H (49-53),Transportation and storage,460,497,509,539,517,498,515,520,516,517,523,475,473,502,456,488,536,502,463,461,492,483,404,486,591
TLM84,North Lanarkshire,I (55-56),Accommodation and food service activities,151,153,155,154,153,150,157,163,151,152,154,142,142,136,132,144,129,116,115,125,124,133,96,120,136
TLM84,North Lanarkshire,J (58-63),Information and communication,15,16,21,26,31,37,43,49,53,60,61,71,76,89,94,107,140,170,175,239,267,239,315,394,369
TLM84,North Lanarkshire,K (64-66),Financial and insurance activities,47,59,57,53,62,75,78,81,94,103,115,99,102,96,123,124,103,145,246,254,178,175,108,76,82
TLM84,North Lanarkshire,L (68),"Real estate activities, excluding imputed rental",111,123,114,108,102,110,109,113,112,100,93,97,91,104,90,78,104,115,103,101,118,137,116,124,168
TLM84,North Lanarkshire,M (69-75),"Professional, scientific and technical activities",161,159,170,184,188,231,279,290,296,316,335,334,390,394,390,325,365,400,398,387,421,415,409,530,570
TLM84,North Lanarkshire,N (77-82),Administrative and support service activities,204,216,212,231,253,311,341,376,372,362,393,391,377,388,352,343,386,454,481,468,403,333,352,395,425
TLM84,North Lanarkshire,O (84),Public administration and defence,438,437,436,445,415,406,409,447,415,446,429,421,404,424,405,381,453,471,618,699,706,773,754,751,709
TLM84,North Lanarkshire,P (85),Education,582,580,594,604,569,561,561,538,512,484,472,438,427,432,430,430,424,423,418,408,386,430,362,417,459
TLM84,North Lanarkshire,Q (86-88),Human health and social work activities,612,606,616,716,719,719,748,820,810,804,865,813,828,800,803,873,951,963,919,1070,1059,1034,749,991,1107
TLM84,North Lanarkshire,R (90-93),"Arts, entertainment and recreation",91,91,82,91,97,105,122,124,127,116,133,118,104,116,100,102,98,92,76,71,72,74,67,45,51
TLM84,North Lanarkshire,S (94-96),Other service activities,94,87,80,84,87,87,82,80,74,72,76,76,76,75,73,80,73,93,87,75,79,92,54,83,94
TLM84,North Lanarkshire,T (97-98),Activities of households,10,13,17,16,16,12,13,13,12,10,8,5,6,5,6,5,6,6,9,8,8,9,7,4,6
TLM91,Scottish Borders,AB (1-9),"Agriculture, forestry and fishing; mining and quarrying",156,178,227,236,269,264,247,292,294,255,275,256,201,238,192,193,273,226,182,198,178,205,182,164,159
TLM91,Scottish Borders,C (10-33),Manufacturing,166,161,163,175,188,191,198,198,220,216,203,209,226,201,213,230,246,266,240,248,288,280,208,225,226
TLM91,Scottish Borders,DE (35-39),"Electricity, gas, water; sewerage and waste management",62,66,64,72,67,74,66,66,71,63,61,54,49,51,49,57,64,67,65,79,90,89,135,82,46
TLM91,Scottish Borders,F (41-43),Construction,152,157,154,143,139,141,133,135,143,139,140,115,121,128,130,149,137,142,157,141,125,140,123,148,149
TLM91,Scottish Borders,G (45-47),Wholesale and retail trade; repair of motor vehicles,215,207,212,217,213,200,203,207,218,213,224,209,224,220,231,234,246,240,233,254,255,249,182,230,229
TLM91,Scottish Borders,H (49-53),Transportation and storage,64,67,65,69,67,65,63,63,64,64,64,57,57,58,54,49,53,45,51,47,42,42,30,31,34
TLM91,Scottish Borders,I (55-56),Accommodation and food service activities,73,75,72,72,75,75,77,81,77,76,74,66,68,68,69,71,69,69,74,79,70,78,51,59,66
TLM91,Scottish Borders,J (58-63),Information and communication,7,7,10,10,11,12,13,13,8,9,9,10,10,10,13,15,20,26,31,30,36,39,33,37,45
TLM91,Scottish Borders,K (64-66),Financial and insurance activities,5,7,7,7,8,8,8,8,10,10,11,11,10,10,10,12,10,9,9,10,15,12,10,11,8
TLM91,Scottish Borders,L (68),"Real estate activities, excluding imputed rental",123,133,128,126,119,130,132,132,134,124,118,121,120,123,151,156,143,152,151,159,162,147,182,193,184
TLM91,Scottish Borders,M (69-75),"Professional, scientific and technical activities",63,63,63,67,69,88,105,107,110,117,124,122,141,150,163,154,162,168,164,164,186,209,207,260,150
TLM91,Scottish Borders,N (77-82),Administrative and support service activities,17,18,17,20,19,21,23,26,26,26,29,29,29,31,29,38,38,36,39,44,41,40,27,37,47
TLM91,Scottish Borders,O (84),Public administration and defence,90,90,90,93,87,85,85,92,87,94,89,88,101,107,106,115,131,133,117,105,102,99,99,105,102
TLM91,Scottish Borders,P (85),Education,132,133,135,138,131,129,128,127,123,116,114,107,105,106,103,100,100,98,95,92,93,100,83,93,107
TLM91,Scottish Borders,Q (86-88),Human health and social work activities,249,243,249,293,293,293,307,338,334,326,344,322,304,308,283,280,290,310,334,347,351,325,235,287,298
TLM91,Scottish Borders,R (90-93),"Arts, entertainment and recreation",28,29,28,27,31,32,34,33,36,34,35,34,34,36,37,38,30,28,33,33,36,31,20,24,27
TLM91,Scottish Borders,S (94-96),Other service activities,76,68,66,67,73,72,70,67,63,60,52,57,55,49,51,50,54,52,53,57,64,65,64,63,59
TLM91,Scottish Borders,T (97-98),Activities of households,2,3,4,4,4,3,3,3,3,2,2,1,2,1,1,1,2,1,2,2,1,2,1,1,2
TLM92,Dumfries and Galloway,AB (1-9),"Agriculture, forestry and fishing; mining and quarrying",211,239,301,317,360,357,338,395,400,345,366,342,268,312,286,304,414,370,289,300,253,301,261,237,245
TLM92,Dumfries and Galloway,C (10-33),Manufacturing,335,338,348,370,356,383,397,370,406,399,410,402,384,370,386,417,403,377,417,422,479,422,453,481,412
TLM92,Dumfries and Galloway,DE (35-39),"Electricity, gas, water; sewerage and waste management",232,245,226,247,227,249,227,240,243,220,203,207,174,175,139,127,115,124,119,121,128,139,165,130,125
TLM92,Dumfries and Galloway,F (41-43),Construction,202,208,204,190,184,185,176,177,187,181,180,149,159,167,167,177,180,180,186,189,174,177,148,176,165
TLM92,Dumfries and Galloway,G (45-47),Wholesale and retail trade; repair of motor vehicles,365,353,366,380,374,355,362,367,391,380,400,374,397,392,394,374,420,404,398,444,407,394,326,363,369
TLM92,Dumfries and Galloway,H (49-53),Transportation and storage,306,364,415,437,384,394,435,416,355,307,322,255,243,270,298,320,321,298,296,261,245,235,170,198,203
TLM92,Dumfries and Galloway,I (55-56),Accommodation and food service activities,129,133,128,127,132,132,137,143,136,135,131,117,120,121,125,137,133,129,145,149,123,131,97,103,113
TLM92,Dumfries and Galloway,J (58-63),Information and communication,3,4,5,5,6,7,8,8,8,9,9,11,11,12,13,16,22,31,37,41,47,49,46,52,56
TLM92,Dumfries and Galloway,K (64-66),Financial and insurance activities,11,12,14,12,12,12,12,14,13,16,17,16,14,13,17,18,27,23,16,17,26,32,35,22,20
TLM92,Dumfries and Galloway,L (68),"Real estate activities, excluding imputed rental",181,196,189,186,176,191,194,193,197,181,173,178,176,181,194,237,242,239,234,232,224,232,193,155,196
TLM92,Dumfries and Galloway,M (69-75),"Professional, scientific and technical activities",65,64,63,64,61,66,76,79,87,86,93,93,89,89,83,89,85,88,93,127,118,129,96,88,103
TLM92,Dumfries and Galloway,N (77-82),Administrative and support service activities,36,37,37,40,42,50,54,59,58,56,64,63,58,62,67,72,76,74,69,77,79,75,64,71,81
TLM92,Dumfries and Galloway,O (84),Public administration and defence,180,180,180,185,172,169,169,184,172,187,178,176,177,192,177,175,168,166,175,165,150,147,135,141,125
TLM92,Dumfries and Galloway,P (85),Education,167,168,170,174,165,162,162,161,155,147,144,135,132,134,132,128,127,126,120,118,120,132,106,119,138
TLM92,Dumfries and Galloway,Q (86-88),Human health and social work activities,346,342,349,399,403,406,424,465,457,457,492,465,453,477,454,458,460,451,493,527,512,565,487,566,616
TLM92,Dumfries and Galloway,R (90-93),"Arts, entertainment and recreation",28,29,27,28,31,33,38,38,40,38,40,39,37,40,39,39,35,33,27,31,30,27,20,21,23
TLM92,Dumfries and Galloway,S (94-96),Other service activities,44,41,39,40,42,41,40,39,37,36,35,37,36,35,34,34,37,41,43,43,52,53,38,41,36
TLM92,Dumfries and Galloway,T (97-98),Activities of households,3,4,5,5,5,4,4,4,4,3,2,2,2,2,2,2,2,2,3,2,2,2,1,2,2
TLM93,East Ayrshire and North Ayrshire mainland,AB (1-9),"Agriculture, forestry and fishing; mining and quarrying",89,100,122,136,156,163,166,172,180,155,153,150,108,116,92,102,133,102,81,78,80,82,58,59,62
TLM93,East Ayrshire and North Ayrshire mainland,C (10-33),Manufacturing,651,664,669,629,565,562,559,559,589,615,594,526,595,573,607,605,654,658,626,618,644,680,693,785,873
TLM93,East Ayrshire and North Ayrshire mainland,DE (35-39),"Electricity, gas, water; sewerage and waste management",358,405,364,406,362,436,395,414,429,385,346,333,278,280,289,319,276,261,266,269,265,279,342,237,207
TLM93,East Ayrshire and North Ayrshire mainland,F (41-43),Construction,349,361,352,330,323,322,305,308,324,314,307,251,268,282,275,257,243,264,269,278,247,262,224,257,268
TLM93,East Ayrshire and North Ayrshire mainland,G (45-47),Wholesale and retail trade; repair of motor vehicles,414,403,416,432,426,401,407,413,438,427,448,417,443,435,423,434,470,461,458,480,457,441,352,425,468
TLM93,East Ayrshire and North Ayrshire mainland,H (49-53),Transportation and storage,195,206,207,220,209,203,194,192,192,186,190,169,170,178,157,161,170,153,149,137,117,113,91,86,90
TLM93,East Ayrshire and North Ayrshire mainland,I (55-56),Accommodation and food service activities,105,106,107,106,106,104,108,113,105,106,106,97,98,96,104,114,108,105,108,126,121,119,81,85,107
TLM93,East Ayrshire and North Ayrshire mainland,J (58-63),Information and communication,3,3,4,5,5,6,7,8,10,11,13,15,17,18,19,23,28,37,39,44,47,50,47,55,65
TLM93,East Ayrshire and North Ayrshire mainland,K (64-66),Financial and insurance activities,107,115,137,123,85,75,74,95,62,96,102,98,75,57,49,56,56,49,48,85,83,79,86,80,95
TLM93,East Ayrshire and North Ayrshire mainland,L (68),"Real estate activities, excluding imputed rental",81,88,85,83,79,86,87,87,88,81,78,80,79,81,85,91,85,91,91,91,84,85,102,107,111
TLM93,East Ayrshire and North Ayrshire mainland,M (69-75),"Professional, scientific and technical activities",97,97,98,106,100,105,120,124,134,132,137,135,137,141,144,162,144,137,130,135,128,118,108,130,150
TLM93,East Ayrshire and North Ayrshire mainland,N (77-82),Administrative and support service activities,57,58,57,64,67,82,92,100,99,97,114,112,106,115,117,141,142,142,144,159,150,148,117,160,155
TLM93,East Ayrshire and North Ayrshire mainland,O (84),Public administration and defence,282,282,282,290,271,265,265,289,270,294,279,276,291,268,268,233,263,253,318,316,312,314,299,299,294
TLM93,East Ayrshire and North Ayrshire mainland,P (85),Education,325,326,332,339,322,317,317,314,303,288,281,265,260,263,262,255,255,242,227,225,234,253,212,237,277
TLM93,East Ayrshire and North Ayrshire mainland,Q (86-88),Human health and social work activities,470,465,474,542,546,550,575,630,621,621,664,626,606,616,635,668,615,646,633,656,612,543,382,512,532
TLM93,East Ayrshire and North Ayrshire mainland,R (90-93),"Arts, entertainment and recreation",65,65,58,64,72,77,92,91,96,89,95,91,87,98,89,94,77,73,62,63,59,62,45,38,45
TLM93,East Ayrshire and North Ayrshire mainland,S (94-96),Other service activities,72,69,64,67,69,66,65,63,61,60,60,62,61,60,67,70,77,95,104,88,91,83,77,72,68
TLM93,East Ayrshire and North Ayrshire mainland,T (97-98),Activities of households,6,7,9,9,9,6,7,7,6,5,4,3,4,3,3,3,3,3,5,4,3,4,2,3,4
TLM94,South Ayrshire,AB (1-9),"Agriculture, forestry and fishing; mining and quarrying",50,53,67,69,76,75,73,86,87,72,75,67,55,65,62,67,88,64,56,59,54,61,48,49,50
TLM94,South Ayrshire,C (10-33),Manufacturing,340,344,402,404,428,453,520,523,597,520,523,529,550,555,506,466,494,454,410,418,447,414,392,316,324
TLM94,South Ayrshire,DE (35-39),"Electricity, gas, water; sewerage and waste management",49,44,43,49,48,48,42,42,42,38,39,38,36,37,29,20,25,28,29,32,36,45,47,41,59
TLM94,South Ayrshire,F (41-43),Construction,120,124,121,115,114,112,105,106,111,108,103,83,89,94,98,114,141,138,148,197,192,159,138,140,125
TLM94,South Ayrshire,G (45-47),Wholesale and retail trade; repair of motor vehicles,298,289,296,304,299,279,281,286,300,294,308,286,305,297,308,298,318,310,284,319,314,299,214,265,281
TLM94,South Ayrshire,H (49-53),Transportation and storage,175,176,183,189,185,176,155,155,163,158,166,157,163,171,143,133,143,147,160,159,141,137,72,76,99
TLM94,South Ayrshire,I (55-56),Accommodation and food service activities,127,131,125,123,130,130,135,141,135,134,129,114,118,119,130,140,129,129,138,139,131,141,82,95,113
TLM94,South Ayrshire,J (58-63),Information and communication,9,9,14,14,15,16,18,17,9,10,11,12,12,13,14,16,20,26,31,31,34,38,36,41,47
TLM94,South Ayrshire,K (64-66),Financial and insurance activities,51,64,74,63,58,55,50,54,46,60,71,72,63,53,68,65,53,60,42,29,55,79,43,50,44
TLM94,South Ayrshire,L (68),"Real estate activities, excluding imputed rental",61,66,64,63,59,64,65,66,67,62,58,60,59,61,60,53,48,48,49,45,42,49,44,41,60
TLM94,South Ayrshire,M (69-75),"Professional, scientific and technical activities",51,50,52,53,52,58,66,70,77,78,75,71,66,67,65,70,72,79,82,84,69,76,59,73,90
TLM94,South Ayrshire,N (77-82),Administrative and support service activities,41,44,42,46,45,45,46,52,53,52,55,54,51,52,50,50,55,57,66,61,58,70,39,64,89
TLM94,South Ayrshire,O (84),Public administration and defence,136,136,136,140,131,128,128,139,131,142,135,133,130,123,118,126,126,119,138,136,140,140,128,128,124
TLM94,South Ayrshire,P (85),Education,157,158,161,164,155,153,153,151,146,139,135,127,125,126,119,115,114,113,112,108,117,125,105,117,136
TLM94,South Ayrshire,Q (86-88),Human health and social work activities,261,259,263,302,306,309,322,354,346,347,380,360,365,360,337,322,322,338,349,354,342,300,249,285,313
TLM94,South Ayrshire,R (90-93),"Arts, entertainment and recreation",39,40,37,39,44,47,54,54,57,53,56,54,52,56,52,52,43,42,39,39,37,36,27,27,32
TLM94,South Ayrshire,S (94-96),Other service activities,50,46,44,45,48,46,45,44,42,41,39,41,40,37,41,35,31,30,35,35,34,40,35,32,29
TLM94,South Ayrshire,T (97-98),Activities of households,2,3,4,4,4,3,3,3,3,2,2,1,2,1,1,1,2,1,2,2,1,2,1,1,2
TLM95,South Lanarkshire,AB (1-9),"Agriculture, forestry and fishing; mining and quarrying",81,89,106,118,138,145,148,153,161,137,129,125,91,99,89,79,108,86,75,77,74,84,70,70,78
TLM95,South Lanarkshire,C (10-33),Manufacturing,557,546,571,621,650,655,702,706,782,742,727,680,640,641,644,652,684,630,635,613,638,588,534,593,591
TLM95,South Lanarkshire,DE (35-39),"Electricity, gas, water; sewerage and waste management",694,761,633,782,790,1021,851,778,825,750,725,683,642,615,650,747,707,773,783,760,669,706,697,439,496
TLM95,South Lanarkshire,F (41-43),Construction,799,816,804,732,693,693,668,668,707,673,686,604,650,669,653,707,734,765,783,764,688,662,602,624,685
TLM95,South Lanarkshire,G (45-47),Wholesale and retail trade; repair of motor vehicles,695,668,692,714,703,668,682,693,739,717,759,711,756,750,752,771,833,792,742,851,807,763,570,705,705
TLM95,South Lanarkshire,H (49-53),Transportation and storage,274,288,277,296,287,278,269,270,276,275,276,245,246,250,241,233,239,228,248,259,242,237,191,185,196
TLM95,South Lanarkshire,I (55-56),Accommodation and food service activities,191,191,196,195,192,187,194,203,188,190,191,178,179,173,174,189,180,170,173,191,198,193,151,143,186
TLM95,South Lanarkshire,J (58-63),Information and communication,16,18,24,31,37,45,50,57,66,73,81,90,98,103,110,109,97,106,124,141,152,145,142,129,133
TLM95,South Lanarkshire,K (64-66),Financial and insurance activities,331,353,333,351,372,434,515,585,656,726,691,567,525,537,567,595,548,510,577,553,463,477,389,308,293
TLM95,South Lanarkshire,L (68),"Real estate activities, excluding imputed rental",77,83,81,80,75,82,83,84,85,79,75,77,76,78,90,76,102,108,124,140,141,133,116,123,116
TLM95,South Lanarkshire,M (69-75),"Professional, scientific and technical activities",164,162,168,172,164,181,206,215,230,233,232,223,212,212,202,223,257,256,255,298,284,259,238,273,316
TLM95,South Lanarkshire,N (77-82),Administrative and support service activities,133,139,136,152,150,161,172,190,193,191,212,209,204,216,211,232,286,301,357,374,370,377,302,350,395
TLM95,South Lanarkshire,O (84),Public administration and defence,408,408,408,419,391,383,383,417,391,425,403,399,375,395,365,363,381,376,399,421,431,430,403,411,390
TLM95,South Lanarkshire,P (85),Education,458,459,467,477,451,445,444,440,425,403,393,371,363,367,367,347,348,349,337,332,328,359,301,338,397
TLM95,South Lanarkshire,Q (86-88),Human health and social work activities,426,425,431,488,496,503,523,575,562,568,622,591,619,679,699,670,558,560,553,594,624,586,474,721,782
TLM95,South Lanarkshire,R (90-93),"Arts, entertainment and recreation",105,108,100,102,116,122,139,137,146,136,144,137,134,144,133,139,116,111,98,104,93,93,76,71,89
TLM95,South Lanarkshire,S (94-96),Other service activities,112,105,98,101,106,101,98,95,90,87,86,90,89,88,92,95,101,103,110,113,123,132,115,105,115
TLM95,South Lanarkshire,T (97-98),Activities of households,7,8,11,10,10,8,8,8,8,6,5,3,5,4,4,3,4,4,6,5,4,5,3,4,5
TLN06,Belfast,AB (1-9),"Agriculture, forestry and fishing; mining and quarrying",4,4,5,6,6,6,6,7,7,7,5,6,6,9,8,6,5,5,4,4,5,7,7,7,7
TLN06,Belfast,C (10-33),Manufacturing,387,443,487,521,511,552,575,608,664,656,715,684,642,656,598,584,554,541,548,525,625,697,746,642,641
TLN06,Belfast,DE (35-39),"Electricity, gas, water; sewerage and waste management",441,519,503,638,593,628,599,543,533,491,476,466,401,345,353,395,401,474,478,481,471,539,506,498,453
TLN06,Belfast,F (41-43),Construction,652,732,777,816,785,807,817,845,897,865,722,558,569,571,538,562,545,563,543,523,519,618,497,560,552
TLN06,Belfast,G (45-47),Wholesale and retail trade; repair of motor vehicles,854,909,1082,1071,1034,1116,1153,1234,1298,1311,1247,1097,1315,1441,1408,1276,1388,1334,1392,1446,1374,1395,1138,1432,1371
TLN06,Belfast,H (49-53),Transportation and storage,306,322,350,360,327,381,488,456,437,418,437,387,407,422,369,353,340,354,355,402,483,494,280,409,452
TLN06,Belfast,I (55-56),Accommodation and food service activities,301,328,327,332,336,373,385,415,404,403,400,358,338,333,350,370,365,376,385,388,396,463,265,310,389
TLN06,Belfast,J (58-63),Information and communication,108,138,185,213,230,280,296,314,324,371,379,394,389,442,498,552,604,682,745,771,899,1006,1006,1006,1136
TLN06,Belfast,K (64-66),Financial and insurance activities,784,760,834,878,1005,1170,1290,1322,1330,1598,1629,1558,1307,1225,1164,1686,1503,1394,1866,2032,1847,1442,1328,1754,1729
TLN06,Belfast,L (68),"Real estate activities, excluding imputed rental",567,618,603,604,570,581,601,589,614,604,431,411,413,429,499,539,440,569,491,519,544,512,585,633,536
TLN06,Belfast,M (69-75),"Professional, scientific and technical activities",612,684,699,750,804,896,931,934,980,989,933,870,840,825,822,815,843,907,973,1033,1066,1190,1123,1322,1465
TLN06,Belfast,N (77-82),Administrative and support service activities,256,257,267,270,290,297,350,361,379,389,386,369,372,382,468,533,599,644,633,642,695,767,665,747,807
TLN06,Belfast,O (84),Public administration and defence,1640,1544,1523,1558,1549,1581,1537,1552,1525,1436,1516,1556,1402,1523,1485,1347,1410,1357,1475,1575,1484,1501,1417,1490,1490
TLN06,Belfast,P (85),Education,857,884,878,824,809,791,780,791,762,734,720,697,661,665,655,638,573,566,456,593,586,621,497,558,627
TLN06,Belfast,Q (86-88),Human health and social work activities,988,971,1004,1068,1091,1165,1155,1200,1212,1244,1246,1258,1184,1200,1245,1230,1214,1238,1303,1443,1487,1410,1065,1540,1652
TLN06,Belfast,R (90-93),"Arts, entertainment and recreation",131,133,139,136,126,139,144,137,150,167,205,194,180,202,186,188,169,174,170,163,171,169,104,134,161
TLN06,Belfast,S (94-96),Other service activities,298,280,290,273,293,271,288,284,295,305,303,330,333,309,314,326,328,303,266,268,281,280,209,228,270
TLN06,Belfast,T (97-98),Activities of households,10,13,16,17,13,10,9,8,4,2,3,2,4,4,5,5,9,10,9,7,9,10,8,11,9
TLN07,"Armagh City, Banbridge and Craigavon",AB (1-9),"Agriculture, forestry and fishing; mining and quarrying",86,97,125,136,140,129,122,124,126,119,111,96,79,105,83,92,128,117,134,145,124,129,137,138,147
TLN07,"Armagh City, Banbridge and Craigavon",C (10-33),Manufacturing,306,330,358,368,377,416,435,462,486,508,487,436,449,424,453,562,592,647,694,640,770,863,777,826,810
TLN07,"Armagh City, Banbridge and Craigavon",DE (35-39),"Electricity, gas, water; sewerage and waste management",106,113,113,136,130,154,164,173,145,149,136,128,110,93,103,72,62,66,75,76,81,79,61,74,61
TLN07,"Armagh City, Banbridge and Craigavon",F (41-43),Construction,275,304,322,339,318,313,316,330,350,343,301,246,248,251,233,238,249,269,267,273,315,336,287,332,391
TLN07,"Armagh City, Banbridge and Craigavon",G (45-47),Wholesale and retail trade; repair of motor vehicles,332,346,404,397,386,415,432,467,492,496,468,409,482,513,524,490,543,516,566,617,623,635,538,643,641
TLN07,"Armagh City, Banbridge and Craigavon",H (49-53),Transportation and storage,190,185,193,212,191,196,206,189,209,226,225,224,231,227,213,229,244,235,253,241,231,247,195,218,224
TLN07,"Armagh City, Banbridge and Craigavon",I (55-56),Accommodation and food service activities,62,67,67,68,69,76,79,84,82,82,82,74,69,67,66,69,62,63,72,69,72,74,59,63,73
TLN07,"Armagh City, Banbridge and Craigavon",J (58-63),Information and communication,2,3,4,4,5,6,6,7,7,9,9,10,11,13,14,15,19,23,29,29,40,47,37,36,20
TLN07,"Armagh City, Banbridge and Craigavon",K (64-66),Financial and insurance activities,14,13,15,15,17,19,19,19,19,23,24,25,24,22,32,29,24,16,20,25,23,21,18,20,21
TLN07,"Armagh City, Banbridge and Craigavon",L (68),"Real estate activities, excluding imputed rental",58,64,62,62,58,60,61,60,62,61,43,41,42,43,50,70,85,83,95,88,117,117,126,110,109
TLN07,"Armagh City, Banbridge and Craigavon",M (69-75),"Professional, scientific and technical activities",89,99,102,107,112,113,117,116,115,116,115,105,103,103,99,102,130,143,138,134,104,121,111,123,122
TLN07,"Armagh City, Banbridge and Craigavon",N (77-82),Administrative and support service activities,56,57,57,62,67,69,78,81,88,94,91,93,94,97,113,149,150,145,132,137,123,97,105,93,97
TLN07,"Armagh City, Banbridge and Craigavon",O (84),Public administration and defence,204,192,189,193,192,196,191,193,189,178,188,193,174,189,188,175,181,171,181,188,179,182,176,184,183
TLN07,"Armagh City, Banbridge and Craigavon",P (85),Education,295,305,303,284,279,273,269,272,263,253,248,240,228,229,235,232,220,214,241,222,225,237,188,209,236
TLN07,"Armagh City, Banbridge and Craigavon",Q (86-88),Human health and social work activities,321,315,325,346,350,356,347,364,380,406,412,425,397,428,439,430,419,436,457,486,503,486,372,482,487
TLN07,"Armagh City, Banbridge and Craigavon",R (90-93),"Arts, entertainment and recreation",26,26,27,28,29,33,35,35,36,36,40,39,37,39,40,37,30,23,22,21,20,22,15,23,22
TLN07,"Armagh City, Banbridge and Craigavon",S (94-96),Other service activities,41,39,39,39,40,38,38,38,40,40,40,40,41,39,39,42,41,38,37,44,39,39,30,45,44
TLN07,"Armagh City, Banbridge and Craigavon",T (97-98),Activities of households,5,7,9,9,7,6,5,4,3,1,2,1,3,3,3,3,5,6,6,4,6,7,5,7,6
TLN08,"Newry, Mourne and Down",AB (1-9),"Agriculture, forestry and fishing; mining and quarrying",63,71,89,101,103,95,91,92,92,89,84,76,66,90,78,94,137,117,114,126,116,112,112,84,87
TLN08,"Newry, Mourne and Down",C (10-33),Manufacturing,228,240,236,219,221,233,250,273,290,295,331,314,313,311,340,414,412,483,483,455,528,535,539,500,522
TLN08,"Newry, Mourne and Down",DE (35-39),"Electricity, gas, water; sewerage and waste management",65,63,71,80,88,91,99,106,94,97,95,94,88,77,82,73,78,90,103,108,115,130,150,118,119
TLN08,"Newry, Mourne and Down",F (41-43),Construction,268,303,322,338,328,345,350,360,382,367,298,223,228,228,211,218,270,294,292,292,291,304,282,312,324
TLN08,"Newry, Mourne and Down",G (45-47),Wholesale and retail trade; repair of motor vehicles,279,289,332,325,319,340,355,383,405,408,383,336,389,411,437,408,466,429,473,496,490,513,431,544,541
TLN08,"Newry, Mourne and Down",H (49-53),Transportation and storage,110,119,137,144,129,148,178,170,155,146,165,132,137,160,181,271,244,218,214,176,124,144,94,116,116
TLN08,"Newry, Mourne and Down",I (55-56),Accommodation and food service activities,82,89,89,90,91,102,105,114,111,110,109,97,93,92,91,97,101,88,94,97,97,103,85,93,120
TLN08,"Newry, Mourne and Down",J (58-63),Information and communication,6,8,11,13,14,17,18,19,20,24,23,24,24,28,34,24,25,38,40,48,66,72,72,67,60
TLN08,"Newry, Mourne and Down",K (64-66),Financial and insurance activities,10,9,10,10,10,10,10,14,11,14,15,14,14,13,16,14,14,13,17,16,12,10,9,10,16
TLN08,"Newry, Mourne and Down",L (68),"Real estate activities, excluding imputed rental",74,81,78,78,74,75,77,76,78,76,54,52,52,54,52,41,44,40,38,63,49,46,54,58,57
TLN08,"Newry, Mourne and Down",M (69-75),"Professional, scientific and technical activities",43,48,49,52,56,66,70,70,74,74,72,70,65,63,58,56,59,57,62,62,66,80,80,88,82
TLN08,"Newry, Mourne and Down",N (77-82),Administrative and support service activities,23,22,22,23,24,24,26,27,30,31,31,31,32,31,30,37,39,41,35,37,40,44,42,45,43
TLN08,"Newry, Mourne and Down",O (84),Public administration and defence,157,147,145,149,148,151,147,148,146,137,145,149,134,145,144,131,140,100,106,110,103,105,97,102,102
TLN08,"Newry, Mourne and Down",P (85),Education,284,293,291,273,268,262,258,262,252,243,238,231,219,220,228,222,205,198,224,205,203,211,171,190,215
TLN08,"Newry, Mourne and Down",Q (86-88),Human health and social work activities,191,188,194,208,211,220,217,226,230,240,240,245,231,243,253,251,230,231,245,272,310,331,239,311,345
TLN08,"Newry, Mourne and Down",R (90-93),"Arts, entertainment and recreation",34,34,36,36,36,42,44,43,45,47,54,52,49,53,51,54,50,45,45,49,45,49,38,45,47
TLN08,"Newry, Mourne and Down",S (94-96),Other service activities,32,30,31,30,31,30,30,30,31,32,32,33,33,31,36,41,53,60,70,71,72,92,75,65,64
TLN08,"Newry, Mourne and Down",T (97-98),Activities of households,5,6,7,8,6,5,4,4,2,1,1,1,2,2,3,3,4,5,5,3,5,5,4,6,5
TLN09,Ards and North Down,AB (1-9),"Agriculture, forestry and fishing; mining and quarrying",32,36,46,51,53,49,47,48,49,46,43,39,35,46,45,41,50,40,43,46,42,46,45,40,45
TLN09,Ards and North Down,C (10-33),Manufacturing,108,121,131,141,146,153,159,171,184,193,195,176,172,164,172,170,155,167,196,197,198,206,172,189,171
TLN09,Ards and North Down,DE (35-39),"Electricity, gas, water; sewerage and waste management",8,8,9,10,12,12,13,14,12,13,12,12,12,11,9,9,13,10,9,9,11,11,9,11,12
TLN09,Ards and North Down,F (41-43),Construction,134,154,164,171,171,187,191,194,206,196,150,104,107,107,86,81,84,92,97,89,96,95,77,91,102
TLN09,Ards and North Down,G (45-47),Wholesale and retail trade; repair of motor vehicles,206,208,234,227,225,238,251,272,289,291,270,236,267,273,280,252,280,282,319,320,303,314,269,311,313
TLN09,Ards and North Down,H (49-53),Transportation and storage,28,27,28,30,28,30,33,29,32,33,32,32,32,31,31,32,27,30,31,32,33,39,36,36,37
TLN09,Ards and North Down,I (55-56),Accommodation and food service activities,77,84,84,85,85,95,98,105,102,102,102,92,85,84,75,86,80,77,81,83,79,81,59,64,75
TLN09,Ards and North Down,J (58-63),Information and communication,13,15,18,19,20,24,24,26,24,26,27,26,24,27,31,27,26,27,35,26,31,45,47,61,67
TLN09,Ards and North Down,K (64-66),Financial and insurance activities,9,8,9,10,10,12,13,14,13,16,16,16,14,13,12,18,15,12,74,143,140,157,136,121,65
TLN09,Ards and North Down,L (68),"Real estate activities, excluding imputed rental",114,124,120,120,113,116,119,116,119,114,82,78,78,81,93,75,95,64,72,65,116,161,163,112,107
TLN09,Ards and North Down,M (69-75),"Professional, scientific and technical activities",50,55,56,61,67,80,86,83,88,86,80,76,71,71,66,66,62,57,54,54,58,61,57,70,70
TLN09,Ards and North Down,N (77-82),Administrative and support service activities,30,29,27,27,27,27,29,31,34,36,35,35,36,36,32,29,31,37,31,37,40,35,31,28,30
TLN09,Ards and North Down,O (84),Public administration and defence,206,194,192,196,195,199,193,195,192,181,191,196,176,192,188,154,162,154,156,147,126,130,119,122,122
TLN09,Ards and North Down,P (85),Education,189,195,194,182,178,175,172,174,168,162,159,154,146,147,153,151,144,137,146,135,131,141,115,126,142
TLN09,Ards and North Down,Q (86-88),Human health and social work activities,175,172,177,175,184,201,200,212,227,226,245,240,220,230,231,227,242,268,268,271,280,239,223,253,277
TLN09,Ards and North Down,R (90-93),"Arts, entertainment and recreation",35,35,38,38,38,43,46,46,48,47,52,52,49,52,54,56,53,45,43,46,49,45,33,38,39
TLN09,Ards and North Down,S (94-96),Other service activities,53,50,51,50,52,49,50,50,52,53,52,54,54,51,52,54,48,50,46,50,58,49,37,45,48
TLN09,Ards and North Down,T (97-98),Activities of households,5,6,7,8,6,5,4,4,2,1,1,1,2,2,2,2,4,5,4,3,4,5,4,5,4
TLN0A,Derry City and Strabane,AB (1-9),"Agriculture, forestry and fishing; mining and quarrying",34,39,50,55,56,52,49,50,50,48,45,39,32,42,32,36,47,37,39,47,40,42,43,38,44
TLN0A,Derry City and Strabane,C (10-33),Manufacturing,147,168,179,181,189,261,231,265,301,269,285,279,279,251,285,324,323,408,341,318,390,476,480,429,444
TLN0A,Derry City and Strabane,DE (35-39),"Electricity, gas, water; sewerage and waste management",76,84,82,98,91,97,98,95,89,84,82,78,67,56,79,94,81,74,81,73,78,82,82,86,63
TLN0A,Derry City and Strabane,F (41-43),Construction,139,156,166,174,168,173,176,182,193,185,154,118,121,121,107,113,117,142,168,178,181,213,195,235,263
TLN0A,Derry City and Strabane,G (45-47),Wholesale and retail trade; repair of motor vehicles,252,255,289,281,277,295,310,337,357,359,335,292,334,342,360,345,361,344,380,404,396,406,342,397,390
TLN0A,Derry City and Strabane,H (49-53),Transportation and storage,41,40,42,45,41,44,47,42,45,47,46,47,47,45,45,46,45,43,47,46,46,49,44,47,43
TLN0A,Derry City and Strabane,I (55-56),Accommodation and food service activities,69,75,74,76,76,85,88,94,92,92,91,82,77,76,77,83,81,77,84,87,86,90,60,71,85
TLN0A,Derry City and Strabane,J (58-63),Information and communication,6,8,12,14,16,19,20,22,24,30,29,32,33,39,44,44,49,49,61,66,88,109,124,109,101
TLN0A,Derry City and Strabane,K (64-66),Financial and insurance activities,101,91,97,97,85,71,72,110,72,91,105,108,134,119,118,89,101,101,111,142,104,112,118,103,126
TLN0A,Derry City and Strabane,L (68),"Real estate activities, excluding imputed rental",46,50,48,48,46,47,48,47,48,47,33,32,32,33,26,30,53,47,72,105,113,131,180,143,221
TLN0A,Derry City and Strabane,M (69-75),"Professional, scientific and technical activities",28,31,32,34,37,43,46,46,48,48,48,46,43,42,37,37,35,34,35,35,36,38,35,43,39
TLN0A,Derry City and Strabane,N (77-82),Administrative and support service activities,41,42,42,42,46,47,54,57,62,64,64,64,66,68,65,71,65,65,68,81,72,59,54,55,59
TLN0A,Derry City and Strabane,O (84),Public administration and defence,241,227,224,229,228,232,226,228,224,211,223,229,206,224,219,200,208,197,211,222,208,214,198,193,196
TLN0A,Derry City and Strabane,P (85),Education,271,279,277,260,255,250,246,250,241,232,227,220,209,210,212,199,190,177,186,182,175,187,149,167,189
TLN0A,Derry City and Strabane,Q (86-88),Human health and social work activities,366,359,371,387,395,410,402,423,445,466,482,490,455,478,496,474,457,473,506,497,476,446,312,486,510
TLN0A,Derry City and Strabane,R (90-93),"Arts, entertainment and recreation",21,22,23,23,22,25,27,26,27,29,35,33,31,34,35,33,34,27,27,32,33,33,26,31,39
TLN0A,Derry City and Strabane,S (94-96),Other service activities,19,18,18,18,19,18,18,18,19,19,19,20,20,19,17,19,17,21,20,24,22,22,18,23,25
TLN0A,Derry City and Strabane,T (97-98),Activities of households,4,6,7,8,6,4,4,3,2,1,1,1,2,2,2,2,4,4,4,3,4,5,4,5,4
TLN0B,Mid Ulster,AB (1-9),"Agriculture, forestry and fishing; mining and quarrying",114,127,161,174,180,170,164,167,177,162,143,130,114,150,137,143,188,151,162,173,151,179,162,161,173
TLN0B,Mid Ulster,C (10-33),Manufacturing,467,508,540,547,539,617,628,686,722,748,721,629,716,687,736,916,934,1011,966,880,1067,1212,1126,1104,1086
TLN0B,Mid Ulster,DE (35-39),"Electricity, gas, water; sewerage and waste management",25,24,25,29,30,37,42,47,38,41,37,34,31,26,30,31,35,57,63,70,59,66,50,56,51
TLN0B,Mid Ulster,F (41-43),Construction,470,533,568,594,580,615,625,641,680,653,523,387,395,395,328,321,381,429,466,481,553,523,479,604,612
TLN0B,Mid Ulster,G (45-47),Wholesale and retail trade; repair of motor vehicles,285,301,358,354,341,369,382,411,432,436,414,363,436,472,493,436,465,443,502,580,585,601,487,657,717
TLN0B,Mid Ulster,H (49-53),Transportation and storage,69,67,71,78,70,73,73,66,73,80,80,79,81,81,77,77,86,74,88,80,75,79,66,79,81
TLN0B,Mid Ulster,I (55-56),Accommodation and food service activities,44,48,48,49,49,55,57,61,59,59,59,53,50,49,50,56,51,49,55,59,54,54,40,43,51
TLN0B,Mid Ulster,J (58-63),Information and communication,2,3,3,4,4,5,5,5,6,6,6,6,6,7,7,7,9,9,11,10,11,12,9,11,13
TLN0B,Mid Ulster,K (64-66),Financial and insurance activities,5,5,5,6,7,8,10,10,10,12,12,11,8,8,8,12,10,8,12,11,8,5,4,8,12
TLN0B,Mid Ulster,L (68),"Real estate activities, excluding imputed rental",156,171,164,164,154,158,162,158,160,154,110,104,105,109,116,111,125,83,84,92,83,105,139,146,153
TLN0B,Mid Ulster,M (69-75),"Professional, scientific and technical activities",37,41,43,46,49,55,59,60,63,65,65,62,59,56,48,50,55,55,55,57,61,51,42,54,63
TLN0B,Mid Ulster,N (77-82),Administrative and support service activities,21,20,21,23,25,24,25,26,28,29,29,29,29,28,26,28,29,30,29,32,34,34,35,42,45
TLN0B,Mid Ulster,O (84),Public administration and defence,98,92,91,93,93,95,92,93,91,86,91,93,84,91,90,84,87,82,85,91,88,91,88,90,89
TLN0B,Mid Ulster,P (85),Education,233,241,239,224,220,216,212,215,208,200,196,190,180,181,192,185,181,170,191,177,172,187,149,164,185
TLN0B,Mid Ulster,Q (86-88),Human health and social work activities,165,162,168,175,182,202,203,211,212,209,212,209,196,189,191,180,155,144,157,166,177,161,111,134,139
TLN0B,Mid Ulster,R (90-93),"Arts, entertainment and recreation",17,17,18,18,19,21,23,22,23,24,28,27,25,27,26,28,23,19,17,20,17,18,12,13,17
TLN0B,Mid Ulster,S (94-96),Other service activities,32,30,31,30,31,30,30,31,31,32,32,33,33,31,29,32,28,26,26,30,31,31,25,31,33
TLN0B,Mid Ulster,T (97-98),Activities of households,4,5,6,6,5,4,3,3,2,1,1,1,2,2,2,2,4,4,4,3,4,4,4,5,4
TLN0C,Causeway Coast and Glens,AB (1-9),"Agriculture, forestry and fishing; mining and quarrying",65,73,93,101,105,98,93,94,97,91,84,74,63,82,68,75,92,70,81,94,80,84,91,85,91
TLN0C,Causeway Coast and Glens,C (10-33),Manufacturing,102,121,144,167,186,201,201,217,255,245,251,263,271,275,305,338,328,331,382,342,321,306,257,228,218
TLN0C,Causeway Coast and Glens,DE (35-39),"Electricity, gas, water; sewerage and waste management",14,13,14,15,16,18,21,24,19,21,19,18,16,14,15,17,17,25,19,17,18,17,20,19,23
TLN0C,Causeway Coast and Glens,F (41-43),Construction,193,217,230,241,231,237,240,248,263,255,213,165,168,169,148,146,136,164,187,214,200,202,163,178,179
TLN0C,Causeway Coast and Glens,G (45-47),Wholesale and retail trade; repair of motor vehicles,217,228,268,264,256,276,286,308,324,327,309,272,321,346,346,311,327,331,358,389,388,390,319,417,390
TLN0C,Causeway Coast and Glens,H (49-53),Transportation and storage,64,62,64,70,64,67,74,68,75,79,78,77,79,76,70,70,78,74,76,68,69,69,41,46,52
TLN0C,Causeway Coast and Glens,I (55-56),Accommodation and food service activities,68,76,74,76,77,86,90,98,96,95,91,80,80,81,85,89,88,90,103,103,106,109,83,97,108
TLN0C,Causeway Coast and Glens,J (58-63),Information and communication,1,2,2,2,2,3,3,3,3,4,4,4,4,5,5,5,6,8,9,8,11,11,9,10,12
TLN0C,Causeway Coast and Glens,K (64-66),Financial and insurance activities,8,8,9,9,10,10,11,13,12,15,15,15,14,13,13,19,14,8,12,16,13,13,11,10,7
TLN0C,Causeway Coast and Glens,L (68),"Real estate activities, excluding imputed rental",143,157,150,150,141,145,148,144,146,140,100,95,95,99,91,79,100,51,52,54,44,51,68,58,61
TLN0C,Causeway Coast and Glens,M (69-75),"Professional, scientific and technical activities",25,27,28,30,32,36,39,39,41,41,41,39,36,35,32,35,31,28,30,34,33,32,31,39,39
TLN0C,Causeway Coast and Glens,N (77-82),Administrative and support service activities,22,21,21,21,21,21,24,25,27,28,28,27,27,27,28,27,26,25,28,29,30,28,32,32,33
TLN0C,Causeway Coast and Glens,O (84),Public administration and defence,154,145,143,147,146,149,145,146,144,135,143,146,132,143,140,128,133,126,130,131,133,135,130,136,138
TLN0C,Causeway Coast and Glens,P (85),Education,248,256,254,238,234,229,225,229,220,212,208,201,191,192,205,185,168,161,145,165,161,169,132,155,174
TLN0C,Causeway Coast and Glens,Q (86-88),Human health and social work activities,174,171,177,183,188,196,193,203,214,222,232,234,217,229,240,247,247,254,254,236,230,238,193,245,270
TLN0C,Causeway Coast and Glens,R (90-93),"Arts, entertainment and recreation",32,32,34,35,36,41,44,44,45,45,50,49,47,49,45,47,40,32,31,34,35,31,30,33,37
TLN0C,Causeway Coast and Glens,S (94-96),Other service activities,29,27,28,26,28,26,28,27,28,29,29,31,32,29,29,28,29,33,34,36,41,53,39,45,42
TLN0C,Causeway Coast and Glens,T (97-98),Activities of households,4,5,6,7,5,4,4,3,2,1,1,1,2,2,2,2,4,4,4,3,4,4,3,4,4
TLN0D,Antrim and Newtownabbey,AB (1-9),"Agriculture, forestry and fishing; mining and quarrying",36,43,51,60,65,47,44,44,45,43,41,36,30,38,30,32,41,33,39,43,37,39,37,35,34
TLN0D,Antrim and Newtownabbey,C (10-33),Manufacturing,271,299,309,324,339,305,315,329,369,370,323,288,296,287,311,355,389,426,419,428,474,536,573,559,461
TLN0D,Antrim and Newtownabbey,DE (35-39),"Electricity, gas, water; sewerage and waste management",39,35,37,45,52,70,87,101,80,85,76,69,63,54,71,88,111,124,126,132,127,97,124,103,84
TLN0D,Antrim and Newtownabbey,F (41-43),Construction,353,394,416,440,418,418,422,440,467,451,391,313,320,322,266,262,241,279,289,283,276,305,276,313,338
TLN0D,Antrim and Newtownabbey,G (45-47),Wholesale and retail trade; repair of motor vehicles,351,368,436,431,415,449,467,504,529,534,506,442,529,568,587,518,566,535,600,645,599,601,508,673,689
TLN0D,Antrim and Newtownabbey,H (49-53),Transportation and storage,178,178,188,195,182,221,227,205,227,252,254,245,259,268,276,281,308,260,273,266,295,300,129,185,236
TLN0D,Antrim and Newtownabbey,I (55-56),Accommodation and food service activities,68,74,74,75,76,84,87,94,91,91,91,81,76,75,72,76,84,82,93,84,77,83,58,65,70
TLN0D,Antrim and Newtownabbey,J (58-63),Information and communication,5,9,13,15,17,21,22,24,26,33,32,34,35,41,49,44,41,46,46,39,44,47,47,48,50
TLN0D,Antrim and Newtownabbey,K (64-66),Financial and insurance activities,3,3,3,3,4,4,5,5,5,6,6,6,4,4,4,8,18,19,15,15,14,26,26,22,16
TLN0D,Antrim and Newtownabbey,L (68),"Real estate activities, excluding imputed rental",78,85,82,82,78,79,82,80,82,80,57,54,54,57,51,43,51,41,43,43,39,38,56,55,53
TLN0D,Antrim and Newtownabbey,M (69-75),"Professional, scientific and technical activities",28,31,31,33,36,41,43,42,45,45,45,43,40,39,38,49,64,71,73,68,60,51,43,60,50
TLN0D,Antrim and Newtownabbey,N (77-82),Administrative and support service activities,80,76,84,94,100,95,99,100,106,110,109,113,110,101,101,107,112,123,136,172,178,189,180,159,157
TLN0D,Antrim and Newtownabbey,O (84),Public administration and defence,176,166,163,167,166,170,165,167,164,154,163,167,150,164,161,135,130,124,130,139,133,132,123,118,117
TLN0D,Antrim and Newtownabbey,P (85),Education,246,254,252,237,233,228,224,227,219,211,207,200,190,191,195,176,179,163,141,170,171,189,140,137,155
TLN0D,Antrim and Newtownabbey,Q (86-88),Human health and social work activities,264,260,268,289,290,294,286,299,310,333,334,346,325,342,360,345,332,350,351,377,408,414,310,401,438
TLN0D,Antrim and Newtownabbey,R (90-93),"Arts, entertainment and recreation",15,15,15,15,17,20,22,21,21,24,29,27,24,27,29,26,27,27,24,25,24,24,20,21,29
TLN0D,Antrim and Newtownabbey,S (94-96),Other service activities,48,45,44,43,43,40,40,40,42,42,43,43,42,42,34,35,37,38,38,43,39,35,27,31,27
TLN0D,Antrim and Newtownabbey,T (97-98),Activities of households,4,5,6,7,5,4,3,3,2,1,1,1,2,2,2,2,4,4,4,3,4,4,4,5,4
TLN0E,Lisburn and Castlereagh,AB (1-9),"Agriculture, forestry and fishing; mining and quarrying",40,45,57,62,64,60,57,57,59,55,51,45,37,49,42,45,49,36,38,41,33,35,35,34,38
TLN0E,Lisburn and Castlereagh,C (10-33),Manufacturing,176,197,218,225,213,233,239,267,276,271,281,264,268,258,270,307,269,305,292,268,328,365,341,379,384
TLN0E,Lisburn and Castlereagh,DE (35-39),"Electricity, gas, water; sewerage and waste management",35,42,41,53,49,56,53,49,45,43,39,39,33,28,35,42,45,56,66,67,67,77,72,79,51
TLN0E,Lisburn and Castlereagh,F (41-43),Construction,260,287,303,322,302,296,298,313,332,321,286,235,240,242,238,266,293,334,317,352,410,476,432,469,559
TLN0E,Lisburn and Castlereagh,G (45-47),Wholesale and retail trade; repair of motor vehicles,281,295,346,340,331,355,369,397,418,422,399,350,413,444,470,425,469,456,477,506,503,512,432,548,578
TLN0E,Lisburn and Castlereagh,H (49-53),Transportation and storage,54,53,55,60,54,55,57,53,57,62,62,62,64,63,61,60,66,66,73,67,63,67,52,58,53
TLN0E,Lisburn and Castlereagh,I (55-56),Accommodation and food service activities,57,62,62,63,63,70,72,77,75,75,76,68,62,61,66,70,71,75,84,78,72,72,55,56,63
TLN0E,Lisburn and Castlereagh,J (58-63),Information and communication,3,3,5,5,6,7,8,8,9,10,10,12,12,15,17,18,24,30,31,39,65,93,56,45,48
TLN0E,Lisburn and Castlereagh,K (64-66),Financial and insurance activities,7,7,7,8,8,9,11,12,12,14,14,13,11,10,12,15,13,10,13,12,12,12,9,12,19
TLN0E,Lisburn and Castlereagh,L (68),"Real estate activities, excluding imputed rental",106,116,112,111,105,108,110,107,109,104,74,71,71,74,74,64,86,99,99,82,72,53,71,65,54
TLN0E,Lisburn and Castlereagh,M (69-75),"Professional, scientific and technical activities",81,87,87,86,93,103,108,108,116,119,108,99,92,87,95,118,116,131,124,125,121,114,84,94,89
TLN0E,Lisburn and Castlereagh,N (77-82),Administrative and support service activities,46,45,49,53,58,57,61,63,67,69,68,70,70,68,65,80,90,79,82,95,94,92,89,90,103
TLN0E,Lisburn and Castlereagh,O (84),Public administration and defence,361,340,335,343,341,348,338,341,335,316,333,342,308,335,327,275,282,293,310,326,309,318,291,301,300
TLN0E,Lisburn and Castlereagh,P (85),Education,170,175,174,163,160,157,155,157,151,145,143,138,131,132,144,133,127,126,145,135,136,142,114,125,142
TLN0E,Lisburn and Castlereagh,Q (86-88),Human health and social work activities,385,378,391,418,424,446,440,457,465,485,485,494,465,478,512,506,491,523,577,568,576,571,395,520,566
TLN0E,Lisburn and Castlereagh,R (90-93),"Arts, entertainment and recreation",21,22,23,24,26,30,34,33,33,33,37,36,33,35,30,30,31,25,30,30,33,35,23,25,31
TLN0E,Lisburn and Castlereagh,S (94-96),Other service activities,47,45,45,44,46,43,44,44,45,46,46,48,48,45,45,45,55,52,58,61,61,64,49,62,65
TLN0E,Lisburn and Castlereagh,T (97-98),Activities of households,4,5,6,7,5,4,3,3,2,1,1,1,2,2,2,2,4,4,4,3,4,4,4,5,4
TLN0F,Mid and East Antrim,AB (1-9),"Agriculture, forestry and fishing; mining and quarrying",38,42,54,58,60,57,55,56,59,54,48,43,38,51,46,50,65,52,57,62,60,63,64,60,62
TLN0F,Mid and East Antrim,C (10-33),Manufacturing,2940,2559,2632,2328,2542,2381,2529,2506,2429,2230,2249,2507,2394,1964,2200,2052,1717,1910,1518,948,486,483,559,434,438
TLN0F,Mid and East Antrim,DE (35-39),"Electricity, gas, water; sewerage and waste management",197,242,228,296,257,277,244,204,203,182,173,171,142,121,145,157,124,145,141,136,132,178,189,209,196
TLN0F,Mid and East Antrim,F (41-43),Construction,150,168,179,187,180,187,189,195,207,201,165,126,128,128,107,113,126,138,161,159,152,155,143,151,164
TLN0F,Mid and East Antrim,G (45-47),Wholesale and retail trade; repair of motor vehicles,223,229,264,258,252,270,283,307,324,326,306,267,311,325,327,301,333,322,357,371,370,376,315,390,379
TLN0F,Mid and East Antrim,H (49-53),Transportation and storage,151,162,183,192,171,193,238,227,210,200,220,183,191,215,219,202,199,200,177,195,211,210,117,153,154
TLN0F,Mid and East Antrim,I (55-56),Accommodation and food service activities,53,58,57,59,60,66,69,75,73,72,71,63,61,60,62,64,63,65,69,69,70,78,50,60,79
TLN0F,Mid and East Antrim,J (58-63),Information and communication,1,2,2,2,3,3,3,3,3,4,4,5,5,6,7,7,9,11,12,9,11,10,9,10,12
TLN0F,Mid and East Antrim,K (64-66),Financial and insurance activities,8,8,8,9,9,9,10,13,11,13,14,13,13,12,11,14,11,8,11,8,7,6,5,5,9
TLN0F,Mid and East Antrim,L (68),"Real estate activities, excluding imputed rental",55,60,58,58,55,56,58,56,58,56,40,38,38,40,37,27,35,33,41,40,40,47,76,68,62
TLN0F,Mid and East Antrim,M (69-75),"Professional, scientific and technical activities",32,35,35,36,39,44,47,46,50,50,48,45,42,40,40,42,44,42,36,40,39,35,34,51,49
TLN0F,Mid and East Antrim,N (77-82),Administrative and support service activities,21,20,19,18,18,17,20,20,23,23,23,22,23,23,21,27,30,34,30,29,35,41,40,32,31
TLN0F,Mid and East Antrim,O (84),Public administration and defence,161,151,149,153,152,155,150,152,149,141,148,152,137,149,147,137,142,135,141,145,136,140,137,160,147
TLN0F,Mid and East Antrim,P (85),Education,194,200,198,186,183,179,176,179,172,166,163,158,149,150,152,147,139,135,149,139,145,143,116,127,144
TLN0F,Mid and East Antrim,Q (86-88),Human health and social work activities,90,88,91,96,97,100,98,103,108,114,117,120,112,119,139,151,151,163,182,192,216,210,151,214,225
TLN0F,Mid and East Antrim,R (90-93),"Arts, entertainment and recreation",15,15,16,16,17,20,22,21,22,23,26,25,23,25,20,19,17,14,16,17,16,17,17,17,17
TLN0F,Mid and East Antrim,S (94-96),Other service activities,33,31,32,31,32,30,31,31,32,33,33,35,35,33,46,35,43,37,26,26,25,27,28,25,19
TLN0F,Mid and East Antrim,T (97-98),Activities of households,4,5,6,7,5,4,3,3,2,1,1,1,2,2,2,2,3,4,4,3,4,4,3,4,4
TLN0G,Fermanagh and Omagh,AB (1-9),"Agriculture, forestry and fishing; mining and quarrying",63,72,93,101,104,96,91,92,94,88,83,72,60,78,65,64,94,81,93,116,105,106,109,105,113
TLN0G,Fermanagh and Omagh,C (10-33),Manufacturing,203,222,240,231,243,261,279,309,320,309,285,244,252,230,247,240,256,299,333,322,402,445,452,445,442
TLN0G,Fermanagh and Omagh,DE (35-39),"Electricity, gas, water; sewerage and waste management",69,78,75,90,82,79,74,66,69,62,64,62,52,44,68,67,48,43,46,53,57,61,56,61,49
TLN0G,Fermanagh and Omagh,F (41-43),Construction,160,180,190,201,194,199,201,209,222,212,178,138,142,142,126,119,143,177,197,201,200,198,180,198,200
TLN0G,Fermanagh and Omagh,G (45-47),Wholesale and retail trade; repair of motor vehicles,204,210,243,238,232,249,260,282,298,300,282,246,287,299,303,281,329,313,344,398,407,415,357,415,381
TLN0G,Fermanagh and Omagh,H (49-53),Transportation and storage,49,48,51,56,51,54,54,48,52,56,56,55,55,55,55,49,52,51,57,54,51,53,43,52,58
TLN0G,Fermanagh and Omagh,I (55-56),Accommodation and food service activities,48,53,52,53,54,60,62,68,66,66,63,56,55,55,55,57,53,51,59,62,64,66,47,52,62
TLN0G,Fermanagh and Omagh,J (58-63),Information and communication,2,2,3,4,4,5,6,6,7,8,9,11,12,14,17,18,20,22,25,24,37,51,31,28,30
TLN0G,Fermanagh and Omagh,K (64-66),Financial and insurance activities,82,74,78,79,69,58,59,89,59,75,86,89,110,97,125,61,99,59,15,13,12,8,7,6,9
TLN0G,Fermanagh and Omagh,L (68),"Real estate activities, excluding imputed rental",36,40,38,38,36,37,38,37,38,37,26,25,25,26,28,34,40,46,59,59,60,69,93,81,76
TLN0G,Fermanagh and Omagh,M (69-75),"Professional, scientific and technical activities",24,27,28,30,32,37,39,39,42,42,42,40,38,37,35,32,32,33,35,34,34,34,33,40,55
TLN0G,Fermanagh and Omagh,N (77-82),Administrative and support service activities,28,29,30,34,38,39,43,45,49,53,51,53,54,56,56,58,22,26,28,30,30,27,28,33,42
TLN0G,Fermanagh and Omagh,O (84),Public administration and defence,168,158,156,159,159,162,157,159,156,147,155,159,143,156,155,145,149,140,146,150,142,143,130,133,136
TLN0G,Fermanagh and Omagh,P (85),Education,181,187,186,174,171,167,165,167,161,155,152,147,140,141,145,138,142,125,147,129,128,137,105,115,130
TLN0G,Fermanagh and Omagh,Q (86-88),Human health and social work activities,202,198,205,215,221,235,233,243,249,255,260,262,245,240,264,254,257,249,259,269,250,225,166,285,292
TLN0G,Fermanagh and Omagh,R (90-93),"Arts, entertainment and recreation",15,15,17,16,16,18,19,19,20,20,22,22,21,22,22,25,21,17,17,17,18,18,14,16,18
TLN0G,Fermanagh and Omagh,S (94-96),Other service activities,15,14,14,14,14,14,13,14,14,14,14,14,14,13,11,12,14,16,16,18,18,14,10,13,15
TLN0G,Fermanagh and Omagh,T (97-98),Activities of households,3,4,5,6,4,3,3,3,1,1,1,1,1,2,2,2,3,3,3,2,3,4,3,4,3
