ITL_code,Region_name,SIC07_code,SIC07_description,year,value
TLM50,Aberdeen City and Aberdeenshire,A-F,Goods,1998,3215
TLM50,Aberdeen City and Aberdeenshire,G-T,Services,1998,5018
TLM71,Angus and Dundee City,A-F,Goods,1998,944
TLM71,Angus and Dundee City,G-T,Services,1998,1953
TLN0D,Antrim and Newtownabbey,A-F,Goods,1998,542
TLN0D,Antrim and Newtownabbey,G-T,Services,1998,1066
TLN09,Ards and North Down,A-F,Goods,1998,225
TLN09,Ards and North Down,G-T,Services,1998,834
TLN07,"Armagh City, Banbridge and Craigavon",A-F,Goods,1998,576
TLN07,"Armagh City, Banbridge and Craigavon",G-T,Services,1998,1066
TLI52,Barking & Dagenham and Havering,A-F,Goods,1998,1725
TLI52,Barking & Dagenham and Havering,G-T,Services,1998,3542
TLI71,Barnet,A-F,Goods,1998,664
TLI71,Barnet,G-T,Services,1998,3485
TLE31,"Barnsley, Doncaster and Rotherham",A-F,Goods,1998,2561
TLE31,"Barnsley, Doncaster and Rotherham",G-T,Services,1998,4455
TLK12,"Bath and North East Somerset, North Somerset and South Gloucestershire",A-F,Goods,1998,2756
TLK12,"Bath and North East Somerset, North Somerset and South Gloucestershire",G-T,Services,1998,6467
TLH24,Bedford,A-F,Goods,1998,595
TLH24,Bedford,G-T,Services,1998,1457
TLN06,Belfast,A-F,Goods,1998,890
TLN06,Belfast,G-T,Services,1998,4749
TLJ11,Berkshire,A-F,Goods,1998,3989
TLJ11,Berkshire,G-T,Services,1998,16635
TLI51,Bexley and Greenwich,A-F,Goods,1998,1399
TLI51,Bexley and Greenwich,G-T,Services,1998,4251
TLG31,Birmingham,A-F,Goods,1998,3557
TLG31,Birmingham,G-T,Services,1998,10078
TLD41,Blackburn with Darwen,A-F,Goods,1998,574
TLD41,Blackburn with Darwen,G-T,Services,1998,954
TLD42,Blackpool,A-F,Goods,1998,212
TLD42,Blackpool,G-T,Services,1998,1061
TLK24,"Bournemouth, Christchurch and Poole",A-F,Goods,1998,963
TLK24,"Bournemouth, Christchurch and Poole",G-T,Services,1998,3946
TLE41,Bradford,A-F,Goods,1998,1665
TLE41,Bradford,G-T,Services,1998,3560
TLH17,Breckland and South Norfolk,A-F,Goods,1998,853
TLH17,Breckland and South Norfolk,G-T,Services,1998,1551
TLI72,Brent,A-F,Goods,1998,926
TLI72,Brent,G-T,Services,1998,3118
TLL17,Bridgend and Neath Port Talbot,A-F,Goods,1998,1218
TLL17,Bridgend and Neath Port Talbot,G-T,Services,1998,1760
TLJ21,Brighton and Hove,A-F,Goods,1998,404
TLJ21,Brighton and Hove,G-T,Services,1998,2943
TLK11,"Bristol, City of",A-F,Goods,1998,1033
TLK11,"Bristol, City of",G-T,Services,1998,5334
TLI61,Bromley,A-F,Goods,1998,641
TLI61,Bromley,G-T,Services,1998,3775
TLJ13,Buckinghamshire CC,A-F,Goods,1998,1874
TLJ13,Buckinghamshire CC,G-T,Services,1998,6384
TLM61,"Caithness and Sutherland, and Ross and Cromarty",A-F,Goods,1998,346
TLM61,"Caithness and Sutherland, and Ross and Cromarty",G-T,Services,1998,649
TLE44,Calderdale and Kirklees,A-F,Goods,1998,2222
TLE44,Calderdale and Kirklees,G-T,Services,1998,3912
TLH12,Cambridgeshire CC,A-F,Goods,1998,2580
TLH12,Cambridgeshire CC,G-T,Services,1998,6248
TLI31,Camden and City of London,A-F,Goods,1998,1146
TLI31,Camden and City of London,G-T,Services,1998,33122
TLL22,Cardiff and Vale of Glamorgan,A-F,Goods,1998,1380
TLL22,Cardiff and Vale of Glamorgan,G-T,Services,1998,4905
TLN0C,Causeway Coast and Glens,A-F,Goods,1998,340
TLN0C,Causeway Coast and Glens,G-T,Services,1998,780
TLH25,Central Bedfordshire,A-F,Goods,1998,881
TLH25,Central Bedfordshire,G-T,Services,1998,2009
TLJ36,Central Hampshire,A-F,Goods,1998,2214
TLJ36,Central Hampshire,G-T,Services,1998,5796
TLL15,Central Valleys,A-F,Goods,1998,869
TLL15,Central Valleys,G-T,Services,1998,1704
TLD62,Cheshire East,A-F,Goods,1998,2239
TLD62,Cheshire East,G-T,Services,1998,3697
TLD63,Cheshire West and Chester,A-F,Goods,1998,1597
TLD63,Cheshire West and Chester,G-T,Services,1998,3295
TLD47,Chorley and West Lancashire,A-F,Goods,1998,663
TLD47,Chorley and West Lancashire,G-T,Services,1998,1573
TLM75,City of Edinburgh,A-F,Goods,1998,1712
TLM75,City of Edinburgh,G-T,Services,1998,7911
TLM72,Clackmannanshire and Fife,A-F,Goods,1998,1915
TLM72,Clackmannanshire and Fife,G-T,Services,1998,2320
TLL13,Conwy and Denbighshire,A-F,Goods,1998,433
TLL13,Conwy and Denbighshire,G-T,Services,1998,1400
TLK30,Cornwall and Isles of Scilly,A-F,Goods,1998,1307
TLK30,Cornwall and Isles of Scilly,G-T,Services,1998,3621
TLG33,Coventry,A-F,Goods,1998,1403
TLG33,Coventry,G-T,Services,1998,3547
TLI62,Croydon,A-F,Goods,1998,565
TLI62,Croydon,G-T,Services,1998,4416
TLC13,Darlington,A-F,Goods,1998,488
TLC13,Darlington,G-T,Services,1998,1030
TLF11,Derby,A-F,Goods,1998,1593
TLF11,Derby,G-T,Services,1998,2179
TLN0A,Derry City and Strabane,A-F,Goods,1998,369
TLN0A,Derry City and Strabane,G-T,Services,1998,920
TLK43,Devon CC,A-F,Goods,1998,2483
TLK43,Devon CC,G-T,Services,1998,6203
TLK25,Dorset,A-F,Goods,1998,1300
TLK25,Dorset,G-T,Services,1998,2865
TLG36,Dudley,A-F,Goods,1998,1230
TLG36,Dudley,G-T,Services,1998,2009
TLM92,Dumfries and Galloway,A-F,Goods,1998,712
TLM92,Dumfries and Galloway,G-T,Services,1998,1167
TLC14,Durham CC,A-F,Goods,1998,1749
TLC14,Durham CC,G-T,Services,1998,2894
TLI73,Ealing,A-F,Goods,1998,980
TLI73,Ealing,G-T,Services,1998,3761
TLM93,East Ayrshire and North Ayrshire mainland,A-F,Goods,1998,931
TLM93,East Ayrshire and North Ayrshire mainland,G-T,Services,1998,1380
TLD12,East Cumbria,A-F,Goods,1998,1080
TLD12,East Cumbria,G-T,Services,1998,2460
TLF12,East Derbyshire,A-F,Goods,1998,921
TLF12,East Derbyshire,G-T,Services,1998,1984
TLM81,"East Dunbartonshire, West Dunbartonshire, and Helensburgh and Lomond",A-F,Goods,1998,394
TLM81,"East Dunbartonshire, West Dunbartonshire, and Helensburgh and Lomond",G-T,Services,1998,1492
TLJ44,East Kent,A-F,Goods,1998,1048
TLJ44,East Kent,G-T,Services,1998,4124
TLD46,East Lancashire,A-F,Goods,1998,1560
TLD46,East Lancashire,G-T,Services,1998,1893
TLM73,East Lothian and Midlothian,A-F,Goods,1998,457
TLM73,East Lothian and Midlothian,G-T,Services,1998,956
TLD71,East Merseyside,A-F,Goods,1998,2129
TLD71,East Merseyside,G-T,Services,1998,3356
TLE12,East Riding of Yorkshire,A-F,Goods,1998,1618
TLE12,East Riding of Yorkshire,G-T,Services,1998,2122
TLJ26,East Surrey,A-F,Goods,1998,1000
TLJ26,East Surrey,G-T,Services,1998,7008
TLJ22,East Sussex CC,A-F,Goods,1998,1060
TLJ22,East Sussex CC,G-T,Services,1998,3550
TLI54,Enfield,A-F,Goods,1998,801
TLI54,Enfield,G-T,Services,1998,2882
TLH34,Essex Haven Gateway,A-F,Goods,1998,1310
TLH34,Essex Haven Gateway,G-T,Services,1998,3308
TLH37,Essex Thames Gateway,A-F,Goods,1998,1669
TLH37,Essex Thames Gateway,G-T,Services,1998,2381
TLM76,Falkirk,A-F,Goods,1998,822
TLM76,Falkirk,G-T,Services,1998,1245
TLN0G,Fermanagh and Omagh,A-F,Goods,1998,357
TLN0G,Fermanagh and Omagh,G-T,Services,1998,703
TLL23,Flintshire and Wrexham,A-F,Goods,1998,1977
TLL23,Flintshire and Wrexham,G-T,Services,1998,1836
TLM82,Glasgow City,A-F,Goods,1998,2321
TLM82,Glasgow City,G-T,Services,1998,8436
TLK13,Gloucestershire CC,A-F,Goods,1998,2916
TLK13,Gloucestershire CC,G-T,Services,1998,6070
TLD37,Greater Manchester North East,A-F,Goods,1998,1824
TLD37,Greater Manchester North East,G-T,Services,1998,3895
TLD36,Greater Manchester North West,A-F,Goods,1998,1925
TLD36,Greater Manchester North West,G-T,Services,1998,3660
TLD35,Greater Manchester South East,A-F,Goods,1998,1683
TLD35,Greater Manchester South East,G-T,Services,1998,3780
TLD34,Greater Manchester South West,A-F,Goods,1998,2184
TLD34,Greater Manchester South West,G-T,Services,1998,5391
TLL16,Gwent Valleys,A-F,Goods,1998,1248
TLL16,Gwent Valleys,G-T,Services,1998,1671
TLL12,Gwynedd,A-F,Goods,1998,447
TLL12,Gwynedd,G-T,Services,1998,882
TLI41,Hackney and Newham,A-F,Goods,1998,1108
TLI41,Hackney and Newham,G-T,Services,1998,4064
TLI43,Haringey and Islington,A-F,Goods,1998,968
TLI43,Haringey and Islington,G-T,Services,1998,8206
TLI74,Harrow and Hillingdon,A-F,Goods,1998,1342
TLI74,Harrow and Hillingdon,G-T,Services,1998,9889
TLC11,Hartlepool and Stockton-on-Tees,A-F,Goods,1998,1246
TLC11,Hartlepool and Stockton-on-Tees,G-T,Services,1998,2071
TLH36,Heart of Essex,A-F,Goods,1998,1292
TLH36,Heart of Essex,G-T,Services,1998,3180
TLG11,"Herefordshire, County of",A-F,Goods,1998,836
TLG11,"Herefordshire, County of",G-T,Services,1998,1328
TLH23,Hertfordshire CC,A-F,Goods,1998,4305
TLH23,Hertfordshire CC,G-T,Services,1998,14237
TLI75,Hounslow and Richmond upon Thames,A-F,Goods,1998,952
TLI75,Hounslow and Richmond upon Thames,G-T,Services,1998,8607
TLM83,"Inverclyde, East Renfrewshire, and Renfrewshire",A-F,Goods,1998,1152
TLM83,"Inverclyde, East Renfrewshire, and Renfrewshire",G-T,Services,1998,2495
TLM62,"Inverness and Nairn, Moray, Badenoch and Strathspey",A-F,Goods,1998,821
TLM62,"Inverness and Nairn, Moray, Badenoch and Strathspey",G-T,Services,1998,1543
TLL11,Isle of Anglesey,A-F,Goods,1998,186
TLL11,Isle of Anglesey,G-T,Services,1998,393
TLJ34,Isle of Wight,A-F,Goods,1998,267
TLJ34,Isle of Wight,G-T,Services,1998,927
TLI33,Kensington & Chelsea and Hammersmith & Fulham,A-F,Goods,1998,459
TLI33,Kensington & Chelsea and Hammersmith & Fulham,G-T,Services,1998,6949
TLJ43,Kent Thames Gateway,A-F,Goods,1998,1618
TLJ43,Kent Thames Gateway,G-T,Services,1998,2569
TLE11,"Kingston upon Hull, City of",A-F,Goods,1998,1137
TLE11,"Kingston upon Hull, City of",G-T,Services,1998,1887
TLI45,Lambeth,A-F,Goods,1998,375
TLI45,Lambeth,G-T,Services,1998,4327
TLD44,Lancaster and Wyre,A-F,Goods,1998,759
TLD44,Lancaster and Wyre,G-T,Services,1998,1599
TLE42,Leeds,A-F,Goods,1998,2739
TLE42,Leeds,G-T,Services,1998,9583
TLF21,Leicester,A-F,Goods,1998,1134
TLF21,Leicester,G-T,Services,1998,2680
TLF22,Leicestershire CC and Rutland,A-F,Goods,1998,3190
TLF22,Leicestershire CC and Rutland,G-T,Services,1998,5550
TLI44,Lewisham and Southwark,A-F,Goods,1998,695
TLI44,Lewisham and Southwark,G-T,Services,1998,7656
TLF30,Lincolnshire CC,A-F,Goods,1998,2986
TLF30,Lincolnshire CC,G-T,Services,1998,4765
TLN0E,Lisburn and Castlereagh,A-F,Goods,1998,350
TLN0E,Lisburn and Castlereagh,G-T,Services,1998,1093
TLD72,Liverpool,A-F,Goods,1998,1056
TLD72,Liverpool,G-T,Services,1998,4916
TLM63,"Lochaber, Skye and Lochalsh, Arran and Cumbrae, and Argyll and Bute",A-F,Goods,1998,340
TLM63,"Lochaber, Skye and Lochalsh, Arran and Cumbrae, and Argyll and Bute",G-T,Services,1998,795
TLH21,Luton,A-F,Goods,1998,915
TLH21,Luton,G-T,Services,1998,1912
TLD33,Manchester,A-F,Goods,1998,1178
TLD33,Manchester,G-T,Services,1998,7694
TLJ41,Medway,A-F,Goods,1998,765
TLJ41,Medway,G-T,Services,1998,1825
TLI63,"Merton, Kingston upon Thames and Sutton",A-F,Goods,1998,1388
TLI63,"Merton, Kingston upon Thames and Sutton",G-T,Services,1998,6770
TLJ45,Mid Kent,A-F,Goods,1998,1012
TLJ45,Mid Kent,G-T,Services,1998,2524
TLD45,Mid Lancashire,A-F,Goods,1998,2874
TLD45,Mid Lancashire,G-T,Services,1998,3963
TLN0B,Mid Ulster,A-F,Goods,1998,778
TLN0B,Mid Ulster,G-T,Services,1998,753
TLN0F,Mid and East Antrim,A-F,Goods,1998,1210
TLN0F,Mid and East Antrim,G-T,Services,1998,717
TLJ12,Milton Keynes,A-F,Goods,1998,1007
TLJ12,Milton Keynes,G-T,Services,1998,4147
TLL21,Monmouthshire and Newport,A-F,Goods,1998,899
TLL21,Monmouthshire and Newport,G-T,Services,1998,2076
TLM64,Na h-Eileanan Siar,A-F,Goods,1998,52
TLM64,Na h-Eileanan Siar,G-T,Services,1998,197
TLN08,"Newry, Mourne and Down",A-F,Goods,1998,396
TLN08,"Newry, Mourne and Down",G-T,Services,1998,898
TLJ37,North Hampshire,A-F,Goods,1998,1689
TLJ37,North Hampshire,G-T,Services,1998,5242
TLM84,North Lanarkshire,A-F,Goods,1998,1489
TLM84,North Lanarkshire,G-T,Services,1998,2292
TLF25,North Northamptonshire,A-F,Goods,1998,1429
TLF25,North Northamptonshire,G-T,Services,1998,2195
TLF15,North Nottinghamshire,A-F,Goods,1998,2002
TLF15,North Nottinghamshire,G-T,Services,1998,2969
TLE22,North Yorkshire CC,A-F,Goods,1998,2407
TLE22,North Yorkshire CC,G-T,Services,1998,4986
TLE13,North and North East Lincolnshire,A-F,Goods,1998,1686
TLE13,North and North East Lincolnshire,G-T,Services,1998,2335
TLH16,North and West Norfolk,A-F,Goods,1998,1113
TLH16,North and West Norfolk,G-T,Services,1998,1466
TLC21,Northumberland,A-F,Goods,1998,1135
TLC21,Northumberland,G-T,Services,1998,1899
TLH15,Norwich and East Norfolk,A-F,Goods,1998,913
TLH15,Norwich and East Norfolk,G-T,Services,1998,3095
TLF14,Nottingham,A-F,Goods,1998,1003
TLF14,Nottingham,G-T,Services,1998,3556
TLM65,Orkney Islands,A-F,Goods,1998,76
TLM65,Orkney Islands,G-T,Services,1998,198
TLJ14,Oxfordshire CC,A-F,Goods,1998,2862
TLJ14,Oxfordshire CC,G-T,Services,1998,8033
TLM77,"Perth and Kinross, and Stirling",A-F,Goods,1998,1207
TLM77,"Perth and Kinross, and Stirling",G-T,Services,1998,2152
TLH11,Peterborough,A-F,Goods,1998,809
TLH11,Peterborough,G-T,Services,1998,2424
TLK41,Plymouth,A-F,Goods,1998,839
TLK41,Plymouth,G-T,Services,1998,1934
TLJ31,Portsmouth,A-F,Goods,1998,585
TLJ31,Portsmouth,G-T,Services,1998,2243
TLL24,Powys,A-F,Goods,1998,392
TLL24,Powys,G-T,Services,1998,847
TLI53,Redbridge and Waltham Forest,A-F,Goods,1998,644
TLI53,Redbridge and Waltham Forest,G-T,Services,1998,3952
TLG37,Sandwell,A-F,Goods,1998,1770
TLG37,Sandwell,G-T,Services,1998,1907
TLM91,Scottish Borders,A-F,Goods,1998,572
TLM91,Scottish Borders,G-T,Services,1998,752
TLD73,Sefton,A-F,Goods,1998,350
TLD73,Sefton,G-T,Services,1998,1790
TLE32,Sheffield,A-F,Goods,1998,1584
TLE32,Sheffield,G-T,Services,1998,4942
TLM66,Shetland Islands,A-F,Goods,1998,146
TLM66,Shetland Islands,G-T,Services,1998,234
TLG22,Shropshire CC,A-F,Goods,1998,1071
TLG22,Shropshire CC,G-T,Services,1998,2271
TLG32,Solihull,A-F,Goods,1998,1730
TLG32,Solihull,G-T,Services,1998,2464
TLK23,Somerset CC,A-F,Goods,1998,2030
TLK23,Somerset CC,G-T,Services,1998,4107
TLM94,South Ayrshire,A-F,Goods,1998,440
TLM94,South Ayrshire,G-T,Services,1998,933
TLJ35,South Hampshire,A-F,Goods,1998,1734
TLJ35,South Hampshire,G-T,Services,1998,3876
TLM95,South Lanarkshire,A-F,Goods,1998,1345
TLM95,South Lanarkshire,G-T,Services,1998,2151
TLF16,South Nottinghamshire,A-F,Goods,1998,983
TLF16,South Nottinghamshire,G-T,Services,1998,2382
TLC12,South Teesside,A-F,Goods,1998,898
TLC12,South Teesside,G-T,Services,1998,1835
TLL14,South West Wales,A-F,Goods,1998,1235
TLL14,South West Wales,G-T,Services,1998,2376
TLF13,South and West Derbyshire,A-F,Goods,1998,2416
TLF13,South and West Derbyshire,G-T,Services,1998,3016
TLJ32,Southampton,A-F,Goods,1998,595
TLJ32,Southampton,G-T,Services,1998,2752
TLH31,Southend-on-Sea,A-F,Goods,1998,355
TLH31,Southend-on-Sea,G-T,Services,1998,1170
TLG24,Staffordshire CC,A-F,Goods,1998,3685
TLG24,Staffordshire CC,G-T,Services,1998,6220
TLG23,Stoke-on-Trent,A-F,Goods,1998,992
TLG23,Stoke-on-Trent,G-T,Services,1998,1800
TLH14,Suffolk CC,A-F,Goods,1998,2866
TLH14,Suffolk CC,G-T,Services,1998,6401
TLC23,Sunderland,A-F,Goods,1998,1317
TLC23,Sunderland,G-T,Services,1998,2179
TLL18,Swansea,A-F,Goods,1998,535
TLL18,Swansea,G-T,Services,1998,2047
TLK14,Swindon,A-F,Goods,1998,1467
TLK14,Swindon,G-T,Services,1998,2484
TLG21,Telford and Wrekin,A-F,Goods,1998,809
TLG21,Telford and Wrekin,G-T,Services,1998,1512
TLH32,Thurrock,A-F,Goods,1998,764
TLH32,Thurrock,G-T,Services,1998,1333
TLK42,Torbay,A-F,Goods,1998,168
TLK42,Torbay,G-T,Services,1998,988
TLI42,Tower Hamlets,A-F,Goods,1998,589
TLI42,Tower Hamlets,G-T,Services,1998,11724
TLC22,Tyneside,A-F,Goods,1998,2476
TLC22,Tyneside,G-T,Services,1998,7598
TLE45,Wakefield,A-F,Goods,1998,1542
TLE45,Wakefield,G-T,Services,1998,2489
TLG38,Walsall,A-F,Goods,1998,936
TLG38,Walsall,G-T,Services,1998,1698
TLI34,Wandsworth,A-F,Goods,1998,346
TLI34,Wandsworth,G-T,Services,1998,2650
TLD61,Warrington,A-F,Goods,1998,1225
TLD61,Warrington,G-T,Services,1998,2406
TLG13,Warwickshire CC,A-F,Goods,1998,2251
TLG13,Warwickshire CC,G-T,Services,1998,5611
TLD11,West Cumbria,A-F,Goods,1998,1667
TLD11,West Cumbria,G-T,Services,1998,1343
TLH35,West Essex,A-F,Goods,1998,1063
TLH35,West Essex,G-T,Services,1998,3095
TLJ46,West Kent,A-F,Goods,1998,1309
TLJ46,West Kent,G-T,Services,1998,4281
TLM78,West Lothian,A-F,Goods,1998,910
TLM78,West Lothian,G-T,Services,1998,1377
TLF24,West Northamptonshire,A-F,Goods,1998,1563
TLF24,West Northamptonshire,G-T,Services,1998,3771
TLJ25,West Surrey,A-F,Goods,1998,2647
TLJ25,West Surrey,G-T,Services,1998,11759
TLJ28,West Sussex (North East),A-F,Goods,1998,1445
TLJ28,West Sussex (North East),G-T,Services,1998,5092
TLJ27,West Sussex (South West),A-F,Goods,1998,1340
TLJ27,West Sussex (South West),G-T,Services,1998,3607
TLI32,Westminster,A-F,Goods,1998,1219
TLI32,Westminster,G-T,Services,1998,24753
TLK15,Wiltshire,A-F,Goods,1998,1352
TLK15,Wiltshire,G-T,Services,1998,4448
TLD74,Wirral,A-F,Goods,1998,680
TLD74,Wirral,G-T,Services,1998,1902
TLG39,Wolverhampton,A-F,Goods,1998,1159
TLG39,Wolverhampton,G-T,Services,1998,1854
TLG12,Worcestershire CC,A-F,Goods,1998,2004
TLG12,Worcestershire CC,G-T,Services,1998,4816
TLE21,York,A-F,Goods,1998,751
TLE21,York,G-T,Services,1998,2450
TLM50,Aberdeen City and Aberdeenshire,A-F,Goods,1999,3031
TLM50,Aberdeen City and Aberdeenshire,G-T,Services,1999,5183
TLM71,Angus and Dundee City,A-F,Goods,1999,931
TLM71,Angus and Dundee City,G-T,Services,1999,1994
TLN0D,Antrim and Newtownabbey,A-F,Goods,1999,573
TLN0D,Antrim and Newtownabbey,G-T,Services,1999,1125
TLN09,Ards and North Down,A-F,Goods,1999,241
TLN09,Ards and North Down,G-T,Services,1999,872
TLN07,"Armagh City, Banbridge and Craigavon",A-F,Goods,1999,601
TLN07,"Armagh City, Banbridge and Craigavon",G-T,Services,1999,1122
TLI52,Barking & Dagenham and Havering,A-F,Goods,1999,1691
TLI52,Barking & Dagenham and Havering,G-T,Services,1999,3693
TLI71,Barnet,A-F,Goods,1999,724
TLI71,Barnet,G-T,Services,1999,3732
TLE31,"Barnsley, Doncaster and Rotherham",A-F,Goods,1999,2445
TLE31,"Barnsley, Doncaster and Rotherham",G-T,Services,1999,4601
TLK12,"Bath and North East Somerset, North Somerset and South Gloucestershire",A-F,Goods,1999,2882
TLK12,"Bath and North East Somerset, North Somerset and South Gloucestershire",G-T,Services,1999,6808
TLH24,Bedford,A-F,Goods,1999,602
TLH24,Bedford,G-T,Services,1999,1554
TLN06,Belfast,A-F,Goods,1999,981
TLN06,Belfast,G-T,Services,1999,5014
TLJ11,Berkshire,A-F,Goods,1999,4103
TLJ11,Berkshire,G-T,Services,1999,18021
TLI51,Bexley and Greenwich,A-F,Goods,1999,1487
TLI51,Bexley and Greenwich,G-T,Services,1999,4484
TLG31,Birmingham,A-F,Goods,1999,3543
TLG31,Birmingham,G-T,Services,1999,10504
TLD41,Blackburn with Darwen,A-F,Goods,1999,575
TLD41,Blackburn with Darwen,G-T,Services,1999,1007
TLD42,Blackpool,A-F,Goods,1999,216
TLD42,Blackpool,G-T,Services,1999,1093
TLK24,"Bournemouth, Christchurch and Poole",A-F,Goods,1999,1047
TLK24,"Bournemouth, Christchurch and Poole",G-T,Services,1999,4142
TLE41,Bradford,A-F,Goods,1999,1699
TLE41,Bradford,G-T,Services,1999,3794
TLH17,Breckland and South Norfolk,A-F,Goods,1999,869
TLH17,Breckland and South Norfolk,G-T,Services,1999,1668
TLI72,Brent,A-F,Goods,1999,1077
TLI72,Brent,G-T,Services,1999,3300
TLL17,Bridgend and Neath Port Talbot,A-F,Goods,1999,1216
TLL17,Bridgend and Neath Port Talbot,G-T,Services,1999,1794
TLJ21,Brighton and Hove,A-F,Goods,1999,435
TLJ21,Brighton and Hove,G-T,Services,1999,3135
TLK11,"Bristol, City of",A-F,Goods,1999,1085
TLK11,"Bristol, City of",G-T,Services,1999,5573
TLI61,Bromley,A-F,Goods,1999,675
TLI61,Bromley,G-T,Services,1999,4004
TLJ13,Buckinghamshire CC,A-F,Goods,1999,1916
TLJ13,Buckinghamshire CC,G-T,Services,1999,6737
TLM61,"Caithness and Sutherland, and Ross and Cromarty",A-F,Goods,1999,339
TLM61,"Caithness and Sutherland, and Ross and Cromarty",G-T,Services,1999,701
TLE44,Calderdale and Kirklees,A-F,Goods,1999,2257
TLE44,Calderdale and Kirklees,G-T,Services,1999,4158
TLH12,Cambridgeshire CC,A-F,Goods,1999,2569
TLH12,Cambridgeshire CC,G-T,Services,1999,6662
TLI31,Camden and City of London,A-F,Goods,1999,1288
TLI31,Camden and City of London,G-T,Services,1999,33753
TLL22,Cardiff and Vale of Glamorgan,A-F,Goods,1999,1479
TLL22,Cardiff and Vale of Glamorgan,G-T,Services,1999,5237
TLN0C,Causeway Coast and Glens,A-F,Goods,1999,363
TLN0C,Causeway Coast and Glens,G-T,Services,1999,825
TLH25,Central Bedfordshire,A-F,Goods,1999,912
TLH25,Central Bedfordshire,G-T,Services,1999,2097
TLJ36,Central Hampshire,A-F,Goods,1999,2146
TLJ36,Central Hampshire,G-T,Services,1999,6003
TLL15,Central Valleys,A-F,Goods,1999,863
TLL15,Central Valleys,G-T,Services,1999,1748
TLD62,Cheshire East,A-F,Goods,1999,2374
TLD62,Cheshire East,G-T,Services,1999,3841
TLD63,Cheshire West and Chester,A-F,Goods,1999,1657
TLD63,Cheshire West and Chester,G-T,Services,1999,3617
TLD47,Chorley and West Lancashire,A-F,Goods,1999,669
TLD47,Chorley and West Lancashire,G-T,Services,1999,1639
TLM75,City of Edinburgh,A-F,Goods,1999,1658
TLM75,City of Edinburgh,G-T,Services,1999,8083
TLM72,Clackmannanshire and Fife,A-F,Goods,1999,1905
TLM72,Clackmannanshire and Fife,G-T,Services,1999,2393
TLL13,Conwy and Denbighshire,A-F,Goods,1999,421
TLL13,Conwy and Denbighshire,G-T,Services,1999,1432
TLK30,Cornwall and Isles of Scilly,A-F,Goods,1999,1303
TLK30,Cornwall and Isles of Scilly,G-T,Services,1999,3777
TLG33,Coventry,A-F,Goods,1999,1374
TLG33,Coventry,G-T,Services,1999,3685
TLI62,Croydon,A-F,Goods,1999,584
TLI62,Croydon,G-T,Services,1999,4641
TLC13,Darlington,A-F,Goods,1999,483
TLC13,Darlington,G-T,Services,1999,1069
TLF11,Derby,A-F,Goods,1999,1737
TLF11,Derby,G-T,Services,1999,2279
TLN0A,Derry City and Strabane,A-F,Goods,1999,391
TLN0A,Derry City and Strabane,G-T,Services,1999,962
TLK43,Devon CC,A-F,Goods,1999,2579
TLK43,Devon CC,G-T,Services,1999,6513
TLK25,Dorset,A-F,Goods,1999,1403
TLK25,Dorset,G-T,Services,1999,3052
TLG36,Dudley,A-F,Goods,1999,1249
TLG36,Dudley,G-T,Services,1999,2091
TLM92,Dumfries and Galloway,A-F,Goods,1999,702
TLM92,Dumfries and Galloway,G-T,Services,1999,1238
TLC14,Durham CC,A-F,Goods,1999,1826
TLC14,Durham CC,G-T,Services,1999,3052
TLI73,Ealing,A-F,Goods,1999,1037
TLI73,Ealing,G-T,Services,1999,4007
TLM93,East Ayrshire and North Ayrshire mainland,A-F,Goods,1999,947
TLM93,East Ayrshire and North Ayrshire mainland,G-T,Services,1999,1441
TLD12,East Cumbria,A-F,Goods,1999,1048
TLD12,East Cumbria,G-T,Services,1999,2586
TLF12,East Derbyshire,A-F,Goods,1999,994
TLF12,East Derbyshire,G-T,Services,1999,1986
TLM81,"East Dunbartonshire, West Dunbartonshire, and Helensburgh and Lomond",A-F,Goods,1999,391
TLM81,"East Dunbartonshire, West Dunbartonshire, and Helensburgh and Lomond",G-T,Services,1999,1544
TLJ44,East Kent,A-F,Goods,1999,1102
TLJ44,East Kent,G-T,Services,1999,4324
TLD46,East Lancashire,A-F,Goods,1999,1652
TLD46,East Lancashire,G-T,Services,1999,1987
TLM73,East Lothian and Midlothian,A-F,Goods,1999,452
TLM73,East Lothian and Midlothian,G-T,Services,1999,994
TLD71,East Merseyside,A-F,Goods,1999,2160
TLD71,East Merseyside,G-T,Services,1999,3578
TLE12,East Riding of Yorkshire,A-F,Goods,1999,1553
TLE12,East Riding of Yorkshire,G-T,Services,1999,2160
TLJ26,East Surrey,A-F,Goods,1999,1102
TLJ26,East Surrey,G-T,Services,1999,7338
TLJ22,East Sussex CC,A-F,Goods,1999,1157
TLJ22,East Sussex CC,G-T,Services,1999,3699
TLI54,Enfield,A-F,Goods,1999,877
TLI54,Enfield,G-T,Services,1999,3023
TLH34,Essex Haven Gateway,A-F,Goods,1999,1252
TLH34,Essex Haven Gateway,G-T,Services,1999,3405
TLH37,Essex Thames Gateway,A-F,Goods,1999,1615
TLH37,Essex Thames Gateway,G-T,Services,1999,2466
TLM76,Falkirk,A-F,Goods,1999,790
TLM76,Falkirk,G-T,Services,1999,1251
TLN0G,Fermanagh and Omagh,A-F,Goods,1999,378
TLN0G,Fermanagh and Omagh,G-T,Services,1999,737
TLL23,Flintshire and Wrexham,A-F,Goods,1999,1917
TLL23,Flintshire and Wrexham,G-T,Services,1999,1900
TLM82,Glasgow City,A-F,Goods,1999,2209
TLM82,Glasgow City,G-T,Services,1999,8838
TLK13,Gloucestershire CC,A-F,Goods,1999,2983
TLK13,Gloucestershire CC,G-T,Services,1999,6352
TLD37,Greater Manchester North East,A-F,Goods,1999,1949
TLD37,Greater Manchester North East,G-T,Services,1999,4057
TLD36,Greater Manchester North West,A-F,Goods,1999,2024
TLD36,Greater Manchester North West,G-T,Services,1999,3805
TLD35,Greater Manchester South East,A-F,Goods,1999,1779
TLD35,Greater Manchester South East,G-T,Services,1999,3980
TLD34,Greater Manchester South West,A-F,Goods,1999,2291
TLD34,Greater Manchester South West,G-T,Services,1999,5654
TLL16,Gwent Valleys,A-F,Goods,1999,1217
TLL16,Gwent Valleys,G-T,Services,1999,1705
TLL12,Gwynedd,A-F,Goods,1999,421
TLL12,Gwynedd,G-T,Services,1999,899
TLI41,Hackney and Newham,A-F,Goods,1999,1147
TLI41,Hackney and Newham,G-T,Services,1999,4295
TLI43,Haringey and Islington,A-F,Goods,1999,1016
TLI43,Haringey and Islington,G-T,Services,1999,8668
TLI74,Harrow and Hillingdon,A-F,Goods,1999,1445
TLI74,Harrow and Hillingdon,G-T,Services,1999,10411
TLC11,Hartlepool and Stockton-on-Tees,A-F,Goods,1999,1274
TLC11,Hartlepool and Stockton-on-Tees,G-T,Services,1999,2195
TLH36,Heart of Essex,A-F,Goods,1999,1230
TLH36,Heart of Essex,G-T,Services,1999,3273
TLG11,"Herefordshire, County of",A-F,Goods,1999,861
TLG11,"Herefordshire, County of",G-T,Services,1999,1415
TLH23,Hertfordshire CC,A-F,Goods,1999,4662
TLH23,Hertfordshire CC,G-T,Services,1999,15033
TLI75,Hounslow and Richmond upon Thames,A-F,Goods,1999,997
TLI75,Hounslow and Richmond upon Thames,G-T,Services,1999,9218
TLM83,"Inverclyde, East Renfrewshire, and Renfrewshire",A-F,Goods,1999,1063
TLM83,"Inverclyde, East Renfrewshire, and Renfrewshire",G-T,Services,1999,2597
TLM62,"Inverness and Nairn, Moray, Badenoch and Strathspey",A-F,Goods,1999,784
TLM62,"Inverness and Nairn, Moray, Badenoch and Strathspey",G-T,Services,1999,1664
TLL11,Isle of Anglesey,A-F,Goods,1999,177
TLL11,Isle of Anglesey,G-T,Services,1999,408
TLJ34,Isle of Wight,A-F,Goods,1999,288
TLJ34,Isle of Wight,G-T,Services,1999,950
TLI33,Kensington & Chelsea and Hammersmith & Fulham,A-F,Goods,1999,481
TLI33,Kensington & Chelsea and Hammersmith & Fulham,G-T,Services,1999,7474
TLJ43,Kent Thames Gateway,A-F,Goods,1999,1693
TLJ43,Kent Thames Gateway,G-T,Services,1999,2623
TLE11,"Kingston upon Hull, City of",A-F,Goods,1999,1188
TLE11,"Kingston upon Hull, City of",G-T,Services,1999,1918
TLI45,Lambeth,A-F,Goods,1999,409
TLI45,Lambeth,G-T,Services,1999,4636
TLD44,Lancaster and Wyre,A-F,Goods,1999,751
TLD44,Lancaster and Wyre,G-T,Services,1999,1673
TLE42,Leeds,A-F,Goods,1999,2841
TLE42,Leeds,G-T,Services,1999,10278
TLF21,Leicester,A-F,Goods,1999,1124
TLF21,Leicester,G-T,Services,1999,2805
TLF22,Leicestershire CC and Rutland,A-F,Goods,1999,3120
TLF22,Leicestershire CC and Rutland,G-T,Services,1999,5782
TLI44,Lewisham and Southwark,A-F,Goods,1999,746
TLI44,Lewisham and Southwark,G-T,Services,1999,8115
TLF30,Lincolnshire CC,A-F,Goods,1999,3041
TLF30,Lincolnshire CC,G-T,Services,1999,4825
TLN0E,Lisburn and Castlereagh,A-F,Goods,1999,379
TLN0E,Lisburn and Castlereagh,G-T,Services,1999,1144
TLD72,Liverpool,A-F,Goods,1999,1095
TLD72,Liverpool,G-T,Services,1999,5198
TLM63,"Lochaber, Skye and Lochalsh, Arran and Cumbrae, and Argyll and Bute",A-F,Goods,1999,355
TLM63,"Lochaber, Skye and Lochalsh, Arran and Cumbrae, and Argyll and Bute",G-T,Services,1999,863
TLH21,Luton,A-F,Goods,1999,874
TLH21,Luton,G-T,Services,1999,2059
TLD33,Manchester,A-F,Goods,1999,1174
TLD33,Manchester,G-T,Services,1999,8134
TLJ41,Medway,A-F,Goods,1999,800
TLJ41,Medway,G-T,Services,1999,1858
TLI63,"Merton, Kingston upon Thames and Sutton",A-F,Goods,1999,1458
TLI63,"Merton, Kingston upon Thames and Sutton",G-T,Services,1999,7203
TLJ45,Mid Kent,A-F,Goods,1999,1088
TLJ45,Mid Kent,G-T,Services,1999,2559
TLD45,Mid Lancashire,A-F,Goods,1999,3029
TLD45,Mid Lancashire,G-T,Services,1999,4144
TLN0B,Mid Ulster,A-F,Goods,1999,825
TLN0B,Mid Ulster,G-T,Services,1999,803
TLN0F,Mid and East Antrim,A-F,Goods,1999,1257
TLN0F,Mid and East Antrim,G-T,Services,1999,757
TLJ12,Milton Keynes,A-F,Goods,1999,974
TLJ12,Milton Keynes,G-T,Services,1999,4370
TLL21,Monmouthshire and Newport,A-F,Goods,1999,945
TLL21,Monmouthshire and Newport,G-T,Services,1999,2161
TLM64,Na h-Eileanan Siar,A-F,Goods,1999,53
TLM64,Na h-Eileanan Siar,G-T,Services,1999,214
TLN08,"Newry, Mourne and Down",A-F,Goods,1999,419
TLN08,"Newry, Mourne and Down",G-T,Services,1999,955
TLJ37,North Hampshire,A-F,Goods,1999,1691
TLJ37,North Hampshire,G-T,Services,1999,5406
TLM84,North Lanarkshire,A-F,Goods,1999,1395
TLM84,North Lanarkshire,G-T,Services,1999,2388
TLF25,North Northamptonshire,A-F,Goods,1999,1426
TLF25,North Northamptonshire,G-T,Services,1999,2295
TLF15,North Nottinghamshire,A-F,Goods,1999,2116
TLF15,North Nottinghamshire,G-T,Services,1999,3022
TLE22,North Yorkshire CC,A-F,Goods,1999,2377
TLE22,North Yorkshire CC,G-T,Services,1999,5165
TLE13,North and North East Lincolnshire,A-F,Goods,1999,1664
TLE13,North and North East Lincolnshire,G-T,Services,1999,2347
TLH16,North and West Norfolk,A-F,Goods,1999,1093
TLH16,North and West Norfolk,G-T,Services,1999,1557
TLC21,Northumberland,A-F,Goods,1999,1079
TLC21,Northumberland,G-T,Services,1999,1949
TLH15,Norwich and East Norfolk,A-F,Goods,1999,904
TLH15,Norwich and East Norfolk,G-T,Services,1999,3223
TLF14,Nottingham,A-F,Goods,1999,1213
TLF14,Nottingham,G-T,Services,1999,3530
TLM65,Orkney Islands,A-F,Goods,1999,77
TLM65,Orkney Islands,G-T,Services,1999,214
TLJ14,Oxfordshire CC,A-F,Goods,1999,2850
TLJ14,Oxfordshire CC,G-T,Services,1999,8470
TLM77,"Perth and Kinross, and Stirling",A-F,Goods,1999,1123
TLM77,"Perth and Kinross, and Stirling",G-T,Services,1999,2190
TLH11,Peterborough,A-F,Goods,1999,810
TLH11,Peterborough,G-T,Services,1999,2568
TLK41,Plymouth,A-F,Goods,1999,897
TLK41,Plymouth,G-T,Services,1999,2027
TLJ31,Portsmouth,A-F,Goods,1999,665
TLJ31,Portsmouth,G-T,Services,1999,2245
TLL24,Powys,A-F,Goods,1999,386
TLL24,Powys,G-T,Services,1999,880
TLI53,Redbridge and Waltham Forest,A-F,Goods,1999,696
TLI53,Redbridge and Waltham Forest,G-T,Services,1999,4173
TLG37,Sandwell,A-F,Goods,1999,1731
TLG37,Sandwell,G-T,Services,1999,1981
TLM91,Scottish Borders,A-F,Goods,1999,533
TLM91,Scottish Borders,G-T,Services,1999,777
TLD73,Sefton,A-F,Goods,1999,366
TLD73,Sefton,G-T,Services,1999,1921
TLE32,Sheffield,A-F,Goods,1999,1540
TLE32,Sheffield,G-T,Services,1999,5038
TLM66,Shetland Islands,A-F,Goods,1999,143
TLM66,Shetland Islands,G-T,Services,1999,249
TLG22,Shropshire CC,A-F,Goods,1999,1036
TLG22,Shropshire CC,G-T,Services,1999,2352
TLG32,Solihull,A-F,Goods,1999,1670
TLG32,Solihull,G-T,Services,1999,2573
TLK23,Somerset CC,A-F,Goods,1999,2177
TLK23,Somerset CC,G-T,Services,1999,4308
TLM94,South Ayrshire,A-F,Goods,1999,427
TLM94,South Ayrshire,G-T,Services,1999,968
TLJ35,South Hampshire,A-F,Goods,1999,1739
TLJ35,South Hampshire,G-T,Services,1999,3907
TLM95,South Lanarkshire,A-F,Goods,1999,1293
TLM95,South Lanarkshire,G-T,Services,1999,2245
TLF16,South Nottinghamshire,A-F,Goods,1999,1020
TLF16,South Nottinghamshire,G-T,Services,1999,2468
TLC12,South Teesside,A-F,Goods,1999,881
TLC12,South Teesside,G-T,Services,1999,1928
TLL14,South West Wales,A-F,Goods,1999,1148
TLL14,South West Wales,G-T,Services,1999,2414
TLF13,South and West Derbyshire,A-F,Goods,1999,2440
TLF13,South and West Derbyshire,G-T,Services,1999,3096
TLJ32,Southampton,A-F,Goods,1999,545
TLJ32,Southampton,G-T,Services,1999,2873
TLH31,Southend-on-Sea,A-F,Goods,1999,356
TLH31,Southend-on-Sea,G-T,Services,1999,1222
TLG24,Staffordshire CC,A-F,Goods,1999,3565
TLG24,Staffordshire CC,G-T,Services,1999,6452
TLG23,Stoke-on-Trent,A-F,Goods,1999,946
TLG23,Stoke-on-Trent,G-T,Services,1999,1852
TLH14,Suffolk CC,A-F,Goods,1999,2831
TLH14,Suffolk CC,G-T,Services,1999,6853
TLC23,Sunderland,A-F,Goods,1999,1216
TLC23,Sunderland,G-T,Services,1999,2208
TLL18,Swansea,A-F,Goods,1999,519
TLL18,Swansea,G-T,Services,1999,2102
TLK14,Swindon,A-F,Goods,1999,1461
TLK14,Swindon,G-T,Services,1999,2645
TLG21,Telford and Wrekin,A-F,Goods,1999,766
TLG21,Telford and Wrekin,G-T,Services,1999,1637
TLH32,Thurrock,A-F,Goods,1999,683
TLH32,Thurrock,G-T,Services,1999,1383
TLK42,Torbay,A-F,Goods,1999,172
TLK42,Torbay,G-T,Services,1999,1053
TLI42,Tower Hamlets,A-F,Goods,1999,625
TLI42,Tower Hamlets,G-T,Services,1999,11998
TLC22,Tyneside,A-F,Goods,1999,2422
TLC22,Tyneside,G-T,Services,1999,7668
TLE45,Wakefield,A-F,Goods,1999,1550
TLE45,Wakefield,G-T,Services,1999,2683
TLG38,Walsall,A-F,Goods,1999,915
TLG38,Walsall,G-T,Services,1999,1778
TLI34,Wandsworth,A-F,Goods,1999,368
TLI34,Wandsworth,G-T,Services,1999,2905
TLD61,Warrington,A-F,Goods,1999,1238
TLD61,Warrington,G-T,Services,1999,2450
TLG13,Warwickshire CC,A-F,Goods,1999,2370
TLG13,Warwickshire CC,G-T,Services,1999,6084
TLD11,West Cumbria,A-F,Goods,1999,1742
TLD11,West Cumbria,G-T,Services,1999,1382
TLH35,West Essex,A-F,Goods,1999,1041
TLH35,West Essex,G-T,Services,1999,3268
TLJ46,West Kent,A-F,Goods,1999,1396
TLJ46,West Kent,G-T,Services,1999,4379
TLM78,West Lothian,A-F,Goods,1999,935
TLM78,West Lothian,G-T,Services,1999,1418
TLF24,West Northamptonshire,A-F,Goods,1999,1490
TLF24,West Northamptonshire,G-T,Services,1999,3933
TLJ25,West Surrey,A-F,Goods,1999,2869
TLJ25,West Surrey,G-T,Services,1999,12532
TLJ28,West Sussex (North East),A-F,Goods,1999,1555
TLJ28,West Sussex (North East),G-T,Services,1999,5320
TLJ27,West Sussex (South West),A-F,Goods,1999,1660
TLJ27,West Sussex (South West),G-T,Services,1999,3728
TLI32,Westminster,A-F,Goods,1999,1296
TLI32,Westminster,G-T,Services,1999,26077
TLK15,Wiltshire,A-F,Goods,1999,1450
TLK15,Wiltshire,G-T,Services,1999,4669
TLD74,Wirral,A-F,Goods,1999,714
TLD74,Wirral,G-T,Services,1999,2050
TLG39,Wolverhampton,A-F,Goods,1999,1186
TLG39,Wolverhampton,G-T,Services,1999,1941
TLG12,Worcestershire CC,A-F,Goods,1999,2009
TLG12,Worcestershire CC,G-T,Services,1999,5122
TLE21,York,A-F,Goods,1999,762
TLE21,York,G-T,Services,1999,2577
TLM50,Aberdeen City and Aberdeenshire,A-F,Goods,2000,2969
TLM50,Aberdeen City and Aberdeenshire,G-T,Services,2000,5442
TLM71,Angus and Dundee City,A-F,Goods,2000,937
TLM71,Angus and Dundee City,G-T,Services,2000,2171
TLN0D,Antrim and Newtownabbey,A-F,Goods,2000,600
TLN0D,Antrim and Newtownabbey,G-T,Services,2000,1226
TLN09,Ards and North Down,A-F,Goods,2000,266
TLN09,Ards and North Down,G-T,Services,2000,921
TLN07,"Armagh City, Banbridge and Craigavon",A-F,Goods,2000,668
TLN07,"Armagh City, Banbridge and Craigavon",G-T,Services,2000,1177
TLI52,Barking & Dagenham and Havering,A-F,Goods,2000,1639
TLI52,Barking & Dagenham and Havering,G-T,Services,2000,3852
TLI71,Barnet,A-F,Goods,2000,754
TLI71,Barnet,G-T,Services,2000,3883
TLE31,"Barnsley, Doncaster and Rotherham",A-F,Goods,2000,2592
TLE31,"Barnsley, Doncaster and Rotherham",G-T,Services,2000,4706
TLK12,"Bath and North East Somerset, North Somerset and South Gloucestershire",A-F,Goods,2000,3014
TLK12,"Bath and North East Somerset, North Somerset and South Gloucestershire",G-T,Services,2000,7247
TLH24,Bedford,A-F,Goods,2000,611
TLH24,Bedford,G-T,Services,2000,1646
TLN06,Belfast,A-F,Goods,2000,1057
TLN06,Belfast,G-T,Services,2000,5407
TLJ11,Berkshire,A-F,Goods,2000,4301
TLJ11,Berkshire,G-T,Services,2000,19173
TLI51,Bexley and Greenwich,A-F,Goods,2000,1540
TLI51,Bexley and Greenwich,G-T,Services,2000,4664
TLG31,Birmingham,A-F,Goods,2000,3644
TLG31,Birmingham,G-T,Services,2000,10800
TLD41,Blackburn with Darwen,A-F,Goods,2000,568
TLD41,Blackburn with Darwen,G-T,Services,2000,1027
TLD42,Blackpool,A-F,Goods,2000,212
TLD42,Blackpool,G-T,Services,2000,1126
TLK24,"Bournemouth, Christchurch and Poole",A-F,Goods,2000,1036
TLK24,"Bournemouth, Christchurch and Poole",G-T,Services,2000,4410
TLE41,Bradford,A-F,Goods,2000,1657
TLE41,Bradford,G-T,Services,2000,3893
TLH17,Breckland and South Norfolk,A-F,Goods,2000,931
TLH17,Breckland and South Norfolk,G-T,Services,2000,1792
TLI72,Brent,A-F,Goods,2000,1138
TLI72,Brent,G-T,Services,2000,3466
TLL17,Bridgend and Neath Port Talbot,A-F,Goods,2000,1288
TLL17,Bridgend and Neath Port Talbot,G-T,Services,2000,1861
TLJ21,Brighton and Hove,A-F,Goods,2000,439
TLJ21,Brighton and Hove,G-T,Services,2000,3313
TLK11,"Bristol, City of",A-F,Goods,2000,1108
TLK11,"Bristol, City of",G-T,Services,2000,5915
TLI61,Bromley,A-F,Goods,2000,700
TLI61,Bromley,G-T,Services,2000,4052
TLJ13,Buckinghamshire CC,A-F,Goods,2000,2038
TLJ13,Buckinghamshire CC,G-T,Services,2000,7040
TLM61,"Caithness and Sutherland, and Ross and Cromarty",A-F,Goods,2000,362
TLM61,"Caithness and Sutherland, and Ross and Cromarty",G-T,Services,2000,722
TLE44,Calderdale and Kirklees,A-F,Goods,2000,2245
TLE44,Calderdale and Kirklees,G-T,Services,2000,4264
TLH12,Cambridgeshire CC,A-F,Goods,2000,2646
TLH12,Cambridgeshire CC,G-T,Services,2000,7064
TLI31,Camden and City of London,A-F,Goods,2000,1521
TLI31,Camden and City of London,G-T,Services,2000,37043
TLL22,Cardiff and Vale of Glamorgan,A-F,Goods,2000,1556
TLL22,Cardiff and Vale of Glamorgan,G-T,Services,2000,5508
TLN0C,Causeway Coast and Glens,A-F,Goods,2000,402
TLN0C,Causeway Coast and Glens,G-T,Services,2000,913
TLH25,Central Bedfordshire,A-F,Goods,2000,959
TLH25,Central Bedfordshire,G-T,Services,2000,2240
TLJ36,Central Hampshire,A-F,Goods,2000,2227
TLJ36,Central Hampshire,G-T,Services,2000,6343
TLL15,Central Valleys,A-F,Goods,2000,883
TLL15,Central Valleys,G-T,Services,2000,1812
TLD62,Cheshire East,A-F,Goods,2000,2468
TLD62,Cheshire East,G-T,Services,2000,3987
TLD63,Cheshire West and Chester,A-F,Goods,2000,1542
TLD63,Cheshire West and Chester,G-T,Services,2000,3674
TLD47,Chorley and West Lancashire,A-F,Goods,2000,671
TLD47,Chorley and West Lancashire,G-T,Services,2000,1697
TLM75,City of Edinburgh,A-F,Goods,2000,1687
TLM75,City of Edinburgh,G-T,Services,2000,8820
TLM72,Clackmannanshire and Fife,A-F,Goods,2000,1905
TLM72,Clackmannanshire and Fife,G-T,Services,2000,2549
TLL13,Conwy and Denbighshire,A-F,Goods,2000,442
TLL13,Conwy and Denbighshire,G-T,Services,2000,1490
TLK30,Cornwall and Isles of Scilly,A-F,Goods,2000,1363
TLK30,Cornwall and Isles of Scilly,G-T,Services,2000,4010
TLG33,Coventry,A-F,Goods,2000,1401
TLG33,Coventry,G-T,Services,2000,3795
TLI62,Croydon,A-F,Goods,2000,610
TLI62,Croydon,G-T,Services,2000,4885
TLC13,Darlington,A-F,Goods,2000,524
TLC13,Darlington,G-T,Services,2000,1146
TLF11,Derby,A-F,Goods,2000,1847
TLF11,Derby,G-T,Services,2000,2333
TLN0A,Derry City and Strabane,A-F,Goods,2000,408
TLN0A,Derry City and Strabane,G-T,Services,2000,1001
TLK43,Devon CC,A-F,Goods,2000,2588
TLK43,Devon CC,G-T,Services,2000,6756
TLK25,Dorset,A-F,Goods,2000,1466
TLK25,Dorset,G-T,Services,2000,3293
TLG36,Dudley,A-F,Goods,2000,1281
TLG36,Dudley,G-T,Services,2000,2112
TLM92,Dumfries and Galloway,A-F,Goods,2000,748
TLM92,Dumfries and Galloway,G-T,Services,2000,1317
TLC14,Durham CC,A-F,Goods,2000,1845
TLC14,Durham CC,G-T,Services,2000,3169
TLI73,Ealing,A-F,Goods,2000,1077
TLI73,Ealing,G-T,Services,2000,4193
TLM93,East Ayrshire and North Ayrshire mainland,A-F,Goods,2000,976
TLM93,East Ayrshire and North Ayrshire mainland,G-T,Services,2000,1501
TLD12,East Cumbria,A-F,Goods,2000,1110
TLD12,East Cumbria,G-T,Services,2000,2703
TLF12,East Derbyshire,A-F,Goods,2000,999
TLF12,East Derbyshire,G-T,Services,2000,2038
TLM81,"East Dunbartonshire, West Dunbartonshire, and Helensburgh and Lomond",A-F,Goods,2000,401
TLM81,"East Dunbartonshire, West Dunbartonshire, and Helensburgh and Lomond",G-T,Services,2000,1607
TLJ44,East Kent,A-F,Goods,2000,1077
TLJ44,East Kent,G-T,Services,2000,4624
TLD46,East Lancashire,A-F,Goods,2000,1676
TLD46,East Lancashire,G-T,Services,2000,2000
TLM73,East Lothian and Midlothian,A-F,Goods,2000,440
TLM73,East Lothian and Midlothian,G-T,Services,2000,1084
TLD71,East Merseyside,A-F,Goods,2000,2133
TLD71,East Merseyside,G-T,Services,2000,3792
TLE12,East Riding of Yorkshire,A-F,Goods,2000,1598
TLE12,East Riding of Yorkshire,G-T,Services,2000,2270
TLJ26,East Surrey,A-F,Goods,2000,1152
TLJ26,East Surrey,G-T,Services,2000,7596
TLJ22,East Sussex CC,A-F,Goods,2000,1177
TLJ22,East Sussex CC,G-T,Services,2000,3894
TLI54,Enfield,A-F,Goods,2000,917
TLI54,Enfield,G-T,Services,2000,3160
TLH34,Essex Haven Gateway,A-F,Goods,2000,1242
TLH34,Essex Haven Gateway,G-T,Services,2000,3679
TLH37,Essex Thames Gateway,A-F,Goods,2000,1738
TLH37,Essex Thames Gateway,G-T,Services,2000,2650
TLM76,Falkirk,A-F,Goods,2000,795
TLM76,Falkirk,G-T,Services,2000,1316
TLN0G,Fermanagh and Omagh,A-F,Goods,2000,414
TLN0G,Fermanagh and Omagh,G-T,Services,2000,772
TLL23,Flintshire and Wrexham,A-F,Goods,2000,1989
TLL23,Flintshire and Wrexham,G-T,Services,2000,2038
TLM82,Glasgow City,A-F,Goods,2000,2184
TLM82,Glasgow City,G-T,Services,2000,9197
TLK13,Gloucestershire CC,A-F,Goods,2000,3056
TLK13,Gloucestershire CC,G-T,Services,2000,6665
TLD37,Greater Manchester North East,A-F,Goods,2000,1990
TLD37,Greater Manchester North East,G-T,Services,2000,4178
TLD36,Greater Manchester North West,A-F,Goods,2000,2000
TLD36,Greater Manchester North West,G-T,Services,2000,3947
TLD35,Greater Manchester South East,A-F,Goods,2000,1797
TLD35,Greater Manchester South East,G-T,Services,2000,4167
TLD34,Greater Manchester South West,A-F,Goods,2000,2366
TLD34,Greater Manchester South West,G-T,Services,2000,5806
TLL16,Gwent Valleys,A-F,Goods,2000,1306
TLL16,Gwent Valleys,G-T,Services,2000,1767
TLL12,Gwynedd,A-F,Goods,2000,426
TLL12,Gwynedd,G-T,Services,2000,940
TLI41,Hackney and Newham,A-F,Goods,2000,1218
TLI41,Hackney and Newham,G-T,Services,2000,4632
TLI43,Haringey and Islington,A-F,Goods,2000,1094
TLI43,Haringey and Islington,G-T,Services,2000,9531
TLI74,Harrow and Hillingdon,A-F,Goods,2000,1471
TLI74,Harrow and Hillingdon,G-T,Services,2000,10920
TLC11,Hartlepool and Stockton-on-Tees,A-F,Goods,2000,1293
TLC11,Hartlepool and Stockton-on-Tees,G-T,Services,2000,2266
TLH36,Heart of Essex,A-F,Goods,2000,1286
TLH36,Heart of Essex,G-T,Services,2000,3503
TLG11,"Herefordshire, County of",A-F,Goods,2000,925
TLG11,"Herefordshire, County of",G-T,Services,2000,1460
TLH23,Hertfordshire CC,A-F,Goods,2000,4961
TLH23,Hertfordshire CC,G-T,Services,2000,15742
TLI75,Hounslow and Richmond upon Thames,A-F,Goods,2000,1065
TLI75,Hounslow and Richmond upon Thames,G-T,Services,2000,9890
TLM83,"Inverclyde, East Renfrewshire, and Renfrewshire",A-F,Goods,2000,1140
TLM83,"Inverclyde, East Renfrewshire, and Renfrewshire",G-T,Services,2000,2728
TLM62,"Inverness and Nairn, Moray, Badenoch and Strathspey",A-F,Goods,2000,795
TLM62,"Inverness and Nairn, Moray, Badenoch and Strathspey",G-T,Services,2000,1724
TLL11,Isle of Anglesey,A-F,Goods,2000,185
TLL11,Isle of Anglesey,G-T,Services,2000,425
TLJ34,Isle of Wight,A-F,Goods,2000,309
TLJ34,Isle of Wight,G-T,Services,2000,989
TLI33,Kensington & Chelsea and Hammersmith & Fulham,A-F,Goods,2000,533
TLI33,Kensington & Chelsea and Hammersmith & Fulham,G-T,Services,2000,8024
TLJ43,Kent Thames Gateway,A-F,Goods,2000,1682
TLJ43,Kent Thames Gateway,G-T,Services,2000,2701
TLE11,"Kingston upon Hull, City of",A-F,Goods,2000,1276
TLE11,"Kingston upon Hull, City of",G-T,Services,2000,2030
TLI45,Lambeth,A-F,Goods,2000,486
TLI45,Lambeth,G-T,Services,2000,5051
TLD44,Lancaster and Wyre,A-F,Goods,2000,674
TLD44,Lancaster and Wyre,G-T,Services,2000,1723
TLE42,Leeds,A-F,Goods,2000,2869
TLE42,Leeds,G-T,Services,2000,10642
TLF21,Leicester,A-F,Goods,2000,1225
TLF21,Leicester,G-T,Services,2000,2908
TLF22,Leicestershire CC and Rutland,A-F,Goods,2000,3438
TLF22,Leicestershire CC and Rutland,G-T,Services,2000,5990
TLI44,Lewisham and Southwark,A-F,Goods,2000,845
TLI44,Lewisham and Southwark,G-T,Services,2000,8870
TLF30,Lincolnshire CC,A-F,Goods,2000,3124
TLF30,Lincolnshire CC,G-T,Services,2000,5115
TLN0E,Lisburn and Castlereagh,A-F,Goods,2000,423
TLN0E,Lisburn and Castlereagh,G-T,Services,2000,1220
TLD72,Liverpool,A-F,Goods,2000,1197
TLD72,Liverpool,G-T,Services,2000,5464
TLM63,"Lochaber, Skye and Lochalsh, Arran and Cumbrae, and Argyll and Bute",A-F,Goods,2000,363
TLM63,"Lochaber, Skye and Lochalsh, Arran and Cumbrae, and Argyll and Bute",G-T,Services,2000,905
TLH21,Luton,A-F,Goods,2000,918
TLH21,Luton,G-T,Services,2000,2276
TLD33,Manchester,A-F,Goods,2000,1178
TLD33,Manchester,G-T,Services,2000,8362
TLJ41,Medway,A-F,Goods,2000,767
TLJ41,Medway,G-T,Services,2000,1926
TLI63,"Merton, Kingston upon Thames and Sutton",A-F,Goods,2000,1487
TLI63,"Merton, Kingston upon Thames and Sutton",G-T,Services,2000,7631
TLJ45,Mid Kent,A-F,Goods,2000,1053
TLJ45,Mid Kent,G-T,Services,2000,2700
TLD45,Mid Lancashire,A-F,Goods,2000,3248
TLD45,Mid Lancashire,G-T,Services,2000,4211
TLN0B,Mid Ulster,A-F,Goods,2000,909
TLN0B,Mid Ulster,G-T,Services,2000,877
TLN0F,Mid and East Antrim,A-F,Goods,2000,1376
TLN0F,Mid and East Antrim,G-T,Services,2000,829
TLJ12,Milton Keynes,A-F,Goods,2000,1009
TLJ12,Milton Keynes,G-T,Services,2000,4688
TLL21,Monmouthshire and Newport,A-F,Goods,2000,1015
TLL21,Monmouthshire and Newport,G-T,Services,2000,2318
TLM64,Na h-Eileanan Siar,A-F,Goods,2000,51
TLM64,Na h-Eileanan Siar,G-T,Services,2000,224
TLN08,"Newry, Mourne and Down",A-F,Goods,2000,457
TLN08,"Newry, Mourne and Down",G-T,Services,2000,1031
TLJ37,North Hampshire,A-F,Goods,2000,1831
TLJ37,North Hampshire,G-T,Services,2000,5802
TLM84,North Lanarkshire,A-F,Goods,2000,1423
TLM84,North Lanarkshire,G-T,Services,2000,2482
TLF25,North Northamptonshire,A-F,Goods,2000,1539
TLF25,North Northamptonshire,G-T,Services,2000,2353
TLF15,North Nottinghamshire,A-F,Goods,2000,2084
TLF15,North Nottinghamshire,G-T,Services,2000,3142
TLE22,North Yorkshire CC,A-F,Goods,2000,2476
TLE22,North Yorkshire CC,G-T,Services,2000,5425
TLE13,North and North East Lincolnshire,A-F,Goods,2000,1731
TLE13,North and North East Lincolnshire,G-T,Services,2000,2445
TLH16,North and West Norfolk,A-F,Goods,2000,1144
TLH16,North and West Norfolk,G-T,Services,2000,1642
TLC21,Northumberland,A-F,Goods,2000,1067
TLC21,Northumberland,G-T,Services,2000,2011
TLH15,Norwich and East Norfolk,A-F,Goods,2000,963
TLH15,Norwich and East Norfolk,G-T,Services,2000,3423
TLF14,Nottingham,A-F,Goods,2000,1143
TLF14,Nottingham,G-T,Services,2000,3681
TLM65,Orkney Islands,A-F,Goods,2000,75
TLM65,Orkney Islands,G-T,Services,2000,233
TLJ14,Oxfordshire CC,A-F,Goods,2000,2966
TLJ14,Oxfordshire CC,G-T,Services,2000,8915
TLM77,"Perth and Kinross, and Stirling",A-F,Goods,2000,1030
TLM77,"Perth and Kinross, and Stirling",G-T,Services,2000,2328
TLH11,Peterborough,A-F,Goods,2000,845
TLH11,Peterborough,G-T,Services,2000,2555
TLK41,Plymouth,A-F,Goods,2000,859
TLK41,Plymouth,G-T,Services,2000,2108
TLJ31,Portsmouth,A-F,Goods,2000,644
TLJ31,Portsmouth,G-T,Services,2000,2396
TLL24,Powys,A-F,Goods,2000,398
TLL24,Powys,G-T,Services,2000,956
TLI53,Redbridge and Waltham Forest,A-F,Goods,2000,708
TLI53,Redbridge and Waltham Forest,G-T,Services,2000,4369
TLG37,Sandwell,A-F,Goods,2000,1721
TLG37,Sandwell,G-T,Services,2000,2022
TLM91,Scottish Borders,A-F,Goods,2000,546
TLM91,Scottish Borders,G-T,Services,2000,806
TLD73,Sefton,A-F,Goods,2000,380
TLD73,Sefton,G-T,Services,2000,1976
TLE32,Sheffield,A-F,Goods,2000,1639
TLE32,Sheffield,G-T,Services,2000,5240
TLM66,Shetland Islands,A-F,Goods,2000,133
TLM66,Shetland Islands,G-T,Services,2000,256
TLG22,Shropshire CC,A-F,Goods,2000,1067
TLG22,Shropshire CC,G-T,Services,2000,2422
TLG32,Solihull,A-F,Goods,2000,1781
TLG32,Solihull,G-T,Services,2000,2697
TLK23,Somerset CC,A-F,Goods,2000,2222
TLK23,Somerset CC,G-T,Services,2000,4599
TLM94,South Ayrshire,A-F,Goods,2000,476
TLM94,South Ayrshire,G-T,Services,2000,1016
TLJ35,South Hampshire,A-F,Goods,2000,1831
TLJ35,South Hampshire,G-T,Services,2000,4124
TLM95,South Lanarkshire,A-F,Goods,2000,1297
TLM95,South Lanarkshire,G-T,Services,2000,2312
TLF16,South Nottinghamshire,A-F,Goods,2000,981
TLF16,South Nottinghamshire,G-T,Services,2000,2526
TLC12,South Teesside,A-F,Goods,2000,891
TLC12,South Teesside,G-T,Services,2000,1996
TLL14,South West Wales,A-F,Goods,2000,1180
TLL14,South West Wales,G-T,Services,2000,2500
TLF13,South and West Derbyshire,A-F,Goods,2000,2410
TLF13,South and West Derbyshire,G-T,Services,2000,3121
TLJ32,Southampton,A-F,Goods,2000,529
TLJ32,Southampton,G-T,Services,2000,2999
TLH31,Southend-on-Sea,A-F,Goods,2000,369
TLH31,Southend-on-Sea,G-T,Services,2000,1279
TLG24,Staffordshire CC,A-F,Goods,2000,3634
TLG24,Staffordshire CC,G-T,Services,2000,6603
TLG23,Stoke-on-Trent,A-F,Goods,2000,952
TLG23,Stoke-on-Trent,G-T,Services,2000,1900
TLH14,Suffolk CC,A-F,Goods,2000,2963
TLH14,Suffolk CC,G-T,Services,2000,7257
TLC23,Sunderland,A-F,Goods,2000,1304
TLC23,Sunderland,G-T,Services,2000,2252
TLL18,Swansea,A-F,Goods,2000,547
TLL18,Swansea,G-T,Services,2000,2179
TLK14,Swindon,A-F,Goods,2000,1446
TLK14,Swindon,G-T,Services,2000,2820
TLG21,Telford and Wrekin,A-F,Goods,2000,787
TLG21,Telford and Wrekin,G-T,Services,2000,1633
TLH32,Thurrock,A-F,Goods,2000,599
TLH32,Thurrock,G-T,Services,2000,1493
TLK42,Torbay,A-F,Goods,2000,172
TLK42,Torbay,G-T,Services,2000,1083
TLI42,Tower Hamlets,A-F,Goods,2000,701
TLI42,Tower Hamlets,G-T,Services,2000,13275
TLC22,Tyneside,A-F,Goods,2000,2420
TLC22,Tyneside,G-T,Services,2000,7954
TLE45,Wakefield,A-F,Goods,2000,1594
TLE45,Wakefield,G-T,Services,2000,2771
TLG38,Walsall,A-F,Goods,2000,935
TLG38,Walsall,G-T,Services,2000,1793
TLI34,Wandsworth,A-F,Goods,2000,402
TLI34,Wandsworth,G-T,Services,2000,3104
TLD61,Warrington,A-F,Goods,2000,1259
TLD61,Warrington,G-T,Services,2000,2613
TLG13,Warwickshire CC,A-F,Goods,2000,2626
TLG13,Warwickshire CC,G-T,Services,2000,6196
TLD11,West Cumbria,A-F,Goods,2000,1417
TLD11,West Cumbria,G-T,Services,2000,1472
TLH35,West Essex,A-F,Goods,2000,1090
TLH35,West Essex,G-T,Services,2000,3439
TLJ46,West Kent,A-F,Goods,2000,1325
TLJ46,West Kent,G-T,Services,2000,4514
TLM78,West Lothian,A-F,Goods,2000,924
TLM78,West Lothian,G-T,Services,2000,1475
TLF24,West Northamptonshire,A-F,Goods,2000,1647
TLF24,West Northamptonshire,G-T,Services,2000,4160
TLJ25,West Surrey,A-F,Goods,2000,2992
TLJ25,West Surrey,G-T,Services,2000,13350
TLJ28,West Sussex (North East),A-F,Goods,2000,1584
TLJ28,West Sussex (North East),G-T,Services,2000,5486
TLJ27,West Sussex (South West),A-F,Goods,2000,1713
TLJ27,West Sussex (South West),G-T,Services,2000,3916
TLI32,Westminster,A-F,Goods,2000,1515
TLI32,Westminster,G-T,Services,2000,28226
TLK15,Wiltshire,A-F,Goods,2000,1477
TLK15,Wiltshire,G-T,Services,2000,4932
TLD74,Wirral,A-F,Goods,2000,705
TLD74,Wirral,G-T,Services,2000,2142
TLG39,Wolverhampton,A-F,Goods,2000,1223
TLG39,Wolverhampton,G-T,Services,2000,1994
TLG12,Worcestershire CC,A-F,Goods,2000,2160
TLG12,Worcestershire CC,G-T,Services,2000,5319
TLE21,York,A-F,Goods,2000,816
TLE21,York,G-T,Services,2000,2681
TLM50,Aberdeen City and Aberdeenshire,A-F,Goods,2001,3106
TLM50,Aberdeen City and Aberdeenshire,G-T,Services,2001,5963
TLM71,Angus and Dundee City,A-F,Goods,2001,910
TLM71,Angus and Dundee City,G-T,Services,2001,2308
TLN0D,Antrim and Newtownabbey,A-F,Goods,2001,617
TLN0D,Antrim and Newtownabbey,G-T,Services,2001,1310
TLN09,Ards and North Down,A-F,Goods,2001,277
TLN09,Ards and North Down,G-T,Services,2001,970
TLN07,"Armagh City, Banbridge and Craigavon",A-F,Goods,2001,690
TLN07,"Armagh City, Banbridge and Craigavon",G-T,Services,2001,1291
TLI52,Barking & Dagenham and Havering,A-F,Goods,2001,1607
TLI52,Barking & Dagenham and Havering,G-T,Services,2001,4007
TLI71,Barnet,A-F,Goods,2001,763
TLI71,Barnet,G-T,Services,2001,4045
TLE31,"Barnsley, Doncaster and Rotherham",A-F,Goods,2001,2652
TLE31,"Barnsley, Doncaster and Rotherham",G-T,Services,2001,5038
TLK12,"Bath and North East Somerset, North Somerset and South Gloucestershire",A-F,Goods,2001,3095
TLK12,"Bath and North East Somerset, North Somerset and South Gloucestershire",G-T,Services,2001,7897
TLH24,Bedford,A-F,Goods,2001,580
TLH24,Bedford,G-T,Services,2001,1785
TLN06,Belfast,A-F,Goods,2001,1120
TLN06,Belfast,G-T,Services,2001,5691
TLJ11,Berkshire,A-F,Goods,2001,4349
TLJ11,Berkshire,G-T,Services,2001,19602
TLI51,Bexley and Greenwich,A-F,Goods,2001,1565
TLI51,Bexley and Greenwich,G-T,Services,2001,4875
TLG31,Birmingham,A-F,Goods,2001,3645
TLG31,Birmingham,G-T,Services,2001,11637
TLD41,Blackburn with Darwen,A-F,Goods,2001,542
TLD41,Blackburn with Darwen,G-T,Services,2001,1090
TLD42,Blackpool,A-F,Goods,2001,211
TLD42,Blackpool,G-T,Services,2001,1192
TLK24,"Bournemouth, Christchurch and Poole",A-F,Goods,2001,1038
TLK24,"Bournemouth, Christchurch and Poole",G-T,Services,2001,4606
TLE41,Bradford,A-F,Goods,2001,1723
TLE41,Bradford,G-T,Services,2001,4044
TLH17,Breckland and South Norfolk,A-F,Goods,2001,946
TLH17,Breckland and South Norfolk,G-T,Services,2001,1917
TLI72,Brent,A-F,Goods,2001,1147
TLI72,Brent,G-T,Services,2001,3612
TLL17,Bridgend and Neath Port Talbot,A-F,Goods,2001,1156
TLL17,Bridgend and Neath Port Talbot,G-T,Services,2001,1962
TLJ21,Brighton and Hove,A-F,Goods,2001,416
TLJ21,Brighton and Hove,G-T,Services,2001,3607
TLK11,"Bristol, City of",A-F,Goods,2001,1172
TLK11,"Bristol, City of",G-T,Services,2001,6465
TLI61,Bromley,A-F,Goods,2001,724
TLI61,Bromley,G-T,Services,2001,4186
TLJ13,Buckinghamshire CC,A-F,Goods,2001,2060
TLJ13,Buckinghamshire CC,G-T,Services,2001,7353
TLM61,"Caithness and Sutherland, and Ross and Cromarty",A-F,Goods,2001,332
TLM61,"Caithness and Sutherland, and Ross and Cromarty",G-T,Services,2001,784
TLE44,Calderdale and Kirklees,A-F,Goods,2001,2281
TLE44,Calderdale and Kirklees,G-T,Services,2001,4448
TLH12,Cambridgeshire CC,A-F,Goods,2001,2718
TLH12,Cambridgeshire CC,G-T,Services,2001,7536
TLI31,Camden and City of London,A-F,Goods,2001,1548
TLI31,Camden and City of London,G-T,Services,2001,37817
TLL22,Cardiff and Vale of Glamorgan,A-F,Goods,2001,1544
TLL22,Cardiff and Vale of Glamorgan,G-T,Services,2001,5824
TLN0C,Causeway Coast and Glens,A-F,Goods,2001,417
TLN0C,Causeway Coast and Glens,G-T,Services,2001,916
TLH25,Central Bedfordshire,A-F,Goods,2001,925
TLH25,Central Bedfordshire,G-T,Services,2001,2387
TLJ36,Central Hampshire,A-F,Goods,2001,2225
TLJ36,Central Hampshire,G-T,Services,2001,6761
TLL15,Central Valleys,A-F,Goods,2001,858
TLL15,Central Valleys,G-T,Services,2001,1889
TLD62,Cheshire East,A-F,Goods,2001,3175
TLD62,Cheshire East,G-T,Services,2001,4362
TLD63,Cheshire West and Chester,A-F,Goods,2001,1717
TLD63,Cheshire West and Chester,G-T,Services,2001,4008
TLD47,Chorley and West Lancashire,A-F,Goods,2001,650
TLD47,Chorley and West Lancashire,G-T,Services,2001,1812
TLM75,City of Edinburgh,A-F,Goods,2001,1656
TLM75,City of Edinburgh,G-T,Services,2001,9720
TLM72,Clackmannanshire and Fife,A-F,Goods,2001,1838
TLM72,Clackmannanshire and Fife,G-T,Services,2001,2737
TLL13,Conwy and Denbighshire,A-F,Goods,2001,444
TLL13,Conwy and Denbighshire,G-T,Services,2001,1576
TLK30,Cornwall and Isles of Scilly,A-F,Goods,2001,1378
TLK30,Cornwall and Isles of Scilly,G-T,Services,2001,4289
TLG33,Coventry,A-F,Goods,2001,1401
TLG33,Coventry,G-T,Services,2001,4040
TLI62,Croydon,A-F,Goods,2001,630
TLI62,Croydon,G-T,Services,2001,5074
TLC13,Darlington,A-F,Goods,2001,452
TLC13,Darlington,G-T,Services,2001,1323
TLF11,Derby,A-F,Goods,2001,1839
TLF11,Derby,G-T,Services,2001,2552
TLN0A,Derry City and Strabane,A-F,Goods,2001,395
TLN0A,Derry City and Strabane,G-T,Services,2001,1066
TLK43,Devon CC,A-F,Goods,2001,2611
TLK43,Devon CC,G-T,Services,2001,7122
TLK25,Dorset,A-F,Goods,2001,1356
TLK25,Dorset,G-T,Services,2001,3407
TLG36,Dudley,A-F,Goods,2001,1249
TLG36,Dudley,G-T,Services,2001,2306
TLM92,Dumfries and Galloway,A-F,Goods,2001,767
TLM92,Dumfries and Galloway,G-T,Services,2001,1428
TLC14,Durham CC,A-F,Goods,2001,1799
TLC14,Durham CC,G-T,Services,2001,3339
TLI73,Ealing,A-F,Goods,2001,1132
TLI73,Ealing,G-T,Services,2001,4326
TLM93,East Ayrshire and North Ayrshire mainland,A-F,Goods,2001,918
TLM93,East Ayrshire and North Ayrshire mainland,G-T,Services,2001,1649
TLD12,East Cumbria,A-F,Goods,2001,1081
TLD12,East Cumbria,G-T,Services,2001,2815
TLF12,East Derbyshire,A-F,Goods,2001,1000
TLF12,East Derbyshire,G-T,Services,2001,2175
TLM81,"East Dunbartonshire, West Dunbartonshire, and Helensburgh and Lomond",A-F,Goods,2001,414
TLM81,"East Dunbartonshire, West Dunbartonshire, and Helensburgh and Lomond",G-T,Services,2001,1725
TLJ44,East Kent,A-F,Goods,2001,1022
TLJ44,East Kent,G-T,Services,2001,4853
TLD46,East Lancashire,A-F,Goods,2001,1664
TLD46,East Lancashire,G-T,Services,2001,2107
TLM73,East Lothian and Midlothian,A-F,Goods,2001,429
TLM73,East Lothian and Midlothian,G-T,Services,2001,1144
TLD71,East Merseyside,A-F,Goods,2001,2148
TLD71,East Merseyside,G-T,Services,2001,4051
TLE12,East Riding of Yorkshire,A-F,Goods,2001,1540
TLE12,East Riding of Yorkshire,G-T,Services,2001,2521
TLJ26,East Surrey,A-F,Goods,2001,1122
TLJ26,East Surrey,G-T,Services,2001,8046
TLJ22,East Sussex CC,A-F,Goods,2001,1175
TLJ22,East Sussex CC,G-T,Services,2001,4138
TLI54,Enfield,A-F,Goods,2001,973
TLI54,Enfield,G-T,Services,2001,3285
TLH34,Essex Haven Gateway,A-F,Goods,2001,1281
TLH34,Essex Haven Gateway,G-T,Services,2001,3988
TLH37,Essex Thames Gateway,A-F,Goods,2001,1768
TLH37,Essex Thames Gateway,G-T,Services,2001,2866
TLM76,Falkirk,A-F,Goods,2001,778
TLM76,Falkirk,G-T,Services,2001,1415
TLN0G,Fermanagh and Omagh,A-F,Goods,2001,416
TLN0G,Fermanagh and Omagh,G-T,Services,2001,828
TLL23,Flintshire and Wrexham,A-F,Goods,2001,1953
TLL23,Flintshire and Wrexham,G-T,Services,2001,2165
TLM82,Glasgow City,A-F,Goods,2001,2166
TLM82,Glasgow City,G-T,Services,2001,10023
TLK13,Gloucestershire CC,A-F,Goods,2001,3091
TLK13,Gloucestershire CC,G-T,Services,2001,7240
TLD37,Greater Manchester North East,A-F,Goods,2001,1988
TLD37,Greater Manchester North East,G-T,Services,2001,4465
TLD36,Greater Manchester North West,A-F,Goods,2001,2016
TLD36,Greater Manchester North West,G-T,Services,2001,4269
TLD35,Greater Manchester South East,A-F,Goods,2001,1758
TLD35,Greater Manchester South East,G-T,Services,2001,4460
TLD34,Greater Manchester South West,A-F,Goods,2001,2416
TLD34,Greater Manchester South West,G-T,Services,2001,6288
TLL16,Gwent Valleys,A-F,Goods,2001,1235
TLL16,Gwent Valleys,G-T,Services,2001,1886
TLL12,Gwynedd,A-F,Goods,2001,419
TLL12,Gwynedd,G-T,Services,2001,986
TLI41,Hackney and Newham,A-F,Goods,2001,1158
TLI41,Hackney and Newham,G-T,Services,2001,4996
TLI43,Haringey and Islington,A-F,Goods,2001,1067
TLI43,Haringey and Islington,G-T,Services,2001,9937
TLI74,Harrow and Hillingdon,A-F,Goods,2001,1513
TLI74,Harrow and Hillingdon,G-T,Services,2001,11050
TLC11,Hartlepool and Stockton-on-Tees,A-F,Goods,2001,1201
TLC11,Hartlepool and Stockton-on-Tees,G-T,Services,2001,2385
TLH36,Heart of Essex,A-F,Goods,2001,1364
TLH36,Heart of Essex,G-T,Services,2001,3829
TLG11,"Herefordshire, County of",A-F,Goods,2001,891
TLG11,"Herefordshire, County of",G-T,Services,2001,1513
TLH23,Hertfordshire CC,A-F,Goods,2001,4968
TLH23,Hertfordshire CC,G-T,Services,2001,16697
TLI75,Hounslow and Richmond upon Thames,A-F,Goods,2001,1096
TLI75,Hounslow and Richmond upon Thames,G-T,Services,2001,10288
TLM83,"Inverclyde, East Renfrewshire, and Renfrewshire",A-F,Goods,2001,1111
TLM83,"Inverclyde, East Renfrewshire, and Renfrewshire",G-T,Services,2001,2966
TLM62,"Inverness and Nairn, Moray, Badenoch and Strathspey",A-F,Goods,2001,738
TLM62,"Inverness and Nairn, Moray, Badenoch and Strathspey",G-T,Services,2001,1870
TLL11,Isle of Anglesey,A-F,Goods,2001,184
TLL11,Isle of Anglesey,G-T,Services,2001,447
TLJ34,Isle of Wight,A-F,Goods,2001,286
TLJ34,Isle of Wight,G-T,Services,2001,1057
TLI33,Kensington & Chelsea and Hammersmith & Fulham,A-F,Goods,2001,528
TLI33,Kensington & Chelsea and Hammersmith & Fulham,G-T,Services,2001,8484
TLJ43,Kent Thames Gateway,A-F,Goods,2001,1716
TLJ43,Kent Thames Gateway,G-T,Services,2001,2853
TLE11,"Kingston upon Hull, City of",A-F,Goods,2001,1239
TLE11,"Kingston upon Hull, City of",G-T,Services,2001,2234
TLI45,Lambeth,A-F,Goods,2001,481
TLI45,Lambeth,G-T,Services,2001,5438
TLD44,Lancaster and Wyre,A-F,Goods,2001,631
TLD44,Lancaster and Wyre,G-T,Services,2001,1817
TLE42,Leeds,A-F,Goods,2001,2953
TLE42,Leeds,G-T,Services,2001,11125
TLF21,Leicester,A-F,Goods,2001,1166
TLF21,Leicester,G-T,Services,2001,3083
TLF22,Leicestershire CC and Rutland,A-F,Goods,2001,3528
TLF22,Leicestershire CC and Rutland,G-T,Services,2001,6234
TLI44,Lewisham and Southwark,A-F,Goods,2001,842
TLI44,Lewisham and Southwark,G-T,Services,2001,9359
TLF30,Lincolnshire CC,A-F,Goods,2001,3207
TLF30,Lincolnshire CC,G-T,Services,2001,5615
TLN0E,Lisburn and Castlereagh,A-F,Goods,2001,440
TLN0E,Lisburn and Castlereagh,G-T,Services,2001,1303
TLD72,Liverpool,A-F,Goods,2001,1227
TLD72,Liverpool,G-T,Services,2001,5867
TLM63,"Lochaber, Skye and Lochalsh, Arran and Cumbrae, and Argyll and Bute",A-F,Goods,2001,382
TLM63,"Lochaber, Skye and Lochalsh, Arran and Cumbrae, and Argyll and Bute",G-T,Services,2001,973
TLH21,Luton,A-F,Goods,2001,860
TLH21,Luton,G-T,Services,2001,2501
TLD33,Manchester,A-F,Goods,2001,1128
TLD33,Manchester,G-T,Services,2001,9181
TLJ41,Medway,A-F,Goods,2001,778
TLJ41,Medway,G-T,Services,2001,2047
TLI63,"Merton, Kingston upon Thames and Sutton",A-F,Goods,2001,1482
TLI63,"Merton, Kingston upon Thames and Sutton",G-T,Services,2001,7909
TLJ45,Mid Kent,A-F,Goods,2001,1047
TLJ45,Mid Kent,G-T,Services,2001,2876
TLD45,Mid Lancashire,A-F,Goods,2001,3249
TLD45,Mid Lancashire,G-T,Services,2001,4513
TLN0B,Mid Ulster,A-F,Goods,2001,929
TLN0B,Mid Ulster,G-T,Services,2001,913
TLN0F,Mid and East Antrim,A-F,Goods,2001,1254
TLN0F,Mid and East Antrim,G-T,Services,2001,864
TLJ12,Milton Keynes,A-F,Goods,2001,995
TLJ12,Milton Keynes,G-T,Services,2001,5083
TLL21,Monmouthshire and Newport,A-F,Goods,2001,970
TLL21,Monmouthshire and Newport,G-T,Services,2001,2460
TLM64,Na h-Eileanan Siar,A-F,Goods,2001,54
TLM64,Na h-Eileanan Siar,G-T,Services,2001,246
TLN08,"Newry, Mourne and Down",A-F,Goods,2001,468
TLN08,"Newry, Mourne and Down",G-T,Services,2001,1101
TLJ37,North Hampshire,A-F,Goods,2001,1774
TLJ37,North Hampshire,G-T,Services,2001,6378
TLM84,North Lanarkshire,A-F,Goods,2001,1418
TLM84,North Lanarkshire,G-T,Services,2001,2740
TLF25,North Northamptonshire,A-F,Goods,2001,1494
TLF25,North Northamptonshire,G-T,Services,2001,2467
TLF15,North Nottinghamshire,A-F,Goods,2001,2029
TLF15,North Nottinghamshire,G-T,Services,2001,3310
TLE22,North Yorkshire CC,A-F,Goods,2001,2435
TLE22,North Yorkshire CC,G-T,Services,2001,5858
TLE13,North and North East Lincolnshire,A-F,Goods,2001,1663
TLE13,North and North East Lincolnshire,G-T,Services,2001,2702
TLH16,North and West Norfolk,A-F,Goods,2001,1111
TLH16,North and West Norfolk,G-T,Services,2001,1757
TLC21,Northumberland,A-F,Goods,2001,1067
TLC21,Northumberland,G-T,Services,2001,2119
TLH15,Norwich and East Norfolk,A-F,Goods,2001,967
TLH15,Norwich and East Norfolk,G-T,Services,2001,3647
TLF14,Nottingham,A-F,Goods,2001,1137
TLF14,Nottingham,G-T,Services,2001,3973
TLM65,Orkney Islands,A-F,Goods,2001,72
TLM65,Orkney Islands,G-T,Services,2001,253
TLJ14,Oxfordshire CC,A-F,Goods,2001,2887
TLJ14,Oxfordshire CC,G-T,Services,2001,9307
TLM77,"Perth and Kinross, and Stirling",A-F,Goods,2001,991
TLM77,"Perth and Kinross, and Stirling",G-T,Services,2001,2519
TLH11,Peterborough,A-F,Goods,2001,886
TLH11,Peterborough,G-T,Services,2001,2684
TLK41,Plymouth,A-F,Goods,2001,926
TLK41,Plymouth,G-T,Services,2001,2218
TLJ31,Portsmouth,A-F,Goods,2001,626
TLJ31,Portsmouth,G-T,Services,2001,2570
TLL24,Powys,A-F,Goods,2001,392
TLL24,Powys,G-T,Services,2001,1018
TLI53,Redbridge and Waltham Forest,A-F,Goods,2001,711
TLI53,Redbridge and Waltham Forest,G-T,Services,2001,4575
TLG37,Sandwell,A-F,Goods,2001,1655
TLG37,Sandwell,G-T,Services,2001,2176
TLM91,Scottish Borders,A-F,Goods,2001,531
TLM91,Scottish Borders,G-T,Services,2001,874
TLD73,Sefton,A-F,Goods,2001,371
TLD73,Sefton,G-T,Services,2001,2139
TLE32,Sheffield,A-F,Goods,2001,1681
TLE32,Sheffield,G-T,Services,2001,5825
TLM66,Shetland Islands,A-F,Goods,2001,139
TLM66,Shetland Islands,G-T,Services,2001,270
TLG22,Shropshire CC,A-F,Goods,2001,1063
TLG22,Shropshire CC,G-T,Services,2001,2576
TLG32,Solihull,A-F,Goods,2001,1820
TLG32,Solihull,G-T,Services,2001,2876
TLK23,Somerset CC,A-F,Goods,2001,2181
TLK23,Somerset CC,G-T,Services,2001,4748
TLM94,South Ayrshire,A-F,Goods,2001,467
TLM94,South Ayrshire,G-T,Services,2001,1098
TLJ35,South Hampshire,A-F,Goods,2001,1757
TLJ35,South Hampshire,G-T,Services,2001,4483
TLM95,South Lanarkshire,A-F,Goods,2001,1288
TLM95,South Lanarkshire,G-T,Services,2001,2509
TLF16,South Nottinghamshire,A-F,Goods,2001,926
TLF16,South Nottinghamshire,G-T,Services,2001,2719
TLC12,South Teesside,A-F,Goods,2001,776
TLC12,South Teesside,G-T,Services,2001,2089
TLL14,South West Wales,A-F,Goods,2001,1224
TLL14,South West Wales,G-T,Services,2001,2665
TLF13,South and West Derbyshire,A-F,Goods,2001,2349
TLF13,South and West Derbyshire,G-T,Services,2001,3331
TLJ32,Southampton,A-F,Goods,2001,513
TLJ32,Southampton,G-T,Services,2001,3197
TLH31,Southend-on-Sea,A-F,Goods,2001,378
TLH31,Southend-on-Sea,G-T,Services,2001,1384
TLG24,Staffordshire CC,A-F,Goods,2001,3610
TLG24,Staffordshire CC,G-T,Services,2001,7010
TLG23,Stoke-on-Trent,A-F,Goods,2001,966
TLG23,Stoke-on-Trent,G-T,Services,2001,1968
TLH14,Suffolk CC,A-F,Goods,2001,2966
TLH14,Suffolk CC,G-T,Services,2001,7655
TLC23,Sunderland,A-F,Goods,2001,1330
TLC23,Sunderland,G-T,Services,2001,2423
TLL18,Swansea,A-F,Goods,2001,574
TLL18,Swansea,G-T,Services,2001,2321
TLK14,Swindon,A-F,Goods,2001,1516
TLK14,Swindon,G-T,Services,2001,3158
TLG21,Telford and Wrekin,A-F,Goods,2001,784
TLG21,Telford and Wrekin,G-T,Services,2001,1775
TLH32,Thurrock,A-F,Goods,2001,606
TLH32,Thurrock,G-T,Services,2001,1635
TLK42,Torbay,A-F,Goods,2001,180
TLK42,Torbay,G-T,Services,2001,1131
TLI42,Tower Hamlets,A-F,Goods,2001,724
TLI42,Tower Hamlets,G-T,Services,2001,13563
TLC22,Tyneside,A-F,Goods,2001,2439
TLC22,Tyneside,G-T,Services,2001,8647
TLE45,Wakefield,A-F,Goods,2001,1657
TLE45,Wakefield,G-T,Services,2001,2887
TLG38,Walsall,A-F,Goods,2001,916
TLG38,Walsall,G-T,Services,2001,1890
TLI34,Wandsworth,A-F,Goods,2001,395
TLI34,Wandsworth,G-T,Services,2001,3349
TLD61,Warrington,A-F,Goods,2001,1301
TLD61,Warrington,G-T,Services,2001,2954
TLG13,Warwickshire CC,A-F,Goods,2001,2565
TLG13,Warwickshire CC,G-T,Services,2001,6396
TLD11,West Cumbria,A-F,Goods,2001,1340
TLD11,West Cumbria,G-T,Services,2001,1494
TLH35,West Essex,A-F,Goods,2001,1145
TLH35,West Essex,G-T,Services,2001,3692
TLJ46,West Kent,A-F,Goods,2001,1356
TLJ46,West Kent,G-T,Services,2001,4753
TLM78,West Lothian,A-F,Goods,2001,888
TLM78,West Lothian,G-T,Services,2001,1593
TLF24,West Northamptonshire,A-F,Goods,2001,1633
TLF24,West Northamptonshire,G-T,Services,2001,4385
TLJ25,West Surrey,A-F,Goods,2001,2888
TLJ25,West Surrey,G-T,Services,2001,14037
TLJ28,West Sussex (North East),A-F,Goods,2001,1511
TLJ28,West Sussex (North East),G-T,Services,2001,5688
TLJ27,West Sussex (South West),A-F,Goods,2001,1620
TLJ27,West Sussex (South West),G-T,Services,2001,4151
TLI32,Westminster,A-F,Goods,2001,1538
TLI32,Westminster,G-T,Services,2001,29567
TLK15,Wiltshire,A-F,Goods,2001,1520
TLK15,Wiltshire,G-T,Services,2001,5412
TLD74,Wirral,A-F,Goods,2001,750
TLD74,Wirral,G-T,Services,2001,2264
TLG39,Wolverhampton,A-F,Goods,2001,1217
TLG39,Wolverhampton,G-T,Services,2001,2159
TLG12,Worcestershire CC,A-F,Goods,2001,2079
TLG12,Worcestershire CC,G-T,Services,2001,5565
TLE21,York,A-F,Goods,2001,829
TLE21,York,G-T,Services,2001,2941
TLM50,Aberdeen City and Aberdeenshire,A-F,Goods,2002,3237
TLM50,Aberdeen City and Aberdeenshire,G-T,Services,2002,6227
TLM71,Angus and Dundee City,A-F,Goods,2002,907
TLM71,Angus and Dundee City,G-T,Services,2002,2433
TLN0D,Antrim and Newtownabbey,A-F,Goods,2002,639
TLN0D,Antrim and Newtownabbey,G-T,Services,2002,1342
TLN09,Ards and North Down,A-F,Goods,2002,285
TLN09,Ards and North Down,G-T,Services,2002,1012
TLN07,"Armagh City, Banbridge and Craigavon",A-F,Goods,2002,699
TLN07,"Armagh City, Banbridge and Craigavon",G-T,Services,2002,1336
TLI52,Barking & Dagenham and Havering,A-F,Goods,2002,1546
TLI52,Barking & Dagenham and Havering,G-T,Services,2002,4162
TLI71,Barnet,A-F,Goods,2002,778
TLI71,Barnet,G-T,Services,2002,4236
TLE31,"Barnsley, Doncaster and Rotherham",A-F,Goods,2002,2806
TLE31,"Barnsley, Doncaster and Rotherham",G-T,Services,2002,5288
TLK12,"Bath and North East Somerset, North Somerset and South Gloucestershire",A-F,Goods,2002,3357
TLK12,"Bath and North East Somerset, North Somerset and South Gloucestershire",G-T,Services,2002,8193
TLH24,Bedford,A-F,Goods,2002,603
TLH24,Bedford,G-T,Services,2002,1861
TLN06,Belfast,A-F,Goods,2002,1123
TLN06,Belfast,G-T,Services,2002,5977
TLJ11,Berkshire,A-F,Goods,2002,4408
TLJ11,Berkshire,G-T,Services,2002,20520
TLI51,Bexley and Greenwich,A-F,Goods,2002,1569
TLI51,Bexley and Greenwich,G-T,Services,2002,5145
TLG31,Birmingham,A-F,Goods,2002,3760
TLG31,Birmingham,G-T,Services,2002,12137
TLD41,Blackburn with Darwen,A-F,Goods,2002,562
TLD41,Blackburn with Darwen,G-T,Services,2002,1151
TLD42,Blackpool,A-F,Goods,2002,221
TLD42,Blackpool,G-T,Services,2002,1259
TLK24,"Bournemouth, Christchurch and Poole",A-F,Goods,2002,1112
TLK24,"Bournemouth, Christchurch and Poole",G-T,Services,2002,4665
TLE41,Bradford,A-F,Goods,2002,1754
TLE41,Bradford,G-T,Services,2002,4201
TLH17,Breckland and South Norfolk,A-F,Goods,2002,1011
TLH17,Breckland and South Norfolk,G-T,Services,2002,1999
TLI72,Brent,A-F,Goods,2002,1171
TLI72,Brent,G-T,Services,2002,3746
TLL17,Bridgend and Neath Port Talbot,A-F,Goods,2002,1193
TLL17,Bridgend and Neath Port Talbot,G-T,Services,2002,2024
TLJ21,Brighton and Hove,A-F,Goods,2002,462
TLJ21,Brighton and Hove,G-T,Services,2002,3726
TLK11,"Bristol, City of",A-F,Goods,2002,1257
TLK11,"Bristol, City of",G-T,Services,2002,6715
TLI61,Bromley,A-F,Goods,2002,760
TLI61,Bromley,G-T,Services,2002,4413
TLJ13,Buckinghamshire CC,A-F,Goods,2002,2178
TLJ13,Buckinghamshire CC,G-T,Services,2002,7519
TLM61,"Caithness and Sutherland, and Ross and Cromarty",A-F,Goods,2002,354
TLM61,"Caithness and Sutherland, and Ross and Cromarty",G-T,Services,2002,796
TLE44,Calderdale and Kirklees,A-F,Goods,2002,2298
TLE44,Calderdale and Kirklees,G-T,Services,2002,4569
TLH12,Cambridgeshire CC,A-F,Goods,2002,2935
TLH12,Cambridgeshire CC,G-T,Services,2002,7874
TLI31,Camden and City of London,A-F,Goods,2002,1515
TLI31,Camden and City of London,G-T,Services,2002,39668
TLL22,Cardiff and Vale of Glamorgan,A-F,Goods,2002,1628
TLL22,Cardiff and Vale of Glamorgan,G-T,Services,2002,6186
TLN0C,Causeway Coast and Glens,A-F,Goods,2002,428
TLN0C,Causeway Coast and Glens,G-T,Services,2002,945
TLH25,Central Bedfordshire,A-F,Goods,2002,997
TLH25,Central Bedfordshire,G-T,Services,2002,2472
TLJ36,Central Hampshire,A-F,Goods,2002,2246
TLJ36,Central Hampshire,G-T,Services,2002,6976
TLL15,Central Valleys,A-F,Goods,2002,935
TLL15,Central Valleys,G-T,Services,2002,1990
TLD62,Cheshire East,A-F,Goods,2002,3162
TLD62,Cheshire East,G-T,Services,2002,4602
TLD63,Cheshire West and Chester,A-F,Goods,2002,1476
TLD63,Cheshire West and Chester,G-T,Services,2002,4353
TLD47,Chorley and West Lancashire,A-F,Goods,2002,686
TLD47,Chorley and West Lancashire,G-T,Services,2002,1935
TLM75,City of Edinburgh,A-F,Goods,2002,1680
TLM75,City of Edinburgh,G-T,Services,2002,10538
TLM72,Clackmannanshire and Fife,A-F,Goods,2002,1880
TLM72,Clackmannanshire and Fife,G-T,Services,2002,2886
TLL13,Conwy and Denbighshire,A-F,Goods,2002,486
TLL13,Conwy and Denbighshire,G-T,Services,2002,1678
TLK30,Cornwall and Isles of Scilly,A-F,Goods,2002,1548
TLK30,Cornwall and Isles of Scilly,G-T,Services,2002,4574
TLG33,Coventry,A-F,Goods,2002,1318
TLG33,Coventry,G-T,Services,2002,4208
TLI62,Croydon,A-F,Goods,2002,631
TLI62,Croydon,G-T,Services,2002,5250
TLC13,Darlington,A-F,Goods,2002,480
TLC13,Darlington,G-T,Services,2002,1417
TLF11,Derby,A-F,Goods,2002,1842
TLF11,Derby,G-T,Services,2002,2793
TLN0A,Derry City and Strabane,A-F,Goods,2002,395
TLN0A,Derry City and Strabane,G-T,Services,2002,1110
TLK43,Devon CC,A-F,Goods,2002,2813
TLK43,Devon CC,G-T,Services,2002,7470
TLK25,Dorset,A-F,Goods,2002,1415
TLK25,Dorset,G-T,Services,2002,3476
TLG36,Dudley,A-F,Goods,2002,1275
TLG36,Dudley,G-T,Services,2002,2387
TLM92,Dumfries and Galloway,A-F,Goods,2002,789
TLM92,Dumfries and Galloway,G-T,Services,2002,1447
TLC14,Durham CC,A-F,Goods,2002,1997
TLC14,Durham CC,G-T,Services,2002,3418
TLI73,Ealing,A-F,Goods,2002,1147
TLI73,Ealing,G-T,Services,2002,4463
TLM93,East Ayrshire and North Ayrshire mainland,A-F,Goods,2002,883
TLM93,East Ayrshire and North Ayrshire mainland,G-T,Services,2002,1693
TLD12,East Cumbria,A-F,Goods,2002,1180
TLD12,East Cumbria,G-T,Services,2002,2971
TLF12,East Derbyshire,A-F,Goods,2002,1055
TLF12,East Derbyshire,G-T,Services,2002,2217
TLM81,"East Dunbartonshire, West Dunbartonshire, and Helensburgh and Lomond",A-F,Goods,2002,429
TLM81,"East Dunbartonshire, West Dunbartonshire, and Helensburgh and Lomond",G-T,Services,2002,1769
TLJ44,East Kent,A-F,Goods,2002,1079
TLJ44,East Kent,G-T,Services,2002,4951
TLD46,East Lancashire,A-F,Goods,2002,1709
TLD46,East Lancashire,G-T,Services,2002,2182
TLM73,East Lothian and Midlothian,A-F,Goods,2002,449
TLM73,East Lothian and Midlothian,G-T,Services,2002,1206
TLD71,East Merseyside,A-F,Goods,2002,2183
TLD71,East Merseyside,G-T,Services,2002,4275
TLE12,East Riding of Yorkshire,A-F,Goods,2002,1660
TLE12,East Riding of Yorkshire,G-T,Services,2002,2722
TLJ26,East Surrey,A-F,Goods,2002,1287
TLJ26,East Surrey,G-T,Services,2002,8157
TLJ22,East Sussex CC,A-F,Goods,2002,1237
TLJ22,East Sussex CC,G-T,Services,2002,4310
TLI54,Enfield,A-F,Goods,2002,1007
TLI54,Enfield,G-T,Services,2002,3425
TLH34,Essex Haven Gateway,A-F,Goods,2002,1273
TLH34,Essex Haven Gateway,G-T,Services,2002,4101
TLH37,Essex Thames Gateway,A-F,Goods,2002,1748
TLH37,Essex Thames Gateway,G-T,Services,2002,2993
TLM76,Falkirk,A-F,Goods,2002,787
TLM76,Falkirk,G-T,Services,2002,1481
TLN0G,Fermanagh and Omagh,A-F,Goods,2002,433
TLN0G,Fermanagh and Omagh,G-T,Services,2002,855
TLL23,Flintshire and Wrexham,A-F,Goods,2002,1935
TLL23,Flintshire and Wrexham,G-T,Services,2002,2239
TLM82,Glasgow City,A-F,Goods,2002,2252
TLM82,Glasgow City,G-T,Services,2002,10183
TLK13,Gloucestershire CC,A-F,Goods,2002,3228
TLK13,Gloucestershire CC,G-T,Services,2002,7398
TLD37,Greater Manchester North East,A-F,Goods,2002,1990
TLD37,Greater Manchester North East,G-T,Services,2002,4747
TLD36,Greater Manchester North West,A-F,Goods,2002,2030
TLD36,Greater Manchester North West,G-T,Services,2002,4453
TLD35,Greater Manchester South East,A-F,Goods,2002,1765
TLD35,Greater Manchester South East,G-T,Services,2002,4704
TLD34,Greater Manchester South West,A-F,Goods,2002,2492
TLD34,Greater Manchester South West,G-T,Services,2002,6625
TLL16,Gwent Valleys,A-F,Goods,2002,1261
TLL16,Gwent Valleys,G-T,Services,2002,1968
TLL12,Gwynedd,A-F,Goods,2002,492
TLL12,Gwynedd,G-T,Services,2002,1027
TLI41,Hackney and Newham,A-F,Goods,2002,1158
TLI41,Hackney and Newham,G-T,Services,2002,5239
TLI43,Haringey and Islington,A-F,Goods,2002,1041
TLI43,Haringey and Islington,G-T,Services,2002,10364
TLI74,Harrow and Hillingdon,A-F,Goods,2002,1545
TLI74,Harrow and Hillingdon,G-T,Services,2002,11314
TLC11,Hartlepool and Stockton-on-Tees,A-F,Goods,2002,1286
TLC11,Hartlepool and Stockton-on-Tees,G-T,Services,2002,2498
TLH36,Heart of Essex,A-F,Goods,2002,1453
TLH36,Heart of Essex,G-T,Services,2002,3875
TLG11,"Herefordshire, County of",A-F,Goods,2002,941
TLG11,"Herefordshire, County of",G-T,Services,2002,1591
TLH23,Hertfordshire CC,A-F,Goods,2002,5193
TLH23,Hertfordshire CC,G-T,Services,2002,17198
TLI75,Hounslow and Richmond upon Thames,A-F,Goods,2002,1119
TLI75,Hounslow and Richmond upon Thames,G-T,Services,2002,10608
TLM83,"Inverclyde, East Renfrewshire, and Renfrewshire",A-F,Goods,2002,1144
TLM83,"Inverclyde, East Renfrewshire, and Renfrewshire",G-T,Services,2002,3078
TLM62,"Inverness and Nairn, Moray, Badenoch and Strathspey",A-F,Goods,2002,791
TLM62,"Inverness and Nairn, Moray, Badenoch and Strathspey",G-T,Services,2002,1872
TLL11,Isle of Anglesey,A-F,Goods,2002,199
TLL11,Isle of Anglesey,G-T,Services,2002,456
TLJ34,Isle of Wight,A-F,Goods,2002,301
TLJ34,Isle of Wight,G-T,Services,2002,1147
TLI33,Kensington & Chelsea and Hammersmith & Fulham,A-F,Goods,2002,530
TLI33,Kensington & Chelsea and Hammersmith & Fulham,G-T,Services,2002,8799
TLJ43,Kent Thames Gateway,A-F,Goods,2002,1832
TLJ43,Kent Thames Gateway,G-T,Services,2002,3058
TLE11,"Kingston upon Hull, City of",A-F,Goods,2002,1333
TLE11,"Kingston upon Hull, City of",G-T,Services,2002,2383
TLI45,Lambeth,A-F,Goods,2002,483
TLI45,Lambeth,G-T,Services,2002,5524
TLD44,Lancaster and Wyre,A-F,Goods,2002,680
TLD44,Lancaster and Wyre,G-T,Services,2002,1928
TLE42,Leeds,A-F,Goods,2002,2985
TLE42,Leeds,G-T,Services,2002,11793
TLF21,Leicester,A-F,Goods,2002,1142
TLF21,Leicester,G-T,Services,2002,3224
TLF22,Leicestershire CC and Rutland,A-F,Goods,2002,3719
TLF22,Leicestershire CC and Rutland,G-T,Services,2002,6439
TLI44,Lewisham and Southwark,A-F,Goods,2002,831
TLI44,Lewisham and Southwark,G-T,Services,2002,9737
TLF30,Lincolnshire CC,A-F,Goods,2002,3411
TLF30,Lincolnshire CC,G-T,Services,2002,5878
TLN0E,Lisburn and Castlereagh,A-F,Goods,2002,434
TLN0E,Lisburn and Castlereagh,G-T,Services,2002,1354
TLD72,Liverpool,A-F,Goods,2002,1318
TLD72,Liverpool,G-T,Services,2002,6195
TLM63,"Lochaber, Skye and Lochalsh, Arran and Cumbrae, and Argyll and Bute",A-F,Goods,2002,411
TLM63,"Lochaber, Skye and Lochalsh, Arran and Cumbrae, and Argyll and Bute",G-T,Services,2002,968
TLH21,Luton,A-F,Goods,2002,836
TLH21,Luton,G-T,Services,2002,2613
TLD33,Manchester,A-F,Goods,2002,1106
TLD33,Manchester,G-T,Services,2002,9841
TLJ41,Medway,A-F,Goods,2002,819
TLJ41,Medway,G-T,Services,2002,2162
TLI63,"Merton, Kingston upon Thames and Sutton",A-F,Goods,2002,1437
TLI63,"Merton, Kingston upon Thames and Sutton",G-T,Services,2002,8185
TLJ45,Mid Kent,A-F,Goods,2002,1083
TLJ45,Mid Kent,G-T,Services,2002,3023
TLD45,Mid Lancashire,A-F,Goods,2002,3347
TLD45,Mid Lancashire,G-T,Services,2002,4750
TLN0B,Mid Ulster,A-F,Goods,2002,939
TLN0B,Mid Ulster,G-T,Services,2002,939
TLN0F,Mid and East Antrim,A-F,Goods,2002,1302
TLN0F,Mid and East Antrim,G-T,Services,2002,880
TLJ12,Milton Keynes,A-F,Goods,2002,1023
TLJ12,Milton Keynes,G-T,Services,2002,5515
TLL21,Monmouthshire and Newport,A-F,Goods,2002,975
TLL21,Monmouthshire and Newport,G-T,Services,2002,2565
TLM64,Na h-Eileanan Siar,A-F,Goods,2002,55
TLM64,Na h-Eileanan Siar,G-T,Services,2002,246
TLN08,"Newry, Mourne and Down",A-F,Goods,2002,485
TLN08,"Newry, Mourne and Down",G-T,Services,2002,1133
TLJ37,North Hampshire,A-F,Goods,2002,1953
TLJ37,North Hampshire,G-T,Services,2002,6737
TLM84,North Lanarkshire,A-F,Goods,2002,1459
TLM84,North Lanarkshire,G-T,Services,2002,2858
TLF25,North Northamptonshire,A-F,Goods,2002,1485
TLF25,North Northamptonshire,G-T,Services,2002,2508
TLF15,North Nottinghamshire,A-F,Goods,2002,2156
TLF15,North Nottinghamshire,G-T,Services,2002,3406
TLE22,North Yorkshire CC,A-F,Goods,2002,2679
TLE22,North Yorkshire CC,G-T,Services,2002,6378
TLE13,North and North East Lincolnshire,A-F,Goods,2002,1665
TLE13,North and North East Lincolnshire,G-T,Services,2002,2836
TLH16,North and West Norfolk,A-F,Goods,2002,1172
TLH16,North and West Norfolk,G-T,Services,2002,1841
TLC21,Northumberland,A-F,Goods,2002,1220
TLC21,Northumberland,G-T,Services,2002,2218
TLH15,Norwich and East Norfolk,A-F,Goods,2002,1025
TLH15,Norwich and East Norfolk,G-T,Services,2002,3829
TLF14,Nottingham,A-F,Goods,2002,1203
TLF14,Nottingham,G-T,Services,2002,4206
TLM65,Orkney Islands,A-F,Goods,2002,78
TLM65,Orkney Islands,G-T,Services,2002,248
TLJ14,Oxfordshire CC,A-F,Goods,2002,3151
TLJ14,Oxfordshire CC,G-T,Services,2002,9837
TLM77,"Perth and Kinross, and Stirling",A-F,Goods,2002,1080
TLM77,"Perth and Kinross, and Stirling",G-T,Services,2002,2651
TLH11,Peterborough,A-F,Goods,2002,968
TLH11,Peterborough,G-T,Services,2002,2689
TLK41,Plymouth,A-F,Goods,2002,936
TLK41,Plymouth,G-T,Services,2002,2335
TLJ31,Portsmouth,A-F,Goods,2002,679
TLJ31,Portsmouth,G-T,Services,2002,2713
TLL24,Powys,A-F,Goods,2002,403
TLL24,Powys,G-T,Services,2002,1066
TLI53,Redbridge and Waltham Forest,A-F,Goods,2002,714
TLI53,Redbridge and Waltham Forest,G-T,Services,2002,4836
TLG37,Sandwell,A-F,Goods,2002,1737
TLG37,Sandwell,G-T,Services,2002,2253
TLM91,Scottish Borders,A-F,Goods,2002,551
TLM91,Scottish Borders,G-T,Services,2002,907
TLD73,Sefton,A-F,Goods,2002,392
TLD73,Sefton,G-T,Services,2002,2288
TLE32,Sheffield,A-F,Goods,2002,1832
TLE32,Sheffield,G-T,Services,2002,6186
TLM66,Shetland Islands,A-F,Goods,2002,137
TLM66,Shetland Islands,G-T,Services,2002,278
TLG22,Shropshire CC,A-F,Goods,2002,1139
TLG22,Shropshire CC,G-T,Services,2002,2732
TLG32,Solihull,A-F,Goods,2002,1743
TLG32,Solihull,G-T,Services,2002,3007
TLK23,Somerset CC,A-F,Goods,2002,2309
TLK23,Somerset CC,G-T,Services,2002,4884
TLM94,South Ayrshire,A-F,Goods,2002,491
TLM94,South Ayrshire,G-T,Services,2002,1143
TLJ35,South Hampshire,A-F,Goods,2002,1854
TLJ35,South Hampshire,G-T,Services,2002,4652
TLM95,South Lanarkshire,A-F,Goods,2002,1354
TLM95,South Lanarkshire,G-T,Services,2002,2605
TLF16,South Nottinghamshire,A-F,Goods,2002,998
TLF16,South Nottinghamshire,G-T,Services,2002,2767
TLC12,South Teesside,A-F,Goods,2002,786
TLC12,South Teesside,G-T,Services,2002,2178
TLL14,South West Wales,A-F,Goods,2002,1227
TLL14,South West Wales,G-T,Services,2002,2824
TLF13,South and West Derbyshire,A-F,Goods,2002,2476
TLF13,South and West Derbyshire,G-T,Services,2002,3430
TLJ32,Southampton,A-F,Goods,2002,589
TLJ32,Southampton,G-T,Services,2002,3424
TLH31,Southend-on-Sea,A-F,Goods,2002,386
TLH31,Southend-on-Sea,G-T,Services,2002,1457
TLG24,Staffordshire CC,A-F,Goods,2002,3820
TLG24,Staffordshire CC,G-T,Services,2002,7423
TLG23,Stoke-on-Trent,A-F,Goods,2002,1014
TLG23,Stoke-on-Trent,G-T,Services,2002,2065
TLH14,Suffolk CC,A-F,Goods,2002,3115
TLH14,Suffolk CC,G-T,Services,2002,7979
TLC23,Sunderland,A-F,Goods,2002,1468
TLC23,Sunderland,G-T,Services,2002,2574
TLL18,Swansea,A-F,Goods,2002,628
TLL18,Swansea,G-T,Services,2002,2396
TLK14,Swindon,A-F,Goods,2002,1678
TLK14,Swindon,G-T,Services,2002,3244
TLG21,Telford and Wrekin,A-F,Goods,2002,825
TLG21,Telford and Wrekin,G-T,Services,2002,1806
TLH32,Thurrock,A-F,Goods,2002,577
TLH32,Thurrock,G-T,Services,2002,1691
TLK42,Torbay,A-F,Goods,2002,180
TLK42,Torbay,G-T,Services,2002,1178
TLI42,Tower Hamlets,A-F,Goods,2002,690
TLI42,Tower Hamlets,G-T,Services,2002,14280
TLC22,Tyneside,A-F,Goods,2002,2664
TLC22,Tyneside,G-T,Services,2002,9306
TLE45,Wakefield,A-F,Goods,2002,1663
TLE45,Wakefield,G-T,Services,2002,3034
TLG38,Walsall,A-F,Goods,2002,924
TLG38,Walsall,G-T,Services,2002,1959
TLI34,Wandsworth,A-F,Goods,2002,395
TLI34,Wandsworth,G-T,Services,2002,3517
TLD61,Warrington,A-F,Goods,2002,1289
TLD61,Warrington,G-T,Services,2002,3148
TLG13,Warwickshire CC,A-F,Goods,2002,2533
TLG13,Warwickshire CC,G-T,Services,2002,6734
TLD11,West Cumbria,A-F,Goods,2002,1436
TLD11,West Cumbria,G-T,Services,2002,1563
TLH35,West Essex,A-F,Goods,2002,1208
TLH35,West Essex,G-T,Services,2002,3880
TLJ46,West Kent,A-F,Goods,2002,1450
TLJ46,West Kent,G-T,Services,2002,4884
TLM78,West Lothian,A-F,Goods,2002,911
TLM78,West Lothian,G-T,Services,2002,1706
TLF24,West Northamptonshire,A-F,Goods,2002,1665
TLF24,West Northamptonshire,G-T,Services,2002,4552
TLJ25,West Surrey,A-F,Goods,2002,3104
TLJ25,West Surrey,G-T,Services,2002,14263
TLJ28,West Sussex (North East),A-F,Goods,2002,1678
TLJ28,West Sussex (North East),G-T,Services,2002,5832
TLJ27,West Sussex (South West),A-F,Goods,2002,1876
TLJ27,West Sussex (South West),G-T,Services,2002,4288
TLI32,Westminster,A-F,Goods,2002,1460
TLI32,Westminster,G-T,Services,2002,30865
TLK15,Wiltshire,A-F,Goods,2002,1601
TLK15,Wiltshire,G-T,Services,2002,5599
TLD74,Wirral,A-F,Goods,2002,742
TLD74,Wirral,G-T,Services,2002,2446
TLG39,Wolverhampton,A-F,Goods,2002,1253
TLG39,Wolverhampton,G-T,Services,2002,2258
TLG12,Worcestershire CC,A-F,Goods,2002,2087
TLG12,Worcestershire CC,G-T,Services,2002,5716
TLE21,York,A-F,Goods,2002,901
TLE21,York,G-T,Services,2002,3268
TLM50,Aberdeen City and Aberdeenshire,A-F,Goods,2003,3039
TLM50,Aberdeen City and Aberdeenshire,G-T,Services,2003,6532
TLM71,Angus and Dundee City,A-F,Goods,2003,946
TLM71,Angus and Dundee City,G-T,Services,2003,2611
TLN0D,Antrim and Newtownabbey,A-F,Goods,2003,616
TLN0D,Antrim and Newtownabbey,G-T,Services,2003,1459
TLN09,Ards and North Down,A-F,Goods,2003,305
TLN09,Ards and North Down,G-T,Services,2003,1081
TLN07,"Armagh City, Banbridge and Craigavon",A-F,Goods,2003,750
TLN07,"Armagh City, Banbridge and Craigavon",G-T,Services,2003,1420
TLI52,Barking & Dagenham and Havering,A-F,Goods,2003,1524
TLI52,Barking & Dagenham and Havering,G-T,Services,2003,4464
TLI71,Barnet,A-F,Goods,2003,786
TLI71,Barnet,G-T,Services,2003,4521
TLE31,"Barnsley, Doncaster and Rotherham",A-F,Goods,2003,2922
TLE31,"Barnsley, Doncaster and Rotherham",G-T,Services,2003,5685
TLK12,"Bath and North East Somerset, North Somerset and South Gloucestershire",A-F,Goods,2003,3570
TLK12,"Bath and North East Somerset, North Somerset and South Gloucestershire",G-T,Services,2003,8598
TLH24,Bedford,A-F,Goods,2003,620
TLH24,Bedford,G-T,Services,2003,1975
TLN06,Belfast,A-F,Goods,2003,1211
TLN06,Belfast,G-T,Services,2003,6601
TLJ11,Berkshire,A-F,Goods,2003,4660
TLJ11,Berkshire,G-T,Services,2003,22061
TLI51,Bexley and Greenwich,A-F,Goods,2003,1549
TLI51,Bexley and Greenwich,G-T,Services,2003,5542
TLG31,Birmingham,A-F,Goods,2003,3816
TLG31,Birmingham,G-T,Services,2003,13000
TLD41,Blackburn with Darwen,A-F,Goods,2003,575
TLD41,Blackburn with Darwen,G-T,Services,2003,1274
TLD42,Blackpool,A-F,Goods,2003,227
TLD42,Blackpool,G-T,Services,2003,1382
TLK24,"Bournemouth, Christchurch and Poole",A-F,Goods,2003,1165
TLK24,"Bournemouth, Christchurch and Poole",G-T,Services,2003,5002
TLE41,Bradford,A-F,Goods,2003,1780
TLE41,Bradford,G-T,Services,2003,4494
TLH17,Breckland and South Norfolk,A-F,Goods,2003,1055
TLH17,Breckland and South Norfolk,G-T,Services,2003,2119
TLI72,Brent,A-F,Goods,2003,1099
TLI72,Brent,G-T,Services,2003,3983
TLL17,Bridgend and Neath Port Talbot,A-F,Goods,2003,1229
TLL17,Bridgend and Neath Port Talbot,G-T,Services,2003,2144
TLJ21,Brighton and Hove,A-F,Goods,2003,486
TLJ21,Brighton and Hove,G-T,Services,2003,3863
TLK11,"Bristol, City of",A-F,Goods,2003,1274
TLK11,"Bristol, City of",G-T,Services,2003,7069
TLI61,Bromley,A-F,Goods,2003,785
TLI61,Bromley,G-T,Services,2003,4728
TLJ13,Buckinghamshire CC,A-F,Goods,2003,2209
TLJ13,Buckinghamshire CC,G-T,Services,2003,7961
TLM61,"Caithness and Sutherland, and Ross and Cromarty",A-F,Goods,2003,396
TLM61,"Caithness and Sutherland, and Ross and Cromarty",G-T,Services,2003,884
TLE44,Calderdale and Kirklees,A-F,Goods,2003,2340
TLE44,Calderdale and Kirklees,G-T,Services,2003,4933
TLH12,Cambridgeshire CC,A-F,Goods,2003,2986
TLH12,Cambridgeshire CC,G-T,Services,2003,8344
TLI31,Camden and City of London,A-F,Goods,2003,1466
TLI31,Camden and City of London,G-T,Services,2003,43040
TLL22,Cardiff and Vale of Glamorgan,A-F,Goods,2003,1693
TLL22,Cardiff and Vale of Glamorgan,G-T,Services,2003,6705
TLN0C,Causeway Coast and Glens,A-F,Goods,2003,455
TLN0C,Causeway Coast and Glens,G-T,Services,2003,1036
TLH25,Central Bedfordshire,A-F,Goods,2003,1027
TLH25,Central Bedfordshire,G-T,Services,2003,2576
TLJ36,Central Hampshire,A-F,Goods,2003,2460
TLJ36,Central Hampshire,G-T,Services,2003,7127
TLL15,Central Valleys,A-F,Goods,2003,946
TLL15,Central Valleys,G-T,Services,2003,2119
TLD62,Cheshire East,A-F,Goods,2003,2702
TLD62,Cheshire East,G-T,Services,2003,4771
TLD63,Cheshire West and Chester,A-F,Goods,2003,1606
TLD63,Cheshire West and Chester,G-T,Services,2003,4635
TLD47,Chorley and West Lancashire,A-F,Goods,2003,688
TLD47,Chorley and West Lancashire,G-T,Services,2003,2109
TLM75,City of Edinburgh,A-F,Goods,2003,1661
TLM75,City of Edinburgh,G-T,Services,2003,11599
TLM72,Clackmannanshire and Fife,A-F,Goods,2003,1951
TLM72,Clackmannanshire and Fife,G-T,Services,2003,3065
TLL13,Conwy and Denbighshire,A-F,Goods,2003,499
TLL13,Conwy and Denbighshire,G-T,Services,2003,1799
TLK30,Cornwall and Isles of Scilly,A-F,Goods,2003,1660
TLK30,Cornwall and Isles of Scilly,G-T,Services,2003,4990
TLG33,Coventry,A-F,Goods,2003,1313
TLG33,Coventry,G-T,Services,2003,4458
TLI62,Croydon,A-F,Goods,2003,652
TLI62,Croydon,G-T,Services,2003,5602
TLC13,Darlington,A-F,Goods,2003,496
TLC13,Darlington,G-T,Services,2003,1525
TLF11,Derby,A-F,Goods,2003,1834
TLF11,Derby,G-T,Services,2003,2960
TLN0A,Derry City and Strabane,A-F,Goods,2003,476
TLN0A,Derry City and Strabane,G-T,Services,2003,1216
TLK43,Devon CC,A-F,Goods,2003,2896
TLK43,Devon CC,G-T,Services,2003,7982
TLK25,Dorset,A-F,Goods,2003,1404
TLK25,Dorset,G-T,Services,2003,3627
TLG36,Dudley,A-F,Goods,2003,1288
TLG36,Dudley,G-T,Services,2003,2436
TLM92,Dumfries and Galloway,A-F,Goods,2003,833
TLM92,Dumfries and Galloway,G-T,Services,2003,1542
TLC14,Durham CC,A-F,Goods,2003,2249
TLC14,Durham CC,G-T,Services,2003,3542
TLI73,Ealing,A-F,Goods,2003,1157
TLI73,Ealing,G-T,Services,2003,4733
TLM93,East Ayrshire and North Ayrshire mainland,A-F,Goods,2003,925
TLM93,East Ayrshire and North Ayrshire mainland,G-T,Services,2003,1757
TLD12,East Cumbria,A-F,Goods,2003,1280
TLD12,East Cumbria,G-T,Services,2003,3225
TLF12,East Derbyshire,A-F,Goods,2003,1054
TLF12,East Derbyshire,G-T,Services,2003,2297
TLM81,"East Dunbartonshire, West Dunbartonshire, and Helensburgh and Lomond",A-F,Goods,2003,465
TLM81,"East Dunbartonshire, West Dunbartonshire, and Helensburgh and Lomond",G-T,Services,2003,1854
TLJ44,East Kent,A-F,Goods,2003,1167
TLJ44,East Kent,G-T,Services,2003,5228
TLD46,East Lancashire,A-F,Goods,2003,1744
TLD46,East Lancashire,G-T,Services,2003,2405
TLM73,East Lothian and Midlothian,A-F,Goods,2003,470
TLM73,East Lothian and Midlothian,G-T,Services,2003,1285
TLD71,East Merseyside,A-F,Goods,2003,2423
TLD71,East Merseyside,G-T,Services,2003,4479
TLE12,East Riding of Yorkshire,A-F,Goods,2003,1761
TLE12,East Riding of Yorkshire,G-T,Services,2003,2897
TLJ26,East Surrey,A-F,Goods,2003,1307
TLJ26,East Surrey,G-T,Services,2003,8349
TLJ22,East Sussex CC,A-F,Goods,2003,1221
TLJ22,East Sussex CC,G-T,Services,2003,4553
TLI54,Enfield,A-F,Goods,2003,1071
TLI54,Enfield,G-T,Services,2003,3685
TLH34,Essex Haven Gateway,A-F,Goods,2003,1347
TLH34,Essex Haven Gateway,G-T,Services,2003,4525
TLH37,Essex Thames Gateway,A-F,Goods,2003,1827
TLH37,Essex Thames Gateway,G-T,Services,2003,3318
TLM76,Falkirk,A-F,Goods,2003,867
TLM76,Falkirk,G-T,Services,2003,1587
TLN0G,Fermanagh and Omagh,A-F,Goods,2003,460
TLN0G,Fermanagh and Omagh,G-T,Services,2003,930
TLL23,Flintshire and Wrexham,A-F,Goods,2003,1986
TLL23,Flintshire and Wrexham,G-T,Services,2003,2421
TLM82,Glasgow City,A-F,Goods,2003,2380
TLM82,Glasgow City,G-T,Services,2003,10763
TLK13,Gloucestershire CC,A-F,Goods,2003,3333
TLK13,Gloucestershire CC,G-T,Services,2003,7752
TLD37,Greater Manchester North East,A-F,Goods,2003,2056
TLD37,Greater Manchester North East,G-T,Services,2003,4881
TLD36,Greater Manchester North West,A-F,Goods,2003,2132
TLD36,Greater Manchester North West,G-T,Services,2003,4610
TLD35,Greater Manchester South East,A-F,Goods,2003,1788
TLD35,Greater Manchester South East,G-T,Services,2003,4950
TLD34,Greater Manchester South West,A-F,Goods,2003,2552
TLD34,Greater Manchester South West,G-T,Services,2003,6988
TLL16,Gwent Valleys,A-F,Goods,2003,1305
TLL16,Gwent Valleys,G-T,Services,2003,2086
TLL12,Gwynedd,A-F,Goods,2003,535
TLL12,Gwynedd,G-T,Services,2003,1109
TLI41,Hackney and Newham,A-F,Goods,2003,1106
TLI41,Hackney and Newham,G-T,Services,2003,5650
TLI43,Haringey and Islington,A-F,Goods,2003,1016
TLI43,Haringey and Islington,G-T,Services,2003,10992
TLI74,Harrow and Hillingdon,A-F,Goods,2003,1527
TLI74,Harrow and Hillingdon,G-T,Services,2003,12000
TLC11,Hartlepool and Stockton-on-Tees,A-F,Goods,2003,1437
TLC11,Hartlepool and Stockton-on-Tees,G-T,Services,2003,2617
TLH36,Heart of Essex,A-F,Goods,2003,1556
TLH36,Heart of Essex,G-T,Services,2003,4232
TLG11,"Herefordshire, County of",A-F,Goods,2003,945
TLG11,"Herefordshire, County of",G-T,Services,2003,1658
TLH23,Hertfordshire CC,A-F,Goods,2003,5480
TLH23,Hertfordshire CC,G-T,Services,2003,18292
TLI75,Hounslow and Richmond upon Thames,A-F,Goods,2003,1129
TLI75,Hounslow and Richmond upon Thames,G-T,Services,2003,11006
TLM83,"Inverclyde, East Renfrewshire, and Renfrewshire",A-F,Goods,2003,1162
TLM83,"Inverclyde, East Renfrewshire, and Renfrewshire",G-T,Services,2003,3228
TLM62,"Inverness and Nairn, Moray, Badenoch and Strathspey",A-F,Goods,2003,856
TLM62,"Inverness and Nairn, Moray, Badenoch and Strathspey",G-T,Services,2003,2051
TLL11,Isle of Anglesey,A-F,Goods,2003,215
TLL11,Isle of Anglesey,G-T,Services,2003,505
TLJ34,Isle of Wight,A-F,Goods,2003,332
TLJ34,Isle of Wight,G-T,Services,2003,1189
TLI33,Kensington & Chelsea and Hammersmith & Fulham,A-F,Goods,2003,522
TLI33,Kensington & Chelsea and Hammersmith & Fulham,G-T,Services,2003,9217
TLJ43,Kent Thames Gateway,A-F,Goods,2003,1967
TLJ43,Kent Thames Gateway,G-T,Services,2003,3216
TLE11,"Kingston upon Hull, City of",A-F,Goods,2003,1449
TLE11,"Kingston upon Hull, City of",G-T,Services,2003,2546
TLI45,Lambeth,A-F,Goods,2003,484
TLI45,Lambeth,G-T,Services,2003,5875
TLD44,Lancaster and Wyre,A-F,Goods,2003,781
TLD44,Lancaster and Wyre,G-T,Services,2003,2121
TLE42,Leeds,A-F,Goods,2003,3117
TLE42,Leeds,G-T,Services,2003,12920
TLF21,Leicester,A-F,Goods,2003,1170
TLF21,Leicester,G-T,Services,2003,3497
TLF22,Leicestershire CC and Rutland,A-F,Goods,2003,3916
TLF22,Leicestershire CC and Rutland,G-T,Services,2003,6928
TLI44,Lewisham and Southwark,A-F,Goods,2003,816
TLI44,Lewisham and Southwark,G-T,Services,2003,10333
TLF30,Lincolnshire CC,A-F,Goods,2003,3529
TLF30,Lincolnshire CC,G-T,Services,2003,6283
TLN0E,Lisburn and Castlereagh,A-F,Goods,2003,463
TLN0E,Lisburn and Castlereagh,G-T,Services,2003,1453
TLD72,Liverpool,A-F,Goods,2003,1616
TLD72,Liverpool,G-T,Services,2003,6657
TLM63,"Lochaber, Skye and Lochalsh, Arran and Cumbrae, and Argyll and Bute",A-F,Goods,2003,453
TLM63,"Lochaber, Skye and Lochalsh, Arran and Cumbrae, and Argyll and Bute",G-T,Services,2003,1066
TLH21,Luton,A-F,Goods,2003,778
TLH21,Luton,G-T,Services,2003,2831
TLD33,Manchester,A-F,Goods,2003,1113
TLD33,Manchester,G-T,Services,2003,10443
TLJ41,Medway,A-F,Goods,2003,873
TLJ41,Medway,G-T,Services,2003,2305
TLI63,"Merton, Kingston upon Thames and Sutton",A-F,Goods,2003,1439
TLI63,"Merton, Kingston upon Thames and Sutton",G-T,Services,2003,8656
TLJ45,Mid Kent,A-F,Goods,2003,1145
TLJ45,Mid Kent,G-T,Services,2003,3178
TLD45,Mid Lancashire,A-F,Goods,2003,3532
TLD45,Mid Lancashire,G-T,Services,2003,5236
TLN0B,Mid Ulster,A-F,Goods,2003,1050
TLN0B,Mid Ulster,G-T,Services,2003,1030
TLN0F,Mid and East Antrim,A-F,Goods,2003,1272
TLN0F,Mid and East Antrim,G-T,Services,2003,946
TLJ12,Milton Keynes,A-F,Goods,2003,1056
TLJ12,Milton Keynes,G-T,Services,2003,6052
TLL21,Monmouthshire and Newport,A-F,Goods,2003,1026
TLL21,Monmouthshire and Newport,G-T,Services,2003,2791
TLM64,Na h-Eileanan Siar,A-F,Goods,2003,55
TLM64,Na h-Eileanan Siar,G-T,Services,2003,277
TLN08,"Newry, Mourne and Down",A-F,Goods,2003,522
TLN08,"Newry, Mourne and Down",G-T,Services,2003,1216
TLJ37,North Hampshire,A-F,Goods,2003,2036
TLJ37,North Hampshire,G-T,Services,2003,6906
TLM84,North Lanarkshire,A-F,Goods,2003,1553
TLM84,North Lanarkshire,G-T,Services,2003,3019
TLF25,North Northamptonshire,A-F,Goods,2003,1532
TLF25,North Northamptonshire,G-T,Services,2003,2708
TLF15,North Nottinghamshire,A-F,Goods,2003,2166
TLF15,North Nottinghamshire,G-T,Services,2003,3581
TLE22,North Yorkshire CC,A-F,Goods,2003,2754
TLE22,North Yorkshire CC,G-T,Services,2003,6788
TLE13,North and North East Lincolnshire,A-F,Goods,2003,1921
TLE13,North and North East Lincolnshire,G-T,Services,2003,3001
TLH16,North and West Norfolk,A-F,Goods,2003,1194
TLH16,North and West Norfolk,G-T,Services,2003,1970
TLC21,Northumberland,A-F,Goods,2003,1227
TLC21,Northumberland,G-T,Services,2003,2333
TLH15,Norwich and East Norfolk,A-F,Goods,2003,1052
TLH15,Norwich and East Norfolk,G-T,Services,2003,4092
TLF14,Nottingham,A-F,Goods,2003,1288
TLF14,Nottingham,G-T,Services,2003,4468
TLM65,Orkney Islands,A-F,Goods,2003,85
TLM65,Orkney Islands,G-T,Services,2003,273
TLJ14,Oxfordshire CC,A-F,Goods,2003,3265
TLJ14,Oxfordshire CC,G-T,Services,2003,10425
TLM77,"Perth and Kinross, and Stirling",A-F,Goods,2003,1142
TLM77,"Perth and Kinross, and Stirling",G-T,Services,2003,2872
TLH11,Peterborough,A-F,Goods,2003,976
TLH11,Peterborough,G-T,Services,2003,2819
TLK41,Plymouth,A-F,Goods,2003,957
TLK41,Plymouth,G-T,Services,2003,2513
TLJ31,Portsmouth,A-F,Goods,2003,695
TLJ31,Portsmouth,G-T,Services,2003,2859
TLL24,Powys,A-F,Goods,2003,433
TLL24,Powys,G-T,Services,2003,1169
TLI53,Redbridge and Waltham Forest,A-F,Goods,2003,719
TLI53,Redbridge and Waltham Forest,G-T,Services,2003,5175
TLG37,Sandwell,A-F,Goods,2003,1775
TLG37,Sandwell,G-T,Services,2003,2383
TLM91,Scottish Borders,A-F,Goods,2003,558
TLM91,Scottish Borders,G-T,Services,2003,958
TLD73,Sefton,A-F,Goods,2003,403
TLD73,Sefton,G-T,Services,2003,2446
TLE32,Sheffield,A-F,Goods,2003,1917
TLE32,Sheffield,G-T,Services,2003,6660
TLM66,Shetland Islands,A-F,Goods,2003,132
TLM66,Shetland Islands,G-T,Services,2003,306
TLG22,Shropshire CC,A-F,Goods,2003,1142
TLG22,Shropshire CC,G-T,Services,2003,2945
TLG32,Solihull,A-F,Goods,2003,1707
TLG32,Solihull,G-T,Services,2003,3211
TLK23,Somerset CC,A-F,Goods,2003,2386
TLK23,Somerset CC,G-T,Services,2003,5115
TLM94,South Ayrshire,A-F,Goods,2003,510
TLM94,South Ayrshire,G-T,Services,2003,1182
TLJ35,South Hampshire,A-F,Goods,2003,1945
TLJ35,South Hampshire,G-T,Services,2003,4737
TLM95,South Lanarkshire,A-F,Goods,2003,1457
TLM95,South Lanarkshire,G-T,Services,2003,2756
TLF16,South Nottinghamshire,A-F,Goods,2003,1004
TLF16,South Nottinghamshire,G-T,Services,2003,2858
TLC12,South Teesside,A-F,Goods,2003,947
TLC12,South Teesside,G-T,Services,2003,2259
TLL14,South West Wales,A-F,Goods,2003,1309
TLL14,South West Wales,G-T,Services,2003,3033
TLF13,South and West Derbyshire,A-F,Goods,2003,2552
TLF13,South and West Derbyshire,G-T,Services,2003,3589
TLJ32,Southampton,A-F,Goods,2003,672
TLJ32,Southampton,G-T,Services,2003,3595
TLH31,Southend-on-Sea,A-F,Goods,2003,388
TLH31,Southend-on-Sea,G-T,Services,2003,1607
TLG24,Staffordshire CC,A-F,Goods,2003,3870
TLG24,Staffordshire CC,G-T,Services,2003,7975
TLG23,Stoke-on-Trent,A-F,Goods,2003,1000
TLG23,Stoke-on-Trent,G-T,Services,2003,2249
TLH14,Suffolk CC,A-F,Goods,2003,3174
TLH14,Suffolk CC,G-T,Services,2003,8453
TLC23,Sunderland,A-F,Goods,2003,1480
TLC23,Sunderland,G-T,Services,2003,2744
TLL18,Swansea,A-F,Goods,2003,654
TLL18,Swansea,G-T,Services,2003,2567
TLK14,Swindon,A-F,Goods,2003,1886
TLK14,Swindon,G-T,Services,2003,3423
TLG21,Telford and Wrekin,A-F,Goods,2003,826
TLG21,Telford and Wrekin,G-T,Services,2003,1913
TLH32,Thurrock,A-F,Goods,2003,686
TLH32,Thurrock,G-T,Services,2003,1907
TLK42,Torbay,A-F,Goods,2003,177
TLK42,Torbay,G-T,Services,2003,1248
TLI42,Tower Hamlets,A-F,Goods,2003,696
TLI42,Tower Hamlets,G-T,Services,2003,15292
TLC22,Tyneside,A-F,Goods,2003,2645
TLC22,Tyneside,G-T,Services,2003,9934
TLE45,Wakefield,A-F,Goods,2003,1651
TLE45,Wakefield,G-T,Services,2003,3287
TLG38,Walsall,A-F,Goods,2003,927
TLG38,Walsall,G-T,Services,2003,2074
TLI34,Wandsworth,A-F,Goods,2003,392
TLI34,Wandsworth,G-T,Services,2003,3668
TLD61,Warrington,A-F,Goods,2003,1277
TLD61,Warrington,G-T,Services,2003,3310
TLG13,Warwickshire CC,A-F,Goods,2003,2568
TLG13,Warwickshire CC,G-T,Services,2003,7272
TLD11,West Cumbria,A-F,Goods,2003,1462
TLD11,West Cumbria,G-T,Services,2003,1693
TLH35,West Essex,A-F,Goods,2003,1256
TLH35,West Essex,G-T,Services,2003,4328
TLJ46,West Kent,A-F,Goods,2003,1567
TLJ46,West Kent,G-T,Services,2003,5057
TLM78,West Lothian,A-F,Goods,2003,932
TLM78,West Lothian,G-T,Services,2003,1849
TLF24,West Northamptonshire,A-F,Goods,2003,1615
TLF24,West Northamptonshire,G-T,Services,2003,4889
TLJ25,West Surrey,A-F,Goods,2003,3208
TLJ25,West Surrey,G-T,Services,2003,14823
TLJ28,West Sussex (North East),A-F,Goods,2003,1693
TLJ28,West Sussex (North East),G-T,Services,2003,6047
TLJ27,West Sussex (South West),A-F,Goods,2003,1939
TLJ27,West Sussex (South West),G-T,Services,2003,4559
TLI32,Westminster,A-F,Goods,2003,1487
TLI32,Westminster,G-T,Services,2003,32513
TLK15,Wiltshire,A-F,Goods,2003,1623
TLK15,Wiltshire,G-T,Services,2003,5873
TLD74,Wirral,A-F,Goods,2003,814
TLD74,Wirral,G-T,Services,2003,2607
TLG39,Wolverhampton,A-F,Goods,2003,1234
TLG39,Wolverhampton,G-T,Services,2003,2393
TLG12,Worcestershire CC,A-F,Goods,2003,2241
TLG12,Worcestershire CC,G-T,Services,2003,6055
TLE21,York,A-F,Goods,2003,922
TLE21,York,G-T,Services,2003,3542
TLM50,Aberdeen City and Aberdeenshire,A-F,Goods,2004,3198
TLM50,Aberdeen City and Aberdeenshire,G-T,Services,2004,6926
TLM71,Angus and Dundee City,A-F,Goods,2004,951
TLM71,Angus and Dundee City,G-T,Services,2004,2766
TLN0D,Antrim and Newtownabbey,A-F,Goods,2004,646
TLN0D,Antrim and Newtownabbey,G-T,Services,2004,1510
TLN09,Ards and North Down,A-F,Goods,2004,310
TLN09,Ards and North Down,G-T,Services,2004,1113
TLN07,"Armagh City, Banbridge and Craigavon",A-F,Goods,2004,775
TLN07,"Armagh City, Banbridge and Craigavon",G-T,Services,2004,1510
TLI52,Barking & Dagenham and Havering,A-F,Goods,2004,1548
TLI52,Barking & Dagenham and Havering,G-T,Services,2004,4684
TLI71,Barnet,A-F,Goods,2004,781
TLI71,Barnet,G-T,Services,2004,4723
TLE31,"Barnsley, Doncaster and Rotherham",A-F,Goods,2004,2851
TLE31,"Barnsley, Doncaster and Rotherham",G-T,Services,2004,6265
TLK12,"Bath and North East Somerset, North Somerset and South Gloucestershire",A-F,Goods,2004,3642
TLK12,"Bath and North East Somerset, North Somerset and South Gloucestershire",G-T,Services,2004,9090
TLH24,Bedford,A-F,Goods,2004,596
TLH24,Bedford,G-T,Services,2004,2069
TLN06,Belfast,A-F,Goods,2004,1284
TLN06,Belfast,G-T,Services,2004,7035
TLJ11,Berkshire,A-F,Goods,2004,4647
TLJ11,Berkshire,G-T,Services,2004,22810
TLI51,Bexley and Greenwich,A-F,Goods,2004,1556
TLI51,Bexley and Greenwich,G-T,Services,2004,5811
TLG31,Birmingham,A-F,Goods,2004,3863
TLG31,Birmingham,G-T,Services,2004,13889
TLD41,Blackburn with Darwen,A-F,Goods,2004,560
TLD41,Blackburn with Darwen,G-T,Services,2004,1377
TLD42,Blackpool,A-F,Goods,2004,242
TLD42,Blackpool,G-T,Services,2004,1493
TLK24,"Bournemouth, Christchurch and Poole",A-F,Goods,2004,1233
TLK24,"Bournemouth, Christchurch and Poole",G-T,Services,2004,5252
TLE41,Bradford,A-F,Goods,2004,1745
TLE41,Bradford,G-T,Services,2004,4865
TLH17,Breckland and South Norfolk,A-F,Goods,2004,1033
TLH17,Breckland and South Norfolk,G-T,Services,2004,2249
TLI72,Brent,A-F,Goods,2004,1051
TLI72,Brent,G-T,Services,2004,4133
TLL17,Bridgend and Neath Port Talbot,A-F,Goods,2004,1187
TLL17,Bridgend and Neath Port Talbot,G-T,Services,2004,2305
TLJ21,Brighton and Hove,A-F,Goods,2004,482
TLJ21,Brighton and Hove,G-T,Services,2004,4032
TLK11,"Bristol, City of",A-F,Goods,2004,1301
TLK11,"Bristol, City of",G-T,Services,2004,7508
TLI61,Bromley,A-F,Goods,2004,783
TLI61,Bromley,G-T,Services,2004,4977
TLJ13,Buckinghamshire CC,A-F,Goods,2004,2129
TLJ13,Buckinghamshire CC,G-T,Services,2004,8158
TLM61,"Caithness and Sutherland, and Ross and Cromarty",A-F,Goods,2004,422
TLM61,"Caithness and Sutherland, and Ross and Cromarty",G-T,Services,2004,941
TLE44,Calderdale and Kirklees,A-F,Goods,2004,2277
TLE44,Calderdale and Kirklees,G-T,Services,2004,5316
TLH12,Cambridgeshire CC,A-F,Goods,2004,2922
TLH12,Cambridgeshire CC,G-T,Services,2004,8811
TLI31,Camden and City of London,A-F,Goods,2004,1527
TLI31,Camden and City of London,G-T,Services,2004,46260
TLL22,Cardiff and Vale of Glamorgan,A-F,Goods,2004,1620
TLL22,Cardiff and Vale of Glamorgan,G-T,Services,2004,7120
TLN0C,Causeway Coast and Glens,A-F,Goods,2004,458
TLN0C,Causeway Coast and Glens,G-T,Services,2004,1089
TLH25,Central Bedfordshire,A-F,Goods,2004,967
TLH25,Central Bedfordshire,G-T,Services,2004,2676
TLJ36,Central Hampshire,A-F,Goods,2004,2492
TLJ36,Central Hampshire,G-T,Services,2004,7527
TLL15,Central Valleys,A-F,Goods,2004,924
TLL15,Central Valleys,G-T,Services,2004,2303
TLD62,Cheshire East,A-F,Goods,2004,3386
TLD62,Cheshire East,G-T,Services,2004,4960
TLD63,Cheshire West and Chester,A-F,Goods,2004,1649
TLD63,Cheshire West and Chester,G-T,Services,2004,4777
TLD47,Chorley and West Lancashire,A-F,Goods,2004,707
TLD47,Chorley and West Lancashire,G-T,Services,2004,2239
TLM75,City of Edinburgh,A-F,Goods,2004,1823
TLM75,City of Edinburgh,G-T,Services,2004,12659
TLM72,Clackmannanshire and Fife,A-F,Goods,2004,2022
TLM72,Clackmannanshire and Fife,G-T,Services,2004,3235
TLL13,Conwy and Denbighshire,A-F,Goods,2004,510
TLL13,Conwy and Denbighshire,G-T,Services,2004,1927
TLK30,Cornwall and Isles of Scilly,A-F,Goods,2004,1684
TLK30,Cornwall and Isles of Scilly,G-T,Services,2004,5216
TLG33,Coventry,A-F,Goods,2004,1277
TLG33,Coventry,G-T,Services,2004,4759
TLI62,Croydon,A-F,Goods,2004,662
TLI62,Croydon,G-T,Services,2004,5870
TLC13,Darlington,A-F,Goods,2004,497
TLC13,Darlington,G-T,Services,2004,1658
TLF11,Derby,A-F,Goods,2004,1976
TLF11,Derby,G-T,Services,2004,3212
TLN0A,Derry City and Strabane,A-F,Goods,2004,444
TLN0A,Derry City and Strabane,G-T,Services,2004,1290
TLK43,Devon CC,A-F,Goods,2004,2987
TLK43,Devon CC,G-T,Services,2004,8760
TLK25,Dorset,A-F,Goods,2004,1423
TLK25,Dorset,G-T,Services,2004,3795
TLG36,Dudley,A-F,Goods,2004,1225
TLG36,Dudley,G-T,Services,2004,2634
TLM92,Dumfries and Galloway,A-F,Goods,2004,822
TLM92,Dumfries and Galloway,G-T,Services,2004,1642
TLC14,Durham CC,A-F,Goods,2004,2323
TLC14,Durham CC,G-T,Services,2004,3938
TLI73,Ealing,A-F,Goods,2004,1139
TLI73,Ealing,G-T,Services,2004,4927
TLM93,East Ayrshire and North Ayrshire mainland,A-F,Goods,2004,906
TLM93,East Ayrshire and North Ayrshire mainland,G-T,Services,2004,1877
TLD12,East Cumbria,A-F,Goods,2004,1348
TLD12,East Cumbria,G-T,Services,2004,3344
TLF12,East Derbyshire,A-F,Goods,2004,1064
TLF12,East Derbyshire,G-T,Services,2004,2444
TLM81,"East Dunbartonshire, West Dunbartonshire, and Helensburgh and Lomond",A-F,Goods,2004,498
TLM81,"East Dunbartonshire, West Dunbartonshire, and Helensburgh and Lomond",G-T,Services,2004,1974
TLJ44,East Kent,A-F,Goods,2004,1114
TLJ44,East Kent,G-T,Services,2004,5700
TLD46,East Lancashire,A-F,Goods,2004,1812
TLD46,East Lancashire,G-T,Services,2004,2544
TLM73,East Lothian and Midlothian,A-F,Goods,2004,499
TLM73,East Lothian and Midlothian,G-T,Services,2004,1361
TLD71,East Merseyside,A-F,Goods,2004,2316
TLD71,East Merseyside,G-T,Services,2004,4775
TLE12,East Riding of Yorkshire,A-F,Goods,2004,1914
TLE12,East Riding of Yorkshire,G-T,Services,2004,3088
TLJ26,East Surrey,A-F,Goods,2004,1311
TLJ26,East Surrey,G-T,Services,2004,8901
TLJ22,East Sussex CC,A-F,Goods,2004,1191
TLJ22,East Sussex CC,G-T,Services,2004,4704
TLI54,Enfield,A-F,Goods,2004,1077
TLI54,Enfield,G-T,Services,2004,3868
TLH34,Essex Haven Gateway,A-F,Goods,2004,1325
TLH34,Essex Haven Gateway,G-T,Services,2004,4703
TLH37,Essex Thames Gateway,A-F,Goods,2004,1752
TLH37,Essex Thames Gateway,G-T,Services,2004,3413
TLM76,Falkirk,A-F,Goods,2004,938
TLM76,Falkirk,G-T,Services,2004,1663
TLN0G,Fermanagh and Omagh,A-F,Goods,2004,476
TLN0G,Fermanagh and Omagh,G-T,Services,2004,988
TLL23,Flintshire and Wrexham,A-F,Goods,2004,2051
TLL23,Flintshire and Wrexham,G-T,Services,2004,2579
TLM82,Glasgow City,A-F,Goods,2004,2452
TLM82,Glasgow City,G-T,Services,2004,11748
TLK13,Gloucestershire CC,A-F,Goods,2004,3274
TLK13,Gloucestershire CC,G-T,Services,2004,8268
TLD37,Greater Manchester North East,A-F,Goods,2004,2114
TLD37,Greater Manchester North East,G-T,Services,2004,5167
TLD36,Greater Manchester North West,A-F,Goods,2004,2167
TLD36,Greater Manchester North West,G-T,Services,2004,4879
TLD35,Greater Manchester South East,A-F,Goods,2004,1859
TLD35,Greater Manchester South East,G-T,Services,2004,5109
TLD34,Greater Manchester South West,A-F,Goods,2004,2617
TLD34,Greater Manchester South West,G-T,Services,2004,7438
TLL16,Gwent Valleys,A-F,Goods,2004,1326
TLL16,Gwent Valleys,G-T,Services,2004,2235
TLL12,Gwynedd,A-F,Goods,2004,523
TLL12,Gwynedd,G-T,Services,2004,1204
TLI41,Hackney and Newham,A-F,Goods,2004,1112
TLI41,Hackney and Newham,G-T,Services,2004,5912
TLI43,Haringey and Islington,A-F,Goods,2004,1028
TLI43,Haringey and Islington,G-T,Services,2004,11622
TLI74,Harrow and Hillingdon,A-F,Goods,2004,1527
TLI74,Harrow and Hillingdon,G-T,Services,2004,12477
TLC11,Hartlepool and Stockton-on-Tees,A-F,Goods,2004,1441
TLC11,Hartlepool and Stockton-on-Tees,G-T,Services,2004,2902
TLH36,Heart of Essex,A-F,Goods,2004,1522
TLH36,Heart of Essex,G-T,Services,2004,4356
TLG11,"Herefordshire, County of",A-F,Goods,2004,846
TLG11,"Herefordshire, County of",G-T,Services,2004,1743
TLH23,Hertfordshire CC,A-F,Goods,2004,5511
TLH23,Hertfordshire CC,G-T,Services,2004,19216
TLI75,Hounslow and Richmond upon Thames,A-F,Goods,2004,1149
TLI75,Hounslow and Richmond upon Thames,G-T,Services,2004,11321
TLM83,"Inverclyde, East Renfrewshire, and Renfrewshire",A-F,Goods,2004,1217
TLM83,"Inverclyde, East Renfrewshire, and Renfrewshire",G-T,Services,2004,3437
TLM62,"Inverness and Nairn, Moray, Badenoch and Strathspey",A-F,Goods,2004,911
TLM62,"Inverness and Nairn, Moray, Badenoch and Strathspey",G-T,Services,2004,2227
TLL11,Isle of Anglesey,A-F,Goods,2004,221
TLL11,Isle of Anglesey,G-T,Services,2004,597
TLJ34,Isle of Wight,A-F,Goods,2004,327
TLJ34,Isle of Wight,G-T,Services,2004,1293
TLI33,Kensington & Chelsea and Hammersmith & Fulham,A-F,Goods,2004,528
TLI33,Kensington & Chelsea and Hammersmith & Fulham,G-T,Services,2004,9748
TLJ43,Kent Thames Gateway,A-F,Goods,2004,1913
TLJ43,Kent Thames Gateway,G-T,Services,2004,3418
TLE11,"Kingston upon Hull, City of",A-F,Goods,2004,1401
TLE11,"Kingston upon Hull, City of",G-T,Services,2004,2693
TLI45,Lambeth,A-F,Goods,2004,481
TLI45,Lambeth,G-T,Services,2004,6257
TLD44,Lancaster and Wyre,A-F,Goods,2004,810
TLD44,Lancaster and Wyre,G-T,Services,2004,2281
TLE42,Leeds,A-F,Goods,2004,3165
TLE42,Leeds,G-T,Services,2004,14128
TLF21,Leicester,A-F,Goods,2004,1200
TLF21,Leicester,G-T,Services,2004,3817
TLF22,Leicestershire CC and Rutland,A-F,Goods,2004,4204
TLF22,Leicestershire CC and Rutland,G-T,Services,2004,7202
TLI44,Lewisham and Southwark,A-F,Goods,2004,864
TLI44,Lewisham and Southwark,G-T,Services,2004,10886
TLF30,Lincolnshire CC,A-F,Goods,2004,3267
TLF30,Lincolnshire CC,G-T,Services,2004,6466
TLN0E,Lisburn and Castlereagh,A-F,Goods,2004,473
TLN0E,Lisburn and Castlereagh,G-T,Services,2004,1499
TLD72,Liverpool,A-F,Goods,2004,1591
TLD72,Liverpool,G-T,Services,2004,7225
TLM63,"Lochaber, Skye and Lochalsh, Arran and Cumbrae, and Argyll and Bute",A-F,Goods,2004,488
TLM63,"Lochaber, Skye and Lochalsh, Arran and Cumbrae, and Argyll and Bute",G-T,Services,2004,1163
TLH21,Luton,A-F,Goods,2004,762
TLH21,Luton,G-T,Services,2004,2879
TLD33,Manchester,A-F,Goods,2004,1189
TLD33,Manchester,G-T,Services,2004,11274
TLJ41,Medway,A-F,Goods,2004,890
TLJ41,Medway,G-T,Services,2004,2460
TLI63,"Merton, Kingston upon Thames and Sutton",A-F,Goods,2004,1425
TLI63,"Merton, Kingston upon Thames and Sutton",G-T,Services,2004,9092
TLJ45,Mid Kent,A-F,Goods,2004,1151
TLJ45,Mid Kent,G-T,Services,2004,3391
TLD45,Mid Lancashire,A-F,Goods,2004,3733
TLD45,Mid Lancashire,G-T,Services,2004,5631
TLN0B,Mid Ulster,A-F,Goods,2004,1064
TLN0B,Mid Ulster,G-T,Services,2004,1093
TLN0F,Mid and East Antrim,A-F,Goods,2004,1356
TLN0F,Mid and East Antrim,G-T,Services,2004,1007
TLJ12,Milton Keynes,A-F,Goods,2004,979
TLJ12,Milton Keynes,G-T,Services,2004,6110
TLL21,Monmouthshire and Newport,A-F,Goods,2004,1075
TLL21,Monmouthshire and Newport,G-T,Services,2004,2968
TLM64,Na h-Eileanan Siar,A-F,Goods,2004,59
TLM64,Na h-Eileanan Siar,G-T,Services,2004,303
TLN08,"Newry, Mourne and Down",A-F,Goods,2004,552
TLN08,"Newry, Mourne and Down",G-T,Services,2004,1273
TLJ37,North Hampshire,A-F,Goods,2004,2068
TLJ37,North Hampshire,G-T,Services,2004,7329
TLM84,North Lanarkshire,A-F,Goods,2004,1588
TLM84,North Lanarkshire,G-T,Services,2004,3239
TLF25,North Northamptonshire,A-F,Goods,2004,1579
TLF25,North Northamptonshire,G-T,Services,2004,2848
TLF15,North Nottinghamshire,A-F,Goods,2004,2213
TLF15,North Nottinghamshire,G-T,Services,2004,3833
TLE22,North Yorkshire CC,A-F,Goods,2004,2666
TLE22,North Yorkshire CC,G-T,Services,2004,7264
TLE13,North and North East Lincolnshire,A-F,Goods,2004,2050
TLE13,North and North East Lincolnshire,G-T,Services,2004,3157
TLH16,North and West Norfolk,A-F,Goods,2004,1106
TLH16,North and West Norfolk,G-T,Services,2004,2083
TLC21,Northumberland,A-F,Goods,2004,1255
TLC21,Northumberland,G-T,Services,2004,2568
TLH15,Norwich and East Norfolk,A-F,Goods,2004,1054
TLH15,Norwich and East Norfolk,G-T,Services,2004,4321
TLF14,Nottingham,A-F,Goods,2004,1411
TLF14,Nottingham,G-T,Services,2004,4885
TLM65,Orkney Islands,A-F,Goods,2004,88
TLM65,Orkney Islands,G-T,Services,2004,308
TLJ14,Oxfordshire CC,A-F,Goods,2004,3175
TLJ14,Oxfordshire CC,G-T,Services,2004,10682
TLM77,"Perth and Kinross, and Stirling",A-F,Goods,2004,1242
TLM77,"Perth and Kinross, and Stirling",G-T,Services,2004,2982
TLH11,Peterborough,A-F,Goods,2004,982
TLH11,Peterborough,G-T,Services,2004,3091
TLK41,Plymouth,A-F,Goods,2004,1002
TLK41,Plymouth,G-T,Services,2004,2814
TLJ31,Portsmouth,A-F,Goods,2004,702
TLJ31,Portsmouth,G-T,Services,2004,3105
TLL24,Powys,A-F,Goods,2004,441
TLL24,Powys,G-T,Services,2004,1234
TLI53,Redbridge and Waltham Forest,A-F,Goods,2004,718
TLI53,Redbridge and Waltham Forest,G-T,Services,2004,5484
TLG37,Sandwell,A-F,Goods,2004,1711
TLG37,Sandwell,G-T,Services,2004,2561
TLM91,Scottish Borders,A-F,Goods,2004,542
TLM91,Scottish Borders,G-T,Services,2004,1017
TLD73,Sefton,A-F,Goods,2004,399
TLD73,Sefton,G-T,Services,2004,2599
TLE32,Sheffield,A-F,Goods,2004,1824
TLE32,Sheffield,G-T,Services,2004,7270
TLM66,Shetland Islands,A-F,Goods,2004,152
TLM66,Shetland Islands,G-T,Services,2004,328
TLG22,Shropshire CC,A-F,Goods,2004,1126
TLG22,Shropshire CC,G-T,Services,2004,3166
TLG32,Solihull,A-F,Goods,2004,1645
TLG32,Solihull,G-T,Services,2004,3379
TLK23,Somerset CC,A-F,Goods,2004,2482
TLK23,Somerset CC,G-T,Services,2004,5429
TLM94,South Ayrshire,A-F,Goods,2004,551
TLM94,South Ayrshire,G-T,Services,2004,1236
TLJ35,South Hampshire,A-F,Goods,2004,1970
TLJ35,South Hampshire,G-T,Services,2004,5009
TLM95,South Lanarkshire,A-F,Goods,2004,1488
TLM95,South Lanarkshire,G-T,Services,2004,2960
TLF16,South Nottinghamshire,A-F,Goods,2004,1039
TLF16,South Nottinghamshire,G-T,Services,2004,3007
TLC12,South Teesside,A-F,Goods,2004,886
TLC12,South Teesside,G-T,Services,2004,2492
TLL14,South West Wales,A-F,Goods,2004,1521
TLL14,South West Wales,G-T,Services,2004,3299
TLF13,South and West Derbyshire,A-F,Goods,2004,2563
TLF13,South and West Derbyshire,G-T,Services,2004,3870
TLJ32,Southampton,A-F,Goods,2004,666
TLJ32,Southampton,G-T,Services,2004,4057
TLH31,Southend-on-Sea,A-F,Goods,2004,380
TLH31,Southend-on-Sea,G-T,Services,2004,1708
TLG24,Staffordshire CC,A-F,Goods,2004,3800
TLG24,Staffordshire CC,G-T,Services,2004,8739
TLG23,Stoke-on-Trent,A-F,Goods,2004,949
TLG23,Stoke-on-Trent,G-T,Services,2004,2546
TLH14,Suffolk CC,A-F,Goods,2004,3115
TLH14,Suffolk CC,G-T,Services,2004,8962
TLC23,Sunderland,A-F,Goods,2004,1567
TLC23,Sunderland,G-T,Services,2004,3087
TLL18,Swansea,A-F,Goods,2004,664
TLL18,Swansea,G-T,Services,2004,2840
TLK14,Swindon,A-F,Goods,2004,1931
TLK14,Swindon,G-T,Services,2004,3629
TLG21,Telford and Wrekin,A-F,Goods,2004,779
TLG21,Telford and Wrekin,G-T,Services,2004,2112
TLH32,Thurrock,A-F,Goods,2004,720
TLH32,Thurrock,G-T,Services,2004,1962
TLK42,Torbay,A-F,Goods,2004,192
TLK42,Torbay,G-T,Services,2004,1393
TLI42,Tower Hamlets,A-F,Goods,2004,733
TLI42,Tower Hamlets,G-T,Services,2004,16443
TLC22,Tyneside,A-F,Goods,2004,2764
TLC22,Tyneside,G-T,Services,2004,11007
TLE45,Wakefield,A-F,Goods,2004,1662
TLE45,Wakefield,G-T,Services,2004,3458
TLG38,Walsall,A-F,Goods,2004,914
TLG38,Walsall,G-T,Services,2004,2228
TLI34,Wandsworth,A-F,Goods,2004,382
TLI34,Wandsworth,G-T,Services,2004,3845
TLD61,Warrington,A-F,Goods,2004,1308
TLD61,Warrington,G-T,Services,2004,3429
TLG13,Warwickshire CC,A-F,Goods,2004,2728
TLG13,Warwickshire CC,G-T,Services,2004,7538
TLD11,West Cumbria,A-F,Goods,2004,1434
TLD11,West Cumbria,G-T,Services,2004,1784
TLH35,West Essex,A-F,Goods,2004,1206
TLH35,West Essex,G-T,Services,2004,4527
TLJ46,West Kent,A-F,Goods,2004,1563
TLJ46,West Kent,G-T,Services,2004,5373
TLM78,West Lothian,A-F,Goods,2004,1008
TLM78,West Lothian,G-T,Services,2004,1953
TLF24,West Northamptonshire,A-F,Goods,2004,1651
TLF24,West Northamptonshire,G-T,Services,2004,5190
TLJ25,West Surrey,A-F,Goods,2004,3207
TLJ25,West Surrey,G-T,Services,2004,15201
TLJ28,West Sussex (North East),A-F,Goods,2004,1692
TLJ28,West Sussex (North East),G-T,Services,2004,6094
TLJ27,West Sussex (South West),A-F,Goods,2004,1821
TLJ27,West Sussex (South West),G-T,Services,2004,4731
TLI32,Westminster,A-F,Goods,2004,1524
TLI32,Westminster,G-T,Services,2004,33827
TLK15,Wiltshire,A-F,Goods,2004,1591
TLK15,Wiltshire,G-T,Services,2004,6217
TLD74,Wirral,A-F,Goods,2004,858
TLD74,Wirral,G-T,Services,2004,2789
TLG39,Wolverhampton,A-F,Goods,2004,1217
TLG39,Wolverhampton,G-T,Services,2004,2515
TLG12,Worcestershire CC,A-F,Goods,2004,2426
TLG12,Worcestershire CC,G-T,Services,2004,6373
TLE21,York,A-F,Goods,2004,934
TLE21,York,G-T,Services,2004,3771
TLM50,Aberdeen City and Aberdeenshire,A-F,Goods,2005,3479
TLM50,Aberdeen City and Aberdeenshire,G-T,Services,2005,7213
TLM71,Angus and Dundee City,A-F,Goods,2005,943
TLM71,Angus and Dundee City,G-T,Services,2005,2904
TLN0D,Antrim and Newtownabbey,A-F,Goods,2005,694
TLN0D,Antrim and Newtownabbey,G-T,Services,2005,1552
TLN09,Ards and North Down,A-F,Goods,2005,327
TLN09,Ards and North Down,G-T,Services,2005,1200
TLN07,"Armagh City, Banbridge and Craigavon",A-F,Goods,2005,820
TLN07,"Armagh City, Banbridge and Craigavon",G-T,Services,2005,1590
TLI52,Barking & Dagenham and Havering,A-F,Goods,2005,1533
TLI52,Barking & Dagenham and Havering,G-T,Services,2005,4956
TLI71,Barnet,A-F,Goods,2005,807
TLI71,Barnet,G-T,Services,2005,4966
TLE31,"Barnsley, Doncaster and Rotherham",A-F,Goods,2005,2989
TLE31,"Barnsley, Doncaster and Rotherham",G-T,Services,2005,6484
TLK12,"Bath and North East Somerset, North Somerset and South Gloucestershire",A-F,Goods,2005,3772
TLK12,"Bath and North East Somerset, North Somerset and South Gloucestershire",G-T,Services,2005,9427
TLH24,Bedford,A-F,Goods,2005,680
TLH24,Bedford,G-T,Services,2005,2199
TLN06,Belfast,A-F,Goods,2005,1409
TLN06,Belfast,G-T,Services,2005,7409
TLJ11,Berkshire,A-F,Goods,2005,5058
TLJ11,Berkshire,G-T,Services,2005,24042
TLI51,Bexley and Greenwich,A-F,Goods,2005,1626
TLI51,Bexley and Greenwich,G-T,Services,2005,6207
TLG31,Birmingham,A-F,Goods,2005,3990
TLG31,Birmingham,G-T,Services,2005,14707
TLD41,Blackburn with Darwen,A-F,Goods,2005,586
TLD41,Blackburn with Darwen,G-T,Services,2005,1405
TLD42,Blackpool,A-F,Goods,2005,255
TLD42,Blackpool,G-T,Services,2005,1557
TLK24,"Bournemouth, Christchurch and Poole",A-F,Goods,2005,1281
TLK24,"Bournemouth, Christchurch and Poole",G-T,Services,2005,5646
TLE41,Bradford,A-F,Goods,2005,1874
TLE41,Bradford,G-T,Services,2005,5101
TLH17,Breckland and South Norfolk,A-F,Goods,2005,1045
TLH17,Breckland and South Norfolk,G-T,Services,2005,2371
TLI72,Brent,A-F,Goods,2005,1093
TLI72,Brent,G-T,Services,2005,4402
TLL17,Bridgend and Neath Port Talbot,A-F,Goods,2005,1232
TLL17,Bridgend and Neath Port Talbot,G-T,Services,2005,2432
TLJ21,Brighton and Hove,A-F,Goods,2005,469
TLJ21,Brighton and Hove,G-T,Services,2005,4376
TLK11,"Bristol, City of",A-F,Goods,2005,1314
TLK11,"Bristol, City of",G-T,Services,2005,7776
TLI61,Bromley,A-F,Goods,2005,806
TLI61,Bromley,G-T,Services,2005,5242
TLJ13,Buckinghamshire CC,A-F,Goods,2005,2283
TLJ13,Buckinghamshire CC,G-T,Services,2005,8584
TLM61,"Caithness and Sutherland, and Ross and Cromarty",A-F,Goods,2005,449
TLM61,"Caithness and Sutherland, and Ross and Cromarty",G-T,Services,2005,989
TLE44,Calderdale and Kirklees,A-F,Goods,2005,2427
TLE44,Calderdale and Kirklees,G-T,Services,2005,5700
TLH12,Cambridgeshire CC,A-F,Goods,2005,2927
TLH12,Cambridgeshire CC,G-T,Services,2005,9357
TLI31,Camden and City of London,A-F,Goods,2005,1447
TLI31,Camden and City of London,G-T,Services,2005,52043
TLL22,Cardiff and Vale of Glamorgan,A-F,Goods,2005,1816
TLL22,Cardiff and Vale of Glamorgan,G-T,Services,2005,7427
TLN0C,Causeway Coast and Glens,A-F,Goods,2005,467
TLN0C,Causeway Coast and Glens,G-T,Services,2005,1161
TLH25,Central Bedfordshire,A-F,Goods,2005,1050
TLH25,Central Bedfordshire,G-T,Services,2005,2794
TLJ36,Central Hampshire,A-F,Goods,2005,2598
TLJ36,Central Hampshire,G-T,Services,2005,7898
TLL15,Central Valleys,A-F,Goods,2005,988
TLL15,Central Valleys,G-T,Services,2005,2445
TLD62,Cheshire East,A-F,Goods,2005,3671
TLD62,Cheshire East,G-T,Services,2005,5203
TLD63,Cheshire West and Chester,A-F,Goods,2005,1731
TLD63,Cheshire West and Chester,G-T,Services,2005,4974
TLD47,Chorley and West Lancashire,A-F,Goods,2005,719
TLD47,Chorley and West Lancashire,G-T,Services,2005,2263
TLM75,City of Edinburgh,A-F,Goods,2005,1847
TLM75,City of Edinburgh,G-T,Services,2005,13474
TLM72,Clackmannanshire and Fife,A-F,Goods,2005,2103
TLM72,Clackmannanshire and Fife,G-T,Services,2005,3405
TLL13,Conwy and Denbighshire,A-F,Goods,2005,505
TLL13,Conwy and Denbighshire,G-T,Services,2005,2025
TLK30,Cornwall and Isles of Scilly,A-F,Goods,2005,1776
TLK30,Cornwall and Isles of Scilly,G-T,Services,2005,5494
TLG33,Coventry,A-F,Goods,2005,1295
TLG33,Coventry,G-T,Services,2005,5103
TLI62,Croydon,A-F,Goods,2005,692
TLI62,Croydon,G-T,Services,2005,6251
TLC13,Darlington,A-F,Goods,2005,471
TLC13,Darlington,G-T,Services,2005,1670
TLF11,Derby,A-F,Goods,2005,2150
TLF11,Derby,G-T,Services,2005,3530
TLN0A,Derry City and Strabane,A-F,Goods,2005,482
TLN0A,Derry City and Strabane,G-T,Services,2005,1413
TLK43,Devon CC,A-F,Goods,2005,2977
TLK43,Devon CC,G-T,Services,2005,9233
TLK25,Dorset,A-F,Goods,2005,1481
TLK25,Dorset,G-T,Services,2005,4037
TLG36,Dudley,A-F,Goods,2005,1278
TLG36,Dudley,G-T,Services,2005,2714
TLM92,Dumfries and Galloway,A-F,Goods,2005,809
TLM92,Dumfries and Galloway,G-T,Services,2005,1719
TLC14,Durham CC,A-F,Goods,2005,2376
TLC14,Durham CC,G-T,Services,2005,4163
TLI73,Ealing,A-F,Goods,2005,1178
TLI73,Ealing,G-T,Services,2005,5147
TLM93,East Ayrshire and North Ayrshire mainland,A-F,Goods,2005,958
TLM93,East Ayrshire and North Ayrshire mainland,G-T,Services,2005,2038
TLD12,East Cumbria,A-F,Goods,2005,1416
TLD12,East Cumbria,G-T,Services,2005,3424
TLF12,East Derbyshire,A-F,Goods,2005,1127
TLF12,East Derbyshire,G-T,Services,2005,2633
TLM81,"East Dunbartonshire, West Dunbartonshire, and Helensburgh and Lomond",A-F,Goods,2005,528
TLM81,"East Dunbartonshire, West Dunbartonshire, and Helensburgh and Lomond",G-T,Services,2005,2146
TLJ44,East Kent,A-F,Goods,2005,1273
TLJ44,East Kent,G-T,Services,2005,5910
TLD46,East Lancashire,A-F,Goods,2005,1893
TLD46,East Lancashire,G-T,Services,2005,2624
TLM73,East Lothian and Midlothian,A-F,Goods,2005,498
TLM73,East Lothian and Midlothian,G-T,Services,2005,1422
TLD71,East Merseyside,A-F,Goods,2005,2374
TLD71,East Merseyside,G-T,Services,2005,4926
TLE12,East Riding of Yorkshire,A-F,Goods,2005,1960
TLE12,East Riding of Yorkshire,G-T,Services,2005,3169
TLJ26,East Surrey,A-F,Goods,2005,1356
TLJ26,East Surrey,G-T,Services,2005,9459
TLJ22,East Sussex CC,A-F,Goods,2005,1236
TLJ22,East Sussex CC,G-T,Services,2005,4969
TLI54,Enfield,A-F,Goods,2005,1113
TLI54,Enfield,G-T,Services,2005,4071
TLH34,Essex Haven Gateway,A-F,Goods,2005,1365
TLH34,Essex Haven Gateway,G-T,Services,2005,4868
TLH37,Essex Thames Gateway,A-F,Goods,2005,1841
TLH37,Essex Thames Gateway,G-T,Services,2005,3518
TLM76,Falkirk,A-F,Goods,2005,1026
TLM76,Falkirk,G-T,Services,2005,1767
TLN0G,Fermanagh and Omagh,A-F,Goods,2005,508
TLN0G,Fermanagh and Omagh,G-T,Services,2005,1069
TLL23,Flintshire and Wrexham,A-F,Goods,2005,2168
TLL23,Flintshire and Wrexham,G-T,Services,2005,2652
TLM82,Glasgow City,A-F,Goods,2005,2667
TLM82,Glasgow City,G-T,Services,2005,12711
TLK13,Gloucestershire CC,A-F,Goods,2005,3365
TLK13,Gloucestershire CC,G-T,Services,2005,8693
TLD37,Greater Manchester North East,A-F,Goods,2005,2149
TLD37,Greater Manchester North East,G-T,Services,2005,5528
TLD36,Greater Manchester North West,A-F,Goods,2005,2178
TLD36,Greater Manchester North West,G-T,Services,2005,5293
TLD35,Greater Manchester South East,A-F,Goods,2005,1905
TLD35,Greater Manchester South East,G-T,Services,2005,5446
TLD34,Greater Manchester South West,A-F,Goods,2005,2712
TLD34,Greater Manchester South West,G-T,Services,2005,7996
TLL16,Gwent Valleys,A-F,Goods,2005,1363
TLL16,Gwent Valleys,G-T,Services,2005,2365
TLL12,Gwynedd,A-F,Goods,2005,577
TLL12,Gwynedd,G-T,Services,2005,1270
TLI41,Hackney and Newham,A-F,Goods,2005,1116
TLI41,Hackney and Newham,G-T,Services,2005,6436
TLI43,Haringey and Islington,A-F,Goods,2005,1051
TLI43,Haringey and Islington,G-T,Services,2005,12487
TLI74,Harrow and Hillingdon,A-F,Goods,2005,1576
TLI74,Harrow and Hillingdon,G-T,Services,2005,12985
TLC11,Hartlepool and Stockton-on-Tees,A-F,Goods,2005,1484
TLC11,Hartlepool and Stockton-on-Tees,G-T,Services,2005,3013
TLH36,Heart of Essex,A-F,Goods,2005,1526
TLH36,Heart of Essex,G-T,Services,2005,4527
TLG11,"Herefordshire, County of",A-F,Goods,2005,808
TLG11,"Herefordshire, County of",G-T,Services,2005,1804
TLH23,Hertfordshire CC,A-F,Goods,2005,6232
TLH23,Hertfordshire CC,G-T,Services,2005,20320
TLI75,Hounslow and Richmond upon Thames,A-F,Goods,2005,1225
TLI75,Hounslow and Richmond upon Thames,G-T,Services,2005,11961
TLM83,"Inverclyde, East Renfrewshire, and Renfrewshire",A-F,Goods,2005,1230
TLM83,"Inverclyde, East Renfrewshire, and Renfrewshire",G-T,Services,2005,3607
TLM62,"Inverness and Nairn, Moray, Badenoch and Strathspey",A-F,Goods,2005,959
TLM62,"Inverness and Nairn, Moray, Badenoch and Strathspey",G-T,Services,2005,2366
TLL11,Isle of Anglesey,A-F,Goods,2005,226
TLL11,Isle of Anglesey,G-T,Services,2005,602
TLJ34,Isle of Wight,A-F,Goods,2005,332
TLJ34,Isle of Wight,G-T,Services,2005,1346
TLI33,Kensington & Chelsea and Hammersmith & Fulham,A-F,Goods,2005,538
TLI33,Kensington & Chelsea and Hammersmith & Fulham,G-T,Services,2005,10359
TLJ43,Kent Thames Gateway,A-F,Goods,2005,1901
TLJ43,Kent Thames Gateway,G-T,Services,2005,3623
TLE11,"Kingston upon Hull, City of",A-F,Goods,2005,1478
TLE11,"Kingston upon Hull, City of",G-T,Services,2005,2815
TLI45,Lambeth,A-F,Goods,2005,492
TLI45,Lambeth,G-T,Services,2005,6890
TLD44,Lancaster and Wyre,A-F,Goods,2005,970
TLD44,Lancaster and Wyre,G-T,Services,2005,2321
TLE42,Leeds,A-F,Goods,2005,3409
TLE42,Leeds,G-T,Services,2005,15173
TLF21,Leicester,A-F,Goods,2005,1206
TLF21,Leicester,G-T,Services,2005,4058
TLF22,Leicestershire CC and Rutland,A-F,Goods,2005,4250
TLF22,Leicestershire CC and Rutland,G-T,Services,2005,7638
TLI44,Lewisham and Southwark,A-F,Goods,2005,879
TLI44,Lewisham and Southwark,G-T,Services,2005,11913
TLF30,Lincolnshire CC,A-F,Goods,2005,3165
TLF30,Lincolnshire CC,G-T,Services,2005,6783
TLN0E,Lisburn and Castlereagh,A-F,Goods,2005,516
TLN0E,Lisburn and Castlereagh,G-T,Services,2005,1577
TLD72,Liverpool,A-F,Goods,2005,1701
TLD72,Liverpool,G-T,Services,2005,7618
TLM63,"Lochaber, Skye and Lochalsh, Arran and Cumbrae, and Argyll and Bute",A-F,Goods,2005,549
TLM63,"Lochaber, Skye and Lochalsh, Arran and Cumbrae, and Argyll and Bute",G-T,Services,2005,1246
TLH21,Luton,A-F,Goods,2005,810
TLH21,Luton,G-T,Services,2005,2977
TLD33,Manchester,A-F,Goods,2005,1210
TLD33,Manchester,G-T,Services,2005,12280
TLJ41,Medway,A-F,Goods,2005,985
TLJ41,Medway,G-T,Services,2005,2596
TLI63,"Merton, Kingston upon Thames and Sutton",A-F,Goods,2005,1501
TLI63,"Merton, Kingston upon Thames and Sutton",G-T,Services,2005,9585
TLJ45,Mid Kent,A-F,Goods,2005,1182
TLJ45,Mid Kent,G-T,Services,2005,3610
TLD45,Mid Lancashire,A-F,Goods,2005,3904
TLD45,Mid Lancashire,G-T,Services,2005,5758
TLN0B,Mid Ulster,A-F,Goods,2005,1141
TLN0B,Mid Ulster,G-T,Services,2005,1138
TLN0F,Mid and East Antrim,A-F,Goods,2005,1305
TLN0F,Mid and East Antrim,G-T,Services,2005,1041
TLJ12,Milton Keynes,A-F,Goods,2005,1046
TLJ12,Milton Keynes,G-T,Services,2005,6421
TLL21,Monmouthshire and Newport,A-F,Goods,2005,1132
TLL21,Monmouthshire and Newport,G-T,Services,2005,3058
TLM64,Na h-Eileanan Siar,A-F,Goods,2005,66
TLM64,Na h-Eileanan Siar,G-T,Services,2005,322
TLN08,"Newry, Mourne and Down",A-F,Goods,2005,589
TLN08,"Newry, Mourne and Down",G-T,Services,2005,1346
TLJ37,North Hampshire,A-F,Goods,2005,2166
TLJ37,North Hampshire,G-T,Services,2005,7700
TLM84,North Lanarkshire,A-F,Goods,2005,1661
TLM84,North Lanarkshire,G-T,Services,2005,3478
TLF25,North Northamptonshire,A-F,Goods,2005,1570
TLF25,North Northamptonshire,G-T,Services,2005,3015
TLF15,North Nottinghamshire,A-F,Goods,2005,2271
TLF15,North Nottinghamshire,G-T,Services,2005,4073
TLE22,North Yorkshire CC,A-F,Goods,2005,2798
TLE22,North Yorkshire CC,G-T,Services,2005,7413
TLE13,North and North East Lincolnshire,A-F,Goods,2005,2183
TLE13,North and North East Lincolnshire,G-T,Services,2005,3267
TLH16,North and West Norfolk,A-F,Goods,2005,1100
TLH16,North and West Norfolk,G-T,Services,2005,2200
TLC21,Northumberland,A-F,Goods,2005,1276
TLC21,Northumberland,G-T,Services,2005,2675
TLH15,Norwich and East Norfolk,A-F,Goods,2005,1064
TLH15,Norwich and East Norfolk,G-T,Services,2005,4599
TLF14,Nottingham,A-F,Goods,2005,1404
TLF14,Nottingham,G-T,Services,2005,5252
TLM65,Orkney Islands,A-F,Goods,2005,87
TLM65,Orkney Islands,G-T,Services,2005,341
TLJ14,Oxfordshire CC,A-F,Goods,2005,3373
TLJ14,Oxfordshire CC,G-T,Services,2005,11116
TLM77,"Perth and Kinross, and Stirling",A-F,Goods,2005,1220
TLM77,"Perth and Kinross, and Stirling",G-T,Services,2005,3225
TLH11,Peterborough,A-F,Goods,2005,1004
TLH11,Peterborough,G-T,Services,2005,3530
TLK41,Plymouth,A-F,Goods,2005,967
TLK41,Plymouth,G-T,Services,2005,2980
TLJ31,Portsmouth,A-F,Goods,2005,737
TLJ31,Portsmouth,G-T,Services,2005,3302
TLL24,Powys,A-F,Goods,2005,407
TLL24,Powys,G-T,Services,2005,1261
TLI53,Redbridge and Waltham Forest,A-F,Goods,2005,759
TLI53,Redbridge and Waltham Forest,G-T,Services,2005,5796
TLG37,Sandwell,A-F,Goods,2005,1725
TLG37,Sandwell,G-T,Services,2005,2700
TLM91,Scottish Borders,A-F,Goods,2005,521
TLM91,Scottish Borders,G-T,Services,2005,1081
TLD73,Sefton,A-F,Goods,2005,423
TLD73,Sefton,G-T,Services,2005,2661
TLE32,Sheffield,A-F,Goods,2005,1979
TLE32,Sheffield,G-T,Services,2005,7551
TLM66,Shetland Islands,A-F,Goods,2005,172
TLM66,Shetland Islands,G-T,Services,2005,337
TLG22,Shropshire CC,A-F,Goods,2005,1128
TLG22,Shropshire CC,G-T,Services,2005,3332
TLG32,Solihull,A-F,Goods,2005,1628
TLG32,Solihull,G-T,Services,2005,3622
TLK23,Somerset CC,A-F,Goods,2005,2577
TLK23,Somerset CC,G-T,Services,2005,5799
TLM94,South Ayrshire,A-F,Goods,2005,551
TLM94,South Ayrshire,G-T,Services,2005,1320
TLJ35,South Hampshire,A-F,Goods,2005,2078
TLJ35,South Hampshire,G-T,Services,2005,5245
TLM95,South Lanarkshire,A-F,Goods,2005,1584
TLM95,South Lanarkshire,G-T,Services,2005,3185
TLF16,South Nottinghamshire,A-F,Goods,2005,1137
TLF16,South Nottinghamshire,G-T,Services,2005,3178
TLC12,South Teesside,A-F,Goods,2005,910
TLC12,South Teesside,G-T,Services,2005,2649
TLL14,South West Wales,A-F,Goods,2005,1383
TLL14,South West Wales,G-T,Services,2005,3468
TLF13,South and West Derbyshire,A-F,Goods,2005,2774
TLF13,South and West Derbyshire,G-T,Services,2005,4126
TLJ32,Southampton,A-F,Goods,2005,659
TLJ32,Southampton,G-T,Services,2005,4347
TLH31,Southend-on-Sea,A-F,Goods,2005,392
TLH31,Southend-on-Sea,G-T,Services,2005,1765
TLG24,Staffordshire CC,A-F,Goods,2005,3913
TLG24,Staffordshire CC,G-T,Services,2005,9141
TLG23,Stoke-on-Trent,A-F,Goods,2005,956
TLG23,Stoke-on-Trent,G-T,Services,2005,2717
TLH14,Suffolk CC,A-F,Goods,2005,3168
TLH14,Suffolk CC,G-T,Services,2005,9586
TLC23,Sunderland,A-F,Goods,2005,1584
TLC23,Sunderland,G-T,Services,2005,3316
TLL18,Swansea,A-F,Goods,2005,705
TLL18,Swansea,G-T,Services,2005,3024
TLK14,Swindon,A-F,Goods,2005,2171
TLK14,Swindon,G-T,Services,2005,3749
TLG21,Telford and Wrekin,A-F,Goods,2005,787
TLG21,Telford and Wrekin,G-T,Services,2005,2193
TLH32,Thurrock,A-F,Goods,2005,849
TLH32,Thurrock,G-T,Services,2005,1990
TLK42,Torbay,A-F,Goods,2005,192
TLK42,Torbay,G-T,Services,2005,1464
TLI42,Tower Hamlets,A-F,Goods,2005,727
TLI42,Tower Hamlets,G-T,Services,2005,18548
TLC22,Tyneside,A-F,Goods,2005,2919
TLC22,Tyneside,G-T,Services,2005,11698
TLE45,Wakefield,A-F,Goods,2005,1730
TLE45,Wakefield,G-T,Services,2005,3628
TLG38,Walsall,A-F,Goods,2005,940
TLG38,Walsall,G-T,Services,2005,2342
TLI34,Wandsworth,A-F,Goods,2005,403
TLI34,Wandsworth,G-T,Services,2005,4159
TLD61,Warrington,A-F,Goods,2005,1494
TLD61,Warrington,G-T,Services,2005,3557
TLG13,Warwickshire CC,A-F,Goods,2005,2804
TLG13,Warwickshire CC,G-T,Services,2005,8037
TLD11,West Cumbria,A-F,Goods,2005,1573
TLD11,West Cumbria,G-T,Services,2005,1880
TLH35,West Essex,A-F,Goods,2005,1279
TLH35,West Essex,G-T,Services,2005,4621
TLJ46,West Kent,A-F,Goods,2005,1708
TLJ46,West Kent,G-T,Services,2005,5759
TLM78,West Lothian,A-F,Goods,2005,1041
TLM78,West Lothian,G-T,Services,2005,2039
TLF24,West Northamptonshire,A-F,Goods,2005,1727
TLF24,West Northamptonshire,G-T,Services,2005,5499
TLJ25,West Surrey,A-F,Goods,2005,3248
TLJ25,West Surrey,G-T,Services,2005,16027
TLJ28,West Sussex (North East),A-F,Goods,2005,1665
TLJ28,West Sussex (North East),G-T,Services,2005,6335
TLJ27,West Sussex (South West),A-F,Goods,2005,1761
TLJ27,West Sussex (South West),G-T,Services,2005,4939
TLI32,Westminster,A-F,Goods,2005,1494
TLI32,Westminster,G-T,Services,2005,37170
TLK15,Wiltshire,A-F,Goods,2005,1659
TLK15,Wiltshire,G-T,Services,2005,6377
TLD74,Wirral,A-F,Goods,2005,881
TLD74,Wirral,G-T,Services,2005,2833
TLG39,Wolverhampton,A-F,Goods,2005,1252
TLG39,Wolverhampton,G-T,Services,2005,2668
TLG12,Worcestershire CC,A-F,Goods,2005,2418
TLG12,Worcestershire CC,G-T,Services,2005,6634
TLE21,York,A-F,Goods,2005,963
TLE21,York,G-T,Services,2005,3904
TLM50,Aberdeen City and Aberdeenshire,A-F,Goods,2006,4023
TLM50,Aberdeen City and Aberdeenshire,G-T,Services,2006,8121
TLM71,Angus and Dundee City,A-F,Goods,2006,1039
TLM71,Angus and Dundee City,G-T,Services,2006,3035
TLN0D,Antrim and Newtownabbey,A-F,Goods,2006,745
TLN0D,Antrim and Newtownabbey,G-T,Services,2006,1643
TLN09,Ards and North Down,A-F,Goods,2006,345
TLN09,Ards and North Down,G-T,Services,2006,1285
TLN07,"Armagh City, Banbridge and Craigavon",A-F,Goods,2006,856
TLN07,"Armagh City, Banbridge and Craigavon",G-T,Services,2006,1717
TLI52,Barking & Dagenham and Havering,A-F,Goods,2006,1767
TLI52,Barking & Dagenham and Havering,G-T,Services,2006,5178
TLI71,Barnet,A-F,Goods,2006,866
TLI71,Barnet,G-T,Services,2006,5295
TLE31,"Barnsley, Doncaster and Rotherham",A-F,Goods,2006,3020
TLE31,"Barnsley, Doncaster and Rotherham",G-T,Services,2006,6934
TLK12,"Bath and North East Somerset, North Somerset and South Gloucestershire",A-F,Goods,2006,4020
TLK12,"Bath and North East Somerset, North Somerset and South Gloucestershire",G-T,Services,2006,9707
TLH24,Bedford,A-F,Goods,2006,706
TLH24,Bedford,G-T,Services,2006,2263
TLN06,Belfast,A-F,Goods,2006,1530
TLN06,Belfast,G-T,Services,2006,7776
TLJ11,Berkshire,A-F,Goods,2006,5203
TLJ11,Berkshire,G-T,Services,2006,25024
TLI51,Bexley and Greenwich,A-F,Goods,2006,1724
TLI51,Bexley and Greenwich,G-T,Services,2006,6566
TLG31,Birmingham,A-F,Goods,2006,3974
TLG31,Birmingham,G-T,Services,2006,15193
TLD41,Blackburn with Darwen,A-F,Goods,2006,566
TLD41,Blackburn with Darwen,G-T,Services,2006,1481
TLD42,Blackpool,A-F,Goods,2006,249
TLD42,Blackpool,G-T,Services,2006,1614
TLK24,"Bournemouth, Christchurch and Poole",A-F,Goods,2006,1311
TLK24,"Bournemouth, Christchurch and Poole",G-T,Services,2006,5962
TLE41,Bradford,A-F,Goods,2006,1908
TLE41,Bradford,G-T,Services,2006,5311
TLH17,Breckland and South Norfolk,A-F,Goods,2006,1146
TLH17,Breckland and South Norfolk,G-T,Services,2006,2520
TLI72,Brent,A-F,Goods,2006,1196
TLI72,Brent,G-T,Services,2006,4641
TLL17,Bridgend and Neath Port Talbot,A-F,Goods,2006,1370
TLL17,Bridgend and Neath Port Talbot,G-T,Services,2006,2565
TLJ21,Brighton and Hove,A-F,Goods,2006,521
TLJ21,Brighton and Hove,G-T,Services,2006,4697
TLK11,"Bristol, City of",A-F,Goods,2006,1376
TLK11,"Bristol, City of",G-T,Services,2006,8155
TLI61,Bromley,A-F,Goods,2006,871
TLI61,Bromley,G-T,Services,2006,5615
TLJ13,Buckinghamshire CC,A-F,Goods,2006,2250
TLJ13,Buckinghamshire CC,G-T,Services,2006,8951
TLM61,"Caithness and Sutherland, and Ross and Cromarty",A-F,Goods,2006,449
TLM61,"Caithness and Sutherland, and Ross and Cromarty",G-T,Services,2006,1055
TLE44,Calderdale and Kirklees,A-F,Goods,2006,2496
TLE44,Calderdale and Kirklees,G-T,Services,2006,5977
TLH12,Cambridgeshire CC,A-F,Goods,2006,3218
TLH12,Cambridgeshire CC,G-T,Services,2006,9945
TLI31,Camden and City of London,A-F,Goods,2006,1614
TLI31,Camden and City of London,G-T,Services,2006,56820
TLL22,Cardiff and Vale of Glamorgan,A-F,Goods,2006,1997
TLL22,Cardiff and Vale of Glamorgan,G-T,Services,2006,7750
TLN0C,Causeway Coast and Glens,A-F,Goods,2006,504
TLN0C,Causeway Coast and Glens,G-T,Services,2006,1244
TLH25,Central Bedfordshire,A-F,Goods,2006,1027
TLH25,Central Bedfordshire,G-T,Services,2006,2876
TLJ36,Central Hampshire,A-F,Goods,2006,2471
TLJ36,Central Hampshire,G-T,Services,2006,8304
TLL15,Central Valleys,A-F,Goods,2006,1052
TLL15,Central Valleys,G-T,Services,2006,2590
TLD62,Cheshire East,A-F,Goods,2006,3940
TLD62,Cheshire East,G-T,Services,2006,5624
TLD63,Cheshire West and Chester,A-F,Goods,2006,1733
TLD63,Cheshire West and Chester,G-T,Services,2006,5499
TLD47,Chorley and West Lancashire,A-F,Goods,2006,695
TLD47,Chorley and West Lancashire,G-T,Services,2006,2353
TLM75,City of Edinburgh,A-F,Goods,2006,2118
TLM75,City of Edinburgh,G-T,Services,2006,13951
TLM72,Clackmannanshire and Fife,A-F,Goods,2006,2329
TLM72,Clackmannanshire and Fife,G-T,Services,2006,3661
TLL13,Conwy and Denbighshire,A-F,Goods,2006,514
TLL13,Conwy and Denbighshire,G-T,Services,2006,2123
TLK30,Cornwall and Isles of Scilly,A-F,Goods,2006,1806
TLK30,Cornwall and Isles of Scilly,G-T,Services,2006,5980
TLG33,Coventry,A-F,Goods,2006,1246
TLG33,Coventry,G-T,Services,2006,5226
TLI62,Croydon,A-F,Goods,2006,735
TLI62,Croydon,G-T,Services,2006,6464
TLC13,Darlington,A-F,Goods,2006,444
TLC13,Darlington,G-T,Services,2006,1732
TLF11,Derby,A-F,Goods,2006,2208
TLF11,Derby,G-T,Services,2006,3645
TLN0A,Derry City and Strabane,A-F,Goods,2006,521
TLN0A,Derry City and Strabane,G-T,Services,2006,1520
TLK43,Devon CC,A-F,Goods,2006,3167
TLK43,Devon CC,G-T,Services,2006,9720
TLK25,Dorset,A-F,Goods,2006,1433
TLK25,Dorset,G-T,Services,2006,4291
TLG36,Dudley,A-F,Goods,2006,1278
TLG36,Dudley,G-T,Services,2006,2823
TLM92,Dumfries and Galloway,A-F,Goods,2006,895
TLM92,Dumfries and Galloway,G-T,Services,2006,1766
TLC14,Durham CC,A-F,Goods,2006,2504
TLC14,Durham CC,G-T,Services,2006,4486
TLI73,Ealing,A-F,Goods,2006,1225
TLI73,Ealing,G-T,Services,2006,5448
TLM93,East Ayrshire and North Ayrshire mainland,A-F,Goods,2006,1062
TLM93,East Ayrshire and North Ayrshire mainland,G-T,Services,2006,2145
TLD12,East Cumbria,A-F,Goods,2006,1552
TLD12,East Cumbria,G-T,Services,2006,3703
TLF12,East Derbyshire,A-F,Goods,2006,1140
TLF12,East Derbyshire,G-T,Services,2006,2701
TLM81,"East Dunbartonshire, West Dunbartonshire, and Helensburgh and Lomond",A-F,Goods,2006,592
TLM81,"East Dunbartonshire, West Dunbartonshire, and Helensburgh and Lomond",G-T,Services,2006,2203
TLJ44,East Kent,A-F,Goods,2006,1284
TLJ44,East Kent,G-T,Services,2006,5995
TLD46,East Lancashire,A-F,Goods,2006,1864
TLD46,East Lancashire,G-T,Services,2006,2769
TLM73,East Lothian and Midlothian,A-F,Goods,2006,563
TLM73,East Lothian and Midlothian,G-T,Services,2006,1469
TLD71,East Merseyside,A-F,Goods,2006,2596
TLD71,East Merseyside,G-T,Services,2006,5242
TLE12,East Riding of Yorkshire,A-F,Goods,2006,2093
TLE12,East Riding of Yorkshire,G-T,Services,2006,3332
TLJ26,East Surrey,A-F,Goods,2006,1430
TLJ26,East Surrey,G-T,Services,2006,10488
TLJ22,East Sussex CC,A-F,Goods,2006,1283
TLJ22,East Sussex CC,G-T,Services,2006,5191
TLI54,Enfield,A-F,Goods,2006,1147
TLI54,Enfield,G-T,Services,2006,4332
TLH34,Essex Haven Gateway,A-F,Goods,2006,1424
TLH34,Essex Haven Gateway,G-T,Services,2006,5028
TLH37,Essex Thames Gateway,A-F,Goods,2006,1868
TLH37,Essex Thames Gateway,G-T,Services,2006,3680
TLM76,Falkirk,A-F,Goods,2006,1054
TLM76,Falkirk,G-T,Services,2006,1910
TLN0G,Fermanagh and Omagh,A-F,Goods,2006,536
TLN0G,Fermanagh and Omagh,G-T,Services,2006,1139
TLL23,Flintshire and Wrexham,A-F,Goods,2006,2331
TLL23,Flintshire and Wrexham,G-T,Services,2006,2796
TLM82,Glasgow City,A-F,Goods,2006,2901
TLM82,Glasgow City,G-T,Services,2006,13290
TLK13,Gloucestershire CC,A-F,Goods,2006,3378
TLK13,Gloucestershire CC,G-T,Services,2006,8974
TLD37,Greater Manchester North East,A-F,Goods,2006,2135
TLD37,Greater Manchester North East,G-T,Services,2006,5850
TLD36,Greater Manchester North West,A-F,Goods,2006,2205
TLD36,Greater Manchester North West,G-T,Services,2006,5612
TLD35,Greater Manchester South East,A-F,Goods,2006,1918
TLD35,Greater Manchester South East,G-T,Services,2006,5731
TLD34,Greater Manchester South West,A-F,Goods,2006,2777
TLD34,Greater Manchester South West,G-T,Services,2006,8506
TLL16,Gwent Valleys,A-F,Goods,2006,1383
TLL16,Gwent Valleys,G-T,Services,2006,2526
TLL12,Gwynedd,A-F,Goods,2006,623
TLL12,Gwynedd,G-T,Services,2006,1349
TLI41,Hackney and Newham,A-F,Goods,2006,1155
TLI41,Hackney and Newham,G-T,Services,2006,6674
TLI43,Haringey and Islington,A-F,Goods,2006,1122
TLI43,Haringey and Islington,G-T,Services,2006,12976
TLI74,Harrow and Hillingdon,A-F,Goods,2006,1667
TLI74,Harrow and Hillingdon,G-T,Services,2006,13252
TLC11,Hartlepool and Stockton-on-Tees,A-F,Goods,2006,1552
TLC11,Hartlepool and Stockton-on-Tees,G-T,Services,2006,3265
TLH36,Heart of Essex,A-F,Goods,2006,1581
TLH36,Heart of Essex,G-T,Services,2006,4736
TLG11,"Herefordshire, County of",A-F,Goods,2006,819
TLG11,"Herefordshire, County of",G-T,Services,2006,1890
TLH23,Hertfordshire CC,A-F,Goods,2006,6429
TLH23,Hertfordshire CC,G-T,Services,2006,20826
TLI75,Hounslow and Richmond upon Thames,A-F,Goods,2006,1287
TLI75,Hounslow and Richmond upon Thames,G-T,Services,2006,13251
TLM83,"Inverclyde, East Renfrewshire, and Renfrewshire",A-F,Goods,2006,1309
TLM83,"Inverclyde, East Renfrewshire, and Renfrewshire",G-T,Services,2006,3727
TLM62,"Inverness and Nairn, Moray, Badenoch and Strathspey",A-F,Goods,2006,1038
TLM62,"Inverness and Nairn, Moray, Badenoch and Strathspey",G-T,Services,2006,2465
TLL11,Isle of Anglesey,A-F,Goods,2006,234
TLL11,Isle of Anglesey,G-T,Services,2006,622
TLJ34,Isle of Wight,A-F,Goods,2006,343
TLJ34,Isle of Wight,G-T,Services,2006,1426
TLI33,Kensington & Chelsea and Hammersmith & Fulham,A-F,Goods,2006,616
TLI33,Kensington & Chelsea and Hammersmith & Fulham,G-T,Services,2006,10538
TLJ43,Kent Thames Gateway,A-F,Goods,2006,1794
TLJ43,Kent Thames Gateway,G-T,Services,2006,3804
TLE11,"Kingston upon Hull, City of",A-F,Goods,2006,1757
TLE11,"Kingston upon Hull, City of",G-T,Services,2006,2952
TLI45,Lambeth,A-F,Goods,2006,534
TLI45,Lambeth,G-T,Services,2006,6993
TLD44,Lancaster and Wyre,A-F,Goods,2006,1063
TLD44,Lancaster and Wyre,G-T,Services,2006,2405
TLE42,Leeds,A-F,Goods,2006,3775
TLE42,Leeds,G-T,Services,2006,15987
TLF21,Leicester,A-F,Goods,2006,1195
TLF21,Leicester,G-T,Services,2006,4452
TLF22,Leicestershire CC and Rutland,A-F,Goods,2006,4387
TLF22,Leicestershire CC and Rutland,G-T,Services,2006,8346
TLI44,Lewisham and Southwark,A-F,Goods,2006,988
TLI44,Lewisham and Southwark,G-T,Services,2006,12351
TLF30,Lincolnshire CC,A-F,Goods,2006,3219
TLF30,Lincolnshire CC,G-T,Services,2006,7425
TLN0E,Lisburn and Castlereagh,A-F,Goods,2006,543
TLN0E,Lisburn and Castlereagh,G-T,Services,2006,1677
TLD72,Liverpool,A-F,Goods,2006,2052
TLD72,Liverpool,G-T,Services,2006,8129
TLM63,"Lochaber, Skye and Lochalsh, Arran and Cumbrae, and Argyll and Bute",A-F,Goods,2006,572
TLM63,"Lochaber, Skye and Lochalsh, Arran and Cumbrae, and Argyll and Bute",G-T,Services,2006,1289
TLH21,Luton,A-F,Goods,2006,863
TLH21,Luton,G-T,Services,2006,3046
TLD33,Manchester,A-F,Goods,2006,1262
TLD33,Manchester,G-T,Services,2006,13206
TLJ41,Medway,A-F,Goods,2006,1018
TLJ41,Medway,G-T,Services,2006,2730
TLI63,"Merton, Kingston upon Thames and Sutton",A-F,Goods,2006,1593
TLI63,"Merton, Kingston upon Thames and Sutton",G-T,Services,2006,10029
TLJ45,Mid Kent,A-F,Goods,2006,1171
TLJ45,Mid Kent,G-T,Services,2006,3827
TLD45,Mid Lancashire,A-F,Goods,2006,3794
TLD45,Mid Lancashire,G-T,Services,2006,5990
TLN0B,Mid Ulster,A-F,Goods,2006,1199
TLN0B,Mid Ulster,G-T,Services,2006,1206
TLN0F,Mid and East Antrim,A-F,Goods,2006,1365
TLN0F,Mid and East Antrim,G-T,Services,2006,1092
TLJ12,Milton Keynes,A-F,Goods,2006,960
TLJ12,Milton Keynes,G-T,Services,2006,6893
TLL21,Monmouthshire and Newport,A-F,Goods,2006,1228
TLL21,Monmouthshire and Newport,G-T,Services,2006,3181
TLM64,Na h-Eileanan Siar,A-F,Goods,2006,68
TLM64,Na h-Eileanan Siar,G-T,Services,2006,330
TLN08,"Newry, Mourne and Down",A-F,Goods,2006,631
TLN08,"Newry, Mourne and Down",G-T,Services,2006,1423
TLJ37,North Hampshire,A-F,Goods,2006,2066
TLJ37,North Hampshire,G-T,Services,2006,8049
TLM84,North Lanarkshire,A-F,Goods,2006,1794
TLM84,North Lanarkshire,G-T,Services,2006,3611
TLF25,North Northamptonshire,A-F,Goods,2006,1567
TLF25,North Northamptonshire,G-T,Services,2006,3247
TLF15,North Nottinghamshire,A-F,Goods,2006,2394
TLF15,North Nottinghamshire,G-T,Services,2006,4216
TLE22,North Yorkshire CC,A-F,Goods,2006,3108
TLE22,North Yorkshire CC,G-T,Services,2006,7649
TLE13,North and North East Lincolnshire,A-F,Goods,2006,2028
TLE13,North and North East Lincolnshire,G-T,Services,2006,3468
TLH16,North and West Norfolk,A-F,Goods,2006,1121
TLH16,North and West Norfolk,G-T,Services,2006,2316
TLC21,Northumberland,A-F,Goods,2006,1343
TLC21,Northumberland,G-T,Services,2006,2814
TLH15,Norwich and East Norfolk,A-F,Goods,2006,1167
TLH15,Norwich and East Norfolk,G-T,Services,2006,5015
TLF14,Nottingham,A-F,Goods,2006,1620
TLF14,Nottingham,G-T,Services,2006,5507
TLM65,Orkney Islands,A-F,Goods,2006,93
TLM65,Orkney Islands,G-T,Services,2006,340
TLJ14,Oxfordshire CC,A-F,Goods,2006,3366
TLJ14,Oxfordshire CC,G-T,Services,2006,11565
TLM77,"Perth and Kinross, and Stirling",A-F,Goods,2006,1441
TLM77,"Perth and Kinross, and Stirling",G-T,Services,2006,3409
TLH11,Peterborough,A-F,Goods,2006,1114
TLH11,Peterborough,G-T,Services,2006,3921
TLK41,Plymouth,A-F,Goods,2006,1039
TLK41,Plymouth,G-T,Services,2006,3165
TLJ31,Portsmouth,A-F,Goods,2006,744
TLJ31,Portsmouth,G-T,Services,2006,3444
TLL24,Powys,A-F,Goods,2006,388
TLL24,Powys,G-T,Services,2006,1331
TLI53,Redbridge and Waltham Forest,A-F,Goods,2006,787
TLI53,Redbridge and Waltham Forest,G-T,Services,2006,6174
TLG37,Sandwell,A-F,Goods,2006,1798
TLG37,Sandwell,G-T,Services,2006,2813
TLM91,Scottish Borders,A-F,Goods,2006,559
TLM91,Scottish Borders,G-T,Services,2006,1146
TLD73,Sefton,A-F,Goods,2006,448
TLD73,Sefton,G-T,Services,2006,2831
TLE32,Sheffield,A-F,Goods,2006,2037
TLE32,Sheffield,G-T,Services,2006,8051
TLM66,Shetland Islands,A-F,Goods,2006,182
TLM66,Shetland Islands,G-T,Services,2006,352
TLG22,Shropshire CC,A-F,Goods,2006,1171
TLG22,Shropshire CC,G-T,Services,2006,3433
TLG32,Solihull,A-F,Goods,2006,1558
TLG32,Solihull,G-T,Services,2006,3787
TLK23,Somerset CC,A-F,Goods,2006,2660
TLK23,Somerset CC,G-T,Services,2006,6130
TLM94,South Ayrshire,A-F,Goods,2006,605
TLM94,South Ayrshire,G-T,Services,2006,1376
TLJ35,South Hampshire,A-F,Goods,2006,2082
TLJ35,South Hampshire,G-T,Services,2006,5518
TLM95,South Lanarkshire,A-F,Goods,2006,1784
TLM95,South Lanarkshire,G-T,Services,2006,3398
TLF16,South Nottinghamshire,A-F,Goods,2006,1208
TLF16,South Nottinghamshire,G-T,Services,2006,3282
TLC12,South Teesside,A-F,Goods,2006,862
TLC12,South Teesside,G-T,Services,2006,2849
TLL14,South West Wales,A-F,Goods,2006,1277
TLL14,South West Wales,G-T,Services,2006,3687
TLF13,South and West Derbyshire,A-F,Goods,2006,2740
TLF13,South and West Derbyshire,G-T,Services,2006,4236
TLJ32,Southampton,A-F,Goods,2006,724
TLJ32,Southampton,G-T,Services,2006,4391
TLH31,Southend-on-Sea,A-F,Goods,2006,416
TLH31,Southend-on-Sea,G-T,Services,2006,1876
TLG24,Staffordshire CC,A-F,Goods,2006,4056
TLG24,Staffordshire CC,G-T,Services,2006,9368
TLG23,Stoke-on-Trent,A-F,Goods,2006,959
TLG23,Stoke-on-Trent,G-T,Services,2006,2869
TLH14,Suffolk CC,A-F,Goods,2006,3448
TLH14,Suffolk CC,G-T,Services,2006,10175
TLC23,Sunderland,A-F,Goods,2006,1702
TLC23,Sunderland,G-T,Services,2006,3457
TLL18,Swansea,A-F,Goods,2006,703
TLL18,Swansea,G-T,Services,2006,3185
TLK14,Swindon,A-F,Goods,2006,2508
TLK14,Swindon,G-T,Services,2006,3863
TLG21,Telford and Wrekin,A-F,Goods,2006,810
TLG21,Telford and Wrekin,G-T,Services,2006,2266
TLH32,Thurrock,A-F,Goods,2006,892
TLH32,Thurrock,G-T,Services,2006,2049
TLK42,Torbay,A-F,Goods,2006,201
TLK42,Torbay,G-T,Services,2006,1543
TLI42,Tower Hamlets,A-F,Goods,2006,810
TLI42,Tower Hamlets,G-T,Services,2006,20401
TLC22,Tyneside,A-F,Goods,2006,3113
TLC22,Tyneside,G-T,Services,2006,12220
TLE45,Wakefield,A-F,Goods,2006,1846
TLE45,Wakefield,G-T,Services,2006,3690
TLG38,Walsall,A-F,Goods,2006,913
TLG38,Walsall,G-T,Services,2006,2422
TLI34,Wandsworth,A-F,Goods,2006,445
TLI34,Wandsworth,G-T,Services,2006,4330
TLD61,Warrington,A-F,Goods,2006,1553
TLD61,Warrington,G-T,Services,2006,3736
TLG13,Warwickshire CC,A-F,Goods,2006,3030
TLG13,Warwickshire CC,G-T,Services,2006,8434
TLD11,West Cumbria,A-F,Goods,2006,1661
TLD11,West Cumbria,G-T,Services,2006,2049
TLH35,West Essex,A-F,Goods,2006,1345
TLH35,West Essex,G-T,Services,2006,4813
TLJ46,West Kent,A-F,Goods,2006,1726
TLJ46,West Kent,G-T,Services,2006,5977
TLM78,West Lothian,A-F,Goods,2006,1111
TLM78,West Lothian,G-T,Services,2006,2166
TLF24,West Northamptonshire,A-F,Goods,2006,1796
TLF24,West Northamptonshire,G-T,Services,2006,6067
TLJ25,West Surrey,A-F,Goods,2006,3484
TLJ25,West Surrey,G-T,Services,2006,17068
TLJ28,West Sussex (North East),A-F,Goods,2006,1772
TLJ28,West Sussex (North East),G-T,Services,2006,6691
TLJ27,West Sussex (South West),A-F,Goods,2006,1782
TLJ27,West Sussex (South West),G-T,Services,2006,5232
TLI32,Westminster,A-F,Goods,2006,1663
TLI32,Westminster,G-T,Services,2006,38338
TLK15,Wiltshire,A-F,Goods,2006,1673
TLK15,Wiltshire,G-T,Services,2006,6581
TLD74,Wirral,A-F,Goods,2006,926
TLD74,Wirral,G-T,Services,2006,3013
TLG39,Wolverhampton,A-F,Goods,2006,1271
TLG39,Wolverhampton,G-T,Services,2006,2764
TLG12,Worcestershire CC,A-F,Goods,2006,2647
TLG12,Worcestershire CC,G-T,Services,2006,7031
TLE21,York,A-F,Goods,2006,953
TLE21,York,G-T,Services,2006,3997
TLM50,Aberdeen City and Aberdeenshire,A-F,Goods,2007,4498
TLM50,Aberdeen City and Aberdeenshire,G-T,Services,2007,9096
TLM71,Angus and Dundee City,A-F,Goods,2007,1073
TLM71,Angus and Dundee City,G-T,Services,2007,3182
TLN0D,Antrim and Newtownabbey,A-F,Goods,2007,771
TLN0D,Antrim and Newtownabbey,G-T,Services,2007,1742
TLN09,Ards and North Down,A-F,Goods,2007,362
TLN09,Ards and North Down,G-T,Services,2007,1319
TLN07,"Armagh City, Banbridge and Craigavon",A-F,Goods,2007,917
TLN07,"Armagh City, Banbridge and Craigavon",G-T,Services,2007,1815
TLI52,Barking & Dagenham and Havering,A-F,Goods,2007,1858
TLI52,Barking & Dagenham and Havering,G-T,Services,2007,5446
TLI71,Barnet,A-F,Goods,2007,905
TLI71,Barnet,G-T,Services,2007,5552
TLE31,"Barnsley, Doncaster and Rotherham",A-F,Goods,2007,3244
TLE31,"Barnsley, Doncaster and Rotherham",G-T,Services,2007,7448
TLK12,"Bath and North East Somerset, North Somerset and South Gloucestershire",A-F,Goods,2007,4010
TLK12,"Bath and North East Somerset, North Somerset and South Gloucestershire",G-T,Services,2007,10287
TLH24,Bedford,A-F,Goods,2007,712
TLH24,Bedford,G-T,Services,2007,2360
TLN06,Belfast,A-F,Goods,2007,1564
TLN06,Belfast,G-T,Services,2007,8146
TLJ11,Berkshire,A-F,Goods,2007,5451
TLJ11,Berkshire,G-T,Services,2007,26260
TLI51,Bexley and Greenwich,A-F,Goods,2007,1821
TLI51,Bexley and Greenwich,G-T,Services,2007,6852
TLG31,Birmingham,A-F,Goods,2007,4179
TLG31,Birmingham,G-T,Services,2007,15928
TLD41,Blackburn with Darwen,A-F,Goods,2007,573
TLD41,Blackburn with Darwen,G-T,Services,2007,1571
TLD42,Blackpool,A-F,Goods,2007,249
TLD42,Blackpool,G-T,Services,2007,1652
TLK24,"Bournemouth, Christchurch and Poole",A-F,Goods,2007,1319
TLK24,"Bournemouth, Christchurch and Poole",G-T,Services,2007,6242
TLE41,Bradford,A-F,Goods,2007,2015
TLE41,Bradford,G-T,Services,2007,5581
TLH17,Breckland and South Norfolk,A-F,Goods,2007,1164
TLH17,Breckland and South Norfolk,G-T,Services,2007,2599
TLI72,Brent,A-F,Goods,2007,1206
TLI72,Brent,G-T,Services,2007,4872
TLL17,Bridgend and Neath Port Talbot,A-F,Goods,2007,1427
TLL17,Bridgend and Neath Port Talbot,G-T,Services,2007,2624
TLJ21,Brighton and Hove,A-F,Goods,2007,566
TLJ21,Brighton and Hove,G-T,Services,2007,4835
TLK11,"Bristol, City of",A-F,Goods,2007,1454
TLK11,"Bristol, City of",G-T,Services,2007,8829
TLI61,Bromley,A-F,Goods,2007,926
TLI61,Bromley,G-T,Services,2007,5822
TLJ13,Buckinghamshire CC,A-F,Goods,2007,2340
TLJ13,Buckinghamshire CC,G-T,Services,2007,9383
TLM61,"Caithness and Sutherland, and Ross and Cromarty",A-F,Goods,2007,461
TLM61,"Caithness and Sutherland, and Ross and Cromarty",G-T,Services,2007,1074
TLE44,Calderdale and Kirklees,A-F,Goods,2007,2599
TLE44,Calderdale and Kirklees,G-T,Services,2007,6305
TLH12,Cambridgeshire CC,A-F,Goods,2007,3309
TLH12,Cambridgeshire CC,G-T,Services,2007,10411
TLI31,Camden and City of London,A-F,Goods,2007,1958
TLI31,Camden and City of London,G-T,Services,2007,62476
TLL22,Cardiff and Vale of Glamorgan,A-F,Goods,2007,2026
TLL22,Cardiff and Vale of Glamorgan,G-T,Services,2007,8363
TLN0C,Causeway Coast and Glens,A-F,Goods,2007,513
TLN0C,Causeway Coast and Glens,G-T,Services,2007,1274
TLH25,Central Bedfordshire,A-F,Goods,2007,1032
TLH25,Central Bedfordshire,G-T,Services,2007,3017
TLJ36,Central Hampshire,A-F,Goods,2007,2646
TLJ36,Central Hampshire,G-T,Services,2007,8638
TLL15,Central Valleys,A-F,Goods,2007,1071
TLL15,Central Valleys,G-T,Services,2007,2662
TLD62,Cheshire East,A-F,Goods,2007,3824
TLD62,Cheshire East,G-T,Services,2007,5929
TLD63,Cheshire West and Chester,A-F,Goods,2007,1775
TLD63,Cheshire West and Chester,G-T,Services,2007,5987
TLD47,Chorley and West Lancashire,A-F,Goods,2007,739
TLD47,Chorley and West Lancashire,G-T,Services,2007,2472
TLM75,City of Edinburgh,A-F,Goods,2007,2165
TLM75,City of Edinburgh,G-T,Services,2007,14747
TLM72,Clackmannanshire and Fife,A-F,Goods,2007,2434
TLM72,Clackmannanshire and Fife,G-T,Services,2007,3802
TLL13,Conwy and Denbighshire,A-F,Goods,2007,535
TLL13,Conwy and Denbighshire,G-T,Services,2007,2142
TLK30,Cornwall and Isles of Scilly,A-F,Goods,2007,1863
TLK30,Cornwall and Isles of Scilly,G-T,Services,2007,6074
TLG33,Coventry,A-F,Goods,2007,1304
TLG33,Coventry,G-T,Services,2007,5511
TLI62,Croydon,A-F,Goods,2007,770
TLI62,Croydon,G-T,Services,2007,6931
TLC13,Darlington,A-F,Goods,2007,440
TLC13,Darlington,G-T,Services,2007,1696
TLF11,Derby,A-F,Goods,2007,2081
TLF11,Derby,G-T,Services,2007,3915
TLN0A,Derry City and Strabane,A-F,Goods,2007,498
TLN0A,Derry City and Strabane,G-T,Services,2007,1541
TLK43,Devon CC,A-F,Goods,2007,3211
TLK43,Devon CC,G-T,Services,2007,9849
TLK25,Dorset,A-F,Goods,2007,1420
TLK25,Dorset,G-T,Services,2007,4420
TLG36,Dudley,A-F,Goods,2007,1332
TLG36,Dudley,G-T,Services,2007,2935
TLM92,Dumfries and Galloway,A-F,Goods,2007,912
TLM92,Dumfries and Galloway,G-T,Services,2007,1771
TLC14,Durham CC,A-F,Goods,2007,2655
TLC14,Durham CC,G-T,Services,2007,4609
TLI73,Ealing,A-F,Goods,2007,1291
TLI73,Ealing,G-T,Services,2007,5726
TLM93,East Ayrshire and North Ayrshire mainland,A-F,Goods,2007,1090
TLM93,East Ayrshire and North Ayrshire mainland,G-T,Services,2007,2207
TLD12,East Cumbria,A-F,Goods,2007,1586
TLD12,East Cumbria,G-T,Services,2007,3844
TLF12,East Derbyshire,A-F,Goods,2007,1151
TLF12,East Derbyshire,G-T,Services,2007,2844
TLM81,"East Dunbartonshire, West Dunbartonshire, and Helensburgh and Lomond",A-F,Goods,2007,583
TLM81,"East Dunbartonshire, West Dunbartonshire, and Helensburgh and Lomond",G-T,Services,2007,2244
TLJ44,East Kent,A-F,Goods,2007,1317
TLJ44,East Kent,G-T,Services,2007,6154
TLD46,East Lancashire,A-F,Goods,2007,1852
TLD46,East Lancashire,G-T,Services,2007,2971
TLM73,East Lothian and Midlothian,A-F,Goods,2007,591
TLM73,East Lothian and Midlothian,G-T,Services,2007,1528
TLD71,East Merseyside,A-F,Goods,2007,2512
TLD71,East Merseyside,G-T,Services,2007,5385
TLE12,East Riding of Yorkshire,A-F,Goods,2007,1941
TLE12,East Riding of Yorkshire,G-T,Services,2007,3564
TLJ26,East Surrey,A-F,Goods,2007,1591
TLJ26,East Surrey,G-T,Services,2007,10780
TLJ22,East Sussex CC,A-F,Goods,2007,1369
TLJ22,East Sussex CC,G-T,Services,2007,5287
TLI54,Enfield,A-F,Goods,2007,1224
TLI54,Enfield,G-T,Services,2007,4576
TLH34,Essex Haven Gateway,A-F,Goods,2007,1488
TLH34,Essex Haven Gateway,G-T,Services,2007,5185
TLH37,Essex Thames Gateway,A-F,Goods,2007,1910
TLH37,Essex Thames Gateway,G-T,Services,2007,3829
TLM76,Falkirk,A-F,Goods,2007,1010
TLM76,Falkirk,G-T,Services,2007,2011
TLN0G,Fermanagh and Omagh,A-F,Goods,2007,553
TLN0G,Fermanagh and Omagh,G-T,Services,2007,1149
TLL23,Flintshire and Wrexham,A-F,Goods,2007,2332
TLL23,Flintshire and Wrexham,G-T,Services,2007,2935
TLM82,Glasgow City,A-F,Goods,2007,2943
TLM82,Glasgow City,G-T,Services,2007,13742
TLK13,Gloucestershire CC,A-F,Goods,2007,3449
TLK13,Gloucestershire CC,G-T,Services,2007,9514
TLD37,Greater Manchester North East,A-F,Goods,2007,2206
TLD37,Greater Manchester North East,G-T,Services,2007,6155
TLD36,Greater Manchester North West,A-F,Goods,2007,2263
TLD36,Greater Manchester North West,G-T,Services,2007,5870
TLD35,Greater Manchester South East,A-F,Goods,2007,1981
TLD35,Greater Manchester South East,G-T,Services,2007,6044
TLD34,Greater Manchester South West,A-F,Goods,2007,2952
TLD34,Greater Manchester South West,G-T,Services,2007,8875
TLL16,Gwent Valleys,A-F,Goods,2007,1381
TLL16,Gwent Valleys,G-T,Services,2007,2566
TLL12,Gwynedd,A-F,Goods,2007,648
TLL12,Gwynedd,G-T,Services,2007,1367
TLI41,Hackney and Newham,A-F,Goods,2007,1247
TLI41,Hackney and Newham,G-T,Services,2007,7171
TLI43,Haringey and Islington,A-F,Goods,2007,1207
TLI43,Haringey and Islington,G-T,Services,2007,14318
TLI74,Harrow and Hillingdon,A-F,Goods,2007,1726
TLI74,Harrow and Hillingdon,G-T,Services,2007,13765
TLC11,Hartlepool and Stockton-on-Tees,A-F,Goods,2007,1698
TLC11,Hartlepool and Stockton-on-Tees,G-T,Services,2007,3372
TLH36,Heart of Essex,A-F,Goods,2007,1645
TLH36,Heart of Essex,G-T,Services,2007,4921
TLG11,"Herefordshire, County of",A-F,Goods,2007,849
TLG11,"Herefordshire, County of",G-T,Services,2007,1926
TLH23,Hertfordshire CC,A-F,Goods,2007,6733
TLH23,Hertfordshire CC,G-T,Services,2007,21816
TLI75,Hounslow and Richmond upon Thames,A-F,Goods,2007,1347
TLI75,Hounslow and Richmond upon Thames,G-T,Services,2007,14299
TLM83,"Inverclyde, East Renfrewshire, and Renfrewshire",A-F,Goods,2007,1178
TLM83,"Inverclyde, East Renfrewshire, and Renfrewshire",G-T,Services,2007,3787
TLM62,"Inverness and Nairn, Moray, Badenoch and Strathspey",A-F,Goods,2007,1114
TLM62,"Inverness and Nairn, Moray, Badenoch and Strathspey",G-T,Services,2007,2566
TLL11,Isle of Anglesey,A-F,Goods,2007,253
TLL11,Isle of Anglesey,G-T,Services,2007,610
TLJ34,Isle of Wight,A-F,Goods,2007,361
TLJ34,Isle of Wight,G-T,Services,2007,1452
TLI33,Kensington & Chelsea and Hammersmith & Fulham,A-F,Goods,2007,641
TLI33,Kensington & Chelsea and Hammersmith & Fulham,G-T,Services,2007,11681
TLJ43,Kent Thames Gateway,A-F,Goods,2007,1849
TLJ43,Kent Thames Gateway,G-T,Services,2007,3988
TLE11,"Kingston upon Hull, City of",A-F,Goods,2007,1789
TLE11,"Kingston upon Hull, City of",G-T,Services,2007,3150
TLI45,Lambeth,A-F,Goods,2007,609
TLI45,Lambeth,G-T,Services,2007,7822
TLD44,Lancaster and Wyre,A-F,Goods,2007,1074
TLD44,Lancaster and Wyre,G-T,Services,2007,2512
TLE42,Leeds,A-F,Goods,2007,3904
TLE42,Leeds,G-T,Services,2007,16961
TLF21,Leicester,A-F,Goods,2007,1288
TLF21,Leicester,G-T,Services,2007,4678
TLF22,Leicestershire CC and Rutland,A-F,Goods,2007,4575
TLF22,Leicestershire CC and Rutland,G-T,Services,2007,8814
TLI44,Lewisham and Southwark,A-F,Goods,2007,1162
TLI44,Lewisham and Southwark,G-T,Services,2007,13557
TLF30,Lincolnshire CC,A-F,Goods,2007,3376
TLF30,Lincolnshire CC,G-T,Services,2007,7828
TLN0E,Lisburn and Castlereagh,A-F,Goods,2007,559
TLN0E,Lisburn and Castlereagh,G-T,Services,2007,1745
TLD72,Liverpool,A-F,Goods,2007,1875
TLD72,Liverpool,G-T,Services,2007,8275
TLM63,"Lochaber, Skye and Lochalsh, Arran and Cumbrae, and Argyll and Bute",A-F,Goods,2007,561
TLM63,"Lochaber, Skye and Lochalsh, Arran and Cumbrae, and Argyll and Bute",G-T,Services,2007,1322
TLH21,Luton,A-F,Goods,2007,934
TLH21,Luton,G-T,Services,2007,3199
TLD33,Manchester,A-F,Goods,2007,1343
TLD33,Manchester,G-T,Services,2007,13896
TLJ41,Medway,A-F,Goods,2007,1053
TLJ41,Medway,G-T,Services,2007,2849
TLI63,"Merton, Kingston upon Thames and Sutton",A-F,Goods,2007,1671
TLI63,"Merton, Kingston upon Thames and Sutton",G-T,Services,2007,10678
TLJ45,Mid Kent,A-F,Goods,2007,1200
TLJ45,Mid Kent,G-T,Services,2007,4043
TLD45,Mid Lancashire,A-F,Goods,2007,3919
TLD45,Mid Lancashire,G-T,Services,2007,6362
TLN0B,Mid Ulster,A-F,Goods,2007,1270
TLN0B,Mid Ulster,G-T,Services,2007,1243
TLN0F,Mid and East Antrim,A-F,Goods,2007,1363
TLN0F,Mid and East Antrim,G-T,Services,2007,1122
TLJ12,Milton Keynes,A-F,Goods,2007,987
TLJ12,Milton Keynes,G-T,Services,2007,7292
TLL21,Monmouthshire and Newport,A-F,Goods,2007,1268
TLL21,Monmouthshire and Newport,G-T,Services,2007,3316
TLM64,Na h-Eileanan Siar,A-F,Goods,2007,69
TLM64,Na h-Eileanan Siar,G-T,Services,2007,342
TLN08,"Newry, Mourne and Down",A-F,Goods,2007,662
TLN08,"Newry, Mourne and Down",G-T,Services,2007,1449
TLJ37,North Hampshire,A-F,Goods,2007,2035
TLJ37,North Hampshire,G-T,Services,2007,8729
TLM84,North Lanarkshire,A-F,Goods,2007,1770
TLM84,North Lanarkshire,G-T,Services,2007,3703
TLF25,North Northamptonshire,A-F,Goods,2007,1664
TLF25,North Northamptonshire,G-T,Services,2007,3413
TLF15,North Nottinghamshire,A-F,Goods,2007,2426
TLF15,North Nottinghamshire,G-T,Services,2007,4427
TLE22,North Yorkshire CC,A-F,Goods,2007,3195
TLE22,North Yorkshire CC,G-T,Services,2007,8193
TLE13,North and North East Lincolnshire,A-F,Goods,2007,2360
TLE13,North and North East Lincolnshire,G-T,Services,2007,3743
TLH16,North and West Norfolk,A-F,Goods,2007,1143
TLH16,North and West Norfolk,G-T,Services,2007,2398
TLC21,Northumberland,A-F,Goods,2007,1394
TLC21,Northumberland,G-T,Services,2007,2847
TLH15,Norwich and East Norfolk,A-F,Goods,2007,1181
TLH15,Norwich and East Norfolk,G-T,Services,2007,5231
TLF14,Nottingham,A-F,Goods,2007,1687
TLF14,Nottingham,G-T,Services,2007,5704
TLM65,Orkney Islands,A-F,Goods,2007,91
TLM65,Orkney Islands,G-T,Services,2007,360
TLJ14,Oxfordshire CC,A-F,Goods,2007,3497
TLJ14,Oxfordshire CC,G-T,Services,2007,12153
TLM77,"Perth and Kinross, and Stirling",A-F,Goods,2007,1505
TLM77,"Perth and Kinross, and Stirling",G-T,Services,2007,3585
TLH11,Peterborough,A-F,Goods,2007,1173
TLH11,Peterborough,G-T,Services,2007,3938
TLK41,Plymouth,A-F,Goods,2007,1062
TLK41,Plymouth,G-T,Services,2007,3200
TLJ31,Portsmouth,A-F,Goods,2007,794
TLJ31,Portsmouth,G-T,Services,2007,3685
TLL24,Powys,A-F,Goods,2007,390
TLL24,Powys,G-T,Services,2007,1388
TLI53,Redbridge and Waltham Forest,A-F,Goods,2007,831
TLI53,Redbridge and Waltham Forest,G-T,Services,2007,6445
TLG37,Sandwell,A-F,Goods,2007,1749
TLG37,Sandwell,G-T,Services,2007,2898
TLM91,Scottish Borders,A-F,Goods,2007,563
TLM91,Scottish Borders,G-T,Services,2007,1169
TLD73,Sefton,A-F,Goods,2007,454
TLD73,Sefton,G-T,Services,2007,2867
TLE32,Sheffield,A-F,Goods,2007,2171
TLE32,Sheffield,G-T,Services,2007,8565
TLM66,Shetland Islands,A-F,Goods,2007,175
TLM66,Shetland Islands,G-T,Services,2007,367
TLG22,Shropshire CC,A-F,Goods,2007,1151
TLG22,Shropshire CC,G-T,Services,2007,3566
TLG32,Solihull,A-F,Goods,2007,1546
TLG32,Solihull,G-T,Services,2007,3975
TLK23,Somerset CC,A-F,Goods,2007,2580
TLK23,Somerset CC,G-T,Services,2007,6328
TLM94,South Ayrshire,A-F,Goods,2007,556
TLM94,South Ayrshire,G-T,Services,2007,1402
TLJ35,South Hampshire,A-F,Goods,2007,2199
TLJ35,South Hampshire,G-T,Services,2007,5763
TLM95,South Lanarkshire,A-F,Goods,2007,1784
TLM95,South Lanarkshire,G-T,Services,2007,3487
TLF16,South Nottinghamshire,A-F,Goods,2007,1233
TLF16,South Nottinghamshire,G-T,Services,2007,3479
TLC12,South Teesside,A-F,Goods,2007,869
TLC12,South Teesside,G-T,Services,2007,2918
TLL14,South West Wales,A-F,Goods,2007,1513
TLL14,South West Wales,G-T,Services,2007,3740
TLF13,South and West Derbyshire,A-F,Goods,2007,2726
TLF13,South and West Derbyshire,G-T,Services,2007,4433
TLJ32,Southampton,A-F,Goods,2007,731
TLJ32,Southampton,G-T,Services,2007,4681
TLH31,Southend-on-Sea,A-F,Goods,2007,407
TLH31,Southend-on-Sea,G-T,Services,2007,1971
TLG24,Staffordshire CC,A-F,Goods,2007,3980
TLG24,Staffordshire CC,G-T,Services,2007,9739
TLG23,Stoke-on-Trent,A-F,Goods,2007,971
TLG23,Stoke-on-Trent,G-T,Services,2007,2988
TLH14,Suffolk CC,A-F,Goods,2007,3516
TLH14,Suffolk CC,G-T,Services,2007,10431
TLC23,Sunderland,A-F,Goods,2007,1669
TLC23,Sunderland,G-T,Services,2007,3511
TLL18,Swansea,A-F,Goods,2007,737
TLL18,Swansea,G-T,Services,2007,3309
TLK14,Swindon,A-F,Goods,2007,2895
TLK14,Swindon,G-T,Services,2007,4148
TLG21,Telford and Wrekin,A-F,Goods,2007,816
TLG21,Telford and Wrekin,G-T,Services,2007,2319
TLH32,Thurrock,A-F,Goods,2007,947
TLH32,Thurrock,G-T,Services,2007,2105
TLK42,Torbay,A-F,Goods,2007,192
TLK42,Torbay,G-T,Services,2007,1576
TLI42,Tower Hamlets,A-F,Goods,2007,907
TLI42,Tower Hamlets,G-T,Services,2007,22593
TLC22,Tyneside,A-F,Goods,2007,3131
TLC22,Tyneside,G-T,Services,2007,12404
TLE45,Wakefield,A-F,Goods,2007,1860
TLE45,Wakefield,G-T,Services,2007,3857
TLG38,Walsall,A-F,Goods,2007,971
TLG38,Walsall,G-T,Services,2007,2476
TLI34,Wandsworth,A-F,Goods,2007,478
TLI34,Wandsworth,G-T,Services,2007,4731
TLD61,Warrington,A-F,Goods,2007,1609
TLD61,Warrington,G-T,Services,2007,3973
TLG13,Warwickshire CC,A-F,Goods,2007,3075
TLG13,Warwickshire CC,G-T,Services,2007,8595
TLD11,West Cumbria,A-F,Goods,2007,1608
TLD11,West Cumbria,G-T,Services,2007,2169
TLH35,West Essex,A-F,Goods,2007,1406
TLH35,West Essex,G-T,Services,2007,4986
TLJ46,West Kent,A-F,Goods,2007,1834
TLJ46,West Kent,G-T,Services,2007,6180
TLM78,West Lothian,A-F,Goods,2007,1157
TLM78,West Lothian,G-T,Services,2007,2279
TLF24,West Northamptonshire,A-F,Goods,2007,1905
TLF24,West Northamptonshire,G-T,Services,2007,6463
TLJ25,West Surrey,A-F,Goods,2007,3710
TLJ25,West Surrey,G-T,Services,2007,17544
TLJ28,West Sussex (North East),A-F,Goods,2007,1880
TLJ28,West Sussex (North East),G-T,Services,2007,6887
TLJ27,West Sussex (South West),A-F,Goods,2007,1967
TLJ27,West Sussex (South West),G-T,Services,2007,5309
TLI32,Westminster,A-F,Goods,2007,1934
TLI32,Westminster,G-T,Services,2007,42317
TLK15,Wiltshire,A-F,Goods,2007,1793
TLK15,Wiltshire,G-T,Services,2007,6883
TLD74,Wirral,A-F,Goods,2007,919
TLD74,Wirral,G-T,Services,2007,3074
TLG39,Wolverhampton,A-F,Goods,2007,1292
TLG39,Wolverhampton,G-T,Services,2007,2874
TLG12,Worcestershire CC,A-F,Goods,2007,2683
TLG12,Worcestershire CC,G-T,Services,2007,6942
TLE21,York,A-F,Goods,2007,951
TLE21,York,G-T,Services,2007,4241
TLM50,Aberdeen City and Aberdeenshire,A-F,Goods,2008,5162
TLM50,Aberdeen City and Aberdeenshire,G-T,Services,2008,9889
TLM71,Angus and Dundee City,A-F,Goods,2008,1081
TLM71,Angus and Dundee City,G-T,Services,2008,3275
TLN0D,Antrim and Newtownabbey,A-F,Goods,2008,710
TLN0D,Antrim and Newtownabbey,G-T,Services,2008,1773
TLN09,Ards and North Down,A-F,Goods,2008,347
TLN09,Ards and North Down,G-T,Services,2008,1359
TLN07,"Armagh City, Banbridge and Craigavon",A-F,Goods,2008,893
TLN07,"Armagh City, Banbridge and Craigavon",G-T,Services,2008,1840
TLI52,Barking & Dagenham and Havering,A-F,Goods,2008,1946
TLI52,Barking & Dagenham and Havering,G-T,Services,2008,5433
TLI71,Barnet,A-F,Goods,2008,935
TLI71,Barnet,G-T,Services,2008,5549
TLE31,"Barnsley, Doncaster and Rotherham",A-F,Goods,2008,3169
TLE31,"Barnsley, Doncaster and Rotherham",G-T,Services,2008,7476
TLK12,"Bath and North East Somerset, North Somerset and South Gloucestershire",A-F,Goods,2008,4205
TLK12,"Bath and North East Somerset, North Somerset and South Gloucestershire",G-T,Services,2008,10831
TLH24,Bedford,A-F,Goods,2008,757
TLH24,Bedford,G-T,Services,2008,2478
TLN06,Belfast,A-F,Goods,2008,1620
TLN06,Belfast,G-T,Services,2008,8259
TLJ11,Berkshire,A-F,Goods,2008,5639
TLJ11,Berkshire,G-T,Services,2008,27352
TLI51,Bexley and Greenwich,A-F,Goods,2008,1903
TLI51,Bexley and Greenwich,G-T,Services,2008,7048
TLG31,Birmingham,A-F,Goods,2008,4124
TLG31,Birmingham,G-T,Services,2008,16361
TLD41,Blackburn with Darwen,A-F,Goods,2008,582
TLD41,Blackburn with Darwen,G-T,Services,2008,1636
TLD42,Blackpool,A-F,Goods,2008,239
TLD42,Blackpool,G-T,Services,2008,1673
TLK24,"Bournemouth, Christchurch and Poole",A-F,Goods,2008,1359
TLK24,"Bournemouth, Christchurch and Poole",G-T,Services,2008,6602
TLE41,Bradford,A-F,Goods,2008,2079
TLE41,Bradford,G-T,Services,2008,5784
TLH17,Breckland and South Norfolk,A-F,Goods,2008,1230
TLH17,Breckland and South Norfolk,G-T,Services,2008,2656
TLI72,Brent,A-F,Goods,2008,1195
TLI72,Brent,G-T,Services,2008,4940
TLL17,Bridgend and Neath Port Talbot,A-F,Goods,2008,1503
TLL17,Bridgend and Neath Port Talbot,G-T,Services,2008,2666
TLJ21,Brighton and Hove,A-F,Goods,2008,624
TLJ21,Brighton and Hove,G-T,Services,2008,5075
TLK11,"Bristol, City of",A-F,Goods,2008,1400
TLK11,"Bristol, City of",G-T,Services,2008,9381
TLI61,Bromley,A-F,Goods,2008,920
TLI61,Bromley,G-T,Services,2008,5829
TLJ13,Buckinghamshire CC,A-F,Goods,2008,2438
TLJ13,Buckinghamshire CC,G-T,Services,2008,9979
TLM61,"Caithness and Sutherland, and Ross and Cromarty",A-F,Goods,2008,484
TLM61,"Caithness and Sutherland, and Ross and Cromarty",G-T,Services,2008,1119
TLE44,Calderdale and Kirklees,A-F,Goods,2008,2581
TLE44,Calderdale and Kirklees,G-T,Services,2008,6280
TLH12,Cambridgeshire CC,A-F,Goods,2008,3539
TLH12,Cambridgeshire CC,G-T,Services,2008,10763
TLI31,Camden and City of London,A-F,Goods,2008,2126
TLI31,Camden and City of London,G-T,Services,2008,62161
TLL22,Cardiff and Vale of Glamorgan,A-F,Goods,2008,2053
TLL22,Cardiff and Vale of Glamorgan,G-T,Services,2008,8265
TLN0C,Causeway Coast and Glens,A-F,Goods,2008,502
TLN0C,Causeway Coast and Glens,G-T,Services,2008,1285
TLH25,Central Bedfordshire,A-F,Goods,2008,1058
TLH25,Central Bedfordshire,G-T,Services,2008,3183
TLJ36,Central Hampshire,A-F,Goods,2008,2666
TLJ36,Central Hampshire,G-T,Services,2008,9089
TLL15,Central Valleys,A-F,Goods,2008,1128
TLL15,Central Valleys,G-T,Services,2008,2739
TLD62,Cheshire East,A-F,Goods,2008,3735
TLD62,Cheshire East,G-T,Services,2008,5960
TLD63,Cheshire West and Chester,A-F,Goods,2008,1814
TLD63,Cheshire West and Chester,G-T,Services,2008,6049
TLD47,Chorley and West Lancashire,A-F,Goods,2008,775
TLD47,Chorley and West Lancashire,G-T,Services,2008,2550
TLM75,City of Edinburgh,A-F,Goods,2008,2212
TLM75,City of Edinburgh,G-T,Services,2008,14718
TLM72,Clackmannanshire and Fife,A-F,Goods,2008,2560
TLM72,Clackmannanshire and Fife,G-T,Services,2008,3941
TLL13,Conwy and Denbighshire,A-F,Goods,2008,540
TLL13,Conwy and Denbighshire,G-T,Services,2008,2179
TLK30,Cornwall and Isles of Scilly,A-F,Goods,2008,1982
TLK30,Cornwall and Isles of Scilly,G-T,Services,2008,6400
TLG33,Coventry,A-F,Goods,2008,1376
TLG33,Coventry,G-T,Services,2008,5704
TLI62,Croydon,A-F,Goods,2008,774
TLI62,Croydon,G-T,Services,2008,6906
TLC13,Darlington,A-F,Goods,2008,530
TLC13,Darlington,G-T,Services,2008,1734
TLF11,Derby,A-F,Goods,2008,2119
TLF11,Derby,G-T,Services,2008,4006
TLN0A,Derry City and Strabane,A-F,Goods,2008,509
TLN0A,Derry City and Strabane,G-T,Services,2008,1608
TLK43,Devon CC,A-F,Goods,2008,3337
TLK43,Devon CC,G-T,Services,2008,10214
TLK25,Dorset,A-F,Goods,2008,1609
TLK25,Dorset,G-T,Services,2008,4683
TLG36,Dudley,A-F,Goods,2008,1277
TLG36,Dudley,G-T,Services,2008,3012
TLM92,Dumfries and Galloway,A-F,Goods,2008,966
TLM92,Dumfries and Galloway,G-T,Services,2008,1881
TLC14,Durham CC,A-F,Goods,2008,2780
TLC14,Durham CC,G-T,Services,2008,4768
TLI73,Ealing,A-F,Goods,2008,1340
TLI73,Ealing,G-T,Services,2008,5756
TLM93,East Ayrshire and North Ayrshire mainland,A-F,Goods,2008,1113
TLM93,East Ayrshire and North Ayrshire mainland,G-T,Services,2008,2339
TLD12,East Cumbria,A-F,Goods,2008,1719
TLD12,East Cumbria,G-T,Services,2008,4007
TLF12,East Derbyshire,A-F,Goods,2008,1131
TLF12,East Derbyshire,G-T,Services,2008,3023
TLM81,"East Dunbartonshire, West Dunbartonshire, and Helensburgh and Lomond",A-F,Goods,2008,625
TLM81,"East Dunbartonshire, West Dunbartonshire, and Helensburgh and Lomond",G-T,Services,2008,2331
TLJ44,East Kent,A-F,Goods,2008,1428
TLJ44,East Kent,G-T,Services,2008,6675
TLD46,East Lancashire,A-F,Goods,2008,1767
TLD46,East Lancashire,G-T,Services,2008,3123
TLM73,East Lothian and Midlothian,A-F,Goods,2008,597
TLM73,East Lothian and Midlothian,G-T,Services,2008,1583
TLD71,East Merseyside,A-F,Goods,2008,2648
TLD71,East Merseyside,G-T,Services,2008,5608
TLE12,East Riding of Yorkshire,A-F,Goods,2008,1960
TLE12,East Riding of Yorkshire,G-T,Services,2008,3632
TLJ26,East Surrey,A-F,Goods,2008,1630
TLJ26,East Surrey,G-T,Services,2008,11097
TLJ22,East Sussex CC,A-F,Goods,2008,1403
TLJ22,East Sussex CC,G-T,Services,2008,5736
TLI54,Enfield,A-F,Goods,2008,1289
TLI54,Enfield,G-T,Services,2008,4638
TLH34,Essex Haven Gateway,A-F,Goods,2008,1533
TLH34,Essex Haven Gateway,G-T,Services,2008,5379
TLH37,Essex Thames Gateway,A-F,Goods,2008,2061
TLH37,Essex Thames Gateway,G-T,Services,2008,4003
TLM76,Falkirk,A-F,Goods,2008,1133
TLM76,Falkirk,G-T,Services,2008,2119
TLN0G,Fermanagh and Omagh,A-F,Goods,2008,532
TLN0G,Fermanagh and Omagh,G-T,Services,2008,1181
TLL23,Flintshire and Wrexham,A-F,Goods,2008,2430
TLL23,Flintshire and Wrexham,G-T,Services,2008,2982
TLM82,Glasgow City,A-F,Goods,2008,3195
TLM82,Glasgow City,G-T,Services,2008,14107
TLK13,Gloucestershire CC,A-F,Goods,2008,3430
TLK13,Gloucestershire CC,G-T,Services,2008,9913
TLD37,Greater Manchester North East,A-F,Goods,2008,2257
TLD37,Greater Manchester North East,G-T,Services,2008,6194
TLD36,Greater Manchester North West,A-F,Goods,2008,2182
TLD36,Greater Manchester North West,G-T,Services,2008,5900
TLD35,Greater Manchester South East,A-F,Goods,2008,2187
TLD35,Greater Manchester South East,G-T,Services,2008,6083
TLD34,Greater Manchester South West,A-F,Goods,2008,3102
TLD34,Greater Manchester South West,G-T,Services,2008,9002
TLL16,Gwent Valleys,A-F,Goods,2008,1378
TLL16,Gwent Valleys,G-T,Services,2008,2596
TLL12,Gwynedd,A-F,Goods,2008,656
TLL12,Gwynedd,G-T,Services,2008,1394
TLI41,Hackney and Newham,A-F,Goods,2008,1317
TLI41,Hackney and Newham,G-T,Services,2008,7551
TLI43,Haringey and Islington,A-F,Goods,2008,1202
TLI43,Haringey and Islington,G-T,Services,2008,15149
TLI74,Harrow and Hillingdon,A-F,Goods,2008,1768
TLI74,Harrow and Hillingdon,G-T,Services,2008,13772
TLC11,Hartlepool and Stockton-on-Tees,A-F,Goods,2008,1691
TLC11,Hartlepool and Stockton-on-Tees,G-T,Services,2008,3476
TLH36,Heart of Essex,A-F,Goods,2008,1648
TLH36,Heart of Essex,G-T,Services,2008,5026
TLG11,"Herefordshire, County of",A-F,Goods,2008,914
TLG11,"Herefordshire, County of",G-T,Services,2008,2022
TLH23,Hertfordshire CC,A-F,Goods,2008,7506
TLH23,Hertfordshire CC,G-T,Services,2008,22722
TLI75,Hounslow and Richmond upon Thames,A-F,Goods,2008,1458
TLI75,Hounslow and Richmond upon Thames,G-T,Services,2008,15014
TLM83,"Inverclyde, East Renfrewshire, and Renfrewshire",A-F,Goods,2008,1257
TLM83,"Inverclyde, East Renfrewshire, and Renfrewshire",G-T,Services,2008,4026
TLM62,"Inverness and Nairn, Moray, Badenoch and Strathspey",A-F,Goods,2008,1317
TLM62,"Inverness and Nairn, Moray, Badenoch and Strathspey",G-T,Services,2008,2673
TLL11,Isle of Anglesey,A-F,Goods,2008,251
TLL11,Isle of Anglesey,G-T,Services,2008,619
TLJ34,Isle of Wight,A-F,Goods,2008,385
TLJ34,Isle of Wight,G-T,Services,2008,1538
TLI33,Kensington & Chelsea and Hammersmith & Fulham,A-F,Goods,2008,719
TLI33,Kensington & Chelsea and Hammersmith & Fulham,G-T,Services,2008,12514
TLJ43,Kent Thames Gateway,A-F,Goods,2008,1987
TLJ43,Kent Thames Gateway,G-T,Services,2008,4281
TLE11,"Kingston upon Hull, City of",A-F,Goods,2008,2234
TLE11,"Kingston upon Hull, City of",G-T,Services,2008,3238
TLI45,Lambeth,A-F,Goods,2008,651
TLI45,Lambeth,G-T,Services,2008,8343
TLD44,Lancaster and Wyre,A-F,Goods,2008,1085
TLD44,Lancaster and Wyre,G-T,Services,2008,2579
TLE42,Leeds,A-F,Goods,2008,4055
TLE42,Leeds,G-T,Services,2008,16711
TLF21,Leicester,A-F,Goods,2008,1262
TLF21,Leicester,G-T,Services,2008,4960
TLF22,Leicestershire CC and Rutland,A-F,Goods,2008,4933
TLF22,Leicestershire CC and Rutland,G-T,Services,2008,9192
TLI44,Lewisham and Southwark,A-F,Goods,2008,1250
TLI44,Lewisham and Southwark,G-T,Services,2008,14273
TLF30,Lincolnshire CC,A-F,Goods,2008,3616
TLF30,Lincolnshire CC,G-T,Services,2008,8254
TLN0E,Lisburn and Castlereagh,A-F,Goods,2008,558
TLN0E,Lisburn and Castlereagh,G-T,Services,2008,1749
TLD72,Liverpool,A-F,Goods,2008,1978
TLD72,Liverpool,G-T,Services,2008,8718
TLM63,"Lochaber, Skye and Lochalsh, Arran and Cumbrae, and Argyll and Bute",A-F,Goods,2008,595
TLM63,"Lochaber, Skye and Lochalsh, Arran and Cumbrae, and Argyll and Bute",G-T,Services,2008,1377
TLH21,Luton,A-F,Goods,2008,1010
TLH21,Luton,G-T,Services,2008,3350
TLD33,Manchester,A-F,Goods,2008,1455
TLD33,Manchester,G-T,Services,2008,14099
TLJ41,Medway,A-F,Goods,2008,1119
TLJ41,Medway,G-T,Services,2008,3038
TLI63,"Merton, Kingston upon Thames and Sutton",A-F,Goods,2008,1647
TLI63,"Merton, Kingston upon Thames and Sutton",G-T,Services,2008,10869
TLJ45,Mid Kent,A-F,Goods,2008,1270
TLJ45,Mid Kent,G-T,Services,2008,4297
TLD45,Mid Lancashire,A-F,Goods,2008,3722
TLD45,Mid Lancashire,G-T,Services,2008,6675
TLN0B,Mid Ulster,A-F,Goods,2008,1192
TLN0B,Mid Ulster,G-T,Services,2008,1245
TLN0F,Mid and East Antrim,A-F,Goods,2008,1451
TLN0F,Mid and East Antrim,G-T,Services,2008,1154
TLJ12,Milton Keynes,A-F,Goods,2008,1003
TLJ12,Milton Keynes,G-T,Services,2008,7576
TLL21,Monmouthshire and Newport,A-F,Goods,2008,1236
TLL21,Monmouthshire and Newport,G-T,Services,2008,3256
TLM64,Na h-Eileanan Siar,A-F,Goods,2008,74
TLM64,Na h-Eileanan Siar,G-T,Services,2008,364
TLN08,"Newry, Mourne and Down",A-F,Goods,2008,672
TLN08,"Newry, Mourne and Down",G-T,Services,2008,1506
TLJ37,North Hampshire,A-F,Goods,2008,2033
TLJ37,North Hampshire,G-T,Services,2008,9225
TLM84,North Lanarkshire,A-F,Goods,2008,1889
TLM84,North Lanarkshire,G-T,Services,2008,3956
TLF25,North Northamptonshire,A-F,Goods,2008,1721
TLF25,North Northamptonshire,G-T,Services,2008,3571
TLF15,North Nottinghamshire,A-F,Goods,2008,2380
TLF15,North Nottinghamshire,G-T,Services,2008,4648
TLE22,North Yorkshire CC,A-F,Goods,2008,3381
TLE22,North Yorkshire CC,G-T,Services,2008,8303
TLE13,North and North East Lincolnshire,A-F,Goods,2008,2569
TLE13,North and North East Lincolnshire,G-T,Services,2008,3865
TLH16,North and West Norfolk,A-F,Goods,2008,1253
TLH16,North and West Norfolk,G-T,Services,2008,2478
TLC21,Northumberland,A-F,Goods,2008,1413
TLC21,Northumberland,G-T,Services,2008,2964
TLH15,Norwich and East Norfolk,A-F,Goods,2008,1257
TLH15,Norwich and East Norfolk,G-T,Services,2008,5469
TLF14,Nottingham,A-F,Goods,2008,1658
TLF14,Nottingham,G-T,Services,2008,5949
TLM65,Orkney Islands,A-F,Goods,2008,100
TLM65,Orkney Islands,G-T,Services,2008,381
TLJ14,Oxfordshire CC,A-F,Goods,2008,3650
TLJ14,Oxfordshire CC,G-T,Services,2008,13069
TLM77,"Perth and Kinross, and Stirling",A-F,Goods,2008,1496
TLM77,"Perth and Kinross, and Stirling",G-T,Services,2008,3645
TLH11,Peterborough,A-F,Goods,2008,1192
TLH11,Peterborough,G-T,Services,2008,3840
TLK41,Plymouth,A-F,Goods,2008,1126
TLK41,Plymouth,G-T,Services,2008,3342
TLJ31,Portsmouth,A-F,Goods,2008,842
TLJ31,Portsmouth,G-T,Services,2008,3932
TLL24,Powys,A-F,Goods,2008,374
TLL24,Powys,G-T,Services,2008,1350
TLI53,Redbridge and Waltham Forest,A-F,Goods,2008,844
TLI53,Redbridge and Waltham Forest,G-T,Services,2008,6437
TLG37,Sandwell,A-F,Goods,2008,1812
TLG37,Sandwell,G-T,Services,2008,2909
TLM91,Scottish Borders,A-F,Goods,2008,574
TLM91,Scottish Borders,G-T,Services,2008,1229
TLD73,Sefton,A-F,Goods,2008,469
TLD73,Sefton,G-T,Services,2008,2982
TLE32,Sheffield,A-F,Goods,2008,2159
TLE32,Sheffield,G-T,Services,2008,8444
TLM66,Shetland Islands,A-F,Goods,2008,198
TLM66,Shetland Islands,G-T,Services,2008,389
TLG22,Shropshire CC,A-F,Goods,2008,1226
TLG22,Shropshire CC,G-T,Services,2008,3794
TLG32,Solihull,A-F,Goods,2008,1553
TLG32,Solihull,G-T,Services,2008,3975
TLK23,Somerset CC,A-F,Goods,2008,2744
TLK23,Somerset CC,G-T,Services,2008,6601
TLM94,South Ayrshire,A-F,Goods,2008,583
TLM94,South Ayrshire,G-T,Services,2008,1470
TLJ35,South Hampshire,A-F,Goods,2008,2325
TLJ35,South Hampshire,G-T,Services,2008,6066
TLM95,South Lanarkshire,A-F,Goods,2008,1918
TLM95,South Lanarkshire,G-T,Services,2008,3673
TLF16,South Nottinghamshire,A-F,Goods,2008,1222
TLF16,South Nottinghamshire,G-T,Services,2008,3645
TLC12,South Teesside,A-F,Goods,2008,982
TLC12,South Teesside,G-T,Services,2008,2986
TLL14,South West Wales,A-F,Goods,2008,1491
TLL14,South West Wales,G-T,Services,2008,3820
TLF13,South and West Derbyshire,A-F,Goods,2008,2807
TLF13,South and West Derbyshire,G-T,Services,2008,4622
TLJ32,Southampton,A-F,Goods,2008,733
TLJ32,Southampton,G-T,Services,2008,5010
TLH31,Southend-on-Sea,A-F,Goods,2008,420
TLH31,Southend-on-Sea,G-T,Services,2008,2045
TLG24,Staffordshire CC,A-F,Goods,2008,4030
TLG24,Staffordshire CC,G-T,Services,2008,10333
TLG23,Stoke-on-Trent,A-F,Goods,2008,1070
TLG23,Stoke-on-Trent,G-T,Services,2008,3153
TLH14,Suffolk CC,A-F,Goods,2008,3713
TLH14,Suffolk CC,G-T,Services,2008,10597
TLC23,Sunderland,A-F,Goods,2008,1877
TLC23,Sunderland,G-T,Services,2008,3479
TLL18,Swansea,A-F,Goods,2008,736
TLL18,Swansea,G-T,Services,2008,3460
TLK14,Swindon,A-F,Goods,2008,3172
TLK14,Swindon,G-T,Services,2008,4336
TLG21,Telford and Wrekin,A-F,Goods,2008,820
TLG21,Telford and Wrekin,G-T,Services,2008,2423
TLH32,Thurrock,A-F,Goods,2008,906
TLH32,Thurrock,G-T,Services,2008,2195
TLK42,Torbay,A-F,Goods,2008,194
TLK42,Torbay,G-T,Services,2008,1615
TLI42,Tower Hamlets,A-F,Goods,2008,969
TLI42,Tower Hamlets,G-T,Services,2008,23509
TLC22,Tyneside,A-F,Goods,2008,3080
TLC22,Tyneside,G-T,Services,2008,12631
TLE45,Wakefield,A-F,Goods,2008,1876
TLE45,Wakefield,G-T,Services,2008,3977
TLG38,Walsall,A-F,Goods,2008,957
TLG38,Walsall,G-T,Services,2008,2550
TLI34,Wandsworth,A-F,Goods,2008,503
TLI34,Wandsworth,G-T,Services,2008,4880
TLD61,Warrington,A-F,Goods,2008,1551
TLD61,Warrington,G-T,Services,2008,3991
TLG13,Warwickshire CC,A-F,Goods,2008,3174
TLG13,Warwickshire CC,G-T,Services,2008,8971
TLD11,West Cumbria,A-F,Goods,2008,1865
TLD11,West Cumbria,G-T,Services,2008,2287
TLH35,West Essex,A-F,Goods,2008,1399
TLH35,West Essex,G-T,Services,2008,5128
TLJ46,West Kent,A-F,Goods,2008,1915
TLJ46,West Kent,G-T,Services,2008,6590
TLM78,West Lothian,A-F,Goods,2008,1217
TLM78,West Lothian,G-T,Services,2008,2347
TLF24,West Northamptonshire,A-F,Goods,2008,1927
TLF24,West Northamptonshire,G-T,Services,2008,6774
TLJ25,West Surrey,A-F,Goods,2008,3812
TLJ25,West Surrey,G-T,Services,2008,18667
TLJ28,West Sussex (North East),A-F,Goods,2008,2040
TLJ28,West Sussex (North East),G-T,Services,2008,7413
TLJ27,West Sussex (South West),A-F,Goods,2008,2062
TLJ27,West Sussex (South West),G-T,Services,2008,5708
TLI32,Westminster,A-F,Goods,2008,2368
TLI32,Westminster,G-T,Services,2008,44150
TLK15,Wiltshire,A-F,Goods,2008,1777
TLK15,Wiltshire,G-T,Services,2008,7304
TLD74,Wirral,A-F,Goods,2008,937
TLD74,Wirral,G-T,Services,2008,3198
TLG39,Wolverhampton,A-F,Goods,2008,1270
TLG39,Wolverhampton,G-T,Services,2008,2987
TLG12,Worcestershire CC,A-F,Goods,2008,2799
TLG12,Worcestershire CC,G-T,Services,2008,7289
TLE21,York,A-F,Goods,2008,937
TLE21,York,G-T,Services,2008,4269
TLM50,Aberdeen City and Aberdeenshire,A-F,Goods,2009,4774
TLM50,Aberdeen City and Aberdeenshire,G-T,Services,2009,9995
TLM71,Angus and Dundee City,A-F,Goods,2009,973
TLM71,Angus and Dundee City,G-T,Services,2009,3327
TLN0D,Antrim and Newtownabbey,A-F,Goods,2009,602
TLN0D,Antrim and Newtownabbey,G-T,Services,2009,1778
TLN09,Ards and North Down,A-F,Goods,2009,286
TLN09,Ards and North Down,G-T,Services,2009,1337
TLN07,"Armagh City, Banbridge and Craigavon",A-F,Goods,2009,781
TLN07,"Armagh City, Banbridge and Craigavon",G-T,Services,2009,1853
TLI52,Barking & Dagenham and Havering,A-F,Goods,2009,1799
TLI52,Barking & Dagenham and Havering,G-T,Services,2009,5063
TLI71,Barnet,A-F,Goods,2009,821
TLI71,Barnet,G-T,Services,2009,5360
TLE31,"Barnsley, Doncaster and Rotherham",A-F,Goods,2009,2770
TLE31,"Barnsley, Doncaster and Rotherham",G-T,Services,2009,7408
TLK12,"Bath and North East Somerset, North Somerset and South Gloucestershire",A-F,Goods,2009,3806
TLK12,"Bath and North East Somerset, North Somerset and South Gloucestershire",G-T,Services,2009,10975
TLH24,Bedford,A-F,Goods,2009,692
TLH24,Bedford,G-T,Services,2009,2439
TLN06,Belfast,A-F,Goods,2009,1503
TLN06,Belfast,G-T,Services,2009,8400
TLJ11,Berkshire,A-F,Goods,2009,5452
TLJ11,Berkshire,G-T,Services,2009,27269
TLI51,Bexley and Greenwich,A-F,Goods,2009,1812
TLI51,Bexley and Greenwich,G-T,Services,2009,6647
TLG31,Birmingham,A-F,Goods,2009,3680
TLG31,Birmingham,G-T,Services,2009,16623
TLD41,Blackburn with Darwen,A-F,Goods,2009,517
TLD41,Blackburn with Darwen,G-T,Services,2009,1645
TLD42,Blackpool,A-F,Goods,2009,210
TLD42,Blackpool,G-T,Services,2009,1633
TLK24,"Bournemouth, Christchurch and Poole",A-F,Goods,2009,1242
TLK24,"Bournemouth, Christchurch and Poole",G-T,Services,2009,6639
TLE41,Bradford,A-F,Goods,2009,1934
TLE41,Bradford,G-T,Services,2009,5860
TLH17,Breckland and South Norfolk,A-F,Goods,2009,1191
TLH17,Breckland and South Norfolk,G-T,Services,2009,2680
TLI72,Brent,A-F,Goods,2009,1071
TLI72,Brent,G-T,Services,2009,4708
TLL17,Bridgend and Neath Port Talbot,A-F,Goods,2009,1324
TLL17,Bridgend and Neath Port Talbot,G-T,Services,2009,2655
TLJ21,Brighton and Hove,A-F,Goods,2009,648
TLJ21,Brighton and Hove,G-T,Services,2009,5103
TLK11,"Bristol, City of",A-F,Goods,2009,1336
TLK11,"Bristol, City of",G-T,Services,2009,9727
TLI61,Bromley,A-F,Goods,2009,771
TLI61,Bromley,G-T,Services,2009,5551
TLJ13,Buckinghamshire CC,A-F,Goods,2009,2194
TLJ13,Buckinghamshire CC,G-T,Services,2009,9938
TLM61,"Caithness and Sutherland, and Ross and Cromarty",A-F,Goods,2009,457
TLM61,"Caithness and Sutherland, and Ross and Cromarty",G-T,Services,2009,1101
TLE44,Calderdale and Kirklees,A-F,Goods,2009,2404
TLE44,Calderdale and Kirklees,G-T,Services,2009,6267
TLH12,Cambridgeshire CC,A-F,Goods,2009,3428
TLH12,Cambridgeshire CC,G-T,Services,2009,10888
TLI31,Camden and City of London,A-F,Goods,2009,2058
TLI31,Camden and City of London,G-T,Services,2009,65122
TLL22,Cardiff and Vale of Glamorgan,A-F,Goods,2009,1959
TLL22,Cardiff and Vale of Glamorgan,G-T,Services,2009,8573
TLN0C,Causeway Coast and Glens,A-F,Goods,2009,460
TLN0C,Causeway Coast and Glens,G-T,Services,2009,1265
TLH25,Central Bedfordshire,A-F,Goods,2009,919
TLH25,Central Bedfordshire,G-T,Services,2009,3145
TLJ36,Central Hampshire,A-F,Goods,2009,2459
TLJ36,Central Hampshire,G-T,Services,2009,9081
TLL15,Central Valleys,A-F,Goods,2009,1278
TLL15,Central Valleys,G-T,Services,2009,2732
TLD62,Cheshire East,A-F,Goods,2009,3516
TLD62,Cheshire East,G-T,Services,2009,5932
TLD63,Cheshire West and Chester,A-F,Goods,2009,1813
TLD63,Cheshire West and Chester,G-T,Services,2009,6378
TLD47,Chorley and West Lancashire,A-F,Goods,2009,726
TLD47,Chorley and West Lancashire,G-T,Services,2009,2563
TLM75,City of Edinburgh,A-F,Goods,2009,1971
TLM75,City of Edinburgh,G-T,Services,2009,15835
TLM72,Clackmannanshire and Fife,A-F,Goods,2009,2321
TLM72,Clackmannanshire and Fife,G-T,Services,2009,3983
TLL13,Conwy and Denbighshire,A-F,Goods,2009,489
TLL13,Conwy and Denbighshire,G-T,Services,2009,2132
TLK30,Cornwall and Isles of Scilly,A-F,Goods,2009,1887
TLK30,Cornwall and Isles of Scilly,G-T,Services,2009,6102
TLG33,Coventry,A-F,Goods,2009,1316
TLG33,Coventry,G-T,Services,2009,5755
TLI62,Croydon,A-F,Goods,2009,670
TLI62,Croydon,G-T,Services,2009,6688
TLC13,Darlington,A-F,Goods,2009,459
TLC13,Darlington,G-T,Services,2009,1683
TLF11,Derby,A-F,Goods,2009,1829
TLF11,Derby,G-T,Services,2009,4171
TLN0A,Derry City and Strabane,A-F,Goods,2009,464
TLN0A,Derry City and Strabane,G-T,Services,2009,1649
TLK43,Devon CC,A-F,Goods,2009,3202
TLK43,Devon CC,G-T,Services,2009,10079
TLK25,Dorset,A-F,Goods,2009,1406
TLK25,Dorset,G-T,Services,2009,4624
TLG36,Dudley,A-F,Goods,2009,1108
TLG36,Dudley,G-T,Services,2009,2921
TLM92,Dumfries and Galloway,A-F,Goods,2009,935
TLM92,Dumfries and Galloway,G-T,Services,2009,1840
TLC14,Durham CC,A-F,Goods,2009,2748
TLC14,Durham CC,G-T,Services,2009,4909
TLI73,Ealing,A-F,Goods,2009,1166
TLI73,Ealing,G-T,Services,2009,5471
TLM93,East Ayrshire and North Ayrshire mainland,A-F,Goods,2009,1060
TLM93,East Ayrshire and North Ayrshire mainland,G-T,Services,2009,2332
TLD12,East Cumbria,A-F,Goods,2009,1618
TLD12,East Cumbria,G-T,Services,2009,3963
TLF12,East Derbyshire,A-F,Goods,2009,968
TLF12,East Derbyshire,G-T,Services,2009,3058
TLM81,"East Dunbartonshire, West Dunbartonshire, and Helensburgh and Lomond",A-F,Goods,2009,595
TLM81,"East Dunbartonshire, West Dunbartonshire, and Helensburgh and Lomond",G-T,Services,2009,2301
TLJ44,East Kent,A-F,Goods,2009,1328
TLJ44,East Kent,G-T,Services,2009,6390
TLD46,East Lancashire,A-F,Goods,2009,1459
TLD46,East Lancashire,G-T,Services,2009,3142
TLM73,East Lothian and Midlothian,A-F,Goods,2009,547
TLM73,East Lothian and Midlothian,G-T,Services,2009,1579
TLD71,East Merseyside,A-F,Goods,2009,2537
TLD71,East Merseyside,G-T,Services,2009,5710
TLE12,East Riding of Yorkshire,A-F,Goods,2009,1759
TLE12,East Riding of Yorkshire,G-T,Services,2009,3587
TLJ26,East Surrey,A-F,Goods,2009,1343
TLJ26,East Surrey,G-T,Services,2009,11508
TLJ22,East Sussex CC,A-F,Goods,2009,1261
TLJ22,East Sussex CC,G-T,Services,2009,5635
TLI54,Enfield,A-F,Goods,2009,1066
TLI54,Enfield,G-T,Services,2009,4385
TLH34,Essex Haven Gateway,A-F,Goods,2009,1418
TLH34,Essex Haven Gateway,G-T,Services,2009,5312
TLH37,Essex Thames Gateway,A-F,Goods,2009,1705
TLH37,Essex Thames Gateway,G-T,Services,2009,3974
TLM76,Falkirk,A-F,Goods,2009,1048
TLM76,Falkirk,G-T,Services,2009,2144
TLN0G,Fermanagh and Omagh,A-F,Goods,2009,455
TLN0G,Fermanagh and Omagh,G-T,Services,2009,1196
TLL23,Flintshire and Wrexham,A-F,Goods,2009,2404
TLL23,Flintshire and Wrexham,G-T,Services,2009,2966
TLM82,Glasgow City,A-F,Goods,2009,2921
TLM82,Glasgow City,G-T,Services,2009,14389
TLK13,Gloucestershire CC,A-F,Goods,2009,3169
TLK13,Gloucestershire CC,G-T,Services,2009,10122
TLD37,Greater Manchester North East,A-F,Goods,2009,2020
TLD37,Greater Manchester North East,G-T,Services,2009,6313
TLD36,Greater Manchester North West,A-F,Goods,2009,2054
TLD36,Greater Manchester North West,G-T,Services,2009,6023
TLD35,Greater Manchester South East,A-F,Goods,2009,2076
TLD35,Greater Manchester South East,G-T,Services,2009,6253
TLD34,Greater Manchester South West,A-F,Goods,2009,2745
TLD34,Greater Manchester South West,G-T,Services,2009,9215
TLL16,Gwent Valleys,A-F,Goods,2009,1308
TLL16,Gwent Valleys,G-T,Services,2009,2590
TLL12,Gwynedd,A-F,Goods,2009,606
TLL12,Gwynedd,G-T,Services,2009,1383
TLI41,Hackney and Newham,A-F,Goods,2009,1287
TLI41,Hackney and Newham,G-T,Services,2009,7408
TLI43,Haringey and Islington,A-F,Goods,2009,1131
TLI43,Haringey and Islington,G-T,Services,2009,15062
TLI74,Harrow and Hillingdon,A-F,Goods,2009,1775
TLI74,Harrow and Hillingdon,G-T,Services,2009,12385
TLC11,Hartlepool and Stockton-on-Tees,A-F,Goods,2009,1719
TLC11,Hartlepool and Stockton-on-Tees,G-T,Services,2009,3588
TLH36,Heart of Essex,A-F,Goods,2009,1535
TLH36,Heart of Essex,G-T,Services,2009,5080
TLG11,"Herefordshire, County of",A-F,Goods,2009,835
TLG11,"Herefordshire, County of",G-T,Services,2009,1992
TLH23,Hertfordshire CC,A-F,Goods,2009,6596
TLH23,Hertfordshire CC,G-T,Services,2009,22380
TLI75,Hounslow and Richmond upon Thames,A-F,Goods,2009,1507
TLI75,Hounslow and Richmond upon Thames,G-T,Services,2009,14518
TLM83,"Inverclyde, East Renfrewshire, and Renfrewshire",A-F,Goods,2009,1158
TLM83,"Inverclyde, East Renfrewshire, and Renfrewshire",G-T,Services,2009,3951
TLM62,"Inverness and Nairn, Moray, Badenoch and Strathspey",A-F,Goods,2009,1319
TLM62,"Inverness and Nairn, Moray, Badenoch and Strathspey",G-T,Services,2009,2637
TLL11,Isle of Anglesey,A-F,Goods,2009,225
TLL11,Isle of Anglesey,G-T,Services,2009,582
TLJ34,Isle of Wight,A-F,Goods,2009,345
TLJ34,Isle of Wight,G-T,Services,2009,1515
TLI33,Kensington & Chelsea and Hammersmith & Fulham,A-F,Goods,2009,638
TLI33,Kensington & Chelsea and Hammersmith & Fulham,G-T,Services,2009,12025
TLJ43,Kent Thames Gateway,A-F,Goods,2009,1699
TLJ43,Kent Thames Gateway,G-T,Services,2009,4108
TLE11,"Kingston upon Hull, City of",A-F,Goods,2009,2271
TLE11,"Kingston upon Hull, City of",G-T,Services,2009,3209
TLI45,Lambeth,A-F,Goods,2009,606
TLI45,Lambeth,G-T,Services,2009,8204
TLD44,Lancaster and Wyre,A-F,Goods,2009,800
TLD44,Lancaster and Wyre,G-T,Services,2009,2570
TLE42,Leeds,A-F,Goods,2009,3846
TLE42,Leeds,G-T,Services,2009,16869
TLF21,Leicester,A-F,Goods,2009,1205
TLF21,Leicester,G-T,Services,2009,4973
TLF22,Leicestershire CC and Rutland,A-F,Goods,2009,4770
TLF22,Leicestershire CC and Rutland,G-T,Services,2009,8924
TLI44,Lewisham and Southwark,A-F,Goods,2009,1249
TLI44,Lewisham and Southwark,G-T,Services,2009,14257
TLF30,Lincolnshire CC,A-F,Goods,2009,3370
TLF30,Lincolnshire CC,G-T,Services,2009,8124
TLN0E,Lisburn and Castlereagh,A-F,Goods,2009,495
TLN0E,Lisburn and Castlereagh,G-T,Services,2009,1770
TLD72,Liverpool,A-F,Goods,2009,2078
TLD72,Liverpool,G-T,Services,2009,9127
TLM63,"Lochaber, Skye and Lochalsh, Arran and Cumbrae, and Argyll and Bute",A-F,Goods,2009,571
TLM63,"Lochaber, Skye and Lochalsh, Arran and Cumbrae, and Argyll and Bute",G-T,Services,2009,1357
TLH21,Luton,A-F,Goods,2009,828
TLH21,Luton,G-T,Services,2009,3240
TLD33,Manchester,A-F,Goods,2009,1399
TLD33,Manchester,G-T,Services,2009,14658
TLJ41,Medway,A-F,Goods,2009,1072
TLJ41,Medway,G-T,Services,2009,2983
TLI63,"Merton, Kingston upon Thames and Sutton",A-F,Goods,2009,1390
TLI63,"Merton, Kingston upon Thames and Sutton",G-T,Services,2009,10278
TLJ45,Mid Kent,A-F,Goods,2009,1129
TLJ45,Mid Kent,G-T,Services,2009,4168
TLD45,Mid Lancashire,A-F,Goods,2009,3016
TLD45,Mid Lancashire,G-T,Services,2009,6835
TLN0B,Mid Ulster,A-F,Goods,2009,982
TLN0B,Mid Ulster,G-T,Services,2009,1215
TLN0F,Mid and East Antrim,A-F,Goods,2009,1667
TLN0F,Mid and East Antrim,G-T,Services,2009,1126
TLJ12,Milton Keynes,A-F,Goods,2009,904
TLJ12,Milton Keynes,G-T,Services,2009,7364
TLL21,Monmouthshire and Newport,A-F,Goods,2009,1172
TLL21,Monmouthshire and Newport,G-T,Services,2009,3229
TLM64,Na h-Eileanan Siar,A-F,Goods,2009,71
TLM64,Na h-Eileanan Siar,G-T,Services,2009,361
TLN08,"Newry, Mourne and Down",A-F,Goods,2009,608
TLN08,"Newry, Mourne and Down",G-T,Services,2009,1473
TLJ37,North Hampshire,A-F,Goods,2009,1895
TLJ37,North Hampshire,G-T,Services,2009,9386
TLM84,North Lanarkshire,A-F,Goods,2009,1734
TLM84,North Lanarkshire,G-T,Services,2009,3960
TLF25,North Northamptonshire,A-F,Goods,2009,1578
TLF25,North Northamptonshire,G-T,Services,2009,3491
TLF15,North Nottinghamshire,A-F,Goods,2009,2215
TLF15,North Nottinghamshire,G-T,Services,2009,4634
TLE22,North Yorkshire CC,A-F,Goods,2009,3247
TLE22,North Yorkshire CC,G-T,Services,2009,8156
TLE13,North and North East Lincolnshire,A-F,Goods,2009,2241
TLE13,North and North East Lincolnshire,G-T,Services,2009,3814
TLH16,North and West Norfolk,A-F,Goods,2009,1227
TLH16,North and West Norfolk,G-T,Services,2009,2489
TLC21,Northumberland,A-F,Goods,2009,1411
TLC21,Northumberland,G-T,Services,2009,2879
TLH15,Norwich and East Norfolk,A-F,Goods,2009,1219
TLH15,Norwich and East Norfolk,G-T,Services,2009,5716
TLF14,Nottingham,A-F,Goods,2009,1616
TLF14,Nottingham,G-T,Services,2009,5955
TLM65,Orkney Islands,A-F,Goods,2009,93
TLM65,Orkney Islands,G-T,Services,2009,391
TLJ14,Oxfordshire CC,A-F,Goods,2009,3408
TLJ14,Oxfordshire CC,G-T,Services,2009,12930
TLM77,"Perth and Kinross, and Stirling",A-F,Goods,2009,1596
TLM77,"Perth and Kinross, and Stirling",G-T,Services,2009,3746
TLH11,Peterborough,A-F,Goods,2009,1006
TLH11,Peterborough,G-T,Services,2009,3639
TLK41,Plymouth,A-F,Goods,2009,1039
TLK41,Plymouth,G-T,Services,2009,3361
TLJ31,Portsmouth,A-F,Goods,2009,799
TLJ31,Portsmouth,G-T,Services,2009,3950
TLL24,Powys,A-F,Goods,2009,361
TLL24,Powys,G-T,Services,2009,1348
TLI53,Redbridge and Waltham Forest,A-F,Goods,2009,739
TLI53,Redbridge and Waltham Forest,G-T,Services,2009,5978
TLG37,Sandwell,A-F,Goods,2009,1760
TLG37,Sandwell,G-T,Services,2009,2861
TLM91,Scottish Borders,A-F,Goods,2009,534
TLM91,Scottish Borders,G-T,Services,2009,1226
TLD73,Sefton,A-F,Goods,2009,440
TLD73,Sefton,G-T,Services,2009,3062
TLE32,Sheffield,A-F,Goods,2009,1905
TLE32,Sheffield,G-T,Services,2009,8770
TLM66,Shetland Islands,A-F,Goods,2009,210
TLM66,Shetland Islands,G-T,Services,2009,426
TLG22,Shropshire CC,A-F,Goods,2009,1088
TLG22,Shropshire CC,G-T,Services,2009,3712
TLG32,Solihull,A-F,Goods,2009,1489
TLG32,Solihull,G-T,Services,2009,3692
TLK23,Somerset CC,A-F,Goods,2009,2582
TLK23,Somerset CC,G-T,Services,2009,6570
TLM94,South Ayrshire,A-F,Goods,2009,570
TLM94,South Ayrshire,G-T,Services,2009,1469
TLJ35,South Hampshire,A-F,Goods,2009,2175
TLJ35,South Hampshire,G-T,Services,2009,6010
TLM95,South Lanarkshire,A-F,Goods,2009,1883
TLM95,South Lanarkshire,G-T,Services,2009,3644
TLF16,South Nottinghamshire,A-F,Goods,2009,1177
TLF16,South Nottinghamshire,G-T,Services,2009,3620
TLC12,South Teesside,A-F,Goods,2009,901
TLC12,South Teesside,G-T,Services,2009,3086
TLL14,South West Wales,A-F,Goods,2009,1277
TLL14,South West Wales,G-T,Services,2009,3736
TLF13,South and West Derbyshire,A-F,Goods,2009,2425
TLF13,South and West Derbyshire,G-T,Services,2009,4544
TLJ32,Southampton,A-F,Goods,2009,768
TLJ32,Southampton,G-T,Services,2009,5180
TLH31,Southend-on-Sea,A-F,Goods,2009,394
TLH31,Southend-on-Sea,G-T,Services,2009,2076
TLG24,Staffordshire CC,A-F,Goods,2009,3367
TLG24,Staffordshire CC,G-T,Services,2009,10147
TLG23,Stoke-on-Trent,A-F,Goods,2009,1059
TLG23,Stoke-on-Trent,G-T,Services,2009,3114
TLH14,Suffolk CC,A-F,Goods,2009,3593
TLH14,Suffolk CC,G-T,Services,2009,10420
TLC23,Sunderland,A-F,Goods,2009,1931
TLC23,Sunderland,G-T,Services,2009,3523
TLL18,Swansea,A-F,Goods,2009,633
TLL18,Swansea,G-T,Services,2009,3596
TLK14,Swindon,A-F,Goods,2009,3023
TLK14,Swindon,G-T,Services,2009,4463
TLG21,Telford and Wrekin,A-F,Goods,2009,677
TLG21,Telford and Wrekin,G-T,Services,2009,2463
TLH32,Thurrock,A-F,Goods,2009,906
TLH32,Thurrock,G-T,Services,2009,2152
TLK42,Torbay,A-F,Goods,2009,189
TLK42,Torbay,G-T,Services,2009,1547
TLI42,Tower Hamlets,A-F,Goods,2009,1048
TLI42,Tower Hamlets,G-T,Services,2009,24634
TLC22,Tyneside,A-F,Goods,2009,2772
TLC22,Tyneside,G-T,Services,2009,12570
TLE45,Wakefield,A-F,Goods,2009,1770
TLE45,Wakefield,G-T,Services,2009,4003
TLG38,Walsall,A-F,Goods,2009,812
TLG38,Walsall,G-T,Services,2009,2495
TLI34,Wandsworth,A-F,Goods,2009,455
TLI34,Wandsworth,G-T,Services,2009,4692
TLD61,Warrington,A-F,Goods,2009,1435
TLD61,Warrington,G-T,Services,2009,3848
TLG13,Warwickshire CC,A-F,Goods,2009,2766
TLG13,Warwickshire CC,G-T,Services,2009,8820
TLD11,West Cumbria,A-F,Goods,2009,1761
TLD11,West Cumbria,G-T,Services,2009,2302
TLH35,West Essex,A-F,Goods,2009,1287
TLH35,West Essex,G-T,Services,2009,4966
TLJ46,West Kent,A-F,Goods,2009,1681
TLJ46,West Kent,G-T,Services,2009,6600
TLM78,West Lothian,A-F,Goods,2009,1030
TLM78,West Lothian,G-T,Services,2009,2387
TLF24,West Northamptonshire,A-F,Goods,2009,1733
TLF24,West Northamptonshire,G-T,Services,2009,6679
TLJ25,West Surrey,A-F,Goods,2009,3487
TLJ25,West Surrey,G-T,Services,2009,18692
TLJ28,West Sussex (North East),A-F,Goods,2009,1894
TLJ28,West Sussex (North East),G-T,Services,2009,7275
TLJ27,West Sussex (South West),A-F,Goods,2009,1756
TLJ27,West Sussex (South West),G-T,Services,2009,5709
TLI32,Westminster,A-F,Goods,2009,2135
TLI32,Westminster,G-T,Services,2009,43568
TLK15,Wiltshire,A-F,Goods,2009,1594
TLK15,Wiltshire,G-T,Services,2009,7362
TLD74,Wirral,A-F,Goods,2009,908
TLD74,Wirral,G-T,Services,2009,3258
TLG39,Wolverhampton,A-F,Goods,2009,1076
TLG39,Wolverhampton,G-T,Services,2009,2961
TLG12,Worcestershire CC,A-F,Goods,2009,2539
TLG12,Worcestershire CC,G-T,Services,2009,7417
TLE21,York,A-F,Goods,2009,790
TLE21,York,G-T,Services,2009,4265
TLM50,Aberdeen City and Aberdeenshire,A-F,Goods,2010,4866
TLM50,Aberdeen City and Aberdeenshire,G-T,Services,2010,10296
TLM71,Angus and Dundee City,A-F,Goods,2010,1005
TLM71,Angus and Dundee City,G-T,Services,2010,3344
TLN0D,Antrim and Newtownabbey,A-F,Goods,2010,613
TLN0D,Antrim and Newtownabbey,G-T,Services,2010,1798
TLN09,Ards and North Down,A-F,Goods,2010,282
TLN09,Ards and North Down,G-T,Services,2010,1309
TLN07,"Armagh City, Banbridge and Craigavon",A-F,Goods,2010,795
TLN07,"Armagh City, Banbridge and Craigavon",G-T,Services,2010,1860
TLI52,Barking & Dagenham and Havering,A-F,Goods,2010,2045
TLI52,Barking & Dagenham and Havering,G-T,Services,2010,5198
TLI71,Barnet,A-F,Goods,2010,855
TLI71,Barnet,G-T,Services,2010,5415
TLE31,"Barnsley, Doncaster and Rotherham",A-F,Goods,2010,2936
TLE31,"Barnsley, Doncaster and Rotherham",G-T,Services,2010,7591
TLK12,"Bath and North East Somerset, North Somerset and South Gloucestershire",A-F,Goods,2010,3852
TLK12,"Bath and North East Somerset, North Somerset and South Gloucestershire",G-T,Services,2010,11419
TLH24,Bedford,A-F,Goods,2010,650
TLH24,Bedford,G-T,Services,2010,2440
TLN06,Belfast,A-F,Goods,2010,1374
TLN06,Belfast,G-T,Services,2010,8209
TLJ11,Berkshire,A-F,Goods,2010,5371
TLJ11,Berkshire,G-T,Services,2010,27796
TLI51,Bexley and Greenwich,A-F,Goods,2010,1827
TLI51,Bexley and Greenwich,G-T,Services,2010,6945
TLG31,Birmingham,A-F,Goods,2010,3710
TLG31,Birmingham,G-T,Services,2010,17226
TLD41,Blackburn with Darwen,A-F,Goods,2010,572
TLD41,Blackburn with Darwen,G-T,Services,2010,1677
TLD42,Blackpool,A-F,Goods,2010,235
TLD42,Blackpool,G-T,Services,2010,1694
TLK24,"Bournemouth, Christchurch and Poole",A-F,Goods,2010,1304
TLK24,"Bournemouth, Christchurch and Poole",G-T,Services,2010,6593
TLE41,Bradford,A-F,Goods,2010,1933
TLE41,Bradford,G-T,Services,2010,5850
TLH17,Breckland and South Norfolk,A-F,Goods,2010,1189
TLH17,Breckland and South Norfolk,G-T,Services,2010,2757
TLI72,Brent,A-F,Goods,2010,1091
TLI72,Brent,G-T,Services,2010,4794
TLL17,Bridgend and Neath Port Talbot,A-F,Goods,2010,1554
TLL17,Bridgend and Neath Port Talbot,G-T,Services,2010,2725
TLJ21,Brighton and Hove,A-F,Goods,2010,593
TLJ21,Brighton and Hove,G-T,Services,2010,5161
TLK11,"Bristol, City of",A-F,Goods,2010,1378
TLK11,"Bristol, City of",G-T,Services,2010,10174
TLI61,Bromley,A-F,Goods,2010,792
TLI61,Bromley,G-T,Services,2010,5622
TLJ13,Buckinghamshire CC,A-F,Goods,2010,2175
TLJ13,Buckinghamshire CC,G-T,Services,2010,10053
TLM61,"Caithness and Sutherland, and Ross and Cromarty",A-F,Goods,2010,443
TLM61,"Caithness and Sutherland, and Ross and Cromarty",G-T,Services,2010,1113
TLE44,Calderdale and Kirklees,A-F,Goods,2010,2569
TLE44,Calderdale and Kirklees,G-T,Services,2010,6229
TLH12,Cambridgeshire CC,A-F,Goods,2010,3581
TLH12,Cambridgeshire CC,G-T,Services,2010,11204
TLI31,Camden and City of London,A-F,Goods,2010,1741
TLI31,Camden and City of London,G-T,Services,2010,69304
TLL22,Cardiff and Vale of Glamorgan,A-F,Goods,2010,1891
TLL22,Cardiff and Vale of Glamorgan,G-T,Services,2010,8627
TLN0C,Causeway Coast and Glens,A-F,Goods,2010,474
TLN0C,Causeway Coast and Glens,G-T,Services,2010,1263
TLH25,Central Bedfordshire,A-F,Goods,2010,976
TLH25,Central Bedfordshire,G-T,Services,2010,3160
TLJ36,Central Hampshire,A-F,Goods,2010,2588
TLJ36,Central Hampshire,G-T,Services,2010,9393
TLL15,Central Valleys,A-F,Goods,2010,1468
TLL15,Central Valleys,G-T,Services,2010,2757
TLD62,Cheshire East,A-F,Goods,2010,3547
TLD62,Cheshire East,G-T,Services,2010,6294
TLD63,Cheshire West and Chester,A-F,Goods,2010,2016
TLD63,Cheshire West and Chester,G-T,Services,2010,6629
TLD47,Chorley and West Lancashire,A-F,Goods,2010,799
TLD47,Chorley and West Lancashire,G-T,Services,2010,2625
TLM75,City of Edinburgh,A-F,Goods,2010,1874
TLM75,City of Edinburgh,G-T,Services,2010,15884
TLM72,Clackmannanshire and Fife,A-F,Goods,2010,2305
TLM72,Clackmannanshire and Fife,G-T,Services,2010,4032
TLL13,Conwy and Denbighshire,A-F,Goods,2010,499
TLL13,Conwy and Denbighshire,G-T,Services,2010,2215
TLK30,Cornwall and Isles of Scilly,A-F,Goods,2010,1877
TLK30,Cornwall and Isles of Scilly,G-T,Services,2010,6212
TLG33,Coventry,A-F,Goods,2010,1444
TLG33,Coventry,G-T,Services,2010,6000
TLI62,Croydon,A-F,Goods,2010,701
TLI62,Croydon,G-T,Services,2010,6562
TLC13,Darlington,A-F,Goods,2010,484
TLC13,Darlington,G-T,Services,2010,1722
TLF11,Derby,A-F,Goods,2010,1753
TLF11,Derby,G-T,Services,2010,4323
TLN0A,Derry City and Strabane,A-F,Goods,2010,466
TLN0A,Derry City and Strabane,G-T,Services,2010,1610
TLK43,Devon CC,A-F,Goods,2010,3312
TLK43,Devon CC,G-T,Services,2010,10452
TLK25,Dorset,A-F,Goods,2010,1528
TLK25,Dorset,G-T,Services,2010,4655
TLG36,Dudley,A-F,Goods,2010,1160
TLG36,Dudley,G-T,Services,2010,3012
TLM92,Dumfries and Galloway,A-F,Goods,2010,877
TLM92,Dumfries and Galloway,G-T,Services,2010,1828
TLC14,Durham CC,A-F,Goods,2010,2758
TLC14,Durham CC,G-T,Services,2010,4914
TLI73,Ealing,A-F,Goods,2010,1199
TLI73,Ealing,G-T,Services,2010,5550
TLM93,East Ayrshire and North Ayrshire mainland,A-F,Goods,2010,1067
TLM93,East Ayrshire and North Ayrshire mainland,G-T,Services,2010,2319
TLD12,East Cumbria,A-F,Goods,2010,1582
TLD12,East Cumbria,G-T,Services,2010,4088
TLF12,East Derbyshire,A-F,Goods,2010,1029
TLF12,East Derbyshire,G-T,Services,2010,3154
TLM81,"East Dunbartonshire, West Dunbartonshire, and Helensburgh and Lomond",A-F,Goods,2010,585
TLM81,"East Dunbartonshire, West Dunbartonshire, and Helensburgh and Lomond",G-T,Services,2010,2300
TLJ44,East Kent,A-F,Goods,2010,1306
TLJ44,East Kent,G-T,Services,2010,6593
TLD46,East Lancashire,A-F,Goods,2010,1554
TLD46,East Lancashire,G-T,Services,2010,3196
TLM73,East Lothian and Midlothian,A-F,Goods,2010,534
TLM73,East Lothian and Midlothian,G-T,Services,2010,1621
TLD71,East Merseyside,A-F,Goods,2010,2599
TLD71,East Merseyside,G-T,Services,2010,5913
TLE12,East Riding of Yorkshire,A-F,Goods,2010,1633
TLE12,East Riding of Yorkshire,G-T,Services,2010,3553
TLJ26,East Surrey,A-F,Goods,2010,1438
TLJ26,East Surrey,G-T,Services,2010,11624
TLJ22,East Sussex CC,A-F,Goods,2010,1291
TLJ22,East Sussex CC,G-T,Services,2010,5661
TLI54,Enfield,A-F,Goods,2010,1180
TLI54,Enfield,G-T,Services,2010,4518
TLH34,Essex Haven Gateway,A-F,Goods,2010,1514
TLH34,Essex Haven Gateway,G-T,Services,2010,5475
TLH37,Essex Thames Gateway,A-F,Goods,2010,1939
TLH37,Essex Thames Gateway,G-T,Services,2010,4041
TLM76,Falkirk,A-F,Goods,2010,1089
TLM76,Falkirk,G-T,Services,2010,2133
TLN0G,Fermanagh and Omagh,A-F,Goods,2010,445
TLN0G,Fermanagh and Omagh,G-T,Services,2010,1182
TLL23,Flintshire and Wrexham,A-F,Goods,2010,2596
TLL23,Flintshire and Wrexham,G-T,Services,2010,3029
TLM82,Glasgow City,A-F,Goods,2010,2773
TLM82,Glasgow City,G-T,Services,2010,14081
TLK13,Gloucestershire CC,A-F,Goods,2010,3459
TLK13,Gloucestershire CC,G-T,Services,2010,10588
TLD37,Greater Manchester North East,A-F,Goods,2010,2050
TLD37,Greater Manchester North East,G-T,Services,2010,6449
TLD36,Greater Manchester North West,A-F,Goods,2010,2037
TLD36,Greater Manchester North West,G-T,Services,2010,6131
TLD35,Greater Manchester South East,A-F,Goods,2010,2019
TLD35,Greater Manchester South East,G-T,Services,2010,6327
TLD34,Greater Manchester South West,A-F,Goods,2010,2649
TLD34,Greater Manchester South West,G-T,Services,2010,9430
TLL16,Gwent Valleys,A-F,Goods,2010,1414
TLL16,Gwent Valleys,G-T,Services,2010,2625
TLL12,Gwynedd,A-F,Goods,2010,577
TLL12,Gwynedd,G-T,Services,2010,1388
TLI41,Hackney and Newham,A-F,Goods,2010,1355
TLI41,Hackney and Newham,G-T,Services,2010,7685
TLI43,Haringey and Islington,A-F,Goods,2010,1205
TLI43,Haringey and Islington,G-T,Services,2010,15636
TLI74,Harrow and Hillingdon,A-F,Goods,2010,1857
TLI74,Harrow and Hillingdon,G-T,Services,2010,12731
TLC11,Hartlepool and Stockton-on-Tees,A-F,Goods,2010,1626
TLC11,Hartlepool and Stockton-on-Tees,G-T,Services,2010,3669
TLH36,Heart of Essex,A-F,Goods,2010,1647
TLH36,Heart of Essex,G-T,Services,2010,5091
TLG11,"Herefordshire, County of",A-F,Goods,2010,861
TLG11,"Herefordshire, County of",G-T,Services,2010,1982
TLH23,Hertfordshire CC,A-F,Goods,2010,6391
TLH23,Hertfordshire CC,G-T,Services,2010,22109
TLI75,Hounslow and Richmond upon Thames,A-F,Goods,2010,1520
TLI75,Hounslow and Richmond upon Thames,G-T,Services,2010,14809
TLM83,"Inverclyde, East Renfrewshire, and Renfrewshire",A-F,Goods,2010,1136
TLM83,"Inverclyde, East Renfrewshire, and Renfrewshire",G-T,Services,2010,3925
TLM62,"Inverness and Nairn, Moray, Badenoch and Strathspey",A-F,Goods,2010,1468
TLM62,"Inverness and Nairn, Moray, Badenoch and Strathspey",G-T,Services,2010,2676
TLL11,Isle of Anglesey,A-F,Goods,2010,201
TLL11,Isle of Anglesey,G-T,Services,2010,601
TLJ34,Isle of Wight,A-F,Goods,2010,332
TLJ34,Isle of Wight,G-T,Services,2010,1563
TLI33,Kensington & Chelsea and Hammersmith & Fulham,A-F,Goods,2010,600
TLI33,Kensington & Chelsea and Hammersmith & Fulham,G-T,Services,2010,12361
TLJ43,Kent Thames Gateway,A-F,Goods,2010,1743
TLJ43,Kent Thames Gateway,G-T,Services,2010,4232
TLE11,"Kingston upon Hull, City of",A-F,Goods,2010,2048
TLE11,"Kingston upon Hull, City of",G-T,Services,2010,3164
TLI45,Lambeth,A-F,Goods,2010,609
TLI45,Lambeth,G-T,Services,2010,8865
TLD44,Lancaster and Wyre,A-F,Goods,2010,729
TLD44,Lancaster and Wyre,G-T,Services,2010,2634
TLE42,Leeds,A-F,Goods,2010,3706
TLE42,Leeds,G-T,Services,2010,17357
TLF21,Leicester,A-F,Goods,2010,1278
TLF21,Leicester,G-T,Services,2010,5189
TLF22,Leicestershire CC and Rutland,A-F,Goods,2010,4785
TLF22,Leicestershire CC and Rutland,G-T,Services,2010,9376
TLI44,Lewisham and Southwark,A-F,Goods,2010,1225
TLI44,Lewisham and Southwark,G-T,Services,2010,15081
TLF30,Lincolnshire CC,A-F,Goods,2010,3398
TLF30,Lincolnshire CC,G-T,Services,2010,8217
TLN0E,Lisburn and Castlereagh,A-F,Goods,2010,491
TLN0E,Lisburn and Castlereagh,G-T,Services,2010,1765
TLD72,Liverpool,A-F,Goods,2010,1979
TLD72,Liverpool,G-T,Services,2010,9249
TLM63,"Lochaber, Skye and Lochalsh, Arran and Cumbrae, and Argyll and Bute",A-F,Goods,2010,515
TLM63,"Lochaber, Skye and Lochalsh, Arran and Cumbrae, and Argyll and Bute",G-T,Services,2010,1368
TLH21,Luton,A-F,Goods,2010,859
TLH21,Luton,G-T,Services,2010,3244
TLD33,Manchester,A-F,Goods,2010,1382
TLD33,Manchester,G-T,Services,2010,15159
TLJ41,Medway,A-F,Goods,2010,1109
TLJ41,Medway,G-T,Services,2010,3064
TLI63,"Merton, Kingston upon Thames and Sutton",A-F,Goods,2010,1431
TLI63,"Merton, Kingston upon Thames and Sutton",G-T,Services,2010,10395
TLJ45,Mid Kent,A-F,Goods,2010,1136
TLJ45,Mid Kent,G-T,Services,2010,4318
TLD45,Mid Lancashire,A-F,Goods,2010,2968
TLD45,Mid Lancashire,G-T,Services,2010,6956
TLN0B,Mid Ulster,A-F,Goods,2010,1075
TLN0B,Mid Ulster,G-T,Services,2010,1229
TLN0F,Mid and East Antrim,A-F,Goods,2010,1598
TLN0F,Mid and East Antrim,G-T,Services,2010,1127
TLJ12,Milton Keynes,A-F,Goods,2010,950
TLJ12,Milton Keynes,G-T,Services,2010,7722
TLL21,Monmouthshire and Newport,A-F,Goods,2010,1232
TLL21,Monmouthshire and Newport,G-T,Services,2010,3297
TLM64,Na h-Eileanan Siar,A-F,Goods,2010,76
TLM64,Na h-Eileanan Siar,G-T,Services,2010,374
TLN08,"Newry, Mourne and Down",A-F,Goods,2010,605
TLN08,"Newry, Mourne and Down",G-T,Services,2010,1452
TLJ37,North Hampshire,A-F,Goods,2010,1924
TLJ37,North Hampshire,G-T,Services,2010,9782
TLM84,North Lanarkshire,A-F,Goods,2010,1666
TLM84,North Lanarkshire,G-T,Services,2010,3989
TLF25,North Northamptonshire,A-F,Goods,2010,1679
TLF25,North Northamptonshire,G-T,Services,2010,3623
TLF15,North Nottinghamshire,A-F,Goods,2010,2301
TLF15,North Nottinghamshire,G-T,Services,2010,4779
TLE22,North Yorkshire CC,A-F,Goods,2010,3199
TLE22,North Yorkshire CC,G-T,Services,2010,8129
TLE13,North and North East Lincolnshire,A-F,Goods,2010,2455
TLE13,North and North East Lincolnshire,G-T,Services,2010,3766
TLH16,North and West Norfolk,A-F,Goods,2010,1203
TLH16,North and West Norfolk,G-T,Services,2010,2535
TLC21,Northumberland,A-F,Goods,2010,1488
TLC21,Northumberland,G-T,Services,2010,2910
TLH15,Norwich and East Norfolk,A-F,Goods,2010,1219
TLH15,Norwich and East Norfolk,G-T,Services,2010,5746
TLF14,Nottingham,A-F,Goods,2010,1588
TLF14,Nottingham,G-T,Services,2010,6295
TLM65,Orkney Islands,A-F,Goods,2010,96
TLM65,Orkney Islands,G-T,Services,2010,399
TLJ14,Oxfordshire CC,A-F,Goods,2010,3405
TLJ14,Oxfordshire CC,G-T,Services,2010,13523
TLM77,"Perth and Kinross, and Stirling",A-F,Goods,2010,1472
TLM77,"Perth and Kinross, and Stirling",G-T,Services,2010,3704
TLH11,Peterborough,A-F,Goods,2010,1178
TLH11,Peterborough,G-T,Services,2010,3577
TLK41,Plymouth,A-F,Goods,2010,1049
TLK41,Plymouth,G-T,Services,2010,3486
TLJ31,Portsmouth,A-F,Goods,2010,796
TLJ31,Portsmouth,G-T,Services,2010,4047
TLL24,Powys,A-F,Goods,2010,370
TLL24,Powys,G-T,Services,2010,1378
TLI53,Redbridge and Waltham Forest,A-F,Goods,2010,776
TLI53,Redbridge and Waltham Forest,G-T,Services,2010,6090
TLG37,Sandwell,A-F,Goods,2010,1696
TLG37,Sandwell,G-T,Services,2010,2987
TLM91,Scottish Borders,A-F,Goods,2010,527
TLM91,Scottish Borders,G-T,Services,2010,1252
TLD73,Sefton,A-F,Goods,2010,431
TLD73,Sefton,G-T,Services,2010,3092
TLE32,Sheffield,A-F,Goods,2010,2013
TLE32,Sheffield,G-T,Services,2010,8875
TLM66,Shetland Islands,A-F,Goods,2010,209
TLM66,Shetland Islands,G-T,Services,2010,423
TLG22,Shropshire CC,A-F,Goods,2010,1170
TLG22,Shropshire CC,G-T,Services,2010,3727
TLG32,Solihull,A-F,Goods,2010,1780
TLG32,Solihull,G-T,Services,2010,3830
TLK23,Somerset CC,A-F,Goods,2010,2627
TLK23,Somerset CC,G-T,Services,2010,6613
TLM94,South Ayrshire,A-F,Goods,2010,592
TLM94,South Ayrshire,G-T,Services,2010,1470
TLJ35,South Hampshire,A-F,Goods,2010,2354
TLJ35,South Hampshire,G-T,Services,2010,6249
TLM95,South Lanarkshire,A-F,Goods,2010,1753
TLM95,South Lanarkshire,G-T,Services,2010,3693
TLF16,South Nottinghamshire,A-F,Goods,2010,1217
TLF16,South Nottinghamshire,G-T,Services,2010,3719
TLC12,South Teesside,A-F,Goods,2010,904
TLC12,South Teesside,G-T,Services,2010,3086
TLL14,South West Wales,A-F,Goods,2010,1316
TLL14,South West Wales,G-T,Services,2010,3842
TLF13,South and West Derbyshire,A-F,Goods,2010,2753
TLF13,South and West Derbyshire,G-T,Services,2010,4731
TLJ32,Southampton,A-F,Goods,2010,816
TLJ32,Southampton,G-T,Services,2010,5299
TLH31,Southend-on-Sea,A-F,Goods,2010,424
TLH31,Southend-on-Sea,G-T,Services,2010,2067
TLG24,Staffordshire CC,A-F,Goods,2010,3718
TLG24,Staffordshire CC,G-T,Services,2010,10393
TLG23,Stoke-on-Trent,A-F,Goods,2010,1040
TLG23,Stoke-on-Trent,G-T,Services,2010,3179
TLH14,Suffolk CC,A-F,Goods,2010,3554
TLH14,Suffolk CC,G-T,Services,2010,10622
TLC23,Sunderland,A-F,Goods,2010,1849
TLC23,Sunderland,G-T,Services,2010,3539
TLL18,Swansea,A-F,Goods,2010,627
TLL18,Swansea,G-T,Services,2010,3581
TLK14,Swindon,A-F,Goods,2010,2873
TLK14,Swindon,G-T,Services,2010,4699
TLG21,Telford and Wrekin,A-F,Goods,2010,774
TLG21,Telford and Wrekin,G-T,Services,2010,2431
TLH32,Thurrock,A-F,Goods,2010,906
TLH32,Thurrock,G-T,Services,2010,2222
TLK42,Torbay,A-F,Goods,2010,196
TLK42,Torbay,G-T,Services,2010,1585
TLI42,Tower Hamlets,A-F,Goods,2010,1029
TLI42,Tower Hamlets,G-T,Services,2010,25717
TLC22,Tyneside,A-F,Goods,2010,2964
TLC22,Tyneside,G-T,Services,2010,12893
TLE45,Wakefield,A-F,Goods,2010,1639
TLE45,Wakefield,G-T,Services,2010,4021
TLG38,Walsall,A-F,Goods,2010,856
TLG38,Walsall,G-T,Services,2010,2609
TLI34,Wandsworth,A-F,Goods,2010,395
TLI34,Wandsworth,G-T,Services,2010,4807
TLD61,Warrington,A-F,Goods,2010,1336
TLD61,Warrington,G-T,Services,2010,4067
TLG13,Warwickshire CC,A-F,Goods,2010,3013
TLG13,Warwickshire CC,G-T,Services,2010,9047
TLD11,West Cumbria,A-F,Goods,2010,1801
TLD11,West Cumbria,G-T,Services,2010,2390
TLH35,West Essex,A-F,Goods,2010,1378
TLH35,West Essex,G-T,Services,2010,5147
TLJ46,West Kent,A-F,Goods,2010,1780
TLJ46,West Kent,G-T,Services,2010,6776
TLM78,West Lothian,A-F,Goods,2010,1058
TLM78,West Lothian,G-T,Services,2010,2458
TLF24,West Northamptonshire,A-F,Goods,2010,1856
TLF24,West Northamptonshire,G-T,Services,2010,6888
TLJ25,West Surrey,A-F,Goods,2010,3721
TLJ25,West Surrey,G-T,Services,2010,19085
TLJ28,West Sussex (North East),A-F,Goods,2010,2042
TLJ28,West Sussex (North East),G-T,Services,2010,7436
TLJ27,West Sussex (South West),A-F,Goods,2010,1894
TLJ27,West Sussex (South West),G-T,Services,2010,5811
TLI32,Westminster,A-F,Goods,2010,2138
TLI32,Westminster,G-T,Services,2010,45540
TLK15,Wiltshire,A-F,Goods,2010,1702
TLK15,Wiltshire,G-T,Services,2010,7683
TLD74,Wirral,A-F,Goods,2010,843
TLD74,Wirral,G-T,Services,2010,3320
TLG39,Wolverhampton,A-F,Goods,2010,1034
TLG39,Wolverhampton,G-T,Services,2010,3087
TLG12,Worcestershire CC,A-F,Goods,2010,2707
TLG12,Worcestershire CC,G-T,Services,2010,7506
TLE21,York,A-F,Goods,2010,784
TLE21,York,G-T,Services,2010,4367
TLM50,Aberdeen City and Aberdeenshire,A-F,Goods,2011,4898
TLM50,Aberdeen City and Aberdeenshire,G-T,Services,2011,10762
TLM71,Angus and Dundee City,A-F,Goods,2011,998
TLM71,Angus and Dundee City,G-T,Services,2011,3467
TLN0D,Antrim and Newtownabbey,A-F,Goods,2011,609
TLN0D,Antrim and Newtownabbey,G-T,Services,2011,1881
TLN09,Ards and North Down,A-F,Goods,2011,290
TLN09,Ards and North Down,G-T,Services,2011,1356
TLN07,"Armagh City, Banbridge and Craigavon",A-F,Goods,2011,789
TLN07,"Armagh City, Banbridge and Craigavon",G-T,Services,2011,1931
TLI52,Barking & Dagenham and Havering,A-F,Goods,2011,2080
TLI52,Barking & Dagenham and Havering,G-T,Services,2011,5180
TLI71,Barnet,A-F,Goods,2011,862
TLI71,Barnet,G-T,Services,2011,5518
TLE31,"Barnsley, Doncaster and Rotherham",A-F,Goods,2011,3052
TLE31,"Barnsley, Doncaster and Rotherham",G-T,Services,2011,7672
TLK12,"Bath and North East Somerset, North Somerset and South Gloucestershire",A-F,Goods,2011,4015
TLK12,"Bath and North East Somerset, North Somerset and South Gloucestershire",G-T,Services,2011,11552
TLH24,Bedford,A-F,Goods,2011,651
TLH24,Bedford,G-T,Services,2011,2404
TLN06,Belfast,A-F,Goods,2011,1344
TLN06,Belfast,G-T,Services,2011,8503
TLJ11,Berkshire,A-F,Goods,2011,5525
TLJ11,Berkshire,G-T,Services,2011,29133
TLI51,Bexley and Greenwich,A-F,Goods,2011,1821
TLI51,Bexley and Greenwich,G-T,Services,2011,7102
TLG31,Birmingham,A-F,Goods,2011,3650
TLG31,Birmingham,G-T,Services,2011,17671
TLD41,Blackburn with Darwen,A-F,Goods,2011,605
TLD41,Blackburn with Darwen,G-T,Services,2011,1699
TLD42,Blackpool,A-F,Goods,2011,240
TLD42,Blackpool,G-T,Services,2011,1698
TLK24,"Bournemouth, Christchurch and Poole",A-F,Goods,2011,1320
TLK24,"Bournemouth, Christchurch and Poole",G-T,Services,2011,6718
TLE41,Bradford,A-F,Goods,2011,2034
TLE41,Bradford,G-T,Services,2011,6020
TLH17,Breckland and South Norfolk,A-F,Goods,2011,1268
TLH17,Breckland and South Norfolk,G-T,Services,2011,2789
TLI72,Brent,A-F,Goods,2011,1081
TLI72,Brent,G-T,Services,2011,4912
TLL17,Bridgend and Neath Port Talbot,A-F,Goods,2011,1556
TLL17,Bridgend and Neath Port Talbot,G-T,Services,2011,2808
TLJ21,Brighton and Hove,A-F,Goods,2011,601
TLJ21,Brighton and Hove,G-T,Services,2011,5264
TLK11,"Bristol, City of",A-F,Goods,2011,1348
TLK11,"Bristol, City of",G-T,Services,2011,10156
TLI61,Bromley,A-F,Goods,2011,799
TLI61,Bromley,G-T,Services,2011,5635
TLJ13,Buckinghamshire CC,A-F,Goods,2011,2301
TLJ13,Buckinghamshire CC,G-T,Services,2011,10384
TLM61,"Caithness and Sutherland, and Ross and Cromarty",A-F,Goods,2011,504
TLM61,"Caithness and Sutherland, and Ross and Cromarty",G-T,Services,2011,1156
TLE44,Calderdale and Kirklees,A-F,Goods,2011,2562
TLE44,Calderdale and Kirklees,G-T,Services,2011,6439
TLH12,Cambridgeshire CC,A-F,Goods,2011,3877
TLH12,Cambridgeshire CC,G-T,Services,2011,11209
TLI31,Camden and City of London,A-F,Goods,2011,1705
TLI31,Camden and City of London,G-T,Services,2011,71491
TLL22,Cardiff and Vale of Glamorgan,A-F,Goods,2011,1928
TLL22,Cardiff and Vale of Glamorgan,G-T,Services,2011,8938
TLN0C,Causeway Coast and Glens,A-F,Goods,2011,487
TLN0C,Causeway Coast and Glens,G-T,Services,2011,1325
TLH25,Central Bedfordshire,A-F,Goods,2011,1011
TLH25,Central Bedfordshire,G-T,Services,2011,3204
TLJ36,Central Hampshire,A-F,Goods,2011,2714
TLJ36,Central Hampshire,G-T,Services,2011,9576
TLL15,Central Valleys,A-F,Goods,2011,1546
TLL15,Central Valleys,G-T,Services,2011,2829
TLD62,Cheshire East,A-F,Goods,2011,3918
TLD62,Cheshire East,G-T,Services,2011,6399
TLD63,Cheshire West and Chester,A-F,Goods,2011,1941
TLD63,Cheshire West and Chester,G-T,Services,2011,6575
TLD47,Chorley and West Lancashire,A-F,Goods,2011,842
TLD47,Chorley and West Lancashire,G-T,Services,2011,2620
TLM75,City of Edinburgh,A-F,Goods,2011,1807
TLM75,City of Edinburgh,G-T,Services,2011,15970
TLM72,Clackmannanshire and Fife,A-F,Goods,2011,2207
TLM72,Clackmannanshire and Fife,G-T,Services,2011,4207
TLL13,Conwy and Denbighshire,A-F,Goods,2011,523
TLL13,Conwy and Denbighshire,G-T,Services,2011,2296
TLK30,Cornwall and Isles of Scilly,A-F,Goods,2011,1957
TLK30,Cornwall and Isles of Scilly,G-T,Services,2011,6363
TLG33,Coventry,A-F,Goods,2011,1490
TLG33,Coventry,G-T,Services,2011,6098
TLI62,Croydon,A-F,Goods,2011,693
TLI62,Croydon,G-T,Services,2011,6484
TLC13,Darlington,A-F,Goods,2011,474
TLC13,Darlington,G-T,Services,2011,1787
TLF11,Derby,A-F,Goods,2011,2113
TLF11,Derby,G-T,Services,2011,4285
TLN0A,Derry City and Strabane,A-F,Goods,2011,458
TLN0A,Derry City and Strabane,G-T,Services,2011,1663
TLK43,Devon CC,A-F,Goods,2011,3358
TLK43,Devon CC,G-T,Services,2011,10621
TLK25,Dorset,A-F,Goods,2011,1557
TLK25,Dorset,G-T,Services,2011,4692
TLG36,Dudley,A-F,Goods,2011,1189
TLG36,Dudley,G-T,Services,2011,3075
TLM92,Dumfries and Galloway,A-F,Goods,2011,915
TLM92,Dumfries and Galloway,G-T,Services,2011,1908
TLC14,Durham CC,A-F,Goods,2011,2551
TLC14,Durham CC,G-T,Services,2011,4992
TLI73,Ealing,A-F,Goods,2011,1168
TLI73,Ealing,G-T,Services,2011,5752
TLM93,East Ayrshire and North Ayrshire mainland,A-F,Goods,2011,1088
TLM93,East Ayrshire and North Ayrshire mainland,G-T,Services,2011,2344
TLD12,East Cumbria,A-F,Goods,2011,1565
TLD12,East Cumbria,G-T,Services,2011,4059
TLF12,East Derbyshire,A-F,Goods,2011,1070
TLF12,East Derbyshire,G-T,Services,2011,3158
TLM81,"East Dunbartonshire, West Dunbartonshire, and Helensburgh and Lomond",A-F,Goods,2011,600
TLM81,"East Dunbartonshire, West Dunbartonshire, and Helensburgh and Lomond",G-T,Services,2011,2393
TLJ44,East Kent,A-F,Goods,2011,1322
TLJ44,East Kent,G-T,Services,2011,6832
TLD46,East Lancashire,A-F,Goods,2011,1668
TLD46,East Lancashire,G-T,Services,2011,3250
TLM73,East Lothian and Midlothian,A-F,Goods,2011,542
TLM73,East Lothian and Midlothian,G-T,Services,2011,1694
TLD71,East Merseyside,A-F,Goods,2011,2742
TLD71,East Merseyside,G-T,Services,2011,5839
TLE12,East Riding of Yorkshire,A-F,Goods,2011,1648
TLE12,East Riding of Yorkshire,G-T,Services,2011,3559
TLJ26,East Surrey,A-F,Goods,2011,1457
TLJ26,East Surrey,G-T,Services,2011,11490
TLJ22,East Sussex CC,A-F,Goods,2011,1307
TLJ22,East Sussex CC,G-T,Services,2011,5712
TLI54,Enfield,A-F,Goods,2011,1196
TLI54,Enfield,G-T,Services,2011,4544
TLH34,Essex Haven Gateway,A-F,Goods,2011,1529
TLH34,Essex Haven Gateway,G-T,Services,2011,5517
TLH37,Essex Thames Gateway,A-F,Goods,2011,1960
TLH37,Essex Thames Gateway,G-T,Services,2011,4055
TLM76,Falkirk,A-F,Goods,2011,910
TLM76,Falkirk,G-T,Services,2011,2275
TLN0G,Fermanagh and Omagh,A-F,Goods,2011,428
TLN0G,Fermanagh and Omagh,G-T,Services,2011,1217
TLL23,Flintshire and Wrexham,A-F,Goods,2011,2915
TLL23,Flintshire and Wrexham,G-T,Services,2011,3143
TLM82,Glasgow City,A-F,Goods,2011,2858
TLM82,Glasgow City,G-T,Services,2011,14497
TLK13,Gloucestershire CC,A-F,Goods,2011,3596
TLK13,Gloucestershire CC,G-T,Services,2011,10409
TLD37,Greater Manchester North East,A-F,Goods,2011,2098
TLD37,Greater Manchester North East,G-T,Services,2011,6431
TLD36,Greater Manchester North West,A-F,Goods,2011,2066
TLD36,Greater Manchester North West,G-T,Services,2011,6119
TLD35,Greater Manchester South East,A-F,Goods,2011,1984
TLD35,Greater Manchester South East,G-T,Services,2011,6268
TLD34,Greater Manchester South West,A-F,Goods,2011,2651
TLD34,Greater Manchester South West,G-T,Services,2011,9481
TLL16,Gwent Valleys,A-F,Goods,2011,1524
TLL16,Gwent Valleys,G-T,Services,2011,2742
TLL12,Gwynedd,A-F,Goods,2011,598
TLL12,Gwynedd,G-T,Services,2011,1442
TLI41,Hackney and Newham,A-F,Goods,2011,1396
TLI41,Hackney and Newham,G-T,Services,2011,8149
TLI43,Haringey and Islington,A-F,Goods,2011,1184
TLI43,Haringey and Islington,G-T,Services,2011,16445
TLI74,Harrow and Hillingdon,A-F,Goods,2011,1937
TLI74,Harrow and Hillingdon,G-T,Services,2011,13188
TLC11,Hartlepool and Stockton-on-Tees,A-F,Goods,2011,1531
TLC11,Hartlepool and Stockton-on-Tees,G-T,Services,2011,3786
TLH36,Heart of Essex,A-F,Goods,2011,1676
TLH36,Heart of Essex,G-T,Services,2011,5081
TLG11,"Herefordshire, County of",A-F,Goods,2011,934
TLG11,"Herefordshire, County of",G-T,Services,2011,2058
TLH23,Hertfordshire CC,A-F,Goods,2011,6419
TLH23,Hertfordshire CC,G-T,Services,2011,21959
TLI75,Hounslow and Richmond upon Thames,A-F,Goods,2011,1520
TLI75,Hounslow and Richmond upon Thames,G-T,Services,2011,15160
TLM83,"Inverclyde, East Renfrewshire, and Renfrewshire",A-F,Goods,2011,1201
TLM83,"Inverclyde, East Renfrewshire, and Renfrewshire",G-T,Services,2011,4050
TLM62,"Inverness and Nairn, Moray, Badenoch and Strathspey",A-F,Goods,2011,1597
TLM62,"Inverness and Nairn, Moray, Badenoch and Strathspey",G-T,Services,2011,2789
TLL11,Isle of Anglesey,A-F,Goods,2011,209
TLL11,Isle of Anglesey,G-T,Services,2011,639
TLJ34,Isle of Wight,A-F,Goods,2011,358
TLJ34,Isle of Wight,G-T,Services,2011,1608
TLI33,Kensington & Chelsea and Hammersmith & Fulham,A-F,Goods,2011,575
TLI33,Kensington & Chelsea and Hammersmith & Fulham,G-T,Services,2011,13183
TLJ43,Kent Thames Gateway,A-F,Goods,2011,1802
TLJ43,Kent Thames Gateway,G-T,Services,2011,4350
TLE11,"Kingston upon Hull, City of",A-F,Goods,2011,1797
TLE11,"Kingston upon Hull, City of",G-T,Services,2011,3224
TLI45,Lambeth,A-F,Goods,2011,610
TLI45,Lambeth,G-T,Services,2011,9448
TLD44,Lancaster and Wyre,A-F,Goods,2011,764
TLD44,Lancaster and Wyre,G-T,Services,2011,2637
TLE42,Leeds,A-F,Goods,2011,3553
TLE42,Leeds,G-T,Services,2011,17877
TLF21,Leicester,A-F,Goods,2011,1291
TLF21,Leicester,G-T,Services,2011,5232
TLF22,Leicestershire CC and Rutland,A-F,Goods,2011,4702
TLF22,Leicestershire CC and Rutland,G-T,Services,2011,9250
TLI44,Lewisham and Southwark,A-F,Goods,2011,1143
TLI44,Lewisham and Southwark,G-T,Services,2011,16646
TLF30,Lincolnshire CC,A-F,Goods,2011,3526
TLF30,Lincolnshire CC,G-T,Services,2011,8303
TLN0E,Lisburn and Castlereagh,A-F,Goods,2011,489
TLN0E,Lisburn and Castlereagh,G-T,Services,2011,1823
TLD72,Liverpool,A-F,Goods,2011,1953
TLD72,Liverpool,G-T,Services,2011,9339
TLM63,"Lochaber, Skye and Lochalsh, Arran and Cumbrae, and Argyll and Bute",A-F,Goods,2011,510
TLM63,"Lochaber, Skye and Lochalsh, Arran and Cumbrae, and Argyll and Bute",G-T,Services,2011,1430
TLH21,Luton,A-F,Goods,2011,905
TLH21,Luton,G-T,Services,2011,3190
TLD33,Manchester,A-F,Goods,2011,1320
TLD33,Manchester,G-T,Services,2011,15266
TLJ41,Medway,A-F,Goods,2011,1122
TLJ41,Medway,G-T,Services,2011,3149
TLI63,"Merton, Kingston upon Thames and Sutton",A-F,Goods,2011,1431
TLI63,"Merton, Kingston upon Thames and Sutton",G-T,Services,2011,10482
TLJ45,Mid Kent,A-F,Goods,2011,1168
TLJ45,Mid Kent,G-T,Services,2011,4414
TLD45,Mid Lancashire,A-F,Goods,2011,3145
TLD45,Mid Lancashire,G-T,Services,2011,6953
TLN0B,Mid Ulster,A-F,Goods,2011,1067
TLN0B,Mid Ulster,G-T,Services,2011,1274
TLN0F,Mid and East Antrim,A-F,Goods,2011,1381
TLN0F,Mid and East Antrim,G-T,Services,2011,1178
TLJ12,Milton Keynes,A-F,Goods,2011,1003
TLJ12,Milton Keynes,G-T,Services,2011,8004
TLL21,Monmouthshire and Newport,A-F,Goods,2011,1274
TLL21,Monmouthshire and Newport,G-T,Services,2011,3413
TLM64,Na h-Eileanan Siar,A-F,Goods,2011,79
TLM64,Na h-Eileanan Siar,G-T,Services,2011,393
TLN08,"Newry, Mourne and Down",A-F,Goods,2011,631
TLN08,"Newry, Mourne and Down",G-T,Services,2011,1533
TLJ37,North Hampshire,A-F,Goods,2011,2020
TLJ37,North Hampshire,G-T,Services,2011,9976
TLM84,North Lanarkshire,A-F,Goods,2011,1716
TLM84,North Lanarkshire,G-T,Services,2011,4061
TLF25,North Northamptonshire,A-F,Goods,2011,1663
TLF25,North Northamptonshire,G-T,Services,2011,3544
TLF15,North Nottinghamshire,A-F,Goods,2011,2349
TLF15,North Nottinghamshire,G-T,Services,2011,4952
TLE22,North Yorkshire CC,A-F,Goods,2011,3227
TLE22,North Yorkshire CC,G-T,Services,2011,8545
TLE13,North and North East Lincolnshire,A-F,Goods,2011,2211
TLE13,North and North East Lincolnshire,G-T,Services,2011,3805
TLH16,North and West Norfolk,A-F,Goods,2011,1273
TLH16,North and West Norfolk,G-T,Services,2011,2552
TLC21,Northumberland,A-F,Goods,2011,1513
TLC21,Northumberland,G-T,Services,2011,2986
TLH15,Norwich and East Norfolk,A-F,Goods,2011,1294
TLH15,Norwich and East Norfolk,G-T,Services,2011,5705
TLF14,Nottingham,A-F,Goods,2011,1710
TLF14,Nottingham,G-T,Services,2011,6513
TLM65,Orkney Islands,A-F,Goods,2011,106
TLM65,Orkney Islands,G-T,Services,2011,427
TLJ14,Oxfordshire CC,A-F,Goods,2011,3587
TLJ14,Oxfordshire CC,G-T,Services,2011,13907
TLM77,"Perth and Kinross, and Stirling",A-F,Goods,2011,1462
TLM77,"Perth and Kinross, and Stirling",G-T,Services,2011,3822
TLH11,Peterborough,A-F,Goods,2011,1288
TLH11,Peterborough,G-T,Services,2011,3609
TLK41,Plymouth,A-F,Goods,2011,1124
TLK41,Plymouth,G-T,Services,2011,3548
TLJ31,Portsmouth,A-F,Goods,2011,837
TLJ31,Portsmouth,G-T,Services,2011,4109
TLL24,Powys,A-F,Goods,2011,401
TLL24,Powys,G-T,Services,2011,1406
TLI53,Redbridge and Waltham Forest,A-F,Goods,2011,787
TLI53,Redbridge and Waltham Forest,G-T,Services,2011,6172
TLG37,Sandwell,A-F,Goods,2011,1643
TLG37,Sandwell,G-T,Services,2011,3002
TLM91,Scottish Borders,A-F,Goods,2011,541
TLM91,Scottish Borders,G-T,Services,2011,1295
TLD73,Sefton,A-F,Goods,2011,429
TLD73,Sefton,G-T,Services,2011,3002
TLE32,Sheffield,A-F,Goods,2011,2062
TLE32,Sheffield,G-T,Services,2011,9093
TLM66,Shetland Islands,A-F,Goods,2011,231
TLM66,Shetland Islands,G-T,Services,2011,460
TLG22,Shropshire CC,A-F,Goods,2011,1229
TLG22,Shropshire CC,G-T,Services,2011,3792
TLG32,Solihull,A-F,Goods,2011,1915
TLG32,Solihull,G-T,Services,2011,3853
TLK23,Somerset CC,A-F,Goods,2011,2827
TLK23,Somerset CC,G-T,Services,2011,6661
TLM94,South Ayrshire,A-F,Goods,2011,623
TLM94,South Ayrshire,G-T,Services,2011,1479
TLJ35,South Hampshire,A-F,Goods,2011,2499
TLJ35,South Hampshire,G-T,Services,2011,6350
TLM95,South Lanarkshire,A-F,Goods,2011,1742
TLM95,South Lanarkshire,G-T,Services,2011,3807
TLF16,South Nottinghamshire,A-F,Goods,2011,1260
TLF16,South Nottinghamshire,G-T,Services,2011,3738
TLC12,South Teesside,A-F,Goods,2011,883
TLC12,South Teesside,G-T,Services,2011,3170
TLL14,South West Wales,A-F,Goods,2011,1322
TLL14,South West Wales,G-T,Services,2011,3960
TLF13,South and West Derbyshire,A-F,Goods,2011,2803
TLF13,South and West Derbyshire,G-T,Services,2011,4892
TLJ32,Southampton,A-F,Goods,2011,834
TLJ32,Southampton,G-T,Services,2011,5737
TLH31,Southend-on-Sea,A-F,Goods,2011,425
TLH31,Southend-on-Sea,G-T,Services,2011,2069
TLG24,Staffordshire CC,A-F,Goods,2011,3994
TLG24,Staffordshire CC,G-T,Services,2011,10549
TLG23,Stoke-on-Trent,A-F,Goods,2011,1032
TLG23,Stoke-on-Trent,G-T,Services,2011,3337
TLH14,Suffolk CC,A-F,Goods,2011,3681
TLH14,Suffolk CC,G-T,Services,2011,10824
TLC23,Sunderland,A-F,Goods,2011,1645
TLC23,Sunderland,G-T,Services,2011,3801
TLL18,Swansea,A-F,Goods,2011,648
TLL18,Swansea,G-T,Services,2011,3676
TLK14,Swindon,A-F,Goods,2011,2493
TLK14,Swindon,G-T,Services,2011,4936
TLG21,Telford and Wrekin,A-F,Goods,2011,818
TLG21,Telford and Wrekin,G-T,Services,2011,2497
TLH32,Thurrock,A-F,Goods,2011,816
TLH32,Thurrock,G-T,Services,2011,2161
TLK42,Torbay,A-F,Goods,2011,201
TLK42,Torbay,G-T,Services,2011,1572
TLI42,Tower Hamlets,A-F,Goods,2011,1301
TLI42,Tower Hamlets,G-T,Services,2011,27654
TLC22,Tyneside,A-F,Goods,2011,3053
TLC22,Tyneside,G-T,Services,2011,13424
TLE45,Wakefield,A-F,Goods,2011,1611
TLE45,Wakefield,G-T,Services,2011,4150
TLG38,Walsall,A-F,Goods,2011,848
TLG38,Walsall,G-T,Services,2011,2817
TLI34,Wandsworth,A-F,Goods,2011,386
TLI34,Wandsworth,G-T,Services,2011,5063
TLD61,Warrington,A-F,Goods,2011,1348
TLD61,Warrington,G-T,Services,2011,4159
TLG13,Warwickshire CC,A-F,Goods,2011,3233
TLG13,Warwickshire CC,G-T,Services,2011,9431
TLD11,West Cumbria,A-F,Goods,2011,1760
TLD11,West Cumbria,G-T,Services,2011,2409
TLH35,West Essex,A-F,Goods,2011,1422
TLH35,West Essex,G-T,Services,2011,4965
TLJ46,West Kent,A-F,Goods,2011,1848
TLJ46,West Kent,G-T,Services,2011,7022
TLM78,West Lothian,A-F,Goods,2011,1085
TLM78,West Lothian,G-T,Services,2011,2606
TLF24,West Northamptonshire,A-F,Goods,2011,1931
TLF24,West Northamptonshire,G-T,Services,2011,6917
TLJ25,West Surrey,A-F,Goods,2011,3761
TLJ25,West Surrey,G-T,Services,2011,19346
TLJ28,West Sussex (North East),A-F,Goods,2011,2105
TLJ28,West Sussex (North East),G-T,Services,2011,7496
TLJ27,West Sussex (South West),A-F,Goods,2011,1919
TLJ27,West Sussex (South West),G-T,Services,2011,5887
TLI32,Westminster,A-F,Goods,2011,2212
TLI32,Westminster,G-T,Services,2011,47048
TLK15,Wiltshire,A-F,Goods,2011,1740
TLK15,Wiltshire,G-T,Services,2011,7839
TLD74,Wirral,A-F,Goods,2011,847
TLD74,Wirral,G-T,Services,2011,3339
TLG39,Wolverhampton,A-F,Goods,2011,1070
TLG39,Wolverhampton,G-T,Services,2011,3204
TLG12,Worcestershire CC,A-F,Goods,2011,2963
TLG12,Worcestershire CC,G-T,Services,2011,7806
TLE21,York,A-F,Goods,2011,772
TLE21,York,G-T,Services,2011,4481
TLM50,Aberdeen City and Aberdeenshire,A-F,Goods,2012,5391
TLM50,Aberdeen City and Aberdeenshire,G-T,Services,2012,11206
TLM71,Angus and Dundee City,A-F,Goods,2012,1055
TLM71,Angus and Dundee City,G-T,Services,2012,3510
TLN0D,Antrim and Newtownabbey,A-F,Goods,2012,607
TLN0D,Antrim and Newtownabbey,G-T,Services,2012,1935
TLN09,Ards and North Down,A-F,Goods,2012,289
TLN09,Ards and North Down,G-T,Services,2012,1412
TLN07,"Armagh City, Banbridge and Craigavon",A-F,Goods,2012,816
TLN07,"Armagh City, Banbridge and Craigavon",G-T,Services,2012,1979
TLI52,Barking & Dagenham and Havering,A-F,Goods,2012,2222
TLI52,Barking & Dagenham and Havering,G-T,Services,2012,5536
TLI71,Barnet,A-F,Goods,2012,879
TLI71,Barnet,G-T,Services,2012,6058
TLE31,"Barnsley, Doncaster and Rotherham",A-F,Goods,2012,3068
TLE31,"Barnsley, Doncaster and Rotherham",G-T,Services,2012,8141
TLK12,"Bath and North East Somerset, North Somerset and South Gloucestershire",A-F,Goods,2012,3989
TLK12,"Bath and North East Somerset, North Somerset and South Gloucestershire",G-T,Services,2012,12342
TLH24,Bedford,A-F,Goods,2012,710
TLH24,Bedford,G-T,Services,2012,2422
TLN06,Belfast,A-F,Goods,2012,1357
TLN06,Belfast,G-T,Services,2012,8699
TLJ11,Berkshire,A-F,Goods,2012,5953
TLJ11,Berkshire,G-T,Services,2012,30141
TLI51,Bexley and Greenwich,A-F,Goods,2012,1961
TLI51,Bexley and Greenwich,G-T,Services,2012,7423
TLG31,Birmingham,A-F,Goods,2012,3598
TLG31,Birmingham,G-T,Services,2012,18205
TLD41,Blackburn with Darwen,A-F,Goods,2012,623
TLD41,Blackburn with Darwen,G-T,Services,2012,1823
TLD42,Blackpool,A-F,Goods,2012,246
TLD42,Blackpool,G-T,Services,2012,1759
TLK24,"Bournemouth, Christchurch and Poole",A-F,Goods,2012,1479
TLK24,"Bournemouth, Christchurch and Poole",G-T,Services,2012,6679
TLE41,Bradford,A-F,Goods,2012,2151
TLE41,Bradford,G-T,Services,2012,6042
TLH17,Breckland and South Norfolk,A-F,Goods,2012,1264
TLH17,Breckland and South Norfolk,G-T,Services,2012,2943
TLI72,Brent,A-F,Goods,2012,1153
TLI72,Brent,G-T,Services,2012,5347
TLL17,Bridgend and Neath Port Talbot,A-F,Goods,2012,1553
TLL17,Bridgend and Neath Port Talbot,G-T,Services,2012,2887
TLJ21,Brighton and Hove,A-F,Goods,2012,673
TLJ21,Brighton and Hove,G-T,Services,2012,5670
TLK11,"Bristol, City of",A-F,Goods,2012,1396
TLK11,"Bristol, City of",G-T,Services,2012,10616
TLI61,Bromley,A-F,Goods,2012,863
TLI61,Bromley,G-T,Services,2012,5956
TLJ13,Buckinghamshire CC,A-F,Goods,2012,2249
TLJ13,Buckinghamshire CC,G-T,Services,2012,10731
TLM61,"Caithness and Sutherland, and Ross and Cromarty",A-F,Goods,2012,530
TLM61,"Caithness and Sutherland, and Ross and Cromarty",G-T,Services,2012,1187
TLE44,Calderdale and Kirklees,A-F,Goods,2012,2654
TLE44,Calderdale and Kirklees,G-T,Services,2012,6589
TLH12,Cambridgeshire CC,A-F,Goods,2012,3869
TLH12,Cambridgeshire CC,G-T,Services,2012,11932
TLI31,Camden and City of London,A-F,Goods,2012,1748
TLI31,Camden and City of London,G-T,Services,2012,72288
TLL22,Cardiff and Vale of Glamorgan,A-F,Goods,2012,2009
TLL22,Cardiff and Vale of Glamorgan,G-T,Services,2012,9402
TLN0C,Causeway Coast and Glens,A-F,Goods,2012,497
TLN0C,Causeway Coast and Glens,G-T,Services,2012,1369
TLH25,Central Bedfordshire,A-F,Goods,2012,1130
TLH25,Central Bedfordshire,G-T,Services,2012,3239
TLJ36,Central Hampshire,A-F,Goods,2012,2756
TLJ36,Central Hampshire,G-T,Services,2012,9903
TLL15,Central Valleys,A-F,Goods,2012,1612
TLL15,Central Valleys,G-T,Services,2012,2883
TLD62,Cheshire East,A-F,Goods,2012,4336
TLD62,Cheshire East,G-T,Services,2012,6526
TLD63,Cheshire West and Chester,A-F,Goods,2012,2018
TLD63,Cheshire West and Chester,G-T,Services,2012,6656
TLD47,Chorley and West Lancashire,A-F,Goods,2012,891
TLD47,Chorley and West Lancashire,G-T,Services,2012,2627
TLM75,City of Edinburgh,A-F,Goods,2012,1800
TLM75,City of Edinburgh,G-T,Services,2012,16779
TLM72,Clackmannanshire and Fife,A-F,Goods,2012,2275
TLM72,Clackmannanshire and Fife,G-T,Services,2012,4377
TLL13,Conwy and Denbighshire,A-F,Goods,2012,515
TLL13,Conwy and Denbighshire,G-T,Services,2012,2341
TLK30,Cornwall and Isles of Scilly,A-F,Goods,2012,2035
TLK30,Cornwall and Isles of Scilly,G-T,Services,2012,6551
TLG33,Coventry,A-F,Goods,2012,1660
TLG33,Coventry,G-T,Services,2012,6078
TLI62,Croydon,A-F,Goods,2012,675
TLI62,Croydon,G-T,Services,2012,6756
TLC13,Darlington,A-F,Goods,2012,416
TLC13,Darlington,G-T,Services,2012,1868
TLF11,Derby,A-F,Goods,2012,2237
TLF11,Derby,G-T,Services,2012,4286
TLN0A,Derry City and Strabane,A-F,Goods,2012,484
TLN0A,Derry City and Strabane,G-T,Services,2012,1732
TLK43,Devon CC,A-F,Goods,2012,3430
TLK43,Devon CC,G-T,Services,2012,10860
TLK25,Dorset,A-F,Goods,2012,1657
TLK25,Dorset,G-T,Services,2012,4801
TLG36,Dudley,A-F,Goods,2012,1224
TLG36,Dudley,G-T,Services,2012,3222
TLM92,Dumfries and Galloway,A-F,Goods,2012,921
TLM92,Dumfries and Galloway,G-T,Services,2012,1961
TLC14,Durham CC,A-F,Goods,2012,2639
TLC14,Durham CC,G-T,Services,2012,5089
TLI73,Ealing,A-F,Goods,2012,1272
TLI73,Ealing,G-T,Services,2012,6197
TLM93,East Ayrshire and North Ayrshire mainland,A-F,Goods,2012,1142
TLM93,East Ayrshire and North Ayrshire mainland,G-T,Services,2012,2372
TLD12,East Cumbria,A-F,Goods,2012,1579
TLD12,East Cumbria,G-T,Services,2012,4218
TLF12,East Derbyshire,A-F,Goods,2012,1118
TLF12,East Derbyshire,G-T,Services,2012,3296
TLM81,"East Dunbartonshire, West Dunbartonshire, and Helensburgh and Lomond",A-F,Goods,2012,577
TLM81,"East Dunbartonshire, West Dunbartonshire, and Helensburgh and Lomond",G-T,Services,2012,2415
TLJ44,East Kent,A-F,Goods,2012,1386
TLJ44,East Kent,G-T,Services,2012,6804
TLD46,East Lancashire,A-F,Goods,2012,1706
TLD46,East Lancashire,G-T,Services,2012,3397
TLM73,East Lothian and Midlothian,A-F,Goods,2012,554
TLM73,East Lothian and Midlothian,G-T,Services,2012,1765
TLD71,East Merseyside,A-F,Goods,2012,2528
TLD71,East Merseyside,G-T,Services,2012,5909
TLE12,East Riding of Yorkshire,A-F,Goods,2012,1701
TLE12,East Riding of Yorkshire,G-T,Services,2012,3667
TLJ26,East Surrey,A-F,Goods,2012,1504
TLJ26,East Surrey,G-T,Services,2012,12214
TLJ22,East Sussex CC,A-F,Goods,2012,1220
TLJ22,East Sussex CC,G-T,Services,2012,5830
TLI54,Enfield,A-F,Goods,2012,1233
TLI54,Enfield,G-T,Services,2012,4731
TLH34,Essex Haven Gateway,A-F,Goods,2012,1568
TLH34,Essex Haven Gateway,G-T,Services,2012,5697
TLH37,Essex Thames Gateway,A-F,Goods,2012,2018
TLH37,Essex Thames Gateway,G-T,Services,2012,4315
TLM76,Falkirk,A-F,Goods,2012,866
TLM76,Falkirk,G-T,Services,2012,2304
TLN0G,Fermanagh and Omagh,A-F,Goods,2012,455
TLN0G,Fermanagh and Omagh,G-T,Services,2012,1301
TLL23,Flintshire and Wrexham,A-F,Goods,2012,2934
TLL23,Flintshire and Wrexham,G-T,Services,2012,3409
TLM82,Glasgow City,A-F,Goods,2012,2909
TLM82,Glasgow City,G-T,Services,2012,14752
TLK13,Gloucestershire CC,A-F,Goods,2012,3818
TLK13,Gloucestershire CC,G-T,Services,2012,10577
TLD37,Greater Manchester North East,A-F,Goods,2012,2188
TLD37,Greater Manchester North East,G-T,Services,2012,6682
TLD36,Greater Manchester North West,A-F,Goods,2012,2205
TLD36,Greater Manchester North West,G-T,Services,2012,6341
TLD35,Greater Manchester South East,A-F,Goods,2012,2045
TLD35,Greater Manchester South East,G-T,Services,2012,6483
TLD34,Greater Manchester South West,A-F,Goods,2012,2607
TLD34,Greater Manchester South West,G-T,Services,2012,10125
TLL16,Gwent Valleys,A-F,Goods,2012,1529
TLL16,Gwent Valleys,G-T,Services,2012,2806
TLL12,Gwynedd,A-F,Goods,2012,599
TLL12,Gwynedd,G-T,Services,2012,1499
TLI41,Hackney and Newham,A-F,Goods,2012,1406
TLI41,Hackney and Newham,G-T,Services,2012,8632
TLI43,Haringey and Islington,A-F,Goods,2012,1246
TLI43,Haringey and Islington,G-T,Services,2012,16993
TLI74,Harrow and Hillingdon,A-F,Goods,2012,2001
TLI74,Harrow and Hillingdon,G-T,Services,2012,13333
TLC11,Hartlepool and Stockton-on-Tees,A-F,Goods,2012,1582
TLC11,Hartlepool and Stockton-on-Tees,G-T,Services,2012,3829
TLH36,Heart of Essex,A-F,Goods,2012,1622
TLH36,Heart of Essex,G-T,Services,2012,5320
TLG11,"Herefordshire, County of",A-F,Goods,2012,957
TLG11,"Herefordshire, County of",G-T,Services,2012,2139
TLH23,Hertfordshire CC,A-F,Goods,2012,6409
TLH23,Hertfordshire CC,G-T,Services,2012,22381
TLI75,Hounslow and Richmond upon Thames,A-F,Goods,2012,1622
TLI75,Hounslow and Richmond upon Thames,G-T,Services,2012,16441
TLM83,"Inverclyde, East Renfrewshire, and Renfrewshire",A-F,Goods,2012,1171
TLM83,"Inverclyde, East Renfrewshire, and Renfrewshire",G-T,Services,2012,4225
TLM62,"Inverness and Nairn, Moray, Badenoch and Strathspey",A-F,Goods,2012,1590
TLM62,"Inverness and Nairn, Moray, Badenoch and Strathspey",G-T,Services,2012,2825
TLL11,Isle of Anglesey,A-F,Goods,2012,207
TLL11,Isle of Anglesey,G-T,Services,2012,664
TLJ34,Isle of Wight,A-F,Goods,2012,369
TLJ34,Isle of Wight,G-T,Services,2012,1695
TLI33,Kensington & Chelsea and Hammersmith & Fulham,A-F,Goods,2012,631
TLI33,Kensington & Chelsea and Hammersmith & Fulham,G-T,Services,2012,14860
TLJ43,Kent Thames Gateway,A-F,Goods,2012,1821
TLJ43,Kent Thames Gateway,G-T,Services,2012,4536
TLE11,"Kingston upon Hull, City of",A-F,Goods,2012,1901
TLE11,"Kingston upon Hull, City of",G-T,Services,2012,3192
TLI45,Lambeth,A-F,Goods,2012,631
TLI45,Lambeth,G-T,Services,2012,9631
TLD44,Lancaster and Wyre,A-F,Goods,2012,848
TLD44,Lancaster and Wyre,G-T,Services,2012,2690
TLE42,Leeds,A-F,Goods,2012,3756
TLE42,Leeds,G-T,Services,2012,18127
TLF21,Leicester,A-F,Goods,2012,1417
TLF21,Leicester,G-T,Services,2012,5359
TLF22,Leicestershire CC and Rutland,A-F,Goods,2012,5095
TLF22,Leicestershire CC and Rutland,G-T,Services,2012,9460
TLI44,Lewisham and Southwark,A-F,Goods,2012,1190
TLI44,Lewisham and Southwark,G-T,Services,2012,17564
TLF30,Lincolnshire CC,A-F,Goods,2012,3666
TLF30,Lincolnshire CC,G-T,Services,2012,8701
TLN0E,Lisburn and Castlereagh,A-F,Goods,2012,518
TLN0E,Lisburn and Castlereagh,G-T,Services,2012,1945
TLD72,Liverpool,A-F,Goods,2012,1523
TLD72,Liverpool,G-T,Services,2012,9572
TLM63,"Lochaber, Skye and Lochalsh, Arran and Cumbrae, and Argyll and Bute",A-F,Goods,2012,541
TLM63,"Lochaber, Skye and Lochalsh, Arran and Cumbrae, and Argyll and Bute",G-T,Services,2012,1440
TLH21,Luton,A-F,Goods,2012,981
TLH21,Luton,G-T,Services,2012,3270
TLD33,Manchester,A-F,Goods,2012,1606
TLD33,Manchester,G-T,Services,2012,15767
TLJ41,Medway,A-F,Goods,2012,1274
TLJ41,Medway,G-T,Services,2012,3197
TLI63,"Merton, Kingston upon Thames and Sutton",A-F,Goods,2012,1544
TLI63,"Merton, Kingston upon Thames and Sutton",G-T,Services,2012,10921
TLJ45,Mid Kent,A-F,Goods,2012,1185
TLJ45,Mid Kent,G-T,Services,2012,4497
TLD45,Mid Lancashire,A-F,Goods,2012,3180
TLD45,Mid Lancashire,G-T,Services,2012,7313
TLN0B,Mid Ulster,A-F,Goods,2012,1066
TLN0B,Mid Ulster,G-T,Services,2012,1326
TLN0F,Mid and East Antrim,A-F,Goods,2012,1678
TLN0F,Mid and East Antrim,G-T,Services,2012,1245
TLJ12,Milton Keynes,A-F,Goods,2012,1012
TLJ12,Milton Keynes,G-T,Services,2012,8232
TLL21,Monmouthshire and Newport,A-F,Goods,2012,1305
TLL21,Monmouthshire and Newport,G-T,Services,2012,3503
TLM64,Na h-Eileanan Siar,A-F,Goods,2012,83
TLM64,Na h-Eileanan Siar,G-T,Services,2012,388
TLN08,"Newry, Mourne and Down",A-F,Goods,2012,650
TLN08,"Newry, Mourne and Down",G-T,Services,2012,1614
TLJ37,North Hampshire,A-F,Goods,2012,2016
TLJ37,North Hampshire,G-T,Services,2012,10227
TLM84,North Lanarkshire,A-F,Goods,2012,1864
TLM84,North Lanarkshire,G-T,Services,2012,4035
TLF25,North Northamptonshire,A-F,Goods,2012,1811
TLF25,North Northamptonshire,G-T,Services,2012,3724
TLF15,North Nottinghamshire,A-F,Goods,2012,2446
TLF15,North Nottinghamshire,G-T,Services,2012,5084
TLE22,North Yorkshire CC,A-F,Goods,2012,3325
TLE22,North Yorkshire CC,G-T,Services,2012,8753
TLE13,North and North East Lincolnshire,A-F,Goods,2012,2261
TLE13,North and North East Lincolnshire,G-T,Services,2012,3790
TLH16,North and West Norfolk,A-F,Goods,2012,1344
TLH16,North and West Norfolk,G-T,Services,2012,2639
TLC21,Northumberland,A-F,Goods,2012,1513
TLC21,Northumberland,G-T,Services,2012,3016
TLH15,Norwich and East Norfolk,A-F,Goods,2012,1327
TLH15,Norwich and East Norfolk,G-T,Services,2012,6105
TLF14,Nottingham,A-F,Goods,2012,1808
TLF14,Nottingham,G-T,Services,2012,6646
TLM65,Orkney Islands,A-F,Goods,2012,100
TLM65,Orkney Islands,G-T,Services,2012,447
TLJ14,Oxfordshire CC,A-F,Goods,2012,3750
TLJ14,Oxfordshire CC,G-T,Services,2012,14398
TLM77,"Perth and Kinross, and Stirling",A-F,Goods,2012,1666
TLM77,"Perth and Kinross, and Stirling",G-T,Services,2012,3977
TLH11,Peterborough,A-F,Goods,2012,1343
TLH11,Peterborough,G-T,Services,2012,3711
TLK41,Plymouth,A-F,Goods,2012,1171
TLK41,Plymouth,G-T,Services,2012,3619
TLJ31,Portsmouth,A-F,Goods,2012,1025
TLJ31,Portsmouth,G-T,Services,2012,4208
TLL24,Powys,A-F,Goods,2012,403
TLL24,Powys,G-T,Services,2012,1481
TLI53,Redbridge and Waltham Forest,A-F,Goods,2012,841
TLI53,Redbridge and Waltham Forest,G-T,Services,2012,6697
TLG37,Sandwell,A-F,Goods,2012,1714
TLG37,Sandwell,G-T,Services,2012,3096
TLM91,Scottish Borders,A-F,Goods,2012,534
TLM91,Scottish Borders,G-T,Services,2012,1328
TLD73,Sefton,A-F,Goods,2012,414
TLD73,Sefton,G-T,Services,2012,3017
TLE32,Sheffield,A-F,Goods,2012,2143
TLE32,Sheffield,G-T,Services,2012,9220
TLM66,Shetland Islands,A-F,Goods,2012,254
TLM66,Shetland Islands,G-T,Services,2012,444
TLG22,Shropshire CC,A-F,Goods,2012,1264
TLG22,Shropshire CC,G-T,Services,2012,3860
TLG32,Solihull,A-F,Goods,2012,2048
TLG32,Solihull,G-T,Services,2012,4012
TLK23,Somerset CC,A-F,Goods,2012,2867
TLK23,Somerset CC,G-T,Services,2012,6826
TLM94,South Ayrshire,A-F,Goods,2012,605
TLM94,South Ayrshire,G-T,Services,2012,1480
TLJ35,South Hampshire,A-F,Goods,2012,2524
TLJ35,South Hampshire,G-T,Services,2012,6711
TLM95,South Lanarkshire,A-F,Goods,2012,1852
TLM95,South Lanarkshire,G-T,Services,2012,3854
TLF16,South Nottinghamshire,A-F,Goods,2012,1393
TLF16,South Nottinghamshire,G-T,Services,2012,3828
TLC12,South Teesside,A-F,Goods,2012,881
TLC12,South Teesside,G-T,Services,2012,3224
TLL14,South West Wales,A-F,Goods,2012,1466
TLL14,South West Wales,G-T,Services,2012,4049
TLF13,South and West Derbyshire,A-F,Goods,2012,3035
TLF13,South and West Derbyshire,G-T,Services,2012,5008
TLJ32,Southampton,A-F,Goods,2012,963
TLJ32,Southampton,G-T,Services,2012,5669
TLH31,Southend-on-Sea,A-F,Goods,2012,424
TLH31,Southend-on-Sea,G-T,Services,2012,2154
TLG24,Staffordshire CC,A-F,Goods,2012,4005
TLG24,Staffordshire CC,G-T,Services,2012,10706
TLG23,Stoke-on-Trent,A-F,Goods,2012,1076
TLG23,Stoke-on-Trent,G-T,Services,2012,3421
TLH14,Suffolk CC,A-F,Goods,2012,3847
TLH14,Suffolk CC,G-T,Services,2012,11230
TLC23,Sunderland,A-F,Goods,2012,1801
TLC23,Sunderland,G-T,Services,2012,3797
TLL18,Swansea,A-F,Goods,2012,638
TLL18,Swansea,G-T,Services,2012,3777
TLK14,Swindon,A-F,Goods,2012,2633
TLK14,Swindon,G-T,Services,2012,4875
TLG21,Telford and Wrekin,A-F,Goods,2012,861
TLG21,Telford and Wrekin,G-T,Services,2012,2568
TLH32,Thurrock,A-F,Goods,2012,874
TLH32,Thurrock,G-T,Services,2012,2218
TLK42,Torbay,A-F,Goods,2012,183
TLK42,Torbay,G-T,Services,2012,1591
TLI42,Tower Hamlets,A-F,Goods,2012,1365
TLI42,Tower Hamlets,G-T,Services,2012,27037
TLC22,Tyneside,A-F,Goods,2012,3105
TLC22,Tyneside,G-T,Services,2012,13975
TLE45,Wakefield,A-F,Goods,2012,1667
TLE45,Wakefield,G-T,Services,2012,4249
TLG38,Walsall,A-F,Goods,2012,940
TLG38,Walsall,G-T,Services,2012,2873
TLI34,Wandsworth,A-F,Goods,2012,394
TLI34,Wandsworth,G-T,Services,2012,5595
TLD61,Warrington,A-F,Goods,2012,1393
TLD61,Warrington,G-T,Services,2012,4294
TLG13,Warwickshire CC,A-F,Goods,2012,3555
TLG13,Warwickshire CC,G-T,Services,2012,9999
TLD11,West Cumbria,A-F,Goods,2012,1847
TLD11,West Cumbria,G-T,Services,2012,2530
TLH35,West Essex,A-F,Goods,2012,1382
TLH35,West Essex,G-T,Services,2012,5009
TLJ46,West Kent,A-F,Goods,2012,1850
TLJ46,West Kent,G-T,Services,2012,7249
TLM78,West Lothian,A-F,Goods,2012,1052
TLM78,West Lothian,G-T,Services,2012,2702
TLF24,West Northamptonshire,A-F,Goods,2012,2027
TLF24,West Northamptonshire,G-T,Services,2012,6962
TLJ25,West Surrey,A-F,Goods,2012,3924
TLJ25,West Surrey,G-T,Services,2012,19984
TLJ28,West Sussex (North East),A-F,Goods,2012,2199
TLJ28,West Sussex (North East),G-T,Services,2012,7805
TLJ27,West Sussex (South West),A-F,Goods,2012,2003
TLJ27,West Sussex (South West),G-T,Services,2012,6219
TLI32,Westminster,A-F,Goods,2012,2414
TLI32,Westminster,G-T,Services,2012,49793
TLK15,Wiltshire,A-F,Goods,2012,1773
TLK15,Wiltshire,G-T,Services,2012,8202
TLD74,Wirral,A-F,Goods,2012,827
TLD74,Wirral,G-T,Services,2012,3414
TLG39,Wolverhampton,A-F,Goods,2012,1102
TLG39,Wolverhampton,G-T,Services,2012,3134
TLG12,Worcestershire CC,A-F,Goods,2012,3235
TLG12,Worcestershire CC,G-T,Services,2012,8157
TLE21,York,A-F,Goods,2012,820
TLE21,York,G-T,Services,2012,4556
TLM50,Aberdeen City and Aberdeenshire,A-F,Goods,2013,5674
TLM50,Aberdeen City and Aberdeenshire,G-T,Services,2013,11983
TLM71,Angus and Dundee City,A-F,Goods,2013,1191
TLM71,Angus and Dundee City,G-T,Services,2013,3580
TLN0D,Antrim and Newtownabbey,A-F,Goods,2013,678
TLN0D,Antrim and Newtownabbey,G-T,Services,2013,1862
TLN09,Ards and North Down,A-F,Goods,2013,281
TLN09,Ards and North Down,G-T,Services,2013,1374
TLN07,"Armagh City, Banbridge and Craigavon",A-F,Goods,2013,926
TLN07,"Armagh City, Banbridge and Craigavon",G-T,Services,2013,2059
TLI52,Barking & Dagenham and Havering,A-F,Goods,2013,2512
TLI52,Barking & Dagenham and Havering,G-T,Services,2013,5662
TLI71,Barnet,A-F,Goods,2013,821
TLI71,Barnet,G-T,Services,2013,6351
TLE31,"Barnsley, Doncaster and Rotherham",A-F,Goods,2013,3200
TLE31,"Barnsley, Doncaster and Rotherham",G-T,Services,2013,8229
TLK12,"Bath and North East Somerset, North Somerset and South Gloucestershire",A-F,Goods,2013,3773
TLK12,"Bath and North East Somerset, North Somerset and South Gloucestershire",G-T,Services,2013,12877
TLH24,Bedford,A-F,Goods,2013,760
TLH24,Bedford,G-T,Services,2013,2467
TLN06,Belfast,A-F,Goods,2013,1431
TLN06,Belfast,G-T,Services,2013,9225
TLJ11,Berkshire,A-F,Goods,2013,6235
TLJ11,Berkshire,G-T,Services,2013,30639
TLI51,Bexley and Greenwich,A-F,Goods,2013,2086
TLI51,Bexley and Greenwich,G-T,Services,2013,7970
TLG31,Birmingham,A-F,Goods,2013,3862
TLG31,Birmingham,G-T,Services,2013,19109
TLD41,Blackburn with Darwen,A-F,Goods,2013,693
TLD41,Blackburn with Darwen,G-T,Services,2013,1833
TLD42,Blackpool,A-F,Goods,2013,260
TLD42,Blackpool,G-T,Services,2013,1781
TLK24,"Bournemouth, Christchurch and Poole",A-F,Goods,2013,1576
TLK24,"Bournemouth, Christchurch and Poole",G-T,Services,2013,7017
TLE41,Bradford,A-F,Goods,2013,2284
TLE41,Bradford,G-T,Services,2013,6096
TLH17,Breckland and South Norfolk,A-F,Goods,2013,1330
TLH17,Breckland and South Norfolk,G-T,Services,2013,3029
TLI72,Brent,A-F,Goods,2013,1236
TLI72,Brent,G-T,Services,2013,5657
TLL17,Bridgend and Neath Port Talbot,A-F,Goods,2013,1688
TLL17,Bridgend and Neath Port Talbot,G-T,Services,2013,2979
TLJ21,Brighton and Hove,A-F,Goods,2013,761
TLJ21,Brighton and Hove,G-T,Services,2013,5989
TLK11,"Bristol, City of",A-F,Goods,2013,1498
TLK11,"Bristol, City of",G-T,Services,2013,10737
TLI61,Bromley,A-F,Goods,2013,850
TLI61,Bromley,G-T,Services,2013,6184
TLJ13,Buckinghamshire CC,A-F,Goods,2013,2422
TLJ13,Buckinghamshire CC,G-T,Services,2013,10960
TLM61,"Caithness and Sutherland, and Ross and Cromarty",A-F,Goods,2013,525
TLM61,"Caithness and Sutherland, and Ross and Cromarty",G-T,Services,2013,1245
TLE44,Calderdale and Kirklees,A-F,Goods,2013,2901
TLE44,Calderdale and Kirklees,G-T,Services,2013,6606
TLH12,Cambridgeshire CC,A-F,Goods,2013,4100
TLH12,Cambridgeshire CC,G-T,Services,2013,12156
TLI31,Camden and City of London,A-F,Goods,2013,2131
TLI31,Camden and City of London,G-T,Services,2013,76762
TLL22,Cardiff and Vale of Glamorgan,A-F,Goods,2013,2185
TLL22,Cardiff and Vale of Glamorgan,G-T,Services,2013,9508
TLN0C,Causeway Coast and Glens,A-F,Goods,2013,541
TLN0C,Causeway Coast and Glens,G-T,Services,2013,1342
TLH25,Central Bedfordshire,A-F,Goods,2013,1322
TLH25,Central Bedfordshire,G-T,Services,2013,3360
TLJ36,Central Hampshire,A-F,Goods,2013,3023
TLJ36,Central Hampshire,G-T,Services,2013,10024
TLL15,Central Valleys,A-F,Goods,2013,1677
TLL15,Central Valleys,G-T,Services,2013,2982
TLD62,Cheshire East,A-F,Goods,2013,4503
TLD62,Cheshire East,G-T,Services,2013,6645
TLD63,Cheshire West and Chester,A-F,Goods,2013,2409
TLD63,Cheshire West and Chester,G-T,Services,2013,6615
TLD47,Chorley and West Lancashire,A-F,Goods,2013,944
TLD47,Chorley and West Lancashire,G-T,Services,2013,2620
TLM75,City of Edinburgh,A-F,Goods,2013,1961
TLM75,City of Edinburgh,G-T,Services,2013,17352
TLM72,Clackmannanshire and Fife,A-F,Goods,2013,2477
TLM72,Clackmannanshire and Fife,G-T,Services,2013,4481
TLL13,Conwy and Denbighshire,A-F,Goods,2013,584
TLL13,Conwy and Denbighshire,G-T,Services,2013,2463
TLK30,Cornwall and Isles of Scilly,A-F,Goods,2013,2184
TLK30,Cornwall and Isles of Scilly,G-T,Services,2013,6658
TLG33,Coventry,A-F,Goods,2013,2153
TLG33,Coventry,G-T,Services,2013,5809
TLI62,Croydon,A-F,Goods,2013,796
TLI62,Croydon,G-T,Services,2013,6697
TLC13,Darlington,A-F,Goods,2013,378
TLC13,Darlington,G-T,Services,2013,1940
TLF11,Derby,A-F,Goods,2013,2405
TLF11,Derby,G-T,Services,2013,4393
TLN0A,Derry City and Strabane,A-F,Goods,2013,561
TLN0A,Derry City and Strabane,G-T,Services,2013,1690
TLK43,Devon CC,A-F,Goods,2013,3642
TLK43,Devon CC,G-T,Services,2013,11221
TLK25,Dorset,A-F,Goods,2013,1776
TLK25,Dorset,G-T,Services,2013,4797
TLG36,Dudley,A-F,Goods,2013,1392
TLG36,Dudley,G-T,Services,2013,3177
TLM92,Dumfries and Galloway,A-F,Goods,2013,980
TLM92,Dumfries and Galloway,G-T,Services,2013,2057
TLC14,Durham CC,A-F,Goods,2013,2623
TLC14,Durham CC,G-T,Services,2013,5226
TLI73,Ealing,A-F,Goods,2013,1350
TLI73,Ealing,G-T,Services,2013,6639
TLM93,East Ayrshire and North Ayrshire mainland,A-F,Goods,2013,1161
TLM93,East Ayrshire and North Ayrshire mainland,G-T,Services,2013,2485
TLD12,East Cumbria,A-F,Goods,2013,1666
TLD12,East Cumbria,G-T,Services,2013,4311
TLF12,East Derbyshire,A-F,Goods,2013,1216
TLF12,East Derbyshire,G-T,Services,2013,3335
TLM81,"East Dunbartonshire, West Dunbartonshire, and Helensburgh and Lomond",A-F,Goods,2013,560
TLM81,"East Dunbartonshire, West Dunbartonshire, and Helensburgh and Lomond",G-T,Services,2013,2508
TLJ44,East Kent,A-F,Goods,2013,1469
TLJ44,East Kent,G-T,Services,2013,6944
TLD46,East Lancashire,A-F,Goods,2013,1769
TLD46,East Lancashire,G-T,Services,2013,3379
TLM73,East Lothian and Midlothian,A-F,Goods,2013,688
TLM73,East Lothian and Midlothian,G-T,Services,2013,1861
TLD71,East Merseyside,A-F,Goods,2013,2835
TLD71,East Merseyside,G-T,Services,2013,6035
TLE12,East Riding of Yorkshire,A-F,Goods,2013,1811
TLE12,East Riding of Yorkshire,G-T,Services,2013,3720
TLJ26,East Surrey,A-F,Goods,2013,1496
TLJ26,East Surrey,G-T,Services,2013,12892
TLJ22,East Sussex CC,A-F,Goods,2013,1293
TLJ22,East Sussex CC,G-T,Services,2013,5940
TLI54,Enfield,A-F,Goods,2013,1261
TLI54,Enfield,G-T,Services,2013,4899
TLH34,Essex Haven Gateway,A-F,Goods,2013,1642
TLH34,Essex Haven Gateway,G-T,Services,2013,5780
TLH37,Essex Thames Gateway,A-F,Goods,2013,2211
TLH37,Essex Thames Gateway,G-T,Services,2013,4506
TLM76,Falkirk,A-F,Goods,2013,933
TLM76,Falkirk,G-T,Services,2013,2350
TLN0G,Fermanagh and Omagh,A-F,Goods,2013,451
TLN0G,Fermanagh and Omagh,G-T,Services,2013,1220
TLL23,Flintshire and Wrexham,A-F,Goods,2013,3098
TLL23,Flintshire and Wrexham,G-T,Services,2013,3477
TLM82,Glasgow City,A-F,Goods,2013,2962
TLM82,Glasgow City,G-T,Services,2013,15541
TLK13,Gloucestershire CC,A-F,Goods,2013,4023
TLK13,Gloucestershire CC,G-T,Services,2013,10898
TLD37,Greater Manchester North East,A-F,Goods,2013,2246
TLD37,Greater Manchester North East,G-T,Services,2013,6936
TLD36,Greater Manchester North West,A-F,Goods,2013,2348
TLD36,Greater Manchester North West,G-T,Services,2013,6711
TLD35,Greater Manchester South East,A-F,Goods,2013,2132
TLD35,Greater Manchester South East,G-T,Services,2013,6586
TLD34,Greater Manchester South West,A-F,Goods,2013,2726
TLD34,Greater Manchester South West,G-T,Services,2013,10905
TLL16,Gwent Valleys,A-F,Goods,2013,1559
TLL16,Gwent Valleys,G-T,Services,2013,2945
TLL12,Gwynedd,A-F,Goods,2013,639
TLL12,Gwynedd,G-T,Services,2013,1561
TLI41,Hackney and Newham,A-F,Goods,2013,1501
TLI41,Hackney and Newham,G-T,Services,2013,8953
TLI43,Haringey and Islington,A-F,Goods,2013,1374
TLI43,Haringey and Islington,G-T,Services,2013,18159
TLI74,Harrow and Hillingdon,A-F,Goods,2013,2082
TLI74,Harrow and Hillingdon,G-T,Services,2013,14046
TLC11,Hartlepool and Stockton-on-Tees,A-F,Goods,2013,1731
TLC11,Hartlepool and Stockton-on-Tees,G-T,Services,2013,3913
TLH36,Heart of Essex,A-F,Goods,2013,1698
TLH36,Heart of Essex,G-T,Services,2013,5422
TLG11,"Herefordshire, County of",A-F,Goods,2013,1022
TLG11,"Herefordshire, County of",G-T,Services,2013,2217
TLH23,Hertfordshire CC,A-F,Goods,2013,6977
TLH23,Hertfordshire CC,G-T,Services,2013,23660
TLI75,Hounslow and Richmond upon Thames,A-F,Goods,2013,1856
TLI75,Hounslow and Richmond upon Thames,G-T,Services,2013,17292
TLM83,"Inverclyde, East Renfrewshire, and Renfrewshire",A-F,Goods,2013,1180
TLM83,"Inverclyde, East Renfrewshire, and Renfrewshire",G-T,Services,2013,4439
TLM62,"Inverness and Nairn, Moray, Badenoch and Strathspey",A-F,Goods,2013,1673
TLM62,"Inverness and Nairn, Moray, Badenoch and Strathspey",G-T,Services,2013,2993
TLL11,Isle of Anglesey,A-F,Goods,2013,215
TLL11,Isle of Anglesey,G-T,Services,2013,664
TLJ34,Isle of Wight,A-F,Goods,2013,397
TLJ34,Isle of Wight,G-T,Services,2013,1805
TLI33,Kensington & Chelsea and Hammersmith & Fulham,A-F,Goods,2013,609
TLI33,Kensington & Chelsea and Hammersmith & Fulham,G-T,Services,2013,16282
TLJ43,Kent Thames Gateway,A-F,Goods,2013,1931
TLJ43,Kent Thames Gateway,G-T,Services,2013,4655
TLE11,"Kingston upon Hull, City of",A-F,Goods,2013,1871
TLE11,"Kingston upon Hull, City of",G-T,Services,2013,3216
TLI45,Lambeth,A-F,Goods,2013,671
TLI45,Lambeth,G-T,Services,2013,9099
TLD44,Lancaster and Wyre,A-F,Goods,2013,973
TLD44,Lancaster and Wyre,G-T,Services,2013,2777
TLE42,Leeds,A-F,Goods,2013,3870
TLE42,Leeds,G-T,Services,2013,18622
TLF21,Leicester,A-F,Goods,2013,1486
TLF21,Leicester,G-T,Services,2013,5536
TLF22,Leicestershire CC and Rutland,A-F,Goods,2013,5449
TLF22,Leicestershire CC and Rutland,G-T,Services,2013,9648
TLI44,Lewisham and Southwark,A-F,Goods,2013,1100
TLI44,Lewisham and Southwark,G-T,Services,2013,18230
TLF30,Lincolnshire CC,A-F,Goods,2013,4004
TLF30,Lincolnshire CC,G-T,Services,2013,9021
TLN0E,Lisburn and Castlereagh,A-F,Goods,2013,606
TLN0E,Lisburn and Castlereagh,G-T,Services,2013,1920
TLD72,Liverpool,A-F,Goods,2013,1393
TLD72,Liverpool,G-T,Services,2013,9836
TLM63,"Lochaber, Skye and Lochalsh, Arran and Cumbrae, and Argyll and Bute",A-F,Goods,2013,576
TLM63,"Lochaber, Skye and Lochalsh, Arran and Cumbrae, and Argyll and Bute",G-T,Services,2013,1436
TLH21,Luton,A-F,Goods,2013,1094
TLH21,Luton,G-T,Services,2013,3606
TLD33,Manchester,A-F,Goods,2013,1697
TLD33,Manchester,G-T,Services,2013,16131
TLJ41,Medway,A-F,Goods,2013,1358
TLJ41,Medway,G-T,Services,2013,3265
TLI63,"Merton, Kingston upon Thames and Sutton",A-F,Goods,2013,1476
TLI63,"Merton, Kingston upon Thames and Sutton",G-T,Services,2013,11314
TLJ45,Mid Kent,A-F,Goods,2013,1273
TLJ45,Mid Kent,G-T,Services,2013,4561
TLD45,Mid Lancashire,A-F,Goods,2013,3515
TLD45,Mid Lancashire,G-T,Services,2013,7265
TLN0B,Mid Ulster,A-F,Goods,2013,1277
TLN0B,Mid Ulster,G-T,Services,2013,1301
TLN0F,Mid and East Antrim,A-F,Goods,2013,1685
TLN0F,Mid and East Antrim,G-T,Services,2013,1218
TLJ12,Milton Keynes,A-F,Goods,2013,1168
TLJ12,Milton Keynes,G-T,Services,2013,8622
TLL21,Monmouthshire and Newport,A-F,Goods,2013,1323
TLL21,Monmouthshire and Newport,G-T,Services,2013,3465
TLM64,Na h-Eileanan Siar,A-F,Goods,2013,85
TLM64,Na h-Eileanan Siar,G-T,Services,2013,385
TLN08,"Newry, Mourne and Down",A-F,Goods,2013,740
TLN08,"Newry, Mourne and Down",G-T,Services,2013,1653
TLJ37,North Hampshire,A-F,Goods,2013,2218
TLJ37,North Hampshire,G-T,Services,2013,10683
TLM84,North Lanarkshire,A-F,Goods,2013,2038
TLM84,North Lanarkshire,G-T,Services,2013,4150
TLF25,North Northamptonshire,A-F,Goods,2013,1906
TLF25,North Northamptonshire,G-T,Services,2013,3810
TLF15,North Nottinghamshire,A-F,Goods,2013,2679
TLF15,North Nottinghamshire,G-T,Services,2013,5076
TLE22,North Yorkshire CC,A-F,Goods,2013,3438
TLE22,North Yorkshire CC,G-T,Services,2013,9175
TLE13,North and North East Lincolnshire,A-F,Goods,2013,2413
TLE13,North and North East Lincolnshire,G-T,Services,2013,3812
TLH16,North and West Norfolk,A-F,Goods,2013,1401
TLH16,North and West Norfolk,G-T,Services,2013,2693
TLC21,Northumberland,A-F,Goods,2013,1480
TLC21,Northumberland,G-T,Services,2013,3024
TLH15,Norwich and East Norfolk,A-F,Goods,2013,1365
TLH15,Norwich and East Norfolk,G-T,Services,2013,6486
TLF14,Nottingham,A-F,Goods,2013,1808
TLF14,Nottingham,G-T,Services,2013,6783
TLM65,Orkney Islands,A-F,Goods,2013,100
TLM65,Orkney Islands,G-T,Services,2013,426
TLJ14,Oxfordshire CC,A-F,Goods,2013,4025
TLJ14,Oxfordshire CC,G-T,Services,2013,14918
TLM77,"Perth and Kinross, and Stirling",A-F,Goods,2013,1645
TLM77,"Perth and Kinross, and Stirling",G-T,Services,2013,4338
TLH11,Peterborough,A-F,Goods,2013,1375
TLH11,Peterborough,G-T,Services,2013,3675
TLK41,Plymouth,A-F,Goods,2013,1225
TLK41,Plymouth,G-T,Services,2013,3696
TLJ31,Portsmouth,A-F,Goods,2013,1140
TLJ31,Portsmouth,G-T,Services,2013,4233
TLL24,Powys,A-F,Goods,2013,466
TLL24,Powys,G-T,Services,2013,1480
TLI53,Redbridge and Waltham Forest,A-F,Goods,2013,857
TLI53,Redbridge and Waltham Forest,G-T,Services,2013,6864
TLG37,Sandwell,A-F,Goods,2013,1861
TLG37,Sandwell,G-T,Services,2013,3159
TLM91,Scottish Borders,A-F,Goods,2013,586
TLM91,Scottish Borders,G-T,Services,2013,1371
TLD73,Sefton,A-F,Goods,2013,374
TLD73,Sefton,G-T,Services,2013,3111
TLE32,Sheffield,A-F,Goods,2013,2169
TLE32,Sheffield,G-T,Services,2013,9521
TLM66,Shetland Islands,A-F,Goods,2013,262
TLM66,Shetland Islands,G-T,Services,2013,467
TLG22,Shropshire CC,A-F,Goods,2013,1394
TLG22,Shropshire CC,G-T,Services,2013,3940
TLG32,Solihull,A-F,Goods,2013,2121
TLG32,Solihull,G-T,Services,2013,4248
TLK23,Somerset CC,A-F,Goods,2013,2893
TLK23,Somerset CC,G-T,Services,2013,6836
TLM94,South Ayrshire,A-F,Goods,2013,590
TLM94,South Ayrshire,G-T,Services,2013,1499
TLJ35,South Hampshire,A-F,Goods,2013,2659
TLJ35,South Hampshire,G-T,Services,2013,6871
TLM95,South Lanarkshire,A-F,Goods,2013,2033
TLM95,South Lanarkshire,G-T,Services,2013,3948
TLF16,South Nottinghamshire,A-F,Goods,2013,1506
TLF16,South Nottinghamshire,G-T,Services,2013,3913
TLC12,South Teesside,A-F,Goods,2013,905
TLC12,South Teesside,G-T,Services,2013,3227
TLL14,South West Wales,A-F,Goods,2013,1714
TLL14,South West Wales,G-T,Services,2013,4157
TLF13,South and West Derbyshire,A-F,Goods,2013,3493
TLF13,South and West Derbyshire,G-T,Services,2013,5075
TLJ32,Southampton,A-F,Goods,2013,948
TLJ32,Southampton,G-T,Services,2013,5824
TLH31,Southend-on-Sea,A-F,Goods,2013,438
TLH31,Southend-on-Sea,G-T,Services,2013,2163
TLG24,Staffordshire CC,A-F,Goods,2013,4403
TLG24,Staffordshire CC,G-T,Services,2013,10833
TLG23,Stoke-on-Trent,A-F,Goods,2013,1138
TLG23,Stoke-on-Trent,G-T,Services,2013,3512
TLH14,Suffolk CC,A-F,Goods,2013,3986
TLH14,Suffolk CC,G-T,Services,2013,11750
TLC23,Sunderland,A-F,Goods,2013,2138
TLC23,Sunderland,G-T,Services,2013,3937
TLL18,Swansea,A-F,Goods,2013,669
TLL18,Swansea,G-T,Services,2013,3848
TLK14,Swindon,A-F,Goods,2013,2768
TLK14,Swindon,G-T,Services,2013,4995
TLG21,Telford and Wrekin,A-F,Goods,2013,923
TLG21,Telford and Wrekin,G-T,Services,2013,2655
TLH32,Thurrock,A-F,Goods,2013,829
TLH32,Thurrock,G-T,Services,2013,2181
TLK42,Torbay,A-F,Goods,2013,184
TLK42,Torbay,G-T,Services,2013,1661
TLI42,Tower Hamlets,A-F,Goods,2013,1473
TLI42,Tower Hamlets,G-T,Services,2013,28399
TLC22,Tyneside,A-F,Goods,2013,3137
TLC22,Tyneside,G-T,Services,2013,13760
TLE45,Wakefield,A-F,Goods,2013,1779
TLE45,Wakefield,G-T,Services,2013,4333
TLG38,Walsall,A-F,Goods,2013,1055
TLG38,Walsall,G-T,Services,2013,3024
TLI34,Wandsworth,A-F,Goods,2013,436
TLI34,Wandsworth,G-T,Services,2013,5859
TLD61,Warrington,A-F,Goods,2013,1422
TLD61,Warrington,G-T,Services,2013,4578
TLG13,Warwickshire CC,A-F,Goods,2013,4170
TLG13,Warwickshire CC,G-T,Services,2013,10442
TLD11,West Cumbria,A-F,Goods,2013,1968
TLD11,West Cumbria,G-T,Services,2013,2587
TLH35,West Essex,A-F,Goods,2013,1543
TLH35,West Essex,G-T,Services,2013,5064
TLJ46,West Kent,A-F,Goods,2013,2022
TLJ46,West Kent,G-T,Services,2013,7433
TLM78,West Lothian,A-F,Goods,2013,1026
TLM78,West Lothian,G-T,Services,2013,2665
TLF24,West Northamptonshire,A-F,Goods,2013,2239
TLF24,West Northamptonshire,G-T,Services,2013,7323
TLJ25,West Surrey,A-F,Goods,2013,4377
TLJ25,West Surrey,G-T,Services,2013,20685
TLJ28,West Sussex (North East),A-F,Goods,2013,2164
TLJ28,West Sussex (North East),G-T,Services,2013,7963
TLJ27,West Sussex (South West),A-F,Goods,2013,2122
TLJ27,West Sussex (South West),G-T,Services,2013,6354
TLI32,Westminster,A-F,Goods,2013,2803
TLI32,Westminster,G-T,Services,2013,51962
TLK15,Wiltshire,A-F,Goods,2013,1951
TLK15,Wiltshire,G-T,Services,2013,8314
TLD74,Wirral,A-F,Goods,2013,891
TLD74,Wirral,G-T,Services,2013,3436
TLG39,Wolverhampton,A-F,Goods,2013,1132
TLG39,Wolverhampton,G-T,Services,2013,3164
TLG12,Worcestershire CC,A-F,Goods,2013,3430
TLG12,Worcestershire CC,G-T,Services,2013,8419
TLE21,York,A-F,Goods,2013,878
TLE21,York,G-T,Services,2013,4530
TLM50,Aberdeen City and Aberdeenshire,A-F,Goods,2014,5960
TLM50,Aberdeen City and Aberdeenshire,G-T,Services,2014,12497
TLM71,Angus and Dundee City,A-F,Goods,2014,1268
TLM71,Angus and Dundee City,G-T,Services,2014,3723
TLN0D,Antrim and Newtownabbey,A-F,Goods,2014,733
TLN0D,Antrim and Newtownabbey,G-T,Services,2014,1983
TLN09,Ards and North Down,A-F,Goods,2014,279
TLN09,Ards and North Down,G-T,Services,2014,1454
TLN07,"Armagh City, Banbridge and Craigavon",A-F,Goods,2014,975
TLN07,"Armagh City, Banbridge and Craigavon",G-T,Services,2014,2166
TLI52,Barking & Dagenham and Havering,A-F,Goods,2014,2520
TLI52,Barking & Dagenham and Havering,G-T,Services,2014,5963
TLI71,Barnet,A-F,Goods,2014,797
TLI71,Barnet,G-T,Services,2014,6866
TLE31,"Barnsley, Doncaster and Rotherham",A-F,Goods,2014,3453
TLE31,"Barnsley, Doncaster and Rotherham",G-T,Services,2014,8475
TLK12,"Bath and North East Somerset, North Somerset and South Gloucestershire",A-F,Goods,2014,3895
TLK12,"Bath and North East Somerset, North Somerset and South Gloucestershire",G-T,Services,2014,13965
TLH24,Bedford,A-F,Goods,2014,856
TLH24,Bedford,G-T,Services,2014,2585
TLN06,Belfast,A-F,Goods,2014,1428
TLN06,Belfast,G-T,Services,2014,9339
TLJ11,Berkshire,A-F,Goods,2014,6689
TLJ11,Berkshire,G-T,Services,2014,31557
TLI51,Bexley and Greenwich,A-F,Goods,2014,2143
TLI51,Bexley and Greenwich,G-T,Services,2014,8214
TLG31,Birmingham,A-F,Goods,2014,4331
TLG31,Birmingham,G-T,Services,2014,19591
TLD41,Blackburn with Darwen,A-F,Goods,2014,718
TLD41,Blackburn with Darwen,G-T,Services,2014,1933
TLD42,Blackpool,A-F,Goods,2014,258
TLD42,Blackpool,G-T,Services,2014,1865
TLK24,"Bournemouth, Christchurch and Poole",A-F,Goods,2014,1525
TLK24,"Bournemouth, Christchurch and Poole",G-T,Services,2014,7372
TLE41,Bradford,A-F,Goods,2014,2307
TLE41,Bradford,G-T,Services,2014,6171
TLH17,Breckland and South Norfolk,A-F,Goods,2014,1425
TLH17,Breckland and South Norfolk,G-T,Services,2014,3125
TLI72,Brent,A-F,Goods,2014,1349
TLI72,Brent,G-T,Services,2014,6171
TLL17,Bridgend and Neath Port Talbot,A-F,Goods,2014,1866
TLL17,Bridgend and Neath Port Talbot,G-T,Services,2014,3008
TLJ21,Brighton and Hove,A-F,Goods,2014,874
TLJ21,Brighton and Hove,G-T,Services,2014,6180
TLK11,"Bristol, City of",A-F,Goods,2014,1587
TLK11,"Bristol, City of",G-T,Services,2014,11255
TLI61,Bromley,A-F,Goods,2014,856
TLI61,Bromley,G-T,Services,2014,6249
TLJ13,Buckinghamshire CC,A-F,Goods,2014,2416
TLJ13,Buckinghamshire CC,G-T,Services,2014,11368
TLM61,"Caithness and Sutherland, and Ross and Cromarty",A-F,Goods,2014,565
TLM61,"Caithness and Sutherland, and Ross and Cromarty",G-T,Services,2014,1285
TLE44,Calderdale and Kirklees,A-F,Goods,2014,3040
TLE44,Calderdale and Kirklees,G-T,Services,2014,7236
TLH12,Cambridgeshire CC,A-F,Goods,2014,4468
TLH12,Cambridgeshire CC,G-T,Services,2014,12337
TLI31,Camden and City of London,A-F,Goods,2014,2206
TLI31,Camden and City of London,G-T,Services,2014,82377
TLL22,Cardiff and Vale of Glamorgan,A-F,Goods,2014,2338
TLL22,Cardiff and Vale of Glamorgan,G-T,Services,2014,9708
TLN0C,Causeway Coast and Glens,A-F,Goods,2014,523
TLN0C,Causeway Coast and Glens,G-T,Services,2014,1389
TLH25,Central Bedfordshire,A-F,Goods,2014,1389
TLH25,Central Bedfordshire,G-T,Services,2014,3573
TLJ36,Central Hampshire,A-F,Goods,2014,3217
TLJ36,Central Hampshire,G-T,Services,2014,10365
TLL15,Central Valleys,A-F,Goods,2014,1813
TLL15,Central Valleys,G-T,Services,2014,3001
TLD62,Cheshire East,A-F,Goods,2014,4530
TLD62,Cheshire East,G-T,Services,2014,7281
TLD63,Cheshire West and Chester,A-F,Goods,2014,2578
TLD63,Cheshire West and Chester,G-T,Services,2014,6914
TLD47,Chorley and West Lancashire,A-F,Goods,2014,980
TLD47,Chorley and West Lancashire,G-T,Services,2014,2777
TLM75,City of Edinburgh,A-F,Goods,2014,1967
TLM75,City of Edinburgh,G-T,Services,2014,18053
TLM72,Clackmannanshire and Fife,A-F,Goods,2014,2539
TLM72,Clackmannanshire and Fife,G-T,Services,2014,4848
TLL13,Conwy and Denbighshire,A-F,Goods,2014,644
TLL13,Conwy and Denbighshire,G-T,Services,2014,2510
TLK30,Cornwall and Isles of Scilly,A-F,Goods,2014,2384
TLK30,Cornwall and Isles of Scilly,G-T,Services,2014,6804
TLG33,Coventry,A-F,Goods,2014,2367
TLG33,Coventry,G-T,Services,2014,6221
TLI62,Croydon,A-F,Goods,2014,871
TLI62,Croydon,G-T,Services,2014,7338
TLC13,Darlington,A-F,Goods,2014,440
TLC13,Darlington,G-T,Services,2014,2132
TLF11,Derby,A-F,Goods,2014,2263
TLF11,Derby,G-T,Services,2014,4384
TLN0A,Derry City and Strabane,A-F,Goods,2014,548
TLN0A,Derry City and Strabane,G-T,Services,2014,1747
TLK43,Devon CC,A-F,Goods,2014,3818
TLK43,Devon CC,G-T,Services,2014,11597
TLK25,Dorset,A-F,Goods,2014,1847
TLK25,Dorset,G-T,Services,2014,5059
TLG36,Dudley,A-F,Goods,2014,1458
TLG36,Dudley,G-T,Services,2014,3220
TLM92,Dumfries and Galloway,A-F,Goods,2014,1019
TLM92,Dumfries and Galloway,G-T,Services,2014,2145
TLC14,Durham CC,A-F,Goods,2014,2685
TLC14,Durham CC,G-T,Services,2014,5143
TLI73,Ealing,A-F,Goods,2014,1430
TLI73,Ealing,G-T,Services,2014,7161
TLM93,East Ayrshire and North Ayrshire mainland,A-F,Goods,2014,1202
TLM93,East Ayrshire and North Ayrshire mainland,G-T,Services,2014,2535
TLD12,East Cumbria,A-F,Goods,2014,1792
TLD12,East Cumbria,G-T,Services,2014,4432
TLF12,East Derbyshire,A-F,Goods,2014,1248
TLF12,East Derbyshire,G-T,Services,2014,3479
TLM81,"East Dunbartonshire, West Dunbartonshire, and Helensburgh and Lomond",A-F,Goods,2014,634
TLM81,"East Dunbartonshire, West Dunbartonshire, and Helensburgh and Lomond",G-T,Services,2014,2653
TLJ44,East Kent,A-F,Goods,2014,1475
TLJ44,East Kent,G-T,Services,2014,7268
TLD46,East Lancashire,A-F,Goods,2014,1837
TLD46,East Lancashire,G-T,Services,2014,3563
TLM73,East Lothian and Midlothian,A-F,Goods,2014,759
TLM73,East Lothian and Midlothian,G-T,Services,2014,1951
TLD71,East Merseyside,A-F,Goods,2014,3143
TLD71,East Merseyside,G-T,Services,2014,6211
TLE12,East Riding of Yorkshire,A-F,Goods,2014,1941
TLE12,East Riding of Yorkshire,G-T,Services,2014,3871
TLJ26,East Surrey,A-F,Goods,2014,1629
TLJ26,East Surrey,G-T,Services,2014,12899
TLJ22,East Sussex CC,A-F,Goods,2014,1456
TLJ22,East Sussex CC,G-T,Services,2014,6141
TLI54,Enfield,A-F,Goods,2014,1300
TLI54,Enfield,G-T,Services,2014,5140
TLH34,Essex Haven Gateway,A-F,Goods,2014,1862
TLH34,Essex Haven Gateway,G-T,Services,2014,5994
TLH37,Essex Thames Gateway,A-F,Goods,2014,1980
TLH37,Essex Thames Gateway,G-T,Services,2014,5007
TLM76,Falkirk,A-F,Goods,2014,971
TLM76,Falkirk,G-T,Services,2014,2443
TLN0G,Fermanagh and Omagh,A-F,Goods,2014,495
TLN0G,Fermanagh and Omagh,G-T,Services,2014,1303
TLL23,Flintshire and Wrexham,A-F,Goods,2014,2992
TLL23,Flintshire and Wrexham,G-T,Services,2014,3518
TLM82,Glasgow City,A-F,Goods,2014,2818
TLM82,Glasgow City,G-T,Services,2014,16240
TLK13,Gloucestershire CC,A-F,Goods,2014,4230
TLK13,Gloucestershire CC,G-T,Services,2014,11454
TLD37,Greater Manchester North East,A-F,Goods,2014,2357
TLD37,Greater Manchester North East,G-T,Services,2014,6993
TLD36,Greater Manchester North West,A-F,Goods,2014,2498
TLD36,Greater Manchester North West,G-T,Services,2014,6776
TLD35,Greater Manchester South East,A-F,Goods,2014,2057
TLD35,Greater Manchester South East,G-T,Services,2014,6747
TLD34,Greater Manchester South West,A-F,Goods,2014,2810
TLD34,Greater Manchester South West,G-T,Services,2014,11374
TLL16,Gwent Valleys,A-F,Goods,2014,1559
TLL16,Gwent Valleys,G-T,Services,2014,3031
TLL12,Gwynedd,A-F,Goods,2014,605
TLL12,Gwynedd,G-T,Services,2014,1575
TLI41,Hackney and Newham,A-F,Goods,2014,1479
TLI41,Hackney and Newham,G-T,Services,2014,9786
TLI43,Haringey and Islington,A-F,Goods,2014,1516
TLI43,Haringey and Islington,G-T,Services,2014,19463
TLI74,Harrow and Hillingdon,A-F,Goods,2014,2086
TLI74,Harrow and Hillingdon,G-T,Services,2014,15634
TLC11,Hartlepool and Stockton-on-Tees,A-F,Goods,2014,1675
TLC11,Hartlepool and Stockton-on-Tees,G-T,Services,2014,4079
TLH36,Heart of Essex,A-F,Goods,2014,2101
TLH36,Heart of Essex,G-T,Services,2014,5704
TLG11,"Herefordshire, County of",A-F,Goods,2014,1084
TLG11,"Herefordshire, County of",G-T,Services,2014,2334
TLH23,Hertfordshire CC,A-F,Goods,2014,7459
TLH23,Hertfordshire CC,G-T,Services,2014,25244
TLI75,Hounslow and Richmond upon Thames,A-F,Goods,2014,2004
TLI75,Hounslow and Richmond upon Thames,G-T,Services,2014,18493
TLM83,"Inverclyde, East Renfrewshire, and Renfrewshire",A-F,Goods,2014,1290
TLM83,"Inverclyde, East Renfrewshire, and Renfrewshire",G-T,Services,2014,4827
TLM62,"Inverness and Nairn, Moray, Badenoch and Strathspey",A-F,Goods,2014,1714
TLM62,"Inverness and Nairn, Moray, Badenoch and Strathspey",G-T,Services,2014,3085
TLL11,Isle of Anglesey,A-F,Goods,2014,218
TLL11,Isle of Anglesey,G-T,Services,2014,667
TLJ34,Isle of Wight,A-F,Goods,2014,403
TLJ34,Isle of Wight,G-T,Services,2014,1915
TLI33,Kensington & Chelsea and Hammersmith & Fulham,A-F,Goods,2014,638
TLI33,Kensington & Chelsea and Hammersmith & Fulham,G-T,Services,2014,17638
TLJ43,Kent Thames Gateway,A-F,Goods,2014,2122
TLJ43,Kent Thames Gateway,G-T,Services,2014,4894
TLE11,"Kingston upon Hull, City of",A-F,Goods,2014,1793
TLE11,"Kingston upon Hull, City of",G-T,Services,2014,3336
TLI45,Lambeth,A-F,Goods,2014,664
TLI45,Lambeth,G-T,Services,2014,10456
TLD44,Lancaster and Wyre,A-F,Goods,2014,1029
TLD44,Lancaster and Wyre,G-T,Services,2014,2789
TLE42,Leeds,A-F,Goods,2014,3990
TLE42,Leeds,G-T,Services,2014,19143
TLF21,Leicester,A-F,Goods,2014,1610
TLF21,Leicester,G-T,Services,2014,6015
TLF22,Leicestershire CC and Rutland,A-F,Goods,2014,5582
TLF22,Leicestershire CC and Rutland,G-T,Services,2014,10155
TLI44,Lewisham and Southwark,A-F,Goods,2014,1063
TLI44,Lewisham and Southwark,G-T,Services,2014,18255
TLF30,Lincolnshire CC,A-F,Goods,2014,4086
TLF30,Lincolnshire CC,G-T,Services,2014,9311
TLN0E,Lisburn and Castlereagh,A-F,Goods,2014,600
TLN0E,Lisburn and Castlereagh,G-T,Services,2014,2024
TLD72,Liverpool,A-F,Goods,2014,1499
TLD72,Liverpool,G-T,Services,2014,10283
TLM63,"Lochaber, Skye and Lochalsh, Arran and Cumbrae, and Argyll and Bute",A-F,Goods,2014,601
TLM63,"Lochaber, Skye and Lochalsh, Arran and Cumbrae, and Argyll and Bute",G-T,Services,2014,1467
TLH21,Luton,A-F,Goods,2014,1275
TLH21,Luton,G-T,Services,2014,3953
TLD33,Manchester,A-F,Goods,2014,1795
TLD33,Manchester,G-T,Services,2014,16612
TLJ41,Medway,A-F,Goods,2014,1373
TLJ41,Medway,G-T,Services,2014,3356
TLI63,"Merton, Kingston upon Thames and Sutton",A-F,Goods,2014,1543
TLI63,"Merton, Kingston upon Thames and Sutton",G-T,Services,2014,12102
TLJ45,Mid Kent,A-F,Goods,2014,1359
TLJ45,Mid Kent,G-T,Services,2014,4826
TLD45,Mid Lancashire,A-F,Goods,2014,3675
TLD45,Mid Lancashire,G-T,Services,2014,7364
TLN0B,Mid Ulster,A-F,Goods,2014,1383
TLN0B,Mid Ulster,G-T,Services,2014,1348
TLN0F,Mid and East Antrim,A-F,Goods,2014,1576
TLN0F,Mid and East Antrim,G-T,Services,2014,1275
TLJ12,Milton Keynes,A-F,Goods,2014,1257
TLJ12,Milton Keynes,G-T,Services,2014,9653
TLL21,Monmouthshire and Newport,A-F,Goods,2014,1347
TLL21,Monmouthshire and Newport,G-T,Services,2014,3531
TLM64,Na h-Eileanan Siar,A-F,Goods,2014,93
TLM64,Na h-Eileanan Siar,G-T,Services,2014,395
TLN08,"Newry, Mourne and Down",A-F,Goods,2014,814
TLN08,"Newry, Mourne and Down",G-T,Services,2014,1738
TLJ37,North Hampshire,A-F,Goods,2014,2288
TLJ37,North Hampshire,G-T,Services,2014,10678
TLM84,North Lanarkshire,A-F,Goods,2014,2413
TLM84,North Lanarkshire,G-T,Services,2014,4483
TLF25,North Northamptonshire,A-F,Goods,2014,2013
TLF25,North Northamptonshire,G-T,Services,2014,3986
TLF15,North Nottinghamshire,A-F,Goods,2014,2711
TLF15,North Nottinghamshire,G-T,Services,2014,5204
TLE22,North Yorkshire CC,A-F,Goods,2014,3566
TLE22,North Yorkshire CC,G-T,Services,2014,9308
TLE13,North and North East Lincolnshire,A-F,Goods,2014,2478
TLE13,North and North East Lincolnshire,G-T,Services,2014,3986
TLH16,North and West Norfolk,A-F,Goods,2014,1459
TLH16,North and West Norfolk,G-T,Services,2014,2775
TLC21,Northumberland,A-F,Goods,2014,1542
TLC21,Northumberland,G-T,Services,2014,3118
TLH15,Norwich and East Norfolk,A-F,Goods,2014,1439
TLH15,Norwich and East Norfolk,G-T,Services,2014,6605
TLF14,Nottingham,A-F,Goods,2014,1735
TLF14,Nottingham,G-T,Services,2014,7446
TLM65,Orkney Islands,A-F,Goods,2014,121
TLM65,Orkney Islands,G-T,Services,2014,418
TLJ14,Oxfordshire CC,A-F,Goods,2014,4085
TLJ14,Oxfordshire CC,G-T,Services,2014,15832
TLM77,"Perth and Kinross, and Stirling",A-F,Goods,2014,1665
TLM77,"Perth and Kinross, and Stirling",G-T,Services,2014,4471
TLH11,Peterborough,A-F,Goods,2014,1401
TLH11,Peterborough,G-T,Services,2014,4032
TLK41,Plymouth,A-F,Goods,2014,1238
TLK41,Plymouth,G-T,Services,2014,3809
TLJ31,Portsmouth,A-F,Goods,2014,1151
TLJ31,Portsmouth,G-T,Services,2014,4411
TLL24,Powys,A-F,Goods,2014,526
TLL24,Powys,G-T,Services,2014,1486
TLI53,Redbridge and Waltham Forest,A-F,Goods,2014,883
TLI53,Redbridge and Waltham Forest,G-T,Services,2014,7136
TLG37,Sandwell,A-F,Goods,2014,2069
TLG37,Sandwell,G-T,Services,2014,3398
TLM91,Scottish Borders,A-F,Goods,2014,670
TLM91,Scottish Borders,G-T,Services,2014,1440
TLD73,Sefton,A-F,Goods,2014,385
TLD73,Sefton,G-T,Services,2014,3243
TLE32,Sheffield,A-F,Goods,2014,2087
TLE32,Sheffield,G-T,Services,2014,9838
TLM66,Shetland Islands,A-F,Goods,2014,303
TLM66,Shetland Islands,G-T,Services,2014,480
TLG22,Shropshire CC,A-F,Goods,2014,1538
TLG22,Shropshire CC,G-T,Services,2014,4010
TLG32,Solihull,A-F,Goods,2014,2312
TLG32,Solihull,G-T,Services,2014,4395
TLK23,Somerset CC,A-F,Goods,2014,3097
TLK23,Somerset CC,G-T,Services,2014,7329
TLM94,South Ayrshire,A-F,Goods,2014,669
TLM94,South Ayrshire,G-T,Services,2014,1524
TLJ35,South Hampshire,A-F,Goods,2014,2668
TLJ35,South Hampshire,G-T,Services,2014,7388
TLM95,South Lanarkshire,A-F,Goods,2014,2164
TLM95,South Lanarkshire,G-T,Services,2014,4046
TLF16,South Nottinghamshire,A-F,Goods,2014,1549
TLF16,South Nottinghamshire,G-T,Services,2014,3909
TLC12,South Teesside,A-F,Goods,2014,946
TLC12,South Teesside,G-T,Services,2014,3315
TLL14,South West Wales,A-F,Goods,2014,1810
TLL14,South West Wales,G-T,Services,2014,4094
TLF13,South and West Derbyshire,A-F,Goods,2014,3679
TLF13,South and West Derbyshire,G-T,Services,2014,5149
TLJ32,Southampton,A-F,Goods,2014,792
TLJ32,Southampton,G-T,Services,2014,6189
TLH31,Southend-on-Sea,A-F,Goods,2014,487
TLH31,Southend-on-Sea,G-T,Services,2014,2207
TLG24,Staffordshire CC,A-F,Goods,2014,4508
TLG24,Staffordshire CC,G-T,Services,2014,11275
TLG23,Stoke-on-Trent,A-F,Goods,2014,1109
TLG23,Stoke-on-Trent,G-T,Services,2014,3610
TLH14,Suffolk CC,A-F,Goods,2014,4204
TLH14,Suffolk CC,G-T,Services,2014,12091
TLC23,Sunderland,A-F,Goods,2014,2265
TLC23,Sunderland,G-T,Services,2014,4034
TLL18,Swansea,A-F,Goods,2014,707
TLL18,Swansea,G-T,Services,2014,4192
TLK14,Swindon,A-F,Goods,2014,2945
TLK14,Swindon,G-T,Services,2014,5492
TLG21,Telford and Wrekin,A-F,Goods,2014,986
TLG21,Telford and Wrekin,G-T,Services,2014,2686
TLH32,Thurrock,A-F,Goods,2014,836
TLH32,Thurrock,G-T,Services,2014,2405
TLK42,Torbay,A-F,Goods,2014,205
TLK42,Torbay,G-T,Services,2014,1662
TLI42,Tower Hamlets,A-F,Goods,2014,1346
TLI42,Tower Hamlets,G-T,Services,2014,30318
TLC22,Tyneside,A-F,Goods,2014,3175
TLC22,Tyneside,G-T,Services,2014,14268
TLE45,Wakefield,A-F,Goods,2014,1767
TLE45,Wakefield,G-T,Services,2014,4351
TLG38,Walsall,A-F,Goods,2014,1173
TLG38,Walsall,G-T,Services,2014,3183
TLI34,Wandsworth,A-F,Goods,2014,456
TLI34,Wandsworth,G-T,Services,2014,6341
TLD61,Warrington,A-F,Goods,2014,1557
TLD61,Warrington,G-T,Services,2014,4785
TLG13,Warwickshire CC,A-F,Goods,2014,4839
TLG13,Warwickshire CC,G-T,Services,2014,10658
TLD11,West Cumbria,A-F,Goods,2014,2196
TLD11,West Cumbria,G-T,Services,2014,2607
TLH35,West Essex,A-F,Goods,2014,1687
TLH35,West Essex,G-T,Services,2014,5098
TLJ46,West Kent,A-F,Goods,2014,1887
TLJ46,West Kent,G-T,Services,2014,7794
TLM78,West Lothian,A-F,Goods,2014,1061
TLM78,West Lothian,G-T,Services,2014,2826
TLF24,West Northamptonshire,A-F,Goods,2014,2432
TLF24,West Northamptonshire,G-T,Services,2014,7534
TLJ25,West Surrey,A-F,Goods,2014,4679
TLJ25,West Surrey,G-T,Services,2014,21865
TLJ28,West Sussex (North East),A-F,Goods,2014,2218
TLJ28,West Sussex (North East),G-T,Services,2014,8253
TLJ27,West Sussex (South West),A-F,Goods,2014,2159
TLJ27,West Sussex (South West),G-T,Services,2014,6419
TLI32,Westminster,A-F,Goods,2014,3010
TLI32,Westminster,G-T,Services,2014,55815
TLK15,Wiltshire,A-F,Goods,2014,2110
TLK15,Wiltshire,G-T,Services,2014,8767
TLD74,Wirral,A-F,Goods,2014,906
TLD74,Wirral,G-T,Services,2014,3607
TLG39,Wolverhampton,A-F,Goods,2014,1184
TLG39,Wolverhampton,G-T,Services,2014,3193
TLG12,Worcestershire CC,A-F,Goods,2014,3481
TLG12,Worcestershire CC,G-T,Services,2014,8962
TLE21,York,A-F,Goods,2014,831
TLE21,York,G-T,Services,2014,4695
TLM50,Aberdeen City and Aberdeenshire,A-F,Goods,2015,5994
TLM50,Aberdeen City and Aberdeenshire,G-T,Services,2015,11952
TLM71,Angus and Dundee City,A-F,Goods,2015,1218
TLM71,Angus and Dundee City,G-T,Services,2015,3768
TLN0D,Antrim and Newtownabbey,A-F,Goods,2015,804
TLN0D,Antrim and Newtownabbey,G-T,Services,2015,1997
TLN09,Ards and North Down,A-F,Goods,2015,293
TLN09,Ards and North Down,G-T,Services,2015,1448
TLN07,"Armagh City, Banbridge and Craigavon",A-F,Goods,2015,1071
TLN07,"Armagh City, Banbridge and Craigavon",G-T,Services,2015,2192
TLI52,Barking & Dagenham and Havering,A-F,Goods,2015,2390
TLI52,Barking & Dagenham and Havering,G-T,Services,2015,6140
TLI71,Barnet,A-F,Goods,2015,834
TLI71,Barnet,G-T,Services,2015,7124
TLE31,"Barnsley, Doncaster and Rotherham",A-F,Goods,2015,3552
TLE31,"Barnsley, Doncaster and Rotherham",G-T,Services,2015,8979
TLK12,"Bath and North East Somerset, North Somerset and South Gloucestershire",A-F,Goods,2015,4123
TLK12,"Bath and North East Somerset, North Somerset and South Gloucestershire",G-T,Services,2015,13874
TLH24,Bedford,A-F,Goods,2015,899
TLH24,Bedford,G-T,Services,2015,2665
TLN06,Belfast,A-F,Goods,2015,1508
TLN06,Belfast,G-T,Services,2015,9655
TLJ11,Berkshire,A-F,Goods,2015,6586
TLJ11,Berkshire,G-T,Services,2015,32820
TLI51,Bexley and Greenwich,A-F,Goods,2015,2158
TLI51,Bexley and Greenwich,G-T,Services,2015,8591
TLG31,Birmingham,A-F,Goods,2015,4400
TLG31,Birmingham,G-T,Services,2015,20298
TLD41,Blackburn with Darwen,A-F,Goods,2015,784
TLD41,Blackburn with Darwen,G-T,Services,2015,2040
TLD42,Blackpool,A-F,Goods,2015,259
TLD42,Blackpool,G-T,Services,2015,1971
TLK24,"Bournemouth, Christchurch and Poole",A-F,Goods,2015,1655
TLK24,"Bournemouth, Christchurch and Poole",G-T,Services,2015,7460
TLE41,Bradford,A-F,Goods,2015,2348
TLE41,Bradford,G-T,Services,2015,6449
TLH17,Breckland and South Norfolk,A-F,Goods,2015,1399
TLH17,Breckland and South Norfolk,G-T,Services,2015,3226
TLI72,Brent,A-F,Goods,2015,1420
TLI72,Brent,G-T,Services,2015,6565
TLL17,Bridgend and Neath Port Talbot,A-F,Goods,2015,1863
TLL17,Bridgend and Neath Port Talbot,G-T,Services,2015,3079
TLJ21,Brighton and Hove,A-F,Goods,2015,923
TLJ21,Brighton and Hove,G-T,Services,2015,6403
TLK11,"Bristol, City of",A-F,Goods,2015,1420
TLK11,"Bristol, City of",G-T,Services,2015,11981
TLI61,Bromley,A-F,Goods,2015,882
TLI61,Bromley,G-T,Services,2015,6339
TLJ13,Buckinghamshire CC,A-F,Goods,2015,2595
TLJ13,Buckinghamshire CC,G-T,Services,2015,11298
TLM61,"Caithness and Sutherland, and Ross and Cromarty",A-F,Goods,2015,538
TLM61,"Caithness and Sutherland, and Ross and Cromarty",G-T,Services,2015,1262
TLE44,Calderdale and Kirklees,A-F,Goods,2015,3201
TLE44,Calderdale and Kirklees,G-T,Services,2015,7877
TLH12,Cambridgeshire CC,A-F,Goods,2015,4454
TLH12,Cambridgeshire CC,G-T,Services,2015,13073
TLI31,Camden and City of London,A-F,Goods,2015,2483
TLI31,Camden and City of London,G-T,Services,2015,86578
TLL22,Cardiff and Vale of Glamorgan,A-F,Goods,2015,2486
TLL22,Cardiff and Vale of Glamorgan,G-T,Services,2015,9907
TLN0C,Causeway Coast and Glens,A-F,Goods,2015,556
TLN0C,Causeway Coast and Glens,G-T,Services,2015,1355
TLH25,Central Bedfordshire,A-F,Goods,2015,1468
TLH25,Central Bedfordshire,G-T,Services,2015,3672
TLJ36,Central Hampshire,A-F,Goods,2015,3407
TLJ36,Central Hampshire,G-T,Services,2015,10873
TLL15,Central Valleys,A-F,Goods,2015,1723
TLL15,Central Valleys,G-T,Services,2015,3035
TLD62,Cheshire East,A-F,Goods,2015,4751
TLD62,Cheshire East,G-T,Services,2015,7577
TLD63,Cheshire West and Chester,A-F,Goods,2015,2624
TLD63,Cheshire West and Chester,G-T,Services,2015,6610
TLD47,Chorley and West Lancashire,A-F,Goods,2015,985
TLD47,Chorley and West Lancashire,G-T,Services,2015,2897
TLM75,City of Edinburgh,A-F,Goods,2015,1955
TLM75,City of Edinburgh,G-T,Services,2015,18563
TLM72,Clackmannanshire and Fife,A-F,Goods,2015,2572
TLM72,Clackmannanshire and Fife,G-T,Services,2015,5005
TLL13,Conwy and Denbighshire,A-F,Goods,2015,638
TLL13,Conwy and Denbighshire,G-T,Services,2015,2598
TLK30,Cornwall and Isles of Scilly,A-F,Goods,2015,2450
TLK30,Cornwall and Isles of Scilly,G-T,Services,2015,7021
TLG33,Coventry,A-F,Goods,2015,2598
TLG33,Coventry,G-T,Services,2015,6507
TLI62,Croydon,A-F,Goods,2015,866
TLI62,Croydon,G-T,Services,2015,7393
TLC13,Darlington,A-F,Goods,2015,465
TLC13,Darlington,G-T,Services,2015,2257
TLF11,Derby,A-F,Goods,2015,2254
TLF11,Derby,G-T,Services,2015,4383
TLN0A,Derry City and Strabane,A-F,Goods,2015,628
TLN0A,Derry City and Strabane,G-T,Services,2015,1702
TLK43,Devon CC,A-F,Goods,2015,3966
TLK43,Devon CC,G-T,Services,2015,11999
TLK25,Dorset,A-F,Goods,2015,1714
TLK25,Dorset,G-T,Services,2015,5237
TLG36,Dudley,A-F,Goods,2015,1411
TLG36,Dudley,G-T,Services,2015,3301
TLM92,Dumfries and Galloway,A-F,Goods,2015,980
TLM92,Dumfries and Galloway,G-T,Services,2015,2171
TLC14,Durham CC,A-F,Goods,2015,2871
TLC14,Durham CC,G-T,Services,2015,5033
TLI73,Ealing,A-F,Goods,2015,1433
TLI73,Ealing,G-T,Services,2015,7565
TLM93,East Ayrshire and North Ayrshire mainland,A-F,Goods,2015,1157
TLM93,East Ayrshire and North Ayrshire mainland,G-T,Services,2015,2586
TLD12,East Cumbria,A-F,Goods,2015,1877
TLD12,East Cumbria,G-T,Services,2015,4638
TLF12,East Derbyshire,A-F,Goods,2015,1319
TLF12,East Derbyshire,G-T,Services,2015,3833
TLM81,"East Dunbartonshire, West Dunbartonshire, and Helensburgh and Lomond",A-F,Goods,2015,655
TLM81,"East Dunbartonshire, West Dunbartonshire, and Helensburgh and Lomond",G-T,Services,2015,2683
TLJ44,East Kent,A-F,Goods,2015,1528
TLJ44,East Kent,G-T,Services,2015,7527
TLD46,East Lancashire,A-F,Goods,2015,1895
TLD46,East Lancashire,G-T,Services,2015,3645
TLM73,East Lothian and Midlothian,A-F,Goods,2015,742
TLM73,East Lothian and Midlothian,G-T,Services,2015,2099
TLD71,East Merseyside,A-F,Goods,2015,3250
TLD71,East Merseyside,G-T,Services,2015,6414
TLE12,East Riding of Yorkshire,A-F,Goods,2015,2038
TLE12,East Riding of Yorkshire,G-T,Services,2015,4020
TLJ26,East Surrey,A-F,Goods,2015,1819
TLJ26,East Surrey,G-T,Services,2015,12378
TLJ22,East Sussex CC,A-F,Goods,2015,1570
TLJ22,East Sussex CC,G-T,Services,2015,6488
TLI54,Enfield,A-F,Goods,2015,1359
TLI54,Enfield,G-T,Services,2015,5473
TLH34,Essex Haven Gateway,A-F,Goods,2015,2031
TLH34,Essex Haven Gateway,G-T,Services,2015,6381
TLH37,Essex Thames Gateway,A-F,Goods,2015,1680
TLH37,Essex Thames Gateway,G-T,Services,2015,5319
TLM76,Falkirk,A-F,Goods,2015,1190
TLM76,Falkirk,G-T,Services,2015,2369
TLN0G,Fermanagh and Omagh,A-F,Goods,2015,572
TLN0G,Fermanagh and Omagh,G-T,Services,2015,1241
TLL23,Flintshire and Wrexham,A-F,Goods,2015,3100
TLL23,Flintshire and Wrexham,G-T,Services,2015,3660
TLM82,Glasgow City,A-F,Goods,2015,2846
TLM82,Glasgow City,G-T,Services,2015,16363
TLK13,Gloucestershire CC,A-F,Goods,2015,4328
TLK13,Gloucestershire CC,G-T,Services,2015,11443
TLD37,Greater Manchester North East,A-F,Goods,2015,2453
TLD37,Greater Manchester North East,G-T,Services,2015,7308
TLD36,Greater Manchester North West,A-F,Goods,2015,2592
TLD36,Greater Manchester North West,G-T,Services,2015,7183
TLD35,Greater Manchester South East,A-F,Goods,2015,1811
TLD35,Greater Manchester South East,G-T,Services,2015,7048
TLD34,Greater Manchester South West,A-F,Goods,2015,2941
TLD34,Greater Manchester South West,G-T,Services,2015,11853
TLL16,Gwent Valleys,A-F,Goods,2015,1684
TLL16,Gwent Valleys,G-T,Services,2015,3052
TLL12,Gwynedd,A-F,Goods,2015,611
TLL12,Gwynedd,G-T,Services,2015,1615
TLI41,Hackney and Newham,A-F,Goods,2015,1459
TLI41,Hackney and Newham,G-T,Services,2015,10394
TLI43,Haringey and Islington,A-F,Goods,2015,1547
TLI43,Haringey and Islington,G-T,Services,2015,20499
TLI74,Harrow and Hillingdon,A-F,Goods,2015,2217
TLI74,Harrow and Hillingdon,G-T,Services,2015,16001
TLC11,Hartlepool and Stockton-on-Tees,A-F,Goods,2015,1705
TLC11,Hartlepool and Stockton-on-Tees,G-T,Services,2015,4397
TLH36,Heart of Essex,A-F,Goods,2015,2395
TLH36,Heart of Essex,G-T,Services,2015,5772
TLG11,"Herefordshire, County of",A-F,Goods,2015,1108
TLG11,"Herefordshire, County of",G-T,Services,2015,2410
TLH23,Hertfordshire CC,A-F,Goods,2015,7865
TLH23,Hertfordshire CC,G-T,Services,2015,26263
TLI75,Hounslow and Richmond upon Thames,A-F,Goods,2015,2137
TLI75,Hounslow and Richmond upon Thames,G-T,Services,2015,19439
TLM83,"Inverclyde, East Renfrewshire, and Renfrewshire",A-F,Goods,2015,1340
TLM83,"Inverclyde, East Renfrewshire, and Renfrewshire",G-T,Services,2015,4937
TLM62,"Inverness and Nairn, Moray, Badenoch and Strathspey",A-F,Goods,2015,1816
TLM62,"Inverness and Nairn, Moray, Badenoch and Strathspey",G-T,Services,2015,3137
TLL11,Isle of Anglesey,A-F,Goods,2015,246
TLL11,Isle of Anglesey,G-T,Services,2015,695
TLJ34,Isle of Wight,A-F,Goods,2015,408
TLJ34,Isle of Wight,G-T,Services,2015,1956
TLI33,Kensington & Chelsea and Hammersmith & Fulham,A-F,Goods,2015,714
TLI33,Kensington & Chelsea and Hammersmith & Fulham,G-T,Services,2015,18146
TLJ43,Kent Thames Gateway,A-F,Goods,2015,2380
TLJ43,Kent Thames Gateway,G-T,Services,2015,5099
TLE11,"Kingston upon Hull, City of",A-F,Goods,2015,1927
TLE11,"Kingston upon Hull, City of",G-T,Services,2015,3456
TLI45,Lambeth,A-F,Goods,2015,656
TLI45,Lambeth,G-T,Services,2015,10900
TLD44,Lancaster and Wyre,A-F,Goods,2015,1282
TLD44,Lancaster and Wyre,G-T,Services,2015,2928
TLE42,Leeds,A-F,Goods,2015,4238
TLE42,Leeds,G-T,Services,2015,19739
TLF21,Leicester,A-F,Goods,2015,1629
TLF21,Leicester,G-T,Services,2015,6263
TLF22,Leicestershire CC and Rutland,A-F,Goods,2015,5766
TLF22,Leicestershire CC and Rutland,G-T,Services,2015,10577
TLI44,Lewisham and Southwark,A-F,Goods,2015,1118
TLI44,Lewisham and Southwark,G-T,Services,2015,19575
TLF30,Lincolnshire CC,A-F,Goods,2015,4250
TLF30,Lincolnshire CC,G-T,Services,2015,9385
TLN0E,Lisburn and Castlereagh,A-F,Goods,2015,680
TLN0E,Lisburn and Castlereagh,G-T,Services,2015,2088
TLD72,Liverpool,A-F,Goods,2015,1626
TLD72,Liverpool,G-T,Services,2015,10485
TLM63,"Lochaber, Skye and Lochalsh, Arran and Cumbrae, and Argyll and Bute",A-F,Goods,2015,608
TLM63,"Lochaber, Skye and Lochalsh, Arran and Cumbrae, and Argyll and Bute",G-T,Services,2015,1492
TLH21,Luton,A-F,Goods,2015,1343
TLH21,Luton,G-T,Services,2015,4104
TLD33,Manchester,A-F,Goods,2015,1878
TLD33,Manchester,G-T,Services,2015,17469
TLJ41,Medway,A-F,Goods,2015,1418
TLJ41,Medway,G-T,Services,2015,3430
TLI63,"Merton, Kingston upon Thames and Sutton",A-F,Goods,2015,1472
TLI63,"Merton, Kingston upon Thames and Sutton",G-T,Services,2015,12363
TLJ45,Mid Kent,A-F,Goods,2015,1342
TLJ45,Mid Kent,G-T,Services,2015,5122
TLD45,Mid Lancashire,A-F,Goods,2015,4177
TLD45,Mid Lancashire,G-T,Services,2015,7462
TLN0B,Mid Ulster,A-F,Goods,2015,1557
TLN0B,Mid Ulster,G-T,Services,2015,1280
TLN0F,Mid and East Antrim,A-F,Goods,2015,1856
TLN0F,Mid and East Antrim,G-T,Services,2015,1307
TLJ12,Milton Keynes,A-F,Goods,2015,1383
TLJ12,Milton Keynes,G-T,Services,2015,10805
TLL21,Monmouthshire and Newport,A-F,Goods,2015,1451
TLL21,Monmouthshire and Newport,G-T,Services,2015,3649
TLM64,Na h-Eileanan Siar,A-F,Goods,2015,86
TLM64,Na h-Eileanan Siar,G-T,Services,2015,393
TLN08,"Newry, Mourne and Down",A-F,Goods,2015,918
TLN08,"Newry, Mourne and Down",G-T,Services,2015,1693
TLJ37,North Hampshire,A-F,Goods,2015,2306
TLJ37,North Hampshire,G-T,Services,2015,10826
TLM84,North Lanarkshire,A-F,Goods,2015,2290
TLM84,North Lanarkshire,G-T,Services,2015,4697
TLF25,North Northamptonshire,A-F,Goods,2015,2012
TLF25,North Northamptonshire,G-T,Services,2015,4199
TLF15,North Nottinghamshire,A-F,Goods,2015,2860
TLF15,North Nottinghamshire,G-T,Services,2015,5338
TLE22,North Yorkshire CC,A-F,Goods,2015,3676
TLE22,North Yorkshire CC,G-T,Services,2015,9417
TLE13,North and North East Lincolnshire,A-F,Goods,2015,2883
TLE13,North and North East Lincolnshire,G-T,Services,2015,4095
TLH16,North and West Norfolk,A-F,Goods,2015,1430
TLH16,North and West Norfolk,G-T,Services,2015,2841
TLC21,Northumberland,A-F,Goods,2015,1585
TLC21,Northumberland,G-T,Services,2015,3162
TLH15,Norwich and East Norfolk,A-F,Goods,2015,1427
TLH15,Norwich and East Norfolk,G-T,Services,2015,6778
TLF14,Nottingham,A-F,Goods,2015,1389
TLF14,Nottingham,G-T,Services,2015,7957
TLM65,Orkney Islands,A-F,Goods,2015,105
TLM65,Orkney Islands,G-T,Services,2015,455
TLJ14,Oxfordshire CC,A-F,Goods,2015,4137
TLJ14,Oxfordshire CC,G-T,Services,2015,16464
TLM77,"Perth and Kinross, and Stirling",A-F,Goods,2015,1792
TLM77,"Perth and Kinross, and Stirling",G-T,Services,2015,4516
TLH11,Peterborough,A-F,Goods,2015,1349
TLH11,Peterborough,G-T,Services,2015,3963
TLK41,Plymouth,A-F,Goods,2015,1272
TLK41,Plymouth,G-T,Services,2015,3942
TLJ31,Portsmouth,A-F,Goods,2015,1212
TLJ31,Portsmouth,G-T,Services,2015,4333
TLL24,Powys,A-F,Goods,2015,527
TLL24,Powys,G-T,Services,2015,1591
TLI53,Redbridge and Waltham Forest,A-F,Goods,2015,939
TLI53,Redbridge and Waltham Forest,G-T,Services,2015,7551
TLG37,Sandwell,A-F,Goods,2015,1963
TLG37,Sandwell,G-T,Services,2015,3759
TLM91,Scottish Borders,A-F,Goods,2015,656
TLM91,Scottish Borders,G-T,Services,2015,1490
TLD73,Sefton,A-F,Goods,2015,400
TLD73,Sefton,G-T,Services,2015,3350
TLE32,Sheffield,A-F,Goods,2015,2030
TLE32,Sheffield,G-T,Services,2015,10185
TLM66,Shetland Islands,A-F,Goods,2015,258
TLM66,Shetland Islands,G-T,Services,2015,479
TLG22,Shropshire CC,A-F,Goods,2015,1582
TLG22,Shropshire CC,G-T,Services,2015,4047
TLG32,Solihull,A-F,Goods,2015,2471
TLG32,Solihull,G-T,Services,2015,4904
TLK23,Somerset CC,A-F,Goods,2015,3203
TLK23,Somerset CC,G-T,Services,2015,7441
TLM94,South Ayrshire,A-F,Goods,2015,639
TLM94,South Ayrshire,G-T,Services,2015,1587
TLJ35,South Hampshire,A-F,Goods,2015,2694
TLJ35,South Hampshire,G-T,Services,2015,7502
TLM95,South Lanarkshire,A-F,Goods,2015,2118
TLM95,South Lanarkshire,G-T,Services,2015,4108
TLF16,South Nottinghamshire,A-F,Goods,2015,1540
TLF16,South Nottinghamshire,G-T,Services,2015,4097
TLC12,South Teesside,A-F,Goods,2015,1016
TLC12,South Teesside,G-T,Services,2015,3395
TLL14,South West Wales,A-F,Goods,2015,2354
TLL14,South West Wales,G-T,Services,2015,4146
TLF13,South and West Derbyshire,A-F,Goods,2015,3700
TLF13,South and West Derbyshire,G-T,Services,2015,5259
TLJ32,Southampton,A-F,Goods,2015,788
TLJ32,Southampton,G-T,Services,2015,6681
TLH31,Southend-on-Sea,A-F,Goods,2015,494
TLH31,Southend-on-Sea,G-T,Services,2015,2226
TLG24,Staffordshire CC,A-F,Goods,2015,4731
TLG24,Staffordshire CC,G-T,Services,2015,11805
TLG23,Stoke-on-Trent,A-F,Goods,2015,1153
TLG23,Stoke-on-Trent,G-T,Services,2015,3691
TLH14,Suffolk CC,A-F,Goods,2015,4388
TLH14,Suffolk CC,G-T,Services,2015,12366
TLC23,Sunderland,A-F,Goods,2015,2334
TLC23,Sunderland,G-T,Services,2015,4154
TLL18,Swansea,A-F,Goods,2015,632
TLL18,Swansea,G-T,Services,2015,4171
TLK14,Swindon,A-F,Goods,2015,3011
TLK14,Swindon,G-T,Services,2015,5919
TLG21,Telford and Wrekin,A-F,Goods,2015,1028
TLG21,Telford and Wrekin,G-T,Services,2015,2699
TLH32,Thurrock,A-F,Goods,2015,879
TLH32,Thurrock,G-T,Services,2015,2607
TLK42,Torbay,A-F,Goods,2015,204
TLK42,Torbay,G-T,Services,2015,1653
TLI42,Tower Hamlets,A-F,Goods,2015,1634
TLI42,Tower Hamlets,G-T,Services,2015,30429
TLC22,Tyneside,A-F,Goods,2015,3213
TLC22,Tyneside,G-T,Services,2015,14962
TLE45,Wakefield,A-F,Goods,2015,1944
TLE45,Wakefield,G-T,Services,2015,4622
TLG38,Walsall,A-F,Goods,2015,1137
TLG38,Walsall,G-T,Services,2015,3299
TLI34,Wandsworth,A-F,Goods,2015,521
TLI34,Wandsworth,G-T,Services,2015,6695
TLD61,Warrington,A-F,Goods,2015,1570
TLD61,Warrington,G-T,Services,2015,5139
TLG13,Warwickshire CC,A-F,Goods,2015,5433
TLG13,Warwickshire CC,G-T,Services,2015,11073
TLD11,West Cumbria,A-F,Goods,2015,2248
TLD11,West Cumbria,G-T,Services,2015,2676
TLH35,West Essex,A-F,Goods,2015,1765
TLH35,West Essex,G-T,Services,2015,5518
TLJ46,West Kent,A-F,Goods,2015,2077
TLJ46,West Kent,G-T,Services,2015,8239
TLM78,West Lothian,A-F,Goods,2015,1164
TLM78,West Lothian,G-T,Services,2015,2986
TLF24,West Northamptonshire,A-F,Goods,2015,2680
TLF24,West Northamptonshire,G-T,Services,2015,7679
TLJ25,West Surrey,A-F,Goods,2015,4828
TLJ25,West Surrey,G-T,Services,2015,23149
TLJ28,West Sussex (North East),A-F,Goods,2015,2292
TLJ28,West Sussex (North East),G-T,Services,2015,8847
TLJ27,West Sussex (South West),A-F,Goods,2015,2378
TLJ27,West Sussex (South West),G-T,Services,2015,6689
TLI32,Westminster,A-F,Goods,2015,3121
TLI32,Westminster,G-T,Services,2015,55784
TLK15,Wiltshire,A-F,Goods,2015,2260
TLK15,Wiltshire,G-T,Services,2015,8560
TLD74,Wirral,A-F,Goods,2015,962
TLD74,Wirral,G-T,Services,2015,3785
TLG39,Wolverhampton,A-F,Goods,2015,1143
TLG39,Wolverhampton,G-T,Services,2015,3070
TLG12,Worcestershire CC,A-F,Goods,2015,3539
TLG12,Worcestershire CC,G-T,Services,2015,9086
TLE21,York,A-F,Goods,2015,806
TLE21,York,G-T,Services,2015,4833
TLM50,Aberdeen City and Aberdeenshire,A-F,Goods,2016,5142
TLM50,Aberdeen City and Aberdeenshire,G-T,Services,2016,11340
TLM71,Angus and Dundee City,A-F,Goods,2016,1279
TLM71,Angus and Dundee City,G-T,Services,2016,3844
TLN0D,Antrim and Newtownabbey,A-F,Goods,2016,841
TLN0D,Antrim and Newtownabbey,G-T,Services,2016,2084
TLN09,Ards and North Down,A-F,Goods,2016,332
TLN09,Ards and North Down,G-T,Services,2016,1589
TLN07,"Armagh City, Banbridge and Craigavon",A-F,Goods,2016,1146
TLN07,"Armagh City, Banbridge and Craigavon",G-T,Services,2016,2390
TLI52,Barking & Dagenham and Havering,A-F,Goods,2016,2294
TLI52,Barking & Dagenham and Havering,G-T,Services,2016,6393
TLI71,Barnet,A-F,Goods,2016,940
TLI71,Barnet,G-T,Services,2016,7339
TLE31,"Barnsley, Doncaster and Rotherham",A-F,Goods,2016,3577
TLE31,"Barnsley, Doncaster and Rotherham",G-T,Services,2016,9226
TLK12,"Bath and North East Somerset, North Somerset and South Gloucestershire",A-F,Goods,2016,4232
TLK12,"Bath and North East Somerset, North Somerset and South Gloucestershire",G-T,Services,2016,14608
TLH24,Bedford,A-F,Goods,2016,965
TLH24,Bedford,G-T,Services,2016,2719
TLN06,Belfast,A-F,Goods,2016,1488
TLN06,Belfast,G-T,Services,2016,10370
TLJ11,Berkshire,A-F,Goods,2016,6722
TLJ11,Berkshire,G-T,Services,2016,33840
TLI51,Bexley and Greenwich,A-F,Goods,2016,2232
TLI51,Bexley and Greenwich,G-T,Services,2016,9139
TLG31,Birmingham,A-F,Goods,2016,4465
TLG31,Birmingham,G-T,Services,2016,21498
TLD41,Blackburn with Darwen,A-F,Goods,2016,779
TLD41,Blackburn with Darwen,G-T,Services,2016,2193
TLD42,Blackpool,A-F,Goods,2016,260
TLD42,Blackpool,G-T,Services,2016,2110
TLK24,"Bournemouth, Christchurch and Poole",A-F,Goods,2016,1731
TLK24,"Bournemouth, Christchurch and Poole",G-T,Services,2016,7919
TLE41,Bradford,A-F,Goods,2016,2253
TLE41,Bradford,G-T,Services,2016,6764
TLH17,Breckland and South Norfolk,A-F,Goods,2016,1402
TLH17,Breckland and South Norfolk,G-T,Services,2016,3366
TLI72,Brent,A-F,Goods,2016,1609
TLI72,Brent,G-T,Services,2016,6697
TLL17,Bridgend and Neath Port Talbot,A-F,Goods,2016,1774
TLL17,Bridgend and Neath Port Talbot,G-T,Services,2016,3291
TLJ21,Brighton and Hove,A-F,Goods,2016,942
TLJ21,Brighton and Hove,G-T,Services,2016,6802
TLK11,"Bristol, City of",A-F,Goods,2016,1577
TLK11,"Bristol, City of",G-T,Services,2016,12668
TLI61,Bromley,A-F,Goods,2016,937
TLI61,Bromley,G-T,Services,2016,6596
TLJ13,Buckinghamshire CC,A-F,Goods,2016,2573
TLJ13,Buckinghamshire CC,G-T,Services,2016,11638
TLM61,"Caithness and Sutherland, and Ross and Cromarty",A-F,Goods,2016,524
TLM61,"Caithness and Sutherland, and Ross and Cromarty",G-T,Services,2016,1307
TLE44,Calderdale and Kirklees,A-F,Goods,2016,3177
TLE44,Calderdale and Kirklees,G-T,Services,2016,8033
TLH12,Cambridgeshire CC,A-F,Goods,2016,4548
TLH12,Cambridgeshire CC,G-T,Services,2016,13646
TLI31,Camden and City of London,A-F,Goods,2016,2816
TLI31,Camden and City of London,G-T,Services,2016,95683
TLL22,Cardiff and Vale of Glamorgan,A-F,Goods,2016,2567
TLL22,Cardiff and Vale of Glamorgan,G-T,Services,2016,10514
TLN0C,Causeway Coast and Glens,A-F,Goods,2016,642
TLN0C,Causeway Coast and Glens,G-T,Services,2016,1424
TLH25,Central Bedfordshire,A-F,Goods,2016,1449
TLH25,Central Bedfordshire,G-T,Services,2016,4062
TLJ36,Central Hampshire,A-F,Goods,2016,3473
TLJ36,Central Hampshire,G-T,Services,2016,11098
TLL15,Central Valleys,A-F,Goods,2016,1749
TLL15,Central Valleys,G-T,Services,2016,3235
TLD62,Cheshire East,A-F,Goods,2016,5385
TLD62,Cheshire East,G-T,Services,2016,7979
TLD63,Cheshire West and Chester,A-F,Goods,2016,2767
TLD63,Cheshire West and Chester,G-T,Services,2016,6833
TLD47,Chorley and West Lancashire,A-F,Goods,2016,1035
TLD47,Chorley and West Lancashire,G-T,Services,2016,3186
TLM75,City of Edinburgh,A-F,Goods,2016,2043
TLM75,City of Edinburgh,G-T,Services,2016,20368
TLM72,Clackmannanshire and Fife,A-F,Goods,2016,2537
TLM72,Clackmannanshire and Fife,G-T,Services,2016,5264
TLL13,Conwy and Denbighshire,A-F,Goods,2016,692
TLL13,Conwy and Denbighshire,G-T,Services,2016,2681
TLK30,Cornwall and Isles of Scilly,A-F,Goods,2016,2492
TLK30,Cornwall and Isles of Scilly,G-T,Services,2016,7445
TLG33,Coventry,A-F,Goods,2016,2909
TLG33,Coventry,G-T,Services,2016,7073
TLI62,Croydon,A-F,Goods,2016,806
TLI62,Croydon,G-T,Services,2016,7605
TLC13,Darlington,A-F,Goods,2016,464
TLC13,Darlington,G-T,Services,2016,2105
TLF11,Derby,A-F,Goods,2016,2218
TLF11,Derby,G-T,Services,2016,4487
TLN0A,Derry City and Strabane,A-F,Goods,2016,613
TLN0A,Derry City and Strabane,G-T,Services,2016,1894
TLK43,Devon CC,A-F,Goods,2016,3986
TLK43,Devon CC,G-T,Services,2016,12458
TLK25,Dorset,A-F,Goods,2016,1747
TLK25,Dorset,G-T,Services,2016,5341
TLG36,Dudley,A-F,Goods,2016,1331
TLG36,Dudley,G-T,Services,2016,3566
TLM92,Dumfries and Galloway,A-F,Goods,2016,955
TLM92,Dumfries and Galloway,G-T,Services,2016,2265
TLC14,Durham CC,A-F,Goods,2016,2902
TLC14,Durham CC,G-T,Services,2016,5019
TLI73,Ealing,A-F,Goods,2016,1548
TLI73,Ealing,G-T,Services,2016,7826
TLM93,East Ayrshire and North Ayrshire mainland,A-F,Goods,2016,1169
TLM93,East Ayrshire and North Ayrshire mainland,G-T,Services,2016,2653
TLD12,East Cumbria,A-F,Goods,2016,1763
TLD12,East Cumbria,G-T,Services,2016,4757
TLF12,East Derbyshire,A-F,Goods,2016,1238
TLF12,East Derbyshire,G-T,Services,2016,4031
TLM81,"East Dunbartonshire, West Dunbartonshire, and Helensburgh and Lomond",A-F,Goods,2016,655
TLM81,"East Dunbartonshire, West Dunbartonshire, and Helensburgh and Lomond",G-T,Services,2016,2842
TLJ44,East Kent,A-F,Goods,2016,1513
TLJ44,East Kent,G-T,Services,2016,7748
TLD46,East Lancashire,A-F,Goods,2016,1938
TLD46,East Lancashire,G-T,Services,2016,3919
TLM73,East Lothian and Midlothian,A-F,Goods,2016,745
TLM73,East Lothian and Midlothian,G-T,Services,2016,2210
TLD71,East Merseyside,A-F,Goods,2016,3411
TLD71,East Merseyside,G-T,Services,2016,6513
TLE12,East Riding of Yorkshire,A-F,Goods,2016,2024
TLE12,East Riding of Yorkshire,G-T,Services,2016,4111
TLJ26,East Surrey,A-F,Goods,2016,1758
TLJ26,East Surrey,G-T,Services,2016,12205
TLJ22,East Sussex CC,A-F,Goods,2016,1603
TLJ22,East Sussex CC,G-T,Services,2016,6939
TLI54,Enfield,A-F,Goods,2016,1395
TLI54,Enfield,G-T,Services,2016,5650
TLH34,Essex Haven Gateway,A-F,Goods,2016,2080
TLH34,Essex Haven Gateway,G-T,Services,2016,6998
TLH37,Essex Thames Gateway,A-F,Goods,2016,1726
TLH37,Essex Thames Gateway,G-T,Services,2016,5608
TLM76,Falkirk,A-F,Goods,2016,1219
TLM76,Falkirk,G-T,Services,2016,2341
TLN0G,Fermanagh and Omagh,A-F,Goods,2016,637
TLN0G,Fermanagh and Omagh,G-T,Services,2016,1315
TLL23,Flintshire and Wrexham,A-F,Goods,2016,3383
TLL23,Flintshire and Wrexham,G-T,Services,2016,3605
TLM82,Glasgow City,A-F,Goods,2016,2743
TLM82,Glasgow City,G-T,Services,2016,16834
TLK13,Gloucestershire CC,A-F,Goods,2016,4202
TLK13,Gloucestershire CC,G-T,Services,2016,11845
TLD37,Greater Manchester North East,A-F,Goods,2016,2410
TLD37,Greater Manchester North East,G-T,Services,2016,7498
TLD36,Greater Manchester North West,A-F,Goods,2016,2669
TLD36,Greater Manchester North West,G-T,Services,2016,7391
TLD35,Greater Manchester South East,A-F,Goods,2016,1911
TLD35,Greater Manchester South East,G-T,Services,2016,7179
TLD34,Greater Manchester South West,A-F,Goods,2016,3024
TLD34,Greater Manchester South West,G-T,Services,2016,11918
TLL16,Gwent Valleys,A-F,Goods,2016,1733
TLL16,Gwent Valleys,G-T,Services,2016,3135
TLL12,Gwynedd,A-F,Goods,2016,565
TLL12,Gwynedd,G-T,Services,2016,1659
TLI41,Hackney and Newham,A-F,Goods,2016,1434
TLI41,Hackney and Newham,G-T,Services,2016,11009
TLI43,Haringey and Islington,A-F,Goods,2016,1388
TLI43,Haringey and Islington,G-T,Services,2016,21024
TLI74,Harrow and Hillingdon,A-F,Goods,2016,2507
TLI74,Harrow and Hillingdon,G-T,Services,2016,15637
TLC11,Hartlepool and Stockton-on-Tees,A-F,Goods,2016,1694
TLC11,Hartlepool and Stockton-on-Tees,G-T,Services,2016,4582
TLH36,Heart of Essex,A-F,Goods,2016,2499
TLH36,Heart of Essex,G-T,Services,2016,5883
TLG11,"Herefordshire, County of",A-F,Goods,2016,1108
TLG11,"Herefordshire, County of",G-T,Services,2016,2436
TLH23,Hertfordshire CC,A-F,Goods,2016,8179
TLH23,Hertfordshire CC,G-T,Services,2016,27503
TLI75,Hounslow and Richmond upon Thames,A-F,Goods,2016,1701
TLI75,Hounslow and Richmond upon Thames,G-T,Services,2016,21156
TLM83,"Inverclyde, East Renfrewshire, and Renfrewshire",A-F,Goods,2016,1292
TLM83,"Inverclyde, East Renfrewshire, and Renfrewshire",G-T,Services,2016,4955
TLM62,"Inverness and Nairn, Moray, Badenoch and Strathspey",A-F,Goods,2016,1741
TLM62,"Inverness and Nairn, Moray, Badenoch and Strathspey",G-T,Services,2016,3245
TLL11,Isle of Anglesey,A-F,Goods,2016,273
TLL11,Isle of Anglesey,G-T,Services,2016,729
TLJ34,Isle of Wight,A-F,Goods,2016,436
TLJ34,Isle of Wight,G-T,Services,2016,1881
TLI33,Kensington & Chelsea and Hammersmith & Fulham,A-F,Goods,2016,721
TLI33,Kensington & Chelsea and Hammersmith & Fulham,G-T,Services,2016,18429
TLJ43,Kent Thames Gateway,A-F,Goods,2016,2566
TLJ43,Kent Thames Gateway,G-T,Services,2016,5462
TLE11,"Kingston upon Hull, City of",A-F,Goods,2016,1908
TLE11,"Kingston upon Hull, City of",G-T,Services,2016,3626
TLI45,Lambeth,A-F,Goods,2016,603
TLI45,Lambeth,G-T,Services,2016,11555
TLD44,Lancaster and Wyre,A-F,Goods,2016,1227
TLD44,Lancaster and Wyre,G-T,Services,2016,3030
TLE42,Leeds,A-F,Goods,2016,4163
TLE42,Leeds,G-T,Services,2016,20071
TLF21,Leicester,A-F,Goods,2016,1480
TLF21,Leicester,G-T,Services,2016,6631
TLF22,Leicestershire CC and Rutland,A-F,Goods,2016,5602
TLF22,Leicestershire CC and Rutland,G-T,Services,2016,11186
TLI44,Lewisham and Southwark,A-F,Goods,2016,1199
TLI44,Lewisham and Southwark,G-T,Services,2016,20584
TLF30,Lincolnshire CC,A-F,Goods,2016,4386
TLF30,Lincolnshire CC,G-T,Services,2016,9426
TLN0E,Lisburn and Castlereagh,A-F,Goods,2016,678
TLN0E,Lisburn and Castlereagh,G-T,Services,2016,2263
TLD72,Liverpool,A-F,Goods,2016,1624
TLD72,Liverpool,G-T,Services,2016,10692
TLM63,"Lochaber, Skye and Lochalsh, Arran and Cumbrae, and Argyll and Bute",A-F,Goods,2016,620
TLM63,"Lochaber, Skye and Lochalsh, Arran and Cumbrae, and Argyll and Bute",G-T,Services,2016,1563
TLH21,Luton,A-F,Goods,2016,1380
TLH21,Luton,G-T,Services,2016,4151
TLD33,Manchester,A-F,Goods,2016,1839
TLD33,Manchester,G-T,Services,2016,18751
TLJ41,Medway,A-F,Goods,2016,1426
TLJ41,Medway,G-T,Services,2016,3638
TLI63,"Merton, Kingston upon Thames and Sutton",A-F,Goods,2016,1562
TLI63,"Merton, Kingston upon Thames and Sutton",G-T,Services,2016,13098
TLJ45,Mid Kent,A-F,Goods,2016,1354
TLJ45,Mid Kent,G-T,Services,2016,5298
TLD45,Mid Lancashire,A-F,Goods,2016,4362
TLD45,Mid Lancashire,G-T,Services,2016,7857
TLN0B,Mid Ulster,A-F,Goods,2016,1576
TLN0B,Mid Ulster,G-T,Services,2016,1421
TLN0F,Mid and East Antrim,A-F,Goods,2016,1706
TLN0F,Mid and East Antrim,G-T,Services,2016,1385
TLJ12,Milton Keynes,A-F,Goods,2016,1525
TLJ12,Milton Keynes,G-T,Services,2016,10464
TLL21,Monmouthshire and Newport,A-F,Goods,2016,1391
TLL21,Monmouthshire and Newport,G-T,Services,2016,4012
TLM64,Na h-Eileanan Siar,A-F,Goods,2016,84
TLM64,Na h-Eileanan Siar,G-T,Services,2016,398
TLN08,"Newry, Mourne and Down",A-F,Goods,2016,959
TLN08,"Newry, Mourne and Down",G-T,Services,2016,1838
TLJ37,North Hampshire,A-F,Goods,2016,2362
TLJ37,North Hampshire,G-T,Services,2016,11231
TLM84,North Lanarkshire,A-F,Goods,2016,2254
TLM84,North Lanarkshire,G-T,Services,2016,4937
TLF25,North Northamptonshire,A-F,Goods,2016,2036
TLF25,North Northamptonshire,G-T,Services,2016,4344
TLF15,North Nottinghamshire,A-F,Goods,2016,2842
TLF15,North Nottinghamshire,G-T,Services,2016,5492
TLE22,North Yorkshire CC,A-F,Goods,2016,3680
TLE22,North Yorkshire CC,G-T,Services,2016,9830
TLE13,North and North East Lincolnshire,A-F,Goods,2016,2957
TLE13,North and North East Lincolnshire,G-T,Services,2016,4100
TLH16,North and West Norfolk,A-F,Goods,2016,1436
TLH16,North and West Norfolk,G-T,Services,2016,2964
TLC21,Northumberland,A-F,Goods,2016,1596
TLC21,Northumberland,G-T,Services,2016,3302
TLH15,Norwich and East Norfolk,A-F,Goods,2016,1416
TLH15,Norwich and East Norfolk,G-T,Services,2016,6915
TLF14,Nottingham,A-F,Goods,2016,1302
TLF14,Nottingham,G-T,Services,2016,8370
TLM65,Orkney Islands,A-F,Goods,2016,99
TLM65,Orkney Islands,G-T,Services,2016,448
TLJ14,Oxfordshire CC,A-F,Goods,2016,3979
TLJ14,Oxfordshire CC,G-T,Services,2016,16528
TLM77,"Perth and Kinross, and Stirling",A-F,Goods,2016,1948
TLM77,"Perth and Kinross, and Stirling",G-T,Services,2016,4382
TLH11,Peterborough,A-F,Goods,2016,1299
TLH11,Peterborough,G-T,Services,2016,4401
TLK41,Plymouth,A-F,Goods,2016,1282
TLK41,Plymouth,G-T,Services,2016,4136
TLJ31,Portsmouth,A-F,Goods,2016,1128
TLJ31,Portsmouth,G-T,Services,2016,4379
TLL24,Powys,A-F,Goods,2016,546
TLL24,Powys,G-T,Services,2016,1620
TLI53,Redbridge and Waltham Forest,A-F,Goods,2016,1037
TLI53,Redbridge and Waltham Forest,G-T,Services,2016,7742
TLG37,Sandwell,A-F,Goods,2016,2036
TLG37,Sandwell,G-T,Services,2016,3977
TLM91,Scottish Borders,A-F,Goods,2016,612
TLM91,Scottish Borders,G-T,Services,2016,1545
TLD73,Sefton,A-F,Goods,2016,401
TLD73,Sefton,G-T,Services,2016,3497
TLE32,Sheffield,A-F,Goods,2016,1924
TLE32,Sheffield,G-T,Services,2016,10406
TLM66,Shetland Islands,A-F,Goods,2016,245
TLM66,Shetland Islands,G-T,Services,2016,463
TLG22,Shropshire CC,A-F,Goods,2016,1608
TLG22,Shropshire CC,G-T,Services,2016,4226
TLG32,Solihull,A-F,Goods,2016,2768
TLG32,Solihull,G-T,Services,2016,5595
TLK23,Somerset CC,A-F,Goods,2016,3136
TLK23,Somerset CC,G-T,Services,2016,7694
TLM94,South Ayrshire,A-F,Goods,2016,610
TLM94,South Ayrshire,G-T,Services,2016,1640
TLJ35,South Hampshire,A-F,Goods,2016,2639
TLJ35,South Hampshire,G-T,Services,2016,7849
TLM95,South Lanarkshire,A-F,Goods,2016,2082
TLM95,South Lanarkshire,G-T,Services,2016,4298
TLF16,South Nottinghamshire,A-F,Goods,2016,1485
TLF16,South Nottinghamshire,G-T,Services,2016,4269
TLC12,South Teesside,A-F,Goods,2016,976
TLC12,South Teesside,G-T,Services,2016,3478
TLL14,South West Wales,A-F,Goods,2016,2336
TLL14,South West Wales,G-T,Services,2016,4301
TLF13,South and West Derbyshire,A-F,Goods,2016,3921
TLF13,South and West Derbyshire,G-T,Services,2016,5454
TLJ32,Southampton,A-F,Goods,2016,889
TLJ32,Southampton,G-T,Services,2016,6644
TLH31,Southend-on-Sea,A-F,Goods,2016,504
TLH31,Southend-on-Sea,G-T,Services,2016,2323
TLG24,Staffordshire CC,A-F,Goods,2016,4845
TLG24,Staffordshire CC,G-T,Services,2016,12196
TLG23,Stoke-on-Trent,A-F,Goods,2016,1062
TLG23,Stoke-on-Trent,G-T,Services,2016,3812
TLH14,Suffolk CC,A-F,Goods,2016,4423
TLH14,Suffolk CC,G-T,Services,2016,13034
TLC23,Sunderland,A-F,Goods,2016,2462
TLC23,Sunderland,G-T,Services,2016,4105
TLL18,Swansea,A-F,Goods,2016,626
TLL18,Swansea,G-T,Services,2016,4415
TLK14,Swindon,A-F,Goods,2016,2799
TLK14,Swindon,G-T,Services,2016,6334
TLG21,Telford and Wrekin,A-F,Goods,2016,1177
TLG21,Telford and Wrekin,G-T,Services,2016,2920
TLH32,Thurrock,A-F,Goods,2016,771
TLH32,Thurrock,G-T,Services,2016,2793
TLK42,Torbay,A-F,Goods,2016,213
TLK42,Torbay,G-T,Services,2016,1677
TLI42,Tower Hamlets,A-F,Goods,2016,1682
TLI42,Tower Hamlets,G-T,Services,2016,32505
TLC22,Tyneside,A-F,Goods,2016,3123
TLC22,Tyneside,G-T,Services,2016,15472
TLE45,Wakefield,A-F,Goods,2016,1990
TLE45,Wakefield,G-T,Services,2016,4829
TLG38,Walsall,A-F,Goods,2016,1158
TLG38,Walsall,G-T,Services,2016,3502
TLI34,Wandsworth,A-F,Goods,2016,438
TLI34,Wandsworth,G-T,Services,2016,6967
TLD61,Warrington,A-F,Goods,2016,1543
TLD61,Warrington,G-T,Services,2016,5445
TLG13,Warwickshire CC,A-F,Goods,2016,5666
TLG13,Warwickshire CC,G-T,Services,2016,11219
TLD11,West Cumbria,A-F,Goods,2016,2086
TLD11,West Cumbria,G-T,Services,2016,2701
TLH35,West Essex,A-F,Goods,2016,1859
TLH35,West Essex,G-T,Services,2016,5899
TLJ46,West Kent,A-F,Goods,2016,2125
TLJ46,West Kent,G-T,Services,2016,8879
TLM78,West Lothian,A-F,Goods,2016,1272
TLM78,West Lothian,G-T,Services,2016,2969
TLF24,West Northamptonshire,A-F,Goods,2016,2751
TLF24,West Northamptonshire,G-T,Services,2016,8017
TLJ25,West Surrey,A-F,Goods,2016,4854
TLJ25,West Surrey,G-T,Services,2016,23600
TLJ28,West Sussex (North East),A-F,Goods,2016,2348
TLJ28,West Sussex (North East),G-T,Services,2016,9230
TLJ27,West Sussex (South West),A-F,Goods,2016,2568
TLJ27,West Sussex (South West),G-T,Services,2016,7003
TLI32,Westminster,A-F,Goods,2016,2802
TLI32,Westminster,G-T,Services,2016,61790
TLK15,Wiltshire,A-F,Goods,2016,2234
TLK15,Wiltshire,G-T,Services,2016,8907
TLD74,Wirral,A-F,Goods,2016,889
TLD74,Wirral,G-T,Services,2016,3801
TLG39,Wolverhampton,A-F,Goods,2016,1144
TLG39,Wolverhampton,G-T,Services,2016,3377
TLG12,Worcestershire CC,A-F,Goods,2016,3287
TLG12,Worcestershire CC,G-T,Services,2016,9383
TLE21,York,A-F,Goods,2016,799
TLE21,York,G-T,Services,2016,5018
TLM50,Aberdeen City and Aberdeenshire,A-F,Goods,2017,5341
TLM50,Aberdeen City and Aberdeenshire,G-T,Services,2017,11141
TLM71,Angus and Dundee City,A-F,Goods,2017,1355
TLM71,Angus and Dundee City,G-T,Services,2017,3896
TLN0D,Antrim and Newtownabbey,A-F,Goods,2017,868
TLN0D,Antrim and Newtownabbey,G-T,Services,2017,2234
TLN09,Ards and North Down,A-F,Goods,2017,340
TLN09,Ards and North Down,G-T,Services,2017,1679
TLN07,"Armagh City, Banbridge and Craigavon",A-F,Goods,2017,1142
TLN07,"Armagh City, Banbridge and Craigavon",G-T,Services,2017,2500
TLI52,Barking & Dagenham and Havering,A-F,Goods,2017,2258
TLI52,Barking & Dagenham and Havering,G-T,Services,2017,6497
TLI71,Barnet,A-F,Goods,2017,1071
TLI71,Barnet,G-T,Services,2017,7201
TLE31,"Barnsley, Doncaster and Rotherham",A-F,Goods,2017,3877
TLE31,"Barnsley, Doncaster and Rotherham",G-T,Services,2017,9834
TLK12,"Bath and North East Somerset, North Somerset and South Gloucestershire",A-F,Goods,2017,4411
TLK12,"Bath and North East Somerset, North Somerset and South Gloucestershire",G-T,Services,2017,14736
TLH24,Bedford,A-F,Goods,2017,993
TLH24,Bedford,G-T,Services,2017,2988
TLN06,Belfast,A-F,Goods,2017,1495
TLN06,Belfast,G-T,Services,2017,11277
TLJ11,Berkshire,A-F,Goods,2017,7194
TLJ11,Berkshire,G-T,Services,2017,34601
TLI51,Bexley and Greenwich,A-F,Goods,2017,2388
TLI51,Bexley and Greenwich,G-T,Services,2017,9025
TLG31,Birmingham,A-F,Goods,2017,4458
TLG31,Birmingham,G-T,Services,2017,22191
TLD41,Blackburn with Darwen,A-F,Goods,2017,780
TLD41,Blackburn with Darwen,G-T,Services,2017,2240
TLD42,Blackpool,A-F,Goods,2017,266
TLD42,Blackpool,G-T,Services,2017,2251
TLK24,"Bournemouth, Christchurch and Poole",A-F,Goods,2017,1919
TLK24,"Bournemouth, Christchurch and Poole",G-T,Services,2017,8513
TLE41,Bradford,A-F,Goods,2017,2275
TLE41,Bradford,G-T,Services,2017,7194
TLH17,Breckland and South Norfolk,A-F,Goods,2017,1438
TLH17,Breckland and South Norfolk,G-T,Services,2017,3458
TLI72,Brent,A-F,Goods,2017,1669
TLI72,Brent,G-T,Services,2017,6707
TLL17,Bridgend and Neath Port Talbot,A-F,Goods,2017,1800
TLL17,Bridgend and Neath Port Talbot,G-T,Services,2017,3489
TLJ21,Brighton and Hove,A-F,Goods,2017,948
TLJ21,Brighton and Hove,G-T,Services,2017,7157
TLK11,"Bristol, City of",A-F,Goods,2017,1817
TLK11,"Bristol, City of",G-T,Services,2017,13425
TLI61,Bromley,A-F,Goods,2017,1027
TLI61,Bromley,G-T,Services,2017,6734
TLJ13,Buckinghamshire CC,A-F,Goods,2017,2661
TLJ13,Buckinghamshire CC,G-T,Services,2017,11741
TLM61,"Caithness and Sutherland, and Ross and Cromarty",A-F,Goods,2017,567
TLM61,"Caithness and Sutherland, and Ross and Cromarty",G-T,Services,2017,1399
TLE44,Calderdale and Kirklees,A-F,Goods,2017,3390
TLE44,Calderdale and Kirklees,G-T,Services,2017,8669
TLH12,Cambridgeshire CC,A-F,Goods,2017,4652
TLH12,Cambridgeshire CC,G-T,Services,2017,14498
TLI31,Camden and City of London,A-F,Goods,2017,2870
TLI31,Camden and City of London,G-T,Services,2017,100112
TLL22,Cardiff and Vale of Glamorgan,A-F,Goods,2017,2617
TLL22,Cardiff and Vale of Glamorgan,G-T,Services,2017,10893
TLN0C,Causeway Coast and Glens,A-F,Goods,2017,650
TLN0C,Causeway Coast and Glens,G-T,Services,2017,1504
TLH25,Central Bedfordshire,A-F,Goods,2017,1566
TLH25,Central Bedfordshire,G-T,Services,2017,4434
TLJ36,Central Hampshire,A-F,Goods,2017,3544
TLJ36,Central Hampshire,G-T,Services,2017,11590
TLL15,Central Valleys,A-F,Goods,2017,1763
TLL15,Central Valleys,G-T,Services,2017,3319
TLD62,Cheshire East,A-F,Goods,2017,4798
TLD62,Cheshire East,G-T,Services,2017,8548
TLD63,Cheshire West and Chester,A-F,Goods,2017,2953
TLD63,Cheshire West and Chester,G-T,Services,2017,7485
TLD47,Chorley and West Lancashire,A-F,Goods,2017,1051
TLD47,Chorley and West Lancashire,G-T,Services,2017,3339
TLM75,City of Edinburgh,A-F,Goods,2017,2129
TLM75,City of Edinburgh,G-T,Services,2017,21753
TLM72,Clackmannanshire and Fife,A-F,Goods,2017,2582
TLM72,Clackmannanshire and Fife,G-T,Services,2017,5478
TLL13,Conwy and Denbighshire,A-F,Goods,2017,787
TLL13,Conwy and Denbighshire,G-T,Services,2017,2800
TLK30,Cornwall and Isles of Scilly,A-F,Goods,2017,2821
TLK30,Cornwall and Isles of Scilly,G-T,Services,2017,8018
TLG33,Coventry,A-F,Goods,2017,2844
TLG33,Coventry,G-T,Services,2017,6975
TLI62,Croydon,A-F,Goods,2017,904
TLI62,Croydon,G-T,Services,2017,7730
TLC13,Darlington,A-F,Goods,2017,496
TLC13,Darlington,G-T,Services,2017,2059
TLF11,Derby,A-F,Goods,2017,2109
TLF11,Derby,G-T,Services,2017,4597
TLN0A,Derry City and Strabane,A-F,Goods,2017,614
TLN0A,Derry City and Strabane,G-T,Services,2017,2042
TLK43,Devon CC,A-F,Goods,2017,4369
TLK43,Devon CC,G-T,Services,2017,12949
TLK25,Dorset,A-F,Goods,2017,1812
TLK25,Dorset,G-T,Services,2017,5614
TLG36,Dudley,A-F,Goods,2017,1377
TLG36,Dudley,G-T,Services,2017,3721
TLM92,Dumfries and Galloway,A-F,Goods,2017,1017
TLM92,Dumfries and Galloway,G-T,Services,2017,2377
TLC14,Durham CC,A-F,Goods,2017,2891
TLC14,Durham CC,G-T,Services,2017,5299
TLI73,Ealing,A-F,Goods,2017,1672
TLI73,Ealing,G-T,Services,2017,7432
TLM93,East Ayrshire and North Ayrshire mainland,A-F,Goods,2017,1229
TLM93,East Ayrshire and North Ayrshire mainland,G-T,Services,2017,2782
TLD12,East Cumbria,A-F,Goods,2017,1843
TLD12,East Cumbria,G-T,Services,2017,4889
TLF12,East Derbyshire,A-F,Goods,2017,1233
TLF12,East Derbyshire,G-T,Services,2017,4225
TLM81,"East Dunbartonshire, West Dunbartonshire, and Helensburgh and Lomond",A-F,Goods,2017,674
TLM81,"East Dunbartonshire, West Dunbartonshire, and Helensburgh and Lomond",G-T,Services,2017,3016
TLJ44,East Kent,A-F,Goods,2017,1709
TLJ44,East Kent,G-T,Services,2017,8046
TLD46,East Lancashire,A-F,Goods,2017,2056
TLD46,East Lancashire,G-T,Services,2017,3970
TLM73,East Lothian and Midlothian,A-F,Goods,2017,781
TLM73,East Lothian and Midlothian,G-T,Services,2017,2342
TLD71,East Merseyside,A-F,Goods,2017,3685
TLD71,East Merseyside,G-T,Services,2017,6562
TLE12,East Riding of Yorkshire,A-F,Goods,2017,2102
TLE12,East Riding of Yorkshire,G-T,Services,2017,4313
TLJ26,East Surrey,A-F,Goods,2017,1794
TLJ26,East Surrey,G-T,Services,2017,12373
TLJ22,East Sussex CC,A-F,Goods,2017,1623
TLJ22,East Sussex CC,G-T,Services,2017,7131
TLI54,Enfield,A-F,Goods,2017,1366
TLI54,Enfield,G-T,Services,2017,5680
TLH34,Essex Haven Gateway,A-F,Goods,2017,2196
TLH34,Essex Haven Gateway,G-T,Services,2017,7783
TLH37,Essex Thames Gateway,A-F,Goods,2017,1783
TLH37,Essex Thames Gateway,G-T,Services,2017,5878
TLM76,Falkirk,A-F,Goods,2017,1191
TLM76,Falkirk,G-T,Services,2017,2478
TLN0G,Fermanagh and Omagh,A-F,Goods,2017,675
TLN0G,Fermanagh and Omagh,G-T,Services,2017,1385
TLL23,Flintshire and Wrexham,A-F,Goods,2017,3531
TLL23,Flintshire and Wrexham,G-T,Services,2017,3620
TLM82,Glasgow City,A-F,Goods,2017,3129
TLM82,Glasgow City,G-T,Services,2017,17542
TLK13,Gloucestershire CC,A-F,Goods,2017,4697
TLK13,Gloucestershire CC,G-T,Services,2017,12432
TLD37,Greater Manchester North East,A-F,Goods,2017,2711
TLD37,Greater Manchester North East,G-T,Services,2017,7681
TLD36,Greater Manchester North West,A-F,Goods,2017,2687
TLD36,Greater Manchester North West,G-T,Services,2017,7877
TLD35,Greater Manchester South East,A-F,Goods,2017,2099
TLD35,Greater Manchester South East,G-T,Services,2017,7710
TLD34,Greater Manchester South West,A-F,Goods,2017,3313
TLD34,Greater Manchester South West,G-T,Services,2017,12411
TLL16,Gwent Valleys,A-F,Goods,2017,1887
TLL16,Gwent Valleys,G-T,Services,2017,3192
TLL12,Gwynedd,A-F,Goods,2017,611
TLL12,Gwynedd,G-T,Services,2017,1734
TLI41,Hackney and Newham,A-F,Goods,2017,1618
TLI41,Hackney and Newham,G-T,Services,2017,11716
TLI43,Haringey and Islington,A-F,Goods,2017,1517
TLI43,Haringey and Islington,G-T,Services,2017,21290
TLI74,Harrow and Hillingdon,A-F,Goods,2017,2732
TLI74,Harrow and Hillingdon,G-T,Services,2017,16116
TLC11,Hartlepool and Stockton-on-Tees,A-F,Goods,2017,1617
TLC11,Hartlepool and Stockton-on-Tees,G-T,Services,2017,4592
TLH36,Heart of Essex,A-F,Goods,2017,2783
TLH36,Heart of Essex,G-T,Services,2017,6198
TLG11,"Herefordshire, County of",A-F,Goods,2017,1175
TLG11,"Herefordshire, County of",G-T,Services,2017,2517
TLH23,Hertfordshire CC,A-F,Goods,2017,8523
TLH23,Hertfordshire CC,G-T,Services,2017,30096
TLI75,Hounslow and Richmond upon Thames,A-F,Goods,2017,1657
TLI75,Hounslow and Richmond upon Thames,G-T,Services,2017,21646
TLM83,"Inverclyde, East Renfrewshire, and Renfrewshire",A-F,Goods,2017,1363
TLM83,"Inverclyde, East Renfrewshire, and Renfrewshire",G-T,Services,2017,5174
TLM62,"Inverness and Nairn, Moray, Badenoch and Strathspey",A-F,Goods,2017,1905
TLM62,"Inverness and Nairn, Moray, Badenoch and Strathspey",G-T,Services,2017,3496
TLL11,Isle of Anglesey,A-F,Goods,2017,271
TLL11,Isle of Anglesey,G-T,Services,2017,749
TLJ34,Isle of Wight,A-F,Goods,2017,458
TLJ34,Isle of Wight,G-T,Services,2017,1962
TLI33,Kensington & Chelsea and Hammersmith & Fulham,A-F,Goods,2017,790
TLI33,Kensington & Chelsea and Hammersmith & Fulham,G-T,Services,2017,19045
TLJ43,Kent Thames Gateway,A-F,Goods,2017,2539
TLJ43,Kent Thames Gateway,G-T,Services,2017,5413
TLE11,"Kingston upon Hull, City of",A-F,Goods,2017,1920
TLE11,"Kingston upon Hull, City of",G-T,Services,2017,3838
TLI45,Lambeth,A-F,Goods,2017,637
TLI45,Lambeth,G-T,Services,2017,11835
TLD44,Lancaster and Wyre,A-F,Goods,2017,1185
TLD44,Lancaster and Wyre,G-T,Services,2017,3124
TLE42,Leeds,A-F,Goods,2017,4268
TLE42,Leeds,G-T,Services,2017,20696
TLF21,Leicester,A-F,Goods,2017,1710
TLF21,Leicester,G-T,Services,2017,6536
TLF22,Leicestershire CC and Rutland,A-F,Goods,2017,5844
TLF22,Leicestershire CC and Rutland,G-T,Services,2017,11544
TLI44,Lewisham and Southwark,A-F,Goods,2017,1391
TLI44,Lewisham and Southwark,G-T,Services,2017,20814
TLF30,Lincolnshire CC,A-F,Goods,2017,4664
TLF30,Lincolnshire CC,G-T,Services,2017,10071
TLN0E,Lisburn and Castlereagh,A-F,Goods,2017,701
TLN0E,Lisburn and Castlereagh,G-T,Services,2017,2315
TLD72,Liverpool,A-F,Goods,2017,1674
TLD72,Liverpool,G-T,Services,2017,11132
TLM63,"Lochaber, Skye and Lochalsh, Arran and Cumbrae, and Argyll and Bute",A-F,Goods,2017,713
TLM63,"Lochaber, Skye and Lochalsh, Arran and Cumbrae, and Argyll and Bute",G-T,Services,2017,1660
TLH21,Luton,A-F,Goods,2017,1462
TLH21,Luton,G-T,Services,2017,4372
TLD33,Manchester,A-F,Goods,2017,1991
TLD33,Manchester,G-T,Services,2017,20678
TLJ41,Medway,A-F,Goods,2017,1528
TLJ41,Medway,G-T,Services,2017,3825
TLI63,"Merton, Kingston upon Thames and Sutton",A-F,Goods,2017,1738
TLI63,"Merton, Kingston upon Thames and Sutton",G-T,Services,2017,12815
TLJ45,Mid Kent,A-F,Goods,2017,1430
TLJ45,Mid Kent,G-T,Services,2017,5423
TLD45,Mid Lancashire,A-F,Goods,2017,4529
TLD45,Mid Lancashire,G-T,Services,2017,7989
TLN0B,Mid Ulster,A-F,Goods,2017,1557
TLN0B,Mid Ulster,G-T,Services,2017,1539
TLN0F,Mid and East Antrim,A-F,Goods,2017,1314
TLN0F,Mid and East Antrim,G-T,Services,2017,1450
TLJ12,Milton Keynes,A-F,Goods,2017,1643
TLJ12,Milton Keynes,G-T,Services,2017,11368
TLL21,Monmouthshire and Newport,A-F,Goods,2017,1428
TLL21,Monmouthshire and Newport,G-T,Services,2017,4150
TLM64,Na h-Eileanan Siar,A-F,Goods,2017,87
TLM64,Na h-Eileanan Siar,G-T,Services,2017,413
TLN08,"Newry, Mourne and Down",A-F,Goods,2017,964
TLN08,"Newry, Mourne and Down",G-T,Services,2017,1917
TLJ37,North Hampshire,A-F,Goods,2017,2374
TLJ37,North Hampshire,G-T,Services,2017,11724
TLM84,North Lanarkshire,A-F,Goods,2017,2366
TLM84,North Lanarkshire,G-T,Services,2017,5350
TLF25,North Northamptonshire,A-F,Goods,2017,2065
TLF25,North Northamptonshire,G-T,Services,2017,4466
TLF15,North Nottinghamshire,A-F,Goods,2017,2861
TLF15,North Nottinghamshire,G-T,Services,2017,5732
TLE22,North Yorkshire CC,A-F,Goods,2017,3854
TLE22,North Yorkshire CC,G-T,Services,2017,10601
TLE13,North and North East Lincolnshire,A-F,Goods,2017,3227
TLE13,North and North East Lincolnshire,G-T,Services,2017,4250
TLH16,North and West Norfolk,A-F,Goods,2017,1440
TLH16,North and West Norfolk,G-T,Services,2017,3033
TLC21,Northumberland,A-F,Goods,2017,1674
TLC21,Northumberland,G-T,Services,2017,3319
TLH15,Norwich and East Norfolk,A-F,Goods,2017,1477
TLH15,Norwich and East Norfolk,G-T,Services,2017,7521
TLF14,Nottingham,A-F,Goods,2017,1412
TLF14,Nottingham,G-T,Services,2017,8730
TLM65,Orkney Islands,A-F,Goods,2017,123
TLM65,Orkney Islands,G-T,Services,2017,429
TLJ14,Oxfordshire CC,A-F,Goods,2017,4076
TLJ14,Oxfordshire CC,G-T,Services,2017,16988
TLM77,"Perth and Kinross, and Stirling",A-F,Goods,2017,2146
TLM77,"Perth and Kinross, and Stirling",G-T,Services,2017,4488
TLH11,Peterborough,A-F,Goods,2017,1378
TLH11,Peterborough,G-T,Services,2017,4932
TLK41,Plymouth,A-F,Goods,2017,1335
TLK41,Plymouth,G-T,Services,2017,4234
TLJ31,Portsmouth,A-F,Goods,2017,1262
TLJ31,Portsmouth,G-T,Services,2017,4570
TLL24,Powys,A-F,Goods,2017,560
TLL24,Powys,G-T,Services,2017,1610
TLI53,Redbridge and Waltham Forest,A-F,Goods,2017,1168
TLI53,Redbridge and Waltham Forest,G-T,Services,2017,7750
TLG37,Sandwell,A-F,Goods,2017,2094
TLG37,Sandwell,G-T,Services,2017,4239
TLM91,Scottish Borders,A-F,Goods,2017,657
TLM91,Scottish Borders,G-T,Services,2017,1599
TLD73,Sefton,A-F,Goods,2017,431
TLD73,Sefton,G-T,Services,2017,3607
TLE32,Sheffield,A-F,Goods,2017,2013
TLE32,Sheffield,G-T,Services,2017,10487
TLM66,Shetland Islands,A-F,Goods,2017,264
TLM66,Shetland Islands,G-T,Services,2017,497
TLG22,Shropshire CC,A-F,Goods,2017,1632
TLG22,Shropshire CC,G-T,Services,2017,4368
TLG32,Solihull,A-F,Goods,2017,2848
TLG32,Solihull,G-T,Services,2017,6294
TLK23,Somerset CC,A-F,Goods,2017,3392
TLK23,Somerset CC,G-T,Services,2017,8217
TLM94,South Ayrshire,A-F,Goods,2017,684
TLM94,South Ayrshire,G-T,Services,2017,1677
TLJ35,South Hampshire,A-F,Goods,2017,2668
TLJ35,South Hampshire,G-T,Services,2017,8184
TLM95,South Lanarkshire,A-F,Goods,2017,2127
TLM95,South Lanarkshire,G-T,Services,2017,4668
TLF16,South Nottinghamshire,A-F,Goods,2017,1570
TLF16,South Nottinghamshire,G-T,Services,2017,4368
TLC12,South Teesside,A-F,Goods,2017,901
TLC12,South Teesside,G-T,Services,2017,3572
TLL14,South West Wales,A-F,Goods,2017,2368
TLL14,South West Wales,G-T,Services,2017,4399
TLF13,South and West Derbyshire,A-F,Goods,2017,3940
TLF13,South and West Derbyshire,G-T,Services,2017,5713
TLJ32,Southampton,A-F,Goods,2017,1387
TLJ32,Southampton,G-T,Services,2017,6890
TLH31,Southend-on-Sea,A-F,Goods,2017,540
TLH31,Southend-on-Sea,G-T,Services,2017,2504
TLG24,Staffordshire CC,A-F,Goods,2017,5133
TLG24,Staffordshire CC,G-T,Services,2017,12678
TLG23,Stoke-on-Trent,A-F,Goods,2017,1129
TLG23,Stoke-on-Trent,G-T,Services,2017,4110
TLH14,Suffolk CC,A-F,Goods,2017,4704
TLH14,Suffolk CC,G-T,Services,2017,13401
TLC23,Sunderland,A-F,Goods,2017,2635
TLC23,Sunderland,G-T,Services,2017,4254
TLL18,Swansea,A-F,Goods,2017,657
TLL18,Swansea,G-T,Services,2017,4586
TLK14,Swindon,A-F,Goods,2017,2524
TLK14,Swindon,G-T,Services,2017,6758
TLG21,Telford and Wrekin,A-F,Goods,2017,1243
TLG21,Telford and Wrekin,G-T,Services,2017,3019
TLH32,Thurrock,A-F,Goods,2017,877
TLH32,Thurrock,G-T,Services,2017,3155
TLK42,Torbay,A-F,Goods,2017,223
TLK42,Torbay,G-T,Services,2017,1668
TLI42,Tower Hamlets,A-F,Goods,2017,1755
TLI42,Tower Hamlets,G-T,Services,2017,35279
TLC22,Tyneside,A-F,Goods,2017,3172
TLC22,Tyneside,G-T,Services,2017,16208
TLE45,Wakefield,A-F,Goods,2017,2121
TLE45,Wakefield,G-T,Services,2017,4963
TLG38,Walsall,A-F,Goods,2017,1095
TLG38,Walsall,G-T,Services,2017,3628
TLI34,Wandsworth,A-F,Goods,2017,433
TLI34,Wandsworth,G-T,Services,2017,6873
TLD61,Warrington,A-F,Goods,2017,1754
TLD61,Warrington,G-T,Services,2017,5804
TLG13,Warwickshire CC,A-F,Goods,2017,6840
TLG13,Warwickshire CC,G-T,Services,2017,11961
TLD11,West Cumbria,A-F,Goods,2017,2046
TLD11,West Cumbria,G-T,Services,2017,2749
TLH35,West Essex,A-F,Goods,2017,1935
TLH35,West Essex,G-T,Services,2017,6430
TLJ46,West Kent,A-F,Goods,2017,2198
TLJ46,West Kent,G-T,Services,2017,9263
TLM78,West Lothian,A-F,Goods,2017,1165
TLM78,West Lothian,G-T,Services,2017,3283
TLF24,West Northamptonshire,A-F,Goods,2017,2760
TLF24,West Northamptonshire,G-T,Services,2017,8696
TLJ25,West Surrey,A-F,Goods,2017,5143
TLJ25,West Surrey,G-T,Services,2017,24214
TLJ28,West Sussex (North East),A-F,Goods,2017,2585
TLJ28,West Sussex (North East),G-T,Services,2017,9474
TLJ27,West Sussex (South West),A-F,Goods,2017,3131
TLJ27,West Sussex (South West),G-T,Services,2017,7141
TLI32,Westminster,A-F,Goods,2017,3012
TLI32,Westminster,G-T,Services,2017,65414
TLK15,Wiltshire,A-F,Goods,2017,2408
TLK15,Wiltshire,G-T,Services,2017,9024
TLD74,Wirral,A-F,Goods,2017,958
TLD74,Wirral,G-T,Services,2017,3919
TLG39,Wolverhampton,A-F,Goods,2017,1126
TLG39,Wolverhampton,G-T,Services,2017,3729
TLG12,Worcestershire CC,A-F,Goods,2017,3412
TLG12,Worcestershire CC,G-T,Services,2017,10132
TLE21,York,A-F,Goods,2017,814
TLE21,York,G-T,Services,2017,5396
TLM50,Aberdeen City and Aberdeenshire,A-F,Goods,2018,5197
TLM50,Aberdeen City and Aberdeenshire,G-T,Services,2018,11491
TLM71,Angus and Dundee City,A-F,Goods,2018,1404
TLM71,Angus and Dundee City,G-T,Services,2018,4035
TLN0D,Antrim and Newtownabbey,A-F,Goods,2018,906
TLN0D,Antrim and Newtownabbey,G-T,Services,2018,2278
TLN09,Ards and North Down,A-F,Goods,2018,351
TLN09,Ards and North Down,G-T,Services,2018,1770
TLN07,"Armagh City, Banbridge and Craigavon",A-F,Goods,2018,1297
TLN07,"Armagh City, Banbridge and Craigavon",G-T,Services,2018,2592
TLI52,Barking & Dagenham and Havering,A-F,Goods,2018,2241
TLI52,Barking & Dagenham and Havering,G-T,Services,2018,6830
TLI71,Barnet,A-F,Goods,2018,1209
TLI71,Barnet,G-T,Services,2018,7367
TLE31,"Barnsley, Doncaster and Rotherham",A-F,Goods,2018,4067
TLE31,"Barnsley, Doncaster and Rotherham",G-T,Services,2018,9898
TLK12,"Bath and North East Somerset, North Somerset and South Gloucestershire",A-F,Goods,2018,4353
TLK12,"Bath and North East Somerset, North Somerset and South Gloucestershire",G-T,Services,2018,15603
TLH24,Bedford,A-F,Goods,2018,935
TLH24,Bedford,G-T,Services,2018,3088
TLN06,Belfast,A-F,Goods,2018,1603
TLN06,Belfast,G-T,Services,2018,11586
TLJ11,Berkshire,A-F,Goods,2018,7524
TLJ11,Berkshire,G-T,Services,2018,36701
TLI51,Bexley and Greenwich,A-F,Goods,2018,2375
TLI51,Bexley and Greenwich,G-T,Services,2018,9260
TLG31,Birmingham,A-F,Goods,2018,4535
TLG31,Birmingham,G-T,Services,2018,23193
TLD41,Blackburn with Darwen,A-F,Goods,2018,785
TLD41,Blackburn with Darwen,G-T,Services,2018,2265
TLD42,Blackpool,A-F,Goods,2018,287
TLD42,Blackpool,G-T,Services,2018,2327
TLK24,"Bournemouth, Christchurch and Poole",A-F,Goods,2018,1922
TLK24,"Bournemouth, Christchurch and Poole",G-T,Services,2018,8500
TLE41,Bradford,A-F,Goods,2018,2362
TLE41,Bradford,G-T,Services,2018,7238
TLH17,Breckland and South Norfolk,A-F,Goods,2018,1343
TLH17,Breckland and South Norfolk,G-T,Services,2018,3565
TLI72,Brent,A-F,Goods,2018,1729
TLI72,Brent,G-T,Services,2018,6693
TLL17,Bridgend and Neath Port Talbot,A-F,Goods,2018,1775
TLL17,Bridgend and Neath Port Talbot,G-T,Services,2018,3703
TLJ21,Brighton and Hove,A-F,Goods,2018,1035
TLJ21,Brighton and Hove,G-T,Services,2018,7419
TLK11,"Bristol, City of",A-F,Goods,2018,1745
TLK11,"Bristol, City of",G-T,Services,2018,13357
TLI61,Bromley,A-F,Goods,2018,1107
TLI61,Bromley,G-T,Services,2018,6768
TLJ13,Buckinghamshire CC,A-F,Goods,2018,2872
TLJ13,Buckinghamshire CC,G-T,Services,2018,12066
TLM61,"Caithness and Sutherland, and Ross and Cromarty",A-F,Goods,2018,570
TLM61,"Caithness and Sutherland, and Ross and Cromarty",G-T,Services,2018,1434
TLE44,Calderdale and Kirklees,A-F,Goods,2018,3547
TLE44,Calderdale and Kirklees,G-T,Services,2018,9171
TLH12,Cambridgeshire CC,A-F,Goods,2018,4721
TLH12,Cambridgeshire CC,G-T,Services,2018,14735
TLI31,Camden and City of London,A-F,Goods,2018,3142
TLI31,Camden and City of London,G-T,Services,2018,104649
TLL22,Cardiff and Vale of Glamorgan,A-F,Goods,2018,2648
TLL22,Cardiff and Vale of Glamorgan,G-T,Services,2018,11148
TLN0C,Causeway Coast and Glens,A-F,Goods,2018,612
TLN0C,Causeway Coast and Glens,G-T,Services,2018,1544
TLH25,Central Bedfordshire,A-F,Goods,2018,1497
TLH25,Central Bedfordshire,G-T,Services,2018,4576
TLJ36,Central Hampshire,A-F,Goods,2018,3425
TLJ36,Central Hampshire,G-T,Services,2018,12065
TLL15,Central Valleys,A-F,Goods,2018,1785
TLL15,Central Valleys,G-T,Services,2018,3392
TLD62,Cheshire East,A-F,Goods,2018,4749
TLD62,Cheshire East,G-T,Services,2018,9039
TLD63,Cheshire West and Chester,A-F,Goods,2018,2818
TLD63,Cheshire West and Chester,G-T,Services,2018,7827
TLD47,Chorley and West Lancashire,A-F,Goods,2018,1089
TLD47,Chorley and West Lancashire,G-T,Services,2018,3445
TLM75,City of Edinburgh,A-F,Goods,2018,2176
TLM75,City of Edinburgh,G-T,Services,2018,22483
TLM72,Clackmannanshire and Fife,A-F,Goods,2018,2540
TLM72,Clackmannanshire and Fife,G-T,Services,2018,5526
TLL13,Conwy and Denbighshire,A-F,Goods,2018,831
TLL13,Conwy and Denbighshire,G-T,Services,2018,2826
TLK30,Cornwall and Isles of Scilly,A-F,Goods,2018,2805
TLK30,Cornwall and Isles of Scilly,G-T,Services,2018,8311
TLG33,Coventry,A-F,Goods,2018,2827
TLG33,Coventry,G-T,Services,2018,7136
TLI62,Croydon,A-F,Goods,2018,905
TLI62,Croydon,G-T,Services,2018,8443
TLC13,Darlington,A-F,Goods,2018,479
TLC13,Darlington,G-T,Services,2018,2043
TLF11,Derby,A-F,Goods,2018,2375
TLF11,Derby,G-T,Services,2018,4796
TLN0A,Derry City and Strabane,A-F,Goods,2018,691
TLN0A,Derry City and Strabane,G-T,Services,2018,2034
TLK43,Devon CC,A-F,Goods,2018,4357
TLK43,Devon CC,G-T,Services,2018,13207
TLK25,Dorset,A-F,Goods,2018,2122
TLK25,Dorset,G-T,Services,2018,5831
TLG36,Dudley,A-F,Goods,2018,1362
TLG36,Dudley,G-T,Services,2018,3790
TLM92,Dumfries and Galloway,A-F,Goods,2018,1038
TLM92,Dumfries and Galloway,G-T,Services,2018,2355
TLC14,Durham CC,A-F,Goods,2018,3192
TLC14,Durham CC,G-T,Services,2018,5454
TLI73,Ealing,A-F,Goods,2018,1891
TLI73,Ealing,G-T,Services,2018,7343
TLM93,East Ayrshire and North Ayrshire mainland,A-F,Goods,2018,1218
TLM93,East Ayrshire and North Ayrshire mainland,G-T,Services,2018,2755
TLD12,East Cumbria,A-F,Goods,2018,1831
TLD12,East Cumbria,G-T,Services,2018,5013
TLF12,East Derbyshire,A-F,Goods,2018,1253
TLF12,East Derbyshire,G-T,Services,2018,4462
TLM81,"East Dunbartonshire, West Dunbartonshire, and Helensburgh and Lomond",A-F,Goods,2018,679
TLM81,"East Dunbartonshire, West Dunbartonshire, and Helensburgh and Lomond",G-T,Services,2018,3153
TLJ44,East Kent,A-F,Goods,2018,1710
TLJ44,East Kent,G-T,Services,2018,8361
TLD46,East Lancashire,A-F,Goods,2018,2138
TLD46,East Lancashire,G-T,Services,2018,3984
TLM73,East Lothian and Midlothian,A-F,Goods,2018,797
TLM73,East Lothian and Midlothian,G-T,Services,2018,2508
TLD71,East Merseyside,A-F,Goods,2018,3516
TLD71,East Merseyside,G-T,Services,2018,6807
TLE12,East Riding of Yorkshire,A-F,Goods,2018,2208
TLE12,East Riding of Yorkshire,G-T,Services,2018,4620
TLJ26,East Surrey,A-F,Goods,2018,1850
TLJ26,East Surrey,G-T,Services,2018,11616
TLJ22,East Sussex CC,A-F,Goods,2018,1750
TLJ22,East Sussex CC,G-T,Services,2018,7207
TLI54,Enfield,A-F,Goods,2018,1671
TLI54,Enfield,G-T,Services,2018,5851
TLH34,Essex Haven Gateway,A-F,Goods,2018,2206
TLH34,Essex Haven Gateway,G-T,Services,2018,7934
TLH37,Essex Thames Gateway,A-F,Goods,2018,1824
TLH37,Essex Thames Gateway,G-T,Services,2018,6123
TLM76,Falkirk,A-F,Goods,2018,1100
TLM76,Falkirk,G-T,Services,2018,2714
TLN0G,Fermanagh and Omagh,A-F,Goods,2018,756
TLN0G,Fermanagh and Omagh,G-T,Services,2018,1421
TLL23,Flintshire and Wrexham,A-F,Goods,2018,3834
TLL23,Flintshire and Wrexham,G-T,Services,2018,3749
TLM82,Glasgow City,A-F,Goods,2018,3084
TLM82,Glasgow City,G-T,Services,2018,17992
TLK13,Gloucestershire CC,A-F,Goods,2018,4612
TLK13,Gloucestershire CC,G-T,Services,2018,12979
TLD37,Greater Manchester North East,A-F,Goods,2018,2798
TLD37,Greater Manchester North East,G-T,Services,2018,7921
TLD36,Greater Manchester North West,A-F,Goods,2018,2776
TLD36,Greater Manchester North West,G-T,Services,2018,8224
TLD35,Greater Manchester South East,A-F,Goods,2018,2165
TLD35,Greater Manchester South East,G-T,Services,2018,8018
TLD34,Greater Manchester South West,A-F,Goods,2018,3634
TLD34,Greater Manchester South West,G-T,Services,2018,13164
TLL16,Gwent Valleys,A-F,Goods,2018,2003
TLL16,Gwent Valleys,G-T,Services,2018,3313
TLL12,Gwynedd,A-F,Goods,2018,592
TLL12,Gwynedd,G-T,Services,2018,1797
TLI41,Hackney and Newham,A-F,Goods,2018,1655
TLI41,Hackney and Newham,G-T,Services,2018,12636
TLI43,Haringey and Islington,A-F,Goods,2018,1589
TLI43,Haringey and Islington,G-T,Services,2018,22248
TLI74,Harrow and Hillingdon,A-F,Goods,2018,2958
TLI74,Harrow and Hillingdon,G-T,Services,2018,16368
TLC11,Hartlepool and Stockton-on-Tees,A-F,Goods,2018,1671
TLC11,Hartlepool and Stockton-on-Tees,G-T,Services,2018,4583
TLH36,Heart of Essex,A-F,Goods,2018,2915
TLH36,Heart of Essex,G-T,Services,2018,6426
TLG11,"Herefordshire, County of",A-F,Goods,2018,1293
TLG11,"Herefordshire, County of",G-T,Services,2018,2601
TLH23,Hertfordshire CC,A-F,Goods,2018,8596
TLH23,Hertfordshire CC,G-T,Services,2018,30994
TLI75,Hounslow and Richmond upon Thames,A-F,Goods,2018,1834
TLI75,Hounslow and Richmond upon Thames,G-T,Services,2018,21956
TLM83,"Inverclyde, East Renfrewshire, and Renfrewshire",A-F,Goods,2018,1300
TLM83,"Inverclyde, East Renfrewshire, and Renfrewshire",G-T,Services,2018,5327
TLM62,"Inverness and Nairn, Moray, Badenoch and Strathspey",A-F,Goods,2018,1951
TLM62,"Inverness and Nairn, Moray, Badenoch and Strathspey",G-T,Services,2018,3592
TLL11,Isle of Anglesey,A-F,Goods,2018,274
TLL11,Isle of Anglesey,G-T,Services,2018,808
TLJ34,Isle of Wight,A-F,Goods,2018,435
TLJ34,Isle of Wight,G-T,Services,2018,2016
TLI33,Kensington & Chelsea and Hammersmith & Fulham,A-F,Goods,2018,866
TLI33,Kensington & Chelsea and Hammersmith & Fulham,G-T,Services,2018,20476
TLJ43,Kent Thames Gateway,A-F,Goods,2018,2560
TLJ43,Kent Thames Gateway,G-T,Services,2018,5689
TLE11,"Kingston upon Hull, City of",A-F,Goods,2018,2029
TLE11,"Kingston upon Hull, City of",G-T,Services,2018,3910
TLI45,Lambeth,A-F,Goods,2018,694
TLI45,Lambeth,G-T,Services,2018,12088
TLD44,Lancaster and Wyre,A-F,Goods,2018,1202
TLD44,Lancaster and Wyre,G-T,Services,2018,3172
TLE42,Leeds,A-F,Goods,2018,4439
TLE42,Leeds,G-T,Services,2018,22043
TLF21,Leicester,A-F,Goods,2018,1800
TLF21,Leicester,G-T,Services,2018,6820
TLF22,Leicestershire CC and Rutland,A-F,Goods,2018,6114
TLF22,Leicestershire CC and Rutland,G-T,Services,2018,11963
TLI44,Lewisham and Southwark,A-F,Goods,2018,1550
TLI44,Lewisham and Southwark,G-T,Services,2018,22237
TLF30,Lincolnshire CC,A-F,Goods,2018,4715
TLF30,Lincolnshire CC,G-T,Services,2018,10523
TLN0E,Lisburn and Castlereagh,A-F,Goods,2018,827
TLN0E,Lisburn and Castlereagh,G-T,Services,2018,2383
TLD72,Liverpool,A-F,Goods,2018,1678
TLD72,Liverpool,G-T,Services,2018,11279
TLM63,"Lochaber, Skye and Lochalsh, Arran and Cumbrae, and Argyll and Bute",A-F,Goods,2018,692
TLM63,"Lochaber, Skye and Lochalsh, Arran and Cumbrae, and Argyll and Bute",G-T,Services,2018,1705
TLH21,Luton,A-F,Goods,2018,1432
TLH21,Luton,G-T,Services,2018,4477
TLD33,Manchester,A-F,Goods,2018,1996
TLD33,Manchester,G-T,Services,2018,21480
TLJ41,Medway,A-F,Goods,2018,1491
TLJ41,Medway,G-T,Services,2018,4000
TLI63,"Merton, Kingston upon Thames and Sutton",A-F,Goods,2018,1696
TLI63,"Merton, Kingston upon Thames and Sutton",G-T,Services,2018,12986
TLJ45,Mid Kent,A-F,Goods,2018,1567
TLJ45,Mid Kent,G-T,Services,2018,5609
TLD45,Mid Lancashire,A-F,Goods,2018,4226
TLD45,Mid Lancashire,G-T,Services,2018,8035
TLN0B,Mid Ulster,A-F,Goods,2018,1791
TLN0B,Mid Ulster,G-T,Services,2018,1596
TLN0F,Mid and East Antrim,A-F,Goods,2018,826
TLN0F,Mid and East Antrim,G-T,Services,2018,1530
TLJ12,Milton Keynes,A-F,Goods,2018,1737
TLJ12,Milton Keynes,G-T,Services,2018,11774
TLL21,Monmouthshire and Newport,A-F,Goods,2018,1574
TLL21,Monmouthshire and Newport,G-T,Services,2018,4475
TLM64,Na h-Eileanan Siar,A-F,Goods,2018,100
TLM64,Na h-Eileanan Siar,G-T,Services,2018,424
TLN08,"Newry, Mourne and Down",A-F,Goods,2018,1054
TLN08,"Newry, Mourne and Down",G-T,Services,2018,1961
TLJ37,North Hampshire,A-F,Goods,2018,2565
TLJ37,North Hampshire,G-T,Services,2018,12503
TLM84,North Lanarkshire,A-F,Goods,2018,2491
TLM84,North Lanarkshire,G-T,Services,2018,5410
TLF25,North Northamptonshire,A-F,Goods,2018,2082
TLF25,North Northamptonshire,G-T,Services,2018,4761
TLF15,North Nottinghamshire,A-F,Goods,2018,2867
TLF15,North Nottinghamshire,G-T,Services,2018,6011
TLE22,North Yorkshire CC,A-F,Goods,2018,3935
TLE22,North Yorkshire CC,G-T,Services,2018,10565
TLE13,North and North East Lincolnshire,A-F,Goods,2018,3151
TLE13,North and North East Lincolnshire,G-T,Services,2018,4200
TLH16,North and West Norfolk,A-F,Goods,2018,1449
TLH16,North and West Norfolk,G-T,Services,2018,3059
TLC21,Northumberland,A-F,Goods,2018,1678
TLC21,Northumberland,G-T,Services,2018,3356
TLH15,Norwich and East Norfolk,A-F,Goods,2018,1485
TLH15,Norwich and East Norfolk,G-T,Services,2018,7251
TLF14,Nottingham,A-F,Goods,2018,1371
TLF14,Nottingham,G-T,Services,2018,8953
TLM65,Orkney Islands,A-F,Goods,2018,135
TLM65,Orkney Islands,G-T,Services,2018,380
TLJ14,Oxfordshire CC,A-F,Goods,2018,4244
TLJ14,Oxfordshire CC,G-T,Services,2018,17815
TLM77,"Perth and Kinross, and Stirling",A-F,Goods,2018,2163
TLM77,"Perth and Kinross, and Stirling",G-T,Services,2018,4451
TLH11,Peterborough,A-F,Goods,2018,1411
TLH11,Peterborough,G-T,Services,2018,5371
TLK41,Plymouth,A-F,Goods,2018,1392
TLK41,Plymouth,G-T,Services,2018,4332
TLJ31,Portsmouth,A-F,Goods,2018,1238
TLJ31,Portsmouth,G-T,Services,2018,4691
TLL24,Powys,A-F,Goods,2018,594
TLL24,Powys,G-T,Services,2018,1654
TLI53,Redbridge and Waltham Forest,A-F,Goods,2018,1138
TLI53,Redbridge and Waltham Forest,G-T,Services,2018,7998
TLG37,Sandwell,A-F,Goods,2018,2087
TLG37,Sandwell,G-T,Services,2018,4474
TLM91,Scottish Borders,A-F,Goods,2018,695
TLM91,Scottish Borders,G-T,Services,2018,1673
TLD73,Sefton,A-F,Goods,2018,461
TLD73,Sefton,G-T,Services,2018,3646
TLE32,Sheffield,A-F,Goods,2018,1983
TLE32,Sheffield,G-T,Services,2018,10588
TLM66,Shetland Islands,A-F,Goods,2018,261
TLM66,Shetland Islands,G-T,Services,2018,494
TLG22,Shropshire CC,A-F,Goods,2018,1776
TLG22,Shropshire CC,G-T,Services,2018,4525
TLG32,Solihull,A-F,Goods,2018,2615
TLG32,Solihull,G-T,Services,2018,6786
TLK23,Somerset CC,A-F,Goods,2018,3529
TLK23,Somerset CC,G-T,Services,2018,8506
TLM94,South Ayrshire,A-F,Goods,2018,725
TLM94,South Ayrshire,G-T,Services,2018,1699
TLJ35,South Hampshire,A-F,Goods,2018,2658
TLJ35,South Hampshire,G-T,Services,2018,7918
TLM95,South Lanarkshire,A-F,Goods,2018,2012
TLM95,South Lanarkshire,G-T,Services,2018,4729
TLF16,South Nottinghamshire,A-F,Goods,2018,1697
TLF16,South Nottinghamshire,G-T,Services,2018,4648
TLC12,South Teesside,A-F,Goods,2018,976
TLC12,South Teesside,G-T,Services,2018,3776
TLL14,South West Wales,A-F,Goods,2018,2168
TLL14,South West Wales,G-T,Services,2018,4708
TLF13,South and West Derbyshire,A-F,Goods,2018,4069
TLF13,South and West Derbyshire,G-T,Services,2018,5952
TLJ32,Southampton,A-F,Goods,2018,1607
TLJ32,Southampton,G-T,Services,2018,6951
TLH31,Southend-on-Sea,A-F,Goods,2018,540
TLH31,Southend-on-Sea,G-T,Services,2018,2611
TLG24,Staffordshire CC,A-F,Goods,2018,5232
TLG24,Staffordshire CC,G-T,Services,2018,13147
TLG23,Stoke-on-Trent,A-F,Goods,2018,1216
TLG23,Stoke-on-Trent,G-T,Services,2018,4403
TLH14,Suffolk CC,A-F,Goods,2018,4837
TLH14,Suffolk CC,G-T,Services,2018,13565
TLC23,Sunderland,A-F,Goods,2018,2454
TLC23,Sunderland,G-T,Services,2018,4337
TLL18,Swansea,A-F,Goods,2018,679
TLL18,Swansea,G-T,Services,2018,4858
TLK14,Swindon,A-F,Goods,2018,2760
TLK14,Swindon,G-T,Services,2018,7058
TLG21,Telford and Wrekin,A-F,Goods,2018,1291
TLG21,Telford and Wrekin,G-T,Services,2018,3128
TLH32,Thurrock,A-F,Goods,2018,947
TLH32,Thurrock,G-T,Services,2018,3292
TLK42,Torbay,A-F,Goods,2018,204
TLK42,Torbay,G-T,Services,2018,1635
TLI42,Tower Hamlets,A-F,Goods,2018,1907
TLI42,Tower Hamlets,G-T,Services,2018,34206
TLC22,Tyneside,A-F,Goods,2018,3218
TLC22,Tyneside,G-T,Services,2018,16314
TLE45,Wakefield,A-F,Goods,2018,2286
TLE45,Wakefield,G-T,Services,2018,5260
TLG38,Walsall,A-F,Goods,2018,1105
TLG38,Walsall,G-T,Services,2018,3597
TLI34,Wandsworth,A-F,Goods,2018,433
TLI34,Wandsworth,G-T,Services,2018,7012
TLD61,Warrington,A-F,Goods,2018,1894
TLD61,Warrington,G-T,Services,2018,5718
TLG13,Warwickshire CC,A-F,Goods,2018,6930
TLG13,Warwickshire CC,G-T,Services,2018,12418
TLD11,West Cumbria,A-F,Goods,2018,2114
TLD11,West Cumbria,G-T,Services,2018,2818
TLH35,West Essex,A-F,Goods,2018,1946
TLH35,West Essex,G-T,Services,2018,6688
TLJ46,West Kent,A-F,Goods,2018,2322
TLJ46,West Kent,G-T,Services,2018,9619
TLM78,West Lothian,A-F,Goods,2018,1245
TLM78,West Lothian,G-T,Services,2018,3439
TLF24,West Northamptonshire,A-F,Goods,2018,2945
TLF24,West Northamptonshire,G-T,Services,2018,9296
TLJ25,West Surrey,A-F,Goods,2018,5101
TLJ25,West Surrey,G-T,Services,2018,25515
TLJ28,West Sussex (North East),A-F,Goods,2018,2683
TLJ28,West Sussex (North East),G-T,Services,2018,9896
TLJ27,West Sussex (South West),A-F,Goods,2018,3360
TLJ27,West Sussex (South West),G-T,Services,2018,7371
TLI32,Westminster,A-F,Goods,2018,3101
TLI32,Westminster,G-T,Services,2018,68974
TLK15,Wiltshire,A-F,Goods,2018,2447
TLK15,Wiltshire,G-T,Services,2018,9379
TLD74,Wirral,A-F,Goods,2018,970
TLD74,Wirral,G-T,Services,2018,3953
TLG39,Wolverhampton,A-F,Goods,2018,1217
TLG39,Wolverhampton,G-T,Services,2018,3908
TLG12,Worcestershire CC,A-F,Goods,2018,3649
TLG12,Worcestershire CC,G-T,Services,2018,10398
TLE21,York,A-F,Goods,2018,853
TLE21,York,G-T,Services,2018,5513
TLM50,Aberdeen City and Aberdeenshire,A-F,Goods,2019,5313
TLM50,Aberdeen City and Aberdeenshire,G-T,Services,2019,11619
TLM71,Angus and Dundee City,A-F,Goods,2019,1471
TLM71,Angus and Dundee City,G-T,Services,2019,4278
TLN0D,Antrim and Newtownabbey,A-F,Goods,2019,978
TLN0D,Antrim and Newtownabbey,G-T,Services,2019,2416
TLN09,Ards and North Down,A-F,Goods,2019,359
TLN09,Ards and North Down,G-T,Services,2019,1881
TLN07,"Armagh City, Banbridge and Craigavon",A-F,Goods,2019,1406
TLN07,"Armagh City, Banbridge and Craigavon",G-T,Services,2019,2713
TLI52,Barking & Dagenham and Havering,A-F,Goods,2019,2246
TLI52,Barking & Dagenham and Havering,G-T,Services,2019,7097
TLI71,Barnet,A-F,Goods,2019,1189
TLI71,Barnet,G-T,Services,2019,7633
TLE31,"Barnsley, Doncaster and Rotherham",A-F,Goods,2019,4254
TLE31,"Barnsley, Doncaster and Rotherham",G-T,Services,2019,10185
TLK12,"Bath and North East Somerset, North Somerset and South Gloucestershire",A-F,Goods,2019,4520
TLK12,"Bath and North East Somerset, North Somerset and South Gloucestershire",G-T,Services,2019,16425
TLH24,Bedford,A-F,Goods,2019,1032
TLH24,Bedford,G-T,Services,2019,3266
TLN06,Belfast,A-F,Goods,2019,1861
TLN06,Belfast,G-T,Services,2019,11854
TLJ11,Berkshire,A-F,Goods,2019,7913
TLJ11,Berkshire,G-T,Services,2019,38595
TLI51,Bexley and Greenwich,A-F,Goods,2019,2400
TLI51,Bexley and Greenwich,G-T,Services,2019,9847
TLG31,Birmingham,A-F,Goods,2019,4347
TLG31,Birmingham,G-T,Services,2019,23990
TLD41,Blackburn with Darwen,A-F,Goods,2019,800
TLD41,Blackburn with Darwen,G-T,Services,2019,2342
TLD42,Blackpool,A-F,Goods,2019,298
TLD42,Blackpool,G-T,Services,2019,2545
TLK24,"Bournemouth, Christchurch and Poole",A-F,Goods,2019,1871
TLK24,"Bournemouth, Christchurch and Poole",G-T,Services,2019,8955
TLE41,Bradford,A-F,Goods,2019,2314
TLE41,Bradford,G-T,Services,2019,7400
TLH17,Breckland and South Norfolk,A-F,Goods,2019,1407
TLH17,Breckland and South Norfolk,G-T,Services,2019,3858
TLI72,Brent,A-F,Goods,2019,1824
TLI72,Brent,G-T,Services,2019,7151
TLL17,Bridgend and Neath Port Talbot,A-F,Goods,2019,1911
TLL17,Bridgend and Neath Port Talbot,G-T,Services,2019,3995
TLJ21,Brighton and Hove,A-F,Goods,2019,917
TLJ21,Brighton and Hove,G-T,Services,2019,7968
TLK11,"Bristol, City of",A-F,Goods,2019,1912
TLK11,"Bristol, City of",G-T,Services,2019,13997
TLI61,Bromley,A-F,Goods,2019,1145
TLI61,Bromley,G-T,Services,2019,6592
TLJ13,Buckinghamshire CC,A-F,Goods,2019,3149
TLJ13,Buckinghamshire CC,G-T,Services,2019,12995
TLM61,"Caithness and Sutherland, and Ross and Cromarty",A-F,Goods,2019,636
TLM61,"Caithness and Sutherland, and Ross and Cromarty",G-T,Services,2019,1487
TLE44,Calderdale and Kirklees,A-F,Goods,2019,3606
TLE44,Calderdale and Kirklees,G-T,Services,2019,9170
TLH12,Cambridgeshire CC,A-F,Goods,2019,4967
TLH12,Cambridgeshire CC,G-T,Services,2019,15793
TLI31,Camden and City of London,A-F,Goods,2019,3651
TLI31,Camden and City of London,G-T,Services,2019,108932
TLL22,Cardiff and Vale of Glamorgan,A-F,Goods,2019,2815
TLL22,Cardiff and Vale of Glamorgan,G-T,Services,2019,11678
TLN0C,Causeway Coast and Glens,A-F,Goods,2019,608
TLN0C,Causeway Coast and Glens,G-T,Services,2019,1637
TLH25,Central Bedfordshire,A-F,Goods,2019,1431
TLH25,Central Bedfordshire,G-T,Services,2019,4587
TLJ36,Central Hampshire,A-F,Goods,2019,3715
TLJ36,Central Hampshire,G-T,Services,2019,12706
TLL15,Central Valleys,A-F,Goods,2019,1768
TLL15,Central Valleys,G-T,Services,2019,3522
TLD62,Cheshire East,A-F,Goods,2019,4756
TLD62,Cheshire East,G-T,Services,2019,9489
TLD63,Cheshire West and Chester,A-F,Goods,2019,2994
TLD63,Cheshire West and Chester,G-T,Services,2019,8310
TLD47,Chorley and West Lancashire,A-F,Goods,2019,1132
TLD47,Chorley and West Lancashire,G-T,Services,2019,3769
TLM75,City of Edinburgh,A-F,Goods,2019,2416
TLM75,City of Edinburgh,G-T,Services,2019,23343
TLM72,Clackmannanshire and Fife,A-F,Goods,2019,2565
TLM72,Clackmannanshire and Fife,G-T,Services,2019,5856
TLL13,Conwy and Denbighshire,A-F,Goods,2019,849
TLL13,Conwy and Denbighshire,G-T,Services,2019,2901
TLK30,Cornwall and Isles of Scilly,A-F,Goods,2019,2839
TLK30,Cornwall and Isles of Scilly,G-T,Services,2019,8645
TLG33,Coventry,A-F,Goods,2019,2775
TLG33,Coventry,G-T,Services,2019,7407
TLI62,Croydon,A-F,Goods,2019,929
TLI62,Croydon,G-T,Services,2019,9093
TLC13,Darlington,A-F,Goods,2019,487
TLC13,Darlington,G-T,Services,2019,2008
TLF11,Derby,A-F,Goods,2019,2559
TLF11,Derby,G-T,Services,2019,4897
TLN0A,Derry City and Strabane,A-F,Goods,2019,813
TLN0A,Derry City and Strabane,G-T,Services,2019,2141
TLK43,Devon CC,A-F,Goods,2019,4360
TLK43,Devon CC,G-T,Services,2019,13854
TLK25,Dorset,A-F,Goods,2019,2133
TLK25,Dorset,G-T,Services,2019,6069
TLG36,Dudley,A-F,Goods,2019,1472
TLG36,Dudley,G-T,Services,2019,3801
TLM92,Dumfries and Galloway,A-F,Goods,2019,1039
TLM92,Dumfries and Galloway,G-T,Services,2019,2520
TLC14,Durham CC,A-F,Goods,2019,3364
TLC14,Durham CC,G-T,Services,2019,5686
TLI73,Ealing,A-F,Goods,2019,1753
TLI73,Ealing,G-T,Services,2019,7550
TLM93,East Ayrshire and North Ayrshire mainland,A-F,Goods,2019,1302
TLM93,East Ayrshire and North Ayrshire mainland,G-T,Services,2019,2776
TLD12,East Cumbria,A-F,Goods,2019,1989
TLD12,East Cumbria,G-T,Services,2019,5370
TLF12,East Derbyshire,A-F,Goods,2019,1334
TLF12,East Derbyshire,G-T,Services,2019,4548
TLM81,"East Dunbartonshire, West Dunbartonshire, and Helensburgh and Lomond",A-F,Goods,2019,690
TLM81,"East Dunbartonshire, West Dunbartonshire, and Helensburgh and Lomond",G-T,Services,2019,3283
TLJ44,East Kent,A-F,Goods,2019,1782
TLJ44,East Kent,G-T,Services,2019,8546
TLD46,East Lancashire,A-F,Goods,2019,2024
TLD46,East Lancashire,G-T,Services,2019,4200
TLM73,East Lothian and Midlothian,A-F,Goods,2019,787
TLM73,East Lothian and Midlothian,G-T,Services,2019,2662
TLD71,East Merseyside,A-F,Goods,2019,3572
TLD71,East Merseyside,G-T,Services,2019,7200
TLE12,East Riding of Yorkshire,A-F,Goods,2019,2254
TLE12,East Riding of Yorkshire,G-T,Services,2019,4876
TLJ26,East Surrey,A-F,Goods,2019,2078
TLJ26,East Surrey,G-T,Services,2019,11713
TLJ22,East Sussex CC,A-F,Goods,2019,1793
TLJ22,East Sussex CC,G-T,Services,2019,7551
TLI54,Enfield,A-F,Goods,2019,1771
TLI54,Enfield,G-T,Services,2019,6075
TLH34,Essex Haven Gateway,A-F,Goods,2019,2220
TLH34,Essex Haven Gateway,G-T,Services,2019,8008
TLH37,Essex Thames Gateway,A-F,Goods,2019,1847
TLH37,Essex Thames Gateway,G-T,Services,2019,6543
TLM76,Falkirk,A-F,Goods,2019,1063
TLM76,Falkirk,G-T,Services,2019,2932
TLN0G,Fermanagh and Omagh,A-F,Goods,2019,810
TLN0G,Fermanagh and Omagh,G-T,Services,2019,1485
TLL23,Flintshire and Wrexham,A-F,Goods,2019,3884
TLL23,Flintshire and Wrexham,G-T,Services,2019,3968
TLM82,Glasgow City,A-F,Goods,2019,3266
TLM82,Glasgow City,G-T,Services,2019,18983
TLK13,Gloucestershire CC,A-F,Goods,2019,4733
TLK13,Gloucestershire CC,G-T,Services,2019,14010
TLD37,Greater Manchester North East,A-F,Goods,2019,2780
TLD37,Greater Manchester North East,G-T,Services,2019,8513
TLD36,Greater Manchester North West,A-F,Goods,2019,2760
TLD36,Greater Manchester North West,G-T,Services,2019,8215
TLD35,Greater Manchester South East,A-F,Goods,2019,2066
TLD35,Greater Manchester South East,G-T,Services,2019,8225
TLD34,Greater Manchester South West,A-F,Goods,2019,3666
TLD34,Greater Manchester South West,G-T,Services,2019,13758
TLL16,Gwent Valleys,A-F,Goods,2019,2051
TLL16,Gwent Valleys,G-T,Services,2019,3535
TLL12,Gwynedd,A-F,Goods,2019,620
TLL12,Gwynedd,G-T,Services,2019,1844
TLI41,Hackney and Newham,A-F,Goods,2019,1777
TLI41,Hackney and Newham,G-T,Services,2019,14151
TLI43,Haringey and Islington,A-F,Goods,2019,1576
TLI43,Haringey and Islington,G-T,Services,2019,22688
TLI74,Harrow and Hillingdon,A-F,Goods,2019,2987
TLI74,Harrow and Hillingdon,G-T,Services,2019,16638
TLC11,Hartlepool and Stockton-on-Tees,A-F,Goods,2019,1789
TLC11,Hartlepool and Stockton-on-Tees,G-T,Services,2019,4780
TLH36,Heart of Essex,A-F,Goods,2019,2881
TLH36,Heart of Essex,G-T,Services,2019,6841
TLG11,"Herefordshire, County of",A-F,Goods,2019,1408
TLG11,"Herefordshire, County of",G-T,Services,2019,2641
TLH23,Hertfordshire CC,A-F,Goods,2019,8870
TLH23,Hertfordshire CC,G-T,Services,2019,32482
TLI75,Hounslow and Richmond upon Thames,A-F,Goods,2019,1919
TLI75,Hounslow and Richmond upon Thames,G-T,Services,2019,22521
TLM83,"Inverclyde, East Renfrewshire, and Renfrewshire",A-F,Goods,2019,1392
TLM83,"Inverclyde, East Renfrewshire, and Renfrewshire",G-T,Services,2019,5342
TLM62,"Inverness and Nairn, Moray, Badenoch and Strathspey",A-F,Goods,2019,1949
TLM62,"Inverness and Nairn, Moray, Badenoch and Strathspey",G-T,Services,2019,3690
TLL11,Isle of Anglesey,A-F,Goods,2019,310
TLL11,Isle of Anglesey,G-T,Services,2019,841
TLJ34,Isle of Wight,A-F,Goods,2019,510
TLJ34,Isle of Wight,G-T,Services,2019,2127
TLI33,Kensington & Chelsea and Hammersmith & Fulham,A-F,Goods,2019,935
TLI33,Kensington & Chelsea and Hammersmith & Fulham,G-T,Services,2019,20715
TLJ43,Kent Thames Gateway,A-F,Goods,2019,2796
TLJ43,Kent Thames Gateway,G-T,Services,2019,6002
TLE11,"Kingston upon Hull, City of",A-F,Goods,2019,1984
TLE11,"Kingston upon Hull, City of",G-T,Services,2019,4054
TLI45,Lambeth,A-F,Goods,2019,772
TLI45,Lambeth,G-T,Services,2019,11890
TLD44,Lancaster and Wyre,A-F,Goods,2019,1281
TLD44,Lancaster and Wyre,G-T,Services,2019,3329
TLE42,Leeds,A-F,Goods,2019,4784
TLE42,Leeds,G-T,Services,2019,22621
TLF21,Leicester,A-F,Goods,2019,1842
TLF21,Leicester,G-T,Services,2019,7068
TLF22,Leicestershire CC and Rutland,A-F,Goods,2019,6190
TLF22,Leicestershire CC and Rutland,G-T,Services,2019,12184
TLI44,Lewisham and Southwark,A-F,Goods,2019,1554
TLI44,Lewisham and Southwark,G-T,Services,2019,23501
TLF30,Lincolnshire CC,A-F,Goods,2019,4794
TLF30,Lincolnshire CC,G-T,Services,2019,11182
TLN0E,Lisburn and Castlereagh,A-F,Goods,2019,953
TLN0E,Lisburn and Castlereagh,G-T,Services,2019,2493
TLD72,Liverpool,A-F,Goods,2019,1679
TLD72,Liverpool,G-T,Services,2019,12399
TLM63,"Lochaber, Skye and Lochalsh, Arran and Cumbrae, and Argyll and Bute",A-F,Goods,2019,764
TLM63,"Lochaber, Skye and Lochalsh, Arran and Cumbrae, and Argyll and Bute",G-T,Services,2019,1771
TLH21,Luton,A-F,Goods,2019,1321
TLH21,Luton,G-T,Services,2019,4814
TLD33,Manchester,A-F,Goods,2019,2049
TLD33,Manchester,G-T,Services,2019,23232
TLJ41,Medway,A-F,Goods,2019,1742
TLJ41,Medway,G-T,Services,2019,4160
TLI63,"Merton, Kingston upon Thames and Sutton",A-F,Goods,2019,1764
TLI63,"Merton, Kingston upon Thames and Sutton",G-T,Services,2019,13370
TLJ45,Mid Kent,A-F,Goods,2019,1677
TLJ45,Mid Kent,G-T,Services,2019,6068
TLD45,Mid Lancashire,A-F,Goods,2019,3985
TLD45,Mid Lancashire,G-T,Services,2019,8482
TLN0B,Mid Ulster,A-F,Goods,2019,1979
TLN0B,Mid Ulster,G-T,Services,2019,1699
TLN0F,Mid and East Antrim,A-F,Goods,2019,878
TLN0F,Mid and East Antrim,G-T,Services,2019,1614
TLJ12,Milton Keynes,A-F,Goods,2019,1856
TLJ12,Milton Keynes,G-T,Services,2019,12012
TLL21,Monmouthshire and Newport,A-F,Goods,2019,1583
TLL21,Monmouthshire and Newport,G-T,Services,2019,4648
TLM64,Na h-Eileanan Siar,A-F,Goods,2019,124
TLM64,Na h-Eileanan Siar,G-T,Services,2019,442
TLN08,"Newry, Mourne and Down",A-F,Goods,2019,1081
TLN08,"Newry, Mourne and Down",G-T,Services,2019,2158
TLJ37,North Hampshire,A-F,Goods,2019,2525
TLJ37,North Hampshire,G-T,Services,2019,14098
TLM84,North Lanarkshire,A-F,Goods,2019,2639
TLM84,North Lanarkshire,G-T,Services,2019,5635
TLF25,North Northamptonshire,A-F,Goods,2019,2231
TLF25,North Northamptonshire,G-T,Services,2019,4842
TLF15,North Nottinghamshire,A-F,Goods,2019,3084
TLF15,North Nottinghamshire,G-T,Services,2019,6188
TLE22,North Yorkshire CC,A-F,Goods,2019,4173
TLE22,North Yorkshire CC,G-T,Services,2019,11017
TLE13,North and North East Lincolnshire,A-F,Goods,2019,3958
TLE13,North and North East Lincolnshire,G-T,Services,2019,4326
TLH16,North and West Norfolk,A-F,Goods,2019,1494
TLH16,North and West Norfolk,G-T,Services,2019,3159
TLC21,Northumberland,A-F,Goods,2019,1795
TLC21,Northumberland,G-T,Services,2019,3563
TLH15,Norwich and East Norfolk,A-F,Goods,2019,1586
TLH15,Norwich and East Norfolk,G-T,Services,2019,8357
TLF14,Nottingham,A-F,Goods,2019,1383
TLF14,Nottingham,G-T,Services,2019,9121
TLM65,Orkney Islands,A-F,Goods,2019,160
TLM65,Orkney Islands,G-T,Services,2019,394
TLJ14,Oxfordshire CC,A-F,Goods,2019,4625
TLJ14,Oxfordshire CC,G-T,Services,2019,18965
TLM77,"Perth and Kinross, and Stirling",A-F,Goods,2019,2269
TLM77,"Perth and Kinross, and Stirling",G-T,Services,2019,4674
TLH11,Peterborough,A-F,Goods,2019,1468
TLH11,Peterborough,G-T,Services,2019,4981
TLK41,Plymouth,A-F,Goods,2019,1478
TLK41,Plymouth,G-T,Services,2019,4395
TLJ31,Portsmouth,A-F,Goods,2019,1366
TLJ31,Portsmouth,G-T,Services,2019,5071
TLL24,Powys,A-F,Goods,2019,563
TLL24,Powys,G-T,Services,2019,1705
TLI53,Redbridge and Waltham Forest,A-F,Goods,2019,1097
TLI53,Redbridge and Waltham Forest,G-T,Services,2019,8199
TLG37,Sandwell,A-F,Goods,2019,2130
TLG37,Sandwell,G-T,Services,2019,4261
TLM91,Scottish Borders,A-F,Goods,2019,714
TLM91,Scottish Borders,G-T,Services,2019,1709
TLD73,Sefton,A-F,Goods,2019,500
TLD73,Sefton,G-T,Services,2019,3674
TLE32,Sheffield,A-F,Goods,2019,2069
TLE32,Sheffield,G-T,Services,2019,11076
TLM66,Shetland Islands,A-F,Goods,2019,293
TLM66,Shetland Islands,G-T,Services,2019,517
TLG22,Shropshire CC,A-F,Goods,2019,1684
TLG22,Shropshire CC,G-T,Services,2019,4652
TLG32,Solihull,A-F,Goods,2019,2488
TLG32,Solihull,G-T,Services,2019,7178
TLK23,Somerset CC,A-F,Goods,2019,3578
TLK23,Somerset CC,G-T,Services,2019,8730
TLM94,South Ayrshire,A-F,Goods,2019,678
TLM94,South Ayrshire,G-T,Services,2019,1768
TLJ35,South Hampshire,A-F,Goods,2019,2829
TLJ35,South Hampshire,G-T,Services,2019,8215
TLM95,South Lanarkshire,A-F,Goods,2019,2040
TLM95,South Lanarkshire,G-T,Services,2019,4841
TLF16,South Nottinghamshire,A-F,Goods,2019,1845
TLF16,South Nottinghamshire,G-T,Services,2019,4699
TLC12,South Teesside,A-F,Goods,2019,940
TLC12,South Teesside,G-T,Services,2019,3864
TLL14,South West Wales,A-F,Goods,2019,2392
TLL14,South West Wales,G-T,Services,2019,4943
TLF13,South and West Derbyshire,A-F,Goods,2019,4588
TLF13,South and West Derbyshire,G-T,Services,2019,6143
TLJ32,Southampton,A-F,Goods,2019,1954
TLJ32,Southampton,G-T,Services,2019,6901
TLH31,Southend-on-Sea,A-F,Goods,2019,508
TLH31,Southend-on-Sea,G-T,Services,2019,2572
TLG24,Staffordshire CC,A-F,Goods,2019,5293
TLG24,Staffordshire CC,G-T,Services,2019,13638
TLG23,Stoke-on-Trent,A-F,Goods,2019,1245
TLG23,Stoke-on-Trent,G-T,Services,2019,4546
TLH14,Suffolk CC,A-F,Goods,2019,5129
TLH14,Suffolk CC,G-T,Services,2019,14317
TLC23,Sunderland,A-F,Goods,2019,2789
TLC23,Sunderland,G-T,Services,2019,4414
TLL18,Swansea,A-F,Goods,2019,686
TLL18,Swansea,G-T,Services,2019,5028
TLK14,Swindon,A-F,Goods,2019,2987
TLK14,Swindon,G-T,Services,2019,7188
TLG21,Telford and Wrekin,A-F,Goods,2019,1417
TLG21,Telford and Wrekin,G-T,Services,2019,3234
TLH32,Thurrock,A-F,Goods,2019,978
TLH32,Thurrock,G-T,Services,2019,3375
TLK42,Torbay,A-F,Goods,2019,210
TLK42,Torbay,G-T,Services,2019,1722
TLI42,Tower Hamlets,A-F,Goods,2019,1758
TLI42,Tower Hamlets,G-T,Services,2019,33960
TLC22,Tyneside,A-F,Goods,2019,3412
TLC22,Tyneside,G-T,Services,2019,17037
TLE45,Wakefield,A-F,Goods,2019,2281
TLE45,Wakefield,G-T,Services,2019,5631
TLG38,Walsall,A-F,Goods,2019,1128
TLG38,Walsall,G-T,Services,2019,3538
TLI34,Wandsworth,A-F,Goods,2019,453
TLI34,Wandsworth,G-T,Services,2019,7013
TLD61,Warrington,A-F,Goods,2019,1941
TLD61,Warrington,G-T,Services,2019,6196
TLG13,Warwickshire CC,A-F,Goods,2019,6854
TLG13,Warwickshire CC,G-T,Services,2019,12625
TLD11,West Cumbria,A-F,Goods,2019,2055
TLD11,West Cumbria,G-T,Services,2019,3002
TLH35,West Essex,A-F,Goods,2019,1941
TLH35,West Essex,G-T,Services,2019,6687
TLJ46,West Kent,A-F,Goods,2019,2449
TLJ46,West Kent,G-T,Services,2019,10064
TLM78,West Lothian,A-F,Goods,2019,1242
TLM78,West Lothian,G-T,Services,2019,3566
TLF24,West Northamptonshire,A-F,Goods,2019,3209
TLF24,West Northamptonshire,G-T,Services,2019,9434
TLJ25,West Surrey,A-F,Goods,2019,5544
TLJ25,West Surrey,G-T,Services,2019,27099
TLJ28,West Sussex (North East),A-F,Goods,2019,2669
TLJ28,West Sussex (North East),G-T,Services,2019,10314
TLJ27,West Sussex (South West),A-F,Goods,2019,3483
TLJ27,West Sussex (South West),G-T,Services,2019,7672
TLI32,Westminster,A-F,Goods,2019,3238
TLI32,Westminster,G-T,Services,2019,72314
TLK15,Wiltshire,A-F,Goods,2019,2636
TLK15,Wiltshire,G-T,Services,2019,9606
TLD74,Wirral,A-F,Goods,2019,1054
TLD74,Wirral,G-T,Services,2019,4173
TLG39,Wolverhampton,A-F,Goods,2019,1307
TLG39,Wolverhampton,G-T,Services,2019,3949
TLG12,Worcestershire CC,A-F,Goods,2019,3780
TLG12,Worcestershire CC,G-T,Services,2019,10642
TLE21,York,A-F,Goods,2019,842
TLE21,York,G-T,Services,2019,5577
TLM50,Aberdeen City and Aberdeenshire,A-F,Goods,2020,4662
TLM50,Aberdeen City and Aberdeenshire,G-T,Services,2020,10721
TLM71,Angus and Dundee City,A-F,Goods,2020,1265
TLM71,Angus and Dundee City,G-T,Services,2020,4135
TLN0D,Antrim and Newtownabbey,A-F,Goods,2020,987
TLN0D,Antrim and Newtownabbey,G-T,Services,2020,2422
TLN09,Ards and North Down,A-F,Goods,2020,304
TLN09,Ards and North Down,G-T,Services,2020,1847
TLN07,"Armagh City, Banbridge and Craigavon",A-F,Goods,2020,1252
TLN07,"Armagh City, Banbridge and Craigavon",G-T,Services,2020,2691
TLI52,Barking & Dagenham and Havering,A-F,Goods,2020,1768
TLI52,Barking & Dagenham and Havering,G-T,Services,2020,6427
TLI71,Barnet,A-F,Goods,2020,1031
TLI71,Barnet,G-T,Services,2020,7350
TLE31,"Barnsley, Doncaster and Rotherham",A-F,Goods,2020,4047
TLE31,"Barnsley, Doncaster and Rotherham",G-T,Services,2020,10217
TLK12,"Bath and North East Somerset, North Somerset and South Gloucestershire",A-F,Goods,2020,4347
TLK12,"Bath and North East Somerset, North Somerset and South Gloucestershire",G-T,Services,2020,16141
TLH24,Bedford,A-F,Goods,2020,834
TLH24,Bedford,G-T,Services,2020,3086
TLN06,Belfast,A-F,Goods,2020,1683
TLN06,Belfast,G-T,Services,2020,11384
TLJ11,Berkshire,A-F,Goods,2020,8032
TLJ11,Berkshire,G-T,Services,2020,39203
TLI51,Bexley and Greenwich,A-F,Goods,2020,1946
TLI51,Bexley and Greenwich,G-T,Services,2020,8657
TLG31,Birmingham,A-F,Goods,2020,3917
TLG31,Birmingham,G-T,Services,2020,22953
TLD41,Blackburn with Darwen,A-F,Goods,2020,812
TLD41,Blackburn with Darwen,G-T,Services,2020,2281
TLD42,Blackpool,A-F,Goods,2020,282
TLD42,Blackpool,G-T,Services,2020,2380
TLK24,"Bournemouth, Christchurch and Poole",A-F,Goods,2020,1710
TLK24,"Bournemouth, Christchurch and Poole",G-T,Services,2020,8662
TLE41,Bradford,A-F,Goods,2020,2206
TLE41,Bradford,G-T,Services,2020,7455
TLH17,Breckland and South Norfolk,A-F,Goods,2020,1404
TLH17,Breckland and South Norfolk,G-T,Services,2020,3889
TLI72,Brent,A-F,Goods,2020,1593
TLI72,Brent,G-T,Services,2020,6596
TLL17,Bridgend and Neath Port Talbot,A-F,Goods,2020,1730
TLL17,Bridgend and Neath Port Talbot,G-T,Services,2020,3787
TLJ21,Brighton and Hove,A-F,Goods,2020,839
TLJ21,Brighton and Hove,G-T,Services,2020,7895
TLK11,"Bristol, City of",A-F,Goods,2020,1815
TLK11,"Bristol, City of",G-T,Services,2020,13554
TLI61,Bromley,A-F,Goods,2020,1039
TLI61,Bromley,G-T,Services,2020,5917
TLJ13,Buckinghamshire CC,A-F,Goods,2020,3359
TLJ13,Buckinghamshire CC,G-T,Services,2020,12499
TLM61,"Caithness and Sutherland, and Ross and Cromarty",A-F,Goods,2020,599
TLM61,"Caithness and Sutherland, and Ross and Cromarty",G-T,Services,2020,1464
TLE44,Calderdale and Kirklees,A-F,Goods,2020,3279
TLE44,Calderdale and Kirklees,G-T,Services,2020,8994
TLH12,Cambridgeshire CC,A-F,Goods,2020,4897
TLH12,Cambridgeshire CC,G-T,Services,2020,16033
TLI31,Camden and City of London,A-F,Goods,2020,3519
TLI31,Camden and City of London,G-T,Services,2020,107357
TLL22,Cardiff and Vale of Glamorgan,A-F,Goods,2020,2686
TLL22,Cardiff and Vale of Glamorgan,G-T,Services,2020,11475
TLN0C,Causeway Coast and Glens,A-F,Goods,2020,525
TLN0C,Causeway Coast and Glens,G-T,Services,2020,1608
TLH25,Central Bedfordshire,A-F,Goods,2020,1286
TLH25,Central Bedfordshire,G-T,Services,2020,4164
TLJ36,Central Hampshire,A-F,Goods,2020,3602
TLJ36,Central Hampshire,G-T,Services,2020,11860
TLL15,Central Valleys,A-F,Goods,2020,1648
TLL15,Central Valleys,G-T,Services,2020,3425
TLD62,Cheshire East,A-F,Goods,2020,4767
TLD62,Cheshire East,G-T,Services,2020,9081
TLD63,Cheshire West and Chester,A-F,Goods,2020,2588
TLD63,Cheshire West and Chester,G-T,Services,2020,7861
TLD47,Chorley and West Lancashire,A-F,Goods,2020,1150
TLD47,Chorley and West Lancashire,G-T,Services,2020,3542
TLM75,City of Edinburgh,A-F,Goods,2020,2337
TLM75,City of Edinburgh,G-T,Services,2020,21863
TLM72,Clackmannanshire and Fife,A-F,Goods,2020,2531
TLM72,Clackmannanshire and Fife,G-T,Services,2020,5696
TLL13,Conwy and Denbighshire,A-F,Goods,2020,809
TLL13,Conwy and Denbighshire,G-T,Services,2020,2813
TLK30,Cornwall and Isles of Scilly,A-F,Goods,2020,2845
TLK30,Cornwall and Isles of Scilly,G-T,Services,2020,8105
TLG33,Coventry,A-F,Goods,2020,2119
TLG33,Coventry,G-T,Services,2020,7292
TLI62,Croydon,A-F,Goods,2020,828
TLI62,Croydon,G-T,Services,2020,8502
TLC13,Darlington,A-F,Goods,2020,372
TLC13,Darlington,G-T,Services,2020,1929
TLF11,Derby,A-F,Goods,2020,2880
TLF11,Derby,G-T,Services,2020,4871
TLN0A,Derry City and Strabane,A-F,Goods,2020,789
TLN0A,Derry City and Strabane,G-T,Services,2020,2176
TLK43,Devon CC,A-F,Goods,2020,3955
TLK43,Devon CC,G-T,Services,2020,13062
TLK25,Dorset,A-F,Goods,2020,2008
TLK25,Dorset,G-T,Services,2020,5847
TLG36,Dudley,A-F,Goods,2020,1342
TLG36,Dudley,G-T,Services,2020,3590
TLM92,Dumfries and Galloway,A-F,Goods,2020,1037
TLM92,Dumfries and Galloway,G-T,Services,2020,2360
TLC14,Durham CC,A-F,Goods,2020,3565
TLC14,Durham CC,G-T,Services,2020,5580
TLI73,Ealing,A-F,Goods,2020,1600
TLI73,Ealing,G-T,Services,2020,7240
TLM93,East Ayrshire and North Ayrshire mainland,A-F,Goods,2020,1276
TLM93,East Ayrshire and North Ayrshire mainland,G-T,Services,2020,2714
TLD12,East Cumbria,A-F,Goods,2020,1897
TLD12,East Cumbria,G-T,Services,2020,4805
TLF12,East Derbyshire,A-F,Goods,2020,1443
TLF12,East Derbyshire,G-T,Services,2020,4709
TLM81,"East Dunbartonshire, West Dunbartonshire, and Helensburgh and Lomond",A-F,Goods,2020,688
TLM81,"East Dunbartonshire, West Dunbartonshire, and Helensburgh and Lomond",G-T,Services,2020,2984
TLJ44,East Kent,A-F,Goods,2020,1758
TLJ44,East Kent,G-T,Services,2020,8323
TLD46,East Lancashire,A-F,Goods,2020,1837
TLD46,East Lancashire,G-T,Services,2020,4003
TLM73,East Lothian and Midlothian,A-F,Goods,2020,695
TLM73,East Lothian and Midlothian,G-T,Services,2020,2601
TLD71,East Merseyside,A-F,Goods,2020,3248
TLD71,East Merseyside,G-T,Services,2020,6889
TLE12,East Riding of Yorkshire,A-F,Goods,2020,2168
TLE12,East Riding of Yorkshire,G-T,Services,2020,4756
TLJ26,East Surrey,A-F,Goods,2020,1753
TLJ26,East Surrey,G-T,Services,2020,11205
TLJ22,East Sussex CC,A-F,Goods,2020,1677
TLJ22,East Sussex CC,G-T,Services,2020,7578
TLI54,Enfield,A-F,Goods,2020,1603
TLI54,Enfield,G-T,Services,2020,5360
TLH34,Essex Haven Gateway,A-F,Goods,2020,1822
TLH34,Essex Haven Gateway,G-T,Services,2020,7493
TLH37,Essex Thames Gateway,A-F,Goods,2020,1669
TLH37,Essex Thames Gateway,G-T,Services,2020,6430
TLM76,Falkirk,A-F,Goods,2020,971
TLM76,Falkirk,G-T,Services,2020,2829
TLN0G,Fermanagh and Omagh,A-F,Goods,2020,784
TLN0G,Fermanagh and Omagh,G-T,Services,2020,1472
TLL23,Flintshire and Wrexham,A-F,Goods,2020,3689
TLL23,Flintshire and Wrexham,G-T,Services,2020,3874
TLM82,Glasgow City,A-F,Goods,2020,3431
TLM82,Glasgow City,G-T,Services,2020,18099
TLK13,Gloucestershire CC,A-F,Goods,2020,4138
TLK13,Gloucestershire CC,G-T,Services,2020,13713
TLD37,Greater Manchester North East,A-F,Goods,2020,2576
TLD37,Greater Manchester North East,G-T,Services,2020,8390
TLD36,Greater Manchester North West,A-F,Goods,2020,3030
TLD36,Greater Manchester North West,G-T,Services,2020,8286
TLD35,Greater Manchester South East,A-F,Goods,2020,2105
TLD35,Greater Manchester South East,G-T,Services,2020,8378
TLD34,Greater Manchester South West,A-F,Goods,2020,3546
TLD34,Greater Manchester South West,G-T,Services,2020,14302
TLL16,Gwent Valleys,A-F,Goods,2020,1891
TLL16,Gwent Valleys,G-T,Services,2020,3428
TLL12,Gwynedd,A-F,Goods,2020,569
TLL12,Gwynedd,G-T,Services,2020,1648
TLI41,Hackney and Newham,A-F,Goods,2020,1628
TLI41,Hackney and Newham,G-T,Services,2020,13852
TLI43,Haringey and Islington,A-F,Goods,2020,1177
TLI43,Haringey and Islington,G-T,Services,2020,20871
TLI74,Harrow and Hillingdon,A-F,Goods,2020,2740
TLI74,Harrow and Hillingdon,G-T,Services,2020,12659
TLC11,Hartlepool and Stockton-on-Tees,A-F,Goods,2020,1699
TLC11,Hartlepool and Stockton-on-Tees,G-T,Services,2020,4869
TLH36,Heart of Essex,A-F,Goods,2020,2403
TLH36,Heart of Essex,G-T,Services,2020,6498
TLG11,"Herefordshire, County of",A-F,Goods,2020,1256
TLG11,"Herefordshire, County of",G-T,Services,2020,2637
TLH23,Hertfordshire CC,A-F,Goods,2020,8768
TLH23,Hertfordshire CC,G-T,Services,2020,30737
TLI75,Hounslow and Richmond upon Thames,A-F,Goods,2020,1547
TLI75,Hounslow and Richmond upon Thames,G-T,Services,2020,17979
TLM83,"Inverclyde, East Renfrewshire, and Renfrewshire",A-F,Goods,2020,1525
TLM83,"Inverclyde, East Renfrewshire, and Renfrewshire",G-T,Services,2020,4923
TLM62,"Inverness and Nairn, Moray, Badenoch and Strathspey",A-F,Goods,2020,1626
TLM62,"Inverness and Nairn, Moray, Badenoch and Strathspey",G-T,Services,2020,3613
TLL11,Isle of Anglesey,A-F,Goods,2020,293
TLL11,Isle of Anglesey,G-T,Services,2020,721
TLJ34,Isle of Wight,A-F,Goods,2020,479
TLJ34,Isle of Wight,G-T,Services,2020,2076
TLI33,Kensington & Chelsea and Hammersmith & Fulham,A-F,Goods,2020,779
TLI33,Kensington & Chelsea and Hammersmith & Fulham,G-T,Services,2020,19073
TLJ43,Kent Thames Gateway,A-F,Goods,2020,2681
TLJ43,Kent Thames Gateway,G-T,Services,2020,5908
TLE11,"Kingston upon Hull, City of",A-F,Goods,2020,1720
TLE11,"Kingston upon Hull, City of",G-T,Services,2020,3713
TLI45,Lambeth,A-F,Goods,2020,719
TLI45,Lambeth,G-T,Services,2020,10297
TLD44,Lancaster and Wyre,A-F,Goods,2020,1406
TLD44,Lancaster and Wyre,G-T,Services,2020,3085
TLE42,Leeds,A-F,Goods,2020,3930
TLE42,Leeds,G-T,Services,2020,22053
TLF21,Leicester,A-F,Goods,2020,1695
TLF21,Leicester,G-T,Services,2020,6855
TLF22,Leicestershire CC and Rutland,A-F,Goods,2020,5291
TLF22,Leicestershire CC and Rutland,G-T,Services,2020,11973
TLI44,Lewisham and Southwark,A-F,Goods,2020,1272
TLI44,Lewisham and Southwark,G-T,Services,2020,21554
TLF30,Lincolnshire CC,A-F,Goods,2020,4609
TLF30,Lincolnshire CC,G-T,Services,2020,10931
TLN0E,Lisburn and Castlereagh,A-F,Goods,2020,868
TLN0E,Lisburn and Castlereagh,G-T,Services,2020,2392
TLD72,Liverpool,A-F,Goods,2020,1577
TLD72,Liverpool,G-T,Services,2020,12023
TLM63,"Lochaber, Skye and Lochalsh, Arran and Cumbrae, and Argyll and Bute",A-F,Goods,2020,647
TLM63,"Lochaber, Skye and Lochalsh, Arran and Cumbrae, and Argyll and Bute",G-T,Services,2020,1631
TLH21,Luton,A-F,Goods,2020,910
TLH21,Luton,G-T,Services,2020,4329
TLD33,Manchester,A-F,Goods,2020,2267
TLD33,Manchester,G-T,Services,2020,22515
TLJ41,Medway,A-F,Goods,2020,1773
TLJ41,Medway,G-T,Services,2020,4220
TLI63,"Merton, Kingston upon Thames and Sutton",A-F,Goods,2020,1483
TLI63,"Merton, Kingston upon Thames and Sutton",G-T,Services,2020,12031
TLJ45,Mid Kent,A-F,Goods,2020,1630
TLJ45,Mid Kent,G-T,Services,2020,6011
TLD45,Mid Lancashire,A-F,Goods,2020,4275
TLD45,Mid Lancashire,G-T,Services,2020,7904
TLN0B,Mid Ulster,A-F,Goods,2020,1753
TLN0B,Mid Ulster,G-T,Services,2020,1650
TLN0F,Mid and East Antrim,A-F,Goods,2020,894
TLN0F,Mid and East Antrim,G-T,Services,2020,1503
TLJ12,Milton Keynes,A-F,Goods,2020,1969
TLJ12,Milton Keynes,G-T,Services,2020,11473
TLL21,Monmouthshire and Newport,A-F,Goods,2020,1577
TLL21,Monmouthshire and Newport,G-T,Services,2020,4405
TLM64,Na h-Eileanan Siar,A-F,Goods,2020,116
TLM64,Na h-Eileanan Siar,G-T,Services,2020,433
TLN08,"Newry, Mourne and Down",A-F,Goods,2020,1043
TLN08,"Newry, Mourne and Down",G-T,Services,2020,2084
TLJ37,North Hampshire,A-F,Goods,2020,2096
TLJ37,North Hampshire,G-T,Services,2020,14113
TLM84,North Lanarkshire,A-F,Goods,2020,2434
TLM84,North Lanarkshire,G-T,Services,2020,5579
TLF25,North Northamptonshire,A-F,Goods,2020,1928
TLF25,North Northamptonshire,G-T,Services,2020,4867
TLF15,North Nottinghamshire,A-F,Goods,2020,2996
TLF15,North Nottinghamshire,G-T,Services,2020,6172
TLE22,North Yorkshire CC,A-F,Goods,2020,4044
TLE22,North Yorkshire CC,G-T,Services,2020,10548
TLE13,North and North East Lincolnshire,A-F,Goods,2020,3721
TLE13,North and North East Lincolnshire,G-T,Services,2020,3993
TLH16,North and West Norfolk,A-F,Goods,2020,1483
TLH16,North and West Norfolk,G-T,Services,2020,3029
TLC21,Northumberland,A-F,Goods,2020,1696
TLC21,Northumberland,G-T,Services,2020,3400
TLH15,Norwich and East Norfolk,A-F,Goods,2020,1509
TLH15,Norwich and East Norfolk,G-T,Services,2020,7727
TLF14,Nottingham,A-F,Goods,2020,1440
TLF14,Nottingham,G-T,Services,2020,8796
TLM65,Orkney Islands,A-F,Goods,2020,141
TLM65,Orkney Islands,G-T,Services,2020,371
TLJ14,Oxfordshire CC,A-F,Goods,2020,4961
TLJ14,Oxfordshire CC,G-T,Services,2020,19666
TLM77,"Perth and Kinross, and Stirling",A-F,Goods,2020,1974
TLM77,"Perth and Kinross, and Stirling",G-T,Services,2020,4299
TLH11,Peterborough,A-F,Goods,2020,1350
TLH11,Peterborough,G-T,Services,2020,4976
TLK41,Plymouth,A-F,Goods,2020,1323
TLK41,Plymouth,G-T,Services,2020,4165
TLJ31,Portsmouth,A-F,Goods,2020,1602
TLJ31,Portsmouth,G-T,Services,2020,4769
TLL24,Powys,A-F,Goods,2020,561
TLL24,Powys,G-T,Services,2020,1664
TLI53,Redbridge and Waltham Forest,A-F,Goods,2020,923
TLI53,Redbridge and Waltham Forest,G-T,Services,2020,7109
TLG37,Sandwell,A-F,Goods,2020,2139
TLG37,Sandwell,G-T,Services,2020,4092
TLM91,Scottish Borders,A-F,Goods,2020,668
TLM91,Scottish Borders,G-T,Services,2020,1667
TLD73,Sefton,A-F,Goods,2020,494
TLD73,Sefton,G-T,Services,2020,3701
TLE32,Sheffield,A-F,Goods,2020,1902
TLE32,Sheffield,G-T,Services,2020,11338
TLM66,Shetland Islands,A-F,Goods,2020,250
TLM66,Shetland Islands,G-T,Services,2020,489
TLG22,Shropshire CC,A-F,Goods,2020,1613
TLG22,Shropshire CC,G-T,Services,2020,4542
TLG32,Solihull,A-F,Goods,2020,2009
TLG32,Solihull,G-T,Services,2020,6463
TLK23,Somerset CC,A-F,Goods,2020,3689
TLK23,Somerset CC,G-T,Services,2020,8270
TLM94,South Ayrshire,A-F,Goods,2020,609
TLM94,South Ayrshire,G-T,Services,2020,1559
TLJ35,South Hampshire,A-F,Goods,2020,2934
TLJ35,South Hampshire,G-T,Services,2020,7693
TLM95,South Lanarkshire,A-F,Goods,2020,1845
TLM95,South Lanarkshire,G-T,Services,2020,4631
TLF16,South Nottinghamshire,A-F,Goods,2020,1745
TLF16,South Nottinghamshire,G-T,Services,2020,4819
TLC12,South Teesside,A-F,Goods,2020,858
TLC12,South Teesside,G-T,Services,2020,3712
TLL14,South West Wales,A-F,Goods,2020,1968
TLL14,South West Wales,G-T,Services,2020,4829
TLF13,South and West Derbyshire,A-F,Goods,2020,4446
TLF13,South and West Derbyshire,G-T,Services,2020,6134
TLJ32,Southampton,A-F,Goods,2020,2638
TLJ32,Southampton,G-T,Services,2020,5837
TLH31,Southend-on-Sea,A-F,Goods,2020,449
TLH31,Southend-on-Sea,G-T,Services,2020,2265
TLG24,Staffordshire CC,A-F,Goods,2020,4888
TLG24,Staffordshire CC,G-T,Services,2020,13096
TLG23,Stoke-on-Trent,A-F,Goods,2020,1063
TLG23,Stoke-on-Trent,G-T,Services,2020,4693
TLH14,Suffolk CC,A-F,Goods,2020,4958
TLH14,Suffolk CC,G-T,Services,2020,13389
TLC23,Sunderland,A-F,Goods,2020,2138
TLC23,Sunderland,G-T,Services,2020,4175
TLL18,Swansea,A-F,Goods,2020,597
TLL18,Swansea,G-T,Services,2020,4755
TLK14,Swindon,A-F,Goods,2020,2494
TLK14,Swindon,G-T,Services,2020,6840
TLG21,Telford and Wrekin,A-F,Goods,2020,1395
TLG21,Telford and Wrekin,G-T,Services,2020,3338
TLH32,Thurrock,A-F,Goods,2020,758
TLH32,Thurrock,G-T,Services,2020,3342
TLK42,Torbay,A-F,Goods,2020,183
TLK42,Torbay,G-T,Services,2020,1657
TLI42,Tower Hamlets,A-F,Goods,2020,1395
TLI42,Tower Hamlets,G-T,Services,2020,33220
TLC22,Tyneside,A-F,Goods,2020,2872
TLC22,Tyneside,G-T,Services,2020,15932
TLE45,Wakefield,A-F,Goods,2020,2154
TLE45,Wakefield,G-T,Services,2020,5520
TLG38,Walsall,A-F,Goods,2020,1030
TLG38,Walsall,G-T,Services,2020,3265
TLI34,Wandsworth,A-F,Goods,2020,400
TLI34,Wandsworth,G-T,Services,2020,6311
TLD61,Warrington,A-F,Goods,2020,2110
TLD61,Warrington,G-T,Services,2020,5995
TLG13,Warwickshire CC,A-F,Goods,2020,6088
TLG13,Warwickshire CC,G-T,Services,2020,12228
TLD11,West Cumbria,A-F,Goods,2020,2081
TLD11,West Cumbria,G-T,Services,2020,2649
TLH35,West Essex,A-F,Goods,2020,1825
TLH35,West Essex,G-T,Services,2020,5837
TLJ46,West Kent,A-F,Goods,2020,2367
TLJ46,West Kent,G-T,Services,2020,9891
TLM78,West Lothian,A-F,Goods,2020,1174
TLM78,West Lothian,G-T,Services,2020,3564
TLF24,West Northamptonshire,A-F,Goods,2020,2858
TLF24,West Northamptonshire,G-T,Services,2020,9286
TLJ25,West Surrey,A-F,Goods,2020,4991
TLJ25,West Surrey,G-T,Services,2020,28100
TLJ28,West Sussex (North East),A-F,Goods,2020,2597
TLJ28,West Sussex (North East),G-T,Services,2020,8981
TLJ27,West Sussex (South West),A-F,Goods,2020,3296
TLJ27,West Sussex (South West),G-T,Services,2020,7628
TLI32,Westminster,A-F,Goods,2020,3070
TLI32,Westminster,G-T,Services,2020,66857
TLK15,Wiltshire,A-F,Goods,2020,2474
TLK15,Wiltshire,G-T,Services,2020,9366
TLD74,Wirral,A-F,Goods,2020,1065
TLD74,Wirral,G-T,Services,2020,4265
TLG39,Wolverhampton,A-F,Goods,2020,1250
TLG39,Wolverhampton,G-T,Services,2020,3676
TLG12,Worcestershire CC,A-F,Goods,2020,3287
TLG12,Worcestershire CC,G-T,Services,2020,10824
TLE21,York,A-F,Goods,2020,769
TLE21,York,G-T,Services,2020,5174
TLM50,Aberdeen City and Aberdeenshire,A-F,Goods,2021,4739
TLM50,Aberdeen City and Aberdeenshire,G-T,Services,2021,11349
TLM71,Angus and Dundee City,A-F,Goods,2021,1442
TLM71,Angus and Dundee City,G-T,Services,2021,4435
TLN0D,Antrim and Newtownabbey,A-F,Goods,2021,1042
TLN0D,Antrim and Newtownabbey,G-T,Services,2021,2505
TLN09,Ards and North Down,A-F,Goods,2021,332
TLN09,Ards and North Down,G-T,Services,2021,1920
TLN07,"Armagh City, Banbridge and Craigavon",A-F,Goods,2021,1367
TLN07,"Armagh City, Banbridge and Craigavon",G-T,Services,2021,2889
TLI52,Barking & Dagenham and Havering,A-F,Goods,2021,2105
TLI52,Barking & Dagenham and Havering,G-T,Services,2021,7009
TLI71,Barnet,A-F,Goods,2021,1136
TLI71,Barnet,G-T,Services,2021,7641
TLE31,"Barnsley, Doncaster and Rotherham",A-F,Goods,2021,4280
TLE31,"Barnsley, Doncaster and Rotherham",G-T,Services,2021,10942
TLK12,"Bath and North East Somerset, North Somerset and South Gloucestershire",A-F,Goods,2021,4706
TLK12,"Bath and North East Somerset, North Somerset and South Gloucestershire",G-T,Services,2021,17817
TLH24,Bedford,A-F,Goods,2021,923
TLH24,Bedford,G-T,Services,2021,3491
TLN06,Belfast,A-F,Goods,2021,1698
TLN06,Belfast,G-T,Services,2021,13280
TLJ11,Berkshire,A-F,Goods,2021,7734
TLJ11,Berkshire,G-T,Services,2021,42095
TLI51,Bexley and Greenwich,A-F,Goods,2021,2038
TLI51,Bexley and Greenwich,G-T,Services,2021,8983
TLG31,Birmingham,A-F,Goods,2021,4063
TLG31,Birmingham,G-T,Services,2021,25178
TLD41,Blackburn with Darwen,A-F,Goods,2021,891
TLD41,Blackburn with Darwen,G-T,Services,2021,2542
TLD42,Blackpool,A-F,Goods,2021,302
TLD42,Blackpool,G-T,Services,2021,2493
TLK24,"Bournemouth, Christchurch and Poole",A-F,Goods,2021,1814
TLK24,"Bournemouth, Christchurch and Poole",G-T,Services,2021,9635
TLE41,Bradford,A-F,Goods,2021,2348
TLE41,Bradford,G-T,Services,2021,8004
TLH17,Breckland and South Norfolk,A-F,Goods,2021,1586
TLH17,Breckland and South Norfolk,G-T,Services,2021,4120
TLI72,Brent,A-F,Goods,2021,1739
TLI72,Brent,G-T,Services,2021,6578
TLL17,Bridgend and Neath Port Talbot,A-F,Goods,2021,1885
TLL17,Bridgend and Neath Port Talbot,G-T,Services,2021,3997
TLJ21,Brighton and Hove,A-F,Goods,2021,885
TLJ21,Brighton and Hove,G-T,Services,2021,8738
TLK11,"Bristol, City of",A-F,Goods,2021,2031
TLK11,"Bristol, City of",G-T,Services,2021,15511
TLI61,Bromley,A-F,Goods,2021,850
TLI61,Bromley,G-T,Services,2021,6155
TLJ13,Buckinghamshire CC,A-F,Goods,2021,3253
TLJ13,Buckinghamshire CC,G-T,Services,2021,13432
TLM61,"Caithness and Sutherland, and Ross and Cromarty",A-F,Goods,2021,679
TLM61,"Caithness and Sutherland, and Ross and Cromarty",G-T,Services,2021,1542
TLE44,Calderdale and Kirklees,A-F,Goods,2021,3627
TLE44,Calderdale and Kirklees,G-T,Services,2021,9856
TLH12,Cambridgeshire CC,A-F,Goods,2021,4960
TLH12,Cambridgeshire CC,G-T,Services,2021,17094
TLI31,Camden and City of London,A-F,Goods,2021,3552
TLI31,Camden and City of London,G-T,Services,2021,120516
TLL22,Cardiff and Vale of Glamorgan,A-F,Goods,2021,2230
TLL22,Cardiff and Vale of Glamorgan,G-T,Services,2021,12627
TLN0C,Causeway Coast and Glens,A-F,Goods,2021,537
TLN0C,Causeway Coast and Glens,G-T,Services,2021,1793
TLH25,Central Bedfordshire,A-F,Goods,2021,1347
TLH25,Central Bedfordshire,G-T,Services,2021,4616
TLJ36,Central Hampshire,A-F,Goods,2021,3643
TLJ36,Central Hampshire,G-T,Services,2021,13021
TLL15,Central Valleys,A-F,Goods,2021,1685
TLL15,Central Valleys,G-T,Services,2021,3510
TLD62,Cheshire East,A-F,Goods,2021,4101
TLD62,Cheshire East,G-T,Services,2021,9664
TLD63,Cheshire West and Chester,A-F,Goods,2021,2828
TLD63,Cheshire West and Chester,G-T,Services,2021,8804
TLD47,Chorley and West Lancashire,A-F,Goods,2021,1289
TLD47,Chorley and West Lancashire,G-T,Services,2021,3992
TLM75,City of Edinburgh,A-F,Goods,2021,2425
TLM75,City of Edinburgh,G-T,Services,2021,24156
TLM72,Clackmannanshire and Fife,A-F,Goods,2021,2756
TLM72,Clackmannanshire and Fife,G-T,Services,2021,6120
TLL13,Conwy and Denbighshire,A-F,Goods,2021,780
TLL13,Conwy and Denbighshire,G-T,Services,2021,3016
TLK30,Cornwall and Isles of Scilly,A-F,Goods,2021,2944
TLK30,Cornwall and Isles of Scilly,G-T,Services,2021,9657
TLG33,Coventry,A-F,Goods,2021,2041
TLG33,Coventry,G-T,Services,2021,7852
TLI62,Croydon,A-F,Goods,2021,814
TLI62,Croydon,G-T,Services,2021,9027
TLC13,Darlington,A-F,Goods,2021,361
TLC13,Darlington,G-T,Services,2021,2185
TLF11,Derby,A-F,Goods,2021,3096
TLF11,Derby,G-T,Services,2021,5058
TLN0A,Derry City and Strabane,A-F,Goods,2021,796
TLN0A,Derry City and Strabane,G-T,Services,2021,2323
TLK43,Devon CC,A-F,Goods,2021,4501
TLK43,Devon CC,G-T,Services,2021,15507
TLK25,Dorset,A-F,Goods,2021,2242
TLK25,Dorset,G-T,Services,2021,6441
TLG36,Dudley,A-F,Goods,2021,1432
TLG36,Dudley,G-T,Services,2021,4007
TLM92,Dumfries and Galloway,A-F,Goods,2021,1111
TLM92,Dumfries and Galloway,G-T,Services,2021,2426
TLC14,Durham CC,A-F,Goods,2021,3747
TLC14,Durham CC,G-T,Services,2021,6011
TLI73,Ealing,A-F,Goods,2021,1655
TLI73,Ealing,G-T,Services,2021,7131
TLM93,East Ayrshire and North Ayrshire mainland,A-F,Goods,2021,1325
TLM93,East Ayrshire and North Ayrshire mainland,G-T,Services,2021,2915
TLD12,East Cumbria,A-F,Goods,2021,2111
TLD12,East Cumbria,G-T,Services,2021,5187
TLF12,East Derbyshire,A-F,Goods,2021,1542
TLF12,East Derbyshire,G-T,Services,2021,5122
TLM81,"East Dunbartonshire, West Dunbartonshire, and Helensburgh and Lomond",A-F,Goods,2021,784
TLM81,"East Dunbartonshire, West Dunbartonshire, and Helensburgh and Lomond",G-T,Services,2021,3208
TLJ44,East Kent,A-F,Goods,2021,1721
TLJ44,East Kent,G-T,Services,2021,8804
TLD46,East Lancashire,A-F,Goods,2021,2009
TLD46,East Lancashire,G-T,Services,2021,4404
TLM73,East Lothian and Midlothian,A-F,Goods,2021,833
TLM73,East Lothian and Midlothian,G-T,Services,2021,2806
TLD71,East Merseyside,A-F,Goods,2021,3376
TLD71,East Merseyside,G-T,Services,2021,7936
TLE12,East Riding of Yorkshire,A-F,Goods,2021,2610
TLE12,East Riding of Yorkshire,G-T,Services,2021,5446
TLJ26,East Surrey,A-F,Goods,2021,1749
TLJ26,East Surrey,G-T,Services,2021,12133
TLJ22,East Sussex CC,A-F,Goods,2021,1809
TLJ22,East Sussex CC,G-T,Services,2021,8240
TLI54,Enfield,A-F,Goods,2021,1610
TLI54,Enfield,G-T,Services,2021,5776
TLH34,Essex Haven Gateway,A-F,Goods,2021,1982
TLH34,Essex Haven Gateway,G-T,Services,2021,8534
TLH37,Essex Thames Gateway,A-F,Goods,2021,1844
TLH37,Essex Thames Gateway,G-T,Services,2021,7104
TLM76,Falkirk,A-F,Goods,2021,1159
TLM76,Falkirk,G-T,Services,2021,2915
TLN0G,Fermanagh and Omagh,A-F,Goods,2021,844
TLN0G,Fermanagh and Omagh,G-T,Services,2021,1637
TLL23,Flintshire and Wrexham,A-F,Goods,2021,3759
TLL23,Flintshire and Wrexham,G-T,Services,2021,4183
TLM82,Glasgow City,A-F,Goods,2021,3598
TLM82,Glasgow City,G-T,Services,2021,19840
TLK13,Gloucestershire CC,A-F,Goods,2021,4731
TLK13,Gloucestershire CC,G-T,Services,2021,14739
TLD37,Greater Manchester North East,A-F,Goods,2021,2649
TLD37,Greater Manchester North East,G-T,Services,2021,8641
TLD36,Greater Manchester North West,A-F,Goods,2021,2896
TLD36,Greater Manchester North West,G-T,Services,2021,8947
TLD35,Greater Manchester South East,A-F,Goods,2021,2029
TLD35,Greater Manchester South East,G-T,Services,2021,8820
TLD34,Greater Manchester South West,A-F,Goods,2021,3732
TLD34,Greater Manchester South West,G-T,Services,2021,15448
TLL16,Gwent Valleys,A-F,Goods,2021,1928
TLL16,Gwent Valleys,G-T,Services,2021,3713
TLL12,Gwynedd,A-F,Goods,2021,619
TLL12,Gwynedd,G-T,Services,2021,1808
TLI41,Hackney and Newham,A-F,Goods,2021,1721
TLI41,Hackney and Newham,G-T,Services,2021,15460
TLI43,Haringey and Islington,A-F,Goods,2021,1240
TLI43,Haringey and Islington,G-T,Services,2021,22636
TLI74,Harrow and Hillingdon,A-F,Goods,2021,2797
TLI74,Harrow and Hillingdon,G-T,Services,2021,13063
TLC11,Hartlepool and Stockton-on-Tees,A-F,Goods,2021,1810
TLC11,Hartlepool and Stockton-on-Tees,G-T,Services,2021,5126
TLH36,Heart of Essex,A-F,Goods,2021,2661
TLH36,Heart of Essex,G-T,Services,2021,7256
TLG11,"Herefordshire, County of",A-F,Goods,2021,1353
TLG11,"Herefordshire, County of",G-T,Services,2021,2817
TLH23,Hertfordshire CC,A-F,Goods,2021,8974
TLH23,Hertfordshire CC,G-T,Services,2021,33901
TLI75,Hounslow and Richmond upon Thames,A-F,Goods,2021,1654
TLI75,Hounslow and Richmond upon Thames,G-T,Services,2021,17615
TLM83,"Inverclyde, East Renfrewshire, and Renfrewshire",A-F,Goods,2021,1614
TLM83,"Inverclyde, East Renfrewshire, and Renfrewshire",G-T,Services,2021,5440
TLM62,"Inverness and Nairn, Moray, Badenoch and Strathspey",A-F,Goods,2021,1900
TLM62,"Inverness and Nairn, Moray, Badenoch and Strathspey",G-T,Services,2021,3699
TLL11,Isle of Anglesey,A-F,Goods,2021,279
TLL11,Isle of Anglesey,G-T,Services,2021,861
TLJ34,Isle of Wight,A-F,Goods,2021,450
TLJ34,Isle of Wight,G-T,Services,2021,2297
TLI33,Kensington & Chelsea and Hammersmith & Fulham,A-F,Goods,2021,812
TLI33,Kensington & Chelsea and Hammersmith & Fulham,G-T,Services,2021,19733
TLJ43,Kent Thames Gateway,A-F,Goods,2021,2994
TLJ43,Kent Thames Gateway,G-T,Services,2021,6243
TLE11,"Kingston upon Hull, City of",A-F,Goods,2021,2075
TLE11,"Kingston upon Hull, City of",G-T,Services,2021,4251
TLI45,Lambeth,A-F,Goods,2021,768
TLI45,Lambeth,G-T,Services,2021,11443
TLD44,Lancaster and Wyre,A-F,Goods,2021,1261
TLD44,Lancaster and Wyre,G-T,Services,2021,3450
TLE42,Leeds,A-F,Goods,2021,4135
TLE42,Leeds,G-T,Services,2021,24785
TLF21,Leicester,A-F,Goods,2021,1823
TLF21,Leicester,G-T,Services,2021,7578
TLF22,Leicestershire CC and Rutland,A-F,Goods,2021,5819
TLF22,Leicestershire CC and Rutland,G-T,Services,2021,13511
TLI44,Lewisham and Southwark,A-F,Goods,2021,1563
TLI44,Lewisham and Southwark,G-T,Services,2021,22241
TLF30,Lincolnshire CC,A-F,Goods,2021,4878
TLF30,Lincolnshire CC,G-T,Services,2021,12070
TLN0E,Lisburn and Castlereagh,A-F,Goods,2021,963
TLN0E,Lisburn and Castlereagh,G-T,Services,2021,2600
TLD72,Liverpool,A-F,Goods,2021,1685
TLD72,Liverpool,G-T,Services,2021,13376
TLM63,"Lochaber, Skye and Lochalsh, Arran and Cumbrae, and Argyll and Bute",A-F,Goods,2021,707
TLM63,"Lochaber, Skye and Lochalsh, Arran and Cumbrae, and Argyll and Bute",G-T,Services,2021,1745
TLH21,Luton,A-F,Goods,2021,931
TLH21,Luton,G-T,Services,2021,4599
TLD33,Manchester,A-F,Goods,2021,2138
TLD33,Manchester,G-T,Services,2021,25367
TLJ41,Medway,A-F,Goods,2021,1617
TLJ41,Medway,G-T,Services,2021,4384
TLI63,"Merton, Kingston upon Thames and Sutton",A-F,Goods,2021,1547
TLI63,"Merton, Kingston upon Thames and Sutton",G-T,Services,2021,12346
TLJ45,Mid Kent,A-F,Goods,2021,1679
TLJ45,Mid Kent,G-T,Services,2021,6287
TLD45,Mid Lancashire,A-F,Goods,2021,4677
TLD45,Mid Lancashire,G-T,Services,2021,8860
TLN0B,Mid Ulster,A-F,Goods,2021,1913
TLN0B,Mid Ulster,G-T,Services,2021,1855
TLN0F,Mid and East Antrim,A-F,Goods,2021,876
TLN0F,Mid and East Antrim,G-T,Services,2021,1705
TLJ12,Milton Keynes,A-F,Goods,2021,1897
TLJ12,Milton Keynes,G-T,Services,2021,12418
TLL21,Monmouthshire and Newport,A-F,Goods,2021,1518
TLL21,Monmouthshire and Newport,G-T,Services,2021,4613
TLM64,Na h-Eileanan Siar,A-F,Goods,2021,120
TLM64,Na h-Eileanan Siar,G-T,Services,2021,461
TLN08,"Newry, Mourne and Down",A-F,Goods,2021,1026
TLN08,"Newry, Mourne and Down",G-T,Services,2021,2291
TLJ37,North Hampshire,A-F,Goods,2021,2080
TLJ37,North Hampshire,G-T,Services,2021,14584
TLM84,North Lanarkshire,A-F,Goods,2021,2469
TLM84,North Lanarkshire,G-T,Services,2021,6035
TLF25,North Northamptonshire,A-F,Goods,2021,2128
TLF25,North Northamptonshire,G-T,Services,2021,5312
TLF15,North Nottinghamshire,A-F,Goods,2021,3096
TLF15,North Nottinghamshire,G-T,Services,2021,6613
TLE22,North Yorkshire CC,A-F,Goods,2021,4414
TLE22,North Yorkshire CC,G-T,Services,2021,12205
TLE13,North and North East Lincolnshire,A-F,Goods,2021,4865
TLE13,North and North East Lincolnshire,G-T,Services,2021,4681
TLH16,North and West Norfolk,A-F,Goods,2021,1504
TLH16,North and West Norfolk,G-T,Services,2021,3293
TLC21,Northumberland,A-F,Goods,2021,1774
TLC21,Northumberland,G-T,Services,2021,3715
TLH15,Norwich and East Norfolk,A-F,Goods,2021,1555
TLH15,Norwich and East Norfolk,G-T,Services,2021,8487
TLF14,Nottingham,A-F,Goods,2021,1272
TLF14,Nottingham,G-T,Services,2021,9420
TLM65,Orkney Islands,A-F,Goods,2021,157
TLM65,Orkney Islands,G-T,Services,2021,397
TLJ14,Oxfordshire CC,A-F,Goods,2021,4984
TLJ14,Oxfordshire CC,G-T,Services,2021,20534
TLM77,"Perth and Kinross, and Stirling",A-F,Goods,2021,2154
TLM77,"Perth and Kinross, and Stirling",G-T,Services,2021,4662
TLH11,Peterborough,A-F,Goods,2021,1639
TLH11,Peterborough,G-T,Services,2021,5199
TLK41,Plymouth,A-F,Goods,2021,1494
TLK41,Plymouth,G-T,Services,2021,4760
TLJ31,Portsmouth,A-F,Goods,2021,1377
TLJ31,Portsmouth,G-T,Services,2021,5365
TLL24,Powys,A-F,Goods,2021,603
TLL24,Powys,G-T,Services,2021,1697
TLI53,Redbridge and Waltham Forest,A-F,Goods,2021,1075
TLI53,Redbridge and Waltham Forest,G-T,Services,2021,7699
TLG37,Sandwell,A-F,Goods,2021,1942
TLG37,Sandwell,G-T,Services,2021,4451
TLM91,Scottish Borders,A-F,Goods,2021,677
TLM91,Scottish Borders,G-T,Services,2021,1835
TLD73,Sefton,A-F,Goods,2021,556
TLD73,Sefton,G-T,Services,2021,4107
TLE32,Sheffield,A-F,Goods,2021,1918
TLE32,Sheffield,G-T,Services,2021,12409
TLM66,Shetland Islands,A-F,Goods,2021,241
TLM66,Shetland Islands,G-T,Services,2021,518
TLG22,Shropshire CC,A-F,Goods,2021,1753
TLG22,Shropshire CC,G-T,Services,2021,5327
TLG32,Solihull,A-F,Goods,2021,1905
TLG32,Solihull,G-T,Services,2021,6918
TLK23,Somerset CC,A-F,Goods,2021,3630
TLK23,Somerset CC,G-T,Services,2021,9139
TLM94,South Ayrshire,A-F,Goods,2021,570
TLM94,South Ayrshire,G-T,Services,2021,1693
TLJ35,South Hampshire,A-F,Goods,2021,2719
TLJ35,South Hampshire,G-T,Services,2021,8540
TLM95,South Lanarkshire,A-F,Goods,2021,1725
TLM95,South Lanarkshire,G-T,Services,2021,4944
TLF16,South Nottinghamshire,A-F,Goods,2021,1787
TLF16,South Nottinghamshire,G-T,Services,2021,5137
TLC12,South Teesside,A-F,Goods,2021,933
TLC12,South Teesside,G-T,Services,2021,4037
TLL14,South West Wales,A-F,Goods,2021,1920
TLL14,South West Wales,G-T,Services,2021,5321
TLF13,South and West Derbyshire,A-F,Goods,2021,4634
TLF13,South and West Derbyshire,G-T,Services,2021,6504
TLJ32,Southampton,A-F,Goods,2021,2637
TLJ32,Southampton,G-T,Services,2021,6294
TLH31,Southend-on-Sea,A-F,Goods,2021,537
TLH31,Southend-on-Sea,G-T,Services,2021,2515
TLG24,Staffordshire CC,A-F,Goods,2021,5698
TLG24,Staffordshire CC,G-T,Services,2021,15246
TLG23,Stoke-on-Trent,A-F,Goods,2021,1189
TLG23,Stoke-on-Trent,G-T,Services,2021,5326
TLH14,Suffolk CC,A-F,Goods,2021,4898
TLH14,Suffolk CC,G-T,Services,2021,14567
TLC23,Sunderland,A-F,Goods,2021,2080
TLC23,Sunderland,G-T,Services,2021,4491
TLL18,Swansea,A-F,Goods,2021,624
TLL18,Swansea,G-T,Services,2021,4878
TLK14,Swindon,A-F,Goods,2021,2037
TLK14,Swindon,G-T,Services,2021,7758
TLG21,Telford and Wrekin,A-F,Goods,2021,1541
TLG21,Telford and Wrekin,G-T,Services,2021,3916
TLH32,Thurrock,A-F,Goods,2021,805
TLH32,Thurrock,G-T,Services,2021,3898
TLK42,Torbay,A-F,Goods,2021,224
TLK42,Torbay,G-T,Services,2021,1985
TLI42,Tower Hamlets,A-F,Goods,2021,1192
TLI42,Tower Hamlets,G-T,Services,2021,34055
TLC22,Tyneside,A-F,Goods,2021,3284
TLC22,Tyneside,G-T,Services,2021,17780
TLE45,Wakefield,A-F,Goods,2021,2345
TLE45,Wakefield,G-T,Services,2021,5941
TLG38,Walsall,A-F,Goods,2021,1109
TLG38,Walsall,G-T,Services,2021,3629
TLI34,Wandsworth,A-F,Goods,2021,473
TLI34,Wandsworth,G-T,Services,2021,6594
TLD61,Warrington,A-F,Goods,2021,2174
TLD61,Warrington,G-T,Services,2021,6469
TLG13,Warwickshire CC,A-F,Goods,2021,6024
TLG13,Warwickshire CC,G-T,Services,2021,12920
TLD11,West Cumbria,A-F,Goods,2021,2176
TLD11,West Cumbria,G-T,Services,2021,2738
TLH35,West Essex,A-F,Goods,2021,2076
TLH35,West Essex,G-T,Services,2021,6481
TLJ46,West Kent,A-F,Goods,2021,2732
TLJ46,West Kent,G-T,Services,2021,10078
TLM78,West Lothian,A-F,Goods,2021,1458
TLM78,West Lothian,G-T,Services,2021,3716
TLF24,West Northamptonshire,A-F,Goods,2021,3098
TLF24,West Northamptonshire,G-T,Services,2021,10322
TLJ25,West Surrey,A-F,Goods,2021,4874
TLJ25,West Surrey,G-T,Services,2021,28814
TLJ28,West Sussex (North East),A-F,Goods,2021,2674
TLJ28,West Sussex (North East),G-T,Services,2021,9763
TLJ27,West Sussex (South West),A-F,Goods,2021,3387
TLJ27,West Sussex (South West),G-T,Services,2021,8263
TLI32,Westminster,A-F,Goods,2021,2948
TLI32,Westminster,G-T,Services,2021,74602
TLK15,Wiltshire,A-F,Goods,2021,2860
TLK15,Wiltshire,G-T,Services,2021,10126
TLD74,Wirral,A-F,Goods,2021,949
TLD74,Wirral,G-T,Services,2021,4597
TLG39,Wolverhampton,A-F,Goods,2021,1405
TLG39,Wolverhampton,G-T,Services,2021,4055
TLG12,Worcestershire CC,A-F,Goods,2021,3428
TLG12,Worcestershire CC,G-T,Services,2021,11038
TLE21,York,A-F,Goods,2021,900
TLE21,York,G-T,Services,2021,5877
TLM50,Aberdeen City and Aberdeenshire,A-F,Goods,2022,5251
TLM50,Aberdeen City and Aberdeenshire,G-T,Services,2022,12655
TLM71,Angus and Dundee City,A-F,Goods,2022,1585
TLM71,Angus and Dundee City,G-T,Services,2022,4746
TLN0D,Antrim and Newtownabbey,A-F,Goods,2022,1037
TLN0D,Antrim and Newtownabbey,G-T,Services,2022,2709
TLN09,Ards and North Down,A-F,Goods,2022,366
TLN09,Ards and North Down,G-T,Services,2022,1976
TLN07,"Armagh City, Banbridge and Craigavon",A-F,Goods,2022,1550
TLN07,"Armagh City, Banbridge and Craigavon",G-T,Services,2022,3025
TLI52,Barking & Dagenham and Havering,A-F,Goods,2022,2512
TLI52,Barking & Dagenham and Havering,G-T,Services,2022,7771
TLI71,Barnet,A-F,Goods,2022,1227
TLI71,Barnet,G-T,Services,2022,8406
TLE31,"Barnsley, Doncaster and Rotherham",A-F,Goods,2022,4606
TLE31,"Barnsley, Doncaster and Rotherham",G-T,Services,2022,11871
TLK12,"Bath and North East Somerset, North Somerset and South Gloucestershire",A-F,Goods,2022,5321
TLK12,"Bath and North East Somerset, North Somerset and South Gloucestershire",G-T,Services,2022,20012
TLH24,Bedford,A-F,Goods,2022,1138
TLH24,Bedford,G-T,Services,2022,3625
TLN06,Belfast,A-F,Goods,2022,1816
TLN06,Belfast,G-T,Services,2022,14371
TLJ11,Berkshire,A-F,Goods,2022,8345
TLJ11,Berkshire,G-T,Services,2022,46343
TLI51,Bexley and Greenwich,A-F,Goods,2022,2281
TLI51,Bexley and Greenwich,G-T,Services,2022,9728
TLG31,Birmingham,A-F,Goods,2022,4059
TLG31,Birmingham,G-T,Services,2022,27954
TLD41,Blackburn with Darwen,A-F,Goods,2022,1039
TLD41,Blackburn with Darwen,G-T,Services,2022,2798
TLD42,Blackpool,A-F,Goods,2022,364
TLD42,Blackpool,G-T,Services,2022,2823
TLK24,"Bournemouth, Christchurch and Poole",A-F,Goods,2022,2004
TLK24,"Bournemouth, Christchurch and Poole",G-T,Services,2022,10342
TLE41,Bradford,A-F,Goods,2022,2508
TLE41,Bradford,G-T,Services,2022,8902
TLH17,Breckland and South Norfolk,A-F,Goods,2022,1839
TLH17,Breckland and South Norfolk,G-T,Services,2022,4248
TLI72,Brent,A-F,Goods,2022,1981
TLI72,Brent,G-T,Services,2022,6986
TLL17,Bridgend and Neath Port Talbot,A-F,Goods,2022,1949
TLL17,Bridgend and Neath Port Talbot,G-T,Services,2022,4354
TLJ21,Brighton and Hove,A-F,Goods,2022,1046
TLJ21,Brighton and Hove,G-T,Services,2022,10216
TLK11,"Bristol, City of",A-F,Goods,2022,2144
TLK11,"Bristol, City of",G-T,Services,2022,17161
TLI61,Bromley,A-F,Goods,2022,866
TLI61,Bromley,G-T,Services,2022,6627
TLJ13,Buckinghamshire CC,A-F,Goods,2022,3578
TLJ13,Buckinghamshire CC,G-T,Services,2022,14477
TLM61,"Caithness and Sutherland, and Ross and Cromarty",A-F,Goods,2022,760
TLM61,"Caithness and Sutherland, and Ross and Cromarty",G-T,Services,2022,1702
TLE44,Calderdale and Kirklees,A-F,Goods,2022,3856
TLE44,Calderdale and Kirklees,G-T,Services,2022,10308
TLH12,Cambridgeshire CC,A-F,Goods,2022,5522
TLH12,Cambridgeshire CC,G-T,Services,2022,18322
TLI31,Camden and City of London,A-F,Goods,2022,4096
TLI31,Camden and City of London,G-T,Services,2022,129856
TLL22,Cardiff and Vale of Glamorgan,A-F,Goods,2022,2415
TLL22,Cardiff and Vale of Glamorgan,G-T,Services,2022,13803
TLN0C,Causeway Coast and Glens,A-F,Goods,2022,602
TLN0C,Causeway Coast and Glens,G-T,Services,2022,1902
TLH25,Central Bedfordshire,A-F,Goods,2022,1499
TLH25,Central Bedfordshire,G-T,Services,2022,4936
TLJ36,Central Hampshire,A-F,Goods,2022,4200
TLJ36,Central Hampshire,G-T,Services,2022,14462
TLL15,Central Valleys,A-F,Goods,2022,2020
TLL15,Central Valleys,G-T,Services,2022,3757
TLD62,Cheshire East,A-F,Goods,2022,4955
TLD62,Cheshire East,G-T,Services,2022,10289
TLD63,Cheshire West and Chester,A-F,Goods,2022,3478
TLD63,Cheshire West and Chester,G-T,Services,2022,9744
TLD47,Chorley and West Lancashire,A-F,Goods,2022,1497
TLD47,Chorley and West Lancashire,G-T,Services,2022,4309
TLM75,City of Edinburgh,A-F,Goods,2022,2626
TLM75,City of Edinburgh,G-T,Services,2022,27087
TLM72,Clackmannanshire and Fife,A-F,Goods,2022,3038
TLM72,Clackmannanshire and Fife,G-T,Services,2022,6652
TLL13,Conwy and Denbighshire,A-F,Goods,2022,867
TLL13,Conwy and Denbighshire,G-T,Services,2022,3263
TLK30,Cornwall and Isles of Scilly,A-F,Goods,2022,3298
TLK30,Cornwall and Isles of Scilly,G-T,Services,2022,10554
TLG33,Coventry,A-F,Goods,2022,2257
TLG33,Coventry,G-T,Services,2022,8465
TLI62,Croydon,A-F,Goods,2022,999
TLI62,Croydon,G-T,Services,2022,9676
TLC13,Darlington,A-F,Goods,2022,294
TLC13,Darlington,G-T,Services,2022,2418
TLF11,Derby,A-F,Goods,2022,3106
TLF11,Derby,G-T,Services,2022,5273
TLN0A,Derry City and Strabane,A-F,Goods,2022,906
TLN0A,Derry City and Strabane,G-T,Services,2022,2515
TLK43,Devon CC,A-F,Goods,2022,5024
TLK43,Devon CC,G-T,Services,2022,17029
TLK25,Dorset,A-F,Goods,2022,2554
TLK25,Dorset,G-T,Services,2022,7031
TLG36,Dudley,A-F,Goods,2022,1667
TLG36,Dudley,G-T,Services,2022,4264
TLM92,Dumfries and Galloway,A-F,Goods,2022,1163
TLM92,Dumfries and Galloway,G-T,Services,2022,2619
TLC14,Durham CC,A-F,Goods,2022,4177
TLC14,Durham CC,G-T,Services,2022,6477
TLI73,Ealing,A-F,Goods,2022,1764
TLI73,Ealing,G-T,Services,2022,7220
TLM93,East Ayrshire and North Ayrshire mainland,A-F,Goods,2022,1542
TLM93,East Ayrshire and North Ayrshire mainland,G-T,Services,2022,3177
TLD12,East Cumbria,A-F,Goods,2022,2314
TLD12,East Cumbria,G-T,Services,2022,5762
TLF12,East Derbyshire,A-F,Goods,2022,1579
TLF12,East Derbyshire,G-T,Services,2022,5437
TLM81,"East Dunbartonshire, West Dunbartonshire, and Helensburgh and Lomond",A-F,Goods,2022,899
TLM81,"East Dunbartonshire, West Dunbartonshire, and Helensburgh and Lomond",G-T,Services,2022,3471
TLJ44,East Kent,A-F,Goods,2022,1897
TLJ44,East Kent,G-T,Services,2022,9945
TLD46,East Lancashire,A-F,Goods,2022,2201
TLD46,East Lancashire,G-T,Services,2022,4622
TLM73,East Lothian and Midlothian,A-F,Goods,2022,840
TLM73,East Lothian and Midlothian,G-T,Services,2022,3046
TLD71,East Merseyside,A-F,Goods,2022,3595
TLD71,East Merseyside,G-T,Services,2022,8229
TLE12,East Riding of Yorkshire,A-F,Goods,2022,2967
TLE12,East Riding of Yorkshire,G-T,Services,2022,5968
TLJ26,East Surrey,A-F,Goods,2022,1872
TLJ26,East Surrey,G-T,Services,2022,14122
TLJ22,East Sussex CC,A-F,Goods,2022,2048
TLJ22,East Sussex CC,G-T,Services,2022,8640
TLI54,Enfield,A-F,Goods,2022,1652
TLI54,Enfield,G-T,Services,2022,6235
TLH34,Essex Haven Gateway,A-F,Goods,2022,2240
TLH34,Essex Haven Gateway,G-T,Services,2022,9252
TLH37,Essex Thames Gateway,A-F,Goods,2022,2106
TLH37,Essex Thames Gateway,G-T,Services,2022,8014
TLM76,Falkirk,A-F,Goods,2022,1118
TLM76,Falkirk,G-T,Services,2022,3081
TLN0G,Fermanagh and Omagh,A-F,Goods,2022,935
TLN0G,Fermanagh and Omagh,G-T,Services,2022,1725
TLL23,Flintshire and Wrexham,A-F,Goods,2022,4250
TLL23,Flintshire and Wrexham,G-T,Services,2022,4475
TLM82,Glasgow City,A-F,Goods,2022,4047
TLM82,Glasgow City,G-T,Services,2022,21798
TLK13,Gloucestershire CC,A-F,Goods,2022,5282
TLK13,Gloucestershire CC,G-T,Services,2022,15161
TLD37,Greater Manchester North East,A-F,Goods,2022,2897
TLD37,Greater Manchester North East,G-T,Services,2022,9355
TLD36,Greater Manchester North West,A-F,Goods,2022,3331
TLD36,Greater Manchester North West,G-T,Services,2022,9444
TLD35,Greater Manchester South East,A-F,Goods,2022,2269
TLD35,Greater Manchester South East,G-T,Services,2022,9720
TLD34,Greater Manchester South West,A-F,Goods,2022,4039
TLD34,Greater Manchester South West,G-T,Services,2022,16955
TLL16,Gwent Valleys,A-F,Goods,2022,2152
TLL16,Gwent Valleys,G-T,Services,2022,4116
TLL12,Gwynedd,A-F,Goods,2022,600
TLL12,Gwynedd,G-T,Services,2022,2011
TLI41,Hackney and Newham,A-F,Goods,2022,1826
TLI41,Hackney and Newham,G-T,Services,2022,17018
TLI43,Haringey and Islington,A-F,Goods,2022,1273
TLI43,Haringey and Islington,G-T,Services,2022,28748
TLI74,Harrow and Hillingdon,A-F,Goods,2022,3053
TLI74,Harrow and Hillingdon,G-T,Services,2022,14318
TLC11,Hartlepool and Stockton-on-Tees,A-F,Goods,2022,2050
TLC11,Hartlepool and Stockton-on-Tees,G-T,Services,2022,5485
TLH36,Heart of Essex,A-F,Goods,2022,3057
TLH36,Heart of Essex,G-T,Services,2022,7808
TLG11,"Herefordshire, County of",A-F,Goods,2022,1453
TLG11,"Herefordshire, County of",G-T,Services,2022,3003
TLH23,Hertfordshire CC,A-F,Goods,2022,9724
TLH23,Hertfordshire CC,G-T,Services,2022,36712
TLI75,Hounslow and Richmond upon Thames,A-F,Goods,2022,2003
TLI75,Hounslow and Richmond upon Thames,G-T,Services,2022,19969
TLM83,"Inverclyde, East Renfrewshire, and Renfrewshire",A-F,Goods,2022,1497
TLM83,"Inverclyde, East Renfrewshire, and Renfrewshire",G-T,Services,2022,5721
TLM62,"Inverness and Nairn, Moray, Badenoch and Strathspey",A-F,Goods,2022,2063
TLM62,"Inverness and Nairn, Moray, Badenoch and Strathspey",G-T,Services,2022,4130
TLL11,Isle of Anglesey,A-F,Goods,2022,332
TLL11,Isle of Anglesey,G-T,Services,2022,1013
TLJ34,Isle of Wight,A-F,Goods,2022,530
TLJ34,Isle of Wight,G-T,Services,2022,2537
TLI33,Kensington & Chelsea and Hammersmith & Fulham,A-F,Goods,2022,834
TLI33,Kensington & Chelsea and Hammersmith & Fulham,G-T,Services,2022,21254
TLJ43,Kent Thames Gateway,A-F,Goods,2022,2640
TLJ43,Kent Thames Gateway,G-T,Services,2022,6883
TLE11,"Kingston upon Hull, City of",A-F,Goods,2022,2343
TLE11,"Kingston upon Hull, City of",G-T,Services,2022,4587
TLI45,Lambeth,A-F,Goods,2022,798
TLI45,Lambeth,G-T,Services,2022,14055
TLD44,Lancaster and Wyre,A-F,Goods,2022,1471
TLD44,Lancaster and Wyre,G-T,Services,2022,3788
TLE42,Leeds,A-F,Goods,2022,4563
TLE42,Leeds,G-T,Services,2022,27396
TLF21,Leicester,A-F,Goods,2022,1990
TLF21,Leicester,G-T,Services,2022,8006
TLF22,Leicestershire CC and Rutland,A-F,Goods,2022,6581
TLF22,Leicestershire CC and Rutland,G-T,Services,2022,14990
TLI44,Lewisham and Southwark,A-F,Goods,2022,1487
TLI44,Lewisham and Southwark,G-T,Services,2022,24094
TLF30,Lincolnshire CC,A-F,Goods,2022,5240
TLF30,Lincolnshire CC,G-T,Services,2022,12891
TLN0E,Lisburn and Castlereagh,A-F,Goods,2022,1138
TLN0E,Lisburn and Castlereagh,G-T,Services,2022,2769
TLD72,Liverpool,A-F,Goods,2022,1834
TLD72,Liverpool,G-T,Services,2022,14860
TLM63,"Lochaber, Skye and Lochalsh, Arran and Cumbrae, and Argyll and Bute",A-F,Goods,2022,778
TLM63,"Lochaber, Skye and Lochalsh, Arran and Cumbrae, and Argyll and Bute",G-T,Services,2022,1913
TLH21,Luton,A-F,Goods,2022,1043
TLH21,Luton,G-T,Services,2022,5606
TLD33,Manchester,A-F,Goods,2022,2403
TLD33,Manchester,G-T,Services,2022,29103
TLJ41,Medway,A-F,Goods,2022,1837
TLJ41,Medway,G-T,Services,2022,4879
TLI63,"Merton, Kingston upon Thames and Sutton",A-F,Goods,2022,1630
TLI63,"Merton, Kingston upon Thames and Sutton",G-T,Services,2022,13339
TLJ45,Mid Kent,A-F,Goods,2022,1914
TLJ45,Mid Kent,G-T,Services,2022,6811
TLD45,Mid Lancashire,A-F,Goods,2022,5130
TLD45,Mid Lancashire,G-T,Services,2022,9561
TLN0B,Mid Ulster,A-F,Goods,2022,2113
TLN0B,Mid Ulster,G-T,Services,2022,2071
TLN0F,Mid and East Antrim,A-F,Goods,2022,994
TLN0F,Mid and East Antrim,G-T,Services,2022,1774
TLJ12,Milton Keynes,A-F,Goods,2022,2147
TLJ12,Milton Keynes,G-T,Services,2022,12893
TLL21,Monmouthshire and Newport,A-F,Goods,2022,1623
TLL21,Monmouthshire and Newport,G-T,Services,2022,5021
TLM64,Na h-Eileanan Siar,A-F,Goods,2022,125
TLM64,Na h-Eileanan Siar,G-T,Services,2022,458
TLN08,"Newry, Mourne and Down",A-F,Goods,2022,1166
TLN08,"Newry, Mourne and Down",G-T,Services,2022,2439
TLJ37,North Hampshire,A-F,Goods,2022,2439
TLJ37,North Hampshire,G-T,Services,2022,15697
TLM84,North Lanarkshire,A-F,Goods,2022,2638
TLM84,North Lanarkshire,G-T,Services,2022,6570
TLF25,North Northamptonshire,A-F,Goods,2022,2421
TLF25,North Northamptonshire,G-T,Services,2022,5781
TLF15,North Nottinghamshire,A-F,Goods,2022,3180
TLF15,North Nottinghamshire,G-T,Services,2022,7064
TLE22,North Yorkshire CC,A-F,Goods,2022,4920
TLE22,North Yorkshire CC,G-T,Services,2022,13169
TLE13,North and North East Lincolnshire,A-F,Goods,2022,5830
TLE13,North and North East Lincolnshire,G-T,Services,2022,5023
TLH16,North and West Norfolk,A-F,Goods,2022,1682
TLH16,North and West Norfolk,G-T,Services,2022,3497
TLC21,Northumberland,A-F,Goods,2022,2222
TLC21,Northumberland,G-T,Services,2022,4079
TLH15,Norwich and East Norfolk,A-F,Goods,2022,1909
TLH15,Norwich and East Norfolk,G-T,Services,2022,9184
TLF14,Nottingham,A-F,Goods,2022,1376
TLF14,Nottingham,G-T,Services,2022,10101
TLM65,Orkney Islands,A-F,Goods,2022,174
TLM65,Orkney Islands,G-T,Services,2022,429
TLJ14,Oxfordshire CC,A-F,Goods,2022,5651
TLJ14,Oxfordshire CC,G-T,Services,2022,22567
TLM77,"Perth and Kinross, and Stirling",A-F,Goods,2022,2408
TLM77,"Perth and Kinross, and Stirling",G-T,Services,2022,4824
TLH11,Peterborough,A-F,Goods,2022,1867
TLH11,Peterborough,G-T,Services,2022,5322
TLK41,Plymouth,A-F,Goods,2022,1737
TLK41,Plymouth,G-T,Services,2022,5233
TLJ31,Portsmouth,A-F,Goods,2022,1297
TLJ31,Portsmouth,G-T,Services,2022,6212
TLL24,Powys,A-F,Goods,2022,723
TLL24,Powys,G-T,Services,2022,1827
TLI53,Redbridge and Waltham Forest,A-F,Goods,2022,1206
TLI53,Redbridge and Waltham Forest,G-T,Services,2022,8670
TLG37,Sandwell,A-F,Goods,2022,2049
TLG37,Sandwell,G-T,Services,2022,4750
TLM91,Scottish Borders,A-F,Goods,2022,712
TLM91,Scottish Borders,G-T,Services,2022,1794
TLD73,Sefton,A-F,Goods,2022,614
TLD73,Sefton,G-T,Services,2022,4378
TLE32,Sheffield,A-F,Goods,2022,2168
TLE32,Sheffield,G-T,Services,2022,13513
TLM66,Shetland Islands,A-F,Goods,2022,237
TLM66,Shetland Islands,G-T,Services,2022,533
TLG22,Shropshire CC,A-F,Goods,2022,1959
TLG22,Shropshire CC,G-T,Services,2022,5897
TLG32,Solihull,A-F,Goods,2022,1965
TLG32,Solihull,G-T,Services,2022,7746
TLK23,Somerset CC,A-F,Goods,2022,3912
TLK23,Somerset CC,G-T,Services,2022,10201
TLM94,South Ayrshire,A-F,Goods,2022,637
TLM94,South Ayrshire,G-T,Services,2022,1915
TLJ35,South Hampshire,A-F,Goods,2022,2974
TLJ35,South Hampshire,G-T,Services,2022,9170
TLM95,South Lanarkshire,A-F,Goods,2022,2074
TLM95,South Lanarkshire,G-T,Services,2022,5389
TLF16,South Nottinghamshire,A-F,Goods,2022,1976
TLF16,South Nottinghamshire,G-T,Services,2022,5728
TLC12,South Teesside,A-F,Goods,2022,1094
TLC12,South Teesside,G-T,Services,2022,4386
TLL14,South West Wales,A-F,Goods,2022,2423
TLL14,South West Wales,G-T,Services,2022,5779
TLF13,South and West Derbyshire,A-F,Goods,2022,4673
TLF13,South and West Derbyshire,G-T,Services,2022,6798
TLJ32,Southampton,A-F,Goods,2022,2668
TLJ32,Southampton,G-T,Services,2022,7355
TLH31,Southend-on-Sea,A-F,Goods,2022,604
TLH31,Southend-on-Sea,G-T,Services,2022,2718
TLG24,Staffordshire CC,A-F,Goods,2022,6313
TLG24,Staffordshire CC,G-T,Services,2022,16355
TLG23,Stoke-on-Trent,A-F,Goods,2022,1422
TLG23,Stoke-on-Trent,G-T,Services,2022,5423
TLH14,Suffolk CC,A-F,Goods,2022,5184
TLH14,Suffolk CC,G-T,Services,2022,15627
TLC23,Sunderland,A-F,Goods,2022,2278
TLC23,Sunderland,G-T,Services,2022,4953
TLL18,Swansea,A-F,Goods,2022,670
TLL18,Swansea,G-T,Services,2022,5104
TLK14,Swindon,A-F,Goods,2022,2554
TLK14,Swindon,G-T,Services,2022,8915
TLG21,Telford and Wrekin,A-F,Goods,2022,1746
TLG21,Telford and Wrekin,G-T,Services,2022,4398
TLH32,Thurrock,A-F,Goods,2022,991
TLH32,Thurrock,G-T,Services,2022,4625
TLK42,Torbay,A-F,Goods,2022,241
TLK42,Torbay,G-T,Services,2022,2163
TLI42,Tower Hamlets,A-F,Goods,2022,1555
TLI42,Tower Hamlets,G-T,Services,2022,35002
TLC22,Tyneside,A-F,Goods,2022,3519
TLC22,Tyneside,G-T,Services,2022,19676
TLE45,Wakefield,A-F,Goods,2022,2700
TLE45,Wakefield,G-T,Services,2022,6494
TLG38,Walsall,A-F,Goods,2022,1318
TLG38,Walsall,G-T,Services,2022,3771
TLI34,Wandsworth,A-F,Goods,2022,591
TLI34,Wandsworth,G-T,Services,2022,7125
TLD61,Warrington,A-F,Goods,2022,2248
TLD61,Warrington,G-T,Services,2022,7025
TLG13,Warwickshire CC,A-F,Goods,2022,5713
TLG13,Warwickshire CC,G-T,Services,2022,14739
TLD11,West Cumbria,A-F,Goods,2022,2285
TLD11,West Cumbria,G-T,Services,2022,2903
TLH35,West Essex,A-F,Goods,2022,2281
TLH35,West Essex,G-T,Services,2022,7122
TLJ46,West Kent,A-F,Goods,2022,2718
TLJ46,West Kent,G-T,Services,2022,11170
TLM78,West Lothian,A-F,Goods,2022,1819
TLM78,West Lothian,G-T,Services,2022,3973
TLF24,West Northamptonshire,A-F,Goods,2022,3347
TLF24,West Northamptonshire,G-T,Services,2022,11255
TLJ25,West Surrey,A-F,Goods,2022,4966
TLJ25,West Surrey,G-T,Services,2022,30345
TLJ28,West Sussex (North East),A-F,Goods,2022,2613
TLJ28,West Sussex (North East),G-T,Services,2022,11189
TLJ27,West Sussex (South West),A-F,Goods,2022,3222
TLJ27,West Sussex (South West),G-T,Services,2022,9702
TLI32,Westminster,A-F,Goods,2022,3654
TLI32,Westminster,G-T,Services,2022,85795
TLK15,Wiltshire,A-F,Goods,2022,3006
TLK15,Wiltshire,G-T,Services,2022,11386
TLD74,Wirral,A-F,Goods,2022,1065
TLD74,Wirral,G-T,Services,2022,5016
TLG39,Wolverhampton,A-F,Goods,2022,1538
TLG39,Wolverhampton,G-T,Services,2022,4532
TLG12,Worcestershire CC,A-F,Goods,2022,3648
TLG12,Worcestershire CC,G-T,Services,2022,11966
TLE21,York,A-F,Goods,2022,927
TLE21,York,G-T,Services,2022,6705
