ITL_code,Region_name,SIC07_code,SIC07_description,1998,1999,2000,2001,2002,2003,2004,2005,2006,2007,2008,2009,2010,2011,2012,2013,2014,2015,2016,2017,2018,2019,2020,2021,2022
TLC1,Tees Valley and Durham,1,Agriculture and hunting,58,50,44,31,74,72,64,50,63,57,93,95,88,110,99,101,143,115,101,99,100,112,109,149,180
TLC1,Tees Valley and Durham,2-3,Forestry and fishing,6,5,4,4,3,3,3,3,3,4,4,5,4,6,7,6,7,7,5,7,6,8,7,7,7
TLC1,Tees Valley and Durham,B (5-9),Mining and quarrying,70,62,57,58,67,88,87,69,74,73,94,107,122,139,176,191,169,170,106,89,95,109,79,102,125
TLC1,Tees Valley and Durham,10,Manufacture of food products,243,256,271,294,288,297,290,259,270,285,277,287,322,293,287,253,225,266,283,320,363,306,270,291,312
TLC1,Tees Valley and Durham,11-12,Manufacture of beverages and tobacco products,89,120,129,85,71,74,80,44,48,47,48,15,16,16,15,9,10,10,10,10,10,8,1,35,34
TLC1,Tees Valley and Durham,13,Manufacture of textiles,43,43,38,47,47,57,41,40,37,38,34,38,53,42,54,63,61,59,55,65,53,59,58,45,30
TLC1,Tees Valley and Durham,14-15,Manufacture of wearing apparel and leather products,93,89,82,67,52,45,36,26,21,18,11,10,22,12,14,17,26,31,20,27,26,24,21,27,35
TLC1,Tees Valley and Durham,16-17,Manufacture of wood and paper products,53,63,59,63,74,80,78,76,80,89,92,96,96,88,82,67,85,96,110,109,111,127,105,114,118
TLC1,Tees Valley and Durham,18,Printing and reproduction of recorded media,23,26,23,21,24,28,29,28,33,30,27,30,25,26,28,33,40,38,40,47,35,48,36,39,42
TLC1,Tees Valley and Durham,CD-CF (19-21),"Manufacture of petroleum, chemicals and pharmaceuticals",1022,868,885,678,730,906,799,930,940,947,1154,1152,1171,1144,1026,1027,997,1104,1230,1175,1255,1368,1749,1800,1895
TLC1,Tees Valley and Durham,22,Manufacture of rubber and plastic products,180,185,202,211,202,199,219,209,177,174,130,117,84,65,69,106,118,162,161,153,146,127,140,140,150
TLC1,Tees Valley and Durham,23,Manufacture of other non-metallic mineral products,75,63,76,76,87,97,106,115,116,118,83,84,108,109,98,111,117,138,94,73,79,96,51,56,51
TLC1,Tees Valley and Durham,24,Manufacture of basic metals,167,218,227,213,201,301,291,258,197,210,245,147,199,204,203,177,190,141,174,127,102,115,144,107,113
TLC1,Tees Valley and Durham,25,Manufacture of fabricated metal products,336,300,261,236,302,260,291,267,206,220,345,302,334,390,409,377,399,372,377,374,412,455,537,380,390
TLC1,Tees Valley and Durham,CI (26),"Manufacture of computer, electronic and optical products",71,78,76,79,88,89,95,66,47,48,55,123,135,123,109,108,91,67,74,87,95,107,149,126,163
TLC1,Tees Valley and Durham,CJ (27),Manufacture of electrical equipment,119,105,101,90,97,92,92,88,92,92,71,52,54,55,72,75,88,84,83,81,74,68,92,85,72
TLC1,Tees Valley and Durham,CK (28),Manufacture of machinery and equipment,262,317,286,260,251,276,243,224,235,269,206,156,258,256,340,417,415,482,479,473,527,529,360,388,357
TLC1,Tees Valley and Durham,29,Manufacture of motor vehicles,157,154,206,189,175,171,177,182,173,156,179,113,132,92,69,83,88,94,118,161,202,233,246,368,625
TLC1,Tees Valley and Durham,30,Manufacture of other transport equipment,31,45,46,48,57,68,81,76,86,82,75,59,42,67,62,52,53,51,51,60,93,80,84,72,102
TLC1,Tees Valley and Durham,31,Manufacture of furniture,68,69,64,66,69,94,90,85,96,87,96,92,109,91,91,101,96,110,101,104,121,111,90,89,94
TLC1,Tees Valley and Durham,32,Other manufacturing,26,30,28,27,32,37,31,32,33,29,23,21,23,23,30,25,23,29,24,22,17,16,11,35,38
TLC1,Tees Valley and Durham,33,Repair and installation of machinery and equipment,54,70,60,50,63,60,56,55,60,51,41,44,52,45,62,73,70,68,65,64,71,71,66,66,71
TLC1,Tees Valley and Durham,D (35),"Electricity, gas, steam and air conditioning supply",266,285,249,206,216,269,326,392,615,745,862,1028,772,417,478,499,460,506,385,323,304,339,348,244,276
TLC1,Tees Valley and Durham,E (36-39),Water supply; sewerage and waste management,239,205,202,248,362,360,407,423,433,401,398,392,424,446,435,440,450,451,485,465,490,440,465,489,538
TLC1,Tees Valley and Durham,41,Construction of buildings,202,243,279,288,329,356,332,375,366,394,316,232,210,215,216,250,240,285,325,308,373,447,332,445,498
TLC1,Tees Valley and Durham,42,Civil engineering,147,177,216,209,194,210,229,221,200,220,200,234,265,311,329,299,345,399,383,329,395,358,313,403,443
TLC1,Tees Valley and Durham,43,Specialised construction activities,281,336,381,383,393,540,573,646,660,779,824,797,651,653,659,675,744,724,699,752,761,817,633,749,854
TLC1,Tees Valley and Durham,45,Motor trades,117,144,163,197,216,257,341,429,397,346,361,312,319,308,261,252,321,357,320,352,341,320,290,547,575
TLC1,Tees Valley and Durham,46,Wholesale trade,255,267,295,374,390,379,395,375,410,417,464,484,511,478,462,443,419,373,383,463,573,615,614,715,809
TLC1,Tees Valley and Durham,47,Retail trade,774,866,808,858,908,904,985,980,1119,1122,1180,1259,1274,1153,1213,1398,1454,1488,1341,1215,1248,1104,1221,1084,1103
TLC1,Tees Valley and Durham,49,Land transport,287,294,289,321,311,341,397,374,406,432,393,372,414,459,419,435,420,429,429,410,462,469,411,373,472
TLC1,Tees Valley and Durham,50-51,Water and air transport,11,12,14,15,11,10,11,12,11,9,11,7,6,11,15,19,18,17,17,14,11,12,7,7,5
TLC1,Tees Valley and Durham,52,Warehousing and transport support activities,84,84,89,115,118,115,100,98,102,109,160,170,198,204,207,194,207,199,197,238,253,295,338,383,361
TLC1,Tees Valley and Durham,53,Postal and courier activities,85,85,95,98,112,102,108,111,118,118,118,157,152,154,160,158,138,147,149,133,115,143,137,157,166
TLC1,Tees Valley and Durham,55,Accommodation,55,45,46,63,76,72,73,92,104,104,86,81,81,86,86,89,67,75,98,116,111,93,22,127,181
TLC1,Tees Valley and Durham,56,Food and beverage service activities,245,251,276,307,339,329,335,342,354,359,374,356,361,382,349,348,392,426,440,449,463,520,311,415,540
TLC1,Tees Valley and Durham,58,Publishing activities,36,37,34,35,35,35,37,39,35,32,29,23,23,26,24,23,21,19,16,13,15,15,13,22,33
TLC1,Tees Valley and Durham,59-60,"Film and TV production, programming and broadcasting",6,7,8,7,8,9,12,13,14,15,17,16,17,17,18,17,15,16,18,19,18,16,7,11,13
TLC1,Tees Valley and Durham,61,Telecommunications,292,301,349,502,565,614,643,598,598,516,481,407,422,479,494,537,675,731,641,617,547,495,421,551,693
TLC1,Tees Valley and Durham,62,Computer programming and consultancy,42,51,44,52,62,65,72,108,129,134,134,115,95,94,81,79,82,64,68,63,75,85,143,110,74
TLC1,Tees Valley and Durham,63,Information service activities,16,18,17,18,25,28,26,22,45,68,77,71,74,75,72,62,50,39,30,24,26,19,14,19,15
TLC1,Tees Valley and Durham,64,Financial service activities,239,292,272,260,287,335,425,410,587,574,497,623,573,546,648,616,551,641,686,720,704,732,577,600,761
TLC1,Tees Valley and Durham,65,Insurance and pension funding,96,74,79,123,74,61,126,139,186,207,192,189,136,168,240,297,282,166,156,166,151,107,105,96,58
TLC1,Tees Valley and Durham,66,Activities auxiliary to finance and insurance,28,30,29,33,38,51,57,46,44,51,68,79,79,79,66,79,68,68,89,114,114,148,174,190,194
TLC1,Tees Valley and Durham,68IMP,Owner-occupiers' imputed rental,1515,1566,1610,1576,1501,1480,1495,1610,1693,1699,1774,1628,1523,1562,1601,1586,1668,1680,1802,1848,1975,2018,1978,2016,2167
TLC1,Tees Valley and Durham,68,"Real estate activities, excluding imputed rental",337,371,385,371,381,412,482,520,537,564,583,721,718,858,884,870,883,922,961,1024,909,913,875,995,1067
TLC1,Tees Valley and Durham,69,Legal and accounting activities,103,86,89,86,86,123,151,146,155,140,117,96,104,95,115,151,178,207,225,281,221,209,185,241,293
TLC1,Tees Valley and Durham,70,Head offices and management consultancy,30,29,35,42,33,44,71,74,88,83,96,79,74,96,101,132,138,123,111,107,88,105,115,113,157
TLC1,Tees Valley and Durham,71,Architectural and engineering activities,175,140,166,132,148,180,205,188,209,220,209,234,231,232,238,289,302,329,284,280,258,233,125,129,125
TLC1,Tees Valley and Durham,72,Scientific research and development,24,43,34,24,27,17,47,37,49,65,126,167,197,243,236,168,154,197,238,194,273,311,432,490,406
TLC1,Tees Valley and Durham,73,Advertising and market research,11,12,16,17,19,24,26,28,33,30,23,22,23,24,20,19,18,21,15,15,14,13,15,30,34
TLC1,Tees Valley and Durham,74,"Other professional, scientific and technical activities",28,21,25,26,30,46,51,55,64,66,64,61,55,55,47,51,54,51,58,55,48,54,39,79,71
TLC1,Tees Valley and Durham,75,Veterinary activities,13,12,11,14,12,15,14,15,15,14,12,10,18,25,29,35,36,36,35,44,41,44,41,46,50
TLC1,Tees Valley and Durham,77,Rental and leasing activities,62,91,121,145,158,142,160,164,132,129,137,179,215,184,162,163,162,157,156,195,225,274,344,284,348
TLC1,Tees Valley and Durham,78,Employment activities,73,71,73,73,68,89,123,130,146,182,202,173,191,183,174,183,195,206,197,186,180,193,218,208,150
TLC1,Tees Valley and Durham,79,Travel agency and tour operator activities,27,31,30,28,26,25,26,28,24,25,25,24,27,33,48,60,75,81,83,61,60,55,13,22,58
TLC1,Tees Valley and Durham,80,Security and investigation activities,31,28,29,30,28,30,28,27,26,25,20,16,16,16,18,19,21,24,27,30,30,30,29,20,21
TLC1,Tees Valley and Durham,81,Services to buildings and landscape activities,41,33,33,33,34,39,50,53,59,70,80,78,81,83,77,84,84,94,107,99,79,89,92,76,105
TLC1,Tees Valley and Durham,82,Office administration and business support activities,124,102,98,106,109,138,133,129,121,118,102,90,111,103,121,130,165,193,206,177,174,210,153,141,146
TLC1,Tees Valley and Durham,O (84),Public administration and defence,633,668,661,684,673,711,736,837,936,936,1105,1232,1243,1204,1232,1281,1228,1259,1346,1377,1442,1511,1514,1566,1753
TLC1,Tees Valley and Durham,P (85),Education,704,797,879,940,1030,1107,1221,1259,1244,1299,1312,1423,1462,1513,1548,1537,1480,1521,1532,1586,1646,1749,1954,1950,2144
TLC1,Tees Valley and Durham,86,Human health activities,707,740,786,810,839,841,929,1035,1095,1260,1291,1223,1215,1295,1401,1372,1433,1452,1420,1454,1473,1605,1603,1910,1932
TLC1,Tees Valley and Durham,87,Residential care activities,114,116,128,133,151,185,216,226,281,285,291,303,326,362,315,318,363,415,382,354,375,377,436,509,476
TLC1,Tees Valley and Durham,88,Social work activities,107,116,124,143,176,186,190,211,242,257,257,302,337,350,313,293,347,331,379,457,498,504,622,541,532
TLC1,Tees Valley and Durham,90,"Creative, arts and entertainment activities",10,9,14,11,9,8,9,14,16,17,14,12,13,16,16,16,13,16,17,22,15,19,8,9,14
TLC1,Tees Valley and Durham,91,"Libraries, archives, museums and other cultural activities",13,13,14,15,18,20,18,18,17,17,17,18,20,21,22,23,20,24,22,21,21,19,18,22,24
TLC1,Tees Valley and Durham,92,Gambling and betting activities,30,45,32,28,55,55,106,114,83,93,95,90,73,118,121,140,126,131,95,96,91,115,40,67,84
TLC1,Tees Valley and Durham,93,"Sports, amusement and recreation activities",43,45,53,66,75,81,90,115,119,104,93,87,88,87,90,77,79,78,86,93,104,118,93,87,115
TLC1,Tees Valley and Durham,94,Activities of membership organisations,62,51,59,57,66,62,69,76,84,82,38,51,56,48,31,24,22,33,38,44,40,40,24,36,37
TLC1,Tees Valley and Durham,95,"Repair of computers, personal and household goods",9,11,12,16,20,20,29,29,35,29,21,17,15,15,18,19,25,27,32,32,28,26,12,15,21
TLC1,Tees Valley and Durham,96,Other personal service activities,116,116,134,136,146,141,161,158,156,164,201,192,201,175,194,189,196,197,224,241,287,275,275,312,359
TLC1,Tees Valley and Durham,T (97-98),Activities of households,17,19,21,17,18,10,12,10,15,11,16,13,24,21,19,28,27,20,28,22,33,40,34,39,25
TLC2,"Northumberland, and Tyne and Wear",1,Agriculture and hunting,90,70,68,60,117,118,106,67,79,67,103,105,136,181,155,161,207,180,156,164,165,186,186,256,322
TLC2,"Northumberland, and Tyne and Wear",2-3,Forestry and fishing,21,19,15,17,15,14,15,16,17,17,19,22,20,23,25,24,30,31,25,30,26,40,31,31,31
TLC2,"Northumberland, and Tyne and Wear",B (5-9),Mining and quarrying,48,58,62,51,53,60,60,58,68,42,48,55,50,50,53,44,38,39,24,31,29,31,23,26,28
TLC2,"Northumberland, and Tyne and Wear",10,Manufacture of food products,312,286,307,330,332,319,295,264,287,316,323,264,265,301,292,341,334,329,289,271,258,279,272,212,213
TLC2,"Northumberland, and Tyne and Wear",11-12,Manufacture of beverages and tobacco products,61,65,63,55,64,67,64,59,57,59,65,53,49,42,35,28,33,36,34,50,63,53,26,55,68
TLC2,"Northumberland, and Tyne and Wear",13,Manufacture of textiles,20,20,22,25,29,35,33,36,35,37,30,34,43,36,47,51,52,55,61,95,68,76,62,76,76
TLC2,"Northumberland, and Tyne and Wear",14-15,Manufacture of wearing apparel and leather products,81,77,74,64,58,48,44,36,32,37,31,27,39,15,17,16,28,32,13,26,29,25,41,42,46
TLC2,"Northumberland, and Tyne and Wear",16-17,Manufacture of wood and paper products,173,164,166,164,160,168,162,163,153,182,195,206,228,220,212,181,199,224,253,246,227,303,238,220,240
TLC2,"Northumberland, and Tyne and Wear",18,Printing and reproduction of recorded media,87,70,79,90,86,97,104,107,109,115,127,139,109,117,121,148,176,169,189,218,233,200,143,147,131
TLC2,"Northumberland, and Tyne and Wear",CD-CF (19-21),"Manufacture of petroleum, chemicals and pharmaceuticals",413,370,379,335,429,382,359,392,431,474,401,514,653,642,638,655,601,663,693,695,688,727,783,802,1159
TLC2,"Northumberland, and Tyne and Wear",22,Manufacture of rubber and plastic products,182,185,177,196,186,190,209,252,249,233,219,185,143,148,184,237,261,292,270,206,205,173,182,227,248
TLC2,"Northumberland, and Tyne and Wear",23,Manufacture of other non-metallic mineral products,70,62,78,81,88,90,91,103,97,94,82,79,81,87,87,89,84,82,87,95,83,86,76,108,115
TLC2,"Northumberland, and Tyne and Wear",24,Manufacture of basic metals,65,75,103,118,113,124,111,115,110,118,121,82,88,73,62,47,58,54,61,64,64,62,81,89,83
TLC2,"Northumberland, and Tyne and Wear",25,Manufacture of fabricated metal products,226,289,265,219,234,248,261,311,368,344,323,255,277,341,339,360,388,378,396,397,396,486,497,417,421
TLC2,"Northumberland, and Tyne and Wear",CI (26),"Manufacture of computer, electronic and optical products",292,210,133,102,116,109,120,125,136,123,121,172,207,184,152,147,105,84,108,133,153,175,229,227,232
TLC2,"Northumberland, and Tyne and Wear",CJ (27),Manufacture of electrical equipment,161,165,147,157,169,157,158,159,171,161,167,154,183,159,155,166,194,164,154,179,204,220,214,223,201
TLC2,"Northumberland, and Tyne and Wear",CK (28),Manufacture of machinery and equipment,308,248,292,286,371,367,374,416,420,430,395,263,434,538,611,666,601,539,491,429,468,438,302,312,293
TLC2,"Northumberland, and Tyne and Wear",29,Manufacture of motor vehicles,349,345,458,427,461,465,442,446,424,389,505,420,543,490,503,651,713,772,833,849,793,711,617,769,911
TLC2,"Northumberland, and Tyne and Wear",30,Manufacture of other transport equipment,78,80,77,75,85,81,98,80,93,74,64,52,40,63,64,47,32,26,21,18,19,17,10,21,25
TLC2,"Northumberland, and Tyne and Wear",31,Manufacture of furniture,87,76,84,87,81,76,73,66,66,78,77,56,56,50,44,49,47,52,50,58,71,78,75,56,59
TLC2,"Northumberland, and Tyne and Wear",32,Other manufacturing,61,53,52,56,58,62,65,57,63,71,70,66,72,77,85,66,69,84,90,81,76,72,69,79,67
TLC2,"Northumberland, and Tyne and Wear",33,Repair and installation of machinery and equipment,98,100,95,87,108,86,91,85,96,103,88,93,97,99,128,121,124,95,93,86,97,101,87,109,117
TLC2,"Northumberland, and Tyne and Wear",D (35),"Electricity, gas, steam and air conditioning supply",459,335,306,387,447,466,575,549,701,732,893,1241,873,566,741,709,740,735,774,936,768,1120,680,415,366
TLC2,"Northumberland, and Tyne and Wear",E (36-39),Water supply; sewerage and waste management,273,311,297,289,245,250,255,254,255,304,311,282,272,287,311,323,339,336,358,395,400,399,401,390,398
TLC2,"Northumberland, and Tyne and Wear",41,Construction of buildings,302,330,328,364,436,486,526,576,605,584,526,377,388,448,426,435,447,529,525,611,726,798,553,833,944
TLC2,"Northumberland, and Tyne and Wear",42,Civil engineering,221,233,240,252,277,249,275,306,323,287,271,281,288,313,322,272,247,276,247,206,184,216,165,282,438
TLC2,"Northumberland, and Tyne and Wear",43,Specialised construction activities,389,426,423,462,534,537,617,682,710,722,797,638,665,660,610,720,836,875,884,910,855,924,663,714,788
TLC2,"Northumberland, and Tyne and Wear",45,Motor trades,232,248,265,286,305,335,303,350,440,475,414,267,306,326,362,343,387,443,429,447,472,478,378,449,443
TLC2,"Northumberland, and Tyne and Wear",46,Wholesale trade,518,573,551,531,516,565,612,619,645,696,723,623,669,664,634,573,666,655,634,612,617,749,602,766,805
TLC2,"Northumberland, and Tyne and Wear",47,Retail trade,1234,1277,1254,1233,1306,1306,1455,1547,1646,1628,1691,1628,1545,1513,1615,1646,1768,1702,1696,1760,1709,1912,1575,1919,2220
TLC2,"Northumberland, and Tyne and Wear",49,Land transport,252,272,280,309,309,358,394,382,364,395,405,378,387,395,353,389,411,394,424,464,513,562,336,343,425
TLC2,"Northumberland, and Tyne and Wear",50-51,Water and air transport,44,57,60,66,68,62,68,86,106,95,118,85,95,117,135,139,151,166,168,148,153,146,78,78,238
TLC2,"Northumberland, and Tyne and Wear",52,Warehousing and transport support activities,115,97,105,102,109,127,126,120,118,135,167,183,203,227,256,287,331,360,355,336,354,372,267,284,307
TLC2,"Northumberland, and Tyne and Wear",53,Postal and courier activities,135,142,154,154,172,159,159,182,180,190,192,177,186,191,207,219,170,173,207,210,183,197,198,220,179
TLC2,"Northumberland, and Tyne and Wear",55,Accommodation,88,85,94,98,117,131,155,175,174,166,171,145,143,140,143,184,206,222,239,274,264,254,124,320,458
TLC2,"Northumberland, and Tyne and Wear",56,Food and beverage service activities,379,350,366,404,382,399,472,524,511,496,544,498,535,597,574,569,610,623,744,769,715,662,569,663,854
TLC2,"Northumberland, and Tyne and Wear",58,Publishing activities,82,75,74,101,99,92,96,94,83,87,81,65,60,80,76,74,73,66,71,72,89,81,47,27,31
TLC2,"Northumberland, and Tyne and Wear",59-60,"Film and TV production, programming and broadcasting",44,45,56,49,46,58,68,75,59,66,65,55,57,65,74,78,67,79,84,74,72,77,55,60,70
TLC2,"Northumberland, and Tyne and Wear",61,Telecommunications,378,386,434,587,736,720,700,699,649,675,788,810,725,789,871,841,952,1147,1190,1269,1088,1001,906,941,878
TLC2,"Northumberland, and Tyne and Wear",62,Computer programming and consultancy,142,127,143,201,229,227,227,272,257,276,262,278,335,368,374,332,379,397,435,503,482,583,622,917,1345
TLC2,"Northumberland, and Tyne and Wear",63,Information service activities,44,34,41,70,75,104,125,155,158,172,151,137,145,155,165,161,130,100,77,70,82,84,102,68,43
TLC2,"Northumberland, and Tyne and Wear",64,Financial service activities,425,430,417,465,547,670,1052,1168,1377,1391,962,1166,1092,1070,1079,1038,942,1098,1152,1126,1192,1045,1017,1072,1116
TLC2,"Northumberland, and Tyne and Wear",65,Insurance and pension funding,226,190,221,207,165,172,253,312,223,211,146,219,280,322,514,509,633,613,483,601,571,421,382,406,465
TLC2,"Northumberland, and Tyne and Wear",66,Activities auxiliary to finance and insurance,50,53,41,50,54,50,45,46,49,67,61,56,62,81,87,111,99,102,129,196,224,281,314,367,386
TLC2,"Northumberland, and Tyne and Wear",68IMP,Owner-occupiers' imputed rental,1943,1986,2026,2062,2102,2149,2196,2151,2225,2198,2316,2106,2000,2033,2121,2056,2180,2249,2414,2482,2695,2726,2716,2791,2983
TLC2,"Northumberland, and Tyne and Wear",68,"Real estate activities, excluding imputed rental",454,486,501,556,539,547,584,665,719,777,828,884,871,1173,1062,1084,1118,1209,1241,1264,1208,1252,1295,1303,1410
TLC2,"Northumberland, and Tyne and Wear",69,Legal and accounting activities,248,236,256,285,291,280,325,384,423,383,371,396,411,448,478,498,537,499,466,469,492,523,429,493,530
TLC2,"Northumberland, and Tyne and Wear",70,Head offices and management consultancy,89,85,77,71,64,77,60,80,80,81,128,125,121,114,114,114,127,140,151,161,153,187,174,199,211
TLC2,"Northumberland, and Tyne and Wear",71,Architectural and engineering activities,156,155,164,177,187,196,210,219,223,239,239,236,225,209,212,227,241,260,279,282,220,265,339,382,412
TLC2,"Northumberland, and Tyne and Wear",72,Scientific research and development,22,44,41,58,157,163,183,171,155,194,225,233,302,311,279,175,173,191,204,245,349,362,332,317,314
TLC2,"Northumberland, and Tyne and Wear",73,Advertising and market research,54,54,58,65,65,81,90,95,106,89,75,74,79,83,73,70,66,93,85,95,107,101,103,98,134
TLC2,"Northumberland, and Tyne and Wear",74,"Other professional, scientific and technical activities",43,44,52,59,61,56,60,69,73,73,80,112,113,112,96,92,91,90,95,85,80,98,74,136,153
TLC2,"Northumberland, and Tyne and Wear",75,Veterinary activities,19,15,10,12,10,11,11,17,18,18,18,20,19,29,32,36,35,36,37,46,49,56,58,64,79
TLC2,"Northumberland, and Tyne and Wear",77,Rental and leasing activities,128,132,132,151,167,162,158,200,205,213,185,155,145,133,131,158,169,173,166,206,203,226,154,271,351
TLC2,"Northumberland, and Tyne and Wear",78,Employment activities,152,147,132,175,175,182,185,231,218,258,297,261,267,264,265,262,280,328,378,435,400,427,452,418,475
TLC2,"Northumberland, and Tyne and Wear",79,Travel agency and tour operator activities,38,45,51,58,69,63,67,83,95,105,106,122,156,162,185,170,204,189,164,120,149,172,159,186,256
TLC2,"Northumberland, and Tyne and Wear",80,Security and investigation activities,46,46,50,54,50,50,48,50,46,50,47,43,40,43,44,43,46,55,57,61,68,54,58,28,31
TLC2,"Northumberland, and Tyne and Wear",81,Services to buildings and landscape activities,91,87,77,80,86,89,101,94,92,110,134,141,159,159,175,186,173,181,220,262,284,316,240,343,401
TLC2,"Northumberland, and Tyne and Wear",82,Office administration and business support activities,95,80,86,124,170,154,165,185,183,197,198,169,167,182,230,245,286,342,368,320,360,389,244,317,283
TLC2,"Northumberland, and Tyne and Wear",O (84),Public administration and defence,1093,1139,1103,1085,1234,1319,1582,1583,1861,1798,1744,1956,2041,1990,1962,1945,1844,1914,1860,1843,1873,2044,1980,2341,2620
TLC2,"Northumberland, and Tyne and Wear",P (85),Education,872,886,956,1078,1237,1433,1501,1626,1691,1793,1875,1840,1869,1878,1910,1860,1940,1950,2033,1947,2010,2180,2325,2315,2444
TLC2,"Northumberland, and Tyne and Wear",86,Human health activities,954,917,1024,1161,1130,1304,1500,1652,1655,1546,1737,1824,1886,2110,2321,2362,2245,2242,2294,2482,2373,2440,2716,3032,3190
TLC2,"Northumberland, and Tyne and Wear",87,Residential care activities,171,169,200,232,268,255,303,311,314,327,336,364,387,448,360,317,326,369,365,382,415,468,474,396,367
TLC2,"Northumberland, and Tyne and Wear",88,Social work activities,155,160,181,218,234,275,294,265,318,345,397,350,444,384,374,418,426,404,457,536,607,636,697,625,573
TLC2,"Northumberland, and Tyne and Wear",90,"Creative, arts and entertainment activities",24,21,28,18,18,23,26,29,33,38,37,28,29,36,34,43,39,50,51,60,51,60,40,39,58
TLC2,"Northumberland, and Tyne and Wear",91,"Libraries, archives, museums and other cultural activities",10,13,19,13,17,18,21,20,31,31,42,41,43,38,41,44,37,39,32,27,30,27,17,13,16
TLC2,"Northumberland, and Tyne and Wear",92,Gambling and betting activities,62,66,57,68,74,98,145,165,139,93,85,65,63,103,108,155,185,193,129,129,118,129,48,89,106
TLC2,"Northumberland, and Tyne and Wear",93,"Sports, amusement and recreation activities",68,73,77,99,115,144,152,131,145,154,192,193,207,223,239,248,254,254,263,263,265,268,221,211,297
TLC2,"Northumberland, and Tyne and Wear",94,Activities of membership organisations,107,107,109,117,129,139,155,169,178,185,190,227,234,202,162,146,154,179,190,230,211,217,194,219,245
TLC2,"Northumberland, and Tyne and Wear",95,"Repair of computers, personal and household goods",12,12,12,13,14,13,14,14,18,16,14,13,10,11,11,15,21,22,26,26,30,32,33,19,22
TLC2,"Northumberland, and Tyne and Wear",96,Other personal service activities,158,155,156,164,172,172,183,184,185,204,207,198,197,211,231,246,233,254,285,323,365,388,305,374,423
TLC2,"Northumberland, and Tyne and Wear",T (97-98),Activities of households,24,24,26,25,25,23,34,39,26,26,30,26,29,18,19,15,20,33,55,67,60,66,57,66,62
TLD1,Cumbria,1,Agriculture and hunting,159,138,151,115,201,197,191,184,194,163,234,251,249,313,272,293,423,351,298,315,282,316,335,381,482
TLD1,Cumbria,2-3,Forestry and fishing,15,15,12,15,12,10,14,14,12,13,16,18,22,24,26,22,27,24,17,23,17,23,21,16,15
TLD1,Cumbria,B (5-9),Mining and quarrying,28,25,30,31,34,37,38,37,42,39,41,32,32,34,38,30,26,35,29,32,42,43,23,30,41
TLD1,Cumbria,10,Manufacture of food products,243,226,232,234,226,255,282,317,353,347,330,347,321,263,290,273,304,326,286,284,265,280,207,221,244
TLD1,Cumbria,11-12,Manufacture of beverages and tobacco products,7,5,5,7,10,13,15,24,27,27,25,28,29,30,28,31,35,40,34,37,42,41,36,45,58
TLD1,Cumbria,13,Manufacture of textiles,29,26,28,26,29,36,29,31,29,29,21,25,19,16,22,25,23,19,23,38,38,39,24,48,44
TLD1,Cumbria,14-15,Manufacture of wearing apparel and leather products,47,46,52,45,43,20,15,13,14,12,8,6,18,17,20,22,34,34,21,20,20,21,9,39,55
TLD1,Cumbria,16-17,Manufacture of wood and paper products,87,84,77,77,106,123,124,116,133,157,157,160,230,254,279,243,261,229,227,193,193,205,166,159,164
TLD1,Cumbria,18,Printing and reproduction of recorded media,17,16,15,12,11,14,15,17,21,18,20,12,9,8,8,9,10,13,14,14,14,14,8,10,9
TLD1,Cumbria,CD-CF (19-21),"Manufacture of petroleum, chemicals and pharmaceuticals",229,200,199,178,165,197,193,201,250,254,273,238,212,181,140,137,146,151,152,154,167,224,304,283,274
TLD1,Cumbria,22,Manufacture of rubber and plastic products,109,115,129,171,157,136,124,103,113,115,159,171,199,202,201,248,237,264,195,185,180,173,193,178,198
TLD1,Cumbria,23,Manufacture of other non-metallic mineral products,73,73,77,91,97,109,105,111,102,98,95,69,55,44,48,66,80,90,94,92,103,104,104,94,98
TLD1,Cumbria,24,Manufacture of basic metals,628,774,423,460,441,447,388,585,573,445,606,507,532,426,487,476,607,612,505,414,407,288,146,124,140
TLD1,Cumbria,25,Manufacture of fabricated metal products,73,84,88,77,91,87,84,74,83,104,113,108,124,165,170,217,196,198,166,156,128,153,141,120,111
TLD1,Cumbria,CI (26),"Manufacture of computer, electronic and optical products",21,18,17,23,27,22,35,38,50,46,49,54,49,45,45,52,49,47,60,54,56,48,35,52,53
TLD1,Cumbria,CJ (27),Manufacture of electrical equipment,21,10,15,23,28,16,37,35,17,24,27,49,63,59,67,62,61,60,53,47,41,43,63,90,85
TLD1,Cumbria,CK (28),Manufacture of machinery and equipment,26,30,29,28,39,41,49,56,54,49,44,24,30,32,38,51,56,58,54,49,52,39,47,28,23
TLD1,Cumbria,29,Manufacture of motor vehicles,14,17,33,38,62,28,27,37,33,15,34,32,25,12,16,17,36,63,70,87,70,82,121,157,164
TLD1,Cumbria,30,Manufacture of other transport equipment,162,130,134,68,94,110,151,103,118,152,197,218,225,272,280,305,334,373,412,513,583,620,766,859,832
TLD1,Cumbria,31,Manufacture of furniture,23,25,26,22,22,24,23,25,28,32,31,34,34,30,26,29,33,26,27,23,27,27,20,12,10
TLD1,Cumbria,32,Other manufacturing,29,27,29,24,22,23,24,24,27,28,28,32,28,27,28,31,30,25,26,33,30,28,35,33,33
TLD1,Cumbria,33,Repair and installation of machinery and equipment,78,64,43,29,37,49,55,41,50,69,13,12,15,23,32,45,50,44,50,57,51,53,59,56,58
TLD1,Cumbria,D (35),"Electricity, gas, steam and air conditioning supply",160,144,131,113,120,113,102,97,113,114,136,150,97,75,94,104,101,107,107,123,133,157,211,152,159
TLD1,Cumbria,E (36-39),Water supply; sewerage and waste management,155,139,160,139,113,129,114,137,156,142,171,167,148,121,120,152,152,171,177,202,225,269,311,284,287
TLD1,Cumbria,41,Construction of buildings,107,120,126,136,157,166,171,181,189,208,205,169,171,179,161,178,160,195,199,196,218,226,137,155,176
TLD1,Cumbria,42,Civil engineering,66,77,89,77,85,126,147,142,165,201,235,227,205,217,232,240,220,217,184,166,153,143,172,199,231
TLD1,Cumbria,43,Specialised construction activities,143,163,180,165,189,212,231,248,269,294,318,236,239,255,257,276,296,352,369,382,407,385,284,463,554
TLD1,Cumbria,45,Motor trades,91,102,123,144,127,135,154,162,161,192,215,156,214,207,196,185,217,245,213,292,266,286,126,147,173
TLD1,Cumbria,46,Wholesale trade,150,166,183,195,195,213,211,199,219,209,244,234,235,208,188,198,227,228,224,228,273,320,320,319,328
TLD1,Cumbria,47,Retail trade,461,473,462,509,514,517,550,533,610,568,609,573,626,614,686,726,675,731,639,648,728,809,746,713,785
TLD1,Cumbria,49,Land transport,165,165,157,171,188,209,230,209,235,248,239,226,207,188,199,213,254,267,269,232,261,278,105,133,177
TLD1,Cumbria,50-51,Water and air transport,10,16,27,12,10,14,24,19,23,25,78,62,74,104,100,105,99,120,118,119,99,108,42,60,68
TLD1,Cumbria,52,Warehousing and transport support activities,23,21,18,18,23,34,52,45,47,40,33,25,32,29,64,59,62,70,87,97,90,89,79,93,82
TLD1,Cumbria,53,Postal and courier activities,51,52,58,59,61,62,55,60,66,66,62,58,68,62,70,74,56,52,49,50,59,69,111,127,140
TLD1,Cumbria,55,Accommodation,94,95,101,104,113,135,136,161,208,199,177,171,217,256,280,307,337,374,413,395,377,432,222,370,473
TLD1,Cumbria,56,Food and beverage service activities,184,171,194,195,200,221,211,226,242,230,211,179,192,208,206,199,197,230,238,230,257,279,263,317,393
TLD1,Cumbria,58,Publishing activities,27,27,30,28,31,31,33,33,38,40,37,38,37,33,33,33,35,40,40,40,36,33,33,25,31
TLD1,Cumbria,59-60,"Film and TV production, programming and broadcasting",5,8,13,13,11,11,11,12,16,18,18,19,20,20,19,20,18,20,23,24,25,24,27,32,42
TLD1,Cumbria,61,Telecommunications,33,35,41,40,53,54,52,50,51,47,46,47,45,46,45,45,47,49,46,51,62,69,53,61,70
TLD1,Cumbria,62,Computer programming and consultancy,12,9,14,11,15,50,51,52,54,49,46,49,56,49,43,37,30,36,41,31,29,28,16,14,16
TLD1,Cumbria,63,Information service activities,5,6,8,8,10,13,15,14,14,13,8,7,8,8,8,9,8,6,5,4,5,4,5,3,3
TLD1,Cumbria,64,Financial service activities,69,56,63,67,83,94,103,112,135,162,146,183,184,191,170,167,180,178,199,214,186,176,161,179,232
TLD1,Cumbria,65,Insurance and pension funding,106,154,98,92,94,66,54,32,16,5,12,15,5,5,7,21,21,9,9,7,5,4,2,0,0
TLD1,Cumbria,66,Activities auxiliary to finance and insurance,12,15,14,13,11,11,10,10,8,17,21,36,33,25,29,29,20,22,44,38,36,47,36,63,63
TLD1,Cumbria,68IMP,Owner-occupiers' imputed rental,849,894,923,929,945,996,1007,1039,1099,1115,1190,1078,1039,1022,1090,1056,1105,1141,1189,1225,1276,1303,1263,1259,1341
TLD1,Cumbria,68,"Real estate activities, excluding imputed rental",141,138,142,144,145,165,161,177,198,221,326,393,366,385,412,398,391,412,424,449,427,435,399,350,393
TLD1,Cumbria,69,Legal and accounting activities,61,70,64,68,82,92,100,96,103,131,145,150,146,125,125,149,132,120,117,103,87,97,87,165,154
TLD1,Cumbria,70,Head offices and management consultancy,19,22,23,28,33,35,33,32,36,45,52,47,49,48,51,58,63,56,51,57,57,60,64,74,86
TLD1,Cumbria,71,Architectural and engineering activities,38,44,45,36,50,59,67,69,104,125,163,184,190,177,168,187,189,188,205,180,189,200,152,224,239
TLD1,Cumbria,72,Scientific research and development,25,24,25,25,26,27,26,23,23,27,31,32,42,45,40,32,31,26,24,21,31,36,30,21,29
TLD1,Cumbria,73,Advertising and market research,5,5,6,6,7,9,10,10,10,11,11,11,12,13,13,14,12,14,12,16,18,20,13,19,28
TLD1,Cumbria,74,"Other professional, scientific and technical activities",13,12,14,14,15,18,20,20,21,23,24,26,28,32,30,37,39,35,36,38,40,51,45,44,53
TLD1,Cumbria,75,Veterinary activities,12,13,14,13,9,11,13,15,15,17,18,24,24,22,18,20,18,20,24,31,40,41,37,51,67
TLD1,Cumbria,77,Rental and leasing activities,61,49,44,49,50,53,86,96,98,96,85,88,86,70,47,44,46,55,60,50,50,43,76,61,72
TLD1,Cumbria,78,Employment activities,20,22,31,37,41,46,42,40,47,54,59,54,59,63,62,70,81,80,70,75,64,62,55,44,40
TLD1,Cumbria,79,Travel agency and tour operator activities,15,11,13,9,7,17,21,24,26,29,21,19,24,18,14,18,26,30,33,36,39,48,41,39,52
TLD1,Cumbria,80,Security and investigation activities,3,5,6,7,6,6,6,5,6,6,6,6,6,6,6,7,8,9,9,12,14,18,7,20,16
TLD1,Cumbria,81,Services to buildings and landscape activities,14,15,19,21,20,22,25,24,29,35,40,38,39,44,45,58,62,73,85,84,84,79,86,106,124
TLD1,Cumbria,82,Office administration and business support activities,21,18,19,20,27,25,28,25,28,32,32,38,48,52,67,82,85,75,74,92,99,104,87,106,123
TLD1,Cumbria,O (84),Public administration and defence,213,230,288,226,248,265,260,303,311,355,363,434,449,447,454,439,418,461,546,581,595,655,636,614,597
TLD1,Cumbria,P (85),Education,286,310,346,384,401,428,435,497,550,582,577,586,609,587,583,620,595,583,573,570,593,602,550,554,634
TLD1,Cumbria,86,Human health activities,255,231,249,273,312,353,418,438,436,490,468,470,442,440,435,442,533,523,525,556,600,654,704,750,764
TLD1,Cumbria,87,Residential care activities,76,77,83,86,114,107,104,110,118,116,89,137,160,177,302,292,281,276,261,247,213,227,262,309,273
TLD1,Cumbria,88,Social work activities,51,52,53,68,73,91,92,92,108,111,119,119,139,141,127,127,121,129,135,140,156,168,165,125,140
TLD1,Cumbria,90,"Creative, arts and entertainment activities",5,5,7,7,6,9,11,9,13,15,13,12,11,9,12,15,14,17,15,18,16,18,8,17,20
TLD1,Cumbria,91,"Libraries, archives, museums and other cultural activities",8,10,13,12,12,19,18,19,20,20,29,29,34,28,36,20,20,24,20,20,25,26,22,27,26
TLD1,Cumbria,92,Gambling and betting activities,8,11,9,12,12,21,13,24,23,34,25,22,20,49,46,53,50,55,38,42,41,46,29,25,31
TLD1,Cumbria,93,"Sports, amusement and recreation activities",20,22,28,37,33,44,46,43,46,47,51,39,42,39,50,54,48,49,54,48,48,56,32,36,44
TLD1,Cumbria,94,Activities of membership organisations,19,23,25,28,29,30,35,37,41,40,43,43,47,44,40,37,36,35,34,39,44,42,41,38,40
TLD1,Cumbria,95,"Repair of computers, personal and household goods",2,2,2,2,3,3,4,4,5,5,6,6,6,9,8,8,10,8,10,10,11,9,8,10,9
TLD1,Cumbria,96,Other personal service activities,51,68,72,79,79,83,82,83,80,86,87,85,89,99,101,114,121,121,139,154,146,173,170,142,158
TLD1,Cumbria,T (97-98),Activities of households,11,13,9,10,8,13,13,17,15,18,19,16,18,23,23,20,21,25,39,42,34,44,35,40,34
TLD3,Greater Manchester,1,Agriculture and hunting,26,27,25,25,32,29,27,22,23,19,25,26,23,25,25,27,32,28,28,24,25,28,32,31,33
TLD3,Greater Manchester,2-3,Forestry and fishing,1,0,1,2,1,2,2,3,4,4,7,7,6,7,8,6,7,9,8,10,10,12,13,13,17
TLD3,Greater Manchester,B (5-9),Mining and quarrying,23,23,23,19,12,10,14,14,18,17,16,15,15,15,16,17,18,21,19,21,26,27,26,26,32
TLD3,Greater Manchester,10,Manufacture of food products,977,1074,1143,1211,1321,1322,1303,1285,1367,1363,1280,1187,1107,1052,1018,1050,1110,1126,1026,1182,1275,1225,1381,1449,1547
TLD3,Greater Manchester,11-12,Manufacture of beverages and tobacco products,216,168,132,105,76,80,84,78,93,95,94,90,88,99,84,85,83,75,70,64,72,53,40,29,34
TLD3,Greater Manchester,13,Manufacture of textiles,376,373,400,360,362,368,311,292,295,305,288,275,356,267,348,392,376,346,407,608,518,496,453,583,629
TLD3,Greater Manchester,14-15,Manufacture of wearing apparel and leather products,242,251,256,206,174,141,130,113,116,116,68,57,125,74,93,88,142,171,85,138,145,121,115,136,134
TLD3,Greater Manchester,16-17,Manufacture of wood and paper products,281,269,241,218,223,248,252,241,234,271,279,259,254,256,290,249,281,311,386,364,408,434,370,383,418
TLD3,Greater Manchester,18,Printing and reproduction of recorded media,185,211,250,241,214,233,228,243,281,275,341,256,224,203,209,205,221,232,237,235,276,234,223,221,208
TLD3,Greater Manchester,CD-CF (19-21),"Manufacture of petroleum, chemicals and pharmaceuticals",629,719,762,718,729,738,637,641,651,636,686,643,682,819,752,890,998,1135,1110,1047,1079,1224,1109,1101,1250
TLD3,Greater Manchester,22,Manufacture of rubber and plastic products,295,348,312,388,335,366,413,431,415,417,370,337,424,494,518,468,435,498,528,522,511,497,484,494,515
TLD3,Greater Manchester,23,Manufacture of other non-metallic mineral products,142,142,159,160,171,177,168,170,161,167,158,112,121,110,121,124,139,141,153,149,161,155,139,150,159
TLD3,Greater Manchester,24,Manufacture of basic metals,89,107,105,114,92,92,82,76,56,59,61,42,49,52,62,66,79,78,73,83,122,107,159,75,89
TLD3,Greater Manchester,25,Manufacture of fabricated metal products,411,493,472,485,505,527,512,546,535,526,506,444,479,591,570,631,614,583,582,613,627,616,588,573,619
TLD3,Greater Manchester,CI (26),"Manufacture of computer, electronic and optical products",300,289,273,277,323,309,369,359,366,360,434,482,495,445,447,484,469,390,497,492,477,397,478,547,631
TLD3,Greater Manchester,CJ (27),Manufacture of electrical equipment,263,258,269,241,242,211,228,232,204,227,224,160,156,153,143,128,162,180,194,201,183,209,266,246,283
TLD3,Greater Manchester,CK (28),Manufacture of machinery and equipment,466,474,466,478,469,462,483,509,425,440,419,319,394,473,528,551,572,495,470,577,602,576,546,457,462
TLD3,Greater Manchester,29,Manufacture of motor vehicles,142,138,174,141,129,112,91,91,63,65,57,44,68,59,58,88,124,118,137,140,127,137,121,138,165
TLD3,Greater Manchester,30,Manufacture of other transport equipment,169,187,222,174,162,150,173,191,181,165,208,164,125,153,133,103,94,82,65,78,79,85,101,86,73
TLD3,Greater Manchester,31,Manufacture of furniture,194,208,209,187,188,209,175,189,212,222,191,188,187,195,180,172,171,170,154,119,155,168,148,126,144
TLD3,Greater Manchester,32,Other manufacturing,99,128,128,120,130,137,128,118,130,133,123,137,143,128,139,130,122,122,136,170,146,122,156,151,205
TLD3,Greater Manchester,33,Repair and installation of machinery and equipment,159,175,174,127,144,122,124,129,133,144,154,189,197,172,205,233,218,195,251,262,283,282,324,327,344
TLD3,Greater Manchester,D (35),"Electricity, gas, steam and air conditioning supply",489,466,354,322,244,269,267,222,321,312,610,936,860,702,883,1025,943,814,665,735,760,1037,1344,589,636
TLD3,Greater Manchester,E (36-39),Water supply; sewerage and waste management,590,559,560,589,552,559,529,552,599,574,563,609,618,637,675,677,783,850,857,917,907,853,989,866,882
TLD3,Greater Manchester,41,Construction of buildings,820,802,825,848,993,1009,1074,1222,1163,1409,1423,916,810,808,808,808,807,967,1050,1146,1229,1213,1018,1579,1718
TLD3,Greater Manchester,42,Civil engineering,387,424,451,522,495,583,653,682,702,739,745,751,696,715,747,783,767,777,880,886,1001,993,1003,1149,1461
TLD3,Greater Manchester,43,Specialised construction activities,820,902,946,1030,1062,1178,1492,1506,1546,1689,1852,1649,1433,1416,1591,1669,1748,1760,1786,2017,2163,2020,1900,1915,2251
TLD3,Greater Manchester,45,Motor trades,523,526,473,541,630,728,745,834,841,872,651,578,726,729,785,755,700,717,764,1005,1098,1021,1354,1145,1237
TLD3,Greater Manchester,46,Wholesale trade,1965,1900,1824,2026,2009,1951,1894,1869,1878,2041,2171,2837,2731,2565,2571,2337,2207,2186,2190,2548,2961,3371,4416,4133,4137
TLD3,Greater Manchester,47,Retail trade,2210,2278,2509,2475,2691,2675,2762,3284,3434,3499,3351,3399,3573,3434,3691,4037,3911,4113,3758,4002,4294,4698,5490,5045,5406
TLD3,Greater Manchester,49,Land transport,698,697,739,791,835,858,830,895,960,962,906,832,838,803,660,731,790,859,953,857,1003,1182,693,946,1228
TLD3,Greater Manchester,50-51,Water and air transport,117,140,126,116,200,238,240,269,260,244,269,175,202,222,234,255,210,241,259,287,301,369,150,73,164
TLD3,Greater Manchester,52,Warehousing and transport support activities,630,645,619,713,705,720,859,817,779,817,911,881,874,864,1002,999,1016,1223,1287,1551,1658,1691,1276,1397,1367
TLD3,Greater Manchester,53,Postal and courier activities,286,315,342,346,366,373,368,406,431,412,417,409,411,407,456,494,463,491,526,478,502,568,684,734,705
TLD3,Greater Manchester,55,Accommodation,118,135,160,165,178,181,184,207,230,249,227,232,232,221,257,300,298,356,411,343,387,473,191,395,673
TLD3,Greater Manchester,56,Food and beverage service activities,593,653,685,762,818,859,900,918,957,1049,1014,1014,1164,1196,1161,1228,1210,1254,1253,1440,1633,1550,907,1437,1949
TLD3,Greater Manchester,58,Publishing activities,148,157,166,144,137,165,169,170,154,146,106,99,94,80,78,65,71,81,100,112,132,153,244,281,354
TLD3,Greater Manchester,59-60,"Film and TV production, programming and broadcasting",160,185,194,190,154,205,243,249,237,243,276,291,301,449,497,547,610,623,614,603,531,614,779,706,791
TLD3,Greater Manchester,61,Telecommunications,513,587,597,613,778,879,869,888,1076,1226,1193,1166,1175,1222,1278,1294,1353,1341,1463,1341,1495,1622,1760,1845,1900
TLD3,Greater Manchester,62,Computer programming and consultancy,430,528,577,586,699,937,916,928,998,1131,1105,1068,1015,1001,955,894,1032,1137,1206,1278,1413,1469,2085,1875,2183
TLD3,Greater Manchester,63,Information service activities,146,150,172,183,197,205,204,191,165,148,93,79,83,75,68,65,78,73,69,60,74,82,126,78,106
TLD3,Greater Manchester,64,Financial service activities,740,759,757,835,1027,1200,1700,1831,2059,2116,2061,2179,2737,2553,2486,2679,2637,2988,2700,2744,2760,2660,2654,2983,3482
TLD3,Greater Manchester,65,Insurance and pension funding,1041,1166,998,1005,794,760,988,1403,1593,1585,1664,1619,1350,1277,1485,1484,1761,1096,1215,1582,1249,1180,1195,1599,1934
TLD3,Greater Manchester,66,Activities auxiliary to finance and insurance,144,158,191,242,286,296,354,366,406,538,485,776,787,757,811,866,600,734,1118,1203,1238,1453,1371,1769,1583
TLD3,Greater Manchester,68IMP,Owner-occupiers' imputed rental,3466,3648,3801,3840,3888,3915,3957,4094,4420,4454,4564,4186,3895,3967,4114,4117,4375,4659,5001,5179,5558,5764,5890,6233,6931
TLD3,Greater Manchester,68,"Real estate activities, excluding imputed rental",855,807,785,862,939,1068,1006,1102,1248,1277,1645,1946,1861,2182,2560,2678,2818,3119,3175,3114,2999,3001,2789,3115,3348
TLD3,Greater Manchester,69,Legal and accounting activities,699,747,745,877,890,984,1096,1183,1364,1338,1387,1359,1504,1717,1841,2207,2258,2080,2031,2516,2529,2538,2867,4280,4844
TLD3,Greater Manchester,70,Head offices and management consultancy,155,160,170,233,245,259,247,295,327,372,477,500,494,463,478,617,711,771,806,808,804,821,531,780,882
TLD3,Greater Manchester,71,Architectural and engineering activities,345,371,367,401,436,465,502,468,522,552,581,540,560,527,555,630,675,733,864,864,795,757,727,776,935
TLD3,Greater Manchester,72,Scientific research and development,50,65,55,56,66,69,93,96,85,104,101,106,132,133,117,89,102,129,189,224,312,304,238,75,88
TLD3,Greater Manchester,73,Advertising and market research,177,194,228,307,443,551,593,592,720,708,641,623,728,806,763,784,650,714,577,584,695,863,619,1114,1160
TLD3,Greater Manchester,74,"Other professional, scientific and technical activities",112,121,130,140,162,167,164,167,178,185,159,142,140,145,148,203,240,244,286,251,270,359,280,375,429
TLD3,Greater Manchester,75,Veterinary activities,16,23,25,29,36,34,39,46,44,61,64,68,63,55,48,49,45,52,66,80,92,99,83,129,160
TLD3,Greater Manchester,77,Rental and leasing activities,863,847,856,961,1019,1040,1052,1037,981,949,849,833,727,662,677,680,667,774,917,1017,920,868,862,860,960
TLD3,Greater Manchester,78,Employment activities,296,369,420,483,483,569,597,573,627,730,698,591,621,662,808,1029,1150,1133,1006,1178,1327,1342,1145,1254,1397
TLD3,Greater Manchester,79,Travel agency and tour operator activities,132,158,177,173,187,216,250,259,293,320,350,397,381,364,438,349,396,474,569,559,629,712,165,299,648
TLD3,Greater Manchester,80,Security and investigation activities,80,74,87,106,96,104,109,116,128,146,146,155,145,154,170,156,162,133,120,106,125,159,174,212,223
TLD3,Greater Manchester,81,Services to buildings and landscape activities,135,125,126,144,150,160,187,202,244,287,352,356,330,317,303,312,296,364,459,557,482,531,549,585,649
TLD3,Greater Manchester,82,Office administration and business support activities,180,165,206,327,353,328,365,395,444,435,418,491,468,497,601,722,748,734,856,1049,1119,1289,1541,1469,1494
TLD3,Greater Manchester,O (84),Public administration and defence,1556,1654,1656,1652,1756,1798,1924,2208,2259,2446,2531,2762,2778,2533,2615,2654,2673,2739,2898,3151,3395,3613,3475,3788,4283
TLD3,Greater Manchester,P (85),Education,2034,2055,2252,2365,2488,2546,2806,2930,3016,3286,3400,3578,3662,3655,3635,3778,3826,3992,4016,4288,4488,4726,5011,5084,5778
TLD3,Greater Manchester,86,Human health activities,1411,1463,1546,2020,2119,2120,2371,2678,2876,3166,3132,3210,3290,3356,3504,3418,3727,4220,4282,4584,4947,5135,5041,5696,6104
TLD3,Greater Manchester,87,Residential care activities,318,399,401,465,479,433,432,482,506,553,506,657,726,737,820,793,818,989,1228,1070,896,969,1113,1211,1103
TLD3,Greater Manchester,88,Social work activities,286,335,321,434,479,546,523,503,508,557,634,578,730,794,836,891,936,1004,1251,1250,1116,1240,1182,1005,968
TLD3,Greater Manchester,90,"Creative, arts and entertainment activities",87,100,117,98,106,105,115,132,156,139,116,127,113,95,95,124,127,157,181,217,237,238,43,132,217
TLD3,Greater Manchester,91,"Libraries, archives, museums and other cultural activities",18,23,23,28,28,32,40,43,47,43,37,35,33,31,26,28,30,24,25,19,26,22,19,41,52
TLD3,Greater Manchester,92,Gambling and betting activities,77,88,85,103,134,181,177,249,229,257,222,187,196,205,176,210,222,238,151,166,176,135,210,221,234
TLD3,Greater Manchester,93,"Sports, amusement and recreation activities",121,145,144,169,173,236,262,329,363,309,364,386,513,560,629,743,824,743,786,811,772,842,674,743,929
TLD3,Greater Manchester,94,Activities of membership organisations,132,130,140,156,196,212,211,224,223,224,270,276,328,325,299,304,303,307,253,318,349,380,386,380,405
TLD3,Greater Manchester,95,"Repair of computers, personal and household goods",33,35,39,46,51,44,51,59,72,67,79,65,65,76,69,72,95,103,128,131,141,131,103,123,146
TLD3,Greater Manchester,96,Other personal service activities,299,333,403,425,432,435,446,527,538,574,621,647,668,634,555,554,605,660,672,783,834,903,737,743,951
TLD3,Greater Manchester,T (97-98),Activities of households,23,19,27,29,31,27,27,27,31,22,34,32,49,57,41,50,78,59,58,50,42,46,39,58,62
TLD4,Lancashire,1,Agriculture and hunting,127,118,119,142,146,124,110,76,79,69,120,146,151,176,165,178,239,199,188,194,175,208,225,241,293
TLD4,Lancashire,2-3,Forestry and fishing,3,1,2,4,4,6,6,7,7,5,7,8,7,8,10,8,9,11,10,12,9,12,11,10,11
TLD4,Lancashire,B (5-9),Mining and quarrying,17,16,19,20,20,17,18,16,23,21,18,13,14,14,16,16,17,23,20,20,27,30,38,32,36
TLD4,Lancashire,10,Manufacture of food products,395,391,334,315,334,352,378,381,333,379,331,402,483,490,513,529,536,587,645,624,646,681,845,1028,1156
TLD4,Lancashire,11-12,Manufacture of beverages and tobacco products,110,139,135,119,134,137,141,148,148,174,165,144,146,148,175,194,275,298,219,221,224,212,206,265,224
TLD4,Lancashire,13,Manufacture of textiles,270,276,254,232,254,261,219,214,184,225,236,188,246,200,235,226,189,161,195,266,231,199,169,243,241
TLD4,Lancashire,14-15,Manufacture of wearing apparel and leather products,153,148,117,99,97,65,73,73,66,64,56,45,85,49,67,72,96,92,53,58,55,46,48,40,47
TLD4,Lancashire,16-17,Manufacture of wood and paper products,216,221,192,177,205,196,194,200,171,206,217,221,227,236,253,245,265,276,327,285,305,300,301,315,350
TLD4,Lancashire,18,Printing and reproduction of recorded media,117,117,120,110,105,101,103,127,135,134,154,102,84,77,81,82,100,108,99,94,90,100,68,82,83
TLD4,Lancashire,CD-CF (19-21),"Manufacture of petroleum, chemicals and pharmaceuticals",388,333,353,321,337,366,309,328,371,379,390,354,345,463,493,602,613,788,692,677,724,744,805,920,1031
TLD4,Lancashire,22,Manufacture of rubber and plastic products,278,279,309,322,284,296,281,306,303,265,243,234,291,321,359,328,310,351,349,369,362,326,321,338,383
TLD4,Lancashire,23,Manufacture of other non-metallic mineral products,80,75,97,91,100,102,100,98,88,86,87,83,90,71,77,78,83,82,71,72,67,71,89,110,111
TLD4,Lancashire,24,Manufacture of basic metals,121,104,127,154,151,147,142,139,98,140,163,101,94,69,83,79,101,106,91,107,150,121,155,117,109
TLD4,Lancashire,25,Manufacture of fabricated metal products,333,325,355,331,339,324,343,356,354,299,333,282,303,395,390,441,451,436,436,471,420,447,449,442,461
TLD4,Lancashire,CI (26),"Manufacture of computer, electronic and optical products",109,100,93,98,102,112,128,101,125,115,136,148,132,118,114,129,127,108,140,139,151,141,136,202,213
TLD4,Lancashire,CJ (27),Manufacture of electrical equipment,98,106,110,107,102,84,84,81,73,58,49,40,56,45,46,43,58,61,63,56,54,62,95,117,97
TLD4,Lancashire,CK (28),Manufacture of machinery and equipment,256,270,248,245,279,236,246,256,250,217,194,150,213,252,261,294,306,278,267,321,332,313,317,247,232
TLD4,Lancashire,29,Manufacture of motor vehicles,324,304,317,292,288,260,264,273,225,277,284,128,192,162,150,228,246,255,268,255,227,235,266,360,1015
TLD4,Lancashire,30,Manufacture of other transport equipment,1063,1276,1409,1494,1426,1614,1808,1984,1943,1854,1797,1232,1043,1231,1240,1360,1313,1608,1796,1956,1752,1447,1251,1379,1348
TLD4,Lancashire,31,Manufacture of furniture,130,160,140,141,150,154,143,173,171,204,179,161,179,196,194,199,240,245,245,208,244,254,230,245,268
TLD4,Lancashire,32,Other manufacturing,62,74,63,61,60,76,74,77,81,75,86,89,82,92,108,103,101,97,108,140,161,150,174,164,144
TLD4,Lancashire,33,Repair and installation of machinery and equipment,364,436,435,386,470,442,447,424,446,430,179,185,176,102,111,120,114,106,131,150,120,101,95,136,149
TLD4,Lancashire,D (35),"Electricity, gas, steam and air conditioning supply",364,345,232,199,235,313,342,497,619,626,605,387,269,255,343,436,447,556,530,459,438,473,658,300,359
TLD4,Lancashire,E (36-39),Water supply; sewerage and waste management,298,269,293,297,266,301,299,343,316,376,342,338,310,324,340,388,432,464,482,467,511,516,629,604,575
TLD4,Lancashire,41,Construction of buildings,324,352,389,418,470,481,531,540,516,520,451,272,324,380,355,405,380,427,434,401,424,487,648,510,596
TLD4,Lancashire,42,Civil engineering,209,203,253,243,262,385,389,368,370,418,498,538,451,503,501,571,582,679,730,895,779,676,687,693,589
TLD4,Lancashire,43,Specialised construction activities,433,456,537,528,587,598,694,742,733,789,853,735,864,885,817,801,866,981,1011,950,1048,1168,848,1289,1581
TLD4,Lancashire,45,Motor trades,329,357,329,359,332,413,435,526,478,493,483,420,490,513,444,392,454,487,479,446,486,560,427,828,950
TLD4,Lancashire,46,Wholesale trade,609,713,579,689,809,983,1020,854,918,1133,1500,1650,1475,1474,1680,1527,1794,1922,2256,2219,2220,2363,2131,2086,2189
TLD4,Lancashire,47,Retail trade,1196,1145,1121,1267,1299,1405,1446,1348,1383,1421,1387,1353,1566,1585,1552,1571,1647,1650,1788,1948,1823,1975,2262,2573,2737
TLD4,Lancashire,49,Land transport,373,348,341,360,400,407,421,408,410,435,374,378,372,415,418,445,459,454,485,445,496,572,278,358,428
TLD4,Lancashire,50-51,Water and air transport,18,19,22,22,19,50,63,49,34,30,40,22,24,32,25,27,25,26,22,23,23,24,30,67,70
TLD4,Lancashire,52,Warehousing and transport support activities,86,84,73,63,92,113,159,128,208,229,238,216,233,184,231,238,240,221,264,261,275,286,307,305,306
TLD4,Lancashire,53,Postal and courier activities,138,144,151,155,171,168,158,167,170,172,191,176,168,163,184,204,166,156,171,201,208,215,186,207,208
TLD4,Lancashire,55,Accommodation,126,137,131,133,176,201,205,235,240,217,219,183,200,248,266,259,232,228,235,256,277,334,237,341,417
TLD4,Lancashire,56,Food and beverage service activities,402,452,472,480,504,489,518,530,506,538,519,515,505,517,560,615,659,688,677,751,773,746,485,868,1173
TLD4,Lancashire,58,Publishing activities,60,63,72,66,72,83,96,89,75,67,64,52,58,57,57,51,53,52,53,55,45,37,42,26,25
TLD4,Lancashire,59-60,"Film and TV production, programming and broadcasting",13,15,18,19,20,18,20,21,26,29,32,30,29,29,29,26,24,25,34,36,36,34,33,45,63
TLD4,Lancashire,61,Telecommunications,269,284,283,272,298,278,270,229,235,254,261,271,264,284,306,304,331,394,482,430,482,548,545,494,485
TLD4,Lancashire,62,Computer programming and consultancy,180,186,226,265,305,305,276,287,314,338,342,326,307,257,262,265,311,299,309,369,347,413,233,486,522
TLD4,Lancashire,63,Information service activities,47,53,56,81,100,133,145,141,165,230,201,185,197,215,229,233,195,173,177,151,128,103,78,32,32
TLD4,Lancashire,64,Financial service activities,241,254,254,243,298,323,418,536,548,485,477,564,516,511,483,581,504,533,541,457,415,416,455,511,538
TLD4,Lancashire,65,Insurance and pension funding,187,166,150,165,129,132,178,194,195,219,270,382,328,265,263,153,217,101,150,142,113,68,36,49,32
TLD4,Lancashire,66,Activities auxiliary to finance and insurance,57,70,78,77,78,93,73,66,105,147,140,172,172,137,148,205,175,181,241,305,282,310,269,380,443
TLD4,Lancashire,68IMP,Owner-occupiers' imputed rental,2183,2293,2320,2316,2273,2383,2478,2522,2663,2688,2784,2565,2391,2394,2467,2442,2582,2660,2839,2867,2971,3045,2999,3070,3209
TLD4,Lancashire,68,"Real estate activities, excluding imputed rental",319,338,337,345,376,412,409,464,508,556,715,783,793,895,1005,970,961,1032,995,1024,970,1024,985,1065,1085
TLD4,Lancashire,69,Legal and accounting activities,179,219,239,231,249,298,301,300,285,275,354,433,455,435,412,420,420,489,578,642,600,629,591,667,719
TLD4,Lancashire,70,Head offices and management consultancy,52,64,72,80,87,100,98,111,116,131,134,136,123,112,119,139,152,143,132,141,141,163,173,179,190
TLD4,Lancashire,71,Architectural and engineering activities,94,101,113,115,126,145,151,149,165,183,194,196,209,179,172,194,187,197,184,212,190,210,161,283,315
TLD4,Lancashire,72,Scientific research and development,36,26,26,30,36,52,63,67,69,76,82,94,126,126,113,98,94,79,73,88,125,116,159,234,276
TLD4,Lancashire,73,Advertising and market research,52,55,60,64,76,87,93,100,111,102,87,84,91,91,86,94,89,103,89,105,111,122,66,103,102
TLD4,Lancashire,74,"Other professional, scientific and technical activities",29,41,49,44,50,53,57,61,67,73,72,80,87,100,93,113,125,116,112,107,110,143,130,151,166
TLD4,Lancashire,75,Veterinary activities,13,20,24,29,30,29,34,37,38,46,52,64,61,57,45,48,42,47,57,70,86,86,92,134,150
TLD4,Lancashire,77,Rental and leasing activities,139,91,94,120,155,168,164,185,192,199,179,145,151,128,111,113,129,144,170,207,245,301,195,202,251
TLD4,Lancashire,78,Employment activities,76,80,95,86,96,140,156,161,148,174,183,150,172,177,206,238,276,340,326,375,387,381,259,260,321
TLD4,Lancashire,79,Travel agency and tour operator activities,116,115,113,95,83,80,68,71,81,106,107,93,118,110,131,132,130,130,156,169,174,203,85,106,181
TLD4,Lancashire,80,Security and investigation activities,10,12,17,20,21,24,25,26,27,29,27,27,31,35,40,39,40,37,37,34,40,49,50,59,60
TLD4,Lancashire,81,Services to buildings and landscape activities,50,56,65,74,79,77,93,92,94,108,119,107,113,114,95,84,73,90,114,136,158,148,139,188,228
TLD4,Lancashire,82,Office administration and business support activities,55,74,89,86,94,154,160,166,166,203,192,207,240,218,244,267,280,293,306,348,357,321,296,383,403
TLD4,Lancashire,O (84),Public administration and defence,858,876,887,989,1000,1044,1148,1221,1318,1311,1354,1390,1413,1399,1471,1420,1369,1402,1480,1443,1538,1617,1616,1860,1926
TLD4,Lancashire,P (85),Education,799,884,948,1014,1133,1177,1299,1373,1514,1622,1661,1716,1792,1821,1900,1988,1973,1986,2065,2094,2185,2218,2358,2433,2672
TLD4,Lancashire,86,Human health activities,902,865,948,1072,1030,1297,1566,1713,1696,1764,1622,1589,1779,1776,1920,1826,1912,2079,2058,2094,2151,2388,2656,2590,2779
TLD4,Lancashire,87,Residential care activities,138,198,207,224,211,250,302,323,316,352,390,348,359,358,371,366,442,475,539,552,601,662,549,603,500
TLD4,Lancashire,88,Social work activities,196,203,219,238,271,311,296,310,328,379,423,498,589,635,609,644,580,550,627,681,614,746,787,590,606
TLD4,Lancashire,90,"Creative, arts and entertainment activities",47,56,67,55,48,37,43,33,32,39,32,36,33,29,32,34,29,39,33,40,37,40,47,29,38
TLD4,Lancashire,91,"Libraries, archives, museums and other cultural activities",9,9,12,12,11,13,13,14,15,17,25,26,21,18,22,20,15,20,17,14,16,14,11,15,18
TLD4,Lancashire,92,Gambling and betting activities,38,43,36,38,58,67,86,79,76,72,58,50,60,102,107,126,125,104,73,101,91,104,71,84,103
TLD4,Lancashire,93,"Sports, amusement and recreation activities",69,69,91,113,144,186,167,158,178,175,197,204,216,228,251,248,243,274,314,293,300,312,193,191,250
TLD4,Lancashire,94,Activities of membership organisations,64,62,66,73,80,75,83,82,84,74,76,52,62,45,41,43,46,47,46,55,50,60,52,34,47
TLD4,Lancashire,95,"Repair of computers, personal and household goods",16,14,12,10,11,10,12,12,13,14,20,24,25,30,24,23,31,29,36,39,34,37,51,46,55
TLD4,Lancashire,96,Other personal service activities,159,174,204,216,247,237,265,255,267,300,322,369,353,337,360,381,417,401,444,452,467,470,347,454,569
TLD4,Lancashire,T (97-98),Activities of households,13,12,19,25,28,29,33,32,34,35,35,26,18,23,23,50,43,44,34,35,48,55,45,74,62
TLD6,Cheshire,1,Agriculture and hunting,104,108,97,118,125,125,115,89,89,89,156,172,125,151,141,147,229,167,144,158,144,166,161,189,266
TLD6,Cheshire,2-3,Forestry and fishing,1,1,2,2,3,4,4,4,4,5,5,5,5,7,8,7,7,8,6,8,8,9,10,10,12
TLD6,Cheshire,B (5-9),Mining and quarrying,62,48,56,58,56,56,53,55,68,61,63,60,52,53,52,48,42,52,50,54,73,72,52,85,92
TLD6,Cheshire,10,Manufacture of food products,233,224,230,238,221,230,249,248,240,241,222,197,184,177,217,230,251,269,289,327,383,407,399,526,639
TLD6,Cheshire,11-12,Manufacture of beverages and tobacco products,24,20,19,19,22,19,20,17,20,20,23,12,11,10,10,9,13,10,10,15,12,14,19,9,8
TLD6,Cheshire,13,Manufacture of textiles,43,41,44,53,57,66,58,63,50,56,49,17,24,21,24,23,20,19,21,32,24,24,18,26,32
TLD6,Cheshire,14-15,Manufacture of wearing apparel and leather products,74,68,61,51,47,35,38,28,23,25,22,8,17,7,11,11,20,18,11,17,15,14,13,17,18
TLD6,Cheshire,16-17,Manufacture of wood and paper products,113,106,104,108,118,121,110,112,82,84,97,91,94,100,118,97,103,103,118,110,121,140,145,147,167
TLD6,Cheshire,18,Printing and reproduction of recorded media,43,39,42,46,46,49,53,59,64,54,71,64,50,43,46,43,48,50,48,52,65,55,36,54,67
TLD6,Cheshire,CD-CF (19-21),"Manufacture of petroleum, chemicals and pharmaceuticals",1811,1988,1881,2564,2388,1841,2421,2744,2864,2844,2707,2800,2980,3121,3425,3701,3636,4028,4459,4017,3674,3616,3421,2396,2955
TLD6,Cheshire,22,Manufacture of rubber and plastic products,127,146,134,148,125,118,110,126,111,114,72,83,91,126,124,119,96,95,100,100,96,87,94,92,106
TLD6,Cheshire,23,Manufacture of other non-metallic mineral products,59,66,75,72,82,87,89,103,91,92,80,94,94,96,91,88,97,103,118,127,133,160,181,188,212
TLD6,Cheshire,24,Manufacture of basic metals,116,147,111,136,159,165,149,196,142,147,140,98,99,66,61,44,51,57,63,66,75,84,92,108,151
TLD6,Cheshire,25,Manufacture of fabricated metal products,173,166,168,163,171,183,200,230,214,230,270,239,272,270,286,311,299,279,264,271,262,262,228,217,205
TLD6,Cheshire,CI (26),"Manufacture of computer, electronic and optical products",78,54,45,49,53,45,64,57,60,73,79,100,84,73,79,86,84,100,127,140,157,174,173,205,231
TLD6,Cheshire,CJ (27),Manufacture of electrical equipment,59,61,64,65,45,40,43,38,36,41,29,34,23,23,28,27,36,45,53,60,58,61,65,76,76
TLD6,Cheshire,CK (28),Manufacture of machinery and equipment,121,108,110,114,105,103,132,114,120,135,95,89,109,134,145,161,158,142,132,168,175,186,208,229,206
TLD6,Cheshire,29,Manufacture of motor vehicles,296,269,299,355,297,345,414,381,483,393,455,408,525,547,627,801,916,867,1045,984,876,947,897,1232,1577
TLD6,Cheshire,30,Manufacture of other transport equipment,24,33,37,44,54,57,65,66,76,66,110,74,56,119,107,107,125,155,195,125,131,117,75,72,137
TLD6,Cheshire,31,Manufacture of furniture,9,10,20,22,25,29,28,30,31,25,21,20,25,26,27,26,32,31,31,24,30,36,36,10,8
TLD6,Cheshire,32,Other manufacturing,67,66,69,71,64,60,58,52,52,48,48,48,46,44,49,50,52,46,50,63,54,47,53,62,78
TLD6,Cheshire,33,Repair and installation of machinery and equipment,56,54,54,50,50,59,59,61,69,54,55,66,62,68,95,116,108,89,118,138,138,127,95,105,115
TLD6,Cheshire,D (35),"Electricity, gas, steam and air conditioning supply",217,208,216,205,194,197,234,252,324,358,366,532,453,400,462,398,414,367,301,369,412,503,607,338,387
TLD6,Cheshire,E (36-39),Water supply; sewerage and waste management,399,375,439,499,447,470,482,510,524,491,369,264,288,325,334,395,454,418,417,442,480,512,496,484,463
TLD6,Cheshire,41,Construction of buildings,272,310,320,348,384,476,469,556,556,531,479,287,254,269,238,282,301,354,387,481,576,699,601,511,623
TLD6,Cheshire,42,Civil engineering,174,197,214,226,213,228,244,291,352,400,435,399,382,349,349,393,407,448,449,476,530,455,617,724,592
TLD6,Cheshire,43,Specialised construction activities,304,354,358,368,377,378,383,411,480,526,581,503,494,582,592,615,664,623,692,677,761,719,671,991,1258
TLD6,Cheshire,45,Motor trades,226,253,266,324,328,348,393,425,387,467,440,355,390,347,431,429,419,427,371,497,563,626,466,552,580
TLD6,Cheshire,46,Wholesale trade,669,636,630,717,725,663,654,804,823,869,899,694,783,730,661,680,780,871,810,931,1140,1274,1376,1533,1599
TLD6,Cheshire,47,Retail trade,970,1076,1053,1118,1162,1136,1154,1160,1181,1233,1210,1277,1391,1290,1333,1439,1493,1426,1448,1700,1919,2157,1896,1926,2052
TLD6,Cheshire,49,Land transport,296,284,299,324,337,332,355,358,388,409,422,420,418,408,365,350,352,358,382,410,416,457,325,369,382
TLD6,Cheshire,50-51,Water and air transport,2,3,4,5,5,5,5,4,5,4,12,10,11,18,20,20,17,17,16,18,19,18,12,17,23
TLD6,Cheshire,52,Warehousing and transport support activities,105,120,113,143,170,197,214,196,184,185,175,166,238,269,304,317,347,386,402,444,459,504,533,607,640
TLD6,Cheshire,53,Postal and courier activities,110,115,135,142,137,153,158,169,173,170,175,174,182,207,242,276,230,229,239,233,274,328,263,353,425
TLD6,Cheshire,55,Accommodation,61,70,78,74,112,114,126,110,110,117,117,135,146,181,176,186,202,244,254,245,223,190,121,229,400
TLD6,Cheshire,56,Food and beverage service activities,337,320,291,294,345,357,405,348,371,402,434,353,383,416,435,508,551,561,651,668,630,679,468,531,696
TLD6,Cheshire,58,Publishing activities,71,72,110,115,114,104,109,109,103,108,48,49,50,43,45,43,50,49,58,56,52,50,55,47,73
TLD6,Cheshire,59-60,"Film and TV production, programming and broadcasting",9,10,12,11,11,13,15,16,17,19,21,19,19,18,19,21,19,20,28,24,22,25,26,34,34
TLD6,Cheshire,61,Telecommunications,229,239,304,443,518,636,637,655,639,680,654,582,566,563,502,369,340,383,472,483,383,422,348,298,302
TLD6,Cheshire,62,Computer programming and consultancy,198,168,236,245,304,377,337,348,384,579,690,638,654,705,676,653,640,653,721,799,933,889,972,860,1015
TLD6,Cheshire,63,Information service activities,48,48,59,60,60,60,60,65,65,71,59,47,46,45,41,40,41,45,35,36,32,34,70,45,48
TLD6,Cheshire,64,Financial service activities,485,643,533,554,748,930,902,983,1119,1358,1365,1768,1834,1792,1728,1579,1663,1539,1650,1841,1924,1915,2016,2371,2454
TLD6,Cheshire,65,Insurance and pension funding,186,143,144,109,55,54,58,129,84,48,46,54,104,122,160,229,329,195,239,230,188,208,133,148,103
TLD6,Cheshire,66,Activities auxiliary to finance and insurance,32,52,49,45,70,82,134,137,203,220,198,274,198,200,229,308,268,265,371,418,470,475,418,570,686
TLD6,Cheshire,68IMP,Owner-occupiers' imputed rental,1771,1872,2008,2108,2121,2162,2115,2042,2093,2087,2141,2007,1944,1944,2004,1985,2140,2264,2417,2529,2676,2751,2723,2837,3009
TLD6,Cheshire,68,"Real estate activities, excluding imputed rental",359,342,346,382,425,438,409,427,472,488,561,614,661,741,794,795,847,891,894,979,909,966,927,953,956
TLD6,Cheshire,69,Legal and accounting activities,123,145,126,156,148,147,189,200,217,238,248,259,270,299,296,340,390,450,490,616,683,776,1175,1611,1769
TLD6,Cheshire,70,Head offices and management consultancy,134,143,104,150,139,121,132,148,160,194,209,231,180,217,231,296,326,321,276,325,310,374,333,324,356
TLD6,Cheshire,71,Architectural and engineering activities,260,232,216,221,239,242,313,313,386,362,343,329,349,333,374,409,397,450,507,514,506,607,600,586,636
TLD6,Cheshire,72,Scientific research and development,92,134,136,187,271,230,218,223,633,752,794,846,975,966,925,767,820,685,644,557,552,474,432,199,129
TLD6,Cheshire,73,Advertising and market research,73,79,93,95,120,143,177,181,238,213,157,147,131,140,171,186,183,238,213,249,261,288,209,249,260
TLD6,Cheshire,74,"Other professional, scientific and technical activities",62,63,69,70,75,81,83,82,91,88,81,80,73,83,78,94,100,97,105,123,132,178,131,151,163
TLD6,Cheshire,75,Veterinary activities,16,17,26,28,29,31,32,34,33,35,41,47,45,43,44,45,37,41,50,66,78,95,102,142,155
TLD6,Cheshire,77,Rental and leasing activities,103,101,104,110,133,132,122,165,186,186,164,142,148,133,129,139,173,186,178,179,179,222,202,266,341
TLD6,Cheshire,78,Employment activities,245,232,276,351,394,375,352,358,374,391,368,296,329,321,313,400,511,583,647,736,657,742,748,498,569
TLD6,Cheshire,79,Travel agency and tour operator activities,54,56,60,68,71,62,55,70,83,87,83,74,72,73,74,74,99,110,129,137,174,223,57,259,298
TLD6,Cheshire,80,Security and investigation activities,35,32,31,35,34,36,34,39,38,40,39,38,43,45,45,43,52,43,41,38,35,41,38,54,57
TLD6,Cheshire,81,Services to buildings and landscape activities,49,57,46,64,66,53,60,68,94,107,108,113,157,253,334,444,506,559,623,565,515,482,414,441,555
TLD6,Cheshire,82,Office administration and business support activities,72,74,59,101,114,140,185,190,217,212,192,203,248,246,270,315,368,335,342,408,410,376,330,402,446
TLD6,Cheshire,O (84),Public administration and defence,437,455,518,579,582,624,598,572,589,648,691,878,913,829,880,860,902,1008,1001,985,959,1046,1111,1223,1349
TLD6,Cheshire,P (85),Education,511,586,658,745,716,769,805,904,904,958,960,990,1012,1002,998,991,1052,1050,1044,1067,1129,1173,1186,1189,1299
TLD6,Cheshire,86,Human health activities,413,440,478,534,546,610,789,840,884,882,826,860,932,975,988,998,1068,1040,1089,1193,1257,1354,1407,1588,1658
TLD6,Cheshire,87,Residential care activities,85,106,116,125,129,159,175,186,190,208,214,209,207,208,229,240,237,255,279,281,275,298,305,300,279
TLD6,Cheshire,88,Social work activities,89,101,104,128,145,153,156,173,174,218,233,235,265,287,266,282,315,345,393,446,371,401,400,381,340
TLD6,Cheshire,90,"Creative, arts and entertainment activities",23,25,28,17,19,19,17,23,25,23,22,23,26,30,34,35,26,28,23,29,31,35,14,32,38
TLD6,Cheshire,91,"Libraries, archives, museums and other cultural activities",21,22,26,22,26,29,27,29,41,41,45,44,45,43,45,54,51,62,70,69,84,85,74,109,119
TLD6,Cheshire,92,Gambling and betting activities,26,29,22,23,26,29,30,29,27,30,25,17,12,12,7,6,7,8,7,11,14,17,20,4,5
TLD6,Cheshire,93,"Sports, amusement and recreation activities",78,79,83,75,86,97,95,103,130,128,131,110,127,138,152,162,161,155,147,150,155,165,84,100,126
TLD6,Cheshire,94,Activities of membership organisations,42,37,36,34,36,38,38,40,46,44,46,35,46,51,54,53,53,54,59,75,72,78,117,57,70
TLD6,Cheshire,95,"Repair of computers, personal and household goods",9,9,10,10,15,20,31,40,60,57,57,60,85,125,125,125,148,144,181,200,196,165,84,36,43
TLD6,Cheshire,96,Other personal service activities,165,164,156,159,182,197,189,202,203,207,226,229,242,214,225,224,239,239,220,233,280,292,178,415,488
TLD6,Cheshire,T (97-98),Activities of households,18,23,24,26,17,19,26,37,33,24,27,26,37,29,26,27,26,22,39,42,36,42,39,40,40
TLD7,Merseyside,1,Agriculture and hunting,18,19,18,18,19,19,17,12,14,13,17,18,17,21,21,22,24,21,22,20,20,21,20,29,32
TLD7,Merseyside,2-3,Forestry and fishing,0,0,1,1,1,1,1,2,1,1,1,1,1,1,2,2,3,3,3,3,2,3,3,3,3
TLD7,Merseyside,B (5-9),Mining and quarrying,6,5,5,4,4,3,4,4,5,5,5,4,5,5,5,5,6,5,6,7,10,13,16,16,19
TLD7,Merseyside,10,Manufacture of food products,434,393,420,434,381,398,383,414,453,480,489,527,484,400,358,385,387,439,358,372,411,445,335,482,513
TLD7,Merseyside,11-12,Manufacture of beverages and tobacco products,39,63,80,101,135,121,117,98,128,137,55,46,36,35,32,23,31,31,31,35,32,40,35,9,11
TLD7,Merseyside,13,Manufacture of textiles,47,44,50,50,60,63,48,55,50,64,58,31,41,29,40,48,44,32,32,51,47,47,45,50,48
TLD7,Merseyside,14-15,Manufacture of wearing apparel and leather products,70,59,55,44,37,16,15,16,12,15,8,8,11,13,14,14,21,22,14,23,23,19,13,16,32
TLD7,Merseyside,16-17,Manufacture of wood and paper products,88,81,82,79,92,85,82,89,81,98,101,79,82,83,90,67,83,90,111,85,87,101,93,111,119
TLD7,Merseyside,18,Printing and reproduction of recorded media,72,61,70,64,69,74,73,93,95,104,122,135,110,98,100,87,89,93,101,103,109,100,76,72,76
TLD7,Merseyside,CD-CF (19-21),"Manufacture of petroleum, chemicals and pharmaceuticals",969,950,1005,1034,1057,1541,1408,1560,1930,1559,1975,2098,2000,2048,1482,1391,1550,1673,1445,1344,1283,1386,1312,1333,1445
TLD7,Merseyside,22,Manufacture of rubber and plastic products,70,118,109,116,112,117,111,110,108,98,89,96,129,151,150,173,163,160,138,136,129,127,134,134,122
TLD7,Merseyside,23,Manufacture of other non-metallic mineral products,166,188,189,173,194,194,189,198,197,201,167,132,141,133,112,127,163,203,187,219,215,250,235,324,364
TLD7,Merseyside,24,Manufacture of basic metals,37,48,49,55,60,53,52,55,37,37,39,32,40,39,43,46,53,48,45,44,46,57,55,43,48
TLD7,Merseyside,25,Manufacture of fabricated metal products,167,205,202,190,216,208,190,212,220,210,225,199,199,225,217,239,230,229,216,239,224,216,208,220,243
TLD7,Merseyside,CI (26),"Manufacture of computer, electronic and optical products",146,143,131,111,111,94,107,86,80,69,72,84,104,56,49,78,79,77,99,115,106,86,107,126,135
TLD7,Merseyside,CJ (27),Manufacture of electrical equipment,122,127,124,136,107,111,108,81,84,70,78,77,85,76,87,78,89,83,83,88,72,75,87,92,80
TLD7,Merseyside,CK (28),Manufacture of machinery and equipment,147,153,137,150,137,202,195,130,144,128,132,103,100,115,111,139,152,139,130,159,162,157,177,152,135
TLD7,Merseyside,29,Manufacture of motor vehicles,254,186,97,144,115,136,137,95,104,182,205,153,247,356,347,485,563,573,786,925,836,789,599,542,482
TLD7,Merseyside,30,Manufacture of other transport equipment,56,90,89,77,91,89,103,86,96,72,61,64,53,64,69,61,54,52,87,92,90,91,100,72,97
TLD7,Merseyside,31,Manufacture of furniture,63,65,69,73,65,62,47,50,50,50,45,42,47,48,43,47,57,54,55,43,49,60,56,51,60
TLD7,Merseyside,32,Other manufacturing,82,74,84,77,83,76,70,69,77,67,63,67,63,58,62,58,64,54,69,86,98,78,94,102,104
TLD7,Merseyside,33,Repair and installation of machinery and equipment,81,97,91,76,80,78,76,62,58,56,56,74,67,51,57,68,69,64,91,96,95,96,129,153,168
TLD7,Merseyside,D (35),"Electricity, gas, steam and air conditioning supply",85,84,75,80,86,119,138,133,161,158,173,217,152,147,178,141,134,138,103,127,139,177,208,147,156
TLD7,Merseyside,E (36-39),Water supply; sewerage and waste management,223,225,247,241,235,254,259,274,333,318,244,274,319,333,303,311,325,304,366,408,407,413,452,499,500
TLD7,Merseyside,41,Construction of buildings,283,306,326,362,416,407,430,510,565,522,427,424,445,469,346,373,352,447,451,509,609,593,512,613,690
TLD7,Merseyside,42,Civil engineering,141,153,172,175,193,171,179,203,226,235,256,268,228,213,223,253,287,315,321,291,269,213,190,233,249
TLD7,Merseyside,43,Specialised construction activities,351,400,440,433,482,564,625,683,714,812,869,711,645,707,755,771,865,885,976,1128,1054,1153,1090,941,1173
TLD7,Merseyside,45,Motor trades,161,171,164,190,184,275,349,350,273,275,300,291,371,311,291,252,243,289,313,332,384,328,498,685,796
TLD7,Merseyside,46,Wholesale trade,575,627,610,701,663,602,614,519,602,630,601,685,695,550,493,517,642,703,733,692,859,909,904,1248,1368
TLD7,Merseyside,47,Retail trade,1013,1193,1240,1375,1341,1506,1585,1482,1676,1558,1516,1686,1747,1842,1947,2039,2291,2297,2159,2079,1997,2291,2030,2212,2349
TLD7,Merseyside,49,Land transport,379,353,358,410,447,428,459,489,536,554,576,589,581,535,518,563,591,668,669,634,705,808,440,680,806
TLD7,Merseyside,50-51,Water and air transport,45,63,96,110,104,153,191,159,97,92,116,100,112,178,192,199,176,185,181,165,174,194,121,193,277
TLD7,Merseyside,52,Warehousing and transport support activities,172,207,271,314,292,293,262,285,355,366,318,350,410,415,397,395,442,511,485,454,525,580,553,622,668
TLD7,Merseyside,53,Postal and courier activities,149,163,172,182,173,179,169,193,203,206,220,222,215,202,213,209,192,161,162,184,163,146,206,171,178
TLD7,Merseyside,55,Accommodation,62,69,75,74,88,112,114,124,128,114,94,75,90,102,103,101,102,122,158,194,221,189,63,135,213
TLD7,Merseyside,56,Food and beverage service activities,307,326,339,369,388,426,447,459,495,499,563,513,559,594,582,632,644,680,685,648,651,757,558,713,925
TLD7,Merseyside,58,Publishing activities,99,91,102,106,86,74,64,67,84,94,97,101,105,128,132,160,178,147,114,80,69,73,80,174,250
TLD7,Merseyside,59-60,"Film and TV production, programming and broadcasting",46,39,39,34,34,34,35,41,52,62,107,98,92,89,76,76,72,81,92,91,77,72,83,111,107
TLD7,Merseyside,61,Telecommunications,243,279,326,329,346,321,336,320,310,335,390,376,387,413,421,473,504,599,702,771,739,648,513,484,490
TLD7,Merseyside,62,Computer programming and consultancy,107,138,148,151,131,193,246,319,336,364,443,428,444,544,604,670,731,683,733,665,583,654,474,562,622
TLD7,Merseyside,63,Information service activities,40,42,47,55,60,71,74,75,71,73,60,52,52,46,41,44,52,53,49,39,48,44,68,40,74
TLD7,Merseyside,64,Financial service activities,395,352,431,473,579,666,830,806,902,996,1019,1110,1097,968,964,963,1032,1183,1071,1082,1090,970,1042,1298,1364
TLD7,Merseyside,65,Insurance and pension funding,528,437,487,509,475,374,467,675,667,545,490,584,537,540,485,423,432,307,291,355,245,285,244,349,397
TLD7,Merseyside,66,Activities auxiliary to finance and insurance,57,49,67,86,101,107,128,103,125,179,203,210,184,151,176,197,200,199,290,337,343,399,373,521,510
TLD7,Merseyside,68IMP,Owner-occupiers' imputed rental,1995,2119,2222,2263,2220,2270,2433,2488,2630,2571,2630,2463,2262,2272,2315,2284,2425,2499,2628,2689,2803,2886,2831,2992,3226
TLD7,Merseyside,68,"Real estate activities, excluding imputed rental",411,431,411,436,455,475,499,538,616,657,843,940,933,1071,1193,1192,1161,1157,1149,1189,1129,1167,1207,1260,1288
TLD7,Merseyside,69,Legal and accounting activities,346,395,357,383,381,408,453,483,554,581,644,748,786,852,759,847,827,794,754,906,768,911,734,691,968
TLD7,Merseyside,70,Head offices and management consultancy,76,89,94,113,131,149,152,138,160,200,209,175,177,161,148,167,170,155,168,183,205,238,264,353,388
TLD7,Merseyside,71,Architectural and engineering activities,245,263,268,247,312,320,343,344,355,351,360,354,361,342,342,373,406,420,370,329,348,364,408,287,231
TLD7,Merseyside,72,Scientific research and development,47,53,46,46,60,61,74,78,97,101,110,108,114,100,86,67,56,74,76,89,128,145,176,298,418
TLD7,Merseyside,73,Advertising and market research,75,69,70,62,68,61,63,49,57,66,65,59,73,80,70,71,69,83,72,82,86,89,57,108,55
TLD7,Merseyside,74,"Other professional, scientific and technical activities",48,49,55,59,68,71,76,78,84,80,78,75,80,89,77,89,92,93,102,97,103,133,117,145,151
TLD7,Merseyside,75,Veterinary activities,13,16,19,19,21,25,26,27,26,28,27,34,38,33,26,25,21,25,31,38,48,53,63,102,127
TLD7,Merseyside,77,Rental and leasing activities,120,155,161,169,213,209,210,230,235,250,225,208,207,184,180,238,243,267,317,391,452,456,303,342,406
TLD7,Merseyside,78,Employment activities,86,86,96,119,144,145,165,176,204,249,283,231,250,242,288,336,394,475,468,503,458,433,358,442,482
TLD7,Merseyside,79,Travel agency and tour operator activities,28,34,36,39,43,43,46,53,56,59,53,50,55,54,63,54,69,81,98,86,82,83,23,27,68
TLD7,Merseyside,80,Security and investigation activities,49,48,50,53,52,52,59,59,56,63,53,43,42,48,56,59,73,76,76,70,88,98,106,129,121
TLD7,Merseyside,81,Services to buildings and landscape activities,76,80,94,118,121,108,108,97,94,101,114,115,132,142,154,147,114,113,135,163,135,114,112,188,228
TLD7,Merseyside,82,Office administration and business support activities,92,118,102,127,145,172,207,207,202,216,204,203,257,266,322,339,363,353,431,404,383,429,449,588,507
TLD7,Merseyside,O (84),Public administration and defence,973,1082,1062,1116,1326,1385,1434,1573,1704,1764,1852,2017,2061,1908,1816,1774,1725,1816,1806,2035,2140,2363,2493,2525,2781
TLD7,Merseyside,P (85),Education,1033,1141,1190,1233,1442,1490,1559,1753,1829,1944,2101,2120,2113,2007,2039,2033,2153,2143,2255,2270,2447,2578,2929,2989,3237
TLD7,Merseyside,86,Human health activities,1049,1007,1070,1208,1359,1564,1681,1706,1834,1846,2033,2170,2237,2137,2359,2254,2314,2363,2485,2731,2868,3195,3859,4155,4286
TLD7,Merseyside,87,Residential care activities,157,196,224,242,259,291,293,306,313,326,336,328,331,374,419,434,419,462,475,410,406,424,488,489,395
TLD7,Merseyside,88,Social work activities,188,243,267,281,329,401,396,376,381,416,389,403,481,501,484,549,574,597,592,620,530,614,619,566,500
TLD7,Merseyside,90,"Creative, arts and entertainment activities",22,24,37,31,29,28,35,40,38,40,37,41,41,45,49,52,48,47,41,41,47,53,19,49,65
TLD7,Merseyside,91,"Libraries, archives, museums and other cultural activities",21,23,29,26,25,41,44,45,40,41,35,35,33,32,32,29,22,23,22,26,29,28,26,32,38
TLD7,Merseyside,92,Gambling and betting activities,108,88,64,90,84,131,175,188,174,129,124,133,122,208,210,244,258,263,174,175,155,194,120,196,217
TLD7,Merseyside,93,"Sports, amusement and recreation activities",75,83,91,88,107,125,119,144,166,167,207,216,252,255,257,277,254,271,349,330,364,406,283,296,323
TLD7,Merseyside,94,Activities of membership organisations,59,50,59,58,59,57,65,80,84,84,89,95,111,92,107,119,116,99,88,94,107,122,99,102,110
TLD7,Merseyside,95,"Repair of computers, personal and household goods",41,37,37,30,28,23,29,32,41,36,37,36,41,42,45,56,65,54,55,58,50,43,22,35,34
TLD7,Merseyside,96,Other personal service activities,138,160,179,189,225,256,261,266,257,277,242,262,281,340,356,366,352,335,371,380,411,434,425,391,400
TLD7,Merseyside,T (97-98),Activities of households,11,9,8,9,9,14,14,19,18,18,15,21,31,31,29,30,35,29,29,28,42,44,39,40,37
TLE1,East Yorkshire and Northern Lincolnshire,1,Agriculture and hunting,410,379,419,386,419,380,323,229,256,267,333,318,284,316,331,339,372,330,326,320,328,364,353,464,528
TLE1,East Yorkshire and Northern Lincolnshire,2-3,Forestry and fishing,19,21,19,18,13,10,11,12,12,11,13,13,13,13,17,20,27,23,22,26,22,26,19,18,12
TLE1,East Yorkshire and Northern Lincolnshire,B (5-9),Mining and quarrying,26,21,22,25,31,29,34,32,39,36,36,26,28,27,35,36,35,45,36,34,39,41,40,30,52
TLE1,East Yorkshire and Northern Lincolnshire,10,Manufacture of food products,637,623,643,655,624,631,602,590,603,686,619,656,605,559,616,562,593,681,691,703,717,772,856,1053,1126
TLE1,East Yorkshire and Northern Lincolnshire,11-12,Manufacture of beverages and tobacco products,5,5,6,6,7,6,4,4,5,5,6,6,4,4,4,3,6,6,5,8,9,10,14,13,14
TLE1,East Yorkshire and Northern Lincolnshire,13,Manufacture of textiles,13,16,22,23,24,17,10,11,11,12,12,12,16,11,20,21,25,29,34,41,44,39,33,32,35
TLE1,East Yorkshire and Northern Lincolnshire,14-15,Manufacture of wearing apparel and leather products,40,42,40,29,25,21,17,15,12,10,9,8,8,6,7,6,10,11,8,12,10,9,6,13,17
TLE1,East Yorkshire and Northern Lincolnshire,16-17,Manufacture of wood and paper products,143,148,151,141,171,174,188,177,168,153,163,160,220,222,260,268,253,236,280,250,232,298,307,327,341
TLE1,East Yorkshire and Northern Lincolnshire,18,Printing and reproduction of recorded media,44,43,48,45,49,46,51,55,68,60,79,72,60,53,59,72,78,78,84,87,97,103,94,101,112
TLE1,East Yorkshire and Northern Lincolnshire,CD-CF (19-21),"Manufacture of petroleum, chemicals and pharmaceuticals",857,883,853,785,819,986,1065,1151,1005,1211,1846,1751,1708,1342,1301,1453,1288,1658,1590,1745,1697,2244,1573,2413,3313
TLE1,East Yorkshire and Northern Lincolnshire,22,Manufacture of rubber and plastic products,86,98,145,162,148,167,168,154,158,176,151,135,146,184,185,219,178,187,211,192,213,239,259,279,266
TLE1,East Yorkshire and Northern Lincolnshire,23,Manufacture of other non-metallic mineral products,104,113,130,129,131,146,142,166,183,194,180,135,144,167,177,172,190,185,210,207,237,264,193,285,321
TLE1,East Yorkshire and Northern Lincolnshire,24,Manufacture of basic metals,293,173,202,174,128,161,160,291,265,336,316,172,276,358,370,323,285,300,382,360,237,257,145,242,270
TLE1,East Yorkshire and Northern Lincolnshire,25,Manufacture of fabricated metal products,234,217,254,247,278,308,304,303,262,280,263,231,208,235,229,259,323,344,331,380,507,468,455,577,653
TLE1,East Yorkshire and Northern Lincolnshire,CI (26),"Manufacture of computer, electronic and optical products",23,21,19,17,21,22,25,26,28,20,19,19,24,22,24,24,23,22,29,27,29,31,27,38,52
TLE1,East Yorkshire and Northern Lincolnshire,CJ (27),Manufacture of electrical equipment,19,17,23,25,21,22,30,33,30,28,31,41,48,38,37,38,37,36,37,43,35,34,43,54,50
TLE1,East Yorkshire and Northern Lincolnshire,CK (28),Manufacture of machinery and equipment,113,96,122,128,117,131,158,159,147,132,134,84,136,146,150,171,189,192,173,179,216,174,264,204,147
TLE1,East Yorkshire and Northern Lincolnshire,29,Manufacture of motor vehicles,95,95,143,130,124,152,153,155,149,134,179,117,131,116,99,129,108,98,105,117,116,117,101,169,270
TLE1,East Yorkshire and Northern Lincolnshire,30,Manufacture of other transport equipment,123,116,123,124,113,131,146,157,187,165,190,160,117,151,159,151,137,157,166,177,179,157,81,97,58
TLE1,East Yorkshire and Northern Lincolnshire,31,Manufacture of furniture,160,177,134,125,121,148,126,117,127,103,74,78,101,92,82,109,137,151,174,204,241,246,318,450,471
TLE1,East Yorkshire and Northern Lincolnshire,32,Other manufacturing,41,44,42,36,46,73,60,58,70,64,53,48,67,70,51,47,38,32,32,34,39,41,34,42,46
TLE1,East Yorkshire and Northern Lincolnshire,33,Repair and installation of machinery and equipment,99,102,84,77,73,68,73,71,69,59,57,68,88,92,112,123,133,135,146,134,133,120,135,149,168
TLE1,East Yorkshire and Northern Lincolnshire,D (35),"Electricity, gas, steam and air conditioning supply",191,206,197,193,224,231,456,437,766,697,753,995,628,393,457,416,473,559,515,531,496,609,841,701,703
TLE1,East Yorkshire and Northern Lincolnshire,E (36-39),Water supply; sewerage and waste management,107,107,119,108,139,154,120,123,120,109,105,106,138,133,152,154,171,186,202,243,257,255,255,314,321
TLE1,East Yorkshire and Northern Lincolnshire,41,Construction of buildings,199,214,228,226,266,309,312,371,362,351,264,187,207,189,194,228,221,237,220,205,253,281,262,350,461
TLE1,East Yorkshire and Northern Lincolnshire,42,Civil engineering,115,140,132,135,168,182,199,219,220,207,225,149,179,172,216,221,246,258,236,279,307,308,211,313,422
TLE1,East Yorkshire and Northern Lincolnshire,43,Specialised construction activities,245,284,286,294,357,428,428,504,556,583,653,523,552,545,520,533,633,669,644,712,699,690,690,823,912
TLE1,East Yorkshire and Northern Lincolnshire,45,Motor trades,149,131,141,191,221,257,289,337,371,436,394,296,338,339,352,316,319,348,346,375,361,390,377,536,587
TLE1,East Yorkshire and Northern Lincolnshire,46,Wholesale trade,488,450,453,517,543,508,525,518,595,640,675,636,659,670,490,426,455,511,616,683,707,589,567,777,901
TLE1,East Yorkshire and Northern Lincolnshire,47,Retail trade,654,621,714,725,806,836,853,856,963,981,976,1088,1025,885,868,932,974,992,950,982,1040,1185,1025,1262,1331
TLE1,East Yorkshire and Northern Lincolnshire,49,Land transport,285,316,307,336,343,334,309,298,318,391,393,355,352,401,365,389,369,362,387,405,390,429,495,588,706
TLE1,East Yorkshire and Northern Lincolnshire,50-51,Water and air transport,95,109,132,126,116,145,190,177,139,111,128,88,76,114,126,139,125,143,150,161,129,138,46,55,73
TLE1,East Yorkshire and Northern Lincolnshire,52,Warehousing and transport support activities,207,194,224,270,255,275,249,233,227,243,290,249,306,297,299,336,381,433,475,466,423,443,299,344,343
TLE1,East Yorkshire and Northern Lincolnshire,53,Postal and courier activities,52,52,55,57,66,67,61,72,80,77,80,85,88,93,102,101,84,75,73,83,94,83,85,88,92
TLE1,East Yorkshire and Northern Lincolnshire,55,Accommodation,36,33,38,41,43,55,64,65,80,85,70,70,68,82,86,80,76,88,110,123,133,138,81,130,185
TLE1,East Yorkshire and Northern Lincolnshire,56,Food and beverage service activities,200,197,204,225,234,258,314,351,358,371,342,295,301,270,277,293,326,322,305,346,369,400,259,518,747
TLE1,East Yorkshire and Northern Lincolnshire,58,Publishing activities,43,42,47,40,41,45,51,49,47,47,41,32,26,24,19,16,18,21,25,25,31,30,45,23,16
TLE1,East Yorkshire and Northern Lincolnshire,59-60,"Film and TV production, programming and broadcasting",11,11,12,12,11,13,14,17,18,22,29,33,35,32,25,27,27,31,31,29,31,28,16,34,38
TLE1,East Yorkshire and Northern Lincolnshire,61,Telecommunications,101,109,117,106,102,108,122,125,117,121,109,107,103,98,90,87,92,109,136,132,132,132,101,124,120
TLE1,East Yorkshire and Northern Lincolnshire,62,Computer programming and consultancy,48,50,49,43,53,78,76,70,58,57,64,77,83,94,105,107,100,95,92,99,123,152,120,218,240
TLE1,East Yorkshire and Northern Lincolnshire,63,Information service activities,7,13,23,21,21,27,38,44,51,58,48,40,37,40,55,58,44,40,40,34,35,40,30,33,36
TLE1,East Yorkshire and Northern Lincolnshire,64,Financial service activities,158,163,167,194,203,225,299,317,362,354,327,379,346,332,307,294,243,225,238,251,258,214,219,193,221
TLE1,East Yorkshire and Northern Lincolnshire,65,Insurance and pension funding,46,35,27,22,15,11,13,13,14,8,8,7,3,3,2,3,4,3,3,4,2,1,1,0,16
TLE1,East Yorkshire and Northern Lincolnshire,66,Activities auxiliary to finance and insurance,20,31,24,21,27,26,28,27,36,57,47,58,37,39,36,51,90,88,82,69,66,72,77,86,130
TLE1,East Yorkshire and Northern Lincolnshire,68IMP,Owner-occupiers' imputed rental,1187,1251,1247,1251,1222,1241,1297,1326,1355,1453,1467,1318,1205,1252,1337,1305,1390,1425,1527,1627,1744,1793,1824,1860,1947
TLE1,East Yorkshire and Northern Lincolnshire,68,"Real estate activities, excluding imputed rental",184,178,180,197,217,239,240,245,266,304,383,464,461,504,589,585,628,636,643,675,665,684,689,729,741
TLE1,East Yorkshire and Northern Lincolnshire,69,Legal and accounting activities,101,123,109,138,157,140,164,177,238,236,245,247,220,203,222,279,280,255,239,301,348,349,310,313,395
TLE1,East Yorkshire and Northern Lincolnshire,70,Head offices and management consultancy,47,49,46,52,57,87,76,81,79,89,86,79,70,68,78,82,86,100,95,92,109,133,127,112,135
TLE1,East Yorkshire and Northern Lincolnshire,71,Architectural and engineering activities,56,70,65,78,87,96,99,91,88,90,97,90,95,86,83,92,106,139,145,134,117,141,125,175,203
TLE1,East Yorkshire and Northern Lincolnshire,72,Scientific research and development,12,13,11,13,15,19,20,15,11,11,14,12,17,12,7,4,5,7,10,12,15,19,9,15,18
TLE1,East Yorkshire and Northern Lincolnshire,73,Advertising and market research,29,29,30,33,36,42,39,40,45,41,34,30,30,34,37,37,31,35,33,27,32,31,33,61,63
TLE1,East Yorkshire and Northern Lincolnshire,74,"Other professional, scientific and technical activities",27,26,24,27,29,34,33,33,35,38,35,31,29,31,30,33,35,41,51,66,51,50,59,71,46
TLE1,East Yorkshire and Northern Lincolnshire,75,Veterinary activities,23,21,22,22,21,26,21,20,16,16,12,12,13,27,33,34,31,39,47,52,54,61,47,72,78
TLE1,East Yorkshire and Northern Lincolnshire,77,Rental and leasing activities,121,126,130,115,148,146,94,104,123,137,122,148,135,93,84,143,156,187,217,296,294,226,181,213,239
TLE1,East Yorkshire and Northern Lincolnshire,78,Employment activities,63,66,73,80,90,107,109,140,159,179,206,184,193,205,196,211,224,270,300,311,335,404,361,408,429
TLE1,East Yorkshire and Northern Lincolnshire,79,Travel agency and tour operator activities,30,30,28,27,26,21,22,24,30,34,35,33,36,34,29,26,26,30,35,40,38,42,14,19,45
TLE1,East Yorkshire and Northern Lincolnshire,80,Security and investigation activities,19,19,19,21,20,19,18,16,18,18,17,17,16,18,17,19,21,21,18,24,25,26,30,38,43
TLE1,East Yorkshire and Northern Lincolnshire,81,Services to buildings and landscape activities,33,33,33,34,37,36,47,46,51,53,59,61,71,83,75,67,56,59,48,62,67,80,68,118,144
TLE1,East Yorkshire and Northern Lincolnshire,82,Office administration and business support activities,52,57,39,52,74,70,65,67,97,104,118,117,131,127,137,187,195,189,228,221,213,176,159,161,129
TLE1,East Yorkshire and Northern Lincolnshire,O (84),Public administration and defence,397,408,412,611,654,682,731,772,789,833,919,983,1010,1040,1081,1025,1071,1079,936,961,947,980,1026,1072,1112
TLE1,East Yorkshire and Northern Lincolnshire,P (85),Education,514,516,591,668,752,824,808,931,939,1039,1112,1093,1026,1012,1004,993,1049,1100,1049,1060,1121,1198,1175,1276,1437
TLE1,East Yorkshire and Northern Lincolnshire,86,Human health activities,414,404,444,550,591,668,791,773,814,945,993,965,1056,1170,1149,1064,1128,1104,1119,1091,1197,1306,1246,1387,1268
TLE1,East Yorkshire and Northern Lincolnshire,87,Residential care activities,111,98,117,130,145,172,193,194,209,209,227,245,217,215,217,205,209,201,220,237,233,268,304,336,314
TLE1,East Yorkshire and Northern Lincolnshire,88,Social work activities,104,110,116,146,155,185,202,209,188,194,151,182,206,212,262,312,318,353,375,376,344,326,406,462,438
TLE1,East Yorkshire and Northern Lincolnshire,90,"Creative, arts and entertainment activities",13,13,15,11,10,13,18,19,20,19,16,17,17,20,17,12,12,12,15,13,16,20,9,12,19
TLE1,East Yorkshire and Northern Lincolnshire,91,"Libraries, archives, museums and other cultural activities",4,4,4,4,3,5,6,6,8,7,9,17,15,9,9,8,10,8,8,7,9,11,10,14,17
TLE1,East Yorkshire and Northern Lincolnshire,92,Gambling and betting activities,27,26,27,29,49,67,69,63,72,75,79,73,38,34,35,48,47,47,31,30,28,32,36,33,40
TLE1,East Yorkshire and Northern Lincolnshire,93,"Sports, amusement and recreation activities",31,31,41,41,48,52,70,70,59,56,55,75,87,80,92,91,99,92,103,122,117,116,97,112,157
TLE1,East Yorkshire and Northern Lincolnshire,94,Activities of membership organisations,23,23,27,26,33,34,35,36,37,33,19,18,25,26,21,18,19,18,21,20,26,27,17,27,33
TLE1,East Yorkshire and Northern Lincolnshire,95,"Repair of computers, personal and household goods",9,9,8,7,8,8,9,9,9,8,11,11,10,13,13,12,15,14,14,13,12,16,17,30,36
TLE1,East Yorkshire and Northern Lincolnshire,96,Other personal service activities,85,97,112,112,131,130,141,146,143,160,171,180,155,149,166,173,201,204,229,248,234,263,227,236,258
TLE1,East Yorkshire and Northern Lincolnshire,T (97-98),Activities of households,28,37,41,38,24,14,24,25,24,21,23,16,15,20,23,29,23,19,21,15,15,18,14,6,12
TLE2,North Yorkshire,1,Agriculture and hunting,364,330,341,272,400,399,349,290,334,338,463,434,374,456,430,456,575,491,432,470,436,494,505,646,764
TLE2,North Yorkshire,2-3,Forestry and fishing,18,21,19,17,13,13,15,15,16,17,21,22,21,27,29,23,28,26,21,27,23,33,28,27,30
TLE2,North Yorkshire,B (5-9),Mining and quarrying,145,111,109,100,101,103,73,60,71,70,70,66,70,73,76,77,72,62,31,27,38,34,46,36,28
TLE2,North Yorkshire,10,Manufacture of food products,707,695,772,756,847,863,882,864,819,865,840,829,806,824,847,931,972,920,901,944,1062,972,1080,1273,1359
TLE2,North Yorkshire,11-12,Manufacture of beverages and tobacco products,22,34,50,48,65,64,56,60,47,52,66,63,54,51,41,31,37,33,29,32,31,32,26,40,47
TLE2,North Yorkshire,13,Manufacture of textiles,14,16,18,16,19,20,17,19,13,14,16,16,16,14,19,16,18,22,23,28,21,24,25,30,35
TLE2,North Yorkshire,14-15,Manufacture of wearing apparel and leather products,8,10,11,9,11,9,9,10,8,7,5,4,7,5,7,7,11,13,8,13,15,15,8,13,15
TLE2,North Yorkshire,16-17,Manufacture of wood and paper products,49,56,65,63,81,86,85,83,70,79,70,62,66,65,78,72,72,66,86,87,80,94,72,50,88
TLE2,North Yorkshire,18,Printing and reproduction of recorded media,55,57,60,61,73,78,75,85,88,91,105,85,67,55,56,54,57,61,61,58,65,63,86,55,32
TLE2,North Yorkshire,CD-CF (19-21),"Manufacture of petroleum, chemicals and pharmaceuticals",94,65,66,58,58,51,39,50,58,57,64,78,141,146,132,149,172,212,199,165,169,181,174,163,173
TLE2,North Yorkshire,22,Manufacture of rubber and plastic products,61,60,59,60,58,57,55,64,63,54,53,47,51,48,52,60,61,84,90,77,77,81,76,98,110
TLE2,North Yorkshire,23,Manufacture of other non-metallic mineral products,38,27,33,29,31,41,35,48,62,69,72,66,75,72,74,78,76,93,94,103,109,121,125,116,123
TLE2,North Yorkshire,24,Manufacture of basic metals,23,24,30,27,26,44,31,40,39,38,34,22,42,61,63,63,63,70,90,86,82,125,120,119,143
TLE2,North Yorkshire,25,Manufacture of fabricated metal products,97,109,135,131,146,150,133,158,152,140,169,136,150,173,206,230,190,171,178,196,227,219,223,268,281
TLE2,North Yorkshire,CI (26),"Manufacture of computer, electronic and optical products",32,39,35,50,55,55,73,66,70,78,63,64,81,87,88,83,67,60,68,62,69,80,59,54,63
TLE2,North Yorkshire,CJ (27),Manufacture of electrical equipment,26,30,31,45,47,38,45,49,48,71,85,86,85,82,94,98,100,95,113,125,144,126,149,156,157
TLE2,North Yorkshire,CK (28),Manufacture of machinery and equipment,62,65,58,62,61,61,74,83,71,97,77,54,77,93,84,96,103,113,107,124,138,137,147,155,138
TLE2,North Yorkshire,29,Manufacture of motor vehicles,42,35,42,36,29,23,13,15,20,26,32,23,33,41,51,65,69,67,65,76,64,65,64,91,90
TLE2,North Yorkshire,30,Manufacture of other transport equipment,15,21,17,21,19,19,18,19,18,18,18,15,17,22,23,18,17,22,19,17,16,17,10,12,18
TLE2,North Yorkshire,31,Manufacture of furniture,25,29,33,43,53,49,40,40,38,44,41,39,35,39,37,38,39,37,37,42,37,35,42,73,88
TLE2,North Yorkshire,32,Other manufacturing,21,28,32,31,41,37,40,45,42,38,38,37,36,33,36,34,35,34,35,42,50,52,63,42,48
TLE2,North Yorkshire,33,Repair and installation of machinery and equipment,29,36,31,40,46,67,66,76,72,68,73,90,87,85,82,83,73,74,94,106,100,84,86,97,98
TLE2,North Yorkshire,D (35),"Electricity, gas, steam and air conditioning supply",420,379,386,357,331,322,330,346,604,603,589,662,519,454,507,506,411,461,467,498,439,572,556,284,355
TLE2,North Yorkshire,E (36-39),Water supply; sewerage and waste management,129,126,111,117,122,136,136,153,150,130,138,144,149,143,136,117,115,133,141,151,153,144,112,194,209
TLE2,North Yorkshire,41,Construction of buildings,247,273,269,281,320,374,348,453,461,400,356,221,244,201,192,205,225,284,314,379,370,357,294,393,438
TLE2,North Yorkshire,42,Civil engineering,141,158,151,180,168,191,219,221,276,322,346,306,261,225,257,225,233,214,215,195,219,205,137,217,198
TLE2,North Yorkshire,43,Specialised construction activities,277,305,328,353,359,326,342,350,352,359,412,364,418,423,449,501,508,561,559,536,553,652,498,612,720
TLE2,North Yorkshire,45,Motor trades,152,162,146,150,237,331,330,268,237,244,219,197,258,242,209,214,264,277,305,398,439,406,189,272,283
TLE2,North Yorkshire,46,Wholesale trade,394,357,308,316,309,415,465,422,451,469,516,456,471,520,496,515,535,463,561,600,635,581,606,805,900
TLE2,North Yorkshire,47,Retail trade,640,607,648,733,877,902,945,947,964,939,880,898,897,1034,1076,1180,1209,1184,1247,1300,1081,1079,1196,1404,1505
TLE2,North Yorkshire,49,Land transport,267,297,308,384,443,450,388,380,407,423,405,442,496,504,479,449,415,380,374,382,329,307,183,204,314
TLE2,North Yorkshire,50-51,Water and air transport,4,6,10,13,11,12,16,13,8,7,14,10,10,17,19,23,18,18,17,19,16,18,13,16,20
TLE2,North Yorkshire,52,Warehousing and transport support activities,188,196,182,197,256,277,414,374,417,465,455,326,337,357,327,334,341,306,306,299,315,376,347,381,363
TLE2,North Yorkshire,53,Postal and courier activities,61,64,70,72,79,75,77,86,89,82,86,90,79,87,105,126,121,107,128,152,140,127,73,137,122
TLE2,North Yorkshire,55,Accommodation,113,124,139,137,151,190,212,222,237,242,203,175,188,231,271,334,365,379,399,433,394,421,195,291,405
TLE2,North Yorkshire,56,Food and beverage service activities,306,319,353,350,347,385,408,463,462,472,467,388,412,408,406,399,430,485,477,528,556,596,484,858,1103
TLE2,North Yorkshire,58,Publishing activities,43,54,57,49,65,63,71,109,122,154,165,154,153,164,142,131,136,106,90,59,52,48,34,27,29
TLE2,North Yorkshire,59-60,"Film and TV production, programming and broadcasting",10,10,12,13,17,23,26,24,28,33,35,38,33,28,29,28,25,30,39,40,41,38,25,66,66
TLE2,North Yorkshire,61,Telecommunications,101,111,111,114,129,130,120,107,105,108,102,94,87,89,96,100,101,105,138,156,187,171,193,145,122
TLE2,North Yorkshire,62,Computer programming and consultancy,75,88,124,132,164,196,195,181,164,168,159,120,115,116,152,150,135,153,200,225,208,262,292,416,463
TLE2,North Yorkshire,63,Information service activities,10,20,30,33,40,13,16,16,18,50,51,45,42,51,56,51,37,29,30,23,22,24,11,7,6
TLE2,North Yorkshire,64,Financial service activities,144,135,123,139,163,170,282,263,353,564,537,632,530,585,496,437,460,504,509,549,477,451,453,530,498
TLE2,North Yorkshire,65,Insurance and pension funding,324,387,282,278,244,244,336,471,319,245,217,105,93,95,130,144,120,76,94,103,204,310,340,471,683
TLE2,North Yorkshire,66,Activities auxiliary to finance and insurance,42,45,46,29,31,98,104,89,119,146,159,301,314,300,331,371,407,465,426,535,396,329,361,395,448
TLE2,North Yorkshire,68IMP,Owner-occupiers' imputed rental,1531,1607,1760,1853,1968,1969,1931,1894,1871,2002,1987,1764,1692,1804,1877,1809,1874,2000,2110,2220,2360,2460,2486,2542,2757
TLE2,North Yorkshire,68,"Real estate activities, excluding imputed rental",260,265,296,305,336,370,335,373,379,419,502,547,576,677,782,796,871,905,893,935,923,997,929,966,1000
TLE2,North Yorkshire,69,Legal and accounting activities,100,117,129,130,143,160,165,169,176,214,209,224,215,177,147,159,190,215,196,249,245,262,211,295,329
TLE2,North Yorkshire,70,Head offices and management consultancy,62,69,81,106,111,104,109,131,136,143,143,148,132,143,141,159,171,163,155,156,167,201,193,146,162
TLE2,North Yorkshire,71,Architectural and engineering activities,79,91,106,112,139,151,149,158,165,192,180,161,146,133,155,188,185,181,197,231,196,227,240,230,202
TLE2,North Yorkshire,72,Scientific research and development,71,94,85,102,136,151,174,165,158,185,192,187,250,261,222,185,224,272,370,366,404,384,345,404,439
TLE2,North Yorkshire,73,Advertising and market research,25,24,36,51,65,73,64,62,65,67,59,69,88,112,119,125,97,94,81,66,65,64,61,96,104
TLE2,North Yorkshire,74,"Other professional, scientific and technical activities",34,38,44,45,48,50,52,54,54,58,56,52,45,45,47,57,60,62,75,96,72,79,92,84,103
TLE2,North Yorkshire,75,Veterinary activities,22,17,21,21,25,30,30,28,35,32,25,25,23,65,68,75,61,69,81,100,115,117,70,99,134
TLE2,North Yorkshire,77,Rental and leasing activities,42,43,51,60,60,57,57,95,113,136,144,151,147,141,135,130,128,130,151,175,200,228,220,206,213
TLE2,North Yorkshire,78,Employment activities,42,49,57,64,90,105,83,77,74,89,105,95,97,101,98,110,125,138,154,182,209,201,218,291,285
TLE2,North Yorkshire,79,Travel agency and tour operator activities,25,33,32,29,34,40,43,54,57,70,81,83,84,73,67,63,80,78,93,83,99,123,29,40,108
TLE2,North Yorkshire,80,Security and investigation activities,14,13,13,11,12,13,12,15,16,18,18,18,12,11,9,13,17,22,20,27,31,26,15,26,28
TLE2,North Yorkshire,81,Services to buildings and landscape activities,21,26,27,30,39,44,49,47,54,66,85,92,96,102,104,122,122,138,123,151,128,137,207,162,177
TLE2,North Yorkshire,82,Office administration and business support activities,61,66,69,83,87,100,97,87,73,79,82,82,85,88,101,140,160,167,166,158,179,170,170,163,164
TLE2,North Yorkshire,O (84),Public administration and defence,700,702,743,847,892,913,1035,1068,1075,1152,1206,1301,1297,1307,1367,1504,1367,1287,1332,1438,1453,1579,1549,1602,1794
TLE2,North Yorkshire,P (85),Education,532,552,627,736,725,775,863,970,1101,1200,1256,1241,1158,1161,1203,1219,1200,1246,1250,1353,1457,1397,1348,1491,1702
TLE2,North Yorkshire,86,Human health activities,470,494,476,543,555,584,657,697,771,750,758,793,875,840,896,844,874,872,847,859,896,960,977,1124,1124
TLE2,North Yorkshire,87,Residential care activities,97,72,93,89,111,117,128,125,137,129,172,225,209,214,204,215,242,252,273,280,245,244,268,373,299
TLE2,North Yorkshire,88,Social work activities,79,87,95,109,125,153,150,150,157,165,162,208,220,231,223,258,275,309,347,414,472,499,575,592,556
TLE2,North Yorkshire,90,"Creative, arts and entertainment activities",41,43,50,45,47,42,44,47,53,51,43,37,35,38,34,32,23,25,30,26,30,38,22,27,37
TLE2,North Yorkshire,91,"Libraries, archives, museums and other cultural activities",20,20,21,26,32,42,44,44,49,45,49,49,49,46,41,48,45,52,51,52,66,80,31,63,73
TLE2,North Yorkshire,92,Gambling and betting activities,19,15,14,17,23,29,41,41,34,35,32,23,29,33,27,35,37,27,16,25,22,27,34,40,48
TLE2,North Yorkshire,93,"Sports, amusement and recreation activities",47,52,52,60,75,80,94,97,99,86,94,99,108,119,135,137,142,148,150,173,164,151,125,161,176
TLE2,North Yorkshire,94,Activities of membership organisations,40,34,33,35,38,42,49,47,52,41,45,50,72,66,59,60,56,49,56,66,54,58,80,46,50
TLE2,North Yorkshire,95,"Repair of computers, personal and household goods",4,4,4,4,6,6,7,7,9,9,10,11,12,14,12,10,13,12,13,13,10,11,16,16,18
TLE2,North Yorkshire,96,Other personal service activities,103,107,116,113,131,133,143,139,152,161,178,193,203,176,189,188,203,225,228,262,283,290,180,344,416
TLE2,North Yorkshire,T (97-98),Activities of households,22,27,28,33,32,18,23,42,34,30,29,23,25,20,23,37,41,45,51,44,42,44,35,30,45
TLE3,South Yorkshire,1,Agriculture and hunting,39,33,31,25,43,43,38,24,28,32,50,45,42,53,51,51,61,47,41,49,49,55,45,69,92
TLE3,South Yorkshire,2-3,Forestry and fishing,2,2,2,3,3,2,2,2,3,3,4,4,3,3,4,3,4,4,4,5,5,7,7,8,10
TLE3,South Yorkshire,B (5-9),Mining and quarrying,60,58,60,55,45,52,51,57,63,58,69,79,73,73,78,56,41,36,16,20,36,40,22,22,25
TLE3,South Yorkshire,10,Manufacture of food products,320,296,301,357,384,412,426,443,440,501,478,532,532,483,437,401,379,450,408,417,401,395,498,358,386
TLE3,South Yorkshire,11-12,Manufacture of beverages and tobacco products,9,9,5,3,3,3,3,4,6,6,5,6,7,8,8,9,10,9,8,9,10,11,16,11,11
TLE3,South Yorkshire,13,Manufacture of textiles,15,15,17,18,19,21,13,13,17,24,21,18,18,20,25,22,21,26,28,34,25,32,19,18,21
TLE3,South Yorkshire,14-15,Manufacture of wearing apparel and leather products,71,60,54,45,37,37,22,22,26,26,14,10,22,15,18,14,22,28,15,27,27,24,18,25,28
TLE3,South Yorkshire,16-17,Manufacture of wood and paper products,100,87,85,87,90,102,115,116,117,138,89,75,68,71,86,84,107,121,139,121,114,133,130,151,156
TLE3,South Yorkshire,18,Printing and reproduction of recorded media,42,35,40,43,44,48,50,62,87,90,104,98,90,82,86,86,95,88,79,80,88,99,78,107,109
TLE3,South Yorkshire,CD-CF (19-21),"Manufacture of petroleum, chemicals and pharmaceuticals",153,125,116,115,99,99,73,96,102,111,103,101,119,94,94,133,129,153,126,128,112,129,162,206,210
TLE3,South Yorkshire,22,Manufacture of rubber and plastic products,149,149,145,200,196,196,204,215,186,183,165,184,209,228,210,252,239,261,259,226,256,300,280,306,320
TLE3,South Yorkshire,23,Manufacture of other non-metallic mineral products,194,223,242,220,237,224,217,210,190,204,160,155,170,160,142,134,144,156,176,179,181,206,211,199,226
TLE3,South Yorkshire,24,Manufacture of basic metals,375,433,459,410,404,423,332,329,239,270,227,159,323,444,490,459,501,445,388,397,397,400,284,245,237
TLE3,South Yorkshire,25,Manufacture of fabricated metal products,533,534,495,511,590,538,513,550,471,496,593,494,465,555,576,644,636,518,494,553,623,627,671,683,723
TLE3,South Yorkshire,CI (26),"Manufacture of computer, electronic and optical products",65,52,55,60,65,69,71,71,83,79,62,68,84,85,96,96,77,63,88,92,99,105,79,75,88
TLE3,South Yorkshire,CJ (27),Manufacture of electrical equipment,90,64,70,62,73,82,80,80,88,98,103,99,92,75,82,84,94,84,89,114,121,129,167,119,109
TLE3,South Yorkshire,CK (28),Manufacture of machinery and equipment,371,297,314,251,262,292,246,262,259,283,226,151,228,247,237,273,280,265,229,249,286,243,238,294,297
TLE3,South Yorkshire,29,Manufacture of motor vehicles,80,63,87,78,102,104,97,89,84,94,104,65,79,83,74,86,93,98,112,134,132,130,106,125,101
TLE3,South Yorkshire,30,Manufacture of other transport equipment,15,19,27,29,33,34,32,30,29,26,30,7,5,8,12,9,6,6,6,6,7,8,11,11,12
TLE3,South Yorkshire,31,Manufacture of furniture,67,71,76,90,86,101,82,80,99,117,112,110,127,119,124,129,161,161,170,195,187,195,186,192,215
TLE3,South Yorkshire,32,Other manufacturing,76,71,75,87,87,99,90,84,103,106,113,100,114,107,121,118,122,123,134,141,166,176,208,174,172
TLE3,South Yorkshire,33,Repair and installation of machinery and equipment,95,88,79,64,67,58,42,47,57,53,48,50,56,59,66,69,75,84,111,131,136,111,179,209,226
TLE3,South Yorkshire,D (35),"Electricity, gas, steam and air conditioning supply",162,130,126,127,141,148,130,152,201,201,228,254,203,175,217,226,201,244,204,220,202,277,210,137,156
TLE3,South Yorkshire,E (36-39),Water supply; sewerage and waste management,171,168,205,225,235,267,267,266,282,282,275,290,341,320,321,295,288,307,303,331,339,327,294,397,410
TLE3,South Yorkshire,41,Construction of buildings,307,314,353,345,408,456,469,526,589,578,548,386,416,346,327,389,409,438,445,509,528,523,492,600,687
TLE3,South Yorkshire,42,Civil engineering,179,178,220,266,276,296,352,413,431,488,514,396,282,340,396,355,363,349,368,450,470,445,425,435,595
TLE3,South Yorkshire,43,Specialised construction activities,405,413,495,556,610,634,656,725,776,867,885,741,781,860,836,891,981,1018,1061,1075,1056,1196,915,1023,1152
TLE3,South Yorkshire,45,Motor trades,184,244,255,312,296,317,315,364,363,482,499,425,487,429,444,446,452,537,575,741,592,671,722,642,705
TLE3,South Yorkshire,46,Wholesale trade,548,536,482,574,544,555,617,631,663,737,795,635,736,749,767,744,758,732,864,944,999,1037,1152,1166,1221
TLE3,South Yorkshire,47,Retail trade,930,985,997,1034,1128,1065,1147,1128,1246,1147,1102,1119,1251,1211,1316,1386,1396,1436,1500,1554,1387,1431,1672,1770,1894
TLE3,South Yorkshire,49,Land transport,393,406,408,420,417,415,413,398,371,383,338,310,331,386,349,377,443,475,479,453,435,497,319,358,441
TLE3,South Yorkshire,50-51,Water and air transport,1,1,2,2,2,4,7,7,15,19,29,18,16,11,10,13,14,16,15,14,13,13,5,6,18
TLE3,South Yorkshire,52,Warehousing and transport support activities,112,126,94,84,98,129,267,254,416,465,497,433,438,332,320,302,353,358,351,382,400,455,505,447,485
TLE3,South Yorkshire,53,Postal and courier activities,203,194,201,208,224,232,210,246,228,222,234,242,259,279,363,369,288,247,231,260,282,282,301,321,365
TLE3,South Yorkshire,55,Accommodation,39,42,43,45,51,57,60,64,67,64,52,43,47,49,53,61,58,61,78,88,95,86,42,121,196
TLE3,South Yorkshire,56,Food and beverage service activities,321,312,302,290,326,330,345,350,353,374,391,378,441,437,455,452,484,526,546,633,595,622,414,462,602
TLE3,South Yorkshire,58,Publishing activities,49,48,46,45,42,46,51,49,48,53,51,46,46,50,48,44,43,55,61,63,56,49,66,101,125
TLE3,South Yorkshire,59-60,"Film and TV production, programming and broadcasting",19,19,22,20,17,23,27,26,26,33,35,37,39,35,31,32,30,41,47,45,47,48,27,54,74
TLE3,South Yorkshire,61,Telecommunications,269,255,291,321,361,380,387,297,268,306,343,349,373,397,391,447,469,473,536,560,640,691,815,833,844
TLE3,South Yorkshire,62,Computer programming and consultancy,56,66,95,109,120,170,213,229,228,264,222,210,270,329,348,327,294,321,271,226,270,330,465,486,453
TLE3,South Yorkshire,63,Information service activities,13,17,26,29,26,32,32,33,67,78,68,59,62,70,73,72,53,48,46,40,36,40,42,15,16
TLE3,South Yorkshire,64,Financial service activities,362,370,353,412,473,575,679,730,799,883,975,1256,1201,1214,1042,1163,1153,1136,981,922,917,841,890,873,999
TLE3,South Yorkshire,65,Insurance and pension funding,188,173,164,232,193,192,236,327,374,300,56,36,31,35,38,52,55,35,43,23,106,151,169,443,511
TLE3,South Yorkshire,66,Activities auxiliary to finance and insurance,36,44,59,46,82,68,57,68,84,96,154,192,180,164,130,141,176,195,198,297,260,287,296,319,353
TLE3,South Yorkshire,68IMP,Owner-occupiers' imputed rental,1497,1588,1593,1596,1564,1621,1712,1770,1799,1914,1901,1730,1547,1637,1734,1677,1779,1837,1920,2029,2188,2221,2242,2354,2532
TLE3,South Yorkshire,68,"Real estate activities, excluding imputed rental",315,331,349,358,370,418,430,495,516,574,567,671,686,773,803,817,824,823,788,794,795,824,747,832,853
TLE3,South Yorkshire,69,Legal and accounting activities,180,183,182,208,200,272,326,354,354,344,327,308,275,262,324,390,389,398,329,354,382,466,474,634,773
TLE3,South Yorkshire,70,Head offices and management consultancy,75,71,84,93,88,81,99,79,86,134,126,119,124,122,110,119,141,155,176,198,215,218,204,183,190
TLE3,South Yorkshire,71,Architectural and engineering activities,117,109,120,108,124,156,207,206,202,204,191,152,156,203,196,220,230,243,198,244,204,226,241,208,237
TLE3,South Yorkshire,72,Scientific research and development,25,29,37,51,62,62,78,78,72,74,74,71,88,99,103,88,112,145,179,146,157,142,95,136,154
TLE3,South Yorkshire,73,Advertising and market research,26,32,33,37,42,55,59,62,68,62,48,40,42,44,44,44,40,52,50,43,48,47,46,73,78
TLE3,South Yorkshire,74,"Other professional, scientific and technical activities",30,31,31,31,38,46,53,57,60,62,64,55,54,52,48,59,65,70,88,101,77,80,101,99,112
TLE3,South Yorkshire,75,Veterinary activities,14,17,19,16,14,17,20,17,19,22,21,20,26,36,39,44,43,48,52,60,60,61,65,62,76
TLE3,South Yorkshire,77,Rental and leasing activities,97,99,100,107,116,135,138,156,134,122,109,111,107,96,105,128,140,165,193,245,292,257,234,287,315
TLE3,South Yorkshire,78,Employment activities,101,97,108,112,128,164,175,184,181,218,222,202,200,202,197,214,263,304,304,288,336,334,349,429,462
TLE3,South Yorkshire,79,Travel agency and tour operator activities,42,35,29,25,24,25,27,32,36,42,30,28,29,27,33,43,55,62,74,83,88,74,14,20,60
TLE3,South Yorkshire,80,Security and investigation activities,40,32,29,29,29,36,34,33,32,38,35,35,29,27,28,27,34,34,26,32,37,44,63,63,63
TLE3,South Yorkshire,81,Services to buildings and landscape activities,44,47,48,52,64,73,86,82,77,90,98,100,91,100,104,116,110,119,110,137,137,148,110,106,127
TLE3,South Yorkshire,82,Office administration and business support activities,52,44,56,63,61,143,161,179,164,202,222,269,258,251,308,377,448,477,516,452,372,350,370,405,390
TLE3,South Yorkshire,O (84),Public administration and defence,678,718,780,783,885,878,961,1016,1162,1323,1308,1475,1533,1493,1553,1448,1314,1494,1560,1545,1498,1483,1619,1758,1934
TLE3,South Yorkshire,P (85),Education,934,951,1030,1224,1346,1449,1502,1528,1691,1827,1931,2109,2041,2106,2260,2379,2554,2662,2659,2632,2731,2713,2819,3023,3326
TLE3,South Yorkshire,86,Human health activities,797,808,863,1046,1117,1250,1363,1480,1642,1731,1754,1818,1900,1959,2026,1912,1953,1973,2069,2115,2139,2285,2234,2574,2604
TLE3,South Yorkshire,87,Residential care activities,119,95,117,151,156,207,238,228,263,256,295,264,237,246,310,265,284,303,329,323,335,417,431,445,451
TLE3,South Yorkshire,88,Social work activities,130,132,136,194,218,235,271,274,292,329,227,264,282,305,292,354,395,449,486,550,538,549,587,603,609
TLE3,South Yorkshire,90,"Creative, arts and entertainment activities",22,22,29,26,26,24,41,42,53,52,42,35,34,37,34,26,23,24,29,24,29,37,8,18,26
TLE3,South Yorkshire,91,"Libraries, archives, museums and other cultural activities",14,16,17,14,14,25,29,25,31,33,28,27,25,18,22,25,42,43,37,31,36,34,16,22,25
TLE3,South Yorkshire,92,Gambling and betting activities,42,39,37,38,41,29,26,23,19,17,21,21,17,14,15,23,21,22,13,19,18,23,44,39,45
TLE3,South Yorkshire,93,"Sports, amusement and recreation activities",54,56,60,67,73,88,122,115,122,118,124,121,137,136,155,151,147,150,158,175,176,188,112,151,181
TLE3,South Yorkshire,94,Activities of membership organisations,51,48,52,64,79,79,76,80,79,83,80,82,86,83,69,67,56,47,48,51,55,59,50,67,73
TLE3,South Yorkshire,95,"Repair of computers, personal and household goods",37,41,40,38,43,38,44,41,19,13,15,13,16,24,25,23,28,28,32,31,39,35,25,42,49
TLE3,South Yorkshire,96,Other personal service activities,121,111,107,130,138,137,175,184,187,213,198,224,220,222,228,246,265,307,336,335,329,369,317,284,327
TLE3,South Yorkshire,T (97-98),Activities of households,19,19,23,18,15,15,18,15,10,11,21,27,20,15,19,37,41,32,51,39,39,44,35,16,8
TLE4,West Yorkshire,1,Agriculture and hunting,47,39,35,35,54,52,43,35,44,39,62,57,56,67,63,66,81,67,59,65,77,83,85,97,107
TLE4,West Yorkshire,2-3,Forestry and fishing,3,4,5,5,5,5,6,6,6,6,7,7,6,11,11,8,9,10,8,10,10,12,11,11,9
TLE4,West Yorkshire,B (5-9),Mining and quarrying,47,52,54,41,36,41,32,28,33,36,35,36,32,38,32,37,39,41,39,40,54,54,58,40,49
TLE4,West Yorkshire,10,Manufacture of food products,658,626,645,729,709,667,691,730,750,819,844,799,782,793,790,889,811,923,821,819,891,881,833,554,594
TLE4,West Yorkshire,11-12,Manufacture of beverages and tobacco products,142,155,142,136,161,187,205,200,198,201,186,179,149,176,184,217,197,209,256,316,374,330,211,269,306
TLE4,West Yorkshire,13,Manufacture of textiles,540,502,500,464,435,444,419,410,378,436,371,403,477,354,517,479,481,543,491,636,560,643,552,563,587
TLE4,West Yorkshire,14-15,Manufacture of wearing apparel and leather products,216,207,209,181,171,110,107,74,70,78,62,57,107,65,77,71,125,145,74,121,123,105,82,93,134
TLE4,West Yorkshire,16-17,Manufacture of wood and paper products,244,240,236,204,220,239,234,230,202,230,202,195,202,207,267,252,287,289,349,331,319,362,331,285,277
TLE4,West Yorkshire,18,Printing and reproduction of recorded media,315,316,319,298,311,359,360,380,386,394,411,397,361,316,348,332,335,315,284,264,306,323,285,274,317
TLE4,West Yorkshire,CD-CF (19-21),"Manufacture of petroleum, chemicals and pharmaceuticals",610,580,577,511,538,531,493,525,537,475,556,535,528,582,548,708,791,903,838,770,809,841,1050,1096,1322
TLE4,West Yorkshire,22,Manufacture of rubber and plastic products,184,237,221,270,242,275,310,303,331,302,306,271,232,234,244,281,260,287,296,286,288,327,292,336,346
TLE4,West Yorkshire,23,Manufacture of other non-metallic mineral products,214,215,229,244,266,287,274,260,267,238,231,248,245,268,299,296,323,395,370,386,375,348,369,424,473
TLE4,West Yorkshire,24,Manufacture of basic metals,84,93,96,111,98,117,93,104,111,106,106,51,76,98,103,80,99,105,118,88,96,114,90,84,128
TLE4,West Yorkshire,25,Manufacture of fabricated metal products,419,423,420,458,446,484,466,469,500,425,483,413,438,507,506,594,651,551,571,642,691,652,725,645,681
TLE4,West Yorkshire,CI (26),"Manufacture of computer, electronic and optical products",163,181,181,182,205,180,196,193,274,273,301,251,175,160,170,147,128,125,159,192,187,213,159,161,164
TLE4,West Yorkshire,CJ (27),Manufacture of electrical equipment,176,166,151,175,170,159,142,146,131,175,217,199,205,188,224,207,208,190,181,192,201,200,245,212,195
TLE4,West Yorkshire,CK (28),Manufacture of machinery and equipment,616,602,599,632,612,570,515,603,550,650,610,500,793,825,842,949,960,943,941,986,1161,1114,1152,1105,1042
TLE4,West Yorkshire,29,Manufacture of motor vehicles,189,177,199,207,180,154,143,137,138,135,123,95,113,117,119,134,127,108,131,138,128,122,119,177,168
TLE4,West Yorkshire,30,Manufacture of other transport equipment,57,79,93,99,94,94,95,87,88,67,63,45,30,42,41,32,25,27,25,25,21,21,17,18,22
TLE4,West Yorkshire,31,Manufacture of furniture,286,305,277,303,312,328,316,340,349,387,355,353,351,326,331,366,389,365,406,450,490,440,431,503,528
TLE4,West Yorkshire,32,Other manufacturing,156,174,168,175,180,152,155,138,147,166,161,151,177,160,163,156,150,156,141,153,166,175,147,167,163
TLE4,West Yorkshire,33,Repair and installation of machinery and equipment,147,158,151,137,154,120,110,112,118,124,113,106,102,101,114,128,122,144,156,162,153,131,170,203,211
TLE4,West Yorkshire,D (35),"Electricity, gas, steam and air conditioning supply",556,538,537,548,548,545,428,493,792,911,1180,1538,1172,853,961,900,891,1002,934,898,827,1039,605,645,662
TLE4,West Yorkshire,E (36-39),Water supply; sewerage and waste management,589,521,454,581,538,579,577,610,580,723,800,830,861,957,961,1014,1037,1017,962,912,902,851,707,1077,1086
TLE4,West Yorkshire,41,Construction of buildings,576,643,677,667,756,841,905,1100,1260,1217,1020,757,784,857,758,805,789,859,871,1003,1166,1138,917,1064,1318
TLE4,West Yorkshire,42,Civil engineering,302,373,390,401,394,385,421,450,461,389,414,272,255,231,302,284,323,393,434,529,498,461,419,449,541
TLE4,West Yorkshire,43,Specialised construction activities,631,741,797,820,863,982,1113,1276,1324,1376,1372,1211,1141,1230,1252,1401,1468,1620,1666,1640,1760,2006,1507,1904,2198
TLE4,West Yorkshire,45,Motor trades,437,501,512,546,548,600,713,796,781,810,826,653,637,605,585,601,737,825,841,920,1001,1142,833,899,922
TLE4,West Yorkshire,46,Wholesale trade,1263,1342,1282,1407,1416,1487,1558,1539,1549,1720,1869,1938,1881,1813,1918,1959,1988,1876,1801,1899,2248,2592,2643,2813,3207
TLE4,West Yorkshire,47,Retail trade,1841,1984,2007,1974,2043,2160,2206,2165,2380,2459,2504,2537,2295,2440,2541,2554,2481,2678,2753,3095,3190,2944,2913,3060,3245
TLE4,West Yorkshire,49,Land transport,513,603,596,636,634,666,751,685,764,891,848,808,852,872,794,911,983,985,1054,1021,1013,1118,948,884,1098
TLE4,West Yorkshire,50-51,Water and air transport,21,34,35,32,32,41,41,35,22,23,50,50,71,91,105,122,132,151,149,163,171,221,75,33,109
TLE4,West Yorkshire,52,Warehousing and transport support activities,224,292,338,307,385,433,401,398,341,302,364,264,332,456,513,553,606,640,679,785,833,794,791,814,851
TLE4,West Yorkshire,53,Postal and courier activities,232,244,263,275,294,302,286,303,329,304,333,371,391,381,418,453,334,329,372,354,385,407,432,397,446
TLE4,West Yorkshire,55,Accommodation,106,117,125,122,126,146,144,154,181,174,140,116,148,168,158,178,156,158,198,223,263,323,75,117,186
TLE4,West Yorkshire,56,Food and beverage service activities,471,508,515,517,578,598,663,684,721,750,792,751,724,732,760,816,848,891,863,1017,1131,1084,811,1014,1310
TLE4,West Yorkshire,58,Publishing activities,205,212,213,210,208,194,298,291,288,305,292,256,235,227,193,177,201,219,251,233,225,204,178,150,179
TLE4,West Yorkshire,59-60,"Film and TV production, programming and broadcasting",177,144,113,103,77,76,94,110,109,79,76,80,129,141,141,158,174,215,196,188,171,196,136,261,327
TLE4,West Yorkshire,61,Telecommunications,469,570,685,684,727,797,882,853,878,965,934,925,954,1025,993,844,940,1016,1143,1150,1217,1185,1188,1153,1165
TLE4,West Yorkshire,62,Computer programming and consultancy,229,234,239,292,359,440,426,503,511,599,658,682,708,783,774,651,639,631,783,921,1031,1210,892,1788,1779
TLE4,West Yorkshire,63,Information service activities,77,84,107,125,131,129,108,84,72,61,42,32,26,25,29,28,28,32,38,42,53,55,107,86,146
TLE4,West Yorkshire,64,Financial service activities,1096,1134,1107,1161,1454,1720,2197,2425,2453,2568,2778,3247,3632,3604,3316,3330,3334,3375,3437,3644,3324,3308,3460,3325,3641
TLE4,West Yorkshire,65,Insurance and pension funding,528,544,525,575,475,550,707,1232,1751,1915,777,518,516,609,516,383,502,477,445,376,700,627,576,855,986
TLE4,West Yorkshire,66,Activities auxiliary to finance and insurance,136,160,160,166,217,231,203,229,228,298,461,509,454,462,481,493,754,843,771,1029,1108,1017,1113,1376,1635
TLE4,West Yorkshire,68IMP,Owner-occupiers' imputed rental,2938,3025,3148,3122,3026,3108,3144,3257,3313,3531,3522,3185,2926,3072,3227,3140,3227,3385,3617,3778,4071,4225,4292,4482,4750
TLE4,West Yorkshire,68,"Real estate activities, excluding imputed rental",1154,1175,1145,1139,1149,1275,1134,1385,1393,1535,1497,1660,1641,1853,2028,2053,2121,2216,2162,2252,2173,2228,2228,2404,2544
TLE4,West Yorkshire,69,Legal and accounting activities,582,633,668,629,665,736,878,895,955,997,1012,1027,1130,1136,1190,1328,1321,1524,1591,1677,1746,1666,1789,1757,1790
TLE4,West Yorkshire,70,Head offices and management consultancy,132,142,185,166,171,257,244,238,242,229,293,266,319,347,333,346,396,410,459,524,592,711,658,794,860
TLE4,West Yorkshire,71,Architectural and engineering activities,190,228,255,255,278,296,348,366,427,495,599,574,525,481,450,485,480,517,504,540,504,474,483,664,773
TLE4,West Yorkshire,72,Scientific research and development,49,57,42,50,63,62,68,70,65,70,40,40,51,57,50,28,25,31,43,53,79,90,113,163,187
TLE4,West Yorkshire,73,Advertising and market research,100,108,132,130,162,184,206,206,221,201,169,150,159,175,206,222,203,241,220,185,213,218,193,328,377
TLE4,West Yorkshire,74,"Other professional, scientific and technical activities",92,94,102,111,125,134,142,137,138,141,142,142,139,148,158,177,172,180,222,291,227,237,208,218,202
TLE4,West Yorkshire,75,Veterinary activities,33,30,29,38,38,41,49,69,64,64,56,50,42,84,108,120,115,130,154,163,201,216,320,276,331
TLE4,West Yorkshire,77,Rental and leasing activities,295,339,447,472,494,476,492,536,560,607,594,519,477,423,480,600,649,775,771,793,746,766,728,831,1006
TLE4,West Yorkshire,78,Employment activities,203,237,262,264,266,350,391,407,402,448,502,452,517,544,527,623,722,868,884,735,851,804,768,1008,1136
TLE4,West Yorkshire,79,Travel agency and tour operator activities,61,66,62,55,61,55,60,73,79,102,115,126,134,140,126,126,141,165,199,220,247,210,52,191,321
TLE4,West Yorkshire,80,Security and investigation activities,45,45,57,57,66,73,87,88,88,91,85,83,94,103,107,126,140,138,127,114,134,124,97,136,151
TLE4,West Yorkshire,81,Services to buildings and landscape activities,104,113,116,111,118,132,152,147,145,166,208,197,211,224,232,281,268,277,276,288,307,320,284,317,440
TLE4,West Yorkshire,82,Office administration and business support activities,220,233,233,234,269,262,311,280,307,351,376,424,402,391,477,529,508,483,603,690,700,558,569,691,653
TLE4,West Yorkshire,O (84),Public administration and defence,1211,1321,1314,1442,1421,1690,1903,2106,2116,2173,2127,2532,2457,2338,2275,2262,2242,2343,2286,2401,2450,2594,2789,2934,3222
TLE4,West Yorkshire,P (85),Education,1544,1634,1740,1925,2079,2174,2326,2531,2655,2811,2928,2916,3043,3176,3422,3568,3809,3846,3705,3636,3837,3989,4143,4460,4815
TLE4,West Yorkshire,86,Human health activities,1380,1408,1444,1736,1817,2018,2248,2321,2343,2303,2524,2732,2894,2898,2895,2832,2889,2961,3083,2959,3242,3473,3646,4000,4401
TLE4,West Yorkshire,87,Residential care activities,279,335,322,330,404,454,513,516,512,523,547,567,525,543,583,617,594,617,558,563,552,592,586,728,761
TLE4,West Yorkshire,88,Social work activities,203,257,235,256,344,339,380,387,409,438,435,444,528,552,554,650,713,825,980,973,990,1135,1326,1446,1187
TLE4,West Yorkshire,90,"Creative, arts and entertainment activities",45,47,56,49,64,69,74,79,97,93,78,68,63,64,57,43,28,25,30,27,30,39,22,37,50
TLE4,West Yorkshire,91,"Libraries, archives, museums and other cultural activities",44,51,66,71,65,73,81,97,93,82,86,86,87,85,93,88,72,65,55,50,59,64,47,74,82
TLE4,West Yorkshire,92,Gambling and betting activities,74,68,72,75,81,103,107,73,75,127,213,187,189,249,217,218,262,287,273,276,350,291,225,121,144
TLE4,West Yorkshire,93,"Sports, amusement and recreation activities",101,120,134,160,156,180,199,221,235,213,162,160,188,231,273,275,243,237,278,327,340,375,309,401,429
TLE4,West Yorkshire,94,Activities of membership organisations,178,162,141,131,148,159,168,208,236,259,289,224,248,249,224,254,234,260,279,331,332,355,197,236,240
TLE4,West Yorkshire,95,"Repair of computers, personal and household goods",24,26,24,25,29,27,32,29,34,33,42,47,45,53,47,36,36,40,47,46,37,39,37,67,74
TLE4,West Yorkshire,96,Other personal service activities,205,211,262,279,295,306,322,346,366,356,328,375,418,414,408,389,414,463,482,523,589,549,691,744,881
TLE4,West Yorkshire,T (97-98),Activities of households,32,42,57,59,41,31,31,50,34,43,39,26,20,20,28,31,41,39,34,44,50,53,50,52,63
TLF1,Derbyshire and Nottinghamshire,1,Agriculture and hunting,188,161,162,153,213,218,181,139,156,151,229,227,224,264,254,261,324,274,253,272,265,278,285,333,385
TLF1,Derbyshire and Nottinghamshire,2-3,Forestry and fishing,9,7,7,7,5,5,6,6,7,7,9,11,11,16,15,13,16,19,17,22,18,28,26,26,28
TLF1,Derbyshire and Nottinghamshire,B (5-9),Mining and quarrying,229,182,182,171,163,155,120,101,162,153,143,150,138,150,183,150,140,139,111,120,135,154,158,147,173
TLF1,Derbyshire and Nottinghamshire,10,Manufacture of food products,471,642,659,592,540,646,638,598,488,490,513,511,620,661,696,849,853,1056,1012,1028,947,970,1053,1009,1104
TLF1,Derbyshire and Nottinghamshire,11-12,Manufacture of beverages and tobacco products,201,343,288,265,279,324,361,266,337,366,327,334,414,470,478,524,465,66,43,53,64,64,72,88,86
TLF1,Derbyshire and Nottinghamshire,13,Manufacture of textiles,362,317,283,265,252,216,184,166,179,231,210,196,208,179,248,281,272,213,246,274,298,312,249,304,327
TLF1,Derbyshire and Nottinghamshire,14-15,Manufacture of wearing apparel and leather products,337,284,243,214,185,165,159,138,115,118,99,97,205,141,174,159,207,192,117,145,127,115,103,102,119
TLF1,Derbyshire and Nottinghamshire,16-17,Manufacture of wood and paper products,167,157,139,148,162,166,180,175,181,213,196,186,245,237,242,198,232,241,267,262,242,276,265,242,251
TLF1,Derbyshire and Nottinghamshire,18,Printing and reproduction of recorded media,142,128,132,147,148,148,164,181,207,207,235,213,194,216,220,210,195,181,197,160,161,186,154,225,245
TLF1,Derbyshire and Nottinghamshire,CD-CF (19-21),"Manufacture of petroleum, chemicals and pharmaceuticals",607,587,566,440,493,506,423,479,471,461,416,444,483,483,508,519,470,475,486,505,542,596,741,776,908
TLF1,Derbyshire and Nottinghamshire,22,Manufacture of rubber and plastic products,238,297,271,317,321,340,362,355,371,384,314,303,333,370,373,500,438,499,494,420,418,462,482,566,614
TLF1,Derbyshire and Nottinghamshire,23,Manufacture of other non-metallic mineral products,332,340,351,360,388,396,440,484,489,446,405,361,405,410,470,540,607,614,630,667,666,652,614,671,760
TLF1,Derbyshire and Nottinghamshire,24,Manufacture of basic metals,215,228,253,269,268,250,221,245,174,170,169,112,103,85,94,86,94,105,124,150,171,137,136,190,257
TLF1,Derbyshire and Nottinghamshire,25,Manufacture of fabricated metal products,486,556,553,527,581,548,513,576,564,646,691,521,633,691,799,901,862,788,777,717,863,1098,1099,1220,1181
TLF1,Derbyshire and Nottinghamshire,CI (26),"Manufacture of computer, electronic and optical products",166,158,153,153,157,162,193,193,174,172,205,217,155,148,161,191,231,191,224,252,248,289,264,307,345
TLF1,Derbyshire and Nottinghamshire,CJ (27),Manufacture of electrical equipment,143,152,154,151,148,160,176,145,142,135,142,120,120,134,133,125,142,131,145,170,147,166,221,185,175
TLF1,Derbyshire and Nottinghamshire,CK (28),Manufacture of machinery and equipment,383,420,363,347,339,406,478,547,562,529,515,379,488,617,669,736,637,675,646,593,626,590,760,788,654
TLF1,Derbyshire and Nottinghamshire,29,Manufacture of motor vehicles,407,368,374,342,375,406,398,463,409,380,427,336,542,481,505,682,766,749,902,891,1082,1451,1243,1248,825
TLF1,Derbyshire and Nottinghamshire,30,Manufacture of other transport equipment,943,1039,1181,1202,1183,1105,1212,1264,1295,1200,1209,1076,945,1249,1244,1267,1169,1088,1013,939,1046,1131,1314,1498,1262
TLF1,Derbyshire and Nottinghamshire,31,Manufacture of furniture,183,175,189,204,201,186,162,169,194,200,192,180,217,221,206,256,269,218,229,236,258,275,226,255,283
TLF1,Derbyshire and Nottinghamshire,32,Other manufacturing,90,103,78,78,87,120,146,135,163,156,154,139,125,143,142,166,186,225,210,267,292,279,382,353,332
TLF1,Derbyshire and Nottinghamshire,33,Repair and installation of machinery and equipment,392,433,413,349,411,333,361,345,380,355,260,271,271,170,205,303,308,305,250,212,262,273,394,331,423
TLF1,Derbyshire and Nottinghamshire,D (35),"Electricity, gas, steam and air conditioning supply",491,554,522,510,520,565,664,661,809,813,785,1031,787,755,881,978,1066,1209,1055,1099,977,1099,990,457,473
TLF1,Derbyshire and Nottinghamshire,E (36-39),Water supply; sewerage and waste management,304,301,332,371,362,384,407,477,517,464,511,506,525,553,612,592,544,523,545,548,583,559,481,558,643
TLF1,Derbyshire and Nottinghamshire,41,Construction of buildings,485,560,554,585,690,739,757,911,934,900,786,554,595,576,556,545,580,705,732,684,819,792,697,695,759
TLF1,Derbyshire and Nottinghamshire,42,Civil engineering,304,316,320,345,381,378,458,585,627,641,753,651,574,598,631,672,685,721,785,817,804,946,946,958,944
TLF1,Derbyshire and Nottinghamshire,43,Specialised construction activities,646,713,742,769,877,871,900,1058,1204,1314,1425,1105,1080,1285,1340,1401,1425,1459,1500,1623,1571,1616,1596,1897,2336
TLF1,Derbyshire and Nottinghamshire,45,Motor trades,448,418,368,402,415,458,570,637,577,645,634,590,664,798,793,814,831,720,689,930,888,793,870,869,632
TLF1,Derbyshire and Nottinghamshire,46,Wholesale trade,1443,1391,1347,1549,1458,1342,1310,1344,1332,1482,1810,2044,2014,1741,1698,1732,1974,2062,2068,2125,2329,2266,2173,2219,2397
TLF1,Derbyshire and Nottinghamshire,47,Retail trade,1561,1590,1680,1698,1715,1802,1863,1921,2034,2059,1976,1835,1961,2463,2425,2574,2482,2722,2723,2831,2898,2871,3155,3336,3567
TLF1,Derbyshire and Nottinghamshire,49,Land transport,498,519,531,603,580,634,675,637,639,665,645,605,671,636,642,720,817,853,896,832,814,903,816,784,993
TLF1,Derbyshire and Nottinghamshire,50-51,Water and air transport,2,2,2,2,2,2,4,5,10,10,21,13,15,20,19,19,17,17,14,14,13,15,18,15,18
TLF1,Derbyshire and Nottinghamshire,52,Warehousing and transport support activities,130,139,131,168,177,193,209,260,304,283,283,308,331,437,463,438,462,463,460,549,592,657,786,785,798
TLF1,Derbyshire and Nottinghamshire,53,Postal and courier activities,237,257,274,275,283,291,264,317,320,360,356,356,375,355,392,413,339,331,410,336,385,472,440,397,416
TLF1,Derbyshire and Nottinghamshire,55,Accommodation,80,105,116,123,125,150,154,185,186,176,173,148,167,196,224,229,219,259,293,329,388,358,126,332,485
TLF1,Derbyshire and Nottinghamshire,56,Food and beverage service activities,431,504,522,561,553,636,697,765,685,695,693,620,626,645,682,743,802,817,913,1025,983,963,770,867,1134
TLF1,Derbyshire and Nottinghamshire,58,Publishing activities,96,91,103,105,108,101,109,108,106,89,68,66,62,57,62,59,58,60,72,74,89,81,157,191,161
TLF1,Derbyshire and Nottinghamshire,59-60,"Film and TV production, programming and broadcasting",139,119,115,98,84,101,102,78,71,58,67,76,78,90,84,85,71,77,100,94,83,75,82,102,138
TLF1,Derbyshire and Nottinghamshire,61,Telecommunications,223,264,319,311,282,265,268,285,306,348,378,389,371,400,395,370,363,417,480,555,470,425,393,476,454
TLF1,Derbyshire and Nottinghamshire,62,Computer programming and consultancy,350,279,280,351,404,421,412,526,554,565,576,596,593,606,672,711,742,782,820,831,908,820,857,1156,1214
TLF1,Derbyshire and Nottinghamshire,63,Information service activities,105,97,114,163,216,265,367,394,381,390,365,336,364,407,447,492,444,414,396,378,450,426,326,337,401
TLF1,Derbyshire and Nottinghamshire,64,Financial service activities,310,369,318,373,513,572,608,750,787,968,961,1175,1252,1011,858,790,731,750,710,639,559,575,529,650,641
TLF1,Derbyshire and Nottinghamshire,65,Insurance and pension funding,282,184,228,194,176,175,239,237,376,254,219,152,204,160,180,59,144,184,178,330,364,377,276,321,367
TLF1,Derbyshire and Nottinghamshire,66,Activities auxiliary to finance and insurance,51,76,63,90,61,65,111,119,122,214,220,177,189,171,162,197,200,230,217,305,311,369,386,513,643
TLF1,Derbyshire and Nottinghamshire,68IMP,Owner-occupiers' imputed rental,2931,3029,3051,3046,3008,3084,3194,3239,3481,3389,3516,3126,2858,2890,3074,3055,3242,3383,3550,3632,3962,4112,4196,4400,4609
TLF1,Derbyshire and Nottinghamshire,68,"Real estate activities, excluding imputed rental",550,564,532,579,619,631,634,763,790,860,1033,1084,1074,1190,1272,1271,1358,1445,1467,1549,1600,1652,1650,1467,1436
TLF1,Derbyshire and Nottinghamshire,69,Legal and accounting activities,283,307,341,378,396,429,498,518,554,523,499,493,534,515,509,523,585,623,700,668,678,623,592,749,786
TLF1,Derbyshire and Nottinghamshire,70,Head offices and management consultancy,311,194,223,157,156,133,140,150,143,151,224,216,225,235,232,281,314,318,353,341,358,361,368,376,365
TLF1,Derbyshire and Nottinghamshire,71,Architectural and engineering activities,238,268,260,303,333,338,357,354,405,426,466,447,503,497,535,617,694,693,685,678,624,738,771,662,981
TLF1,Derbyshire and Nottinghamshire,72,Scientific research and development,127,116,106,105,119,120,159,187,172,174,193,191,216,206,190,167,180,222,300,360,524,654,584,771,903
TLF1,Derbyshire and Nottinghamshire,73,Advertising and market research,42,59,71,79,94,114,123,119,110,91,74,70,77,93,99,116,116,143,144,151,166,182,140,148,159
TLF1,Derbyshire and Nottinghamshire,74,"Other professional, scientific and technical activities",76,76,79,92,95,99,122,134,147,149,125,123,128,140,147,160,150,126,153,185,194,200,173,163,155
TLF1,Derbyshire and Nottinghamshire,75,Veterinary activities,30,36,35,32,36,41,51,50,44,62,79,89,75,66,63,77,76,84,99,121,117,127,125,154,174
TLF1,Derbyshire and Nottinghamshire,77,Rental and leasing activities,275,291,361,369,454,462,520,626,643,611,526,556,570,497,431,475,512,536,613,591,604,693,687,740,836
TLF1,Derbyshire and Nottinghamshire,78,Employment activities,151,167,174,198,239,244,267,293,315,389,466,440,492,614,696,787,893,931,882,919,852,736,803,720,777
TLF1,Derbyshire and Nottinghamshire,79,Travel agency and tour operator activities,53,61,55,57,64,58,63,71,75,74,72,77,84,92,99,121,156,160,165,175,149,128,68,67,141
TLF1,Derbyshire and Nottinghamshire,80,Security and investigation activities,61,56,56,51,49,49,48,52,56,56,58,66,62,69,69,59,62,66,65,62,76,89,65,75,78
TLF1,Derbyshire and Nottinghamshire,81,Services to buildings and landscape activities,75,80,77,82,87,81,112,110,112,112,117,129,142,159,140,131,117,139,169,198,188,213,216,301,405
TLF1,Derbyshire and Nottinghamshire,82,Office administration and business support activities,153,128,126,146,149,163,228,225,218,209,242,250,253,266,315,361,346,405,380,392,417,426,271,399,449
TLF1,Derbyshire and Nottinghamshire,O (84),Public administration and defence,1032,1107,996,1142,1145,1188,1427,1648,1703,1952,2041,2138,2172,2008,2012,1849,1893,1899,1947,1919,1928,2115,2261,2471,2513
TLF1,Derbyshire and Nottinghamshire,P (85),Education,1217,1211,1330,1456,1595,1750,1716,1931,2030,2143,2280,2407,2672,2859,2988,2928,2982,3043,3032,3131,3353,3588,3470,3706,4189
TLF1,Derbyshire and Nottinghamshire,86,Human health activities,1084,1077,1253,1558,1724,1800,1952,2026,2025,2377,2545,2557,2683,2535,2552,2617,2565,2770,3116,3126,3364,3371,3884,3992,3878
TLF1,Derbyshire and Nottinghamshire,87,Residential care activities,222,259,295,239,275,353,366,362,385,403,418,463,576,673,679,524,550,563,538,581,599,672,723,759,648
TLF1,Derbyshire and Nottinghamshire,88,Social work activities,192,227,249,228,284,385,431,422,405,405,421,415,543,559,683,800,851,869,922,912,927,947,898,935,813
TLF1,Derbyshire and Nottinghamshire,90,"Creative, arts and entertainment activities",39,45,42,45,47,33,46,40,47,52,42,41,40,37,39,47,46,54,73,98,94,108,102,100,110
TLF1,Derbyshire and Nottinghamshire,91,"Libraries, archives, museums and other cultural activities",33,36,39,40,46,52,53,58,63,68,71,77,85,78,65,50,40,44,49,48,60,50,21,46,43
TLF1,Derbyshire and Nottinghamshire,92,Gambling and betting activities,50,61,40,49,54,84,124,128,119,128,121,139,137,202,164,189,244,251,168,190,204,153,171,134,156
TLF1,Derbyshire and Nottinghamshire,93,"Sports, amusement and recreation activities",111,133,144,154,173,175,177,189,205,202,254,259,233,214,215,187,164,164,209,191,207,211,145,177,196
TLF1,Derbyshire and Nottinghamshire,94,Activities of membership organisations,73,77,75,79,91,92,102,111,110,110,107,160,123,123,135,129,124,129,120,152,160,146,145,194,212
TLF1,Derbyshire and Nottinghamshire,95,"Repair of computers, personal and household goods",19,20,21,21,23,21,25,26,30,20,24,25,25,31,24,28,35,37,45,44,51,44,45,45,54
TLF1,Derbyshire and Nottinghamshire,96,Other personal service activities,220,244,247,253,270,263,306,316,327,340,383,420,438,454,486,544,545,567,648,718,782,738,714,672,806
TLF1,Derbyshire and Nottinghamshire,T (97-98),Activities of households,47,46,55,56,46,36,49,74,79,64,49,36,40,44,38,41,36,46,72,54,60,69,55,81,70
TLF2,"Leicestershire, Rutland and Northamptonshire",1,Agriculture and hunting,154,149,142,130,198,210,179,121,153,167,221,203,221,286,258,251,326,293,260,271,287,300,263,371,470
TLF2,"Leicestershire, Rutland and Northamptonshire",2-3,Forestry and fishing,8,10,9,8,7,7,8,7,8,7,8,8,7,11,12,10,12,14,10,15,14,18,18,18,20
TLF2,"Leicestershire, Rutland and Northamptonshire",B (5-9),Mining and quarrying,60,51,49,38,36,43,55,83,125,135,129,99,58,51,86,115,134,164,156,172,215,231,182,242,274
TLF2,"Leicestershire, Rutland and Northamptonshire",10,Manufacture of food products,953,922,952,990,979,1029,1073,1027,1118,1286,1338,1500,1527,1363,1486,1506,1338,1492,1597,1685,1826,1926,1760,1929,2187
TLF2,"Leicestershire, Rutland and Northamptonshire",11-12,Manufacture of beverages and tobacco products,35,38,48,39,41,48,44,46,46,51,60,61,55,57,80,98,112,89,103,131,132,105,100,86,77
TLF2,"Leicestershire, Rutland and Northamptonshire",13,Manufacture of textiles,265,269,298,253,184,121,90,77,79,100,99,114,125,116,168,197,184,156,172,201,212,257,149,198,202
TLF2,"Leicestershire, Rutland and Northamptonshire",14-15,Manufacture of wearing apparel and leather products,503,510,525,421,409,370,388,292,268,285,244,215,351,308,383,414,594,622,376,529,570,528,438,539,552
TLF2,"Leicestershire, Rutland and Northamptonshire",16-17,Manufacture of wood and paper products,183,173,191,181,220,214,234,220,207,239,261,243,338,356,369,340,411,389,479,470,460,533,547,458,481
TLF2,"Leicestershire, Rutland and Northamptonshire",18,Printing and reproduction of recorded media,202,196,215,188,191,216,226,224,238,212,248,226,201,192,198,202,188,177,162,158,145,170,134,240,271
TLF2,"Leicestershire, Rutland and Northamptonshire",CD-CF (19-21),"Manufacture of petroleum, chemicals and pharmaceuticals",412,391,468,593,695,631,568,593,504,391,452,357,329,343,338,377,306,365,364,376,402,446,558,568,720
TLF2,"Leicestershire, Rutland and Northamptonshire",22,Manufacture of rubber and plastic products,346,362,372,399,358,384,379,383,307,301,267,253,275,322,366,392,354,393,384,344,350,356,409,520,570
TLF2,"Leicestershire, Rutland and Northamptonshire",23,Manufacture of other non-metallic mineral products,171,137,174,197,214,251,248,274,252,246,239,216,240,233,246,233,267,335,334,299,325,333,244,326,373
TLF2,"Leicestershire, Rutland and Northamptonshire",24,Manufacture of basic metals,107,103,122,138,123,145,133,124,90,93,117,87,101,103,110,124,150,131,140,161,160,154,137,152,160
TLF2,"Leicestershire, Rutland and Northamptonshire",25,Manufacture of fabricated metal products,400,386,416,355,368,436,411,415,372,383,443,317,336,360,440,499,468,432,447,412,428,471,414,367,390
TLF2,"Leicestershire, Rutland and Northamptonshire",CI (26),"Manufacture of computer, electronic and optical products",204,166,178,184,233,221,226,232,270,273,296,338,325,346,370,446,479,377,378,374,406,474,407,496,555
TLF2,"Leicestershire, Rutland and Northamptonshire",CJ (27),Manufacture of electrical equipment,164,178,214,234,240,238,228,208,220,205,204,167,170,161,174,144,166,136,149,163,144,140,152,156,170
TLF2,"Leicestershire, Rutland and Northamptonshire",CK (28),Manufacture of machinery and equipment,468,356,408,419,373,401,375,340,417,493,548,335,544,640,698,808,845,795,737,837,938,901,612,650,652
TLF2,"Leicestershire, Rutland and Northamptonshire",29,Manufacture of motor vehicles,316,247,228,239,205,195,169,179,203,192,231,171,210,230,221,275,289,283,247,210,176,200,238,246,202
TLF2,"Leicestershire, Rutland and Northamptonshire",30,Manufacture of other transport equipment,72,124,112,136,155,150,171,161,215,203,257,163,137,182,209,190,158,154,155,130,144,138,138,150,120
TLF2,"Leicestershire, Rutland and Northamptonshire",31,Manufacture of furniture,107,121,141,135,133,153,153,145,150,192,167,169,183,187,163,172,187,145,168,196,194,204,227,217,233
TLF2,"Leicestershire, Rutland and Northamptonshire",32,Other manufacturing,110,103,103,97,105,104,104,88,90,87,81,82,78,80,79,73,83,102,91,116,96,81,82,88,68
TLF2,"Leicestershire, Rutland and Northamptonshire",33,Repair and installation of machinery and equipment,110,116,122,96,110,93,96,93,112,103,77,87,82,103,120,110,129,122,146,149,187,156,199,154,170
TLF2,"Leicestershire, Rutland and Northamptonshire",D (35),"Electricity, gas, steam and air conditioning supply",244,206,241,246,297,349,544,560,674,835,1020,1357,1200,1071,1303,1476,1580,1590,1424,1397,1232,1249,1149,735,762
TLF2,"Leicestershire, Rutland and Northamptonshire",E (36-39),Water supply; sewerage and waste management,313,303,274,268,251,281,280,306,338,346,406,454,508,453,442,399,382,410,453,468,464,441,360,440,451
TLF2,"Leicestershire, Rutland and Northamptonshire",41,Construction of buildings,421,511,603,602,688,812,973,1018,1038,1066,825,624,685,722,641,743,799,962,1058,1004,1261,1272,1087,1393,1713
TLF2,"Leicestershire, Rutland and Northamptonshire",42,Civil engineering,332,345,411,415,401,390,445,414,372,349,322,290,272,259,278,319,328,377,390,439,401,460,448,384,415
TLF2,"Leicestershire, Rutland and Northamptonshire",43,Specialised construction activities,655,688,834,818,797,745,835,1126,1076,1192,1283,1151,1043,1054,1109,1167,1368,1585,1487,1674,1771,1929,1317,1745,2083
TLF2,"Leicestershire, Rutland and Northamptonshire",45,Motor trades,415,371,359,442,510,556,585,692,763,793,718,539,709,645,646,689,697,844,757,902,1045,949,656,983,943
TLF2,"Leicestershire, Rutland and Northamptonshire",46,Wholesale trade,1225,1289,1268,1293,1187,1356,1332,1393,1455,1785,1974,1898,2032,1792,1852,2083,2197,2158,2295,2294,2301,2517,2268,2721,2816
TLF2,"Leicestershire, Rutland and Northamptonshire",47,Retail trade,1272,1362,1372,1505,1505,1558,1626,1734,1936,1840,1864,1980,2049,1970,2039,2040,2047,2214,2216,2244,2126,2013,2312,2444,2711
TLF2,"Leicestershire, Rutland and Northamptonshire",49,Land transport,490,510,567,614,575,612,644,660,721,832,840,737,701,692,707,686,660,653,647,704,709,866,800,554,686
TLF2,"Leicestershire, Rutland and Northamptonshire",50-51,Water and air transport,73,87,79,74,81,108,97,82,82,66,72,67,71,71,70,89,74,82,87,93,98,92,62,33,46
TLF2,"Leicestershire, Rutland and Northamptonshire",52,Warehousing and transport support activities,341,305,248,267,375,463,446,414,497,505,539,525,607,664,681,762,894,910,865,974,1072,1086,1113,1557,1478
TLF2,"Leicestershire, Rutland and Northamptonshire",53,Postal and courier activities,172,216,236,240,240,254,254,308,324,375,379,453,496,449,503,560,467,474,567,560,623,611,807,860,991
TLF2,"Leicestershire, Rutland and Northamptonshire",55,Accommodation,71,85,90,96,114,107,112,127,127,156,144,108,110,127,132,153,172,168,196,179,173,208,67,238,393
TLF2,"Leicestershire, Rutland and Northamptonshire",56,Food and beverage service activities,434,410,429,449,508,492,495,543,539,579,540,494,593,604,597,616,658,708,816,781,841,881,709,727,988
TLF2,"Leicestershire, Rutland and Northamptonshire",58,Publishing activities,120,120,117,108,106,114,137,137,131,151,133,121,121,119,126,120,108,86,103,101,114,105,93,140,147
TLF2,"Leicestershire, Rutland and Northamptonshire",59-60,"Film and TV production, programming and broadcasting",18,17,20,22,26,33,35,37,42,45,47,46,49,55,59,57,45,44,49,48,43,38,51,82,106
TLF2,"Leicestershire, Rutland and Northamptonshire",61,Telecommunications,266,291,313,296,285,285,262,253,265,304,301,296,291,264,251,229,249,267,332,337,391,351,350,345,329
TLF2,"Leicestershire, Rutland and Northamptonshire",62,Computer programming and consultancy,131,150,183,217,238,305,287,312,369,460,432,378,394,444,445,413,466,439,495,391,471,582,540,1071,1214
TLF2,"Leicestershire, Rutland and Northamptonshire",63,Information service activities,30,36,54,55,60,42,47,56,90,82,94,108,132,172,183,195,200,178,201,225,257,257,217,170,170
TLF2,"Leicestershire, Rutland and Northamptonshire",64,Financial service activities,507,480,556,628,711,837,1101,1134,1484,1631,1664,1636,1594,1609,1561,1627,1862,1819,1761,1755,1819,1732,1872,1800,1997
TLF2,"Leicestershire, Rutland and Northamptonshire",65,Insurance and pension funding,233,192,197,178,118,106,143,192,129,86,55,70,113,87,109,64,75,66,43,33,26,50,26,37,20
TLF2,"Leicestershire, Rutland and Northamptonshire",66,Activities auxiliary to finance and insurance,78,76,65,90,122,120,125,144,146,210,198,165,153,153,157,215,214,234,265,378,442,507,593,767,802
TLF2,"Leicestershire, Rutland and Northamptonshire",68IMP,Owner-occupiers' imputed rental,2538,2670,2835,2883,2848,2862,2846,2826,3032,3001,3160,2741,2581,2655,2793,2782,3036,3219,3471,3687,4050,4164,4227,4416,4634
TLF2,"Leicestershire, Rutland and Northamptonshire",68,"Real estate activities, excluding imputed rental",440,435,481,485,506,531,537,615,627,669,813,871,841,923,1062,1119,1162,1209,1198,1298,1405,1463,1374,1471,1569
TLF2,"Leicestershire, Rutland and Northamptonshire",69,Legal and accounting activities,273,274,253,246,257,278,340,353,390,395,361,403,441,493,536,530,563,578,545,631,608,587,676,669,820
TLF2,"Leicestershire, Rutland and Northamptonshire",70,Head offices and management consultancy,144,140,144,155,178,225,202,223,240,275,297,288,295,326,297,367,441,470,545,587,592,604,506,645,828
TLF2,"Leicestershire, Rutland and Northamptonshire",71,Architectural and engineering activities,181,201,196,182,206,210,222,227,270,284,300,302,285,271,352,378,356,366,418,416,405,385,360,535,588
TLF2,"Leicestershire, Rutland and Northamptonshire",72,Scientific research and development,172,193,200,207,218,216,243,259,350,400,430,463,541,505,448,328,380,381,458,535,704,777,900,902,889
TLF2,"Leicestershire, Rutland and Northamptonshire",73,Advertising and market research,63,68,86,89,102,122,126,128,157,156,121,122,121,118,119,110,109,145,152,120,120,149,118,172,223
TLF2,"Leicestershire, Rutland and Northamptonshire",74,"Other professional, scientific and technical activities",77,82,95,90,93,97,103,111,127,137,133,140,136,133,141,153,168,165,187,190,169,177,191,201,222
TLF2,"Leicestershire, Rutland and Northamptonshire",75,Veterinary activities,23,29,30,32,31,32,32,41,35,47,53,56,53,42,44,56,53,60,74,88,93,88,82,98,117
TLF2,"Leicestershire, Rutland and Northamptonshire",77,Rental and leasing activities,234,197,213,221,278,384,393,401,424,478,498,471,473,461,454,546,585,708,799,802,820,714,775,663,789
TLF2,"Leicestershire, Rutland and Northamptonshire",78,Employment activities,202,244,291,278,297,370,381,405,467,520,563,477,512,525,501,545,576,670,684,650,728,744,643,736,789
TLF2,"Leicestershire, Rutland and Northamptonshire",79,Travel agency and tour operator activities,105,112,94,90,102,103,103,117,129,136,117,99,106,105,92,82,94,109,132,143,149,126,62,103,178
TLF2,"Leicestershire, Rutland and Northamptonshire",80,Security and investigation activities,34,35,36,39,50,55,66,78,88,97,103,111,114,121,116,118,100,78,60,53,62,67,52,62,71
TLF2,"Leicestershire, Rutland and Northamptonshire",81,Services to buildings and landscape activities,92,87,88,92,95,88,101,103,110,125,139,126,115,129,128,150,163,193,229,216,250,280,139,176,210
TLF2,"Leicestershire, Rutland and Northamptonshire",82,Office administration and business support activities,194,201,185,207,196,207,223,229,235,255,305,310,350,337,330,367,373,357,341,418,476,414,367,543,599
TLF2,"Leicestershire, Rutland and Northamptonshire",O (84),Public administration and defence,756,800,872,939,996,1070,1185,1278,1413,1478,1622,1688,1707,1608,1502,1528,1375,1447,1571,1535,1618,1678,1674,1997,2177
TLF2,"Leicestershire, Rutland and Northamptonshire",P (85),Education,1154,1290,1315,1445,1511,1480,1598,1725,1850,1954,2224,2399,2518,2612,2636,2706,2809,2824,2839,2950,3112,3267,3453,3466,3667
TLF2,"Leicestershire, Rutland and Northamptonshire",86,Human health activities,804,852,821,908,904,1080,1215,1295,1331,1311,1441,1573,1723,1761,1800,1699,1916,1931,2276,2219,2281,2246,2553,2529,2684
TLF2,"Leicestershire, Rutland and Northamptonshire",87,Residential care activities,162,197,200,177,196,226,287,297,312,317,305,286,336,347,367,345,387,413,387,392,376,449,526,608,504
TLF2,"Leicestershire, Rutland and Northamptonshire",88,Social work activities,130,164,159,165,204,252,313,319,329,339,364,312,395,376,496,556,614,656,655,665,660,617,514,606,612
TLF2,"Leicestershire, Rutland and Northamptonshire",90,"Creative, arts and entertainment activities",46,48,67,48,54,59,52,69,85,78,64,49,56,55,57,62,58,48,60,75,63,76,84,87,109
TLF2,"Leicestershire, Rutland and Northamptonshire",91,"Libraries, archives, museums and other cultural activities",11,13,15,15,19,26,26,30,28,30,36,32,36,37,36,32,28,28,30,29,31,31,23,30,30
TLF2,"Leicestershire, Rutland and Northamptonshire",92,Gambling and betting activities,34,26,31,42,11,26,40,55,54,54,61,128,107,144,145,200,245,267,249,362,319,267,123,192,193
TLF2,"Leicestershire, Rutland and Northamptonshire",93,"Sports, amusement and recreation activities",100,112,136,156,183,225,225,273,316,285,332,307,293,284,275,270,277,303,335,349,303,351,311,414,664
TLF2,"Leicestershire, Rutland and Northamptonshire",94,Activities of membership organisations,72,63,76,72,72,81,89,110,107,113,78,109,85,81,95,78,91,92,91,130,154,153,178,164,187
TLF2,"Leicestershire, Rutland and Northamptonshire",95,"Repair of computers, personal and household goods",25,27,34,36,53,57,72,73,84,87,115,133,164,172,124,113,128,128,110,125,138,105,101,51,41
TLF2,"Leicestershire, Rutland and Northamptonshire",96,Other personal service activities,203,199,247,257,271,282,276,308,374,403,443,434,445,371,410,434,445,476,505,489,508,600,357,562,708
TLF2,"Leicestershire, Rutland and Northamptonshire",T (97-98),Activities of households,48,59,60,39,33,33,37,45,48,45,30,19,34,33,33,66,73,52,85,90,93,103,77,97,93
TLF3,Lincolnshire,1,Agriculture and hunting,918,828,863,830,891,859,748,586,634,661,784,714,584,671,687,711,726,701,742,730,735,760,792,1045,1141
TLF3,Lincolnshire,2-3,Forestry and fishing,6,5,5,7,5,5,6,6,9,10,12,12,9,12,13,14,18,19,14,19,16,19,16,13,14
TLF3,Lincolnshire,B (5-9),Mining and quarrying,28,26,69,50,51,51,43,37,34,37,59,33,38,43,50,61,43,33,35,36,64,54,56,64,88
TLF3,Lincolnshire,10,Manufacture of food products,479,501,525,601,606,608,538,512,487,545,494,530,532,517,593,692,667,720,735,814,896,860,710,693,766
TLF3,Lincolnshire,11-12,Manufacture of beverages and tobacco products,3,4,4,4,4,4,5,6,7,9,12,9,9,9,8,8,15,13,13,15,16,14,11,8,2
TLF3,Lincolnshire,13,Manufacture of textiles,20,21,26,26,29,32,24,30,24,29,26,28,30,26,38,44,48,43,46,55,52,57,44,43,51
TLF3,Lincolnshire,14-15,Manufacture of wearing apparel and leather products,26,26,27,24,19,16,13,14,10,9,8,9,15,8,7,6,9,9,5,6,7,6,5,7,7
TLF3,Lincolnshire,16-17,Manufacture of wood and paper products,69,78,84,80,91,98,85,101,80,99,93,103,138,151,162,134,130,118,141,136,146,154,190,158,158
TLF3,Lincolnshire,18,Printing and reproduction of recorded media,31,34,44,42,47,59,53,82,81,84,81,62,61,65,66,66,64,59,59,69,63,73,58,100,134
TLF3,Lincolnshire,CD-CF (19-21),"Manufacture of petroleum, chemicals and pharmaceuticals",60,59,88,75,93,101,66,76,74,61,54,59,57,59,56,60,73,83,68,76,74,84,115,117,113
TLF3,Lincolnshire,22,Manufacture of rubber and plastic products,66,62,65,86,94,101,77,65,65,68,85,75,81,99,96,112,110,119,113,104,99,100,117,132,130
TLF3,Lincolnshire,23,Manufacture of other non-metallic mineral products,22,23,26,24,27,33,30,33,31,28,25,18,17,15,12,13,15,18,20,23,22,26,33,32,33
TLF3,Lincolnshire,24,Manufacture of basic metals,23,25,27,28,19,20,12,11,10,9,11,5,7,7,5,5,5,5,7,8,7,10,9,9,11
TLF3,Lincolnshire,25,Manufacture of fabricated metal products,53,61,61,63,84,92,76,68,66,62,77,70,74,81,97,112,111,107,103,103,120,131,130,138,134
TLF3,Lincolnshire,CI (26),"Manufacture of computer, electronic and optical products",48,43,29,30,38,45,50,50,51,69,90,107,102,100,103,120,139,134,182,177,134,118,86,71,55
TLF3,Lincolnshire,CJ (27),Manufacture of electrical equipment,46,48,57,55,55,58,55,57,58,93,113,102,120,104,88,69,60,50,41,45,39,38,43,36,35
TLF3,Lincolnshire,CK (28),Manufacture of machinery and equipment,254,243,174,166,185,176,175,176,151,132,126,138,144,155,159,216,274,293,264,266,288,272,237,233,199
TLF3,Lincolnshire,29,Manufacture of motor vehicles,33,36,41,36,41,44,37,38,31,35,28,20,28,28,31,37,41,46,55,60,62,68,66,85,93
TLF3,Lincolnshire,30,Manufacture of other transport equipment,7,10,14,9,14,16,15,20,16,19,21,15,15,33,40,42,47,57,73,87,97,96,121,124,95
TLF3,Lincolnshire,31,Manufacture of furniture,38,37,41,41,42,47,36,43,38,42,50,44,48,43,34,36,36,27,29,38,43,33,23,20,18
TLF3,Lincolnshire,32,Other manufacturing,20,26,28,26,28,33,26,31,26,29,30,29,35,36,39,37,45,46,42,54,50,45,33,25,26
TLF3,Lincolnshire,33,Repair and installation of machinery and equipment,67,59,48,38,48,57,41,53,42,50,79,86,90,97,77,66,76,74,90,110,122,112,100,85,91
TLF3,Lincolnshire,D (35),"Electricity, gas, steam and air conditioning supply",32,36,33,35,32,29,34,18,29,25,28,32,30,46,100,118,116,143,138,160,152,163,190,90,111
TLF3,Lincolnshire,E (36-39),Water supply; sewerage and waste management,209,236,197,206,199,210,224,256,304,325,340,337,367,378,364,383,357,343,370,413,419,442,465,477,511
TLF3,Lincolnshire,41,Construction of buildings,145,172,200,233,257,292,309,303,318,287,260,187,215,218,203,237,217,264,248,264,290,299,342,372,421
TLF3,Lincolnshire,42,Civil engineering,77,96,99,114,119,132,146,151,175,189,231,227,215,169,184,217,240,259,268,300,256,283,266,239,260
TLF3,Lincolnshire,43,Specialised construction activities,208,245,248,276,290,309,343,341,366,370,398,321,335,359,353,388,404,469,484,499,447,479,353,461,544
TLF3,Lincolnshire,45,Motor trades,117,127,152,192,181,202,195,212,211,203,188,181,246,277,302,276,315,350,267,307,343,422,238,474,491
TLF3,Lincolnshire,46,Wholesale trade,366,335,351,407,373,409,433,439,477,504,495,513,542,515,555,556,587,505,528,582,707,721,875,1066,1145
TLF3,Lincolnshire,47,Retail trade,445,469,516,553,586,634,611,638,705,746,782,779,698,723,878,925,940,878,876,1019,1000,1056,973,1017,1081
TLF3,Lincolnshire,49,Land transport,189,178,169,215,216,229,238,223,244,276,274,280,293,304,283,289,293,287,304,324,291,328,304,362,433
TLF3,Lincolnshire,50-51,Water and air transport,2,2,2,4,15,19,24,19,14,10,13,9,11,16,16,18,15,15,13,10,8,9,9,9,11
TLF3,Lincolnshire,52,Warehousing and transport support activities,42,30,31,43,48,62,64,57,73,64,73,79,72,71,76,81,86,80,79,77,85,94,68,85,90
TLF3,Lincolnshire,53,Postal and courier activities,43,44,46,53,55,59,52,67,66,67,63,61,64,58,73,73,67,71,69,73,69,71,90,67,70
TLF3,Lincolnshire,55,Accommodation,52,67,70,76,91,103,118,119,125,104,95,91,142,162,164,188,163,158,195,189,168,217,185,149,190
TLF3,Lincolnshire,56,Food and beverage service activities,167,181,176,174,192,189,212,224,232,215,209,196,186,176,196,217,237,243,252,302,341,403,216,418,524
TLF3,Lincolnshire,58,Publishing activities,36,32,36,64,56,56,52,52,44,39,36,37,38,44,49,53,42,36,44,46,47,40,42,42,45
TLF3,Lincolnshire,59-60,"Film and TV production, programming and broadcasting",4,4,5,7,8,12,14,15,18,20,19,19,19,22,25,28,24,23,25,25,22,21,30,50,59
TLF3,Lincolnshire,61,Telecommunications,44,48,45,52,53,60,53,49,49,52,57,46,41,59,63,70,72,72,91,110,114,103,87,98,102
TLF3,Lincolnshire,62,Computer programming and consultancy,13,13,13,21,28,42,30,37,53,100,119,106,89,90,99,107,110,112,96,115,150,184,241,261,239
TLF3,Lincolnshire,63,Information service activities,5,5,6,7,7,7,6,6,6,7,5,4,4,5,5,5,5,5,6,8,8,8,9,9,7
TLF3,Lincolnshire,64,Financial service activities,78,82,71,83,97,129,134,141,176,203,233,229,254,205,190,186,159,198,202,164,151,138,130,140,196
TLF3,Lincolnshire,65,Insurance and pension funding,28,48,44,31,19,13,9,5,5,3,3,4,3,3,51,59,47,18,12,10,6,2,18,30,0
TLF3,Lincolnshire,66,Activities auxiliary to finance and insurance,15,9,9,12,9,9,18,16,17,25,28,20,18,24,20,29,35,41,34,54,61,73,65,85,110
TLF3,Lincolnshire,68IMP,Owner-occupiers' imputed rental,1031,1059,1118,1121,1136,1159,1227,1193,1300,1296,1358,1167,1097,1102,1163,1153,1257,1310,1379,1438,1570,1629,1663,1760,1852
TLF3,Lincolnshire,68,"Real estate activities, excluding imputed rental",142,142,155,160,175,183,175,203,229,253,312,350,332,363,380,412,460,474,458,482,477,479,480,482,483
TLF3,Lincolnshire,69,Legal and accounting activities,76,80,82,71,94,114,101,110,138,175,173,167,175,187,232,264,267,253,229,214,222,229,199,252,240
TLF3,Lincolnshire,70,Head offices and management consultancy,38,34,34,39,40,42,42,44,58,70,75,71,82,73,80,80,89,83,84,78,75,81,81,83,84
TLF3,Lincolnshire,71,Architectural and engineering activities,48,58,59,60,63,60,61,73,75,85,85,78,85,72,67,66,71,77,66,70,69,80,68,78,95
TLF3,Lincolnshire,72,Scientific research and development,7,7,7,11,16,17,16,17,18,22,20,22,27,17,12,8,8,10,14,18,25,32,30,35,33
TLF3,Lincolnshire,73,Advertising and market research,11,12,13,15,15,16,18,19,23,21,16,15,20,20,17,16,14,17,18,16,17,21,17,22,28
TLF3,Lincolnshire,74,"Other professional, scientific and technical activities",19,20,21,20,21,22,22,25,31,32,30,30,31,30,28,27,25,20,26,30,26,26,26,28,31
TLF3,Lincolnshire,75,Veterinary activities,14,15,18,16,17,18,21,18,20,20,27,27,29,23,23,26,27,32,40,52,58,54,51,52,63
TLF3,Lincolnshire,77,Rental and leasing activities,76,59,57,59,66,75,86,115,114,116,82,69,65,63,72,90,95,94,74,70,75,78,58,72,78
TLF3,Lincolnshire,78,Employment activities,52,62,80,87,93,120,102,110,123,149,154,151,152,172,168,193,211,217,208,203,227,275,271,250,249
TLF3,Lincolnshire,79,Travel agency and tour operator activities,12,11,11,11,13,15,12,16,16,17,15,16,24,27,30,29,32,36,37,31,29,38,11,11,25
TLF3,Lincolnshire,80,Security and investigation activities,7,7,10,11,10,11,8,10,11,12,12,13,11,11,10,9,9,9,10,13,14,18,12,15,17
TLF3,Lincolnshire,81,Services to buildings and landscape activities,42,42,42,47,51,54,52,60,69,87,108,110,95,92,84,103,96,94,86,91,98,117,71,146,197
TLF3,Lincolnshire,82,Office administration and business support activities,37,36,31,31,39,44,39,69,83,90,102,120,127,142,161,184,171,160,172,210,224,219,197,266,252
TLF3,Lincolnshire,O (84),Public administration and defence,476,519,572,591,676,648,674,700,847,890,955,989,982,870,879,884,929,973,1005,1040,1023,1085,1164,1201,1238
TLF3,Lincolnshire,P (85),Education,346,371,395,489,486,514,505,584,611,647,707,738,786,840,836,856,839,847,804,851,892,969,986,980,1047
TLF3,Lincolnshire,86,Human health activities,340,298,323,378,372,388,442,463,507,547,647,662,685,730,658,675,699,731,769,818,863,808,932,926,1007
TLF3,Lincolnshire,87,Residential care activities,66,72,85,85,99,130,140,141,138,142,154,140,137,146,157,158,179,204,182,191,198,230,260,295,274
TLF3,Lincolnshire,88,Social work activities,61,69,77,88,115,142,164,173,170,188,190,187,212,208,273,293,265,253,266,270,280,272,260,304,307
TLF3,Lincolnshire,90,"Creative, arts and entertainment activities",18,15,16,18,19,19,22,20,21,22,21,21,19,17,16,18,18,15,20,24,21,23,23,24,32
TLF3,Lincolnshire,91,"Libraries, archives, museums and other cultural activities",24,20,20,20,23,29,26,26,27,23,17,16,13,14,5,5,7,8,7,7,10,9,12,19,24
TLF3,Lincolnshire,92,Gambling and betting activities,14,11,7,13,14,24,29,28,31,35,33,28,19,26,25,34,42,49,35,51,53,57,38,25,29
TLF3,Lincolnshire,93,"Sports, amusement and recreation activities",17,14,15,22,27,40,50,50,56,57,66,59,58,52,51,46,51,53,67,56,61,63,48,56,66
TLF3,Lincolnshire,94,Activities of membership organisations,20,12,12,17,16,22,25,27,21,24,15,25,22,22,22,23,25,28,21,30,31,29,22,24,27
TLF3,Lincolnshire,95,"Repair of computers, personal and household goods",3,3,2,3,3,3,3,4,4,5,7,7,8,11,11,11,12,13,14,15,18,16,15,28,30
TLF3,Lincolnshire,96,Other personal service activities,83,61,56,95,107,115,120,129,136,143,162,175,177,175,167,164,181,198,209,251,259,320,322,232,254
TLF3,Lincolnshire,T (97-98),Activities of households,41,42,54,43,37,24,21,35,33,23,17,19,30,41,27,33,36,35,34,36,37,38,30,40,35
TLG1,"Herefordshire, Worcestershire and Warwickshire",1,Agriculture and hunting,350,348,329,295,404,415,350,301,334,332,433,436,399,475,455,475,558,521,483,468,497,542,594,691,754
TLG1,"Herefordshire, Worcestershire and Warwickshire",2-3,Forestry and fishing,3,3,3,5,7,7,11,10,12,13,16,13,10,13,16,14,16,18,12,16,16,24,25,22,23
TLG1,"Herefordshire, Worcestershire and Warwickshire",B (5-9),Mining and quarrying,52,54,47,42,35,37,32,34,59,68,69,70,63,66,66,25,24,18,15,17,22,27,26,17,21
TLG1,"Herefordshire, Worcestershire and Warwickshire",10,Manufacture of food products,286,276,261,257,243,250,286,294,306,358,373,374,409,418,408,370,373,371,414,444,525,593,467,605,661
TLG1,"Herefordshire, Worcestershire and Warwickshire",11-12,Manufacture of beverages and tobacco products,122,136,181,170,194,167,52,42,36,35,39,39,41,47,38,42,46,45,45,40,37,40,26,55,78
TLG1,"Herefordshire, Worcestershire and Warwickshire",13,Manufacture of textiles,83,71,77,61,62,60,57,69,70,78,60,70,67,48,64,68,59,54,64,95,67,66,51,42,43
TLG1,"Herefordshire, Worcestershire and Warwickshire",14-15,Manufacture of wearing apparel and leather products,44,40,43,31,28,21,19,16,16,15,10,10,12,10,11,12,20,19,10,15,14,13,9,12,15
TLG1,"Herefordshire, Worcestershire and Warwickshire",16-17,Manufacture of wood and paper products,75,81,92,75,75,75,69,72,72,79,71,67,84,88,116,107,120,137,158,132,143,167,186,208,218
TLG1,"Herefordshire, Worcestershire and Warwickshire",18,Printing and reproduction of recorded media,86,78,86,76,81,85,79,89,94,88,88,97,89,88,84,76,74,72,77,88,70,60,82,76,93
TLG1,"Herefordshire, Worcestershire and Warwickshire",CD-CF (19-21),"Manufacture of petroleum, chemicals and pharmaceuticals",86,84,94,69,69,61,56,61,68,72,74,78,79,106,103,122,132,136,129,115,133,165,144,153,165
TLG1,"Herefordshire, Worcestershire and Warwickshire",22,Manufacture of rubber and plastic products,199,222,251,243,199,246,280,264,245,247,203,211,252,282,293,362,298,323,330,321,378,379,339,369,388
TLG1,"Herefordshire, Worcestershire and Warwickshire",23,Manufacture of other non-metallic mineral products,156,155,180,179,174,180,179,177,166,153,115,107,122,88,85,99,115,131,113,129,141,132,99,160,166
TLG1,"Herefordshire, Worcestershire and Warwickshire",24,Manufacture of basic metals,142,146,174,176,153,152,155,145,103,109,130,84,81,67,77,67,90,90,89,113,114,138,179,128,149
TLG1,"Herefordshire, Worcestershire and Warwickshire",25,Manufacture of fabricated metal products,569,494,552,504,472,482,517,495,483,422,524,428,511,599,653,760,850,820,793,783,844,759,588,567,678
TLG1,"Herefordshire, Worcestershire and Warwickshire",CI (26),"Manufacture of computer, electronic and optical products",179,137,113,116,137,150,163,156,187,183,175,268,245,230,207,267,259,219,280,317,324,325,308,268,307
TLG1,"Herefordshire, Worcestershire and Warwickshire",CJ (27),Manufacture of electrical equipment,144,142,130,142,123,129,150,147,162,167,167,162,195,168,180,172,211,233,241,262,274,256,316,309,329
TLG1,"Herefordshire, Worcestershire and Warwickshire",CK (28),Manufacture of machinery and equipment,440,435,451,434,435,450,473,453,503,525,516,356,504,545,564,614,574,630,524,566,642,590,482,557,524
TLG1,"Herefordshire, Worcestershire and Warwickshire",29,Manufacture of motor vehicles,471,475,691,649,582,374,320,440,481,459,543,398,562,705,841,1127,1468,1744,1897,2531,2614,2323,1883,2080,1469
TLG1,"Herefordshire, Worcestershire and Warwickshire",30,Manufacture of other transport equipment,63,82,91,100,98,119,177,155,232,193,215,186,191,330,378,300,336,412,381,470,501,439,432,425,187
TLG1,"Herefordshire, Worcestershire and Warwickshire",31,Manufacture of furniture,61,55,59,56,57,55,51,62,63,68,40,35,43,44,40,46,64,59,61,52,53,51,59,74,86
TLG1,"Herefordshire, Worcestershire and Warwickshire",32,Other manufacturing,77,76,81,74,76,94,91,86,111,120,117,113,145,137,120,101,118,94,109,142,162,177,137,101,107
TLG1,"Herefordshire, Worcestershire and Warwickshire",33,Repair and installation of machinery and equipment,112,122,119,111,124,117,116,115,141,141,125,129,166,109,105,101,115,112,132,161,188,179,203,207,247
TLG1,"Herefordshire, Worcestershire and Warwickshire",D (35),"Electricity, gas, steam and air conditioning supply",135,134,146,132,183,338,384,358,475,472,427,503,472,499,800,1049,1178,1348,1259,1414,1335,1578,1503,918,986
TLG1,"Herefordshire, Worcestershire and Warwickshire",E (36-39),Water supply; sewerage and waste management,213,244,263,274,273,281,260,265,302,316,427,423,364,385,371,376,372,402,392,410,404,410,417,501,541
TLG1,"Herefordshire, Worcestershire and Warwickshire",41,Construction of buildings,344,412,447,462,505,540,589,608,589,539,479,398,461,463,458,589,613,649,725,825,825,929,663,738,840
TLG1,"Herefordshire, Worcestershire and Warwickshire",42,Civil engineering,186,235,232,245,224,271,345,361,384,383,345,321,306,358,413,463,484,448,392,412,496,492,453,445,570
TLG1,"Herefordshire, Worcestershire and Warwickshire",43,Specialised construction activities,413,504,520,557,549,598,742,756,804,973,1106,765,707,762,802,820,840,974,939,1090,1053,1186,963,1077,1170
TLG1,"Herefordshire, Worcestershire and Warwickshire",45,Motor trades,287,352,371,467,419,370,389,390,408,493,484,468,478,493,453,546,633,696,720,728,777,726,622,671,749
TLG1,"Herefordshire, Worcestershire and Warwickshire",46,Wholesale trade,1446,1483,1361,1278,1300,1514,1513,1272,1255,1033,988,1067,1140,1211,1556,1742,1899,1967,1687,1918,2158,2039,1908,1884,2155
TLG1,"Herefordshire, Worcestershire and Warwickshire",47,Retail trade,1021,1065,1095,1142,1277,1273,1190,1148,1319,1216,1312,1306,1267,1278,1478,1639,1633,1669,1632,1729,1569,1550,1734,1929,1938
TLG1,"Herefordshire, Worcestershire and Warwickshire",49,Land transport,288,370,389,411,419,390,411,450,440,514,498,444,386,374,340,370,392,425,405,422,452,434,367,410,464
TLG1,"Herefordshire, Worcestershire and Warwickshire",50-51,Water and air transport,11,13,14,15,12,15,18,19,18,19,31,22,25,39,41,44,40,43,36,28,26,31,32,24,29
TLG1,"Herefordshire, Worcestershire and Warwickshire",52,Warehousing and transport support activities,104,121,118,131,159,170,166,226,268,238,298,267,331,362,367,365,399,497,482,531,472,526,433,432,501
TLG1,"Herefordshire, Worcestershire and Warwickshire",53,Postal and courier activities,135,164,164,171,185,194,200,226,243,234,260,246,259,272,313,340,322,337,417,452,440,462,478,479,609
TLG1,"Herefordshire, Worcestershire and Warwickshire",55,Accommodation,97,115,119,125,129,161,155,134,140,166,161,170,171,221,244,252,222,260,311,288,336,307,129,179,246
TLG1,"Herefordshire, Worcestershire and Warwickshire",56,Food and beverage service activities,354,366,367,396,425,446,474,468,474,531,514,516,532,560,580,543,599,635,624,717,651,790,626,714,961
TLG1,"Herefordshire, Worcestershire and Warwickshire",58,Publishing activities,61,71,81,77,75,69,71,80,76,80,79,67,68,71,69,70,75,83,93,94,105,96,93,49,47
TLG1,"Herefordshire, Worcestershire and Warwickshire",59-60,"Film and TV production, programming and broadcasting",89,105,111,108,84,83,74,56,45,47,56,58,62,62,64,62,57,66,86,74,80,73,68,107,123
TLG1,"Herefordshire, Worcestershire and Warwickshire",61,Telecommunications,133,159,179,185,199,162,181,219,258,321,363,438,426,428,375,371,417,429,556,603,498,443,604,672,735
TLG1,"Herefordshire, Worcestershire and Warwickshire",62,Computer programming and consultancy,163,187,173,167,222,504,547,674,647,598,604,599,685,709,676,625,585,629,538,622,763,857,1003,824,903
TLG1,"Herefordshire, Worcestershire and Warwickshire",63,Information service activities,34,38,38,39,41,38,41,49,46,47,41,36,31,26,24,26,21,25,21,25,32,31,27,52,51
TLG1,"Herefordshire, Worcestershire and Warwickshire",64,Financial service activities,174,201,178,171,235,242,350,368,422,510,504,444,355,416,351,287,348,415,376,312,320,345,357,346,474
TLG1,"Herefordshire, Worcestershire and Warwickshire",65,Insurance and pension funding,303,275,292,276,229,268,356,400,516,261,340,562,562,598,716,751,788,539,584,680,702,680,708,808,1097
TLG1,"Herefordshire, Worcestershire and Warwickshire",66,Activities auxiliary to finance and insurance,60,58,66,72,81,81,72,77,98,129,110,166,163,149,133,136,121,205,199,268,277,318,388,411,470
TLG1,"Herefordshire, Worcestershire and Warwickshire",68IMP,Owner-occupiers' imputed rental,2652,2819,3004,3034,3010,2951,2926,2934,3026,3053,3224,2757,2637,2679,2851,2795,3039,3177,3430,3509,3835,3918,3993,4114,4320
TLG1,"Herefordshire, Worcestershire and Warwickshire",68,"Real estate activities, excluding imputed rental",397,435,441,406,450,490,457,534,581,603,762,778,833,991,1169,1159,1346,1402,1436,1465,1436,1455,1276,1411,1399
TLG1,"Herefordshire, Worcestershire and Warwickshire",69,Legal and accounting activities,158,162,141,166,181,210,219,248,258,239,226,226,206,229,212,245,292,345,411,407,440,474,505,362,396
TLG1,"Herefordshire, Worcestershire and Warwickshire",70,Head offices and management consultancy,113,125,116,146,174,201,179,217,218,275,305,264,270,291,294,384,379,357,371,406,433,400,453,541,533
TLG1,"Herefordshire, Worcestershire and Warwickshire",71,Architectural and engineering activities,158,182,176,197,244,285,300,493,548,608,597,562,629,652,686,791,663,555,466,517,438,394,376,327,658
TLG1,"Herefordshire, Worcestershire and Warwickshire",72,Scientific research and development,128,179,214,273,360,370,391,333,315,349,375,362,460,478,375,277,266,313,436,366,390,463,356,528,449
TLG1,"Herefordshire, Worcestershire and Warwickshire",73,Advertising and market research,87,100,112,109,119,151,162,148,171,163,134,112,99,99,89,90,84,98,80,95,80,87,73,114,141
TLG1,"Herefordshire, Worcestershire and Warwickshire",74,"Other professional, scientific and technical activities",71,68,69,69,72,79,83,91,101,102,91,89,87,104,95,111,115,101,126,163,165,189,151,194,226
TLG1,"Herefordshire, Worcestershire and Warwickshire",75,Veterinary activities,29,30,34,33,32,40,45,46,47,54,65,85,78,75,75,82,78,81,87,110,127,128,98,96,120
TLG1,"Herefordshire, Worcestershire and Warwickshire",77,Rental and leasing activities,139,185,205,214,194,203,194,258,357,390,372,354,303,253,234,305,302,286,341,421,414,514,358,376,453
TLG1,"Herefordshire, Worcestershire and Warwickshire",78,Employment activities,101,105,112,122,121,135,158,175,188,217,239,221,220,226,233,239,263,280,293,327,341,335,387,301,296
TLG1,"Herefordshire, Worcestershire and Warwickshire",79,Travel agency and tour operator activities,42,48,41,39,39,40,45,52,60,62,58,62,57,53,73,86,109,126,157,114,120,136,18,148,186
TLG1,"Herefordshire, Worcestershire and Warwickshire",80,Security and investigation activities,21,18,18,24,22,26,23,22,22,25,25,26,31,36,41,42,43,35,31,41,39,38,49,54,41
TLG1,"Herefordshire, Worcestershire and Warwickshire",81,Services to buildings and landscape activities,76,81,82,91,96,98,112,116,117,135,149,152,153,179,194,212,201,220,227,275,250,229,205,295,325
TLG1,"Herefordshire, Worcestershire and Warwickshire",82,Office administration and business support activities,152,124,111,129,140,140,138,176,184,196,219,234,294,298,332,423,505,549,504,622,657,724,740,666,728
TLG1,"Herefordshire, Worcestershire and Warwickshire",O (84),Public administration and defence,614,617,654,618,590,642,717,753,749,791,876,1011,967,906,878,952,910,949,1025,1070,1073,1133,1217,1169,1348
TLG1,"Herefordshire, Worcestershire and Warwickshire",P (85),Education,735,781,859,963,966,1009,1123,1228,1367,1437,1537,1524,1582,1708,1793,1763,1756,1691,1663,1746,1833,1844,1935,1982,2232
TLG1,"Herefordshire, Worcestershire and Warwickshire",86,Human health activities,623,619,645,704,723,810,886,917,913,952,942,1043,1078,1109,1167,1102,1148,1118,1154,1272,1373,1462,1495,1711,1792
TLG1,"Herefordshire, Worcestershire and Warwickshire",87,Residential care activities,150,173,174,219,267,246,272,298,293,257,279,273,314,376,383,357,331,370,369,375,396,457,479,576,521
TLG1,"Herefordshire, Worcestershire and Warwickshire",88,Social work activities,121,143,151,180,196,224,271,361,343,314,331,348,385,382,435,510,510,518,572,634,633,582,657,639,617
TLG1,"Herefordshire, Worcestershire and Warwickshire",90,"Creative, arts and entertainment activities",36,44,54,41,50,54,62,76,82,71,69,58,55,59,47,55,59,69,85,120,128,133,40,83,103
TLG1,"Herefordshire, Worcestershire and Warwickshire",91,"Libraries, archives, museums and other cultural activities",35,40,45,39,41,45,44,45,45,45,47,57,60,56,57,62,63,77,79,91,101,87,46,113,110
TLG1,"Herefordshire, Worcestershire and Warwickshire",92,Gambling and betting activities,22,27,18,18,23,29,35,33,30,25,26,19,16,26,26,35,49,33,21,34,31,36,61,28,30
TLG1,"Herefordshire, Worcestershire and Warwickshire",93,"Sports, amusement and recreation activities",48,60,69,65,72,101,116,150,152,135,153,145,153,166,178,216,236,252,255,250,225,221,126,179,209
TLG1,"Herefordshire, Worcestershire and Warwickshire",94,Activities of membership organisations,61,64,61,66,73,69,91,107,114,123,132,148,161,128,117,130,121,117,133,129,150,142,225,140,176
TLG1,"Herefordshire, Worcestershire and Warwickshire",95,"Repair of computers, personal and household goods",37,43,40,29,28,22,22,23,31,26,37,44,53,73,68,73,87,103,126,118,136,126,163,151,192
TLG1,"Herefordshire, Worcestershire and Warwickshire",96,Other personal service activities,155,179,182,214,235,305,331,334,329,344,331,371,380,367,376,383,402,391,364,417,493,462,604,447,522
TLG1,"Herefordshire, Worcestershire and Warwickshire",T (97-98),Activities of households,36,26,28,33,30,32,46,48,41,35,36,26,31,29,40,31,45,37,28,24,25,33,25,35,34
TLG2,Shropshire and Staffordshire,1,Agriculture and hunting,260,255,215,213,309,318,290,232,241,234,358,344,352,428,403,421,577,474,437,459,461,517,531,608,743
TLG2,Shropshire and Staffordshire,2-3,Forestry and fishing,3,4,3,5,6,7,8,8,8,9,11,15,13,17,18,16,19,22,16,18,18,29,28,28,32
TLG2,Shropshire and Staffordshire,B (5-9),Mining and quarrying,77,59,65,63,62,57,52,44,51,49,37,31,27,29,36,38,34,49,41,39,43,43,47,56,68
TLG2,Shropshire and Staffordshire,10,Manufacture of food products,578,581,630,620,604,554,562,541,557,556,559,583,686,683,659,747,677,662,665,708,736,784,704,825,955
TLG2,Shropshire and Staffordshire,11-12,Manufacture of beverages and tobacco products,225,234,225,192,193,192,226,215,203,163,172,119,98,88,68,48,50,42,34,33,29,26,39,67,84
TLG2,Shropshire and Staffordshire,13,Manufacture of textiles,66,69,68,67,68,60,41,41,46,47,39,40,35,26,40,49,42,44,54,82,71,68,41,32,34
TLG2,Shropshire and Staffordshire,14-15,Manufacture of wearing apparel and leather products,70,71,65,51,47,25,24,22,20,17,15,15,27,20,23,27,32,36,19,26,27,25,21,33,41
TLG2,Shropshire and Staffordshire,16-17,Manufacture of wood and paper products,115,121,117,113,135,125,127,113,116,119,109,92,109,119,152,138,146,165,193,169,192,225,255,304,341
TLG2,Shropshire and Staffordshire,18,Printing and reproduction of recorded media,72,68,68,70,69,59,61,61,75,70,76,85,70,76,73,67,74,75,76,91,106,92,123,114,127
TLG2,Shropshire and Staffordshire,CD-CF (19-21),"Manufacture of petroleum, chemicals and pharmaceuticals",245,217,189,185,161,170,137,152,141,155,148,127,152,185,175,248,287,377,394,391,374,407,378,432,511
TLG2,Shropshire and Staffordshire,22,Manufacture of rubber and plastic products,324,322,269,298,301,309,288,286,275,291,272,241,237,256,252,298,273,335,326,298,303,318,341,324,339
TLG2,Shropshire and Staffordshire,23,Manufacture of other non-metallic mineral products,585,524,566,550,536,500,441,450,410,412,346,285,311,295,299,286,313,368,416,429,460,475,420,473,510
TLG2,Shropshire and Staffordshire,24,Manufacture of basic metals,109,104,104,117,132,140,112,125,102,141,141,88,89,65,79,70,92,101,112,135,186,173,192,222,260
TLG2,Shropshire and Staffordshire,25,Manufacture of fabricated metal products,384,373,410,472,537,532,455,516,485,487,510,370,428,488,522,617,663,621,586,572,580,638,549,643,704
TLG2,Shropshire and Staffordshire,CI (26),"Manufacture of computer, electronic and optical products",254,248,226,204,208,185,193,179,211,166,188,246,239,256,192,215,210,181,250,285,280,279,337,254,315
TLG2,Shropshire and Staffordshire,CJ (27),Manufacture of electrical equipment,272,221,243,262,263,229,181,167,165,166,163,152,164,137,172,157,170,144,166,127,137,151,169,174,197
TLG2,Shropshire and Staffordshire,CK (28),Manufacture of machinery and equipment,651,646,583,518,573,677,708,675,702,764,696,448,684,797,890,925,847,842,805,970,1168,1042,895,1281,1355
TLG2,Shropshire and Staffordshire,29,Manufacture of motor vehicles,305,255,296,286,300,288,245,253,258,232,236,187,294,303,280,350,392,410,498,546,484,424,378,501,500
TLG2,Shropshire and Staffordshire,30,Manufacture of other transport equipment,50,54,56,57,52,64,82,82,91,79,81,67,90,121,122,138,113,114,112,103,130,135,141,126,171
TLG2,Shropshire and Staffordshire,31,Manufacture of furniture,71,75,76,80,82,82,74,73,80,82,65,56,63,65,60,68,71,73,72,60,60,55,51,65,74
TLG2,Shropshire and Staffordshire,32,Other manufacturing,65,75,73,71,73,68,62,53,62,59,80,82,85,88,79,73,80,82,88,90,106,120,124,84,101
TLG2,Shropshire and Staffordshire,33,Repair and installation of machinery and equipment,114,107,89,96,117,92,102,100,117,127,156,137,144,144,163,188,208,202,210,234,214,190,233,245,224
TLG2,Shropshire and Staffordshire,D (35),"Electricity, gas, steam and air conditioning supply",126,138,112,135,164,156,183,158,186,185,329,457,357,295,358,331,296,295,233,261,271,265,250,150,156
TLG2,Shropshire and Staffordshire,E (36-39),Water supply; sewerage and waste management,354,337,378,333,315,335,301,326,346,332,426,366,345,360,421,470,499,487,479,473,524,536,491,662,767
TLG2,Shropshire and Staffordshire,41,Construction of buildings,394,394,448,474,564,637,646,729,772,740,583,438,469,485,466,518,512,571,595,691,736,665,755,719,793
TLG2,Shropshire and Staffordshire,42,Civil engineering,236,240,258,268,266,260,278,285,286,306,326,331,270,251,270,295,347,396,397,419,501,449,389,447,521
TLG2,Shropshire and Staffordshire,43,Specialised construction activities,549,522,610,624,661,719,776,896,991,929,1019,789,864,992,932,1063,1116,1327,1417,1428,1320,1508,1077,1311,1516
TLG2,Shropshire and Staffordshire,45,Motor trades,410,352,390,513,466,455,447,532,448,433,527,443,566,597,629,616,685,745,678,815,672,593,610,1093,1164
TLG2,Shropshire and Staffordshire,46,Wholesale trade,839,913,888,971,1010,1092,1306,1342,1275,1389,1484,1417,1436,1587,1485,1185,1099,1174,1439,1647,2048,2149,2257,2828,3072
TLG2,Shropshire and Staffordshire,47,Retail trade,1060,1100,1046,1137,1220,1280,1377,1469,1419,1501,1564,1521,1587,1642,1700,1757,1780,1936,1807,1903,1678,1477,1543,2158,2282
TLG2,Shropshire and Staffordshire,49,Land transport,371,433,464,492,477,475,480,473,497,563,572,555,563,552,519,512,546,614,710,630,720,836,659,905,1056
TLG2,Shropshire and Staffordshire,50-51,Water and air transport,3,5,8,10,11,12,14,13,10,13,23,15,17,25,28,28,23,23,19,16,13,14,15,16,27
TLG2,Shropshire and Staffordshire,52,Warehousing and transport support activities,115,107,113,104,123,181,362,387,346,361,371,332,375,305,344,395,434,506,482,527,582,669,733,765,828
TLG2,Shropshire and Staffordshire,53,Postal and courier activities,140,141,152,157,170,173,177,186,195,184,192,209,222,257,299,306,268,304,254,249,294,362,311,309,316
TLG2,Shropshire and Staffordshire,55,Accommodation,66,67,64,57,72,73,111,120,116,106,107,78,78,88,85,89,89,107,134,160,173,164,109,237,326
TLG2,Shropshire and Staffordshire,56,Food and beverage service activities,413,366,432,469,552,588,655,743,629,558,566,571,739,827,888,926,902,952,928,950,914,877,524,673,865
TLG2,Shropshire and Staffordshire,58,Publishing activities,89,88,87,83,83,82,88,78,79,76,67,35,35,31,36,43,44,47,57,59,56,50,64,30,33
TLG2,Shropshire and Staffordshire,59-60,"Film and TV production, programming and broadcasting",16,18,19,17,19,30,37,33,33,34,34,33,35,39,40,39,30,33,39,41,39,35,21,40,55
TLG2,Shropshire and Staffordshire,61,Telecommunications,293,292,334,284,289,316,412,473,532,568,560,537,530,520,490,473,470,443,494,448,488,470,502,571,574
TLG2,Shropshire and Staffordshire,62,Computer programming and consultancy,160,184,213,232,232,263,264,260,321,373,402,411,387,440,442,413,482,563,640,681,740,833,1066,1091,1192
TLG2,Shropshire and Staffordshire,63,Information service activities,69,72,76,109,119,119,116,99,95,91,64,56,52,58,66,70,63,62,49,36,31,23,16,37,42
TLG2,Shropshire and Staffordshire,64,Financial service activities,265,310,262,223,323,360,515,655,762,774,860,889,806,671,553,644,678,555,496,411,431,383,315,287,317
TLG2,Shropshire and Staffordshire,65,Insurance and pension funding,185,236,200,226,156,132,169,183,198,148,129,197,164,189,248,267,147,92,289,361,404,384,348,566,650
TLG2,Shropshire and Staffordshire,66,Activities auxiliary to finance and insurance,93,76,77,76,71,83,74,67,117,144,152,256,278,208,153,177,173,233,243,277,286,310,297,295,362
TLG2,Shropshire and Staffordshire,68IMP,Owner-occupiers' imputed rental,2403,2465,2494,2485,2467,2523,2635,2669,2823,2838,3020,2634,2429,2466,2613,2543,2730,2788,3005,3073,3274,3429,3517,3654,3828
TLG2,Shropshire and Staffordshire,68,"Real estate activities, excluding imputed rental",338,350,347,349,403,422,420,442,504,574,716,752,741,822,937,934,1050,1063,1070,1082,1135,1222,1092,1180,1188
TLG2,Shropshire and Staffordshire,69,Legal and accounting activities,167,190,176,197,205,217,243,247,252,256,265,204,201,242,247,224,261,296,349,432,374,422,353,358,390
TLG2,Shropshire and Staffordshire,70,Head offices and management consultancy,76,94,103,109,120,119,126,129,151,160,175,150,156,172,175,191,235,247,269,297,298,287,308,328,326
TLG2,Shropshire and Staffordshire,71,Architectural and engineering activities,126,157,155,176,205,217,232,229,272,267,276,246,249,200,198,244,285,287,264,222,219,252,260,328,362
TLG2,Shropshire and Staffordshire,72,Scientific research and development,11,17,14,14,13,14,23,25,26,29,31,25,37,37,34,29,26,34,47,57,72,88,53,100,134
TLG2,Shropshire and Staffordshire,73,Advertising and market research,37,45,49,49,59,64,62,58,70,69,59,49,47,53,56,67,74,96,99,117,116,104,89,142,209
TLG2,Shropshire and Staffordshire,74,"Other professional, scientific and technical activities",46,50,52,57,64,72,80,81,95,92,87,75,76,79,75,80,90,83,102,122,102,137,119,138,175
TLG2,Shropshire and Staffordshire,75,Veterinary activities,40,25,24,28,23,36,44,46,49,49,60,95,107,103,126,137,122,113,111,139,158,165,143,136,156
TLG2,Shropshire and Staffordshire,77,Rental and leasing activities,244,245,252,275,259,277,290,284,263,321,346,370,384,308,280,311,321,332,333,405,485,553,438,477,556
TLG2,Shropshire and Staffordshire,78,Employment activities,99,102,99,130,158,216,244,238,238,274,297,266,279,309,323,368,427,475,486,405,418,448,489,558,548
TLG2,Shropshire and Staffordshire,79,Travel agency and tour operator activities,38,43,41,43,43,42,49,52,54,57,64,60,70,67,70,62,82,89,104,112,117,99,32,56,110
TLG2,Shropshire and Staffordshire,80,Security and investigation activities,20,22,21,27,26,27,28,26,25,28,27,23,20,21,22,22,27,26,26,34,27,26,46,45,44
TLG2,Shropshire and Staffordshire,81,Services to buildings and landscape activities,54,58,56,71,77,84,98,91,82,95,109,109,138,160,171,185,209,213,229,273,223,204,128,158,190
TLG2,Shropshire and Staffordshire,82,Office administration and business support activities,47,64,56,79,83,97,140,143,147,167,171,160,181,190,217,277,345,333,274,334,286,234,338,509,502
TLG2,Shropshire and Staffordshire,O (84),Public administration and defence,873,927,1031,1059,1120,1239,1229,1266,1240,1398,1476,1536,1603,1539,1489,1545,1500,1563,1695,1776,1810,1908,1876,2004,2180
TLG2,Shropshire and Staffordshire,P (85),Education,1008,1099,1106,1259,1377,1394,1464,1502,1560,1605,1672,1757,1794,1734,1787,1788,1811,1855,1873,1853,1937,2046,2048,2121,2337
TLG2,Shropshire and Staffordshire,86,Human health activities,767,734,829,900,956,1117,1200,1324,1450,1489,1573,1650,1698,1823,1885,1992,2045,1894,1920,1988,2189,2323,2690,2859,2905
TLG2,Shropshire and Staffordshire,87,Residential care activities,179,173,176,218,216,287,327,369,401,376,378,467,352,384,344,327,333,349,410,389,422,465,492,500,501
TLG2,Shropshire and Staffordshire,88,Social work activities,142,141,147,168,195,224,244,323,350,361,355,372,382,336,381,434,417,437,486,493,539,519,562,661,624
TLG2,Shropshire and Staffordshire,90,"Creative, arts and entertainment activities",68,71,74,56,52,46,50,44,44,35,29,26,32,30,24,28,24,30,40,49,46,54,17,43,76
TLG2,Shropshire and Staffordshire,91,"Libraries, archives, museums and other cultural activities",16,17,16,16,21,30,26,29,32,32,28,35,38,30,30,31,27,20,23,21,18,14,10,25,33
TLG2,Shropshire and Staffordshire,92,Gambling and betting activities,26,33,26,26,35,48,80,79,120,119,127,128,129,251,262,317,365,274,198,298,346,390,393,406,270
TLG2,Shropshire and Staffordshire,93,"Sports, amusement and recreation activities",69,75,64,66,105,175,183,157,174,164,193,198,226,237,239,291,283,296,356,342,296,277,123,238,290
TLG2,Shropshire and Staffordshire,94,Activities of membership organisations,66,57,56,51,56,66,80,70,77,70,90,92,108,107,110,105,85,77,83,100,101,96,123,134,148
TLG2,Shropshire and Staffordshire,95,"Repair of computers, personal and household goods",24,26,25,27,28,25,36,37,41,36,40,38,37,53,55,62,60,71,89,100,87,68,66,81,83
TLG2,Shropshire and Staffordshire,96,Other personal service activities,192,202,195,205,241,264,296,278,296,308,344,344,308,326,340,359,400,471,425,419,506,563,443,619,700
TLG2,Shropshire and Staffordshire,T (97-98),Activities of households,40,53,49,31,26,27,27,30,29,29,25,19,36,59,61,43,34,37,31,30,32,45,32,52,45
TLG3,West Midlands,1,Agriculture and hunting,10,10,11,7,9,12,11,13,13,14,15,15,13,16,15,16,17,14,14,15,15,13,10,18,21
TLG3,West Midlands,2-3,Forestry and fishing,0,0,0,1,1,1,2,2,2,2,3,4,3,4,5,7,11,9,7,11,10,15,9,7,11
TLG3,West Midlands,B (5-9),Mining and quarrying,23,25,24,24,23,23,22,13,9,7,7,5,5,8,6,8,5,6,5,7,8,8,14,10,10
TLG3,West Midlands,10,Manufacture of food products,554,519,536,503,538,581,644,643,681,715,729,744,728,626,482,419,392,456,403,400,368,366,449,508,617
TLG3,West Midlands,11-12,Manufacture of beverages and tobacco products,95,116,141,127,129,128,127,110,80,34,33,30,31,34,36,38,42,55,58,54,41,41,25,26,25
TLG3,West Midlands,13,Manufacture of textiles,53,51,53,59,63,78,74,71,59,73,33,37,31,26,50,58,46,46,63,97,91,101,86,95,93
TLG3,West Midlands,14-15,Manufacture of wearing apparel and leather products,210,187,171,157,133,116,115,92,75,76,67,67,111,101,115,106,155,160,116,154,138,128,84,132,161
TLG3,West Midlands,16-17,Manufacture of wood and paper products,163,164,151,151,149,152,153,147,122,150,139,119,141,138,183,179,197,214,282,260,281,306,274,309,356
TLG3,West Midlands,18,Printing and reproduction of recorded media,132,122,119,124,123,133,164,187,175,170,153,159,119,122,115,108,112,115,123,137,118,112,157,129,158
TLG3,West Midlands,CD-CF (19-21),"Manufacture of petroleum, chemicals and pharmaceuticals",396,336,321,266,281,257,228,282,305,278,240,198,208,234,223,274,300,323,295,275,294,330,352,344,521
TLG3,West Midlands,22,Manufacture of rubber and plastic products,593,619,576,597,547,510,418,399,300,279,236,270,285,310,314,368,379,420,452,436,428,396,390,423,407
TLG3,West Midlands,23,Manufacture of other non-metallic mineral products,152,149,171,141,147,153,158,175,170,167,139,106,95,83,79,85,102,121,141,152,134,120,71,96,114
TLG3,West Midlands,24,Manufacture of basic metals,567,569,628,641,573,628,570,618,471,475,454,264,329,346,375,357,453,410,509,533,499,540,473,525,578
TLG3,West Midlands,25,Manufacture of fabricated metal products,1522,1398,1458,1351,1454,1435,1235,1250,1205,1216,1343,1018,1073,1245,1304,1470,1579,1466,1407,1366,1395,1441,1267,1363,1428
TLG3,West Midlands,CI (26),"Manufacture of computer, electronic and optical products",406,382,365,365,299,284,309,282,250,250,197,235,182,143,91,130,147,100,131,139,111,120,110,78,100
TLG3,West Midlands,CJ (27),Manufacture of electrical equipment,278,257,229,227,251,222,225,194,190,203,184,178,174,138,155,130,159,143,137,139,149,150,147,115,110
TLG3,West Midlands,CK (28),Manufacture of machinery and equipment,725,709,763,707,667,709,620,567,540,584,599,419,537,591,647,633,607,686,645,752,740,655,608,711,648
TLG3,West Midlands,29,Manufacture of motor vehicles,1575,1466,1669,1742,1572,1473,1317,1215,1007,908,851,793,1355,1656,1823,2711,3192,3515,4009,3977,3577,3040,2430,1995,1593
TLG3,West Midlands,30,Manufacture of other transport equipment,243,299,320,386,366,374,379,398,449,403,432,379,284,355,389,388,375,402,365,329,432,467,429,395,427
TLG3,West Midlands,31,Manufacture of furniture,185,212,223,202,190,201,178,158,162,172,137,122,124,138,126,160,198,208,213,191,175,178,195,234,274
TLG3,West Midlands,32,Other manufacturing,188,209,190,194,191,219,235,226,216,253,295,265,260,277,257,245,266,248,272,307,352,333,248,196,202
TLG3,West Midlands,33,Repair and installation of machinery and equipment,266,299,273,222,227,203,208,193,215,231,268,281,259,260,297,316,356,336,352,318,330,363,372,374,431
TLG3,West Midlands,D (35),"Electricity, gas, steam and air conditioning supply",1113,1062,949,855,863,882,937,973,1197,1141,1433,1785,1445,1279,1513,1562,1554,1320,1209,1079,1071,1199,683,324,284
TLG3,West Midlands,E (36-39),Water supply; sewerage and waste management,602,602,646,642,591,612,652,676,714,826,857,963,1040,1009,1003,971,995,1047,1068,1138,1185,1195,1121,1377,1506
TLG3,West Midlands,41,Construction of buildings,649,698,728,780,853,1008,1084,1138,1152,1347,1310,919,886,859,824,815,804,997,1050,1037,1197,1364,1102,1146,1347
TLG3,West Midlands,42,Civil engineering,332,377,384,452,571,497,531,567,662,708,714,601,477,383,366,382,473,499,524,629,769,861,736,891,828
TLG3,West Midlands,43,Specialised construction activities,754,831,888,981,1197,1168,1253,1519,1617,1689,1500,1266,1483,1423,1492,1642,1978,1805,1959,1913,1839,1803,1962,2077,2600
TLG3,West Midlands,45,Motor trades,650,616,639,725,771,790,683,663,610,614,671,615,876,878,839,849,898,831,886,1121,1190,1337,1091,1312,1352
TLG3,West Midlands,46,Wholesale trade,1511,1677,1505,1674,1620,1779,2073,1998,2121,2060,2016,2237,2366,2218,2369,2301,2647,2603,2710,2790,3088,2841,2521,2946,3392
TLG3,West Midlands,47,Retail trade,1933,1996,2052,2215,2325,2220,2361,2403,2466,2536,2357,2299,2534,2540,2771,2774,2850,2812,3285,3451,3573,3332,3029,3651,3810
TLG3,West Midlands,49,Land transport,788,816,850,876,864,824,641,626,660,749,776,743,804,792,804,859,867,957,1038,1052,1226,1427,756,923,1294
TLG3,West Midlands,50-51,Water and air transport,56,64,67,74,73,90,125,130,117,103,119,73,64,48,49,44,37,40,38,42,39,45,26,28,67
TLG3,West Midlands,52,Warehousing and transport support activities,375,418,392,433,385,409,435,456,504,483,476,456,540,855,648,751,934,1151,1014,894,921,936,795,816,862
TLG3,West Midlands,53,Postal and courier activities,289,325,367,407,406,394,413,460,487,474,504,494,505,503,590,579,540,566,656,753,719,688,853,978,932
TLG3,West Midlands,55,Accommodation,132,144,155,154,153,178,190,211,235,236,201,129,121,133,139,187,209,222,263,309,259,351,217,276,494
TLG3,West Midlands,56,Food and beverage service activities,685,659,751,779,819,1002,1065,1311,1512,1658,1599,1297,1360,1345,1290,1318,1296,1309,1527,1590,1746,1759,904,1232,1432
TLG3,West Midlands,58,Publishing activities,181,172,173,174,161,137,123,103,88,94,91,81,82,93,94,85,85,92,84,87,100,93,106,84,95
TLG3,West Midlands,59-60,"Film and TV production, programming and broadcasting",124,109,98,88,90,109,123,134,145,157,151,122,101,92,101,100,93,107,144,127,130,133,179,157,200
TLG3,West Midlands,61,Telecommunications,637,674,799,850,868,827,826,779,719,721,755,744,687,671,679,670,750,870,1057,1073,1135,1188,1000,1120,1233
TLG3,West Midlands,62,Computer programming and consultancy,393,418,402,454,631,798,805,876,778,879,987,892,985,923,947,1075,1177,1139,1400,1382,1595,1820,1425,1146,1240
TLG3,West Midlands,63,Information service activities,90,93,96,99,108,129,145,157,149,169,162,151,161,164,166,159,142,137,115,121,105,112,130,178,180
TLG3,West Midlands,64,Financial service activities,922,991,949,1068,1187,1389,1738,1719,1719,1966,2033,2532,2974,2995,3022,2966,2927,3119,3512,3394,3415,3357,3521,3692,3981
TLG3,West Midlands,65,Insurance and pension funding,818,746,782,777,642,650,764,1199,1052,1082,971,1112,1032,1120,1078,1225,1249,1057,1213,1054,951,987,1039,990,1030
TLG3,West Midlands,66,Activities auxiliary to finance and insurance,249,275,322,316,314,324,277,275,347,485,583,716,707,709,708,690,494,668,690,739,773,898,778,860,1020
TLG3,West Midlands,68IMP,Owner-occupiers' imputed rental,3544,3614,3693,3714,3679,3780,3890,3942,4101,4075,4240,3656,3373,3434,3633,3582,3872,3972,4251,4385,4730,4873,4989,5312,5712
TLG3,West Midlands,68,"Real estate activities, excluding imputed rental",939,946,957,909,1035,1118,1113,1191,1237,1357,1450,1473,1551,1702,1858,1880,2055,2176,2212,2300,2358,2455,2525,2503,2641
TLG3,West Midlands,69,Legal and accounting activities,711,730,734,818,914,916,943,917,1092,1131,1276,1356,1325,1379,1529,1553,1522,1590,1638,1786,1669,1622,1680,2227,2436
TLG3,West Midlands,70,Head offices and management consultancy,148,172,156,196,227,304,251,240,287,281,362,292,303,334,341,438,531,569,654,730,631,584,543,805,878
TLG3,West Midlands,71,Architectural and engineering activities,293,326,357,381,410,418,505,555,550,506,490,445,439,413,414,458,525,637,711,830,841,746,955,785,1033
TLG3,West Midlands,72,Scientific research and development,32,29,28,35,37,34,44,42,40,47,44,23,27,30,21,15,14,17,26,31,45,53,57,84,49
TLG3,West Midlands,73,Advertising and market research,150,163,176,187,214,237,263,263,310,294,226,192,195,198,181,177,160,215,221,265,309,304,237,377,378
TLG3,West Midlands,74,"Other professional, scientific and technical activities",110,121,131,145,150,137,144,140,152,162,158,137,126,133,118,133,148,150,187,194,173,235,215,260,292
TLG3,West Midlands,75,Veterinary activities,29,28,31,32,26,29,36,36,31,47,55,78,75,78,82,86,81,82,83,102,124,135,93,116,123
TLG3,West Midlands,77,Rental and leasing activities,382,426,437,517,582,565,580,679,714,758,730,665,573,543,496,529,599,649,640,608,584,645,436,517,618
TLG3,West Midlands,78,Employment activities,441,491,516,526,541,581,619,604,626,686,718,646,627,642,674,751,936,1020,971,1085,1072,1043,1141,1276,1506
TLG3,West Midlands,79,Travel agency and tour operator activities,53,59,57,56,56,52,56,68,75,84,95,94,104,116,131,127,158,177,205,186,161,167,32,156,252
TLG3,West Midlands,80,Security and investigation activities,77,77,74,82,85,100,101,104,97,91,84,85,78,88,94,95,115,124,130,167,141,131,139,171,168
TLG3,West Midlands,81,Services to buildings and landscape activities,117,137,140,159,183,202,224,211,219,223,275,308,407,513,512,560,498,448,561,659,729,836,765,596,634
TLG3,West Midlands,82,Office administration and business support activities,226,242,225,335,370,277,336,288,348,377,410,328,362,347,428,461,563,687,809,929,911,806,735,956,1041
TLG3,West Midlands,O (84),Public administration and defence,1470,1581,1556,1763,1763,2047,2234,2455,2537,2702,2899,2803,2588,2842,2750,2888,2692,2855,3063,3221,3430,3627,3854,3829,4353
TLG3,West Midlands,P (85),Education,2014,2099,2289,2391,2677,2837,3124,3414,3438,3763,4116,4472,4685,4462,4366,4324,4487,4617,4649,4939,5379,5738,6023,6250,6660
TLG3,West Midlands,86,Human health activities,1552,1658,1651,1926,2032,2370,2588,2876,3056,3145,3172,3352,3626,3930,3994,3790,3723,3783,3963,4142,4332,4545,4767,5091,5632
TLG3,West Midlands,87,Residential care activities,293,317,332,378,357,393,464,505,492,432,496,393,457,475,493,577,570,636,715,736,706,804,878,791,738
TLG3,West Midlands,88,Social work activities,280,310,315,362,401,435,511,525,535,475,413,497,557,614,754,962,908,1049,1102,1057,1211,1168,1256,1444,1286
TLG3,West Midlands,90,"Creative, arts and entertainment activities",55,44,57,66,60,46,42,54,73,75,68,51,69,72,58,64,62,72,93,120,121,146,37,63,104
TLG3,West Midlands,91,"Libraries, archives, museums and other cultural activities",31,35,47,46,55,50,54,66,57,65,45,52,60,41,44,56,51,53,56,60,57,48,23,43,54
TLG3,West Midlands,92,Gambling and betting activities,91,82,85,102,125,156,158,161,155,151,97,67,77,136,129,180,224,236,232,297,254,296,170,276,159
TLG3,West Midlands,93,"Sports, amusement and recreation activities",103,101,124,139,149,167,192,226,235,270,286,275,278,251,259,266,294,310,315,268,272,310,291,411,490
TLG3,West Midlands,94,Activities of membership organisations,172,156,196,212,231,259,268,317,340,346,255,246,271,260,292,364,400,452,536,654,692,616,453,483,515
TLG3,West Midlands,95,"Repair of computers, personal and household goods",71,73,76,56,50,37,59,51,70,73,84,74,67,57,42,43,57,62,78,77,95,74,86,139,225
TLG3,West Midlands,96,Other personal service activities,310,312,331,354,362,336,352,397,419,490,473,529,519,523,605,682,746,804,825,945,851,773,554,718,859
TLG3,West Midlands,T (97-98),Activities of households,29,32,40,34,23,24,29,31,35,28,29,26,31,29,25,18,14,19,31,22,37,39,28,23,32
TLH1,East Anglia,1,Agriculture and hunting,1205,1135,1112,1061,1274,1295,1100,904,884,963,1266,1209,934,1052,1087,1146,1198,1051,1077,1050,1014,1186,1254,1536,1658
TLH1,East Anglia,2-3,Forestry and fishing,16,18,15,16,16,15,17,16,18,20,25,33,31,40,40,35,36,35,30,37,31,45,44,40,49
TLH1,East Anglia,B (5-9),Mining and quarrying,82,82,90,79,91,71,75,68,94,95,81,75,60,61,64,68,76,97,72,60,58,72,56,57,71
TLH1,East Anglia,10,Manufacture of food products,1314,1263,1363,1359,1325,1299,1274,1203,1118,1199,1262,1413,1581,1631,1745,1798,1767,1663,1390,1374,1298,1348,1564,1332,1512
TLH1,East Anglia,11-12,Manufacture of beverages and tobacco products,56,69,82,77,88,96,109,103,108,115,140,122,120,126,87,82,91,98,111,161,171,133,90,147,152
TLH1,East Anglia,13,Manufacture of textiles,33,38,40,47,52,63,50,56,57,60,47,50,79,56,75,72,55,43,58,77,86,97,53,109,124
TLH1,East Anglia,14-15,Manufacture of wearing apparel and leather products,60,67,67,61,56,40,35,37,34,32,29,28,50,38,46,46,65,69,51,60,54,53,28,39,50
TLH1,East Anglia,16-17,Manufacture of wood and paper products,198,205,206,195,203,210,209,241,225,233,255,231,245,316,339,307,379,380,442,442,429,439,425,342,349
TLH1,East Anglia,18,Printing and reproduction of recorded media,196,199,213,214,198,214,204,243,261,250,278,290,235,218,191,193,228,224,251,256,238,221,198,258,277
TLH1,East Anglia,CD-CF (19-21),"Manufacture of petroleum, chemicals and pharmaceuticals",520,496,524,534,534,508,456,486,581,563,644,737,702,800,727,871,975,959,832,876,994,1049,832,1004,1196
TLH1,East Anglia,22,Manufacture of rubber and plastic products,412,434,414,431,386,396,401,364,356,339,326,342,372,356,375,423,431,495,404,419,432,401,389,381,401
TLH1,East Anglia,23,Manufacture of other non-metallic mineral products,126,110,145,149,166,182,181,189,200,206,182,166,171,172,190,204,207,250,274,307,249,284,253,306,342
TLH1,East Anglia,24,Manufacture of basic metals,51,46,50,53,55,54,52,49,39,42,35,23,25,24,26,22,29,30,29,39,52,41,43,57,69
TLH1,East Anglia,25,Manufacture of fabricated metal products,349,329,354,361,381,375,360,374,381,344,428,342,366,456,506,542,603,543,560,545,542,551,548,482,486
TLH1,East Anglia,CI (26),"Manufacture of computer, electronic and optical products",463,357,323,360,426,364,367,335,401,422,495,488,589,622,606,671,677,565,700,783,822,941,1078,1061,948
TLH1,East Anglia,CJ (27),Manufacture of electrical equipment,225,202,200,221,260,230,214,202,239,267,281,256,287,287,292,217,195,163,195,202,170,166,198,187,182
TLH1,East Anglia,CK (28),Manufacture of machinery and equipment,502,531,583,630,681,714,755,743,775,879,888,580,905,1110,1274,1392,1408,1318,1212,1301,1251,1168,1015,1323,1391
TLH1,East Anglia,29,Manufacture of motor vehicles,227,199,239,178,167,174,169,176,170,164,160,119,145,124,109,104,148,152,115,120,100,104,114,218,348
TLH1,East Anglia,30,Manufacture of other transport equipment,145,143,139,106,110,124,152,131,177,172,192,169,124,174,178,150,183,177,156,148,146,166,196,87,100
TLH1,East Anglia,31,Manufacture of furniture,113,123,160,174,157,169,142,167,184,176,160,120,144,147,122,152,169,187,205,193,207,186,133,136,147
TLH1,East Anglia,32,Other manufacturing,111,126,138,141,134,145,144,159,176,188,183,160,182,180,192,161,146,152,130,170,192,218,144,231,265
TLH1,East Anglia,33,Repair and installation of machinery and equipment,173,172,180,149,176,184,182,188,189,171,152,152,178,168,195,222,209,202,242,253,295,352,308,351,405
TLH1,East Anglia,D (35),"Electricity, gas, steam and air conditioning supply",494,395,402,329,383,387,358,413,547,545,621,704,505,451,594,587,654,765,759,778,669,822,810,593,638
TLH1,East Anglia,E (36-39),Water supply; sewerage and waste management,440,498,458,533,526,560,504,605,778,797,829,950,1030,1027,977,971,989,1025,1121,1206,1241,1225,1228,1154,1224
TLH1,East Anglia,41,Construction of buildings,602,668,705,794,930,824,887,1001,1092,1103,1050,796,809,843,839,915,923,1019,1092,1062,1201,1161,1167,1461,1797
TLH1,East Anglia,42,Civil engineering,267,320,353,379,401,542,595,606,665,641,637,655,610,640,667,675,747,792,869,1061,1159,1277,1242,1079,1263
TLH1,East Anglia,43,Specialised construction activities,756,854,936,962,1050,1202,1219,1249,1466,1498,1536,1454,1446,1559,1451,1530,1811,1995,2148,2108,2147,2342,2188,2170,2560
TLH1,East Anglia,45,Motor trades,487,498,495,569,609,693,755,789,784,848,824,669,871,778,798,822,883,953,966,1013,1079,1154,822,1027,1103
TLH1,East Anglia,46,Wholesale trade,978,1112,1289,1419,1443,1433,1502,1470,1549,1677,1698,1624,1677,1595,1623,1766,1817,1833,1835,2124,2010,2458,2578,2604,2692
TLH1,East Anglia,47,Retail trade,1751,1753,1952,2076,2236,2270,2297,2289,2537,2462,2645,2794,2722,2891,2783,2929,2947,3239,3417,3282,3087,3235,3592,3743,4098
TLH1,East Anglia,49,Land transport,600,630,648,661,697,761,656,680,730,762,754,796,797,795,733,812,815,904,932,944,982,932,658,886,1138
TLH1,East Anglia,50-51,Water and air transport,112,158,248,251,348,431,568,473,347,295,272,163,200,343,341,404,364,410,421,401,376,410,115,124,188
TLH1,East Anglia,52,Warehousing and transport support activities,449,442,427,412,418,457,388,418,456,425,535,546,596,568,696,672,727,754,694,773,838,852,975,1079,1119
TLH1,East Anglia,53,Postal and courier activities,217,229,268,268,241,269,264,307,316,318,335,328,357,358,398,420,351,336,380,377,372,371,444,318,318
TLH1,East Anglia,55,Accommodation,189,188,210,238,255,279,312,299,335,364,348,280,335,383,453,488,555,551,618,675,691,658,405,650,916
TLH1,East Anglia,56,Food and beverage service activities,556,565,599,696,741,726,755,789,770,799,786,746,789,851,915,960,990,1033,1077,1225,1224,1241,991,1032,1332
TLH1,East Anglia,58,Publishing activities,331,338,364,359,330,327,322,325,323,332,342,353,345,280,270,254,260,284,336,373,337,331,353,433,402
TLH1,East Anglia,59-60,"Film and TV production, programming and broadcasting",86,95,113,107,98,111,108,106,111,123,120,107,99,115,125,134,111,120,217,228,133,129,119,112,142
TLH1,East Anglia,61,Telecommunications,813,899,954,894,839,872,794,1139,1219,1336,1114,919,849,865,923,994,1034,912,942,1086,1143,1122,1054,1052,1044
TLH1,East Anglia,62,Computer programming and consultancy,428,532,600,746,781,889,749,743,752,891,1012,1039,1039,1012,1084,1135,1204,1292,1497,1340,1391,1572,1431,1458,1654
TLH1,East Anglia,63,Information service activities,65,72,91,98,82,68,70,68,66,70,54,60,63,72,90,102,102,102,112,126,154,135,110,136,176
TLH1,East Anglia,64,Financial service activities,263,251,257,236,289,357,493,589,676,692,779,1107,1099,1037,1093,1215,1200,1286,1082,1019,858,853,790,586,552
TLH1,East Anglia,65,Insurance and pension funding,1267,1327,1110,1130,990,990,1238,1726,2059,1904,1503,1104,869,900,843,801,957,635,829,1197,1430,1548,1564,1935,2138
TLH1,East Anglia,66,Activities auxiliary to finance and insurance,223,158,164,163,225,293,271,247,344,435,627,961,901,733,811,904,805,873,1068,1143,1065,1225,1275,1397,1414
TLH1,East Anglia,68IMP,Owner-occupiers' imputed rental,3537,3672,3749,3823,3902,4029,4205,4311,4403,4500,4777,4443,4187,4179,4330,4308,4650,4844,5328,5796,6138,6390,6075,6642,7099
TLH1,East Anglia,68,"Real estate activities, excluding imputed rental",744,739,763,800,840,862,880,955,1046,1128,1244,1320,1349,1419,1657,1788,1887,2059,2010,2134,2151,2175,2183,2257,2332
TLH1,East Anglia,69,Legal and accounting activities,380,410,415,457,409,453,547,580,688,634,678,738,732,782,891,801,841,867,984,968,1013,1185,992,980,1019
TLH1,East Anglia,70,Head offices and management consultancy,238,267,284,282,288,287,278,308,358,380,466,418,420,468,507,541,562,485,488,494,543,645,708,982,1200
TLH1,East Anglia,71,Architectural and engineering activities,349,373,378,468,565,561,643,582,665,694,957,990,1069,1167,1570,1646,1680,1724,1566,1777,1542,1398,1463,1609,1733
TLH1,East Anglia,72,Scientific research and development,371,359,301,287,360,422,507,506,476,523,479,445,578,400,339,201,136,169,162,127,133,159,354,142,162
TLH1,East Anglia,73,Advertising and market research,84,98,119,128,140,178,210,207,242,219,173,147,153,162,170,139,123,153,160,180,213,245,192,323,311
TLH1,East Anglia,74,"Other professional, scientific and technical activities",100,103,118,122,150,180,198,193,201,199,192,190,198,220,230,247,256,251,236,290,248,292,220,359,394
TLH1,East Anglia,75,Veterinary activities,66,78,90,86,84,87,114,141,155,177,134,124,190,191,207,234,219,225,248,260,266,290,274,398,442
TLH1,East Anglia,77,Rental and leasing activities,169,224,264,314,329,353,372,412,430,434,428,432,420,350,309,343,343,410,479,572,539,633,560,631,695
TLH1,East Anglia,78,Employment activities,235,231,205,229,236,275,319,374,488,533,596,564,591,636,634,693,756,844,858,846,824,974,1023,989,1026
TLH1,East Anglia,79,Travel agency and tour operator activities,146,160,146,140,131,111,97,112,140,152,174,195,265,287,320,263,291,224,211,223,288,360,109,152,323
TLH1,East Anglia,80,Security and investigation activities,32,32,28,38,46,46,49,58,63,67,65,65,60,69,68,68,75,87,100,100,92,90,79,101,96
TLH1,East Anglia,81,Services to buildings and landscape activities,123,121,122,147,176,168,201,198,202,212,239,253,295,312,294,346,375,445,478,560,595,718,465,729,864
TLH1,East Anglia,82,Office administration and business support activities,224,197,186,229,350,352,344,320,320,276,284,287,287,303,352,448,515,599,676,768,739,733,542,551,468
TLH1,East Anglia,O (84),Public administration and defence,1361,1641,1798,1924,2036,2211,2370,2539,2740,2844,2874,3071,3111,2922,2968,2924,2946,2976,3105,3079,3181,3377,3377,3582,3896
TLH1,East Anglia,P (85),Education,1552,1655,1808,2056,2088,2272,2515,2873,3224,3410,3446,3523,3529,3729,3942,3937,3967,4075,4103,4304,4534,4807,4894,4977,5241
TLH1,East Anglia,86,Human health activities,1301,1465,1532,1540,1555,1859,2063,2289,2360,2516,2450,2431,2587,2721,2920,2948,3113,3146,3378,3529,3883,3960,4537,4772,4415
TLH1,East Anglia,87,Residential care activities,341,375,466,551,574,431,446,462,528,507,490,532,581,563,572,612,586,558,646,601,621,706,814,830,727
TLH1,East Anglia,88,Social work activities,300,331,294,332,375,410,456,473,518,547,582,640,695,670,617,680,711,786,786,887,820,843,998,1254,1172
TLH1,East Anglia,90,"Creative, arts and entertainment activities",71,84,106,89,81,73,87,111,123,130,96,96,100,106,100,91,92,104,121,128,159,186,142,166,205
TLH1,East Anglia,91,"Libraries, archives, museums and other cultural activities",18,19,22,22,25,45,53,65,67,65,70,92,90,74,60,69,48,43,43,44,47,46,38,35,38
TLH1,East Anglia,92,Gambling and betting activities,37,32,37,42,52,75,88,87,96,110,113,106,88,118,101,113,117,125,82,132,125,149,129,142,159
TLH1,East Anglia,93,"Sports, amusement and recreation activities",118,129,137,157,176,217,224,260,247,245,248,226,243,278,331,355,350,366,428,448,398,480,443,357,375
TLH1,East Anglia,94,Activities of membership organisations,89,79,90,90,106,121,141,150,162,144,169,192,212,211,198,223,216,241,211,190,217,205,245,267,270
TLH1,East Anglia,95,"Repair of computers, personal and household goods",29,25,30,33,38,28,29,28,31,30,50,45,53,62,61,59,77,86,112,98,90,79,68,97,107
TLH1,East Anglia,96,Other personal service activities,286,301,342,357,373,385,445,505,475,518,514,621,661,629,670,716,692,653,677,766,750,854,639,693,849
TLH1,East Anglia,T (97-98),Activities of households,73,86,112,132,101,82,95,91,74,79,67,51,90,86,165,182,220,185,228,217,226,260,203,170,156
TLH2,Bedfordshire and Hertfordshire,1,Agriculture and hunting,99,95,95,73,102,100,80,37,60,74,103,89,89,119,108,102,120,98,85,97,113,128,107,160,213
TLH2,Bedfordshire and Hertfordshire,2-3,Forestry and fishing,9,7,6,7,5,6,6,7,9,10,16,18,12,16,21,20,20,23,17,22,20,27,24,28,33
TLH2,Bedfordshire and Hertfordshire,B (5-9),Mining and quarrying,25,22,25,29,26,26,29,32,38,34,30,22,12,12,17,16,17,19,19,22,24,27,24,18,22
TLH2,Bedfordshire and Hertfordshire,10,Manufacture of food products,292,285,274,270,287,321,268,278,317,271,256,193,246,172,185,230,248,266,283,327,302,364,390,338,407
TLH2,Bedfordshire and Hertfordshire,11-12,Manufacture of beverages and tobacco products,72,71,67,58,64,80,70,92,202,248,267,222,218,193,223,256,365,440,329,346,403,340,69,159,139
TLH2,Bedfordshire and Hertfordshire,13,Manufacture of textiles,18,20,21,24,26,30,23,26,26,30,14,13,22,18,27,28,24,18,26,25,26,32,17,37,43
TLH2,Bedfordshire and Hertfordshire,14-15,Manufacture of wearing apparel and leather products,74,74,61,56,47,45,41,42,33,28,20,26,36,32,38,30,37,45,31,44,47,41,27,39,34
TLH2,Bedfordshire and Hertfordshire,16-17,Manufacture of wood and paper products,118,144,139,121,131,138,115,125,117,139,137,148,145,143,156,140,147,135,162,174,170,153,138,106,113
TLH2,Bedfordshire and Hertfordshire,18,Printing and reproduction of recorded media,169,197,205,186,186,214,182,219,217,214,181,157,146,131,131,142,162,160,197,201,160,170,138,171,190
TLH2,Bedfordshire and Hertfordshire,CD-CF (19-21),"Manufacture of petroleum, chemicals and pharmaceuticals",728,888,1006,1020,997,1108,1086,1277,1590,1767,2360,2265,2024,1829,1500,1571,1590,1438,1592,1470,1288,1460,1985,2063,2154
TLH2,Bedfordshire and Hertfordshire,22,Manufacture of rubber and plastic products,169,182,196,204,195,194,174,187,170,154,140,165,172,170,178,210,188,201,212,209,207,181,172,146,144
TLH2,Bedfordshire and Hertfordshire,23,Manufacture of other non-metallic mineral products,85,80,95,82,89,103,96,112,99,93,63,69,68,65,83,104,123,140,141,162,176,152,131,153,169
TLH2,Bedfordshire and Hertfordshire,24,Manufacture of basic metals,80,90,112,80,85,88,89,134,85,92,75,51,46,62,51,47,64,61,67,76,70,82,75,74,115
TLH2,Bedfordshire and Hertfordshire,25,Manufacture of fabricated metal products,411,392,447,341,356,417,433,540,523,483,478,393,440,441,631,737,721,711,681,676,680,696,595,611,697
TLH2,Bedfordshire and Hertfordshire,CI (26),"Manufacture of computer, electronic and optical products",433,383,325,333,318,305,312,372,407,482,597,537,497,570,526,577,659,575,630,647,596,696,628,644,711
TLH2,Bedfordshire and Hertfordshire,CJ (27),Manufacture of electrical equipment,177,166,155,160,142,124,109,120,124,131,126,94,109,120,118,106,88,84,96,114,125,110,157,145,151
TLH2,Bedfordshire and Hertfordshire,CK (28),Manufacture of machinery and equipment,498,448,355,352,398,396,415,412,363,363,364,179,227,245,253,302,350,420,414,386,432,351,365,264,187
TLH2,Bedfordshire and Hertfordshire,29,Manufacture of motor vehicles,368,337,368,319,259,173,141,134,106,115,140,92,139,137,166,207,218,214,248,293,236,232,266,279,383
TLH2,Bedfordshire and Hertfordshire,30,Manufacture of other transport equipment,138,158,198,219,189,201,272,241,271,284,338,280,250,405,465,491,457,514,492,529,556,522,389,401,370
TLH2,Bedfordshire and Hertfordshire,31,Manufacture of furniture,107,112,103,117,111,119,97,111,99,104,98,85,92,82,76,91,105,104,114,98,102,102,69,56,63
TLH2,Bedfordshire and Hertfordshire,32,Other manufacturing,149,162,156,174,188,201,174,167,170,170,167,141,158,127,126,121,112,125,124,162,166,183,257,258,172
TLH2,Bedfordshire and Hertfordshire,33,Repair and installation of machinery and equipment,163,157,143,126,148,149,159,158,163,150,149,164,188,162,171,205,194,179,243,304,331,313,257,278,343
TLH2,Bedfordshire and Hertfordshire,D (35),"Electricity, gas, steam and air conditioning supply",169,189,186,189,172,187,184,193,219,229,293,364,260,212,290,362,379,377,359,425,372,431,224,203,263
TLH2,Bedfordshire and Hertfordshire,E (36-39),Water supply; sewerage and waste management,342,328,361,375,429,446,478,561,521,474,479,513,459,392,375,342,447,506,571,605,592,606,731,805,807
TLH2,Bedfordshire and Hertfordshire,41,Construction of buildings,658,720,852,874,1002,915,981,1237,1210,1281,1248,661,759,907,917,1065,1142,1352,1351,1573,1702,1980,1518,1531,1783
TLH2,Bedfordshire and Hertfordshire,42,Civil engineering,324,408,440,471,517,710,709,706,692,739,797,820,737,795,850,947,1159,1427,1604,1322,1409,1231,1328,1108,1330
TLH2,Bedfordshire and Hertfordshire,43,Specialised construction activities,821,935,1057,1073,1160,1108,1115,1252,1195,1252,1395,1272,1324,1427,1552,1706,1846,1941,1887,2234,2153,2047,1715,2100,2368
TLH2,Bedfordshire and Hertfordshire,45,Motor trades,385,433,629,950,1013,1189,1110,1072,1012,1149,1171,1045,1190,1053,887,869,1086,1220,1189,1233,956,1027,954,1181,1165
TLH2,Bedfordshire and Hertfordshire,46,Wholesale trade,1749,1865,1751,1804,1688,1978,2248,2228,2450,2582,2632,2344,2246,2361,2204,2367,2702,2496,2248,2559,3050,3325,3113,3336,3740
TLH2,Bedfordshire and Hertfordshire,47,Retail trade,1711,1824,1959,2147,2225,2285,2294,2383,2351,2324,2539,2754,2723,2409,2485,2626,2709,2929,3125,3623,3532,3233,3064,3595,4104
TLH2,Bedfordshire and Hertfordshire,49,Land transport,513,571,564,569,532,527,563,566,603,764,764,741,681,684,664,725,690,753,852,928,881,906,611,514,635
TLH2,Bedfordshire and Hertfordshire,50-51,Water and air transport,133,205,308,336,340,369,312,277,259,249,244,163,161,120,140,193,238,278,295,325,339,412,538,546,983
TLH2,Bedfordshire and Hertfordshire,52,Warehousing and transport support activities,214,201,201,281,283,311,300,337,347,343,358,351,389,403,399,411,425,461,500,575,650,689,644,590,501
TLH2,Bedfordshire and Hertfordshire,53,Postal and courier activities,269,289,311,315,287,307,318,353,358,364,380,380,367,360,376,385,345,359,399,453,507,507,422,623,587
TLH2,Bedfordshire and Hertfordshire,55,Accommodation,111,106,106,99,124,140,152,182,212,226,251,218,224,259,261,258,237,252,317,377,325,366,199,327,493
TLH2,Bedfordshire and Hertfordshire,56,Food and beverage service activities,481,485,546,501,538,586,646,713,725,707,731,712,686,714,709,829,931,960,994,1016,1117,1051,730,1224,1591
TLH2,Bedfordshire and Hertfordshire,58,Publishing activities,155,153,155,141,146,142,143,150,153,173,173,139,104,104,95,106,125,136,139,123,118,118,122,195,246
TLH2,Bedfordshire and Hertfordshire,59-60,"Film and TV production, programming and broadcasting",63,59,68,70,66,78,89,91,93,93,107,132,133,158,189,224,226,215,236,165,190,200,281,268,312
TLH2,Bedfordshire and Hertfordshire,61,Telecommunications,884,1021,1038,1015,1122,1264,1238,1275,1295,1328,1264,1185,1013,989,1109,1316,1410,1321,1249,1341,1188,1389,1300,859,788
TLH2,Bedfordshire and Hertfordshire,62,Computer programming and consultancy,716,706,729,750,768,863,892,1004,996,1039,1073,970,1084,1110,1144,1094,1198,1188,1413,1541,1459,1606,1353,1399,1571
TLH2,Bedfordshire and Hertfordshire,63,Information service activities,161,141,170,190,207,213,224,222,181,148,93,57,60,49,46,60,69,81,91,101,142,151,321,487,460
TLH2,Bedfordshire and Hertfordshire,64,Financial service activities,440,482,471,471,528,572,802,865,997,1145,1023,1029,951,998,982,993,960,870,749,884,850,811,696,714,681
TLH2,Bedfordshire and Hertfordshire,65,Insurance and pension funding,438,432,385,419,313,359,433,531,481,537,534,777,652,569,630,656,693,536,678,721,759,761,745,976,1031
TLH2,Bedfordshire and Hertfordshire,66,Activities auxiliary to finance and insurance,124,90,118,108,174,221,175,200,240,246,266,311,291,255,273,387,361,388,494,604,666,722,694,722,754
TLH2,Bedfordshire and Hertfordshire,68IMP,Owner-occupiers' imputed rental,3366,3526,3684,3661,3542,3563,3521,3618,3678,3778,4108,3790,3671,3708,3905,3861,4256,4557,5217,5595,5873,6002,5714,6201,6629
TLH2,Bedfordshire and Hertfordshire,68,"Real estate activities, excluding imputed rental",648,678,713,723,754,776,740,864,897,961,1104,1114,1174,1365,1593,1846,1914,2079,2011,2101,2188,2303,2121,1998,2182
TLH2,Bedfordshire and Hertfordshire,69,Legal and accounting activities,320,312,381,393,434,488,580,567,598,593,554,614,694,801,893,1010,1188,1197,1228,1513,1536,1532,1182,1533,1696
TLH2,Bedfordshire and Hertfordshire,70,Head offices and management consultancy,266,242,310,392,548,539,503,502,489,500,649,658,680,800,801,880,1013,1037,1065,1092,1062,1211,1554,1938,2021
TLH2,Bedfordshire and Hertfordshire,71,Architectural and engineering activities,440,401,403,388,402,428,472,492,536,559,558,569,601,590,580,622,655,682,803,880,856,874,811,726,738
TLH2,Bedfordshire and Hertfordshire,72,Scientific research and development,584,743,703,797,816,797,853,1180,1157,1229,1200,902,858,375,194,52,13,10,12,12,11,9,5,6,6
TLH2,Bedfordshire and Hertfordshire,73,Advertising and market research,142,158,178,169,214,240,270,256,307,267,235,196,217,228,215,227,233,294,311,374,348,383,229,338,384
TLH2,Bedfordshire and Hertfordshire,74,"Other professional, scientific and technical activities",124,126,146,148,163,173,182,182,186,190,193,203,214,242,243,272,297,289,348,340,297,313,216,367,408
TLH2,Bedfordshire and Hertfordshire,75,Veterinary activities,34,49,56,58,52,51,51,56,74,95,90,91,93,94,116,125,114,108,122,131,141,135,107,148,246
TLH2,Bedfordshire and Hertfordshire,77,Rental and leasing activities,462,547,630,670,707,665,596,578,484,460,334,289,277,256,298,414,456,517,496,537,603,682,498,765,1003
TLH2,Bedfordshire and Hertfordshire,78,Employment activities,433,386,408,508,543,555,627,710,706,842,995,980,902,929,934,1071,1200,1351,1409,1660,1847,2026,2239,2351,2550
TLH2,Bedfordshire and Hertfordshire,79,Travel agency and tour operator activities,101,86,75,74,78,82,83,83,90,105,113,129,145,141,163,168,209,217,216,235,217,270,108,126,311
TLH2,Bedfordshire and Hertfordshire,80,Security and investigation activities,44,46,50,59,62,66,65,72,76,91,93,89,78,82,85,85,92,114,126,127,145,136,123,117,120
TLH2,Bedfordshire and Hertfordshire,81,Services to buildings and landscape activities,143,138,134,148,178,178,212,207,247,278,325,314,310,338,330,373,410,480,499,525,567,543,536,597,689
TLH2,Bedfordshire and Hertfordshire,82,Office administration and business support activities,189,189,214,281,361,350,344,312,276,307,313,247,253,286,324,420,472,511,621,749,814,770,562,613,528
TLH2,Bedfordshire and Hertfordshire,O (84),Public administration and defence,661,774,835,977,1059,1142,1226,1283,1387,1404,1528,1653,1567,1582,1660,1575,1558,1668,1720,1632,1719,1831,1878,1912,2203
TLH2,Bedfordshire and Hertfordshire,P (85),Education,1224,1317,1492,1565,1572,1702,1808,2036,2131,2336,2601,2694,2657,2685,2735,2618,2694,2704,2768,2780,3019,3360,3155,3402,3500
TLH2,Bedfordshire and Hertfordshire,86,Human health activities,677,698,691,736,797,915,1043,1144,1199,1225,1263,1343,1411,1337,1437,1678,1682,1777,1662,1892,1935,2107,2121,2266,2286
TLH2,Bedfordshire and Hertfordshire,87,Residential care activities,144,158,188,243,255,216,240,241,270,282,266,313,326,342,376,360,400,426,457,482,492,552,547,551,532
TLH2,Bedfordshire and Hertfordshire,88,Social work activities,154,174,195,243,246,284,315,316,327,344,422,409,490,503,439,469,520,583,558,682,657,609,771,988,870
TLH2,Bedfordshire and Hertfordshire,90,"Creative, arts and entertainment activities",35,34,49,48,62,58,69,66,83,73,69,65,72,72,79,76,69,82,101,104,118,129,81,126,156
TLH2,Bedfordshire and Hertfordshire,91,"Libraries, archives, museums and other cultural activities",4,5,7,8,11,13,11,12,16,13,23,32,31,31,19,19,19,22,22,24,26,31,24,14,11
TLH2,Bedfordshire and Hertfordshire,92,Gambling and betting activities,400,411,318,313,284,336,363,306,225,235,262,280,305,439,334,319,314,304,282,417,539,624,779,462,440
TLH2,Bedfordshire and Hertfordshire,93,"Sports, amusement and recreation activities",50,51,65,85,100,136,163,172,200,183,204,209,217,222,228,270,267,259,305,330,287,346,264,255,269
TLH2,Bedfordshire and Hertfordshire,94,Activities of membership organisations,87,75,77,90,91,100,123,128,131,116,123,167,152,153,115,96,95,111,116,135,143,159,150,131,135
TLH2,Bedfordshire and Hertfordshire,95,"Repair of computers, personal and household goods",84,87,82,73,79,68,86,98,119,111,85,82,91,66,45,57,77,77,92,103,117,132,218,274,323
TLH2,Bedfordshire and Hertfordshire,96,Other personal service activities,214,223,241,275,300,289,304,295,310,343,364,415,440,425,505,566,650,723,806,770,733,701,454,743,898
TLH2,Bedfordshire and Hertfordshire,T (97-98),Activities of households,37,44,72,80,78,61,50,63,57,54,58,48,74,71,77,62,82,86,96,101,111,105,81,102,98
TLH3,Essex,1,Agriculture and hunting,217,199,192,194,225,208,170,105,133,143,212,163,147,190,176,172,200,166,147,159,176,193,172,277,356
TLH3,Essex,2-3,Forestry and fishing,7,6,6,9,7,8,8,10,11,11,15,18,16,19,19,18,22,20,16,20,17,23,20,21,21
TLH3,Essex,B (5-9),Mining and quarrying,29,22,24,25,25,21,20,22,29,29,31,28,22,23,33,37,39,41,35,30,37,40,27,48,55
TLH3,Essex,10,Manufacture of food products,255,228,218,220,206,210,244,214,209,240,270,232,236,220,224,245,306,352,326,364,386,319,213,333,374
TLH3,Essex,11-12,Manufacture of beverages and tobacco products,115,118,139,133,164,191,199,123,105,101,79,81,92,93,76,67,77,64,56,55,49,34,26,20,29
TLH3,Essex,13,Manufacture of textiles,29,28,28,31,31,29,26,24,24,26,18,18,27,23,36,37,26,19,27,26,30,38,30,61,65
TLH3,Essex,14-15,Manufacture of wearing apparel and leather products,54,50,48,46,43,35,30,24,19,17,13,14,25,21,27,27,36,39,24,30,35,33,18,28,31
TLH3,Essex,16-17,Manufacture of wood and paper products,149,142,126,146,142,133,143,131,117,129,132,104,115,138,154,137,148,143,169,178,191,177,145,133,142
TLH3,Essex,18,Printing and reproduction of recorded media,243,214,197,204,194,204,221,225,245,218,160,163,163,147,123,120,156,153,180,205,164,137,102,128,146
TLH3,Essex,CD-CF (19-21),"Manufacture of petroleum, chemicals and pharmaceuticals",461,387,276,271,241,294,301,324,249,304,311,301,387,281,229,261,290,360,345,365,365,387,358,277,326
TLH3,Essex,22,Manufacture of rubber and plastic products,155,158,176,189,165,186,175,167,159,158,112,102,126,124,125,148,150,162,167,167,166,160,150,119,120
TLH3,Essex,23,Manufacture of other non-metallic mineral products,117,93,112,113,119,144,137,149,147,146,116,99,120,118,125,107,116,113,120,140,152,169,225,107,126
TLH3,Essex,24,Manufacture of basic metals,34,36,43,47,37,40,30,28,20,26,25,19,22,20,30,25,36,41,45,53,65,65,95,73,74
TLH3,Essex,25,Manufacture of fabricated metal products,308,279,305,329,318,351,318,318,319,330,319,244,249,285,324,366,409,373,416,491,461,400,325,307,351
TLH3,Essex,CI (26),"Manufacture of computer, electronic and optical products",400,320,309,306,335,323,341,357,422,368,409,423,469,435,399,435,451,362,458,417,398,428,391,360,441
TLH3,Essex,CJ (27),Manufacture of electrical equipment,126,129,153,143,129,102,96,101,115,95,119,97,119,121,126,120,111,104,127,141,121,119,139,138,146
TLH3,Essex,CK (28),Manufacture of machinery and equipment,387,399,470,431,456,434,397,415,413,367,372,236,357,376,392,398,396,452,472,387,423,453,483,536,542
TLH3,Essex,29,Manufacture of motor vehicles,410,300,335,376,342,391,386,404,406,517,690,528,666,641,691,840,755,650,648,586,493,462,373,423,508
TLH3,Essex,30,Manufacture of other transport equipment,231,275,286,279,264,259,240,265,264,231,241,176,146,146,130,115,104,119,149,137,146,148,158,158,174
TLH3,Essex,31,Manufacture of furniture,118,113,109,114,105,112,117,124,135,140,136,110,120,120,116,137,140,143,145,135,159,157,115,70,81
TLH3,Essex,32,Other manufacturing,126,147,157,162,157,147,148,139,154,146,160,144,151,142,139,134,127,133,133,166,144,159,110,199,203
TLH3,Essex,33,Repair and installation of machinery and equipment,124,138,134,110,124,106,101,109,120,104,123,126,139,135,171,186,189,167,190,181,226,263,343,423,484
TLH3,Essex,D (35),"Electricity, gas, steam and air conditioning supply",352,292,254,191,169,180,189,287,410,385,369,442,321,274,364,314,249,256,204,225,218,250,162,125,149
TLH3,Essex,E (36-39),Water supply; sewerage and waste management,311,315,322,323,306,347,314,373,439,449,491,545,616,612,697,646,609,593,563,606,660,610,748,709,705
TLH3,Essex,41,Construction of buildings,607,631,667,734,901,893,802,962,1046,1203,1153,1064,1119,1151,956,1067,1187,1373,1365,1530,1742,1885,1482,1769,2102
TLH3,Essex,42,Civil engineering,283,299,340,385,375,450,492,540,568,566,497,416,419,475,476,454,504,503,555,665,544,512,655,679,746
TLH3,Essex,43,Specialised construction activities,806,861,900,1030,1066,1261,1257,1311,1248,1355,1391,1351,1417,1499,1533,1750,2118,2344,2354,2653,2809,2753,1863,2385,2782
TLH3,Essex,45,Motor trades,321,332,359,403,444,505,457,542,519,674,658,494,603,653,642,660,742,785,710,961,884,744,783,1177,1330
TLH3,Essex,46,Wholesale trade,885,906,1079,1200,1092,1661,1821,1640,1585,1372,1289,1382,1399,956,799,877,1122,1249,1414,1606,1844,1928,2230,2841,3264
TLH3,Essex,47,Retail trade,1584,1511,1588,1728,1913,2083,1952,2003,2103,2246,2284,2243,2419,2525,2534,2491,2440,2558,2617,2731,2759,2796,2342,2493,2744
TLH3,Essex,49,Land transport,447,520,551,577,562,569,603,575,615,678,708,663,648,690,721,686,780,680,672,671,715,768,446,475,639
TLH3,Essex,50-51,Water and air transport,97,136,172,185,182,224,282,262,212,182,237,166,165,211,240,267,259,253,247,226,222,262,129,176,181
TLH3,Essex,52,Warehousing and transport support activities,393,409,413,463,500,477,460,490,538,576,670,630,692,658,656,564,612,694,742,840,877,942,957,1104,1166
TLH3,Essex,53,Postal and courier activities,165,185,207,209,200,223,233,271,292,268,275,284,300,299,339,345,294,300,315,285,329,315,385,382,444
TLH3,Essex,55,Accommodation,67,75,88,97,90,115,114,114,125,127,99,73,98,115,125,120,131,151,182,238,257,336,182,177,256
TLH3,Essex,56,Food and beverage service activities,414,433,495,546,512,556,564,587,580,580,600,572,633,644,729,742,771,886,983,910,982,879,644,904,1225
TLH3,Essex,58,Publishing activities,149,142,153,148,141,143,146,142,133,146,156,143,152,159,133,134,159,189,231,237,256,264,270,297,236
TLH3,Essex,59-60,"Film and TV production, programming and broadcasting",16,18,26,27,29,37,41,41,44,48,58,60,64,75,79,78,60,76,85,86,79,74,57,77,84
TLH3,Essex,61,Telecommunications,174,212,301,362,388,388,397,406,398,466,489,438,392,373,331,321,360,424,455,396,441,438,296,339,419
TLH3,Essex,62,Computer programming and consultancy,191,225,247,261,334,413,387,425,460,469,412,349,388,526,556,577,636,614,510,566,579,635,656,777,748
TLH3,Essex,63,Information service activities,53,61,66,66,57,57,47,44,46,42,29,22,19,23,33,38,36,42,48,56,68,76,107,46,104
TLH3,Essex,64,Financial service activities,270,312,284,354,473,541,739,638,798,795,803,1007,1018,870,936,906,931,1041,900,975,1083,1041,1113,929,1182
TLH3,Essex,65,Insurance and pension funding,775,648,675,773,577,593,594,735,679,579,402,347,372,405,516,519,631,549,516,679,544,445,412,610,755
TLH3,Essex,66,Activities auxiliary to finance and insurance,171,166,162,180,217,223,228,200,325,503,496,644,450,399,412,577,488,464,679,881,820,960,919,998,1183
TLH3,Essex,68IMP,Owner-occupiers' imputed rental,3089,3190,3245,3306,3320,3471,3512,3593,3610,3663,3926,3632,3459,3489,3630,3575,3877,4079,4714,5111,5465,5569,5356,5778,6137
TLH3,Essex,68,"Real estate activities, excluding imputed rental",457,475,486,493,532,589,631,663,676,750,847,886,954,1028,1303,1499,1503,1589,1620,1716,1788,1813,1699,1737,1874
TLH3,Essex,69,Legal and accounting activities,183,208,241,310,314,350,339,300,311,330,333,335,373,478,531,517,600,643,659,849,834,821,689,693,756
TLH3,Essex,70,Head offices and management consultancy,109,105,135,187,202,210,199,172,172,176,207,228,253,296,315,373,449,418,481,460,475,485,427,573,602
TLH3,Essex,71,Architectural and engineering activities,199,214,246,286,295,311,249,234,249,259,417,396,409,388,453,436,527,619,701,817,865,877,837,930,1006
TLH3,Essex,72,Scientific research and development,405,408,348,307,347,410,483,562,581,609,541,253,252,71,5,5,3,4,5,6,8,9,13,8,9
TLH3,Essex,73,Advertising and market research,51,58,79,92,110,134,140,129,145,129,122,134,142,156,148,147,133,174,162,160,179,183,120,220,247
TLH3,Essex,74,"Other professional, scientific and technical activities",59,66,82,92,104,107,110,114,125,128,131,145,147,157,158,182,201,196,198,251,199,249,157,258,348
TLH3,Essex,75,Veterinary activities,27,28,41,43,48,49,47,57,75,83,84,97,97,96,101,118,114,126,136,141,127,130,128,153,180
TLH3,Essex,77,Rental and leasing activities,205,230,242,253,267,273,252,305,311,323,298,298,282,257,234,256,273,336,372,457,514,486,458,476,502
TLH3,Essex,78,Employment activities,171,179,217,227,253,302,282,277,275,306,345,366,402,426,430,425,455,443,470,548,486,564,730,645,793
TLH3,Essex,79,Travel agency and tour operator activities,72,78,74,69,70,65,65,88,98,104,103,102,114,113,98,81,90,106,119,130,158,148,130,70,128
TLH3,Essex,80,Security and investigation activities,29,33,40,48,49,54,48,48,49,48,47,47,49,51,50,54,73,86,93,123,134,120,106,122,134
TLH3,Essex,81,Services to buildings and landscape activities,91,99,105,120,132,143,149,149,140,154,169,165,187,182,182,224,259,311,350,282,330,389,290,386,481
TLH3,Essex,82,Office administration and business support activities,99,111,114,149,166,172,172,191,177,199,226,208,233,242,252,278,319,339,326,401,427,407,239,312,370
TLH3,Essex,O (84),Public administration and defence,733,810,835,904,965,1104,1147,1219,1161,1214,1380,1496,1489,1414,1452,1383,1298,1393,1526,1535,1548,1695,1684,1856,1946
TLH3,Essex,P (85),Education,849,914,928,956,1029,1142,1264,1288,1418,1515,1617,1806,1832,1877,1958,1957,1891,1911,1975,1999,2143,2299,2254,2565,2653
TLH3,Essex,86,Human health activities,641,651,732,867,904,940,1116,1238,1506,1523,1580,1674,1674,1640,1809,1754,1879,1939,2119,2240,2278,2412,2329,2540,2515
TLH3,Essex,87,Residential care activities,158,173,202,223,231,273,268,340,393,423,390,387,373,343,319,336,348,375,405,438,441,474,474,514,483
TLH3,Essex,88,Social work activities,175,198,213,257,291,344,338,305,339,371,388,378,421,433,404,434,491,580,618,733,708,661,737,927,953
TLH3,Essex,90,"Creative, arts and entertainment activities",42,50,74,63,69,63,67,80,83,77,70,60,68,66,69,62,62,79,86,89,106,123,93,92,127
TLH3,Essex,91,"Libraries, archives, museums and other cultural activities",15,17,17,18,19,21,22,25,26,29,27,45,48,47,42,43,46,54,61,67,69,72,73,43,51
TLH3,Essex,92,Gambling and betting activities,44,34,34,45,53,73,103,121,115,132,122,114,112,133,115,132,131,101,65,101,93,110,46,156,181
TLH3,Essex,93,"Sports, amusement and recreation activities",68,84,90,91,89,106,138,155,158,159,162,149,167,188,211,224,216,227,248,238,223,271,232,150,180
TLH3,Essex,94,Activities of membership organisations,45,42,45,53,53,55,65,70,72,78,88,109,106,89,68,75,79,81,62,66,56,72,52,37,41
TLH3,Essex,95,"Repair of computers, personal and household goods",29,26,26,28,29,31,37,35,45,41,45,47,55,63,49,56,69,78,93,112,110,101,82,126,151
TLH3,Essex,96,Other personal service activities,211,209,237,270,281,265,302,328,344,373,388,438,455,460,473,503,501,517,463,474,513,513,450,530,657
TLH3,Essex,T (97-98),Activities of households,40,35,48,58,64,54,57,87,77,50,56,46,80,86,75,86,75,62,74,62,57,70,52,88,74
TLI3,Inner London - West,1,Agriculture and hunting,2,2,2,3,3,3,3,3,3,3,3,3,3,3,4,3,4,4,4,5,5,5,6,6,6
TLI3,Inner London - West,2-3,Forestry and fishing,2,3,3,3,2,2,3,2,2,3,5,4,3,4,4,5,6,7,7,9,10,15,12,10,8
TLI3,Inner London - West,B (5-9),Mining and quarrying,138,112,80,54,58,58,101,121,189,175,228,163,160,87,106,78,53,71,55,62,104,144,229,260,307
TLI3,Inner London - West,10,Manufacture of food products,97,97,97,96,96,90,88,87,86,89,85,77,79,72,84,102,101,90,97,102,121,140,100,129,186
TLI3,Inner London - West,11-12,Manufacture of beverages and tobacco products,33,47,62,66,69,65,59,52,49,50,89,118,82,96,96,86,104,121,132,170,197,237,393,349,292
TLI3,Inner London - West,13,Manufacture of textiles,18,19,21,21,23,27,22,26,23,28,14,23,40,33,49,46,34,36,38,36,40,34,18,13,10
TLI3,Inner London - West,14-15,Manufacture of wearing apparel and leather products,227,222,206,174,163,146,137,132,115,120,65,64,102,76,95,111,161,202,123,184,176,175,89,158,156
TLI3,Inner London - West,16-17,Manufacture of wood and paper products,35,38,36,32,32,27,25,26,21,23,21,15,14,15,19,17,18,15,17,14,10,12,15,32,24
TLI3,Inner London - West,18,Printing and reproduction of recorded media,215,214,218,210,203,213,223,234,243,227,206,208,174,154,152,168,128,102,141,160,169,132,103,118,139
TLI3,Inner London - West,CD-CF (19-21),"Manufacture of petroleum, chemicals and pharmaceuticals",141,151,164,131,154,142,106,116,138,121,116,116,84,61,53,77,74,126,139,149,133,185,257,280,364
TLI3,Inner London - West,22,Manufacture of rubber and plastic products,30,27,25,30,26,25,26,23,21,21,16,19,23,20,16,18,21,33,27,19,27,23,20,8,5
TLI3,Inner London - West,23,Manufacture of other non-metallic mineral products,29,29,33,37,32,31,30,27,28,27,27,30,22,14,13,11,9,11,14,16,16,16,12,26,25
TLI3,Inner London - West,24,Manufacture of basic metals,10,13,18,22,20,14,13,14,12,15,21,13,32,16,22,16,20,17,25,23,38,31,2,8,13
TLI3,Inner London - West,25,Manufacture of fabricated metal products,50,49,40,42,42,40,34,34,33,30,31,31,27,22,31,43,54,59,58,63,86,115,103,135,127
TLI3,Inner London - West,CI (26),"Manufacture of computer, electronic and optical products",77,62,67,63,66,57,70,63,57,49,59,81,94,95,88,87,84,86,93,83,86,73,58,51,93
TLI3,Inner London - West,CJ (27),Manufacture of electrical equipment,25,20,19,19,17,17,17,15,16,15,16,10,11,17,18,21,30,34,35,40,38,31,21,34,30
TLI3,Inner London - West,CK (28),Manufacture of machinery and equipment,54,60,66,65,65,64,69,69,64,54,36,27,30,26,27,33,34,27,22,22,26,23,32,19,31
TLI3,Inner London - West,29,Manufacture of motor vehicles,11,8,9,8,10,6,8,6,6,6,4,5,4,6,5,9,10,9,8,14,15,14,9,12,28
TLI3,Inner London - West,30,Manufacture of other transport equipment,12,14,13,18,25,22,34,31,32,27,22,16,10,17,9,16,16,22,14,10,14,15,21,21,23
TLI3,Inner London - West,31,Manufacture of furniture,43,46,44,43,42,44,39,40,42,42,39,37,49,50,40,40,41,36,37,42,41,37,26,23,22
TLI3,Inner London - West,32,Other manufacturing,127,144,134,132,146,146,138,141,148,143,121,118,132,122,108,110,100,92,96,116,141,180,132,228,188
TLI3,Inner London - West,33,Repair and installation of machinery and equipment,35,46,34,30,35,36,42,43,44,42,55,62,71,67,62,67,60,47,50,54,80,105,155,119,154
TLI3,Inner London - West,D (35),"Electricity, gas, steam and air conditioning supply",348,407,534,558,594,498,619,498,651,920,899,1130,764,716,588,634,762,964,926,1015,1056,1387,1715,1203,1385
TLI3,Inner London - West,E (36-39),Water supply; sewerage and waste management,127,121,131,118,128,133,135,145,142,161,183,171,160,186,173,188,187,184,184,224,243,259,272,319,308
TLI3,Inner London - West,41,Construction of buildings,741,907,1245,1362,1158,1214,1106,1041,1073,1419,2132,1596,1720,1834,2157,2745,2793,3005,2965,2940,3023,3148,2339,2740,3288
TLI3,Inner London - West,42,Civil engineering,222,234,278,278,296,313,345,338,380,420,478,477,536,622,747,787,883,920,902,859,1008,971,923,916,1264
TLI3,Inner London - West,43,Specialised construction activities,322,340,391,391,392,435,470,554,719,779,746,671,447,446,420,462,524,520,568,674,640,767,707,570,699
TLI3,Inner London - West,45,Motor trades,227,203,194,230,216,233,205,218,232,254,209,166,183,187,194,209,242,219,238,347,288,247,290,227,262
TLI3,Inner London - West,46,Wholesale trade,3770,3649,3865,4128,3888,3899,4125,4854,4926,5704,5875,5373,4734,3682,2772,1913,1814,1954,2339,2921,3874,4665,7279,8287,9589
TLI3,Inner London - West,47,Retail trade,2772,2812,3069,3330,3718,3472,3725,3695,3909,4203,4450,4470,4975,5495,6111,6830,7793,7790,7869,7853,8013,8729,6738,7982,8794
TLI3,Inner London - West,49,Land transport,932,972,1024,1016,888,850,930,1036,1071,1282,1286,1281,1466,1336,1505,1643,1767,1866,1978,2082,1948,2102,258,549,1107
TLI3,Inner London - West,50-51,Water and air transport,305,426,463,497,382,416,447,482,421,421,516,284,275,365,484,684,741,1044,1224,1408,1345,1511,511,338,561
TLI3,Inner London - West,52,Warehousing and transport support activities,1116,1016,980,1003,963,1168,1394,1552,1682,1718,1830,1719,1798,1317,917,751,799,906,792,868,836,718,795,909,988
TLI3,Inner London - West,53,Postal and courier activities,292,306,313,330,305,323,307,324,315,313,318,333,301,282,257,221,259,215,205,227,196,198,229,203,187
TLI3,Inner London - West,55,Accommodation,804,868,900,853,893,1003,1094,1366,1610,1679,1590,1359,1418,1585,1811,1912,2179,2338,2394,2436,2644,2545,1500,1356,2557
TLI3,Inner London - West,56,Food and beverage service activities,1437,1599,1697,1785,1957,1851,2106,2321,2143,2343,2441,2360,2711,3108,3229,3302,3482,3447,3933,4079,4558,4939,2574,3160,4291
TLI3,Inner London - West,58,Publishing activities,2307,2180,2443,2317,2310,2374,2417,2511,2393,2738,2765,2784,2959,3302,3054,3240,3515,3566,3723,3872,3846,3803,3614,3591,4474
TLI3,Inner London - West,59-60,"Film and TV production, programming and broadcasting",3526,3912,4133,4490,4652,5231,5567,5640,4920,5234,6372,6702,6521,6719,7349,7994,7626,8264,8922,9687,9873,10204,9313,9723,9812
TLI3,Inner London - West,61,Telecommunications,1479,1526,1780,1583,1616,1768,1949,1844,1814,2054,2119,2149,2178,2523,2617,2582,2642,2575,2666,3142,2917,3207,3358,3178,2857
TLI3,Inner London - West,62,Computer programming and consultancy,1175,1210,1359,1695,1666,1968,2339,2714,2654,3286,3589,3340,3569,3900,3925,3955,4785,4940,6134,5929,6933,8164,9881,11773,15059
TLI3,Inner London - West,63,Information service activities,246,241,336,329,324,314,359,437,471,533,603,697,761,763,794,1032,1197,1325,1544,1664,1994,2093,2332,2824,3358
TLI3,Inner London - West,64,Financial service activities,12293,11393,12284,12255,13317,14778,15947,18207,22066,24435,21774,22861,25352,25533,22870,22719,21537,21655,25859,27440,28016,26742,27088,27244,29721
TLI3,Inner London - West,65,Insurance and pension funding,2906,2862,2962,2997,2466,2812,3398,5054,4497,4382,4724,6483,5867,5983,7352,7575,10101,7040,8507,9541,8363,8863,9417,11845,11770
TLI3,Inner London - West,66,Activities auxiliary to finance and insurance,2734,3449,4217,3907,4758,5180,5195,5724,6517,7850,8497,9260,10803,10962,11635,12217,13393,13828,16454,18334,20532,22599,24866,31137,32944
TLI3,Inner London - West,68IMP,Owner-occupiers' imputed rental,3726,4451,4702,4946,4829,4769,5140,5524,5911,7018,7678,6195,6311,6471,7780,8800,10161,10595,10812,10010,10910,9903,9523,9291,9729
TLI3,Inner London - West,68,"Real estate activities, excluding imputed rental",2925,2816,2935,3037,3406,3388,3217,3631,3986,4545,4829,4508,4477,5428,7176,7755,8779,9270,9244,9185,10258,10239,8627,8841,9276
TLI3,Inner London - West,69,Legal and accounting activities,4556,5225,6016,6065,6425,6697,7386,7784,8793,9486,9877,10293,10877,11308,11592,12359,12877,13685,14257,13969,14750,16163,16734,18349,20063
TLI3,Inner London - West,70,Head offices and management consultancy,1306,1337,1717,2088,2203,2361,2062,2154,2350,3079,3561,3690,4046,4086,3851,4103,4456,4740,5662,5929,6007,6372,5461,6276,7829
TLI3,Inner London - West,71,Architectural and engineering activities,828,970,1054,966,1141,1141,1261,1256,1206,1287,1343,1372,1449,1362,1403,1663,1832,1928,2011,2510,2524,2413,2170,2377,2562
TLI3,Inner London - West,72,Scientific research and development,174,129,126,124,168,167,218,187,113,164,203,296,306,172,187,162,189,237,339,418,565,526,604,891,1017
TLI3,Inner London - West,73,Advertising and market research,1942,2152,2321,2511,2509,2897,3025,3506,3794,4080,3517,3170,3138,3629,4239,5189,5461,7309,7677,7459,7233,7092,6757,7770,8262
TLI3,Inner London - West,74,"Other professional, scientific and technical activities",605,612,686,727,778,835,891,969,1007,1034,1122,1136,1087,951,845,1022,1131,1085,1198,1350,1414,1513,1084,1217,1236
TLI3,Inner London - West,75,Veterinary activities,6,8,8,6,5,5,4,5,3,2,2,5,7,10,11,15,16,18,22,25,34,28,10,15,18
TLI3,Inner London - West,77,Rental and leasing activities,651,641,689,691,672,649,654,722,686,694,632,627,625,613,559,567,565,557,567,735,805,948,906,1350,1485
TLI3,Inner London - West,78,Employment activities,1305,1409,1617,1770,1607,1819,1745,1780,1822,1943,2203,1971,2149,2240,2745,3321,3615,3830,3658,4298,4416,4537,3455,3642,3852
TLI3,Inner London - West,79,Travel agency and tour operator activities,492,459,572,556,564,613,617,658,622,689,719,576,626,856,1097,1456,1836,2057,2191,2344,2334,2258,827,821,1600
TLI3,Inner London - West,80,Security and investigation activities,69,75,96,96,98,107,101,104,112,134,144,149,155,177,180,170,191,176,164,188,211,199,193,215,223
TLI3,Inner London - West,81,Services to buildings and landscape activities,237,222,242,263,283,288,321,348,362,400,456,419,474,487,473,541,544,599,685,571,663,753,546,566,627
TLI3,Inner London - West,82,Office administration and business support activities,1256,1234,1247,1385,1509,1484,1403,1416,1509,1703,1800,1688,1878,2272,2479,2374,2482,2657,2956,2704,3109,3526,2984,3699,4060
TLI3,Inner London - West,O (84),Public administration and defence,2914,3277,3340,3514,3648,4179,4148,4887,4680,4518,4161,4420,4806,4862,5329,5595,5634,5890,6607,7154,7636,7782,8369,8715,9338
TLI3,Inner London - West,P (85),Education,2123,2340,2494,2697,2898,3091,3280,3557,3736,3870,4286,4738,4814,5076,5220,5773,6685,7016,6806,6958,7579,7763,7419,7645,8165
TLI3,Inner London - West,86,Human health activities,1148,1237,1321,1569,1778,2254,2506,2657,2847,2977,2905,3123,3341,4019,4586,4661,4805,5262,5602,5679,6055,6502,6601,7326,7141
TLI3,Inner London - West,87,Residential care activities,253,251,288,308,308,239,214,250,286,297,315,292,212,217,249,254,209,218,261,256,291,277,310,294,286
TLI3,Inner London - West,88,Social work activities,153,152,177,209,227,283,279,329,396,412,385,395,395,299,273,259,285,356,401,498,447,500,495,547,671
TLI3,Inner London - West,90,"Creative, arts and entertainment activities",739,810,861,891,1082,998,997,1178,1278,1485,1380,1419,1489,1660,1688,1908,1921,2116,2112,2165,2342,2686,1708,2064,2786
TLI3,Inner London - West,91,"Libraries, archives, museums and other cultural activities",217,247,286,317,315,369,362,385,337,278,263,255,261,269,303,319,345,342,370,391,330,290,187,278,313
TLI3,Inner London - West,92,Gambling and betting activities,184,176,157,190,232,344,377,380,344,358,349,280,240,314,291,380,462,341,234,365,441,461,563,120,110
TLI3,Inner London - West,93,"Sports, amusement and recreation activities",168,180,206,278,361,412,432,469,463,430,555,564,605,561,531,528,567,645,782,802,838,970,876,1318,1375
TLI3,Inner London - West,94,Activities of membership organisations,548,530,525,538,674,653,777,815,970,1077,1219,1345,1519,1589,1645,1976,2229,2368,2379,2640,2689,2851,2328,2487,2366
TLI3,Inner London - West,95,"Repair of computers, personal and household goods",31,36,46,52,65,58,64,58,45,40,51,54,51,60,51,60,82,55,68,69,79,62,36,33,32
TLI3,Inner London - West,96,Other personal service activities,538,547,586,611,677,632,630,675,650,716,706,725,709,656,744,727,770,713,823,755,787,822,611,851,1172
TLI3,Inner London - West,T (97-98),Activities of households,60,57,63,67,68,66,68,69,79,58,83,85,94,97,131,153,173,169,198,185,187,206,171,123,107
TLI4,Inner London - East,1,Agriculture and hunting,1,1,1,1,1,1,1,1,1,2,2,2,2,2,2,2,2,1,2,2,2,2,1,2,2
TLI4,Inner London - East,2-3,Forestry and fishing,1,2,2,2,2,2,2,2,2,4,6,6,4,7,8,8,9,11,9,11,9,13,11,12,9
TLI4,Inner London - East,B (5-9),Mining and quarrying,38,32,23,15,18,14,26,34,60,48,64,47,49,42,49,40,35,35,17,15,15,20,13,13,21
TLI4,Inner London - East,10,Manufacture of food products,309,330,329,333,333,296,291,279,276,284,264,258,224,206,233,242,236,219,218,253,270,285,357,402,457
TLI4,Inner London - East,11-12,Manufacture of beverages and tobacco products,21,33,43,47,50,44,40,34,34,39,39,36,35,43,42,34,48,54,51,64,78,77,47,114,77
TLI4,Inner London - East,13,Manufacture of textiles,32,34,36,38,43,48,38,43,40,50,39,46,40,34,60,66,48,49,56,60,53,56,45,30,24
TLI4,Inner London - East,14-15,Manufacture of wearing apparel and leather products,285,281,247,219,207,181,172,167,147,158,76,84,138,120,163,174,235,290,166,241,233,210,171,259,315
TLI4,Inner London - East,16-17,Manufacture of wood and paper products,91,102,99,85,87,73,67,67,55,61,57,30,28,41,51,43,38,28,30,24,24,25,39,40,32
TLI4,Inner London - East,18,Printing and reproduction of recorded media,516,525,538,507,491,511,536,552,574,531,423,424,359,330,285,289,254,184,251,279,285,234,183,183,183
TLI4,Inner London - East,CD-CF (19-21),"Manufacture of petroleum, chemicals and pharmaceuticals",180,174,198,137,163,157,107,101,108,85,74,66,67,68,62,64,67,69,75,77,65,89,77,98,96
TLI4,Inner London - East,22,Manufacture of rubber and plastic products,56,51,49,52,43,39,39,33,29,29,20,18,22,22,18,18,14,17,15,14,22,21,28,6,11
TLI4,Inner London - East,23,Manufacture of other non-metallic mineral products,39,39,46,46,37,34,31,28,27,25,23,23,22,17,18,17,15,15,20,16,19,15,21,13,22
TLI4,Inner London - East,24,Manufacture of basic metals,14,16,20,22,19,15,13,14,9,15,16,9,13,8,7,6,8,8,11,9,13,10,2,1,1
TLI4,Inner London - East,25,Manufacture of fabricated metal products,125,130,109,116,111,107,87,87,79,80,76,69,77,95,95,83,93,93,84,99,96,99,119,118,128
TLI4,Inner London - East,CI (26),"Manufacture of computer, electronic and optical products",37,31,29,29,32,30,37,34,34,27,26,26,32,28,23,27,35,33,44,73,85,97,82,111,78
TLI4,Inner London - East,CJ (27),Manufacture of electrical equipment,24,19,18,18,15,15,15,13,15,14,16,13,15,19,21,25,38,40,34,38,40,39,13,40,25
TLI4,Inner London - East,CK (28),Manufacture of machinery and equipment,64,70,78,79,76,74,83,82,72,60,57,41,54,43,40,43,49,50,57,68,78,65,74,46,47
TLI4,Inner London - East,29,Manufacture of motor vehicles,22,19,20,19,22,17,22,22,21,20,11,11,11,15,12,14,13,9,9,12,18,20,8,22,27
TLI4,Inner London - East,30,Manufacture of other transport equipment,5,7,6,9,16,11,22,17,18,17,15,8,8,7,6,6,6,6,7,8,14,19,27,22,15
TLI4,Inner London - East,31,Manufacture of furniture,56,61,59,58,54,58,52,59,62,59,82,86,114,115,99,107,97,95,83,91,87,79,49,46,45
TLI4,Inner London - East,32,Other manufacturing,65,75,70,70,75,75,72,72,79,74,77,86,94,94,81,78,71,59,67,80,98,96,72,97,85
TLI4,Inner London - East,33,Repair and installation of machinery and equipment,7,9,7,6,6,7,8,8,9,10,14,15,29,20,24,35,33,33,49,54,68,84,97,138,140
TLI4,Inner London - East,D (35),"Electricity, gas, steam and air conditioning supply",154,173,237,252,269,199,279,213,301,482,647,937,752,792,913,935,699,676,636,589,619,685,947,1005,1035
TLI4,Inner London - East,E (36-39),Water supply; sewerage and waste management,357,339,356,311,336,326,338,371,366,407,458,442,451,520,509,526,528,539,528,511,466,514,522,428,425
TLI4,Inner London - East,41,Construction of buildings,439,541,742,814,693,710,655,613,604,807,1154,1048,1176,1329,1311,1514,1520,1734,1790,2100,2403,2417,1560,1473,1639
TLI4,Inner London - East,42,Civil engineering,208,221,262,263,280,289,323,314,338,377,408,476,590,624,710,662,657,743,791,661,750,667,570,575,687
TLI4,Inner London - East,43,Specialised construction activities,588,626,719,721,723,784,860,1006,1249,1368,1246,1015,1015,991,994,1058,1222,1322,1210,1470,1486,1497,1056,1194,1313
TLI4,Inner London - East,45,Motor trades,248,220,208,256,237,261,226,244,234,250,237,173,187,165,147,128,135,154,109,110,127,100,76,128,154
TLI4,Inner London - East,46,Wholesale trade,1065,1019,1081,1140,1055,986,1121,1336,1355,1574,1589,1987,2394,2628,2606,2736,3184,2912,2947,3181,3312,3422,2477,3000,4372
TLI4,Inner London - East,47,Retail trade,1681,1672,1812,1945,2102,1981,2063,2090,2245,2346,2559,2289,2063,2087,2128,2182,2596,2896,2642,3078,3373,3673,3118,3668,3617
TLI4,Inner London - East,49,Land transport,613,644,698,715,606,626,714,808,821,956,958,1111,1246,1280,1430,1380,1428,1413,1629,1752,1776,1993,542,966,1577
TLI4,Inner London - East,50-51,Water and air transport,348,419,492,444,310,311,395,484,501,552,797,492,513,728,609,619,599,584,485,387,346,412,566,396,529
TLI4,Inner London - East,52,Warehousing and transport support activities,509,466,414,477,453,522,607,616,605,640,741,779,757,829,742,785,865,780,725,716,702,800,639,601,720
TLI4,Inner London - East,53,Postal and courier activities,481,497,493,519,489,525,498,516,514,503,499,518,451,395,440,433,483,405,436,466,438,534,570,725,790
TLI4,Inner London - East,55,Accommodation,115,122,126,116,121,139,149,190,234,239,224,204,224,256,334,352,394,466,498,556,674,861,175,426,730
TLI4,Inner London - East,56,Food and beverage service activities,864,940,1000,1023,1119,1081,1209,1360,1311,1402,1443,1229,1301,1493,1606,1705,1821,1827,2038,2182,2294,2295,1921,2023,2716
TLI4,Inner London - East,58,Publishing activities,1445,1384,1508,1464,1463,1514,1532,1582,1480,1690,1738,1563,1635,1627,1510,1428,1555,1734,2059,2014,2286,2191,2566,2516,2549
TLI4,Inner London - East,59-60,"Film and TV production, programming and broadcasting",698,790,818,902,947,1093,1174,1194,1076,1097,1229,974,1100,1237,1306,1238,1151,1333,1427,1597,1509,1219,1359,2007,2053
TLI4,Inner London - East,61,Telecommunications,1923,1994,2236,2042,2085,2314,2529,2368,2274,2563,2687,2836,2859,3197,3099,2975,3119,3165,3495,3231,3075,3178,3306,3133,2884
TLI4,Inner London - East,62,Computer programming and consultancy,753,787,859,1096,1080,1285,1518,1751,1680,2076,2310,2264,2695,3032,2878,2809,3411,3483,3808,4092,4187,4507,3936,4640,6804
TLI4,Inner London - East,63,Information service activities,880,873,1183,1187,1170,1145,1297,1572,1661,1877,2165,1930,1863,1874,1943,2122,2302,2294,2527,2765,2579,2559,2183,2039,2315
TLI4,Inner London - East,64,Financial service activities,7165,7180,7703,7676,8184,8751,9382,10868,12861,14128,14005,15339,16216,17339,15196,15394,15413,15404,16197,16314,14344,14081,14263,13830,16079
TLI4,Inner London - East,65,Insurance and pension funding,259,257,269,268,221,240,329,493,421,407,372,478,405,438,540,554,676,352,397,445,350,371,462,548,638
TLI4,Inner London - East,66,Activities auxiliary to finance and insurance,550,596,874,839,1031,1177,1210,1356,1450,1911,2438,2759,2769,3368,3603,3847,3834,3801,3760,5141,5527,5304,4619,5358,5447
TLI4,Inner London - East,68IMP,Owner-occupiers' imputed rental,2370,2871,3234,3650,3696,3989,4262,4685,4928,5728,6006,4954,5008,5126,5987,6543,7507,8543,8862,8334,9224,8994,8840,9029,9037
TLI4,Inner London - East,68,"Real estate activities, excluding imputed rental",1229,1229,1323,1432,1610,1680,1625,1864,1985,2279,2790,2924,3009,3296,4109,4331,4723,5211,5606,5402,5557,5804,5769,5892,5941
TLI4,Inner London - East,69,Legal and accounting activities,1634,1878,2198,2223,2348,2448,2698,2886,3276,3636,3899,4271,4258,4363,5046,5642,6010,6275,6852,7671,8013,8319,8065,8597,9244
TLI4,Inner London - East,70,Head offices and management consultancy,340,349,455,556,585,627,548,582,638,859,1022,977,954,902,800,706,641,700,796,867,982,1146,1494,1761,1820
TLI4,Inner London - East,71,Architectural and engineering activities,467,550,613,603,685,684,750,759,739,807,949,949,974,963,925,1042,1191,1279,1262,1099,1243,1402,1173,1103,1132
TLI4,Inner London - East,72,Scientific research and development,186,164,145,151,190,184,215,192,186,229,290,281,442,458,418,283,304,321,441,491,495,491,553,349,421
TLI4,Inner London - East,73,Advertising and market research,611,678,743,807,804,928,968,1139,1239,1371,1217,1210,1202,1246,1374,1647,1750,2419,2434,2931,3154,3003,3416,3873,4327
TLI4,Inner London - East,74,"Other professional, scientific and technical activities",255,259,295,313,334,359,382,422,441,466,520,467,467,550,526,691,836,824,881,884,971,1103,905,928,939
TLI4,Inner London - East,75,Veterinary activities,25,32,33,28,24,22,16,17,14,10,8,7,11,20,21,22,23,26,31,31,41,33,25,25,30
TLI4,Inner London - East,77,Rental and leasing activities,293,283,318,312,297,251,290,351,305,303,241,240,662,1510,1524,1731,1707,1616,1584,1643,1837,2171,2434,2272,2566
TLI4,Inner London - East,78,Employment activities,671,730,831,912,877,931,884,901,923,967,1091,963,997,916,957,1083,1170,1429,1419,1397,1476,1296,1057,1363,1818
TLI4,Inner London - East,79,Travel agency and tour operator activities,258,242,298,292,290,320,319,339,321,349,363,301,254,258,304,318,375,444,539,574,702,839,418,635,959
TLI4,Inner London - East,80,Security and investigation activities,154,167,189,214,214,236,223,227,245,287,308,313,306,292,310,345,387,397,401,346,365,384,327,335,369
TLI4,Inner London - East,81,Services to buildings and landscape activities,344,325,350,384,409,417,460,499,529,584,677,713,752,699,697,827,757,778,890,1051,1185,1231,882,1005,1266
TLI4,Inner London - East,82,Office administration and business support activities,626,620,669,692,738,735,688,697,741,866,865,829,926,992,1170,1341,1505,1525,1787,1673,1954,2125,2115,1724,1681
TLI4,Inner London - East,O (84),Public administration and defence,1874,2110,2149,2252,2363,2741,2717,3232,3093,2991,2768,3006,3202,3315,3522,3457,3703,3916,4354,4296,4557,4556,4635,5041,5546
TLI4,Inner London - East,P (85),Education,1750,1891,2007,2185,2269,2460,2648,2820,2898,3041,3340,3493,3688,4003,4241,4109,4354,4372,4210,4235,4397,4643,4554,4912,5698
TLI4,Inner London - East,86,Human health activities,1463,1591,1700,1927,2165,2449,2652,2698,2937,3075,2958,3198,3546,3751,4075,4161,4316,4486,4808,5274,5362,5791,6120,6172,6335
TLI4,Inner London - East,87,Residential care activities,217,215,245,267,266,238,222,264,305,303,366,444,414,287,251,239,263,276,270,266,297,333,359,407,352
TLI4,Inner London - East,88,Social work activities,217,216,247,301,328,448,451,548,571,596,554,516,505,465,480,512,486,473,517,518,466,483,610,534,600
TLI4,Inner London - East,90,"Creative, arts and entertainment activities",396,438,470,483,571,513,506,605,653,756,708,698,774,958,983,1036,1055,1141,1194,1343,1449,1654,1299,1397,1875
TLI4,Inner London - East,91,"Libraries, archives, museums and other cultural activities",45,54,62,74,75,85,85,91,80,69,66,57,57,71,73,67,64,70,76,77,96,111,71,162,164
TLI4,Inner London - East,92,Gambling and betting activities,200,193,173,210,249,358,388,397,356,367,360,285,154,170,183,254,332,358,224,234,297,247,73,122,129
TLI4,Inner London - East,93,"Sports, amusement and recreation activities",133,143,166,222,280,311,325,352,350,321,380,370,403,413,386,339,386,429,509,567,619,684,423,475,565
TLI4,Inner London - East,94,Activities of membership organisations,180,173,171,175,223,234,284,285,341,370,429,494,546,583,571,635,615,565,483,554,668,685,605,753,913
TLI4,Inner London - East,95,"Repair of computers, personal and household goods",52,60,76,84,105,93,102,97,76,66,80,75,82,92,97,101,99,105,135,134,143,107,142,125,155
TLI4,Inner London - East,96,Other personal service activities,350,356,381,393,435,406,412,449,451,519,532,563,662,607,627,592,638,701,805,893,846,930,534,717,928
TLI4,Inner London - East,T (97-98),Activities of households,39,37,40,43,43,42,43,44,50,37,44,43,53,60,82,97,115,109,128,120,119,125,114,123,139
TLI5,Outer London - East and North East,1,Agriculture and hunting,5,5,5,6,6,5,4,3,3,4,4,3,3,4,4,4,4,3,3,3,3,4,4,4,5
TLI5,Outer London - East and North East,2-3,Forestry and fishing,2,1,1,1,1,1,1,1,1,1,2,3,2,2,3,4,4,5,3,4,5,7,6,6,8
TLI5,Outer London - East and North East,B (5-9),Mining and quarrying,8,5,7,6,6,10,11,11,17,14,12,8,9,10,15,12,9,11,11,11,14,16,15,9,12
TLI5,Outer London - East and North East,10,Manufacture of food products,257,275,294,329,345,328,342,350,364,373,385,395,345,337,357,390,381,362,331,356,349,416,299,240,265
TLI5,Outer London - East and North East,11-12,Manufacture of beverages and tobacco products,253,296,308,304,307,278,249,221,233,215,173,112,114,113,113,118,117,126,148,184,216,244,125,183,296
TLI5,Outer London - East and North East,13,Manufacture of textiles,24,27,27,25,28,28,23,26,26,30,27,31,33,29,46,45,34,33,36,51,50,50,36,25,36
TLI5,Outer London - East and North East,14-15,Manufacture of wearing apparel and leather products,59,60,55,45,44,40,43,42,39,39,26,28,41,33,44,52,75,95,59,86,81,80,52,77,81
TLI5,Outer London - East and North East,16-17,Manufacture of wood and paper products,70,71,68,64,69,71,67,60,49,59,56,39,44,56,64,54,52,40,40,34,33,39,73,61,62
TLI5,Outer London - East and North East,18,Printing and reproduction of recorded media,138,133,133,131,136,132,120,130,141,135,124,129,113,116,112,123,111,90,117,141,134,106,96,92,113
TLI5,Outer London - East and North East,CD-CF (19-21),"Manufacture of petroleum, chemicals and pharmaceuticals",335,472,448,433,404,275,266,240,293,227,210,236,298,285,239,235,177,126,112,120,126,110,144,139,168
TLI5,Outer London - East and North East,22,Manufacture of rubber and plastic products,104,124,115,119,109,110,112,110,102,95,69,48,53,62,61,64,64,73,57,46,62,61,39,18,15
TLI5,Outer London - East and North East,23,Manufacture of other non-metallic mineral products,31,29,31,30,34,33,34,36,38,40,37,39,42,45,35,32,33,45,51,47,43,62,35,76,82
TLI5,Outer London - East and North East,24,Manufacture of basic metals,20,21,28,32,31,34,28,31,20,25,47,26,45,28,32,29,31,39,47,52,78,81,127,121,117
TLI5,Outer London - East and North East,25,Manufacture of fabricated metal products,156,174,169,177,194,187,148,146,134,121,129,106,114,119,142,155,168,150,115,104,122,119,176,143,158
TLI5,Outer London - East and North East,CI (26),"Manufacture of computer, electronic and optical products",138,104,97,101,81,69,88,83,97,94,106,118,141,141,136,120,109,103,96,75,74,67,61,135,149
TLI5,Outer London - East and North East,CJ (27),Manufacture of electrical equipment,96,97,95,85,69,67,68,60,59,55,48,37,40,36,40,36,39,46,40,44,38,32,21,30,33
TLI5,Outer London - East and North East,CK (28),Manufacture of machinery and equipment,163,175,161,135,119,110,114,112,111,109,98,57,59,69,57,53,56,44,49,47,53,41,62,32,49
TLI5,Outer London - East and North East,29,Manufacture of motor vehicles,744,534,443,336,209,243,306,260,307,401,477,393,559,612,685,911,973,804,673,602,569,571,238,374,403
TLI5,Outer London - East and North East,30,Manufacture of other transport equipment,15,20,21,27,31,32,39,48,27,17,15,15,12,11,12,9,7,7,8,9,12,15,41,21,21
TLI5,Outer London - East and North East,31,Manufacture of furniture,62,65,63,63,56,56,51,53,51,56,48,46,49,53,59,61,63,52,60,71,57,49,38,45,43
TLI5,Outer London - East and North East,32,Other manufacturing,52,56,48,46,44,43,43,40,40,43,36,38,35,34,41,35,30,31,35,45,40,40,35,35,36
TLI5,Outer London - East and North East,33,Repair and installation of machinery and equipment,62,71,71,48,40,39,35,38,52,50,69,71,75,73,99,112,100,99,100,104,103,94,115,124,131
TLI5,Outer London - East and North East,D (35),"Electricity, gas, steam and air conditioning supply",132,149,165,182,196,206,219,219,316,313,387,525,393,303,368,379,399,350,341,300,258,271,181,88,102
TLI5,Outer London - East and North East,E (36-39),Water supply; sewerage and waste management,203,197,267,302,312,348,341,427,453,508,547,610,596,632,687,678,634,655,650,681,705,692,717,652,640
TLI5,Outer London - East and North East,41,Construction of buildings,559,643,667,766,893,1004,996,987,1008,1081,1208,822,1042,1070,982,1054,1165,1386,1542,1681,1833,1919,1778,2028,2283
TLI5,Outer London - East and North East,42,Civil engineering,201,218,234,243,231,206,224,261,279,331,341,358,342,389,493,469,486,474,458,533,615,531,405,322,418
TLI5,Outer London - East and North East,43,Specialised construction activities,677,726,784,819,841,908,929,1038,1165,1300,1301,1119,1228,1220,1332,1479,1526,1597,1780,1748,1755,1797,1322,1747,1926
TLI5,Outer London - East and North East,45,Motor trades,409,450,466,468,411,438,398,425,441,489,460,352,489,458,447,359,389,476,472,430,374,356,269,409,428
TLI5,Outer London - East and North East,46,Wholesale trade,792,770,788,803,716,774,827,884,931,920,907,861,976,938,1000,1008,1087,1078,1010,1025,1027,1004,823,1257,1297
TLI5,Outer London - East and North East,47,Retail trade,1659,1722,1729,1699,1808,1818,1852,1909,2064,2103,2030,1927,1822,1810,2026,2183,2113,1927,1868,2097,1961,2152,1994,1955,2019
TLI5,Outer London - East and North East,49,Land transport,626,658,686,644,640,669,693,772,736,769,820,723,858,937,948,1137,1230,1181,1267,1234,1309,1500,640,827,1121
TLI5,Outer London - East and North East,50-51,Water and air transport,39,42,53,45,35,37,50,51,42,39,60,42,49,48,53,70,71,82,100,121,117,136,171,152,218
TLI5,Outer London - East and North East,52,Warehousing and transport support activities,248,227,255,279,293,296,277,231,262,283,325,341,379,379,394,390,465,453,413,397,415,494,483,553,643
TLI5,Outer London - East and North East,53,Postal and courier activities,174,186,195,191,184,222,217,224,229,217,256,261,260,266,288,351,349,308,317,317,315,355,302,256,290
TLI5,Outer London - East and North East,55,Accommodation,34,39,40,44,43,52,52,61,66,63,57,55,55,60,56,60,67,78,97,116,150,158,37,102,202
TLI5,Outer London - East and North East,56,Food and beverage service activities,494,502,498,555,587,618,634,649,623,664,705,541,604,635,606,627,688,712,771,776,752,868,520,713,918
TLI5,Outer London - East and North East,58,Publishing activities,77,78,80,74,75,74,76,70,69,76,78,84,78,78,84,86,89,76,68,58,58,49,38,44,41
TLI5,Outer London - East and North East,59-60,"Film and TV production, programming and broadcasting",54,65,78,78,81,81,82,90,110,128,115,105,100,100,102,105,112,135,144,133,124,124,124,155,180
TLI5,Outer London - East and North East,61,Telecommunications,431,442,493,503,570,554,539,504,523,574,511,507,478,488,498,524,522,528,589,608,570,621,536,376,380
TLI5,Outer London - East and North East,62,Computer programming and consultancy,232,243,273,260,265,292,291,322,370,453,459,426,440,488,483,416,429,462,528,587,692,750,434,420,734
TLI5,Outer London - East and North East,63,Information service activities,52,60,68,62,52,45,44,42,46,58,49,51,151,166,172,182,161,118,87,67,64,53,54,52,42
TLI5,Outer London - East and North East,64,Financial service activities,822,818,668,581,698,709,770,777,1014,941,702,827,759,570,522,476,348,428,395,433,398,385,329,301,299
TLI5,Outer London - East and North East,65,Insurance and pension funding,217,228,236,254,228,242,257,339,256,297,225,293,219,211,226,139,233,150,206,151,85,54,44,0,0
TLI5,Outer London - East and North East,66,Activities auxiliary to finance and insurance,55,57,61,73,76,83,71,58,67,120,131,145,167,144,157,203,188,183,228,250,289,287,269,345,375
TLI5,Outer London - East and North East,68IMP,Owner-occupiers' imputed rental,2504,2750,2944,3262,3436,3930,4188,4458,4564,4987,5206,4035,3968,3929,4430,4680,5136,6006,6444,5978,6599,6418,6247,6542,6864
TLI5,Outer London - East and North East,68,"Real estate activities, excluding imputed rental",660,678,721,802,928,1038,1054,1198,1241,1391,1623,1536,1751,1827,2001,2157,2266,2561,2826,2731,2947,3073,2895,2835,2882
TLI5,Outer London - East and North East,69,Legal and accounting activities,257,282,287,292,307,338,344,366,410,428,379,372,400,364,343,345,352,423,492,437,388,347,316,297,339
TLI5,Outer London - East and North East,70,Head offices and management consultancy,94,90,112,123,121,147,146,152,164,174,223,215,239,265,278,305,314,338,381,401,392,401,304,334,251
TLI5,Outer London - East and North East,71,Architectural and engineering activities,103,105,118,125,132,145,158,145,170,178,166,164,158,151,159,163,194,208,194,172,190,178,135,172,211
TLI5,Outer London - East and North East,72,Scientific research and development,2,3,3,4,4,4,4,5,5,5,6,49,67,65,53,28,24,21,28,36,39,34,13,17,21
TLI5,Outer London - East and North East,73,Advertising and market research,80,88,107,108,118,134,144,156,172,166,125,111,121,132,148,138,120,143,117,148,134,147,167,209,190
TLI5,Outer London - East and North East,74,"Other professional, scientific and technical activities",82,85,98,104,110,103,112,125,132,147,161,164,146,150,143,160,185,179,187,199,214,277,224,213,233
TLI5,Outer London - East and North East,75,Veterinary activities,26,34,37,35,35,37,33,47,46,55,47,45,46,45,55,68,69,72,81,83,106,98,82,85,110
TLI5,Outer London - East and North East,77,Rental and leasing activities,234,240,263,274,281,264,256,281,293,319,305,304,302,267,219,231,216,206,216,198,240,275,212,293,310
TLI5,Outer London - East and North East,78,Employment activities,189,208,222,234,231,268,334,336,363,402,432,424,464,504,498,579,620,638,485,454,540,609,498,714,829
TLI5,Outer London - East and North East,79,Travel agency and tour operator activities,77,75,72,73,82,78,67,68,62,68,68,61,68,69,62,81,95,102,86,64,78,82,14,12,28
TLI5,Outer London - East and North East,80,Security and investigation activities,65,60,67,78,71,73,76,73,83,105,115,129,129,158,174,199,200,175,154,153,182,209,173,229,246
TLI5,Outer London - East and North East,81,Services to buildings and landscape activities,188,196,202,223,229,224,247,226,214,232,204,193,201,205,187,216,230,268,288,354,315,378,377,431,493
TLI5,Outer London - East and North East,82,Office administration and business support activities,199,197,208,246,253,229,220,234,244,265,243,222,239,253,255,346,382,367,398,380,442,481,373,378,443
TLI5,Outer London - East and North East,O (84),Public administration and defence,656,731,735,709,751,869,1047,1139,1236,1127,1169,1204,1239,1276,1448,1564,1624,1575,1713,1754,1793,1767,1697,1691,1722
TLI5,Outer London - East and North East,P (85),Education,1092,1157,1261,1374,1464,1590,1684,1785,1859,1947,1993,2027,2058,2184,2281,2232,2223,2284,2150,2227,2343,2519,2364,2470,2786
TLI5,Outer London - East and North East,86,Human health activities,800,879,952,1063,1164,1208,1353,1475,1669,1615,1573,1688,1663,1657,1786,1747,1788,1874,1967,2131,1943,2189,2202,2422,2698
TLI5,Outer London - East and North East,87,Residential care activities,124,121,137,142,144,197,207,205,244,244,281,284,300,370,387,360,343,342,413,408,424,502,501,437,521
TLI5,Outer London - East and North East,88,Social work activities,143,142,153,169,190,198,225,248,286,311,344,306,317,299,373,386,430,453,518,595,614,522,496,606,644
TLI5,Outer London - East and North East,90,"Creative, arts and entertainment activities",60,69,85,82,103,91,84,102,104,101,103,99,107,126,142,177,195,201,204,212,224,238,169,204,266
TLI5,Outer London - East and North East,91,"Libraries, archives, museums and other cultural activities",12,16,15,18,22,24,29,32,37,33,29,23,27,30,29,34,35,31,27,31,28,31,19,23,26
TLI5,Outer London - East and North East,92,Gambling and betting activities,105,111,82,88,91,111,105,117,119,158,156,127,113,125,77,61,62,62,39,43,35,37,43,108,124
TLI5,Outer London - East and North East,93,"Sports, amusement and recreation activities",73,83,84,100,113,144,157,178,180,149,163,162,139,141,172,169,148,169,186,209,229,256,213,197,248
TLI5,Outer London - East and North East,94,Activities of membership organisations,80,76,84,80,76,74,82,88,101,102,107,116,116,106,103,82,84,74,66,72,74,79,88,106,133
TLI5,Outer London - East and North East,95,"Repair of computers, personal and household goods",38,32,31,29,31,29,36,37,43,36,38,35,28,35,34,43,52,39,48,46,48,40,32,22,15
TLI5,Outer London - East and North East,96,Other personal service activities,230,235,251,258,292,290,297,309,326,343,362,399,392,409,417,453,424,453,508,478,506,506,481,402,500
TLI5,Outer London - East and North East,T (97-98),Activities of households,38,43,42,36,27,24,30,33,35,37,44,40,72,81,73,73,99,117,147,158,173,178,152,103,79
TLI6,Outer London - South,1,Agriculture and hunting,4,4,4,5,5,4,3,3,3,3,2,2,4,4,4,4,5,6,5,5,5,5,5,4,4
TLI6,Outer London - South,2-3,Forestry and fishing,0,1,1,1,0,1,1,1,1,1,2,2,2,4,6,6,6,7,5,6,5,6,6,6,6
TLI6,Outer London - South,B (5-9),Mining and quarrying,3,2,3,3,3,5,5,5,7,6,6,3,4,4,6,6,3,2,2,1,1,2,3,2,2
TLI6,Outer London - South,10,Manufacture of food products,87,93,98,106,110,106,110,110,113,113,103,101,103,86,68,63,58,50,43,40,51,57,40,59,72
TLI6,Outer London - South,11-12,Manufacture of beverages and tobacco products,0,0,0,0,0,0,0,0,0,0,0,1,1,1,1,1,0,0,0,1,1,1,2,4,3
TLI6,Outer London - South,13,Manufacture of textiles,13,14,14,12,14,14,12,13,13,14,14,18,20,18,25,21,18,19,21,19,19,16,14,8,10
TLI6,Outer London - South,14-15,Manufacture of wearing apparel and leather products,18,18,16,13,13,12,13,13,12,11,8,9,14,10,12,10,14,19,12,22,21,18,19,20,19
TLI6,Outer London - South,16-17,Manufacture of wood and paper products,23,23,22,21,22,23,22,20,16,19,19,14,19,21,27,25,23,19,19,19,15,17,27,26,31
TLI6,Outer London - South,18,Printing and reproduction of recorded media,131,127,126,125,130,127,115,124,134,128,116,102,97,82,77,84,72,56,73,86,78,81,78,64,71
TLI6,Outer London - South,CD-CF (19-21),"Manufacture of petroleum, chemicals and pharmaceuticals",385,395,375,317,256,215,185,179,188,145,107,58,50,46,45,50,59,63,69,60,53,63,78,135,107
TLI6,Outer London - South,22,Manufacture of rubber and plastic products,38,45,41,43,40,40,40,40,37,34,33,34,38,41,37,44,42,48,41,36,43,41,35,36,41
TLI6,Outer London - South,23,Manufacture of other non-metallic mineral products,14,13,14,13,15,15,15,16,17,17,16,15,16,16,14,12,11,13,11,12,10,12,6,10,12
TLI6,Outer London - South,24,Manufacture of basic metals,7,7,10,12,11,12,11,11,7,8,8,4,2,0,0,0,0,0,1,1,1,1,1,1,2
TLI6,Outer London - South,25,Manufacture of fabricated metal products,82,87,90,92,96,97,78,77,70,64,61,48,54,59,61,66,68,72,62,59,69,66,97,77,89
TLI6,Outer London - South,CI (26),"Manufacture of computer, electronic and optical products",153,110,98,99,87,77,95,89,103,97,89,83,87,51,53,47,45,48,47,55,61,57,25,35,42
TLI6,Outer London - South,CJ (27),Manufacture of electrical equipment,89,89,88,78,62,62,64,56,56,52,46,38,36,35,37,35,38,42,36,42,34,28,12,15,13
TLI6,Outer London - South,CK (28),Manufacture of machinery and equipment,64,67,57,51,39,37,38,38,38,36,35,22,26,30,26,25,23,20,21,20,23,20,28,15,12
TLI6,Outer London - South,29,Manufacture of motor vehicles,8,6,5,3,2,2,3,2,3,4,4,3,5,5,5,7,7,5,7,7,7,6,2,7,8
TLI6,Outer London - South,30,Manufacture of other transport equipment,6,8,9,9,10,9,10,10,10,7,5,4,4,5,5,6,6,6,7,7,9,9,16,16,16
TLI6,Outer London - South,31,Manufacture of furniture,27,29,28,28,26,25,22,24,23,26,21,18,16,17,18,18,18,16,15,17,14,13,7,6,6
TLI6,Outer London - South,32,Other manufacturing,58,63,53,52,50,49,47,47,46,50,45,42,33,35,41,35,29,27,32,40,39,43,36,38,42
TLI6,Outer London - South,33,Repair and installation of machinery and equipment,47,53,51,29,29,20,20,22,31,32,39,38,40,46,51,50,50,39,45,45,46,56,71,101,109
TLI6,Outer London - South,D (35),"Electricity, gas, steam and air conditioning supply",113,127,139,161,166,171,179,168,205,183,130,141,113,83,109,136,149,145,160,183,199,253,287,117,119
TLI6,Outer London - South,E (36-39),Water supply; sewerage and waste management,95,92,124,139,140,157,154,194,202,224,250,269,280,283,274,282,272,228,213,230,210,203,190,135,135
TLI6,Outer London - South,41,Construction of buildings,281,325,338,388,456,513,511,497,504,541,608,450,492,615,627,642,716,792,850,911,1079,1030,829,816,898
TLI6,Outer London - South,42,Civil engineering,265,290,312,324,310,282,302,346,366,436,451,408,378,357,371,356,403,334,379,452,450,389,292,166,185
TLI6,Outer London - South,43,Specialised construction activities,582,629,680,711,735,802,815,895,995,1112,1122,902,991,971,1083,1091,1131,1141,1131,1295,1165,1345,1144,1292,1441
TLI6,Outer London - South,45,Motor trades,330,368,377,381,331,360,323,347,359,392,366,240,302,301,257,252,313,321,277,290,283,297,287,135,164
TLI6,Outer London - South,46,Wholesale trade,568,518,561,572,508,550,587,631,664,700,709,775,781,803,939,904,930,751,618,763,907,862,708,557,599
TLI6,Outer London - South,47,Retail trade,1542,1625,1624,1597,1694,1708,1754,1807,1945,1972,1879,1850,1824,1694,1673,1773,1875,1823,1818,1798,1576,1793,1694,1533,1669
TLI6,Outer London - South,49,Land transport,420,440,464,435,430,447,464,517,487,518,518,480,558,597,599,594,645,610,716,809,802,863,329,404,685
TLI6,Outer London - South,50-51,Water and air transport,32,35,39,34,30,31,39,39,33,31,35,23,27,35,42,46,45,46,45,44,39,40,79,39,48
TLI6,Outer London - South,52,Warehousing and transport support activities,211,194,218,232,239,251,244,229,268,280,292,255,281,300,268,244,268,210,192,167,156,175,186,195,236
TLI6,Outer London - South,53,Postal and courier activities,153,164,173,170,160,192,186,193,194,189,194,191,192,177,219,257,240,258,244,206,219,254,283,237,267
TLI6,Outer London - South,55,Accommodation,41,48,52,54,52,64,63,74,80,87,87,78,76,76,71,83,88,107,113,123,138,142,66,67,108
TLI6,Outer London - South,56,Food and beverage service activities,393,404,397,447,474,503,517,525,502,528,561,467,522,534,510,517,520,530,599,656,684,804,445,1100,1498
TLI6,Outer London - South,58,Publishing activities,351,368,378,350,357,349,355,339,328,364,348,335,331,347,368,393,428,378,396,290,285,266,198,240,257
TLI6,Outer London - South,59-60,"Film and TV production, programming and broadcasting",48,57,70,69,73,74,75,83,100,116,109,100,92,79,82,82,87,104,123,128,136,129,141,129,145
TLI6,Outer London - South,61,Telecommunications,461,478,538,554,636,616,593,567,591,643,587,473,416,456,456,460,433,402,461,540,533,458,258,196,188
TLI6,Outer London - South,62,Computer programming and consultancy,440,461,524,504,518,570,564,634,676,810,827,759,716,718,730,658,682,618,688,803,663,816,879,823,1062
TLI6,Outer London - South,63,Information service activities,107,109,125,115,97,84,82,79,87,109,94,90,103,64,57,59,68,64,51,39,52,57,39,50,38
TLI6,Outer London - South,64,Financial service activities,794,778,576,477,586,601,675,681,959,858,680,764,670,525,469,488,392,449,431,608,574,559,639,706,680
TLI6,Outer London - South,65,Insurance and pension funding,594,621,639,658,620,637,695,913,731,786,584,766,542,529,545,355,527,341,406,185,142,335,373,346,307
TLI6,Outer London - South,66,Activities auxiliary to finance and insurance,197,204,223,276,295,321,283,211,242,438,515,518,558,502,529,766,875,973,1078,1067,1051,936,863,1101,1099
TLI6,Outer London - South,68IMP,Owner-occupiers' imputed rental,2364,2713,2878,3112,3154,3464,3675,3865,3894,4308,4441,3519,3530,3494,3994,4226,4662,5227,5396,4987,5533,5259,5159,5379,5676
TLI6,Outer London - South,68,"Real estate activities, excluding imputed rental",638,672,708,771,867,938,944,1072,1092,1244,1370,1332,1538,1633,1850,1993,2117,2261,2420,2381,2608,2687,2569,2559,2520
TLI6,Outer London - South,69,Legal and accounting activities,318,352,352,351,370,410,432,440,475,471,427,447,472,468,417,432,473,515,551,526,606,625,463,505,544
TLI6,Outer London - South,70,Head offices and management consultancy,240,230,281,302,300,366,359,375,397,418,528,547,574,515,548,587,645,608,702,684,660,692,551,599,657
TLI6,Outer London - South,71,Architectural and engineering activities,230,237,261,271,287,317,341,314,362,377,345,294,315,304,328,373,403,424,443,423,375,404,449,486,521
TLI6,Outer London - South,72,Scientific research and development,23,30,32,34,38,39,40,44,41,46,48,33,20,2,2,1,2,1,2,2,4,4,10,6,7
TLI6,Outer London - South,73,Advertising and market research,83,93,111,117,120,138,146,158,171,164,124,117,146,167,187,187,184,231,196,241,306,252,252,290,351
TLI6,Outer London - South,74,"Other professional, scientific and technical activities",114,120,135,142,150,142,152,171,177,196,196,190,183,205,199,235,262,254,275,294,261,290,260,271,307
TLI6,Outer London - South,75,Veterinary activities,12,16,17,16,16,17,15,21,21,24,25,29,30,35,42,45,44,45,54,53,70,55,42,40,42
TLI6,Outer London - South,77,Rental and leasing activities,171,174,191,210,206,189,180,212,207,219,202,185,181,148,134,148,156,162,154,149,153,172,195,195,187
TLI6,Outer London - South,78,Employment activities,455,500,534,564,559,634,778,781,818,909,1002,930,952,816,653,621,601,595,663,796,838,941,676,517,508
TLI6,Outer London - South,79,Travel agency and tour operator activities,129,126,121,121,138,129,108,110,101,111,110,118,144,281,453,509,623,644,648,521,545,468,435,289,592
TLI6,Outer London - South,80,Security and investigation activities,81,75,84,91,89,89,87,88,101,126,126,123,119,120,125,102,99,81,67,92,72,63,140,198,151
TLI6,Outer London - South,81,Services to buildings and landscape activities,146,151,156,173,176,170,185,169,161,174,178,169,185,200,201,234,211,252,253,268,259,290,200,187,235
TLI6,Outer London - South,82,Office administration and business support activities,200,197,207,246,255,225,213,226,238,257,235,213,241,243,296,334,351,340,380,320,363,382,373,427,370
TLI6,Outer London - South,O (84),Public administration and defence,661,732,737,708,751,878,1043,1122,1231,1117,1105,1096,1061,1086,1154,1083,1210,1200,1269,1368,1429,1385,1445,1519,1729
TLI6,Outer London - South,P (85),Education,764,823,926,1032,1110,1192,1261,1344,1385,1492,1666,1920,1921,2041,2034,1861,1964,1923,1927,1947,2030,2222,2054,2166,2026
TLI6,Outer London - South,86,Human health activities,640,704,775,878,964,995,1123,1238,1396,1350,1366,1372,1273,1294,1371,1433,1462,1550,1699,1704,1701,1764,1810,1962,1966
TLI6,Outer London - South,87,Residential care activities,187,180,201,197,201,264,282,280,333,330,380,382,347,421,387,354,343,321,368,369,418,475,377,323,309
TLI6,Outer London - South,88,Social work activities,115,116,124,137,154,158,178,196,222,244,266,240,256,238,300,331,322,339,367,379,421,428,446,518,521
TLI6,Outer London - South,90,"Creative, arts and entertainment activities",78,88,106,102,128,114,105,128,128,128,132,132,160,166,174,209,209,212,208,217,236,272,155,223,277
TLI6,Outer London - South,91,"Libraries, archives, museums and other cultural activities",9,11,10,12,15,17,20,22,25,23,20,15,12,13,16,15,14,11,11,11,10,10,6,9,8
TLI6,Outer London - South,92,Gambling and betting activities,72,75,54,59,61,74,72,78,78,107,107,86,64,60,35,32,43,43,26,27,22,26,52,44,49
TLI6,Outer London - South,93,"Sports, amusement and recreation activities",89,100,100,119,134,174,187,212,223,180,199,196,205,232,227,226,221,227,262,308,335,400,255,328,333
TLI6,Outer London - South,94,Activities of membership organisations,157,148,162,153,145,141,153,164,188,193,189,202,181,201,215,192,166,176,142,147,133,149,84,177,169
TLI6,Outer London - South,95,"Repair of computers, personal and household goods",25,22,21,19,21,20,24,25,29,24,26,29,26,34,30,38,44,32,39,35,39,34,26,24,27
TLI6,Outer London - South,96,Other personal service activities,243,249,264,272,314,308,310,322,336,344,365,396,388,372,384,403,369,346,393,376,376,370,370,298,387
TLI6,Outer London - South,T (97-98),Activities of households,36,41,41,35,26,23,28,32,34,36,43,41,67,73,64,59,77,90,125,137,152,147,131,135,124
TLI7,Outer London - West and North West,1,Agriculture and hunting,4,4,4,5,4,3,3,3,3,3,3,4,3,3,3,3,3,3,2,3,3,2,2,3,5
TLI7,Outer London - West and North West,2-3,Forestry and fishing,2,1,1,2,1,1,1,1,1,1,2,3,2,3,4,5,5,6,4,5,5,6,6,5,6
TLI7,Outer London - West and North West,B (5-9),Mining and quarrying,18,12,17,18,14,28,24,25,39,21,24,19,18,17,23,20,18,19,17,12,15,16,21,12,14
TLI7,Outer London - West and North West,10,Manufacture of food products,602,670,692,756,793,722,736,764,798,838,843,729,739,734,830,935,892,820,875,856,978,1055,787,858,841
TLI7,Outer London - West and North West,11-12,Manufacture of beverages and tobacco products,0,0,10,13,16,10,8,7,7,2,1,314,315,351,347,356,379,367,298,396,496,508,392,588,731
TLI7,Outer London - West and North West,13,Manufacture of textiles,20,23,23,21,24,24,20,22,22,26,24,29,31,23,33,37,29,26,33,35,31,37,27,14,16
TLI7,Outer London - West and North West,14-15,Manufacture of wearing apparel and leather products,98,100,90,73,69,59,62,61,57,58,33,28,41,29,36,33,42,51,34,48,55,51,31,48,54
TLI7,Outer London - West and North West,16-17,Manufacture of wood and paper products,91,91,88,81,90,92,84,73,54,68,77,71,77,82,85,61,57,45,45,36,30,28,55,44,49
TLI7,Outer London - West and North West,18,Printing and reproduction of recorded media,159,153,153,151,156,151,138,149,164,158,153,153,130,151,155,162,150,116,117,137,143,108,99,95,101
TLI7,Outer London - West and North West,CD-CF (19-21),"Manufacture of petroleum, chemicals and pharmaceuticals",527,686,709,650,644,510,424,407,481,330,229,219,215,161,154,192,152,183,214,191,182,236,304,355,437
TLI7,Outer London - West and North West,22,Manufacture of rubber and plastic products,106,125,117,122,119,113,114,112,104,97,81,80,89,101,96,112,108,119,101,111,141,155,182,123,120
TLI7,Outer London - West and North West,23,Manufacture of other non-metallic mineral products,45,43,45,43,47,48,50,52,54,58,57,50,58,63,54,51,56,77,76,68,61,71,86,86,82
TLI7,Outer London - West and North West,24,Manufacture of basic metals,94,100,128,143,138,146,127,134,94,112,150,116,123,91,102,87,96,90,75,69,80,59,49,41,27
TLI7,Outer London - West and North West,25,Manufacture of fabricated metal products,137,151,141,145,156,149,119,117,112,99,84,78,88,97,115,140,152,143,117,123,131,137,182,164,185
TLI7,Outer London - West and North West,CI (26),"Manufacture of computer, electronic and optical products",313,242,230,247,212,172,203,193,222,213,209,230,246,186,161,165,152,161,174,156,176,177,120,129,157
TLI7,Outer London - West and North West,CJ (27),Manufacture of electrical equipment,104,105,104,93,74,73,75,66,66,62,57,52,56,61,64,67,77,84,77,75,64,50,30,34,33
TLI7,Outer London - West and North West,CK (28),Manufacture of machinery and equipment,198,213,183,165,130,121,125,122,120,117,112,65,70,85,76,84,97,102,108,133,157,118,129,67,59
TLI7,Outer London - West and North West,29,Manufacture of motor vehicles,8,5,4,3,1,1,3,2,3,6,9,16,14,14,19,28,36,45,48,58,48,32,13,20,37
TLI7,Outer London - West and North West,30,Manufacture of other transport equipment,67,74,79,80,75,84,93,93,94,74,48,34,33,44,48,44,39,43,40,45,62,55,33,52,73
TLI7,Outer London - West and North West,31,Manufacture of furniture,55,58,55,57,50,51,45,47,45,51,48,40,43,49,64,62,64,70,71,82,90,80,46,35,37
TLI7,Outer London - West and North West,32,Other manufacturing,82,87,79,77,73,73,69,67,67,70,55,52,52,54,67,59,52,57,61,79,72,64,57,52,48
TLI7,Outer London - West and North West,33,Repair and installation of machinery and equipment,92,103,113,66,59,44,57,52,69,67,106,149,149,155,200,237,209,187,226,262,276,275,232,310,375
TLI7,Outer London - West and North West,D (35),"Electricity, gas, steam and air conditioning supply",74,81,85,93,98,106,108,107,155,153,191,257,202,165,194,173,194,176,172,150,184,257,418,287,286
TLI7,Outer London - West and North West,E (36-39),Water supply; sewerage and waste management,243,236,306,342,360,397,395,481,497,545,634,672,666,660,565,541,506,464,424,434,391,411,467,440,438
TLI7,Outer London - West and North West,41,Construction of buildings,684,789,827,941,1092,1226,1223,1208,1238,1336,1520,1265,1418,1595,1619,1790,2027,2475,2728,3083,3420,3345,2874,3068,3443
TLI7,Outer London - West and North West,42,Civil engineering,366,399,433,445,421,379,410,477,511,607,640,616,541,515,665,695,806,863,865,704,812,744,633,655,796
TLI7,Outer London - West and North West,43,Specialised construction activities,675,727,792,821,840,913,931,1036,1167,1303,1306,999,1103,1074,1150,1204,1269,1250,1303,1450,1518,1594,1236,1394,1576
TLI7,Outer London - West and North West,45,Motor trades,459,493,499,510,453,484,432,459,477,532,500,372,531,561,576,505,555,553,429,551,460,532,352,625,700
TLI7,Outer London - West and North West,46,Wholesale trade,3038,2963,3030,3091,2799,2994,3176,3374,3565,3570,3486,2775,2660,2527,2796,2868,3381,3371,3213,3629,3377,3934,2883,2622,2528
TLI7,Outer London - West and North West,47,Retail trade,2005,2132,2129,2096,2271,2262,2303,2346,2534,2633,2520,2663,2504,2333,2488,2758,2946,3104,3046,2844,2889,2900,3089,2379,2588
TLI7,Outer London - West and North West,49,Land transport,601,641,731,675,624,700,722,813,777,855,933,1006,1081,1178,1275,1346,1472,1549,1594,1658,1611,1830,1153,1346,1401
TLI7,Outer London - West and North West,50-51,Water and air transport,2364,2499,2463,2247,2234,2329,2509,2636,2347,2183,2015,1234,1586,1635,1379,1544,1911,2203,2376,2554,2476,2829,686,614,1924
TLI7,Outer London - West and North West,52,Warehousing and transport support activities,1026,953,1169,1253,1298,1328,1223,1027,1165,1287,1502,1401,1534,1839,1979,2032,2287,2162,2230,2309,2261,2391,1155,1357,1487
TLI7,Outer London - West and North West,53,Postal and courier activities,320,348,396,378,373,448,433,458,460,456,530,522,509,484,597,677,635,600,605,693,652,721,942,696,616
TLI7,Outer London - West and North West,55,Accommodation,128,149,163,168,163,201,201,233,251,272,274,198,210,209,199,241,280,289,382,430,526,526,150,326,591
TLI7,Outer London - West and North West,56,Food and beverage service activities,738,757,741,837,896,951,982,994,947,994,1063,1057,1194,1351,1333,1363,1473,1423,1369,1575,1560,1605,1124,1438,1834
TLI7,Outer London - West and North West,58,Publishing activities,330,333,335,303,307,312,318,292,251,270,244,223,216,225,233,265,328,283,300,290,284,251,227,274,257
TLI7,Outer London - West and North West,59-60,"Film and TV production, programming and broadcasting",949,1268,1529,1644,1781,1557,1520,1832,2672,3172,3650,3943,4252,4131,4502,4512,4774,4976,5073,4344,4184,4241,2975,2797,3446
TLI7,Outer London - West and North West,61,Telecommunications,726,723,798,803,918,925,900,822,762,805,691,485,432,458,465,498,558,488,695,777,763,764,606,508,541
TLI7,Outer London - West and North West,62,Computer programming and consultancy,932,918,1022,961,981,1124,1111,1204,1142,1323,1287,1062,955,1077,1149,1075,1312,1177,1610,1922,2080,2080,2033,1344,1245
TLI7,Outer London - West and North West,63,Information service activities,358,353,395,356,300,270,261,243,238,290,236,212,205,199,204,222,258,221,210,189,182,174,208,228,346
TLI7,Outer London - West and North West,64,Financial service activities,1352,1355,1100,966,1117,1144,1297,1354,1754,1710,1270,1375,1250,1016,957,901,787,947,1056,863,797,848,1008,860,763
TLI7,Outer London - West and North West,65,Insurance and pension funding,97,103,112,124,110,114,120,169,130,141,119,151,110,113,123,76,94,56,43,65,69,83,73,54,30
TLI7,Outer London - West and North West,66,Activities auxiliary to finance and insurance,89,96,109,155,151,171,145,112,136,232,290,292,303,311,346,472,536,558,555,730,735,698,655,762,957
TLI7,Outer London - West and North West,68IMP,Owner-occupiers' imputed rental,3893,4506,4760,5060,5131,5630,5915,6129,6271,6967,7148,5903,5787,5865,6822,7305,8077,8997,9092,8561,9142,8718,8736,9184,9717
TLI7,Outer London - West and North West,68,"Real estate activities, excluding imputed rental",1161,1224,1285,1374,1554,1661,1652,1851,1907,2168,2410,2372,2710,2931,3344,3627,3853,4334,4502,4473,4737,4916,4811,4723,4703
TLI7,Outer London - West and North West,69,Legal and accounting activities,489,530,526,526,551,612,613,649,719,722,672,667,717,682,658,715,806,931,1004,890,953,1018,805,1110,1190
TLI7,Outer London - West and North West,70,Head offices and management consultancy,342,320,388,420,414,506,495,513,546,570,753,847,810,1055,1115,1311,1409,1362,1602,1809,1693,1543,1109,1282,1503
TLI7,Outer London - West and North West,71,Architectural and engineering activities,387,390,426,445,467,518,555,506,587,606,580,549,432,399,393,428,503,541,614,651,706,619,335,375,394
TLI7,Outer London - West and North West,72,Scientific research and development,337,425,452,487,538,559,562,615,570,633,701,605,299,166,96,57,49,45,46,40,40,36,24,24,22
TLI7,Outer London - West and North West,73,Advertising and market research,458,500,592,599,640,737,778,795,910,867,748,770,976,1143,1260,1247,1134,1245,1059,1022,961,881,801,919,836
TLI7,Outer London - West and North West,74,"Other professional, scientific and technical activities",182,187,210,221,232,220,235,261,272,299,312,313,352,372,372,432,499,470,506,531,504,671,549,613,663
TLI7,Outer London - West and North West,75,Veterinary activities,20,25,26,24,24,26,23,32,31,33,28,29,36,35,42,47,50,54,59,53,68,60,50,51,59
TLI7,Outer London - West and North West,77,Rental and leasing activities,605,626,681,743,729,686,674,737,767,856,832,854,870,769,645,714,737,789,673,649,686,830,430,430,625
TLI7,Outer London - West and North West,78,Employment activities,309,343,366,383,380,441,558,558,602,662,697,652,701,710,704,888,988,1080,1047,1093,1278,1289,1117,1245,1285
TLI7,Outer London - West and North West,79,Travel agency and tour operator activities,188,186,178,177,201,193,167,169,153,163,164,166,211,240,266,336,428,499,527,409,321,309,278,146,355
TLI7,Outer London - West and North West,80,Security and investigation activities,91,86,95,110,100,103,105,105,119,141,146,155,157,179,190,209,220,225,213,208,225,226,116,155,151
TLI7,Outer London - West and North West,81,Services to buildings and landscape activities,133,140,144,158,160,160,179,163,154,165,182,189,214,254,244,305,327,401,412,527,398,366,302,283,311
TLI7,Outer London - West and North West,82,Office administration and business support activities,428,425,446,527,544,503,493,523,544,585,527,495,519,560,675,845,1018,1147,1296,1135,1151,1049,1001,1090,1018
TLI7,Outer London - West and North West,O (84),Public administration and defence,965,1074,1083,1133,1201,1383,1560,1713,1845,1693,1757,1770,1638,1711,1889,1871,1902,1850,1998,2072,2151,2241,2222,2170,2358
TLI7,Outer London - West and North West,P (85),Education,1154,1267,1465,1694,1805,1924,2032,2148,2248,2390,2685,2922,3024,3242,3305,3205,3428,3384,3252,3384,3371,3574,3638,3607,3755
TLI7,Outer London - West and North West,86,Human health activities,860,944,1041,1169,1285,1332,1505,1658,1865,1823,1796,1963,1971,1979,2105,2303,2356,2325,2696,2734,2746,2759,2885,2956,3023
TLI7,Outer London - West and North West,87,Residential care activities,177,175,198,203,206,279,291,289,342,344,390,360,343,433,429,408,412,430,423,400,450,540,541,517,465
TLI7,Outer London - West and North West,88,Social work activities,160,160,172,189,212,219,247,272,314,316,326,267,270,278,355,423,420,410,461,557,632,679,732,752,713
TLI7,Outer London - West and North West,90,"Creative, arts and entertainment activities",214,239,274,263,315,285,268,312,323,334,340,331,314,345,357,449,506,515,489,458,476,539,473,478,525
TLI7,Outer London - West and North West,91,"Libraries, archives, museums and other cultural activities",37,41,40,46,52,65,76,85,94,85,86,79,76,82,89,101,111,99,118,133,149,134,72,117,145
TLI7,Outer London - West and North West,92,Gambling and betting activities,37,37,26,28,27,34,29,35,36,51,51,59,63,70,46,39,39,42,38,40,34,40,81,170,204
TLI7,Outer London - West and North West,93,"Sports, amusement and recreation activities",129,142,135,160,172,225,250,272,294,246,269,290,378,411,427,419,479,530,615,645,598,705,443,437,512
TLI7,Outer London - West and North West,94,Activities of membership organisations,101,97,106,102,97,94,103,111,129,131,137,152,147,145,144,109,107,97,77,95,108,116,72,96,88
TLI7,Outer London - West and North West,95,"Repair of computers, personal and household goods",85,73,72,64,70,66,78,82,102,82,87,84,87,106,92,98,107,82,92,86,90,72,55,43,50
TLI7,Outer London - West and North West,96,Other personal service activities,344,352,376,388,439,431,437,456,477,497,523,562,547,587,592,618,613,656,716,756,867,858,612,659,787
TLI7,Outer London - West and North West,T (97-98),Activities of households,62,70,69,59,45,38,49,55,58,61,73,66,119,135,122,120,160,194,244,265,285,297,218,168,187
TLJ1,"Berkshire, Buckinghamshire and Oxfordshire",1,Agriculture and hunting,174,177,167,127,226,217,175,134,162,180,252,223,206,256,238,238,298,256,247,248,251,277,246,335,423
TLJ1,"Berkshire, Buckinghamshire and Oxfordshire",2-3,Forestry and fishing,11,11,10,14,16,14,13,13,14,13,15,18,13,18,22,22,26,31,22,30,27,35,33,30,28
TLJ1,"Berkshire, Buckinghamshire and Oxfordshire",B (5-9),Mining and quarrying,52,54,68,83,76,77,73,90,108,97,90,84,81,72,90,94,89,91,66,55,69,80,74,71,80
TLJ1,"Berkshire, Buckinghamshire and Oxfordshire",10,Manufacture of food products,839,900,925,876,847,825,869,846,786,778,784,644,666,805,748,833,812,808,842,944,907,806,841,798,882
TLJ1,"Berkshire, Buckinghamshire and Oxfordshire",11-12,Manufacture of beverages and tobacco products,99,122,128,113,115,105,96,92,87,77,95,85,83,100,100,104,103,94,119,159,179,163,52,44,46
TLJ1,"Berkshire, Buckinghamshire and Oxfordshire",13,Manufacture of textiles,22,21,21,24,26,26,27,26,24,31,21,24,18,13,18,21,25,27,28,45,44,53,47,51,70
TLJ1,"Berkshire, Buckinghamshire and Oxfordshire",14-15,Manufacture of wearing apparel and leather products,33,30,27,26,23,15,19,16,14,15,12,13,15,11,15,16,30,31,22,31,33,31,29,31,29
TLJ1,"Berkshire, Buckinghamshire and Oxfordshire",16-17,Manufacture of wood and paper products,184,200,161,163,163,147,161,171,141,156,103,85,101,115,127,115,128,139,159,130,149,172,206,196,208
TLJ1,"Berkshire, Buckinghamshire and Oxfordshire",18,Printing and reproduction of recorded media,243,267,266,297,267,254,285,306,323,344,362,350,270,252,225,242,245,241,274,234,269,307,170,173,167
TLJ1,"Berkshire, Buckinghamshire and Oxfordshire",CD-CF (19-21),"Manufacture of petroleum, chemicals and pharmaceuticals",1133,1158,1353,1199,1258,1309,1181,1231,1166,992,1098,1131,1178,1260,1138,1327,1364,1343,1457,1701,1644,1633,1503,1608,1583
TLJ1,"Berkshire, Buckinghamshire and Oxfordshire",22,Manufacture of rubber and plastic products,258,245,266,293,273,285,263,220,202,265,272,277,236,192,192,247,241,243,258,217,225,281,255,269,275
TLJ1,"Berkshire, Buckinghamshire and Oxfordshire",23,Manufacture of other non-metallic mineral products,91,92,104,104,117,124,118,120,107,112,63,44,53,54,63,77,97,110,92,98,105,102,80,121,129
TLJ1,"Berkshire, Buckinghamshire and Oxfordshire",24,Manufacture of basic metals,119,109,111,118,109,124,81,100,59,73,51,26,30,42,30,33,39,37,44,45,52,54,75,59,43
TLJ1,"Berkshire, Buckinghamshire and Oxfordshire",25,Manufacture of fabricated metal products,662,568,560,536,582,621,492,603,630,666,719,631,684,652,780,881,841,826,824,861,961,1135,1138,1035,977
TLJ1,"Berkshire, Buckinghamshire and Oxfordshire",CI (26),"Manufacture of computer, electronic and optical products",1048,853,838,837,892,743,808,724,797,785,876,827,880,994,1004,914,770,705,730,903,903,921,959,898,945
TLJ1,"Berkshire, Buckinghamshire and Oxfordshire",CJ (27),Manufacture of electrical equipment,213,209,233,218,228,224,207,188,161,185,174,181,183,137,129,149,169,173,170,185,212,236,183,280,336
TLJ1,"Berkshire, Buckinghamshire and Oxfordshire",CK (28),Manufacture of machinery and equipment,666,675,607,561,546,537,522,549,508,455,360,298,346,411,477,487,493,432,417,492,551,590,565,585,544
TLJ1,"Berkshire, Buckinghamshire and Oxfordshire",29,Manufacture of motor vehicles,235,169,190,186,324,374,346,347,332,293,395,307,375,406,443,497,563,553,610,638,605,635,467,663,1001
TLJ1,"Berkshire, Buckinghamshire and Oxfordshire",30,Manufacture of other transport equipment,91,124,122,108,119,145,158,157,167,149,173,122,93,146,142,116,108,119,119,109,156,181,237,183,235
TLJ1,"Berkshire, Buckinghamshire and Oxfordshire",31,Manufacture of furniture,208,207,198,203,181,159,146,157,173,200,165,151,150,127,112,123,151,156,156,129,130,136,112,118,117
TLJ1,"Berkshire, Buckinghamshire and Oxfordshire",32,Other manufacturing,144,149,144,165,161,173,171,201,191,216,207,241,254,239,283,243,292,324,329,298,365,415,469,472,501
TLJ1,"Berkshire, Buckinghamshire and Oxfordshire",33,Repair and installation of machinery and equipment,209,224,199,182,215,189,172,180,199,216,255,317,354,305,349,371,384,331,341,414,446,386,476,386,361
TLJ1,"Berkshire, Buckinghamshire and Oxfordshire",D (35),"Electricity, gas, steam and air conditioning supply",545,569,563,521,542,644,690,791,885,895,920,1245,964,764,973,992,1095,1125,908,1046,1137,1310,1994,1548,1542
TLJ1,"Berkshire, Buckinghamshire and Oxfordshire",E (36-39),Water supply; sewerage and waste management,616,547,615,635,660,910,908,1129,1139,1209,1342,1426,1369,1476,1606,1593,1940,1981,2021,1955,2066,2322,2432,2586,2950
TLJ1,"Berkshire, Buckinghamshire and Oxfordshire",41,Construction of buildings,628,766,912,1005,1099,1207,1193,1454,1380,1502,1307,998,1076,1194,1195,1365,1316,1484,1503,1586,1800,1973,2121,1649,1866
TLJ1,"Berkshire, Buckinghamshire and Oxfordshire",42,Civil engineering,358,430,473,537,526,527,546,580,575,651,704,735,693,749,880,980,918,947,822,996,1064,1049,909,1138,1403
TLJ1,"Berkshire, Buckinghamshire and Oxfordshire",43,Specialised construction activities,851,969,1054,1158,1168,1215,1207,1335,1449,1718,1915,1475,1533,1627,1585,1768,1909,2092,2219,2027,2029,2260,2650,2540,2980
TLJ1,"Berkshire, Buckinghamshire and Oxfordshire",45,Motor trades,1639,1620,2006,2629,3012,3330,2872,2866,3199,3535,3907,3158,3506,3659,3381,3074,3710,4322,3389,3109,3154,2966,1893,1470,1410
TLJ1,"Berkshire, Buckinghamshire and Oxfordshire",46,Wholesale trade,2938,3365,3154,3051,3085,3290,3095,3366,3361,3701,3879,3845,3929,4302,4901,4826,4782,4369,4622,5186,5356,6716,6574,7153,7471
TLJ1,"Berkshire, Buckinghamshire and Oxfordshire",47,Retail trade,2212,2409,2582,2719,2759,2785,2668,2724,2940,3004,3152,3157,3135,3100,3323,3448,3431,3255,3212,3251,3709,3755,4233,4685,5304
TLJ1,"Berkshire, Buckinghamshire and Oxfordshire",49,Land transport,525,628,650,662,646,652,650,678,771,770,688,649,690,710,686,727,784,858,879,851,815,770,610,679,874
TLJ1,"Berkshire, Buckinghamshire and Oxfordshire",50-51,Water and air transport,25,32,37,39,37,43,52,39,28,26,46,31,36,53,67,90,87,96,89,74,59,61,75,77,80
TLJ1,"Berkshire, Buckinghamshire and Oxfordshire",52,Warehousing and transport support activities,403,411,396,498,495,590,566,666,760,753,869,877,954,1043,1246,1301,1312,1227,1251,1255,1298,1428,1386,1393,1386
TLJ1,"Berkshire, Buckinghamshire and Oxfordshire",53,Postal and courier activities,304,338,376,385,389,434,423,469,507,456,467,499,481,542,595,631,541,537,555,650,748,775,958,944,1023
TLJ1,"Berkshire, Buckinghamshire and Oxfordshire",55,Accommodation,185,222,239,229,236,266,288,271,292,320,321,280,310,378,373,429,457,451,536,518,606,759,352,591,887
TLJ1,"Berkshire, Buckinghamshire and Oxfordshire",56,Food and beverage service activities,797,829,922,877,929,963,1086,1106,1166,1143,1111,1095,1115,1200,1227,1256,1203,1404,1455,1551,1724,1674,1078,1392,1822
TLJ1,"Berkshire, Buckinghamshire and Oxfordshire",58,Publishing activities,587,604,619,616,584,578,686,686,675,740,827,904,1160,1255,1313,1390,1467,1342,1334,1181,1161,1168,1464,1537,1396
TLJ1,"Berkshire, Buckinghamshire and Oxfordshire",59-60,"Film and TV production, programming and broadcasting",280,249,245,236,245,266,290,300,324,331,338,325,321,315,320,370,383,388,480,450,342,338,300,452,501
TLJ1,"Berkshire, Buckinghamshire and Oxfordshire",61,Telecommunications,2181,2786,3395,2978,2960,2883,3756,3966,4166,4065,4149,4330,4000,4403,4273,4258,4480,4462,4516,3891,4474,4686,5818,5655,6221
TLJ1,"Berkshire, Buckinghamshire and Oxfordshire",62,Computer programming and consultancy,2151,2321,2392,2569,2802,3552,3237,3621,3603,4134,4044,4082,4268,4579,4923,5048,5100,5298,5724,6498,6300,6789,6616,7456,8323
TLJ1,"Berkshire, Buckinghamshire and Oxfordshire",63,Information service activities,289,296,305,333,400,456,425,451,478,531,470,490,533,565,622,683,690,728,764,558,568,559,553,517,475
TLJ1,"Berkshire, Buckinghamshire and Oxfordshire",64,Financial service activities,769,801,691,693,810,912,1415,1516,1937,2027,1752,1924,1917,1900,1695,1616,1840,2263,1984,2084,1917,1744,1857,2130,2178
TLJ1,"Berkshire, Buckinghamshire and Oxfordshire",65,Insurance and pension funding,710,761,771,800,505,499,664,789,780,988,1022,1162,821,840,890,1104,1028,637,834,849,828,735,573,589,681
TLJ1,"Berkshire, Buckinghamshire and Oxfordshire",66,Activities auxiliary to finance and insurance,176,149,162,235,278,348,251,216,258,339,340,617,683,580,629,617,647,674,678,890,937,1066,1336,1634,1680
TLJ1,"Berkshire, Buckinghamshire and Oxfordshire",68IMP,Owner-occupiers' imputed rental,5379,5706,5857,5891,5855,5821,5931,6082,6379,6256,7087,6182,5997,6208,6637,6598,7125,7785,8521,8503,8970,9194,9000,9291,9744
TLJ1,"Berkshire, Buckinghamshire and Oxfordshire",68,"Real estate activities, excluding imputed rental",1001,1001,1072,1102,1318,1370,1284,1387,1419,1490,1653,1622,1739,2071,2336,2407,2642,2820,3005,3142,3031,3103,3450,3205,3303
TLJ1,"Berkshire, Buckinghamshire and Oxfordshire",69,Legal and accounting activities,535,640,707,675,634,729,708,820,880,827,897,1081,1228,1181,1048,1128,1150,1320,1442,1543,1606,1656,1566,1848,1967
TLJ1,"Berkshire, Buckinghamshire and Oxfordshire",70,Head offices and management consultancy,488,542,683,608,620,963,951,1016,1000,993,1026,955,961,982,958,1175,1356,1323,1332,1378,1422,1595,1788,1820,2230
TLJ1,"Berkshire, Buckinghamshire and Oxfordshire",71,Architectural and engineering activities,539,590,604,600,612,651,739,699,719,758,793,788,844,822,821,913,999,1044,983,1069,987,1011,1212,1172,1312
TLJ1,"Berkshire, Buckinghamshire and Oxfordshire",72,Scientific research and development,1117,1124,895,839,986,1081,1170,1171,1062,1164,1227,1023,1182,1247,1543,1613,2065,2413,2267,2599,3336,3326,3435,4356,4836
TLJ1,"Berkshire, Buckinghamshire and Oxfordshire",73,Advertising and market research,415,461,552,658,798,1012,1111,1116,1200,1092,935,906,942,994,928,900,851,964,823,868,933,987,1106,760,949
TLJ1,"Berkshire, Buckinghamshire and Oxfordshire",74,"Other professional, scientific and technical activities",214,243,283,295,299,279,280,337,351,331,340,314,331,352,363,418,465,465,545,464,449,470,534,587,588
TLJ1,"Berkshire, Buckinghamshire and Oxfordshire",75,Veterinary activities,51,55,65,70,73,74,67,83,105,114,116,126,129,127,125,145,129,144,155,167,187,164,226,245,275
TLJ1,"Berkshire, Buckinghamshire and Oxfordshire",77,Rental and leasing activities,1070,935,883,943,1033,1083,1049,1075,1018,1106,1161,1239,1215,1135,1087,1232,1341,1667,1611,1645,1718,1755,1468,1778,2003
TLJ1,"Berkshire, Buckinghamshire and Oxfordshire",78,Employment activities,498,559,618,626,603,685,655,680,694,727,815,826,850,942,942,1006,1063,1050,1055,1178,1264,1396,1306,1540,1692
TLJ1,"Berkshire, Buckinghamshire and Oxfordshire",79,Travel agency and tour operator activities,59,74,82,84,90,82,80,88,91,116,164,211,217,201,232,240,276,293,315,338,377,445,107,218,462
TLJ1,"Berkshire, Buckinghamshire and Oxfordshire",80,Security and investigation activities,53,63,71,74,72,94,95,104,108,118,101,88,80,100,113,127,139,167,195,220,251,260,252,244,270
TLJ1,"Berkshire, Buckinghamshire and Oxfordshire",81,Services to buildings and landscape activities,191,218,225,227,240,259,278,266,273,303,360,341,331,358,351,414,404,454,493,586,664,664,524,644,794
TLJ1,"Berkshire, Buckinghamshire and Oxfordshire",82,Office administration and business support activities,451,491,481,532,599,571,536,535,554,566,588,610,575,580,679,762,805,831,852,825,770,816,1057,1174,1079
TLJ1,"Berkshire, Buckinghamshire and Oxfordshire",O (84),Public administration and defence,2084,1793,1996,2111,2350,2401,2407,2613,2669,2978,3485,3441,3679,3634,3593,3489,3595,3782,3826,4001,4118,4358,4529,4365,5065
TLJ1,"Berkshire, Buckinghamshire and Oxfordshire",P (85),Education,2094,2330,2518,2797,2966,3200,3431,3449,3656,3970,4255,4435,4642,4746,4912,5084,5182,5285,5242,5440,5712,6220,6866,7378,8006
TLJ1,"Berkshire, Buckinghamshire and Oxfordshire",86,Human health activities,1061,1221,1318,1513,1675,1784,1886,2036,2057,2225,2398,2716,2908,2894,2869,2848,2929,3146,3164,3293,3464,3764,3928,4362,4547
TLJ1,"Berkshire, Buckinghamshire and Oxfordshire",87,Residential care activities,234,232,285,308,300,306,294,389,371,393,415,421,480,434,454,474,456,422,471,500,532,626,699,722,718
TLJ1,"Berkshire, Buckinghamshire and Oxfordshire",88,Social work activities,226,224,257,324,348,391,431,461,528,530,483,452,561,579,604,705,726,813,920,858,1005,1092,939,980,953
TLJ1,"Berkshire, Buckinghamshire and Oxfordshire",90,"Creative, arts and entertainment activities",127,116,129,135,166,159,177,175,183,213,209,198,199,228,247,262,226,252,230,262,281,252,284,265,320
TLJ1,"Berkshire, Buckinghamshire and Oxfordshire",91,"Libraries, archives, museums and other cultural activities",34,31,35,45,55,55,59,71,76,77,96,107,118,107,100,113,124,122,127,122,145,124,150,119,132
TLJ1,"Berkshire, Buckinghamshire and Oxfordshire",92,Gambling and betting activities,42,79,71,67,67,96,89,121,106,111,88,66,69,111,89,123,161,122,95,144,126,127,59,187,175
TLJ1,"Berkshire, Buckinghamshire and Oxfordshire",93,"Sports, amusement and recreation activities",273,261,275,330,425,500,528,547,535,484,518,487,461,537,522,522,600,616,650,723,802,879,648,826,901
TLJ1,"Berkshire, Buckinghamshire and Oxfordshire",94,Activities of membership organisations,125,109,126,136,178,194,257,263,267,287,148,181,187,178,204,250,255,296,292,294,212,196,178,305,373
TLJ1,"Berkshire, Buckinghamshire and Oxfordshire",95,"Repair of computers, personal and household goods",110,127,150,150,158,133,155,141,160,156,191,196,197,254,273,284,376,403,404,360,401,331,367,401,304
TLJ1,"Berkshire, Buckinghamshire and Oxfordshire",96,Other personal service activities,475,460,522,558,611,600,607,584,611,749,922,965,995,888,891,895,895,953,995,1166,1367,1524,1300,1163,1428
TLJ1,"Berkshire, Buckinghamshire and Oxfordshire",T (97-98),Activities of households,86,93,111,100,91,85,85,121,116,92,121,98,115,114,116,148,130,123,158,167,232,245,186,167,140
TLJ2,"Surrey, East and West Sussex",1,Agriculture and hunting,138,126,133,142,199,176,146,104,121,124,137,147,146,176,168,171,213,196,186,184,194,207,223,262,316
TLJ2,"Surrey, East and West Sussex",2-3,Forestry and fishing,15,16,19,23,22,24,26,29,27,30,34,38,31,42,47,45,55,55,42,56,50,67,70,61,66
TLJ2,"Surrey, East and West Sussex",B (5-9),Mining and quarrying,60,47,51,58,61,62,58,65,85,80,89,71,82,99,123,125,112,94,67,59,72,75,57,75,82
TLJ2,"Surrey, East and West Sussex",10,Manufacture of food products,326,343,357,322,302,265,227,239,238,232,228,220,242,238,261,300,269,254,248,243,270,248,332,329,337
TLJ2,"Surrey, East and West Sussex",11-12,Manufacture of beverages and tobacco products,43,48,54,68,63,63,58,64,61,55,45,28,11,10,11,10,13,14,15,22,23,20,25,43,51
TLJ2,"Surrey, East and West Sussex",13,Manufacture of textiles,26,30,28,26,30,30,24,23,25,32,27,30,24,17,25,29,34,35,47,70,70,81,97,46,44
TLJ2,"Surrey, East and West Sussex",14-15,Manufacture of wearing apparel and leather products,24,25,22,18,19,15,19,18,16,18,15,16,23,20,23,25,43,44,26,37,42,37,24,31,36
TLJ2,"Surrey, East and West Sussex",16-17,Manufacture of wood and paper products,112,119,120,124,149,157,141,114,75,88,87,63,76,79,99,84,92,112,132,99,122,148,161,171,174
TLJ2,"Surrey, East and West Sussex",18,Printing and reproduction of recorded media,217,201,208,197,199,202,185,203,216,250,291,287,230,220,217,222,217,216,267,211,258,236,140,146,171
TLJ2,"Surrey, East and West Sussex",CD-CF (19-21),"Manufacture of petroleum, chemicals and pharmaceuticals",900,1229,1275,1121,1334,1399,1245,1110,1103,1258,1228,873,988,1106,1055,1032,1036,1169,1380,1842,1934,1909,2132,1889,1417
TLJ2,"Surrey, East and West Sussex",22,Manufacture of rubber and plastic products,161,212,202,214,194,167,163,174,157,150,136,162,110,98,116,141,130,114,127,113,106,134,140,160,151
TLJ2,"Surrey, East and West Sussex",23,Manufacture of other non-metallic mineral products,114,135,148,149,158,169,174,199,195,195,142,163,124,101,111,113,130,150,169,172,189,157,129,120,130
TLJ2,"Surrey, East and West Sussex",24,Manufacture of basic metals,16,16,15,17,17,17,15,16,13,14,17,9,12,8,11,13,12,14,18,17,21,27,33,24,29
TLJ2,"Surrey, East and West Sussex",25,Manufacture of fabricated metal products,280,349,330,340,344,326,318,348,329,309,344,289,335,327,330,301,287,289,331,337,369,421,284,305,314
TLJ2,"Surrey, East and West Sussex",CI (26),"Manufacture of computer, electronic and optical products",644,608,546,530,622,596,726,579,677,612,797,799,983,1094,1063,1112,1073,1127,1367,1532,1439,1419,1445,1530,1531
TLJ2,"Surrey, East and West Sussex",CJ (27),Manufacture of electrical equipment,189,211,208,209,198,201,202,198,208,212,195,176,187,187,185,215,229,206,226,255,250,221,252,288,306
TLJ2,"Surrey, East and West Sussex",CK (28),Manufacture of machinery and equipment,388,381,414,401,378,394,405,393,453,485,437,348,631,606,666,761,603,462,442,439,516,568,553,527,533
TLJ2,"Surrey, East and West Sussex",29,Manufacture of motor vehicles,96,88,120,105,106,111,94,109,93,102,134,114,171,150,178,231,286,324,392,515,530,586,390,504,453
TLJ2,"Surrey, East and West Sussex",30,Manufacture of other transport equipment,137,138,149,130,130,143,125,141,154,139,149,131,141,171,179,152,160,163,155,175,208,208,241,174,125
TLJ2,"Surrey, East and West Sussex",31,Manufacture of furniture,156,155,174,187,171,170,143,157,164,174,157,134,137,105,96,111,121,125,96,85,78,96,99,105,106
TLJ2,"Surrey, East and West Sussex",32,Other manufacturing,215,248,236,224,251,256,245,277,302,301,281,193,187,190,200,189,234,263,217,186,224,258,231,210,214
TLJ2,"Surrey, East and West Sussex",33,Repair and installation of machinery and equipment,282,316,309,248,258,192,179,218,248,270,311,320,373,345,403,428,454,436,451,456,502,507,581,543,577
TLJ2,"Surrey, East and West Sussex",D (35),"Electricity, gas, steam and air conditioning supply",448,454,430,392,525,641,619,450,583,614,831,1179,954,900,1177,1279,1387,1603,1536,1667,1439,1437,1227,825,721
TLJ2,"Surrey, East and West Sussex",E (36-39),Water supply; sewerage and waste management,723,695,663,568,529,659,608,795,727,796,800,748,737,740,710,777,911,962,934,968,1091,1076,964,1086,1096
TLJ2,"Surrey, East and West Sussex",41,Construction of buildings,804,987,1082,1060,1349,1506,1537,1512,1534,1765,1685,1088,1294,1281,1249,1353,1482,1803,1804,2107,2128,2348,1521,1555,1848
TLJ2,"Surrey, East and West Sussex",42,Civil engineering,396,475,529,534,559,508,525,541,609,690,728,783,816,793,819,860,883,917,787,859,935,1020,1088,967,1116
TLJ2,"Surrey, East and West Sussex",43,Specialised construction activities,989,1125,1236,1322,1479,1408,1496,1658,1863,2089,2248,1980,1936,2047,1999,2134,2550,2664,2613,2517,2720,2974,2716,3403,3823
TLJ2,"Surrey, East and West Sussex",45,Motor trades,744,822,840,942,939,1025,999,1031,882,860,900,735,884,905,943,950,926,1126,1156,1304,1235,1480,908,1567,1944
TLJ2,"Surrey, East and West Sussex",46,Wholesale trade,2286,2242,2245,2270,2153,2161,2291,2201,2856,3016,2904,3036,3037,2962,2916,3133,3474,3608,3581,3729,3958,4427,4691,3962,4104
TLJ2,"Surrey, East and West Sussex",47,Retail trade,2466,2679,2642,2808,2819,2826,2987,3085,3045,2883,2926,3297,3512,3313,3411,3354,3365,3619,3532,3414,3886,3652,4017,4704,4913
TLJ2,"Surrey, East and West Sussex",49,Land transport,424,489,524,524,534,575,609,556,589,635,586,577,595,610,577,606,629,650,674,669,780,928,674,740,963
TLJ2,"Surrey, East and West Sussex",50-51,Water and air transport,731,746,709,640,650,635,611,628,620,602,653,439,482,479,447,475,535,646,720,773,748,901,351,560,1108
TLJ2,"Surrey, East and West Sussex",52,Warehousing and transport support activities,725,727,756,791,740,780,677,730,775,813,932,1000,1026,922,968,1000,1066,1068,1087,1134,1236,1273,719,835,850
TLJ2,"Surrey, East and West Sussex",53,Postal and courier activities,281,312,369,357,343,358,356,377,379,384,385,366,371,371,451,459,433,407,392,376,421,387,513,680,586
TLJ2,"Surrey, East and West Sussex",55,Accommodation,236,256,248,237,265,325,325,367,362,408,404,400,448,476,501,566,559,530,606,731,698,782,288,733,1118
TLJ2,"Surrey, East and West Sussex",56,Food and beverage service activities,820,873,958,914,955,1063,1057,1206,1182,1389,1414,1328,1366,1446,1372,1445,1546,1733,1871,1825,1889,2001,1625,1930,2567
TLJ2,"Surrey, East and West Sussex",58,Publishing activities,370,391,379,406,399,423,397,419,442,476,474,425,443,594,578,590,518,451,446,448,400,387,318,322,293
TLJ2,"Surrey, East and West Sussex",59-60,"Film and TV production, programming and broadcasting",71,72,111,136,144,163,155,163,168,171,200,217,225,246,246,295,319,358,309,232,223,225,248,418,494
TLJ2,"Surrey, East and West Sussex",61,Telecommunications,568,662,687,686,692,615,556,571,574,564,646,655,698,785,791,924,977,994,987,961,995,941,849,732,746
TLJ2,"Surrey, East and West Sussex",62,Computer programming and consultancy,1138,1333,1568,1705,1734,1966,1952,2266,2289,2438,2692,2616,2644,2778,2758,2633,2672,2663,2682,2694,3093,3505,4339,3596,4219
TLJ2,"Surrey, East and West Sussex",63,Information service activities,251,268,300,333,309,253,201,209,228,233,195,178,170,189,191,221,214,187,180,199,243,252,296,300,261
TLJ2,"Surrey, East and West Sussex",64,Financial service activities,794,844,738,777,1002,1114,1289,1310,1565,1575,1493,1695,1812,1653,1511,1685,1765,1488,1588,1697,1669,1481,1603,1581,1659
TLJ2,"Surrey, East and West Sussex",65,Insurance and pension funding,1630,1719,1666,1849,1750,1648,2057,2499,2937,2881,2607,2914,2694,2652,3482,4025,4068,3068,2859,2859,2137,2210,2128,2380,3578
TLJ2,"Surrey, East and West Sussex",66,Activities auxiliary to finance and insurance,281,261,374,340,389,402,356,243,399,648,732,1006,960,710,936,1164,1070,1252,1304,1760,1822,1699,2110,2796,2511
TLJ2,"Surrey, East and West Sussex",68IMP,Owner-occupiers' imputed rental,7276,7622,7826,8037,7951,8078,8242,8433,8782,8647,9876,8471,8301,8557,9165,9221,9832,10666,11472,11255,11936,12141,11953,12379,13199
TLJ2,"Surrey, East and West Sussex",68,"Real estate activities, excluding imputed rental",1245,1237,1319,1373,1474,1592,1540,1653,1698,1793,2117,2131,2234,2433,2677,2847,3041,3267,3500,3491,3428,3475,3603,3563,3614
TLJ2,"Surrey, East and West Sussex",69,Legal and accounting activities,567,663,692,717,710,737,820,885,964,938,1035,1112,999,947,983,1014,1033,1043,974,1096,1180,1115,1292,1509,1757
TLJ2,"Surrey, East and West Sussex",70,Head offices and management consultancy,540,566,652,765,686,761,902,895,1104,1102,1084,1098,1156,1343,1383,1575,1542,1480,1388,1331,1459,1666,1528,1918,2643
TLJ2,"Surrey, East and West Sussex",71,Architectural and engineering activities,799,883,927,976,1117,1146,1233,1182,1258,1267,1289,1287,1286,1132,1160,1338,1445,1541,1557,1360,1299,1285,1280,1134,1228
TLJ2,"Surrey, East and West Sussex",72,Scientific research and development,344,352,307,442,562,579,665,720,756,942,1126,1239,1539,1376,1336,1150,1285,1411,1345,1147,1175,1424,2147,1741,1731
TLJ2,"Surrey, East and West Sussex",73,Advertising and market research,320,390,451,442,373,406,384,429,539,540,452,442,549,601,672,682,626,703,633,709,809,753,847,715,741
TLJ2,"Surrey, East and West Sussex",74,"Other professional, scientific and technical activities",259,290,328,350,352,321,317,330,351,346,338,328,325,325,352,429,477,495,606,578,539,574,601,672,650
TLJ2,"Surrey, East and West Sussex",75,Veterinary activities,28,34,45,41,48,42,40,47,59,63,77,114,116,131,154,173,164,174,196,234,291,266,310,344,411
TLJ2,"Surrey, East and West Sussex",77,Rental and leasing activities,303,328,329,358,462,503,473,496,538,595,572,546,509,467,485,481,501,496,493,621,727,652,841,901,935
TLJ2,"Surrey, East and West Sussex",78,Employment activities,394,462,557,623,658,687,647,679,681,714,733,695,678,724,789,861,939,941,922,932,895,954,710,950,1120
TLJ2,"Surrey, East and West Sussex",79,Travel agency and tour operator activities,223,219,221,222,230,240,217,263,324,366,435,456,490,559,638,619,735,851,1030,1011,1052,1203,307,354,1035
TLJ2,"Surrey, East and West Sussex",80,Security and investigation activities,58,65,81,92,88,94,92,98,97,103,110,116,103,111,110,94,97,94,106,138,153,176,164,118,107
TLJ2,"Surrey, East and West Sussex",81,Services to buildings and landscape activities,298,307,305,335,345,343,389,366,340,325,351,311,274,294,333,359,350,368,405,406,471,553,677,634,692
TLJ2,"Surrey, East and West Sussex",82,Office administration and business support activities,407,449,468,537,525,523,502,501,499,509,548,578,537,517,737,833,885,902,883,1073,939,1050,1090,1216,1336
TLJ2,"Surrey, East and West Sussex",O (84),Public administration and defence,1531,1421,1528,1629,1642,1865,1970,2035,2165,2053,2370,2584,2633,2491,2467,2513,2199,2468,2503,2695,2777,2937,2854,3062,3358
TLJ2,"Surrey, East and West Sussex",P (85),Education,2143,2362,2522,2774,2957,2947,3085,3427,3727,4060,4371,4450,4528,4535,4416,4420,4535,4765,4919,5040,4922,5282,5654,5622,6228
TLJ2,"Surrey, East and West Sussex",86,Human health activities,1422,1402,1571,1789,1916,2023,2177,2398,2612,2875,3195,3551,3473,3630,3760,3409,3478,3599,3863,4153,3958,4509,4558,5115,5082
TLJ2,"Surrey, East and West Sussex",87,Residential care activities,398,405,496,515,506,574,586,670,811,795,752,847,821,834,872,946,911,955,1060,1112,1097,1115,1199,1337,1191
TLJ2,"Surrey, East and West Sussex",88,Social work activities,321,338,403,478,521,586,623,606,598,558,532,465,544,684,689,752,840,1037,977,932,1087,1178,1042,1335,1327
TLJ2,"Surrey, East and West Sussex",90,"Creative, arts and entertainment activities",132,156,202,181,235,247,233,284,293,300,294,294,297,308,354,372,307,325,286,365,378,374,458,366,427
TLJ2,"Surrey, East and West Sussex",91,"Libraries, archives, museums and other cultural activities",33,28,32,34,37,48,44,54,58,53,62,69,72,72,57,52,50,52,57,62,68,74,71,81,82
TLJ2,"Surrey, East and West Sussex",92,Gambling and betting activities,64,56,55,59,111,127,134,154,149,148,139,115,94,153,158,242,316,236,217,330,280,241,68,173,207
TLJ2,"Surrey, East and West Sussex",93,"Sports, amusement and recreation activities",218,226,253,295,316,437,458,520,526,409,454,473,502,589,599,595,631,721,812,818,876,971,766,987,1101
TLJ2,"Surrey, East and West Sussex",94,Activities of membership organisations,147,130,134,138,153,163,162,178,183,168,186,226,205,160,145,124,120,150,151,192,145,185,134,284,293
TLJ2,"Surrey, East and West Sussex",95,"Repair of computers, personal and household goods",99,91,88,77,78,67,79,82,97,94,83,74,73,97,110,111,151,152,149,145,147,123,82,146,193
TLJ2,"Surrey, East and West Sussex",96,Other personal service activities,456,447,481,489,559,594,627,675,696,746,795,808,888,860,874,887,936,1020,1022,1166,1179,1162,1187,1195,1353
TLJ2,"Surrey, East and West Sussex",T (97-98),Activities of households,116,127,168,183,146,131,146,182,172,155,177,158,183,179,169,198,196,193,278,293,325,348,287,262,256
TLJ3,Hampshire and Isle of Wight,1,Agriculture and hunting,121,111,107,99,133,136,125,85,110,110,167,161,135,170,163,162,179,153,163,167,177,196,185,239,290
TLJ3,Hampshire and Isle of Wight,2-3,Forestry and fishing,13,14,12,18,13,14,16,20,20,20,28,28,27,34,34,29,34,35,31,40,36,49,51,60,61
TLJ3,Hampshire and Isle of Wight,B (5-9),Mining and quarrying,39,28,31,38,39,34,39,44,59,59,61,40,37,48,52,65,67,44,54,65,149,162,118,110,202
TLJ3,Hampshire and Isle of Wight,10,Manufacture of food products,276,263,266,228,239,259,233,279,267,244,217,176,177,178,153,211,248,206,304,241,232,253,273,295,371
TLJ3,Hampshire and Isle of Wight,11-12,Manufacture of beverages and tobacco products,176,125,107,85,110,117,115,121,160,179,157,197,237,269,324,258,215,227,335,782,978,1329,1925,1887,1920
TLJ3,Hampshire and Isle of Wight,13,Manufacture of textiles,49,54,54,39,43,41,40,42,50,57,54,65,58,47,48,51,57,55,51,80,75,72,88,33,36
TLJ3,Hampshire and Isle of Wight,14-15,Manufacture of wearing apparel and leather products,25,27,25,15,15,11,12,11,11,11,9,8,12,9,9,9,17,19,11,19,23,19,14,26,31
TLJ3,Hampshire and Isle of Wight,16-17,Manufacture of wood and paper products,108,109,119,114,149,145,155,147,136,163,150,112,113,114,138,115,118,132,165,147,169,192,167,175,175
TLJ3,Hampshire and Isle of Wight,18,Printing and reproduction of recorded media,122,101,112,98,110,116,136,146,166,171,180,179,141,131,128,138,145,165,188,154,178,160,110,93,94
TLJ3,Hampshire and Isle of Wight,CD-CF (19-21),"Manufacture of petroleum, chemicals and pharmaceuticals",1102,981,1057,1008,957,1064,1096,1047,819,766,748,778,833,849,746,794,748,900,831,781,766,714,750,604,843
TLJ3,Hampshire and Isle of Wight,22,Manufacture of rubber and plastic products,211,212,190,195,152,165,167,185,168,162,184,180,156,133,123,160,151,147,167,162,164,201,230,248,246
TLJ3,Hampshire and Isle of Wight,23,Manufacture of other non-metallic mineral products,70,56,66,70,56,54,57,64,51,50,65,59,64,57,41,39,43,55,48,53,60,51,64,70,77
TLJ3,Hampshire and Isle of Wight,24,Manufacture of basic metals,38,37,39,54,38,41,48,58,40,46,37,17,19,15,16,15,19,23,27,23,31,34,43,32,37
TLJ3,Hampshire and Isle of Wight,25,Manufacture of fabricated metal products,431,428,361,394,336,360,332,365,344,350,408,333,376,370,393,354,323,343,408,454,451,527,335,358,368
TLJ3,Hampshire and Isle of Wight,CI (26),"Manufacture of computer, electronic and optical products",590,506,487,476,557,523,579,561,574,558,735,703,955,1014,1028,1186,1107,1054,1083,910,813,800,794,833,879
TLJ3,Hampshire and Isle of Wight,CJ (27),Manufacture of electrical equipment,245,274,245,211,206,230,242,218,203,193,196,183,226,183,181,211,235,218,240,241,228,260,184,317,342
TLJ3,Hampshire and Isle of Wight,CK (28),Manufacture of machinery and equipment,409,405,440,375,348,399,415,398,373,384,334,294,341,411,419,438,451,428,439,473,497,559,528,539,497
TLJ3,Hampshire and Isle of Wight,29,Manufacture of motor vehicles,167,140,166,144,123,117,104,117,101,108,128,94,145,152,172,240,233,189,161,138,111,123,92,138,139
TLJ3,Hampshire and Isle of Wight,30,Manufacture of other transport equipment,364,429,414,382,397,425,466,468,486,491,562,490,448,533,514,482,406,398,365,440,473,441,388,350,338
TLJ3,Hampshire and Isle of Wight,31,Manufacture of furniture,92,84,88,85,75,83,71,69,70,81,68,58,54,45,44,48,55,57,52,46,40,47,66,66,67
TLJ3,Hampshire and Isle of Wight,32,Other manufacturing,114,145,160,173,186,217,196,181,201,219,209,192,189,242,282,268,279,260,217,251,237,245,214,195,184
TLJ3,Hampshire and Isle of Wight,33,Repair and installation of machinery and equipment,264,339,375,280,311,346,290,254,272,284,297,300,298,292,413,487,540,510,470,573,630,638,713,629,665
TLJ3,Hampshire and Isle of Wight,D (35),"Electricity, gas, steam and air conditioning supply",257,290,298,261,347,359,318,310,375,449,485,822,781,762,941,1150,1080,1169,902,903,832,1060,1586,1010,919
TLJ3,Hampshire and Isle of Wight,E (36-39),Water supply; sewerage and waste management,277,295,300,311,427,426,418,463,509,577,532,482,464,495,479,484,544,593,560,574,618,594,629,751,761
TLJ3,Hampshire and Isle of Wight,41,Construction of buildings,505,579,666,758,832,916,949,1090,1031,1046,866,587,650,678,669,754,816,1023,1141,1239,1302,1404,1001,1177,1446
TLJ3,Hampshire and Isle of Wight,42,Civil engineering,300,302,347,358,410,399,402,430,488,599,676,610,578,543,606,677,719,776,672,604,695,729,627,646,772
TLJ3,Hampshire and Isle of Wight,43,Specialised construction activities,721,741,839,911,1013,1140,1203,1395,1345,1389,1431,1293,1297,1484,1538,1560,1691,1636,1841,2133,1962,2042,2175,2025,2352
TLJ3,Hampshire and Isle of Wight,45,Motor trades,388,364,334,569,541,485,453,457,528,706,717,510,682,611,611,602,694,732,712,933,1084,1302,895,772,770
TLJ3,Hampshire and Isle of Wight,46,Wholesale trade,1812,1813,1965,2240,2180,2163,2012,2005,2040,1849,1807,1883,2009,1850,2012,2119,2188,2507,2781,2868,2804,2986,2394,2219,2397
TLJ3,Hampshire and Isle of Wight,47,Retail trade,1531,1661,1659,1806,1848,1817,2002,2185,2321,2315,2383,2330,2348,2433,2515,2498,2586,2514,2268,2613,2923,3358,3729,4926,5210
TLJ3,Hampshire and Isle of Wight,49,Land transport,342,377,361,370,350,346,290,286,380,426,374,338,378,383,374,365,392,379,361,371,392,454,420,326,359
TLJ3,Hampshire and Isle of Wight,50-51,Water and air transport,170,167,264,382,491,576,860,872,705,599,963,705,838,1198,1211,1380,1342,1472,1592,1470,1524,1515,646,644,1295
TLJ3,Hampshire and Isle of Wight,52,Warehousing and transport support activities,241,243,230,219,297,311,351,354,378,481,472,526,631,570,607,594,689,669,668,760,786,798,773,855,790
TLJ3,Hampshire and Isle of Wight,53,Postal and courier activities,167,177,192,185,168,175,166,190,228,240,221,216,233,197,232,240,219,222,204,245,280,288,294,307,264
TLJ3,Hampshire and Isle of Wight,55,Accommodation,133,156,158,161,201,204,247,256,278,261,214,180,220,257,329,366,383,421,459,494,446,465,266,481,724
TLJ3,Hampshire and Isle of Wight,56,Food and beverage service activities,464,510,605,605,658,621,692,696,693,724,858,743,825,845,874,903,1005,1002,1033,1155,1217,1291,852,1320,1767
TLJ3,Hampshire and Isle of Wight,58,Publishing activities,202,188,181,178,193,196,233,222,200,201,211,194,187,221,215,211,176,178,187,186,165,174,182,186,191
TLJ3,Hampshire and Isle of Wight,59-60,"Film and TV production, programming and broadcasting",100,101,101,84,74,77,88,90,89,97,105,101,101,101,110,114,122,120,156,134,125,141,144,150,221
TLJ3,Hampshire and Isle of Wight,61,Telecommunications,376,478,531,489,482,478,567,689,764,933,1089,1056,1074,1168,1236,1320,1263,1350,1413,1466,1346,1494,1299,1288,1176
TLJ3,Hampshire and Isle of Wight,62,Computer programming and consultancy,464,493,741,943,1096,1347,1592,1774,1798,2123,2274,2210,2258,2283,2301,2166,2114,2233,2425,2205,2259,2634,2188,2458,2897
TLJ3,Hampshire and Isle of Wight,63,Information service activities,117,144,206,212,241,257,265,253,231,256,202,176,183,193,238,263,229,191,166,177,207,176,127,120,140
TLJ3,Hampshire and Isle of Wight,64,Financial service activities,305,303,342,406,462,551,661,690,643,694,729,946,991,922,763,669,751,1090,863,938,1021,846,914,794,851
TLJ3,Hampshire and Isle of Wight,65,Insurance and pension funding,964,1139,1000,847,709,673,698,1043,1076,1528,1376,1914,1622,1797,1862,2075,2193,1597,1583,1698,1613,1464,1309,1465,1599
TLJ3,Hampshire and Isle of Wight,66,Activities auxiliary to finance and insurance,168,76,78,180,192,194,151,134,165,216,244,289,294,262,337,406,372,485,519,695,741,869,1046,1272,1205
TLJ3,Hampshire and Isle of Wight,68IMP,Owner-occupiers' imputed rental,3870,4019,4173,4254,4308,4457,4633,4684,4840,4739,5326,4621,4439,4592,4856,4803,5034,5364,5720,5774,6048,6251,6113,6356,6774
TLJ3,Hampshire and Isle of Wight,68,"Real estate activities, excluding imputed rental",628,617,667,745,785,834,825,867,948,992,1171,1216,1254,1374,1561,1690,1795,1895,1954,1931,1906,1934,1978,2141,2147
TLJ3,Hampshire and Isle of Wight,69,Legal and accounting activities,365,420,423,418,370,405,471,500,570,544,499,527,519,644,652,645,685,655,747,842,740,742,757,723,753
TLJ3,Hampshire and Isle of Wight,70,Head offices and management consultancy,219,266,267,291,241,228,254,301,344,349,351,330,340,394,392,490,564,516,482,527,612,693,691,660,759
TLJ3,Hampshire and Isle of Wight,71,Architectural and engineering activities,579,526,576,664,718,796,830,804,807,752,783,877,904,931,936,1043,1020,1113,1049,1013,1064,1170,1087,1145,1641
TLJ3,Hampshire and Isle of Wight,72,Scientific research and development,160,152,174,379,635,653,782,725,707,821,889,976,1224,1268,1156,875,841,850,843,682,705,854,1288,1446,1548
TLJ3,Hampshire and Isle of Wight,73,Advertising and market research,91,103,121,140,149,168,183,182,217,194,152,137,142,160,191,215,196,205,169,177,195,201,251,160,164
TLJ3,Hampshire and Isle of Wight,74,"Other professional, scientific and technical activities",125,115,120,134,143,140,142,154,173,185,186,181,157,167,181,216,231,238,272,244,258,277,284,314,309
TLJ3,Hampshire and Isle of Wight,75,Veterinary activities,44,42,50,49,49,46,50,71,86,98,93,98,88,91,88,93,83,85,93,112,139,142,195,238,275
TLJ3,Hampshire and Isle of Wight,77,Rental and leasing activities,186,171,210,278,350,331,292,291,289,345,327,291,329,288,269,357,433,545,647,781,950,1088,1063,1259,1285
TLJ3,Hampshire and Isle of Wight,78,Employment activities,382,414,451,474,496,509,516,508,519,559,598,561,619,636,790,856,964,1057,1059,971,975,1007,795,887,926
TLJ3,Hampshire and Isle of Wight,79,Travel agency and tour operator activities,67,64,60,62,82,77,104,118,128,141,148,98,100,104,116,138,182,200,214,229,209,234,135,125,309
TLJ3,Hampshire and Isle of Wight,80,Security and investigation activities,45,44,50,54,57,54,54,56,55,62,65,57,58,71,75,73,74,73,84,109,131,141,133,104,103
TLJ3,Hampshire and Isle of Wight,81,Services to buildings and landscape activities,111,119,151,160,161,147,173,189,210,246,314,292,323,328,306,306,264,301,320,353,318,322,275,327,615
TLJ3,Hampshire and Isle of Wight,82,Office administration and business support activities,179,170,213,204,238,178,209,254,268,317,312,305,385,379,508,536,605,625,689,726,649,659,524,403,328
TLJ3,Hampshire and Isle of Wight,O (84),Public administration and defence,2617,2467,2432,2414,2175,2341,2353,2558,2613,2740,3062,3203,3264,3334,3265,3265,3415,3172,3069,3399,3408,3657,3931,4132,4683
TLJ3,Hampshire and Isle of Wight,P (85),Education,1231,1266,1397,1487,1677,1674,1902,1991,2013,2223,2350,2578,2695,2723,2815,2803,2819,2910,2954,2942,2960,3038,3147,3313,3607
TLJ3,Hampshire and Isle of Wight,86,Human health activities,837,816,836,884,1220,1290,1523,1584,1754,1862,1788,2092,2113,2056,1909,1942,2123,2284,2218,2315,2337,2655,2786,3113,3284
TLJ3,Hampshire and Isle of Wight,87,Residential care activities,214,211,275,262,269,273,295,312,387,374,419,448,501,541,558,636,644,567,594,595,657,764,877,743,850
TLJ3,Hampshire and Isle of Wight,88,Social work activities,236,236,244,303,336,368,382,393,391,387,377,455,492,542,528,579,605,721,747,804,937,956,855,1043,977
TLJ3,Hampshire and Isle of Wight,90,"Creative, arts and entertainment activities",51,57,54,49,63,60,59,61,77,112,101,98,102,114,128,133,103,110,113,121,126,119,142,120,167
TLJ3,Hampshire and Isle of Wight,91,"Libraries, archives, museums and other cultural activities",31,29,31,33,36,43,41,42,47,47,40,47,61,57,51,52,48,50,54,58,55,51,66,67,82
TLJ3,Hampshire and Isle of Wight,92,Gambling and betting activities,35,42,41,41,59,59,64,81,84,102,92,67,65,75,78,114,148,113,76,114,96,113,86,103,125
TLJ3,Hampshire and Isle of Wight,93,"Sports, amusement and recreation activities",126,145,181,223,242,243,242,236,285,266,268,276,274,251,222,228,226,252,321,357,388,374,270,375,451
TLJ3,Hampshire and Isle of Wight,94,Activities of membership organisations,90,93,92,101,125,128,141,159,216,242,351,408,442,429,442,466,449,391,332,339,275,354,456,565,649
TLJ3,Hampshire and Isle of Wight,95,"Repair of computers, personal and household goods",60,55,53,60,51,41,47,44,45,45,42,34,40,51,56,64,89,95,123,128,122,106,63,100,109
TLJ3,Hampshire and Isle of Wight,96,Other personal service activities,251,287,303,337,359,331,360,392,444,473,435,437,405,373,393,442,515,544,616,734,829,821,521,446,500
TLJ3,Hampshire and Isle of Wight,T (97-98),Activities of households,64,52,59,67,76,68,65,84,98,80,84,90,120,94,67,88,75,78,128,134,118,142,100,114,155
TLJ4,Kent,1,Agriculture and hunting,164,147,126,108,150,183,164,136,152,191,273,265,217,267,254,256,294,270,265,270,304,318,387,406,482
TLJ4,Kent,2-3,Forestry and fishing,16,9,8,10,10,10,11,12,12,14,15,18,16,19,19,17,21,24,19,25,20,28,28,28,28
TLJ4,Kent,B (5-9),Mining and quarrying,25,28,39,38,43,37,35,30,34,30,29,20,19,27,44,51,52,54,59,48,49,48,34,40,45
TLJ4,Kent,10,Manufacture of food products,204,215,196,169,162,148,147,156,171,175,185,209,238,219,204,243,247,275,292,298,307,317,230,263,281
TLJ4,Kent,11-12,Manufacture of beverages and tobacco products,36,43,46,39,42,42,35,33,33,30,31,26,24,18,12,11,14,17,17,24,28,35,28,35,36
TLJ4,Kent,13,Manufacture of textiles,15,16,15,16,19,21,19,21,21,19,10,12,8,7,9,9,11,12,16,24,25,34,35,27,27
TLJ4,Kent,14-15,Manufacture of wearing apparel and leather products,46,45,38,30,22,15,17,16,15,16,11,10,14,10,12,10,16,16,12,19,20,20,16,20,25
TLJ4,Kent,16-17,Manufacture of wood and paper products,375,386,357,324,389,360,257,271,277,304,294,271,345,322,319,299,350,298,306,315,322,305,235,394,406
TLJ4,Kent,18,Printing and reproduction of recorded media,142,134,125,117,118,115,124,148,169,158,200,195,163,156,152,167,169,173,206,166,191,156,113,121,136
TLJ4,Kent,CD-CF (19-21),"Manufacture of petroleum, chemicals and pharmaceuticals",1033,1147,1177,1079,1135,1191,1107,895,703,650,656,377,434,505,426,432,447,504,470,472,511,863,1091,1275,504
TLJ4,Kent,22,Manufacture of rubber and plastic products,201,209,190,213,190,234,246,229,172,170,173,188,140,119,127,152,141,142,154,160,176,175,181,165,182
TLJ4,Kent,23,Manufacture of other non-metallic mineral products,145,148,157,148,146,168,167,181,178,181,187,163,158,141,161,173,170,195,196,212,239,238,160,198,228
TLJ4,Kent,24,Manufacture of basic metals,64,62,66,83,66,69,71,70,43,49,62,37,42,38,39,39,37,42,36,44,59,68,86,59,69
TLJ4,Kent,25,Manufacture of fabricated metal products,240,213,192,225,223,238,274,275,215,166,206,178,205,241,222,236,206,218,240,277,280,341,248,278,275
TLJ4,Kent,CI (26),"Manufacture of computer, electronic and optical products",219,215,205,211,247,260,313,307,303,306,333,344,376,354,390,429,403,398,481,490,445,500,544,580,620
TLJ4,Kent,CJ (27),Manufacture of electrical equipment,88,100,106,114,110,104,115,130,119,143,168,142,147,117,125,109,113,109,99,96,104,119,152,184,141
TLJ4,Kent,CK (28),Manufacture of machinery and equipment,181,203,176,180,169,168,187,177,154,182,152,155,238,275,307,337,299,307,305,316,293,270,255,263,291
TLJ4,Kent,29,Manufacture of motor vehicles,136,91,108,104,108,96,70,75,72,81,88,52,61,75,91,87,91,71,66,63,64,58,29,40,39
TLJ4,Kent,30,Manufacture of other transport equipment,27,33,29,37,36,39,45,45,47,45,40,18,11,16,19,14,13,14,15,13,18,23,33,32,30
TLJ4,Kent,31,Manufacture of furniture,71,80,73,76,77,78,70,78,83,92,90,79,88,67,58,61,71,74,80,62,58,70,73,67,75
TLJ4,Kent,32,Other manufacturing,131,153,133,135,147,140,145,124,120,110,131,130,125,116,130,115,130,157,150,126,149,161,132,112,128
TLJ4,Kent,33,Repair and installation of machinery and equipment,64,85,63,66,67,60,81,89,92,90,115,126,143,119,143,154,177,148,175,206,243,202,208,139,128
TLJ4,Kent,D (35),"Electricity, gas, steam and air conditioning supply",367,334,314,257,331,369,323,515,692,683,735,814,638,603,807,789,814,877,839,888,764,845,983,432,456
TLJ4,Kent,E (36-39),Water supply; sewerage and waste management,287,316,290,293,275,317,309,360,409,460,520,479,538,603,583,623,604,607,607,602,650,637,605,751,793
TLJ4,Kent,41,Construction of buildings,514,569,583,655,748,876,911,1043,1032,1089,978,673,751,818,799,934,913,1068,1111,1177,1366,1390,1283,1373,1633
TLJ4,Kent,42,Civil engineering,278,323,302,325,329,367,415,475,485,576,635,646,613,599,646,710,635,658,644,697,663,776,799,869,949
TLJ4,Kent,43,Specialised construction activities,686,776,792,866,903,1015,973,1158,1190,1246,1403,1282,1323,1411,1421,1596,1778,2016,2124,2314,2302,2450,2240,2593,2996
TLJ4,Kent,45,Motor trades,401,485,475,426,409,526,606,582,609,681,633,556,640,533,512,574,710,886,864,862,870,999,781,774,816
TLJ4,Kent,46,Wholesale trade,874,796,880,1014,929,791,816,858,890,1104,1164,922,1035,1161,1102,1053,1114,1055,1187,1316,1548,1705,1785,1498,1607
TLJ4,Kent,47,Retail trade,1469,1625,1634,1676,1837,1834,1923,1972,2005,2035,2009,2186,2121,2100,2221,2219,2206,2209,2418,2723,2567,2604,2838,2723,3000
TLJ4,Kent,49,Land transport,582,606,575,579,620,567,604,635,694,700,645,634,704,708,761,819,860,838,813,784,871,930,526,582,798
TLJ4,Kent,50-51,Water and air transport,493,607,854,839,645,661,789,657,500,429,550,344,337,458,425,462,462,551,565,582,593,625,344,498,590
TLJ4,Kent,52,Warehousing and transport support activities,278,256,214,240,292,270,236,286,350,376,433,399,475,570,525,490,479,481,535,529,605,635,770,768,808
TLJ4,Kent,53,Postal and courier activities,146,145,145,148,155,166,156,193,209,215,227,240,233,229,255,261,212,211,236,210,238,246,311,284,284
TLJ4,Kent,55,Accommodation,80,97,86,96,108,111,135,128,155,151,124,107,119,132,153,200,226,243,242,260,290,282,327,314,427
TLJ4,Kent,56,Food and beverage service activities,363,393,451,559,591,585,586,631,652,669,683,649,695,745,733,718,763,776,819,852,901,957,610,944,1302
TLJ4,Kent,58,Publishing activities,137,138,138,134,134,136,144,157,161,167,167,139,126,134,149,156,157,169,185,178,151,171,112,148,211
TLJ4,Kent,59-60,"Film and TV production, programming and broadcasting",32,35,41,41,44,55,72,82,89,94,98,105,105,110,111,114,102,108,82,76,81,85,68,105,124
TLJ4,Kent,61,Telecommunications,276,291,303,286,293,281,281,294,288,261,247,249,234,270,295,289,316,387,447,488,528,479,516,522,536
TLJ4,Kent,62,Computer programming and consultancy,156,162,155,166,230,287,304,335,311,344,405,404,458,518,531,540,533,535,489,541,609,755,802,640,655
TLJ4,Kent,63,Information service activities,40,41,46,48,50,52,50,49,46,48,37,35,37,42,47,52,42,34,31,35,42,47,44,64,51
TLJ4,Kent,64,Financial service activities,214,207,275,226,263,381,559,522,525,648,795,690,675,561,602,514,700,646,546,503,595,489,540,579,610
TLJ4,Kent,65,Insurance and pension funding,698,673,546,552,458,459,442,604,503,340,409,592,672,860,838,1028,1106,870,965,978,772,741,737,722,851
TLJ4,Kent,66,Activities auxiliary to finance and insurance,97,159,259,266,267,292,275,246,314,335,343,488,468,387,427,513,417,532,542,691,691,691,815,1028,1134
TLJ4,Kent,68IMP,Owner-occupiers' imputed rental,3224,3280,3327,3441,3500,3705,3917,4011,4176,4103,4632,3991,3795,3916,4201,4182,4473,4841,5324,5380,5822,5994,5855,6206,6611
TLJ4,Kent,68,"Real estate activities, excluding imputed rental",518,480,493,508,588,646,662,751,746,780,905,912,986,1093,1207,1287,1439,1559,1686,1740,1686,1737,1662,1736,1805
TLJ4,Kent,69,Legal and accounting activities,247,217,235,269,292,257,289,342,356,371,371,407,441,404,510,574,542,617,681,591,651,628,530,749,913
TLJ4,Kent,70,Head offices and management consultancy,141,136,159,204,212,200,246,275,266,285,285,307,315,315,326,339,366,352,327,356,375,439,442,508,558
TLJ4,Kent,71,Architectural and engineering activities,194,221,202,236,252,247,247,282,302,315,320,332,333,305,312,311,333,381,402,443,398,455,407,344,392
TLJ4,Kent,72,Scientific research and development,67,90,77,75,114,131,146,183,146,162,183,216,277,295,314,274,312,334,307,253,247,233,400,275,342
TLJ4,Kent,73,Advertising and market research,89,96,112,140,153,160,154,182,207,193,161,148,146,151,164,175,177,204,192,213,221,208,226,149,136
TLJ4,Kent,74,"Other professional, scientific and technical activities",73,71,74,84,87,92,105,126,138,146,140,144,137,144,161,188,219,237,298,273,277,300,383,430,467
TLJ4,Kent,75,Veterinary activities,31,40,49,52,54,50,55,66,80,84,86,101,91,87,87,90,86,87,95,104,127,116,147,156,183
TLJ4,Kent,77,Rental and leasing activities,148,172,175,175,182,229,255,319,316,291,277,228,184,146,159,183,221,277,276,339,325,384,467,374,433
TLJ4,Kent,78,Employment activities,216,197,208,202,244,257,269,289,311,364,423,412,395,424,432,440,462,559,627,682,718,670,610,702,795
TLJ4,Kent,79,Travel agency and tour operator activities,103,90,89,90,96,88,103,150,162,174,171,160,154,151,161,133,173,207,247,268,306,334,303,115,252
TLJ4,Kent,80,Security and investigation activities,37,36,40,43,41,39,39,43,45,48,47,49,46,53,60,58,59,62,71,94,100,120,148,131,143
TLJ4,Kent,81,Services to buildings and landscape activities,88,94,93,106,117,109,126,130,129,137,153,159,178,192,225,256,240,256,269,216,237,258,273,354,396
TLJ4,Kent,82,Office administration and business support activities,114,76,76,91,108,104,141,190,215,275,338,379,369,367,451,463,497,511,526,536,550,614,624,574,533
TLJ4,Kent,O (84),Public administration and defence,1083,1015,1072,1058,1084,1145,1223,1393,1541,1677,1788,1947,1992,2084,1816,1825,1781,1799,1873,1795,1868,1950,2001,2105,2245
TLJ4,Kent,P (85),Education,1039,1092,1115,1249,1347,1427,1587,1533,1708,1865,2049,2159,2319,2280,2320,2442,2515,2543,2586,2670,2835,2957,2978,3199,3732
TLJ4,Kent,86,Human health activities,674,654,654,835,1001,1195,1300,1372,1383,1520,1728,1661,1745,1766,1619,1477,1621,1730,1792,1764,1804,1989,2158,2251,2307
TLJ4,Kent,87,Residential care activities,232,236,285,294,311,333,344,365,444,404,463,464,502,573,549,515,527,473,505,545,550,571,597,774,797
TLJ4,Kent,88,Social work activities,209,220,251,305,313,356,364,359,410,396,389,347,405,436,419,484,460,539,577,630,678,778,652,813,827
TLJ4,Kent,90,"Creative, arts and entertainment activities",38,48,62,57,54,57,56,73,83,99,87,84,86,95,105,111,98,100,97,108,115,113,138,127,151
TLJ4,Kent,91,"Libraries, archives, museums and other cultural activities",24,25,31,30,31,38,41,45,46,50,51,49,55,53,43,50,51,57,62,70,83,70,79,75,87
TLJ4,Kent,92,Gambling and betting activities,31,31,29,33,42,57,69,86,84,85,74,71,67,82,68,77,82,62,39,60,50,62,39,74,96
TLJ4,Kent,93,"Sports, amusement and recreation activities",59,75,92,99,110,143,150,161,179,178,166,164,171,182,174,179,188,207,245,277,286,284,138,203,243
TLJ4,Kent,94,Activities of membership organisations,73,66,70,78,73,84,86,104,102,108,104,86,74,63,59,66,66,77,74,103,89,93,83,62,75
TLJ4,Kent,95,"Repair of computers, personal and household goods",15,16,16,16,22,24,28,28,32,30,34,28,29,38,43,54,73,79,89,99,101,76,62,100,119
TLJ4,Kent,96,Other personal service activities,179,206,247,252,260,290,289,335,350,410,410,429,444,458,526,546,591,653,700,645,680,807,905,921,1160
TLJ4,Kent,T (97-98),Activities of households,44,44,57,65,67,69,73,74,74,68,77,75,110,94,82,78,80,84,90,105,144,160,120,93,83
TLK1,"Gloucestershire, Wiltshire and Bath/Bristol Area",1,Agriculture and hunting,231,221,200,189,284,282,246,194,212,221,318,309,303,371,351,356,456,381,327,353,369,396,373,489,626
TLK1,"Gloucestershire, Wiltshire and Bath/Bristol Area",2-3,Forestry and fishing,16,17,17,18,13,13,17,18,20,22,24,28,24,31,37,34,37,39,28,36,33,47,44,41,40
TLK1,"Gloucestershire, Wiltshire and Bath/Bristol Area",B (5-9),Mining and quarrying,40,39,45,47,57,49,42,48,58,42,39,36,36,36,50,53,52,62,54,55,63,71,45,49,57
TLK1,"Gloucestershire, Wiltshire and Bath/Bristol Area",10,Manufacture of food products,576,610,637,630,619,681,714,681,684,740,653,572,517,492,464,482,506,562,488,499,521,574,562,521,672
TLK1,"Gloucestershire, Wiltshire and Bath/Bristol Area",11-12,Manufacture of beverages and tobacco products,325,378,332,275,234,245,289,239,279,312,279,305,355,361,432,450,453,186,187,210,258,239,161,147,149
TLK1,"Gloucestershire, Wiltshire and Bath/Bristol Area",13,Manufacture of textiles,34,35,39,37,42,40,33,36,32,41,39,36,35,28,47,47,52,59,74,80,84,71,47,56,66
TLK1,"Gloucestershire, Wiltshire and Bath/Bristol Area",14-15,Manufacture of wearing apparel and leather products,98,92,98,75,75,61,62,64,47,46,39,29,43,41,52,52,86,87,44,61,73,63,31,43,35
TLK1,"Gloucestershire, Wiltshire and Bath/Bristol Area",16-17,Manufacture of wood and paper products,217,216,227,196,234,220,205,216,177,199,176,171,214,228,227,194,214,221,261,264,277,295,316,243,252
TLK1,"Gloucestershire, Wiltshire and Bath/Bristol Area",18,Printing and reproduction of recorded media,304,260,282,244,243,216,201,239,223,227,224,203,198,178,190,206,218,207,196,239,222,171,257,286,335
TLK1,"Gloucestershire, Wiltshire and Bath/Bristol Area",CD-CF (19-21),"Manufacture of petroleum, chemicals and pharmaceuticals",403,469,530,481,508,494,496,617,858,848,1148,1164,1143,1101,972,862,881,990,1075,927,812,819,802,1045,955
TLK1,"Gloucestershire, Wiltshire and Bath/Bristol Area",22,Manufacture of rubber and plastic products,415,478,441,414,380,373,344,331,259,249,248,256,266,235,222,268,292,312,252,266,299,245,211,250,260
TLK1,"Gloucestershire, Wiltshire and Bath/Bristol Area",23,Manufacture of other non-metallic mineral products,152,151,163,160,166,184,189,204,184,184,173,161,188,172,191,174,185,211,228,248,261,254,258,408,456
TLK1,"Gloucestershire, Wiltshire and Bath/Bristol Area",24,Manufacture of basic metals,88,77,84,83,87,93,70,63,37,50,52,38,56,73,76,66,63,55,49,57,73,80,46,68,79
TLK1,"Gloucestershire, Wiltshire and Bath/Bristol Area",25,Manufacture of fabricated metal products,481,478,487,454,506,523,489,512,425,462,537,472,544,554,621,724,660,698,741,730,744,700,638,603,626
TLK1,"Gloucestershire, Wiltshire and Bath/Bristol Area",CI (26),"Manufacture of computer, electronic and optical products",596,576,548,574,593,595,738,736,748,746,707,867,960,1038,1038,1068,977,900,807,900,970,989,1027,1128,1195
TLK1,"Gloucestershire, Wiltshire and Bath/Bristol Area",CJ (27),Manufacture of electrical equipment,362,365,360,320,344,327,295,282,286,283,266,220,240,226,236,243,278,238,230,273,270,285,290,297,264
TLK1,"Gloucestershire, Wiltshire and Bath/Bristol Area",CK (28),Manufacture of machinery and equipment,485,461,480,487,538,612,619,678,638,647,590,449,632,605,646,666,654,645,610,728,693,729,696,760,743
TLK1,"Gloucestershire, Wiltshire and Bath/Bristol Area",29,Manufacture of motor vehicles,397,329,368,481,580,618,579,596,595,609,611,480,663,554,661,757,836,751,944,995,879,968,856,482,768
TLK1,"Gloucestershire, Wiltshire and Bath/Bristol Area",30,Manufacture of other transport equipment,625,648,703,772,823,984,991,949,1046,970,1209,1002,897,1126,1171,991,902,862,1014,1187,1283,1426,1296,1477,1825
TLK1,"Gloucestershire, Wiltshire and Bath/Bristol Area",31,Manufacture of furniture,123,155,162,170,170,167,140,172,174,204,146,112,131,151,125,113,114,128,137,163,184,183,167,209,238
TLK1,"Gloucestershire, Wiltshire and Bath/Bristol Area",32,Other manufacturing,146,170,168,167,182,200,189,219,219,228,229,221,260,268,260,222,217,264,237,229,241,254,252,291,287
TLK1,"Gloucestershire, Wiltshire and Bath/Bristol Area",33,Repair and installation of machinery and equipment,407,440,415,364,442,392,360,335,349,298,222,232,244,212,207,230,250,271,246,243,267,250,194,234,218
TLK1,"Gloucestershire, Wiltshire and Bath/Bristol Area",D (35),"Electricity, gas, steam and air conditioning supply",725,697,603,565,669,830,868,1043,1387,1563,1552,1608,1145,838,966,1150,1291,1412,1130,1096,1093,1452,1087,713,779
TLK1,"Gloucestershire, Wiltshire and Bath/Bristol Area",E (36-39),Water supply; sewerage and waste management,602,627,644,612,622,717,737,792,928,1080,1217,1187,1275,1289,1316,1290,1395,1455,1494,1471,1461,1517,1531,1415,1514
TLK1,"Gloucestershire, Wiltshire and Bath/Bristol Area",41,Construction of buildings,621,653,775,845,999,1166,1164,1175,1199,1211,1148,850,931,937,912,1010,1102,1334,1464,1587,1688,1618,1489,1819,2063
TLK1,"Gloucestershire, Wiltshire and Bath/Bristol Area",42,Civil engineering,292,361,380,566,524,478,531,531,551,633,527,431,479,513,567,600,589,658,604,570,585,615,571,515,639
TLK1,"Gloucestershire, Wiltshire and Bath/Bristol Area",43,Specialised construction activities,760,859,909,1169,1186,1125,1132,1309,1342,1486,1611,1489,1482,1535,1576,1706,2006,2154,2126,2390,2217,2479,2023,2777,3163
TLK1,"Gloucestershire, Wiltshire and Bath/Bristol Area",45,Motor trades,611,707,713,911,886,941,986,1018,993,1017,970,828,999,882,873,858,1037,1132,940,1261,1477,1395,1153,1302,1382
TLK1,"Gloucestershire, Wiltshire and Bath/Bristol Area",46,Wholesale trade,1872,1598,1579,1896,1734,1655,1497,1544,1751,2044,2088,2176,1929,2089,2262,2018,2133,2302,2192,2515,3013,3757,3388,3995,3438
TLK1,"Gloucestershire, Wiltshire and Bath/Bristol Area",47,Retail trade,1748,1888,2119,2314,2398,2451,2628,2604,2639,2617,2511,2708,3080,2914,2981,3105,3419,3415,3320,3421,3294,3210,3064,3636,4005
TLK1,"Gloucestershire, Wiltshire and Bath/Bristol Area",49,Land transport,579,666,717,776,764,771,780,746,745,829,793,744,808,852,848,916,904,825,807,822,817,837,628,697,962
TLK1,"Gloucestershire, Wiltshire and Bath/Bristol Area",50-51,Water and air transport,17,26,32,35,42,51,62,78,82,83,98,70,78,97,110,121,125,129,124,118,121,148,27,95,187
TLK1,"Gloucestershire, Wiltshire and Bath/Bristol Area",52,Warehousing and transport support activities,377,413,410,488,478,478,557,544,528,571,641,619,704,806,678,649,688,856,817,865,864,955,900,990,1026
TLK1,"Gloucestershire, Wiltshire and Bath/Bristol Area",53,Postal and courier activities,294,310,342,376,390,407,431,447,447,436,512,523,518,502,525,530,476,471,574,523,564,509,529,614,606
TLK1,"Gloucestershire, Wiltshire and Bath/Bristol Area",55,Accommodation,184,204,189,200,206,243,267,275,294,286,242,244,246,281,385,513,566,608,618,674,663,815,266,550,767
TLK1,"Gloucestershire, Wiltshire and Bath/Bristol Area",56,Food and beverage service activities,627,659,725,735,797,855,902,911,854,1001,1063,993,1079,1167,1092,1157,1250,1241,1441,1576,1474,1609,1167,1483,1882
TLK1,"Gloucestershire, Wiltshire and Bath/Bristol Area",58,Publishing activities,222,229,250,247,256,262,271,275,265,270,288,271,279,277,292,304,336,305,347,344,324,326,386,395,592
TLK1,"Gloucestershire, Wiltshire and Bath/Bristol Area",59-60,"Film and TV production, programming and broadcasting",108,112,141,133,136,160,192,201,201,223,227,275,262,219,197,193,191,220,274,270,304,340,345,377,433
TLK1,"Gloucestershire, Wiltshire and Bath/Bristol Area",61,Telecommunications,578,577,601,849,1020,1045,1018,895,883,994,978,1033,1027,1190,1220,1146,1222,1218,1202,1184,1150,1075,1133,1179,1302
TLK1,"Gloucestershire, Wiltshire and Bath/Bristol Area",62,Computer programming and consultancy,618,642,652,727,749,884,899,1046,1010,1126,1154,1137,1231,1250,1241,1304,1480,1414,1580,1536,1419,1474,2205,2090,2257
TLK1,"Gloucestershire, Wiltshire and Bath/Bristol Area",63,Information service activities,137,156,191,193,177,176,190,213,224,244,200,186,158,138,128,142,132,152,184,216,267,214,178,189,232
TLK1,"Gloucestershire, Wiltshire and Bath/Bristol Area",64,Financial service activities,786,824,808,915,1118,1171,1452,1475,1756,1919,2239,2684,3052,2733,2883,2622,2513,3132,3231,3015,2801,2571,2593,2623,3036
TLK1,"Gloucestershire, Wiltshire and Bath/Bristol Area",65,Insurance and pension funding,1219,1350,1353,1349,1251,1320,1580,2136,2106,2197,1944,2436,2457,2014,1994,2168,2545,1405,1657,1914,2095,2341,2128,2011,2423
TLK1,"Gloucestershire, Wiltshire and Bath/Bristol Area",66,Activities auxiliary to finance and insurance,232,254,317,328,273,312,292,328,335,585,559,638,598,649,664,786,703,918,1065,1227,1205,1319,1287,1568,1750
TLK1,"Gloucestershire, Wiltshire and Bath/Bristol Area",68IMP,Owner-occupiers' imputed rental,4337,4523,4636,4708,4535,4473,4454,4533,4803,4805,5287,4604,4473,4588,4792,4836,5204,5437,6127,6395,6915,7349,7030,7481,8236
TLK1,"Gloucestershire, Wiltshire and Bath/Bristol Area",68,"Real estate activities, excluding imputed rental",971,945,918,956,954,1053,1088,1185,1242,1302,1451,1421,1539,1739,1924,2001,2207,2317,2449,2678,2770,2907,2859,2864,3023
TLK1,"Gloucestershire, Wiltshire and Bath/Bristol Area",69,Legal and accounting activities,572,557,588,634,604,627,743,787,831,905,924,977,1157,1153,1195,1444,1458,1477,1505,1478,1589,1815,1768,2475,2729
TLK1,"Gloucestershire, Wiltshire and Bath/Bristol Area",70,Head offices and management consultancy,231,238,277,391,372,341,341,334,305,372,429,458,504,482,499,521,547,582,570,515,543,630,578,651,697
TLK1,"Gloucestershire, Wiltshire and Bath/Bristol Area",71,Architectural and engineering activities,392,419,431,439,487,499,555,558,593,698,788,740,744,705,792,927,1061,1124,1034,1117,1065,1124,1064,1228,1294
TLK1,"Gloucestershire, Wiltshire and Bath/Bristol Area",72,Scientific research and development,191,216,249,348,497,541,630,684,606,620,708,678,850,914,1098,975,1066,987,1235,1051,1098,1005,1169,1190,1581
TLK1,"Gloucestershire, Wiltshire and Bath/Bristol Area",73,Advertising and market research,153,179,245,248,278,289,295,283,332,337,317,289,279,262,242,248,245,327,269,336,325,375,342,347,384
TLK1,"Gloucestershire, Wiltshire and Bath/Bristol Area",74,"Other professional, scientific and technical activities",160,158,161,165,172,186,198,206,207,210,209,217,206,225,204,251,278,267,271,311,312,313,284,393,430
TLK1,"Gloucestershire, Wiltshire and Bath/Bristol Area",75,Veterinary activities,51,66,71,68,71,77,88,111,112,98,94,91,132,136,145,164,162,190,209,230,290,284,296,359,416
TLK1,"Gloucestershire, Wiltshire and Bath/Bristol Area",77,Rental and leasing activities,333,450,537,603,601,686,749,763,746,865,824,899,944,1382,1745,2199,2572,2787,2935,3173,3305,3397,3379,3687,4370
TLK1,"Gloucestershire, Wiltshire and Bath/Bristol Area",78,Employment activities,319,350,403,437,418,463,469,452,464,517,527,476,515,506,473,484,532,618,576,571,630,638,733,825,962
TLK1,"Gloucestershire, Wiltshire and Bath/Bristol Area",79,Travel agency and tour operator activities,93,97,100,106,102,101,112,116,117,139,140,131,128,124,136,165,195,194,213,232,188,159,45,63,155
TLK1,"Gloucestershire, Wiltshire and Bath/Bristol Area",80,Security and investigation activities,49,49,55,78,75,84,101,102,104,120,122,115,108,105,101,95,104,111,113,112,126,118,86,101,93
TLK1,"Gloucestershire, Wiltshire and Bath/Bristol Area",81,Services to buildings and landscape activities,132,145,154,176,154,156,202,217,226,266,321,308,324,298,292,337,326,367,371,397,363,319,268,429,478
TLK1,"Gloucestershire, Wiltshire and Bath/Bristol Area",82,Office administration and business support activities,288,257,245,309,301,310,340,353,355,452,550,604,683,591,554,545,537,568,627,498,547,548,535,764,666
TLK1,"Gloucestershire, Wiltshire and Bath/Bristol Area",O (84),Public administration and defence,2361,2546,2725,2913,3059,3428,3641,3520,3715,3693,4150,4297,4519,4607,4415,4345,4447,4215,4616,4665,4869,5085,5590,5739,6351
TLK1,"Gloucestershire, Wiltshire and Bath/Bristol Area",P (85),Education,1526,1757,1931,2204,2371,2459,2651,2705,2801,3108,3529,3661,3625,3554,3801,3821,4042,4083,4126,4154,4229,4535,4583,4980,5406
TLK1,"Gloucestershire, Wiltshire and Bath/Bristol Area",86,Human health activities,1185,1139,1201,1256,1660,1777,1887,2066,2246,2291,2380,2549,2713,2768,2984,3002,3174,3359,3424,3387,3568,3659,3942,4626,4779
TLK1,"Gloucestershire, Wiltshire and Bath/Bristol Area",87,Residential care activities,248,266,310,321,331,362,432,455,457,478,502,556,557,620,612,569,609,597,670,609,651,746,843,671,594
TLK1,"Gloucestershire, Wiltshire and Bath/Bristol Area",88,Social work activities,239,262,291,340,347,405,460,480,513,588,591,505,540,586,644,724,710,749,826,923,959,1001,910,1251,1335
TLK1,"Gloucestershire, Wiltshire and Bath/Bristol Area",90,"Creative, arts and entertainment activities",70,76,95,105,120,122,118,128,145,158,150,177,192,191,167,159,130,132,124,163,188,164,82,169,201
TLK1,"Gloucestershire, Wiltshire and Bath/Bristol Area",91,"Libraries, archives, museums and other cultural activities",52,48,48,42,44,72,80,91,96,85,83,90,77,66,66,71,75,73,84,98,92,112,131,69,81
TLK1,"Gloucestershire, Wiltshire and Bath/Bristol Area",92,Gambling and betting activities,41,53,47,48,55,80,89,93,80,80,72,79,78,95,83,106,129,99,64,99,87,102,62,138,155
TLK1,"Gloucestershire, Wiltshire and Bath/Bristol Area",93,"Sports, amusement and recreation activities",98,102,114,152,171,236,243,237,239,216,229,231,219,223,256,285,331,321,320,271,312,336,193,298,372
TLK1,"Gloucestershire, Wiltshire and Bath/Bristol Area",94,Activities of membership organisations,107,109,117,133,157,184,201,225,235,187,209,243,215,174,213,220,218,216,200,236,211,260,218,242,270
TLK1,"Gloucestershire, Wiltshire and Bath/Bristol Area",95,"Repair of computers, personal and household goods",67,60,58,52,56,49,53,52,58,53,67,61,72,79,69,64,65,68,87,90,107,99,46,94,128
TLK1,"Gloucestershire, Wiltshire and Bath/Bristol Area",96,Other personal service activities,251,283,320,353,402,414,418,440,443,476,491,507,534,502,563,591,633,646,758,895,930,973,990,846,1002
TLK1,"Gloucestershire, Wiltshire and Bath/Bristol Area",T (97-98),Activities of households,75,82,114,120,78,57,69,111,97,97,112,117,134,157,176,138,157,123,184,207,257,276,214,179,166
TLK2,Dorset and Somerset,1,Agriculture and hunting,194,189,165,180,260,259,225,184,200,189,283,295,306,366,347,358,502,403,345,383,359,405,399,449,593
TLK2,Dorset and Somerset,2-3,Forestry and fishing,13,9,9,11,10,10,12,14,15,15,20,23,22,28,29,26,33,33,25,29,24,36,35,32,32
TLK2,Dorset and Somerset,B (5-9),Mining and quarrying,289,311,364,292,297,262,249,270,242,248,342,211,210,215,287,291,216,146,181,191,436,372,332,383,512
TLK2,Dorset and Somerset,10,Manufacture of food products,423,421,396,409,373,366,392,378,388,367,391,424,441,510,604,561,539,480,488,570,618,632,715,711,776
TLK2,Dorset and Somerset,11-12,Manufacture of beverages and tobacco products,44,59,60,59,70,64,77,95,120,138,173,130,100,103,70,40,52,46,33,33,40,49,39,81,79
TLK2,Dorset and Somerset,13,Manufacture of textiles,29,29,27,30,32,39,31,37,36,49,44,46,44,34,54,51,48,57,57,90,94,82,46,45,39
TLK2,Dorset and Somerset,14-15,Manufacture of wearing apparel and leather products,81,87,88,78,79,35,37,42,35,38,39,34,63,45,53,54,70,60,46,54,45,46,76,55,64
TLK2,Dorset and Somerset,16-17,Manufacture of wood and paper products,70,77,71,69,65,77,68,77,75,79,62,53,74,70,76,77,89,87,97,103,114,117,134,94,95
TLK2,Dorset and Somerset,18,Printing and reproduction of recorded media,94,95,95,81,70,87,72,92,98,96,107,96,99,79,78,79,85,70,65,77,68,53,82,85,102
TLK2,Dorset and Somerset,CD-CF (19-21),"Manufacture of petroleum, chemicals and pharmaceuticals",96,100,101,79,88,82,73,73,81,84,80,77,96,118,132,155,160,184,186,172,181,231,229,263,259
TLK2,Dorset and Somerset,22,Manufacture of rubber and plastic products,123,123,108,110,116,115,131,134,129,123,131,130,126,130,123,153,172,168,129,134,159,139,129,141,152
TLK2,Dorset and Somerset,23,Manufacture of other non-metallic mineral products,62,48,50,53,70,67,68,76,72,60,45,39,37,42,46,56,74,76,87,92,101,95,112,112,121
TLK2,Dorset and Somerset,24,Manufacture of basic metals,36,46,37,52,53,67,73,74,52,41,30,18,21,13,15,15,19,22,22,22,21,26,6,19,26
TLK2,Dorset and Somerset,25,Manufacture of fabricated metal products,208,174,161,188,261,266,269,268,249,228,283,233,292,298,311,366,343,350,350,339,376,344,347,297,297
TLK2,Dorset and Somerset,CI (26),"Manufacture of computer, electronic and optical products",259,242,245,244,272,214,239,198,219,186,182,217,287,307,309,311,307,266,287,342,321,311,346,434,481
TLK2,Dorset and Somerset,CJ (27),Manufacture of electrical equipment,107,120,120,118,128,114,122,108,129,127,129,117,129,136,156,155,201,183,218,262,260,276,293,305,311
TLK2,Dorset and Somerset,CK (28),Manufacture of machinery and equipment,226,268,267,240,240,217,251,233,261,241,232,183,275,279,256,272,284,338,274,336,370,360,333,376,358
TLK2,Dorset and Somerset,29,Manufacture of motor vehicles,56,58,66,62,59,40,45,38,37,35,46,52,71,54,43,68,79,77,69,81,63,66,67,85,82
TLK2,Dorset and Somerset,30,Manufacture of other transport equipment,332,389,446,436,395,453,525,519,517,477,541,469,413,515,528,480,459,462,463,453,499,539,555,431,417
TLK2,Dorset and Somerset,31,Manufacture of furniture,60,66,71,66,62,72,64,69,73,78,67,57,61,68,63,66,63,69,79,96,95,94,90,106,108
TLK2,Dorset and Somerset,32,Other manufacturing,52,69,63,61,58,56,57,63,61,62,75,79,98,101,98,95,94,109,107,97,93,102,126,108,120
TLK2,Dorset and Somerset,33,Repair and installation of machinery and equipment,204,243,238,175,185,170,179,175,167,163,148,137,161,133,159,188,174,177,200,175,188,191,212,200,199
TLK2,Dorset and Somerset,D (35),"Electricity, gas, steam and air conditioning supply",209,206,160,143,164,202,222,308,402,422,372,378,255,232,323,355,336,452,449,445,394,463,397,260,266
TLK2,Dorset and Somerset,E (36-39),Water supply; sewerage and waste management,212,231,238,248,219,218,231,240,256,261,286,332,357,385,373,381,382,386,418,398,389,362,364,415,434
TLK2,Dorset and Somerset,41,Construction of buildings,302,349,385,396,483,558,549,651,634,643,600,460,483,464,421,448,455,577,559,617,616,616,615,767,902
TLK2,Dorset and Somerset,42,Civil engineering,143,169,192,193,192,190,217,212,179,192,226,224,230,227,248,224,227,267,285,305,325,359,269,309,342
TLK2,Dorset and Somerset,43,Specialised construction activities,369,448,500,505,539,655,660,711,677,679,779,716,708,753,797,920,1004,1027,1097,1229,1325,1216,1059,1123,1304
TLK2,Dorset and Somerset,45,Motor trades,287,308,285,313,310,344,365,464,441,471,440,352,472,489,492,494,505,494,470,540,477,552,449,551,574
TLK2,Dorset and Somerset,46,Wholesale trade,474,451,465,512,463,514,631,644,722,745,784,874,895,749,622,547,600,653,755,850,894,818,788,790,843
TLK2,Dorset and Somerset,47,Retail trade,1006,1112,1224,1265,1323,1345,1414,1374,1437,1408,1377,1444,1357,1344,1483,1468,1563,1673,1650,1701,1694,1877,1777,1925,2038
TLK2,Dorset and Somerset,49,Land transport,271,291,294,299,278,288,303,310,321,351,329,313,331,329,292,299,326,328,317,304,331,321,297,335,416
TLK2,Dorset and Somerset,50-51,Water and air transport,34,37,39,40,37,43,46,43,35,34,45,41,46,64,70,70,63,62,60,62,60,63,31,31,38
TLK2,Dorset and Somerset,52,Warehousing and transport support activities,74,107,130,112,109,134,132,135,143,137,169,187,157,144,158,173,198,183,181,172,193,180,155,283,286
TLK2,Dorset and Somerset,53,Postal and courier activities,100,105,113,122,116,119,117,133,150,145,152,163,161,155,171,171,141,139,123,134,145,170,174,187,179
TLK2,Dorset and Somerset,55,Accommodation,145,166,168,180,207,232,256,243,266,280,293,262,275,296,319,342,395,410,505,567,517,533,318,528,685
TLK2,Dorset and Somerset,56,Food and beverage service activities,343,362,406,401,453,460,465,501,501,522,495,488,510,535,534,538,588,576,540,620,634,596,508,644,829
TLK2,Dorset and Somerset,58,Publishing activities,93,84,88,104,102,101,104,100,106,117,91,89,66,66,66,74,82,73,73,73,68,62,74,80,80
TLK2,Dorset and Somerset,59-60,"Film and TV production, programming and broadcasting",14,15,17,18,18,21,24,23,31,38,40,43,45,44,40,40,35,42,46,47,47,50,40,69,94
TLK2,Dorset and Somerset,61,Telecommunications,153,164,162,149,141,150,141,139,141,126,118,122,116,119,106,114,140,151,181,221,230,215,253,249,262
TLK2,Dorset and Somerset,62,Computer programming and consultancy,79,100,151,157,186,263,265,269,311,335,326,331,330,374,372,360,385,395,469,468,507,468,545,400,453
TLK2,Dorset and Somerset,63,Information service activities,28,30,37,42,44,43,41,43,51,58,43,35,30,30,26,24,19,20,22,26,30,35,53,70,59
TLK2,Dorset and Somerset,64,Financial service activities,402,451,462,460,552,620,736,808,891,1014,1168,1323,1269,1247,1110,1037,994,1093,1066,1093,1180,1146,1196,1359,1347
TLK2,Dorset and Somerset,65,Insurance and pension funding,275,207,217,214,167,208,210,300,286,285,360,293,260,244,272,323,522,294,302,446,475,433,374,482,497
TLK2,Dorset and Somerset,66,Activities auxiliary to finance and insurance,44,86,83,110,92,129,94,96,118,142,153,218,208,254,236,315,244,301,428,455,387,434,412,466,511
TLK2,Dorset and Somerset,68IMP,Owner-occupiers' imputed rental,2686,2802,2911,2889,2851,2868,2912,2920,3064,3069,3380,2922,2806,2894,3012,3037,3166,3244,3553,3665,3892,4139,3973,4278,4678
TLK2,Dorset and Somerset,68,"Real estate activities, excluding imputed rental",428,464,510,510,538,581,597,634,672,708,830,818,909,1011,1041,1074,1191,1246,1329,1396,1400,1473,1492,1433,1511
TLK2,Dorset and Somerset,69,Legal and accounting activities,184,185,231,229,178,210,237,267,275,270,246,239,245,267,283,319,360,420,477,590,484,526,502,571,630
TLK2,Dorset and Somerset,70,Head offices and management consultancy,84,82,102,121,131,129,128,141,154,169,169,168,165,172,173,205,235,210,235,250,270,297,255,276,324
TLK2,Dorset and Somerset,71,Architectural and engineering activities,143,157,178,184,201,201,226,246,274,314,310,310,313,296,314,335,359,358,286,317,283,308,344,255,283
TLK2,Dorset and Somerset,72,Scientific research and development,18,20,27,54,78,85,101,97,89,103,116,115,162,162,146,131,160,146,154,148,177,169,209,239,281
TLK2,Dorset and Somerset,73,Advertising and market research,42,41,43,46,55,58,58,57,59,69,67,68,77,77,82,83,90,116,105,122,142,138,113,130,150
TLK2,Dorset and Somerset,74,"Other professional, scientific and technical activities",51,55,62,63,65,67,73,84,91,93,78,74,71,73,74,93,117,108,113,117,124,132,122,165,166
TLK2,Dorset and Somerset,75,Veterinary activities,30,37,39,41,46,43,50,66,63,64,53,51,80,77,81,89,90,100,113,102,111,116,137,150,182
TLK2,Dorset and Somerset,77,Rental and leasing activities,55,78,88,114,128,133,133,162,163,161,153,130,120,98,94,119,138,131,120,151,150,177,106,142,155
TLK2,Dorset and Somerset,78,Employment activities,77,103,131,151,141,163,160,172,173,195,204,188,207,225,214,232,252,258,262,252,292,305,261,260,352
TLK2,Dorset and Somerset,79,Travel agency and tour operator activities,34,35,32,30,29,32,36,45,50,55,58,53,47,45,48,49,54,60,70,52,49,42,39,31,78
TLK2,Dorset and Somerset,80,Security and investigation activities,14,12,14,15,15,16,16,16,15,16,15,14,15,16,14,16,19,21,22,20,23,22,33,41,45
TLK2,Dorset and Somerset,81,Services to buildings and landscape activities,50,53,53,56,58,70,80,92,95,110,130,122,99,100,93,105,99,89,99,98,93,109,138,151,188
TLK2,Dorset and Somerset,82,Office administration and business support activities,76,68,85,101,93,98,107,127,135,141,143,157,189,190,207,224,229,207,215,273,270,284,255,394,387
TLK2,Dorset and Somerset,O (84),Public administration and defence,831,891,989,952,961,1025,985,1160,1245,1185,1327,1531,1509,1419,1467,1463,1396,1436,1429,1620,1631,1707,1708,1735,1947
TLK2,Dorset and Somerset,P (85),Education,934,937,932,1007,956,1008,1120,1259,1413,1473,1591,1550,1502,1527,1600,1653,1776,1757,1731,1695,1767,1936,1986,2037,2296
TLK2,Dorset and Somerset,86,Human health activities,668,668,692,806,1020,1023,1075,1222,1237,1365,1368,1372,1405,1495,1484,1430,1562,1630,1656,1770,1764,1852,1918,2060,2125
TLK2,Dorset and Somerset,87,Residential care activities,156,164,178,176,182,205,242,277,277,331,370,414,424,465,478,473,474,446,464,445,491,485,559,602,553
TLK2,Dorset and Somerset,88,Social work activities,155,166,170,197,188,202,215,246,253,250,229,227,241,253,284,334,326,355,380,432,447,491,393,617,560
TLK2,Dorset and Somerset,90,"Creative, arts and entertainment activities",26,30,46,39,44,36,39,40,53,61,60,64,70,68,61,58,53,57,56,69,58,56,28,54,86
TLK2,Dorset and Somerset,91,"Libraries, archives, museums and other cultural activities",20,22,26,25,25,31,33,33,40,35,37,40,41,35,37,36,35,36,38,41,46,46,87,34,38
TLK2,Dorset and Somerset,92,Gambling and betting activities,18,19,22,27,33,42,49,50,45,42,37,29,26,31,28,33,36,33,23,34,32,35,18,48,48
TLK2,Dorset and Somerset,93,"Sports, amusement and recreation activities",60,69,83,86,78,85,109,100,122,110,118,126,119,130,150,184,217,219,219,232,228,213,120,226,241
TLK2,Dorset and Somerset,94,Activities of membership organisations,42,39,49,50,46,43,52,51,63,59,54,55,57,49,48,62,62,73,66,61,49,53,52,34,37
TLK2,Dorset and Somerset,95,"Repair of computers, personal and household goods",20,19,24,33,42,37,40,33,26,25,27,21,21,28,24,25,27,30,35,35,38,38,28,43,66
TLK2,Dorset and Somerset,96,Other personal service activities,148,160,181,194,198,190,211,210,241,257,273,329,330,316,326,332,370,407,457,524,570,553,384,700,918
TLK2,Dorset and Somerset,T (97-98),Activities of households,47,52,63,71,48,49,49,48,46,53,60,66,84,66,74,69,66,59,61,57,87,99,73,60,59
TLK3,Cornwall and Isles of Scilly,1,Agriculture and hunting,273,270,266,251,329,335,309,309,329,313,370,374,303,387,373,393,485,432,440,572,563,549,621,553,569
TLK3,Cornwall and Isles of Scilly,2-3,Forestry and fishing,12,13,11,16,22,23,25,29,29,27,31,32,33,37,39,34,43,37,31,39,31,42,41,34,34
TLK3,Cornwall and Isles of Scilly,B (5-9),Mining and quarrying,64,58,63,64,70,65,62,57,62,60,51,45,47,49,59,63,62,66,60,60,67,75,54,69,91
TLK3,Cornwall and Isles of Scilly,10,Manufacture of food products,163,160,175,176,187,184,188,210,215,235,231,233,214,184,199,214,248,243,257,276,268,244,232,316,370
TLK3,Cornwall and Isles of Scilly,11-12,Manufacture of beverages and tobacco products,2,4,5,4,5,7,8,10,10,11,18,20,18,14,9,6,12,13,13,19,21,25,18,41,56
TLK3,Cornwall and Isles of Scilly,13,Manufacture of textiles,7,7,8,7,7,7,6,6,5,6,6,6,5,4,7,6,6,7,9,12,11,9,7,9,9
TLK3,Cornwall and Isles of Scilly,14-15,Manufacture of wearing apparel and leather products,16,16,12,9,10,11,10,8,5,6,6,5,10,7,11,10,13,15,7,9,9,8,5,12,12
TLK3,Cornwall and Isles of Scilly,16-17,Manufacture of wood and paper products,22,25,25,23,29,35,36,39,32,29,29,21,29,33,35,35,36,37,38,38,43,42,53,37,34
TLK3,Cornwall and Isles of Scilly,18,Printing and reproduction of recorded media,28,30,33,30,32,36,36,41,40,35,43,49,52,49,46,48,45,36,38,47,37,28,44,47,54
TLK3,Cornwall and Isles of Scilly,CD-CF (19-21),"Manufacture of petroleum, chemicals and pharmaceuticals",17,19,17,17,20,16,14,14,12,15,15,15,16,22,21,19,18,15,13,14,15,19,19,20,25
TLK3,Cornwall and Isles of Scilly,22,Manufacture of rubber and plastic products,28,29,29,38,36,36,39,38,38,45,48,53,40,40,43,53,51,63,61,63,69,64,68,72,74
TLK3,Cornwall and Isles of Scilly,23,Manufacture of other non-metallic mineral products,18,15,16,17,18,20,22,25,27,33,31,31,22,23,28,30,29,27,29,21,17,20,8,34,31
TLK3,Cornwall and Isles of Scilly,24,Manufacture of basic metals,4,3,3,5,5,5,5,5,4,5,6,3,3,2,2,2,3,4,5,6,8,8,2,9,11
TLK3,Cornwall and Isles of Scilly,25,Manufacture of fabricated metal products,29,23,27,35,34,36,37,39,38,44,50,41,47,50,52,64,58,58,58,61,63,58,62,49,54
TLK3,Cornwall and Isles of Scilly,CI (26),"Manufacture of computer, electronic and optical products",28,21,15,15,14,18,23,16,12,14,19,23,39,40,38,37,36,36,35,43,41,44,54,57,66
TLK3,Cornwall and Isles of Scilly,CJ (27),Manufacture of electrical equipment,19,16,19,17,16,20,21,16,13,14,16,11,11,11,13,16,18,17,19,20,14,11,4,5,5
TLK3,Cornwall and Isles of Scilly,CK (28),Manufacture of machinery and equipment,62,50,50,56,54,70,66,55,44,49,59,49,69,68,69,68,64,69,79,95,96,101,99,138,124
TLK3,Cornwall and Isles of Scilly,29,Manufacture of motor vehicles,4,3,5,4,4,4,3,3,2,2,3,3,3,3,3,4,3,4,4,6,4,4,2,5,6
TLK3,Cornwall and Isles of Scilly,30,Manufacture of other transport equipment,24,23,18,22,24,27,30,22,22,27,29,21,21,27,32,30,27,25,19,16,15,16,11,12,15
TLK3,Cornwall and Isles of Scilly,31,Manufacture of furniture,12,13,13,13,14,18,17,19,20,19,15,12,13,13,10,9,10,12,15,17,19,22,22,24,29
TLK3,Cornwall and Isles of Scilly,32,Other manufacturing,19,23,25,22,23,30,28,27,23,22,24,23,27,26,25,24,24,28,31,25,28,26,27,29,35
TLK3,Cornwall and Isles of Scilly,33,Repair and installation of machinery and equipment,24,22,18,19,19,25,26,20,19,21,32,39,63,71,73,79,81,80,85,100,104,102,85,85,106
TLK3,Cornwall and Isles of Scilly,D (35),"Electricity, gas, steam and air conditioning supply",48,41,46,52,50,57,60,57,60,57,66,85,77,64,87,98,119,144,120,123,114,152,120,92,91
TLK3,Cornwall and Isles of Scilly,E (36-39),Water supply; sewerage and waste management,70,73,75,79,75,94,93,105,125,117,146,129,127,135,137,151,149,144,143,150,156,149,156,147,156
TLK3,Cornwall and Isles of Scilly,41,Construction of buildings,112,119,132,138,170,192,194,232,237,256,246,206,230,223,211,218,222,262,261,284,278,278,282,368,444
TLK3,Cornwall and Isles of Scilly,42,Civil engineering,58,64,73,69,75,91,105,127,144,168,166,133,109,107,134,145,140,145,165,193,210,205,227,197,238
TLK3,Cornwall and Isles of Scilly,43,Specialised construction activities,144,164,184,184,206,199,220,246,240,232,224,225,249,269,277,324,382,431,453,510,503,537,524,486,558
TLK3,Cornwall and Isles of Scilly,45,Motor trades,71,87,94,113,120,142,127,144,127,146,155,158,184,194,206,183,178,180,173,170,190,170,201,213,214
TLK3,Cornwall and Isles of Scilly,46,Wholesale trade,142,126,146,187,174,185,159,173,167,172,167,175,215,192,257,259,245,247,245,270,265,325,344,403,447
TLK3,Cornwall and Isles of Scilly,47,Retail trade,365,418,415,438,462,511,527,524,593,570,562,529,507,563,600,624,610,631,708,807,850,870,755,958,971
TLK3,Cornwall and Isles of Scilly,49,Land transport,84,85,93,107,107,112,122,109,131,152,144,150,128,129,99,94,103,99,90,98,109,117,89,118,154
TLK3,Cornwall and Isles of Scilly,50-51,Water and air transport,18,23,28,24,19,22,26,23,19,20,37,32,38,54,54,56,51,56,58,56,54,51,35,49,51
TLK3,Cornwall and Isles of Scilly,52,Warehousing and transport support activities,24,20,15,14,16,13,12,18,31,36,44,50,57,55,59,54,51,54,53,57,58,51,31,52,58
TLK3,Cornwall and Isles of Scilly,53,Postal and courier activities,40,38,39,41,39,41,41,48,51,51,53,55,57,58,64,66,64,69,58,57,55,62,79,65,62
TLK3,Cornwall and Isles of Scilly,55,Accommodation,87,102,102,122,141,172,165,183,196,212,225,211,221,227,206,215,219,240,292,339,379,343,369,509,640
TLK3,Cornwall and Isles of Scilly,56,Food and beverage service activities,164,179,191,214,228,247,233,248,236,245,239,227,255,278,308,311,337,372,379,458,487,525,204,385,508
TLK3,Cornwall and Isles of Scilly,58,Publishing activities,13,14,14,14,16,17,20,20,20,21,19,21,20,19,20,21,22,18,20,22,19,19,18,20,20
TLK3,Cornwall and Isles of Scilly,59-60,"Film and TV production, programming and broadcasting",4,5,6,7,8,9,9,10,12,13,17,20,19,19,21,21,18,21,26,30,34,38,33,48,57
TLK3,Cornwall and Isles of Scilly,61,Telecommunications,38,43,49,50,54,56,55,54,58,57,58,68,60,64,65,65,67,62,77,87,99,106,112,131,137
TLK3,Cornwall and Isles of Scilly,62,Computer programming and consultancy,12,14,16,18,20,23,22,19,18,25,24,29,24,25,28,34,38,36,29,38,43,53,45,36,45
TLK3,Cornwall and Isles of Scilly,63,Information service activities,4,4,5,5,5,5,5,4,5,5,4,4,4,4,3,3,2,2,3,4,4,5,7,6,7
TLK3,Cornwall and Isles of Scilly,64,Financial service activities,55,56,66,64,71,72,86,91,114,110,147,163,165,145,143,148,133,127,127,118,116,98,66,63,71
TLK3,Cornwall and Isles of Scilly,65,Insurance and pension funding,22,18,8,11,25,28,43,53,66,72,8,4,1,2,4,7,18,9,8,7,4,3,2,0,1
TLK3,Cornwall and Isles of Scilly,66,Activities auxiliary to finance and insurance,11,12,14,11,12,11,16,18,23,30,32,52,56,51,61,66,57,53,53,72,62,76,72,79,117
TLK3,Cornwall and Isles of Scilly,68IMP,Owner-occupiers' imputed rental,965,991,1029,1012,1089,1180,1219,1246,1319,1275,1423,1231,1183,1216,1265,1245,1303,1301,1425,1449,1547,1659,1626,1805,1967
TLK3,Cornwall and Isles of Scilly,68,"Real estate activities, excluding imputed rental",137,139,143,153,201,228,229,244,258,259,348,315,313,340,376,401,415,435,443,509,519,539,540,587,598
TLK3,Cornwall and Isles of Scilly,69,Legal and accounting activities,45,52,49,40,45,62,58,68,76,67,78,93,102,99,92,93,90,102,113,98,96,86,66,133,135
TLK3,Cornwall and Isles of Scilly,70,Head offices and management consultancy,18,17,19,22,24,26,25,30,37,38,39,38,38,35,39,41,44,40,40,34,37,47,52,52,55
TLK3,Cornwall and Isles of Scilly,71,Architectural and engineering activities,33,35,35,33,38,44,46,47,55,53,52,51,53,46,50,52,52,59,63,75,77,81,76,55,65
TLK3,Cornwall and Isles of Scilly,72,Scientific research and development,20,25,19,27,42,51,53,41,35,45,42,41,49,45,42,32,44,43,40,42,43,39,42,58,43
TLK3,Cornwall and Isles of Scilly,73,Advertising and market research,6,7,9,10,14,17,19,19,22,21,17,16,22,24,25,24,25,32,27,29,32,38,40,42,55
TLK3,Cornwall and Isles of Scilly,74,"Other professional, scientific and technical activities",19,22,23,24,27,30,32,32,38,38,38,39,43,44,44,46,55,51,61,66,70,79,68,96,122
TLK3,Cornwall and Isles of Scilly,75,Veterinary activities,12,14,14,16,20,19,19,24,27,26,22,20,34,33,35,36,34,32,38,40,44,50,55,72,87
TLK3,Cornwall and Isles of Scilly,77,Rental and leasing activities,28,25,24,38,47,47,40,41,46,52,54,48,44,40,38,39,43,49,59,69,54,55,45,91,102
TLK3,Cornwall and Isles of Scilly,78,Employment activities,10,16,18,18,30,45,61,72,71,62,58,43,42,56,59,65,79,95,107,113,129,128,116,150,178
TLK3,Cornwall and Isles of Scilly,79,Travel agency and tour operator activities,6,7,7,9,10,9,7,9,11,13,14,15,16,17,16,15,15,12,15,14,11,11,3,4,8
TLK3,Cornwall and Isles of Scilly,80,Security and investigation activities,2,2,3,2,3,3,4,3,4,5,5,6,6,6,6,7,9,9,9,8,9,8,6,8,7
TLK3,Cornwall and Isles of Scilly,81,Services to buildings and landscape activities,11,11,14,16,19,19,21,19,20,24,31,31,21,20,18,16,19,23,30,34,30,37,42,42,58
TLK3,Cornwall and Isles of Scilly,82,Office administration and business support activities,22,26,24,22,25,26,23,23,26,28,34,50,56,55,55,56,63,60,63,73,79,80,63,100,89
TLK3,Cornwall and Isles of Scilly,O (84),Public administration and defence,387,388,421,446,440,454,496,529,642,665,694,627,651,598,607,666,655,701,715,818,783,738,733,796,889
TLK3,Cornwall and Isles of Scilly,P (85),Education,227,263,327,358,382,386,413,451,468,473,500,519,507,508,522,536,537,544,565,567,584,639,660,694,771
TLK3,Cornwall and Isles of Scilly,86,Human health activities,255,227,231,283,264,308,345,400,462,515,556,495,499,574,490,487,541,532,591,576,560,609,671,762,760
TLK3,Cornwall and Isles of Scilly,87,Residential care activities,50,50,58,55,61,79,91,97,98,87,78,67,77,69,81,75,68,83,102,110,128,153,179,212,179
TLK3,Cornwall and Isles of Scilly,88,Social work activities,63,66,74,87,79,94,109,114,116,115,92,103,116,147,184,176,163,203,196,236,242,259,243,344,320
TLK3,Cornwall and Isles of Scilly,90,"Creative, arts and entertainment activities",13,14,22,14,16,13,17,14,23,24,24,32,34,32,31,27,24,27,24,31,26,30,11,23,32
TLK3,Cornwall and Isles of Scilly,91,"Libraries, archives, museums and other cultural activities",7,7,9,9,10,13,16,16,21,16,20,24,26,26,30,29,34,40,47,57,58,52,65,64,70
TLK3,Cornwall and Isles of Scilly,92,Gambling and betting activities,7,7,6,6,8,11,15,13,12,11,11,9,7,7,6,6,6,4,4,7,6,7,13,8,11
TLK3,Cornwall and Isles of Scilly,93,"Sports, amusement and recreation activities",20,23,25,23,24,25,39,37,51,49,50,46,51,53,52,63,73,70,64,51,63,67,25,79,91
TLK3,Cornwall and Isles of Scilly,94,Activities of membership organisations,16,15,17,20,22,21,28,33,35,29,35,37,42,37,34,36,30,29,33,34,35,36,47,26,27
TLK3,Cornwall and Isles of Scilly,95,"Repair of computers, personal and household goods",3,4,5,5,5,5,6,6,13,12,15,15,15,18,15,15,14,13,16,16,14,15,12,22,26
TLK3,Cornwall and Isles of Scilly,96,Other personal service activities,58,62,68,78,83,82,91,101,104,113,107,114,114,109,106,118,130,131,131,143,162,142,105,167,199
TLK3,Cornwall and Isles of Scilly,T (97-98),Activities of households,23,16,21,23,29,28,26,24,21,22,32,28,39,28,34,27,24,23,23,31,44,49,39,30,52
TLK4,Devon,1,Agriculture and hunting,178,166,141,111,228,226,200,190,213,171,293,312,308,373,342,364,524,442,358,388,368,413,417,466,602
TLK4,Devon,2-3,Forestry and fishing,10,14,15,26,26,27,29,31,30,30,34,37,38,44,48,43,51,44,37,48,41,61,63,57,58
TLK4,Devon,B (5-9),Mining and quarrying,47,43,49,45,46,46,51,53,65,58,53,29,30,32,40,41,40,37,30,32,42,46,44,48,51
TLK4,Devon,10,Manufacture of food products,399,333,336,371,352,338,368,347,345,300,248,240,217,191,203,227,198,216,222,247,276,285,239,372,424
TLK4,Devon,11-12,Manufacture of beverages and tobacco products,5,7,8,6,6,6,8,9,11,12,17,20,23,25,23,23,32,39,28,27,22,19,6,12,12
TLK4,Devon,13,Manufacture of textiles,36,41,46,49,53,47,42,47,47,54,60,62,73,58,66,63,62,72,74,91,82,70,57,61,64
TLK4,Devon,14-15,Manufacture of wearing apparel and leather products,36,36,34,30,30,21,20,19,19,16,12,11,20,15,20,20,30,31,14,24,25,22,11,21,33
TLK4,Devon,16-17,Manufacture of wood and paper products,80,82,72,71,75,69,73,72,69,63,57,46,63,63,64,53,51,57,68,78,80,81,96,70,75
TLK4,Devon,18,Printing and reproduction of recorded media,35,36,38,40,40,40,45,51,64,60,62,68,65,60,56,62,61,60,53,56,59,48,82,90,97
TLK4,Devon,CD-CF (19-21),"Manufacture of petroleum, chemicals and pharmaceuticals",100,128,126,113,133,132,131,131,164,188,201,225,212,214,198,210,219,270,270,260,232,214,178,204,233
TLK4,Devon,22,Manufacture of rubber and plastic products,72,81,81,86,74,75,83,82,90,91,87,88,96,94,85,100,104,118,93,99,114,90,89,109,111
TLK4,Devon,23,Manufacture of other non-metallic mineral products,64,59,55,52,49,51,53,51,54,55,45,41,44,47,44,36,36,46,51,44,54,49,57,41,41
TLK4,Devon,24,Manufacture of basic metals,32,39,45,51,42,48,36,43,45,46,45,27,38,38,47,57,60,49,50,54,46,66,36,37,43
TLK4,Devon,25,Manufacture of fabricated metal products,94,108,103,104,102,88,92,86,127,123,134,100,116,120,131,156,150,156,157,184,216,202,207,171,172
TLK4,Devon,CI (26),"Manufacture of computer, electronic and optical products",294,256,254,260,226,208,247,227,230,204,182,196,198,211,200,186,171,149,217,224,168,173,240,305,441
TLK4,Devon,CJ (27),Manufacture of electrical equipment,65,70,68,73,63,65,61,69,71,63,67,56,61,66,66,72,90,78,88,99,111,115,115,128,121
TLK4,Devon,CK (28),Manufacture of machinery and equipment,178,163,181,184,194,195,166,156,152,157,172,128,190,179,206,181,177,170,196,240,238,225,235,258,245
TLK4,Devon,29,Manufacture of motor vehicles,17,15,25,24,25,27,18,12,11,8,13,15,21,19,18,25,31,42,43,50,36,43,44,67,115
TLK4,Devon,30,Manufacture of other transport equipment,203,251,207,234,217,238,240,221,246,271,389,341,331,442,440,470,497,442,437,539,587,588,539,567,600
TLK4,Devon,31,Manufacture of furniture,55,61,65,72,57,52,55,60,72,85,74,88,92,97,90,78,75,81,87,83,79,69,61,86,89
TLK4,Devon,32,Other manufacturing,54,63,63,65,60,57,60,57,69,68,76,90,99,106,109,105,102,110,115,117,94,97,107,118,128
TLK4,Devon,33,Repair and installation of machinery and equipment,134,154,130,133,148,138,130,136,154,172,112,31,40,44,45,53,51,53,56,67,72,76,54,66,76
TLK4,Devon,D (35),"Electricity, gas, steam and air conditioning supply",263,242,236,256,254,244,259,222,271,283,332,438,314,284,393,429,391,382,412,410,392,439,357,322,342
TLK4,Devon,E (36-39),Water supply; sewerage and waste management,328,338,339,347,343,303,295,319,297,377,408,410,454,492,497,545,529,513,540,594,587,524,515,585,568
TLK4,Devon,41,Construction of buildings,261,289,315,311,366,452,497,511,509,535,509,411,420,376,379,429,448,560,629,708,691,711,642,791,921
TLK4,Devon,42,Civil engineering,142,172,171,188,208,264,301,279,288,282,307,234,239,195,229,242,226,241,274,307,328,263,210,250,294
TLK4,Devon,43,Specialised construction activities,312,401,417,415,513,570,624,655,693,693,668,687,755,796,742,782,856,982,883,854,914,1062,760,916,1042
TLK4,Devon,45,Motor trades,219,199,204,240,272,306,310,364,317,379,342,292,406,349,322,317,396,455,450,506,464,418,377,662,706
TLK4,Devon,46,Wholesale trade,306,329,317,351,352,385,399,532,548,452,444,424,489,452,508,593,616,624,637,729,852,872,879,1112,1265
TLK4,Devon,47,Retail trade,980,1014,1026,1001,1050,1153,1116,1036,1171,1145,1101,1177,1170,1158,1221,1268,1243,1327,1422,1428,1432,1386,1368,1721,1725
TLK4,Devon,49,Land transport,202,222,234,255,244,235,268,252,278,323,330,349,369,369,302,302,289,298,307,332,361,360,248,140,212
TLK4,Devon,50-51,Water and air transport,41,47,53,44,34,37,45,46,42,38,57,44,48,72,81,84,79,71,65,67,58,63,71,89,104
TLK4,Devon,52,Warehousing and transport support activities,27,32,35,36,44,43,62,53,68,67,80,77,94,91,104,99,93,81,74,72,83,96,104,153,157
TLK4,Devon,53,Postal and courier activities,138,141,157,172,166,167,184,193,213,217,233,237,215,212,231,236,199,203,174,187,186,185,182,302,300
TLK4,Devon,55,Accommodation,142,146,139,155,179,212,246,285,289,292,279,270,316,350,374,367,360,362,461,463,428,538,268,412,493
TLK4,Devon,56,Food and beverage service activities,307,341,358,382,382,403,451,493,481,490,474,471,490,537,559,584,581,551,545,645,615,542,423,828,1094
TLK4,Devon,58,Publishing activities,69,76,75,71,73,74,83,83,82,86,80,82,83,79,86,84,91,85,98,91,89,87,89,95,114
TLK4,Devon,59-60,"Film and TV production, programming and broadcasting",33,41,52,45,48,59,62,58,56,57,61,60,59,65,69,74,71,88,96,75,84,88,65,80,98
TLK4,Devon,61,Telecommunications,173,170,194,208,257,316,353,354,369,393,321,290,287,331,316,324,388,404,482,546,483,455,407,521,534
TLK4,Devon,62,Computer programming and consultancy,38,50,66,71,70,87,82,68,62,83,74,58,68,101,131,133,143,146,155,175,143,158,116,233,244
TLK4,Devon,63,Information service activities,22,26,33,34,27,19,22,39,62,72,59,51,45,22,19,20,21,24,28,30,29,32,27,22,25
TLK4,Devon,64,Financial service activities,164,177,166,160,212,220,264,266,272,274,409,472,489,381,361,339,294,287,259,220,211,216,195,152,200
TLK4,Devon,65,Insurance and pension funding,166,162,143,141,118,110,151,169,157,160,132,186,178,224,236,207,264,186,151,173,105,100,58,44,71
TLK4,Devon,66,Activities auxiliary to finance and insurance,35,41,26,48,37,43,41,45,60,60,73,91,72,60,89,116,93,118,179,221,204,232,201,230,248
TLK4,Devon,68IMP,Owner-occupiers' imputed rental,2069,2095,2121,2193,2218,2260,2409,2481,2592,2572,2826,2459,2321,2381,2482,2473,2603,2671,2865,2904,3148,3336,3205,3450,3845
TLK4,Devon,68,"Real estate activities, excluding imputed rental",345,345,349,381,430,487,505,541,563,593,783,699,782,881,895,926,978,1015,1048,1108,1108,1136,1148,1246,1303
TLK4,Devon,69,Legal and accounting activities,144,168,180,165,174,227,226,231,234,228,238,284,288,260,259,282,305,318,327,332,354,402,430,411,429
TLK4,Devon,70,Head offices and management consultancy,45,38,47,72,68,79,75,76,81,84,99,115,118,112,120,151,154,138,134,115,123,146,137,167,174
TLK4,Devon,71,Architectural and engineering activities,72,83,90,99,110,133,182,181,192,198,181,165,160,130,125,168,182,201,201,181,188,215,203,322,351
TLK4,Devon,72,Scientific research and development,115,144,137,138,142,131,167,180,199,232,213,151,151,128,87,97,111,98,88,74,71,60,62,85,103
TLK4,Devon,73,Advertising and market research,21,28,29,28,33,42,43,51,70,71,62,66,78,79,76,80,74,86,72,90,94,102,88,96,97
TLK4,Devon,74,"Other professional, scientific and technical activities",38,49,60,58,64,69,76,77,80,81,82,84,98,165,180,217,241,245,252,275,260,273,258,319,370
TLK4,Devon,75,Veterinary activities,29,36,37,36,45,38,47,51,51,49,46,52,70,75,74,84,79,93,99,106,111,113,129,156,189
TLK4,Devon,77,Rental and leasing activities,71,70,67,76,87,90,95,107,123,125,117,115,118,116,106,120,134,151,153,146,165,142,121,206,210
TLK4,Devon,78,Employment activities,71,83,80,83,90,110,126,126,131,140,142,132,128,149,154,170,183,196,183,183,186,197,193,223,245
TLK4,Devon,79,Travel agency and tour operator activities,36,38,37,36,38,33,34,36,40,43,42,46,49,51,57,52,63,62,66,50,62,57,30,22,49
TLK4,Devon,80,Security and investigation activities,13,16,18,20,18,18,16,18,19,17,15,15,13,16,17,23,31,34,36,33,37,35,31,38,37
TLK4,Devon,81,Services to buildings and landscape activities,43,44,44,52,59,62,73,70,68,70,78,81,89,95,82,86,90,106,131,160,177,205,140,198,241
TLK4,Devon,82,Office administration and business support activities,32,42,42,47,50,61,74,84,88,98,113,142,163,154,166,154,171,169,154,155,149,138,132,202,204
TLK4,Devon,O (84),Public administration and defence,958,1025,1074,1101,1191,1259,1430,1580,1684,1603,1648,1731,1742,1751,1763,1744,1753,1944,1990,2026,2072,2066,2006,2124,2447
TLK4,Devon,P (85),Education,643,699,747,841,850,919,1065,1151,1255,1428,1475,1414,1562,1610,1620,1661,1663,1677,1745,1809,1893,2000,2112,2193,2426
TLK4,Devon,86,Human health activities,630,641,683,725,813,892,1101,1136,1203,1199,1247,1429,1522,1485,1487,1545,1641,1690,1707,1637,1632,1899,2061,2241,2328
TLK4,Devon,87,Residential care activities,194,209,229,242,242,276,321,332,355,353,341,329,325,375,406,422,415,368,337,307,338,353,363,417,364
TLK4,Devon,88,Social work activities,138,155,159,188,181,186,200,196,197,184,193,140,220,284,324,364,314,343,377,439,388,427,335,528,500
TLK4,Devon,90,"Creative, arts and entertainment activities",33,36,50,47,55,44,53,58,71,74,74,83,64,55,50,47,49,52,44,53,48,50,15,61,81
TLK4,Devon,91,"Libraries, archives, museums and other cultural activities",17,18,24,22,24,25,27,32,34,37,39,44,34,32,35,37,38,42,44,51,59,61,87,41,43
TLK4,Devon,92,Gambling and betting activities,28,31,30,36,40,61,73,72,65,58,34,23,14,19,20,28,39,41,38,59,55,61,20,51,59
TLK4,Devon,93,"Sports, amusement and recreation activities",71,77,89,99,105,104,119,132,143,137,162,177,143,117,116,126,147,144,140,127,141,143,67,149,193
TLK4,Devon,94,Activities of membership organisations,38,35,41,44,46,46,56,65,70,64,58,68,73,68,66,69,61,62,59,71,65,74,86,89,91
TLK4,Devon,95,"Repair of computers, personal and household goods",7,5,5,4,5,5,6,6,8,8,12,14,14,20,16,16,18,19,21,24,23,24,14,30,36
TLK4,Devon,96,Other personal service activities,124,129,142,154,178,171,184,204,215,236,239,253,251,239,232,235,249,274,321,319,338,360,280,335,368
TLK4,Devon,T (97-98),Activities of households,33,41,57,73,64,48,45,68,67,55,64,47,50,39,45,53,60,47,54,57,62,68,52,56,52
TLL1,West Wales and The Valleys,1,Agriculture and hunting,366,343,395,350,419,478,450,258,213,227,251,273,227,295,238,297,471,426,410,421,501,413,497,540,702
TLL1,West Wales and The Valleys,2-3,Forestry and fishing,20,20,19,22,21,20,22,25,26,27,32,39,41,51,54,47,56,52,45,49,42,52,46,47,55
TLL1,West Wales and The Valleys,B (5-9),Mining and quarrying,86,81,90,70,68,55,59,51,73,72,88,87,105,110,144,128,101,115,88,107,107,148,140,60,161
TLL1,West Wales and The Valleys,10,Manufacture of food products,320,323,377,408,376,371,398,428,395,436,431,394,362,395,434,460,450,467,462,492,582,634,660,581,654
TLL1,West Wales and The Valleys,11-12,Manufacture of beverages and tobacco products,10,9,9,7,9,10,11,14,14,20,25,29,32,39,30,29,36,43,47,46,36,37,27,25,28
TLL1,West Wales and The Valleys,13,Manufacture of textiles,46,39,39,39,38,41,36,48,46,58,55,65,66,56,67,74,63,70,66,89,96,85,72,126,138
TLL1,West Wales and The Valleys,14-15,Manufacture of wearing apparel and leather products,110,100,100,79,66,52,48,22,14,13,11,11,16,13,14,11,19,21,13,20,25,22,13,20,26
TLL1,West Wales and The Valleys,16-17,Manufacture of wood and paper products,106,97,108,101,105,116,117,116,96,111,116,127,174,164,190,193,199,209,246,226,214,251,263,204,229
TLL1,West Wales and The Valleys,18,Printing and reproduction of recorded media,86,88,110,104,94,99,103,108,86,81,83,95,93,86,84,80,82,103,148,150,159,148,155,87,94
TLL1,West Wales and The Valleys,CD-CF (19-21),"Manufacture of petroleum, chemicals and pharmaceuticals",522,446,389,437,373,383,573,494,390,566,552,499,619,623,599,760,729,1100,1085,1216,895,1087,813,826,1079
TLL1,West Wales and The Valleys,22,Manufacture of rubber and plastic products,223,256,262,280,282,280,287,286,296,289,253,248,277,335,333,375,345,365,330,272,327,328,300,367,402
TLL1,West Wales and The Valleys,23,Manufacture of other non-metallic mineral products,105,102,119,112,125,152,153,156,158,157,121,86,97,106,103,132,147,147,163,191,183,226,173,191,209
TLL1,West Wales and The Valleys,24,Manufacture of basic metals,415,418,463,370,326,307,272,274,352,377,387,277,383,283,304,323,386,422,386,360,272,298,249,368,397
TLL1,West Wales and The Valleys,25,Manufacture of fabricated metal products,318,315,313,281,310,321,319,329,302,289,363,330,297,375,338,360,352,340,332,262,354,434,398,422,417
TLL1,West Wales and The Valleys,CI (26),"Manufacture of computer, electronic and optical products",274,263,241,226,263,281,339,283,293,265,320,401,450,498,437,404,408,420,561,690,638,616,665,649,615
TLL1,West Wales and The Valleys,CJ (27),Manufacture of electrical equipment,226,204,219,211,227,219,227,190,195,200,169,160,153,127,136,141,150,128,126,136,134,149,149,183,190
TLL1,West Wales and The Valleys,CK (28),Manufacture of machinery and equipment,246,215,241,241,244,203,193,193,204,206,164,135,190,215,212,180,155,176,197,231,258,201,194,168,147
TLL1,West Wales and The Valleys,29,Manufacture of motor vehicles,311,293,336,294,328,376,354,363,386,415,485,349,431,441,442,573,638,534,449,410,423,471,467,420,380
TLL1,West Wales and The Valleys,30,Manufacture of other transport equipment,139,145,168,119,121,144,161,154,185,155,124,57,45,58,61,59,62,77,87,93,100,119,101,60,58
TLL1,West Wales and The Valleys,31,Manufacture of furniture,97,104,111,108,89,90,68,83,75,70,61,51,49,44,45,54,72,84,74,92,85,101,137,146,155
TLL1,West Wales and The Valleys,32,Other manufacturing,247,241,240,227,277,288,248,273,299,345,314,255,278,317,273,247,240,223,245,277,266,275,325,281,361
TLL1,West Wales and The Valleys,33,Repair and installation of machinery and equipment,108,109,110,74,87,72,72,86,113,97,159,405,540,534,698,794,828,678,668,620,614,497,260,187,227
TLL1,West Wales and The Valleys,D (35),"Electricity, gas, steam and air conditioning supply",322,271,260,229,290,350,349,411,514,531,523,537,386,353,484,571,569,743,676,648,582,677,667,478,567
TLL1,West Wales and The Valleys,E (36-39),Water supply; sewerage and waste management,412,406,415,471,570,599,578,675,661,635,711,639,725,749,701,650,673,691,647,700,692,710,607,777,771
TLL1,West Wales and The Valleys,41,Construction of buildings,360,367,375,422,488,483,487,602,615,645,563,438,430,382,377,395,451,535,580,647,744,811,649,820,958
TLL1,West Wales and The Valleys,42,Civil engineering,213,219,233,236,248,253,277,296,348,401,441,429,392,398,440,498,510,496,509,441,512,567,438,460,519
TLL1,West Wales and The Valleys,43,Specialised construction activities,482,509,515,575,579,648,673,761,805,876,878,725,801,884,880,911,1030,1087,1110,1260,1266,1230,1043,1227,1474
TLL1,West Wales and The Valleys,45,Motor trades,267,249,243,285,286,321,337,397,363,452,447,391,494,435,450,459,491,548,475,547,579,637,647,744,806
TLL1,West Wales and The Valleys,46,Wholesale trade,382,356,359,435,458,473,506,546,575,606,629,550,587,582,581,555,613,583,673,715,861,938,892,1020,1154
TLL1,West Wales and The Valleys,47,Retail trade,1241,1286,1417,1488,1487,1550,1668,1675,1865,1729,1732,1844,1792,1874,1870,1965,1849,1965,2099,2092,2322,2470,2191,2336,2360
TLL1,West Wales and The Valleys,49,Land transport,303,317,321,330,347,375,383,390,394,402,368,360,417,431,397,410,417,381,345,339,371,368,275,378,408
TLL1,West Wales and The Valleys,50-51,Water and air transport,53,62,75,71,63,105,177,167,130,107,120,72,85,128,129,132,122,140,161,155,153,166,141,247,339
TLL1,West Wales and The Valleys,52,Warehousing and transport support activities,60,47,47,72,58,59,61,61,84,75,107,156,175,180,156,190,194,227,225,265,277,315,261,273,363
TLL1,West Wales and The Valleys,53,Postal and courier activities,123,129,146,144,149,150,151,167,180,179,187,186,186,194,219,232,188,186,200,170,178,197,208,176,177
TLL1,West Wales and The Valleys,55,Accommodation,151,160,154,155,168,196,248,254,287,298,303,290,316,355,403,414,414,448,496,540,561,511,273,465,581
TLL1,West Wales and The Valleys,56,Food and beverage service activities,470,495,532,489,492,525,567,615,650,682,659,534,582,636,671,686,676,697,702,777,886,1011,676,881,1184
TLL1,West Wales and The Valleys,58,Publishing activities,43,39,48,51,49,43,47,49,44,44,36,29,27,28,26,28,32,27,32,34,29,26,15,6,6
TLL1,West Wales and The Valleys,59-60,"Film and TV production, programming and broadcasting",21,18,24,33,41,54,58,62,67,74,88,102,107,112,116,130,118,117,119,85,88,82,52,125,166
TLL1,West Wales and The Valleys,61,Telecommunications,117,129,155,136,135,170,240,281,287,300,282,294,253,273,288,321,400,458,558,646,635,588,487,424,477
TLL1,West Wales and The Valleys,62,Computer programming and consultancy,57,71,68,85,97,117,119,136,143,151,152,159,163,178,183,161,187,159,195,236,271,316,203,259,239
TLL1,West Wales and The Valleys,63,Information service activities,31,30,32,31,30,27,28,29,34,42,37,37,33,35,32,23,18,15,17,15,12,11,13,11,12
TLL1,West Wales and The Valleys,64,Financial service activities,324,315,290,303,342,365,497,523,576,534,632,710,720,680,659,622,549,614,630,606,638,606,558,452,638
TLL1,West Wales and The Valleys,65,Insurance and pension funding,70,97,97,123,64,58,58,94,56,137,176,323,239,277,391,375,492,339,368,373,427,583,540,660,593
TLL1,West Wales and The Valleys,66,Activities auxiliary to finance and insurance,39,39,37,32,35,44,45,41,56,74,99,108,102,102,117,159,147,149,166,176,201,222,214,276,305
TLL1,West Wales and The Valleys,68IMP,Owner-occupiers' imputed rental,2903,2888,2885,2874,2803,2854,2979,3030,3413,3302,3316,2925,2731,2784,2889,2875,2958,3049,3110,3186,3393,3439,3456,3534,3712
TLL1,West Wales and The Valleys,68,"Real estate activities, excluding imputed rental",645,619,608,567,542,545,553,592,606,636,591,626,737,830,907,978,1051,1059,1107,1129,1027,1006,1001,1000,1029
TLL1,West Wales and The Valleys,69,Legal and accounting activities,142,145,153,161,171,203,220,227,266,267,246,261,255,248,250,261,267,257,261,298,311,324,322,293,305
TLL1,West Wales and The Valleys,70,Head offices and management consultancy,36,40,44,56,61,71,70,80,76,80,71,74,76,109,133,163,158,159,170,180,184,168,182,217,207
TLL1,West Wales and The Valleys,71,Architectural and engineering activities,112,114,116,131,142,154,164,165,191,202,174,162,152,143,163,216,230,247,227,190,165,180,180,145,168
TLL1,West Wales and The Valleys,72,Scientific research and development,43,53,51,62,78,81,92,90,75,72,78,72,104,117,108,97,114,135,139,167,233,235,190,224,242
TLL1,West Wales and The Valleys,73,Advertising and market research,14,16,18,18,20,27,30,34,39,35,24,21,22,24,22,22,20,23,21,23,20,19,26,26,32
TLL1,West Wales and The Valleys,74,"Other professional, scientific and technical activities",38,34,38,40,43,49,55,62,74,75,66,68,67,65,65,73,74,72,87,102,84,103,110,91,89
TLL1,West Wales and The Valleys,75,Veterinary activities,22,27,29,45,49,54,50,57,53,55,89,91,91,92,89,91,71,68,73,78,88,71,101,125,146
TLL1,West Wales and The Valleys,77,Rental and leasing activities,132,144,151,159,174,179,153,172,181,199,185,189,172,144,142,154,176,199,236,205,248,297,211,305,333
TLL1,West Wales and The Valleys,78,Employment activities,41,43,50,56,63,92,111,143,160,189,206,192,188,184,196,227,268,268,228,260,273,248,214,268,320
TLL1,West Wales and The Valleys,79,Travel agency and tour operator activities,42,37,34,34,41,43,39,45,52,62,67,68,67,53,53,49,60,68,82,92,92,116,44,26,72
TLL1,West Wales and The Valleys,80,Security and investigation activities,25,21,23,24,29,32,30,34,37,41,40,42,43,50,58,56,70,79,86,114,126,114,86,78,84
TLL1,West Wales and The Valleys,81,Services to buildings and landscape activities,71,73,64,64,68,67,75,86,93,96,113,109,109,123,134,129,131,135,162,134,118,138,174,175,202
TLL1,West Wales and The Valleys,82,Office administration and business support activities,62,49,53,69,74,81,99,106,122,138,153,163,169,175,197,188,217,231,253,214,234,226,272,119,116
TLL1,West Wales and The Valleys,O (84),Public administration and defence,1068,1111,1143,1344,1458,1593,1764,1790,1921,2076,2084,2344,2355,2403,2361,2498,2605,2459,2556,2719,2773,3125,3360,3547,3779
TLL1,West Wales and The Valleys,P (85),Education,1007,1153,1222,1312,1433,1521,1650,1767,1792,1865,1943,1978,2071,2080,2172,2189,2136,2159,2200,2225,2222,2348,2318,2421,2602
TLL1,West Wales and The Valleys,86,Human health activities,1219,1228,1274,1397,1575,1790,1991,2132,2117,2209,2474,2327,2409,2429,2291,2392,2400,2362,2541,2652,2774,2816,3077,3049,3366
TLL1,West Wales and The Valleys,87,Residential care activities,204,206,233,266,371,356,366,423,399,395,363,431,461,529,598,611,621,687,727,696,642,677,738,747,654
TLL1,West Wales and The Valleys,88,Social work activities,183,188,208,256,299,337,359,403,410,376,357,352,368,437,500,521,565,609,676,743,767,771,855,967,952
TLL1,West Wales and The Valleys,90,"Creative, arts and entertainment activities",48,50,63,52,39,31,34,34,41,43,45,45,50,51,58,56,50,50,47,48,47,44,37,68,77
TLL1,West Wales and The Valleys,91,"Libraries, archives, museums and other cultural activities",20,18,18,18,20,25,34,34,38,34,30,32,29,32,43,50,45,47,43,43,42,46,31,45,50
TLL1,West Wales and The Valleys,92,Gambling and betting activities,50,51,46,51,60,73,84,88,82,83,82,74,72,99,92,104,115,85,57,64,55,67,71,120,146
TLL1,West Wales and The Valleys,93,"Sports, amusement and recreation activities",72,72,91,83,95,127,140,140,174,164,176,173,169,180,201,210,220,235,250,263,274,266,178,191,223
TLL1,West Wales and The Valleys,94,Activities of membership organisations,88,82,90,81,86,83,88,100,109,104,96,94,102,100,84,96,76,70,79,73,74,84,89,125,147
TLL1,West Wales and The Valleys,95,"Repair of computers, personal and household goods",17,18,21,26,27,25,26,25,31,28,31,11,12,11,10,11,15,15,13,13,10,11,21,10,10
TLL1,West Wales and The Valleys,96,Other personal service activities,164,166,180,189,205,208,232,242,262,280,284,308,322,338,349,373,426,466,511,546,606,587,393,423,489
TLL1,West Wales and The Valleys,T (97-98),Activities of households,13,19,27,34,34,31,32,44,41,29,33,30,50,61,53,46,33,45,42,38,32,36,26,33,39
TLL2,East Wales,1,Agriculture and hunting,213,199,230,204,243,278,262,151,125,133,147,160,132,172,139,173,274,248,238,245,292,240,290,314,405
TLL2,East Wales,2-3,Forestry and fishing,6,5,6,11,11,9,10,11,12,15,18,20,17,20,25,23,25,23,22,23,23,32,32,32,32
TLL2,East Wales,B (5-9),Mining and quarrying,46,38,42,37,31,28,27,27,32,26,30,26,21,19,24,21,21,26,25,28,37,43,57,46,55
TLL2,East Wales,10,Manufacture of food products,303,303,319,313,344,372,399,391,429,469,451,551,649,649,649,733,632,710,677,738,783,811,654,683,779
TLL2,East Wales,11-12,Manufacture of beverages and tobacco products,92,103,113,99,111,107,143,167,204,217,233,211,171,183,209,223,299,355,271,284,319,275,307,248,222
TLL2,East Wales,13,Manufacture of textiles,32,33,33,30,30,31,32,37,36,42,22,20,20,14,24,26,23,27,30,36,39,41,29,36,38
TLL2,East Wales,14-15,Manufacture of wearing apparel and leather products,36,33,26,18,16,11,11,8,7,9,6,7,10,10,8,7,12,13,9,12,14,13,12,20,25
TLL2,East Wales,16-17,Manufacture of wood and paper products,243,235,218,195,227,221,197,206,181,207,178,172,238,255,302,279,306,287,328,286,312,319,297,322,311
TLL2,East Wales,18,Printing and reproduction of recorded media,45,45,45,43,46,47,51,56,55,55,53,56,49,45,41,40,46,55,79,89,86,88,93,59,57
TLL2,East Wales,CD-CF (19-21),"Manufacture of petroleum, chemicals and pharmaceuticals",330,290,328,316,341,404,343,410,459,425,446,453,421,433,400,413,440,487,528,520,589,649,760,701,751
TLL2,East Wales,22,Manufacture of rubber and plastic products,203,146,128,140,118,123,135,161,156,160,110,80,87,121,123,127,107,119,111,90,113,116,112,134,153
TLL2,East Wales,23,Manufacture of other non-metallic mineral products,154,145,142,133,113,118,117,118,118,125,121,86,91,94,104,100,97,109,105,108,114,100,108,100,77
TLL2,East Wales,24,Manufacture of basic metals,350,389,423,241,159,186,173,202,266,384,335,213,325,269,256,193,226,263,284,297,293,298,300,403,459
TLL2,East Wales,25,Manufacture of fabricated metal products,215,237,235,288,261,269,286,310,329,302,349,297,285,316,331,357,343,321,286,215,265,317,332,290,296
TLL2,East Wales,CI (26),"Manufacture of computer, electronic and optical products",298,238,257,246,215,174,185,172,168,189,158,205,262,298,261,239,218,258,313,309,250,265,191,271,329
TLL2,East Wales,CJ (27),Manufacture of electrical equipment,131,140,137,126,121,132,125,138,136,114,120,123,144,133,148,140,143,143,146,156,145,168,170,207,232
TLL2,East Wales,CK (28),Manufacture of machinery and equipment,107,130,136,145,92,91,103,106,100,77,81,80,110,141,122,131,132,160,192,208,243,249,312,233,255
TLL2,East Wales,29,Manufacture of motor vehicles,105,105,112,100,98,119,140,157,142,123,124,78,111,90,109,199,209,153,182,134,143,124,81,162,196
TLL2,East Wales,30,Manufacture of other transport equipment,179,169,226,235,219,211,242,239,347,263,394,388,389,651,684,753,733,800,920,1035,1164,1088,872,993,1141
TLL2,East Wales,31,Manufacture of furniture,53,46,51,46,47,45,45,48,58,60,63,64,62,63,74,87,98,93,71,84,74,82,65,45,44
TLL2,East Wales,32,Other manufacturing,90,121,137,115,112,110,113,116,142,150,177,207,206,208,236,209,173,156,156,163,176,167,160,151,179
TLL2,East Wales,33,Repair and installation of machinery and equipment,118,148,141,197,232,192,193,183,208,195,154,156,176,158,225,262,266,201,212,179,175,141,109,88,103
TLL2,East Wales,D (35),"Electricity, gas, steam and air conditioning supply",340,370,384,343,372,347,303,353,462,520,545,715,533,527,597,686,694,702,690,844,813,1049,1046,414,474
TLL2,East Wales,E (36-39),Water supply; sewerage and waste management,216,239,231,254,329,382,387,378,359,356,302,336,356,395,419,452,437,474,511,543,554,518,465,578,604
TLL2,East Wales,41,Construction of buildings,286,277,290,329,390,382,386,486,495,495,552,415,402,443,337,329,334,336,375,444,550,514,454,425,492
TLL2,East Wales,42,Civil engineering,147,184,187,219,229,244,266,268,300,291,249,264,271,265,272,277,271,282,284,296,345,404,330,289,349
TLL2,East Wales,43,Specialised construction activities,308,363,380,435,432,506,513,624,616,616,673,515,553,547,533,590,640,760,842,768,739,735,870,867,955
TLL2,East Wales,45,Motor trades,151,183,233,278,266,261,293,319,351,364,309,230,293,286,326,302,278,230,253,355,399,484,389,529,600
TLL2,East Wales,46,Wholesale trade,452,484,493,518,536,598,651,622,692,735,596,556,645,663,638,581,578,610,588,529,571,676,757,935,989
TLL2,East Wales,47,Retail trade,823,827,910,922,988,1103,1161,1084,1156,1177,1282,1312,1316,1324,1361,1434,1405,1478,1491,1451,1477,1470,1273,1455,1562
TLL2,East Wales,49,Land transport,212,230,284,347,369,397,387,379,356,320,293,277,290,304,287,312,342,361,391,345,392,416,375,283,336
TLL2,East Wales,50-51,Water and air transport,5,7,10,11,12,17,22,23,19,20,29,21,24,35,35,39,38,38,36,28,25,30,15,17,43
TLL2,East Wales,52,Warehousing and transport support activities,109,96,109,104,112,150,163,187,228,244,296,232,271,236,267,285,304,273,259,258,277,289,236,276,359
TLL2,East Wales,53,Postal and courier activities,108,112,130,131,135,134,145,155,165,163,165,171,167,175,178,174,140,139,140,164,170,173,149,140,146
TLL2,East Wales,55,Accommodation,83,92,101,101,125,157,158,165,172,166,150,142,168,200,223,214,208,231,272,321,306,358,131,172,287
TLL2,East Wales,56,Food and beverage service activities,303,323,356,305,323,321,344,366,362,393,371,373,360,375,397,389,422,467,527,528,512,598,380,550,715
TLL2,East Wales,58,Publishing activities,58,59,73,74,70,60,63,65,62,64,58,41,37,38,36,35,39,34,44,48,44,37,26,15,16
TLL2,East Wales,59-60,"Film and TV production, programming and broadcasting",85,85,67,60,61,90,88,96,110,128,149,254,289,280,283,280,255,257,271,220,239,244,205,242,299
TLL2,East Wales,61,Telecommunications,254,284,238,243,282,328,409,396,373,373,364,307,281,284,284,281,292,329,411,391,449,489,509,525,527
TLL2,East Wales,62,Computer programming and consultancy,65,70,65,90,101,110,136,140,139,149,168,172,173,186,205,189,212,205,203,170,206,205,241,215,260
TLL2,East Wales,63,Information service activities,15,22,20,29,26,22,14,19,19,36,117,111,120,137,166,146,145,156,129,117,112,119,89,114,137
TLL2,East Wales,64,Financial service activities,312,340,343,355,446,573,736,768,915,921,849,985,999,1006,991,976,971,1018,1098,1029,990,960,956,995,968
TLL2,East Wales,65,Insurance and pension funding,259,340,336,277,286,252,267,395,355,591,503,649,537,583,932,774,947,783,1002,1159,1148,1128,1242,1499,1596
TLL2,East Wales,66,Activities auxiliary to finance and insurance,46,59,63,73,75,67,60,69,93,148,176,201,163,152,150,180,168,140,129,175,253,263,279,408,451
TLL2,East Wales,68IMP,Owner-occupiers' imputed rental,1962,2023,2099,2181,2250,2243,2191,2100,2304,2207,2207,1948,1885,1930,2034,2041,2106,2197,2250,2337,2565,2552,2574,2634,2747
TLL2,East Wales,68,"Real estate activities, excluding imputed rental",627,576,539,517,482,506,505,510,532,559,513,519,562,666,730,770,788,794,792,788,759,778,780,780,846
TLL2,East Wales,69,Legal and accounting activities,230,230,211,251,245,269,323,316,363,390,393,391,412,468,478,453,459,528,569,554,567,632,672,812,898
TLL2,East Wales,70,Head offices and management consultancy,54,53,61,71,73,93,105,124,133,144,122,119,123,107,114,121,138,130,112,129,149,164,186,191,210
TLL2,East Wales,71,Architectural and engineering activities,130,146,149,167,185,206,206,199,227,248,258,240,240,223,223,246,262,278,272,280,248,267,231,327,400
TLL2,East Wales,72,Scientific research and development,13,15,13,14,16,14,15,14,17,25,28,29,29,14,11,12,14,19,25,32,50,45,38,59,75
TLL2,East Wales,73,Advertising and market research,24,27,33,37,43,51,54,52,58,52,42,42,50,53,55,52,46,53,49,64,57,49,64,54,68
TLL2,East Wales,74,"Other professional, scientific and technical activities",39,44,50,51,57,64,67,71,84,88,75,65,67,81,98,117,128,125,130,130,110,138,147,84,96
TLL2,East Wales,75,Veterinary activities,17,21,29,34,36,40,41,43,36,43,70,71,70,65,63,62,49,44,47,52,67,54,79,93,110
TLL2,East Wales,77,Rental and leasing activities,132,123,115,121,126,141,137,156,172,185,167,176,167,155,150,166,170,163,171,199,217,199,206,241,272
TLL2,East Wales,78,Employment activities,102,129,133,139,140,152,165,164,191,209,233,226,217,224,227,267,306,358,364,379,427,377,420,525,534
TLL2,East Wales,79,Travel agency and tour operator activities,27,23,16,13,16,15,22,27,28,27,25,23,19,14,10,12,17,19,23,25,30,32,31,30,40
TLL2,East Wales,80,Security and investigation activities,24,22,23,27,25,25,25,24,24,27,27,25,21,24,23,22,25,29,26,34,39,39,43,43,52
TLL2,East Wales,81,Services to buildings and landscape activities,62,65,60,63,64,63,72,74,81,90,107,119,122,143,149,173,179,182,168,201,227,258,78,100,108
TLL2,East Wales,82,Office administration and business support activities,58,65,66,101,146,161,173,180,197,209,221,202,177,160,182,205,257,262,330,402,409,342,319,239,234
TLL2,East Wales,O (84),Public administration and defence,818,909,964,984,1098,1169,1173,1282,1254,1342,1414,1519,1556,1566,1646,1705,1613,1722,1856,1882,1932,2114,2417,2397,2722
TLL2,East Wales,P (85),Education,748,814,888,999,1011,1086,1183,1259,1267,1465,1497,1641,1675,1721,1749,1759,1755,1824,1824,1830,1875,1998,2027,2011,2113
TLL2,East Wales,86,Human health activities,597,583,786,915,878,1124,1245,1347,1358,1468,1407,1469,1514,1628,1531,1525,1511,1524,1549,1678,1727,1894,1881,1836,1843
TLL2,East Wales,87,Residential care activities,205,212,240,283,322,319,354,405,352,398,360,438,425,444,504,531,564,680,797,812,772,869,830,966,988
TLL2,East Wales,88,Social work activities,95,103,115,148,161,187,188,210,211,228,241,233,258,303,351,374,365,381,400,390,413,443,430,510,471
TLL2,East Wales,90,"Creative, arts and entertainment activities",29,33,40,37,32,29,29,30,34,37,36,36,42,49,69,70,58,61,53,46,39,41,31,77,89
TLL2,East Wales,91,"Libraries, archives, museums and other cultural activities",17,19,21,19,21,26,33,32,35,38,33,38,41,39,32,34,38,37,30,30,27,28,26,32,33
TLL2,East Wales,92,Gambling and betting activities,26,27,24,30,31,43,45,48,43,43,46,43,45,83,94,99,96,75,49,73,67,78,35,69,74
TLL2,East Wales,93,"Sports, amusement and recreation activities",79,85,91,105,117,148,160,178,175,161,139,137,130,127,151,147,157,163,163,167,180,182,150,138,228
TLL2,East Wales,94,Activities of membership organisations,68,65,66,76,94,99,108,115,115,113,117,124,135,145,153,170,173,191,174,161,141,145,111,148,171
TLL2,East Wales,95,"Repair of computers, personal and household goods",18,19,18,15,15,17,22,21,22,22,16,7,8,10,11,12,15,16,21,22,27,26,33,19,25
TLL2,East Wales,96,Other personal service activities,110,116,124,132,138,138,142,149,161,180,174,193,199,184,188,176,183,184,234,266,305,285,298,302,362
TLL2,East Wales,T (97-98),Activities of households,15,13,15,19,20,17,21,22,17,12,10,7,10,12,13,15,25,23,28,24,31,32,26,29,24
TLM5,North Eastern Scotland,1,Agriculture and hunting,174,167,215,224,246,260,227,173,250,280,246,226,179,229,210,214,308,281,312,332,318,305,344,400,483
TLM5,North Eastern Scotland,2-3,Forestry and fishing,67,73,67,79,69,59,61,68,72,72,87,90,101,111,121,109,130,111,96,116,91,133,102,104,110
TLM5,North Eastern Scotland,B (5-9),Mining and quarrying,1022,942,833,840,899,805,883,977,1328,1542,2052,1789,1922,1691,1978,1855,1727,1893,1227,1208,1275,1295,1008,1166,1411
TLM5,North Eastern Scotland,10,Manufacture of food products,348,321,316,324,293,264,288,298,262,279,221,271,246,245,267,338,375,368,311,309,329,333,339,337,353
TLM5,North Eastern Scotland,11-12,Manufacture of beverages and tobacco products,30,27,28,27,32,29,35,47,49,58,68,68,58,60,45,42,60,64,56,73,67,76,118,105,101
TLM5,North Eastern Scotland,13,Manufacture of textiles,24,27,27,21,21,23,23,15,15,18,13,13,19,16,15,17,15,13,12,16,11,11,7,12,13
TLM5,North Eastern Scotland,14-15,Manufacture of wearing apparel and leather products,16,16,18,15,14,9,9,11,9,11,8,9,13,11,12,15,24,23,14,24,20,20,19,13,13
TLM5,North Eastern Scotland,16-17,Manufacture of wood and paper products,127,127,113,86,90,99,97,101,81,95,99,74,78,73,83,70,83,88,114,111,116,110,113,119,113
TLM5,North Eastern Scotland,18,Printing and reproduction of recorded media,18,17,15,14,9,7,8,11,13,13,15,15,10,9,12,13,13,11,13,12,13,10,8,7,6
TLM5,North Eastern Scotland,CD-CF (19-21),"Manufacture of petroleum, chemicals and pharmaceuticals",28,35,25,34,26,26,25,37,41,44,37,47,40,52,51,65,73,91,85,69,56,65,78,100,115
TLM5,North Eastern Scotland,22,Manufacture of rubber and plastic products,9,10,14,24,23,21,18,20,25,36,38,38,47,44,46,52,44,39,35,38,43,47,71,51,47
TLM5,North Eastern Scotland,23,Manufacture of other non-metallic mineral products,25,23,20,23,22,18,17,21,23,24,20,16,17,16,20,25,29,25,23,25,22,18,21,20,24
TLM5,North Eastern Scotland,24,Manufacture of basic metals,27,34,36,67,66,48,32,49,52,55,47,23,31,30,33,42,53,60,55,48,33,34,56,31,40
TLM5,North Eastern Scotland,25,Manufacture of fabricated metal products,136,110,98,140,172,154,134,207,261,294,325,277,248,285,333,395,411,323,327,306,261,249,224,217,222
TLM5,North Eastern Scotland,CI (26),"Manufacture of computer, electronic and optical products",41,33,34,50,63,62,84,85,106,110,113,117,98,104,92,94,117,85,88,92,96,110,64,75,90
TLM5,North Eastern Scotland,CJ (27),Manufacture of electrical equipment,17,22,22,20,24,23,26,28,35,34,28,33,25,35,30,35,41,30,26,25,19,35,80,74,53
TLM5,North Eastern Scotland,CK (28),Manufacture of machinery and equipment,215,224,226,252,291,268,255,286,280,313,265,184,250,285,292,339,383,345,297,253,243,223,163,200,214
TLM5,North Eastern Scotland,29,Manufacture of motor vehicles,10,9,16,17,15,19,22,25,22,23,24,24,27,25,21,30,32,27,32,41,30,30,32,50,47
TLM5,North Eastern Scotland,30,Manufacture of other transport equipment,40,45,46,49,39,27,37,28,37,35,32,42,41,53,44,54,65,65,70,67,83,83,29,59,83
TLM5,North Eastern Scotland,31,Manufacture of furniture,4,5,5,4,5,5,5,5,5,6,5,4,3,4,4,4,5,5,4,6,4,5,4,3,5
TLM5,North Eastern Scotland,32,Other manufacturing,16,19,18,19,18,18,18,18,19,19,15,14,14,16,21,19,22,29,20,19,14,12,10,11,10
TLM5,North Eastern Scotland,33,Repair and installation of machinery and equipment,61,64,56,64,71,61,67,74,84,103,170,244,275,336,427,483,513,473,460,539,560,568,471,417,454
TLM5,North Eastern Scotland,D (35),"Electricity, gas, steam and air conditioning supply",172,114,100,88,85,59,58,82,98,116,205,310,251,235,322,414,467,508,425,473,382,432,369,333,333
TLM5,North Eastern Scotland,E (36-39),Water supply; sewerage and waste management,68,76,101,86,82,85,93,102,106,101,95,120,114,133,105,105,109,108,112,128,138,137,134,145,143
TLM5,North Eastern Scotland,41,Construction of buildings,147,134,157,160,152,175,264,288,296,320,303,189,185,214,206,238,220,231,265,282,256,215,127,184,214
TLM5,North Eastern Scotland,42,Civil engineering,126,119,120,127,137,136,141,158,168,158,186,160,169,176,184,184,174,197,176,203,241,261,250,162,193
TLM5,North Eastern Scotland,43,Specialised construction activities,247,237,242,250,272,278,271,265,286,338,446,378,405,408,417,420,468,500,489,528,474,496,422,345,362
TLM5,North Eastern Scotland,45,Motor trades,120,117,116,130,120,141,153,146,144,182,210,204,258,227,214,215,228,209,207,209,220,190,136,87,86
TLM5,North Eastern Scotland,46,Wholesale trade,372,319,309,348,336,306,309,372,540,553,632,676,500,489,564,561,640,593,539,435,426,463,488,619,760
TLM5,North Eastern Scotland,47,Retail trade,434,480,463,533,553,567,608,599,641,773,900,919,1049,1106,1140,1188,1223,1105,925,907,950,828,847,977,991
TLM5,North Eastern Scotland,49,Land transport,142,136,145,165,173,185,185,183,178,196,176,175,187,208,172,192,207,220,214,221,225,229,130,118,154
TLM5,North Eastern Scotland,50-51,Water and air transport,104,132,177,168,134,126,147,148,136,141,195,136,161,209,212,195,188,237,243,188,194,231,296,331,403
TLM5,North Eastern Scotland,52,Warehousing and transport support activities,77,83,89,119,138,168,157,137,149,168,212,227,246,241,279,314,326,296,284,329,338,277,199,181,210
TLM5,North Eastern Scotland,53,Postal and courier activities,86,85,89,94,93,88,83,93,98,105,108,97,99,94,75,83,77,64,58,60,61,58,59,54,52
TLM5,North Eastern Scotland,55,Accommodation,72,64,64,68,76,88,100,94,101,86,91,82,107,139,185,232,227,200,175,193,170,152,131,101,143
TLM5,North Eastern Scotland,56,Food and beverage service activities,156,127,131,130,152,166,184,199,215,211,236,237,254,261,271,268,280,294,330,336,362,374,235,291,431
TLM5,North Eastern Scotland,58,Publishing activities,35,34,33,36,35,30,30,28,28,30,30,31,30,28,29,29,31,30,30,29,26,23,11,17,15
TLM5,North Eastern Scotland,59-60,"Film and TV production, programming and broadcasting",12,13,14,17,19,24,26,25,30,37,45,93,97,85,47,59,62,58,49,40,43,43,38,25,23
TLM5,North Eastern Scotland,61,Telecommunications,89,91,86,88,81,94,86,84,104,114,120,125,105,102,109,126,115,126,169,162,147,145,112,113,115
TLM5,North Eastern Scotland,62,Computer programming and consultancy,59,64,56,66,75,93,101,95,108,114,116,132,138,148,158,165,164,141,139,119,142,167,137,110,207
TLM5,North Eastern Scotland,63,Information service activities,16,17,15,19,21,23,23,24,28,30,27,27,25,24,26,27,26,22,18,16,19,17,10,8,8
TLM5,North Eastern Scotland,64,Financial service activities,102,107,86,93,110,128,163,172,194,246,196,193,196,152,123,128,126,141,198,172,161,156,195,150,198
TLM5,North Eastern Scotland,65,Insurance and pension funding,55,46,42,41,32,17,13,13,14,13,8,26,24,17,17,13,28,9,10,22,11,9,5,0,7
TLM5,North Eastern Scotland,66,Activities auxiliary to finance and insurance,11,21,28,38,35,40,27,29,31,42,47,49,58,60,80,104,104,104,83,89,90,86,75,80,101
TLM5,North Eastern Scotland,68IMP,Owner-occupiers' imputed rental,586,614,646,647,673,686,713,758,918,1037,1124,1040,1025,1134,1163,1265,1356,1412,1337,1336,1345,1393,1303,1344,1338
TLM5,North Eastern Scotland,68,"Real estate activities, excluding imputed rental",307,340,339,341,328,322,307,308,322,352,259,274,276,344,386,433,468,475,473,466,435,434,391,345,383
TLM5,North Eastern Scotland,69,Legal and accounting activities,150,135,169,181,188,199,211,206,226,207,197,191,183,190,187,190,197,229,265,285,277,309,272,254,306
TLM5,North Eastern Scotland,70,Head offices and management consultancy,60,57,74,100,90,80,69,79,83,97,113,102,109,104,106,129,134,120,107,111,107,101,108,115,158
TLM5,North Eastern Scotland,71,Architectural and engineering activities,328,343,383,428,562,613,708,794,948,1132,1418,1367,1476,1493,1563,1721,1801,1623,1253,1195,1274,1285,1103,1513,1621
TLM5,North Eastern Scotland,72,Scientific research and development,13,21,18,17,17,14,19,20,26,33,44,48,62,46,46,38,44,58,81,102,146,118,162,155,204
TLM5,North Eastern Scotland,73,Advertising and market research,11,10,12,12,14,17,19,19,23,19,13,12,14,17,19,18,17,19,14,15,17,14,10,13,18
TLM5,North Eastern Scotland,74,"Other professional, scientific and technical activities",44,43,52,53,52,49,47,43,46,45,45,46,51,57,67,74,83,91,113,107,81,84,63,62,72
TLM5,North Eastern Scotland,75,Veterinary activities,12,13,13,10,10,7,7,10,15,16,27,27,26,25,22,21,22,26,29,35,31,33,40,38,47
TLM5,North Eastern Scotland,77,Rental and leasing activities,127,150,173,213,219,230,214,219,244,275,320,326,368,373,456,527,490,481,402,349,416,467,359,381,452
TLM5,North Eastern Scotland,78,Employment activities,158,158,161,172,156,145,145,155,199,225,241,233,235,272,281,288,264,237,193,159,191,226,203,225,266
TLM5,North Eastern Scotland,79,Travel agency and tour operator activities,20,20,23,24,24,24,21,27,35,46,51,56,76,92,136,145,158,120,108,94,96,80,73,44,95
TLM5,North Eastern Scotland,80,Security and investigation activities,10,9,9,9,9,10,10,11,11,13,12,11,9,8,9,9,9,8,7,8,10,11,9,8,9
TLM5,North Eastern Scotland,81,Services to buildings and landscape activities,18,17,21,27,30,30,41,45,51,55,66,78,83,83,87,92,83,78,104,117,88,87,63,56,61
TLM5,North Eastern Scotland,82,Office administration and business support activities,49,45,46,47,47,44,48,50,55,61,62,63,62,55,62,63,67,65,67,84,97,96,60,80,85
TLM5,North Eastern Scotland,O (84),Public administration and defence,245,246,278,298,352,373,416,430,463,529,553,604,614,676,728,782,866,831,836,817,854,843,762,801,897
TLM5,North Eastern Scotland,P (85),Education,375,441,449,503,515,536,599,579,599,644,666,720,743,755,768,825,856,787,731,746,754,814,851,851,958
TLM5,North Eastern Scotland,86,Human health activities,301,298,337,400,410,499,506,527,602,692,650,668,666,674,703,678,718,641,749,733,759,848,924,923,874
TLM5,North Eastern Scotland,87,Residential care activities,50,54,56,55,52,54,65,90,91,102,164,196,199,217,140,139,156,183,186,209,217,252,278,278,243
TLM5,North Eastern Scotland,88,Social work activities,48,53,53,60,55,51,59,92,97,118,133,123,124,134,161,194,203,212,211,218,253,252,249,272,303
TLM5,North Eastern Scotland,90,"Creative, arts and entertainment activities",7,7,8,7,7,7,9,8,11,12,10,13,14,16,14,13,11,13,18,17,15,14,7,14,21
TLM5,North Eastern Scotland,91,"Libraries, archives, museums and other cultural activities",3,3,3,4,4,5,7,6,6,8,9,8,8,8,6,7,7,6,9,7,8,7,10,8,11
TLM5,North Eastern Scotland,92,Gambling and betting activities,12,20,18,20,26,33,53,58,60,82,123,113,104,141,119,140,144,106,76,75,66,78,19,48,59
TLM5,North Eastern Scotland,93,"Sports, amusement and recreation activities",21,24,29,29,33,37,43,38,42,48,47,47,50,57,52,57,54,52,58,58,61,67,67,61,75
TLM5,North Eastern Scotland,94,Activities of membership organisations,36,33,39,46,64,67,64,74,66,60,69,49,41,31,31,39,41,36,40,43,32,27,23,46,45
TLM5,North Eastern Scotland,95,"Repair of computers, personal and household goods",4,4,3,4,5,4,5,5,7,6,7,10,11,14,12,14,18,15,18,19,15,10,11,15,16
TLM5,North Eastern Scotland,96,Other personal service activities,60,70,68,80,87,97,104,92,99,114,98,118,110,133,165,163,161,163,165,187,226,191,171,113,113
TLM5,North Eastern Scotland,T (97-98),Activities of households,22,19,20,21,15,13,19,29,37,27,21,20,24,20,15,21,15,16,22,23,32,31,29,24,21
TLM6,Highlands and Islands,1,Agriculture and hunting,173,151,149,123,158,175,159,82,96,77,78,49,60,81,42,54,127,104,75,103,119,144,172,219,269
TLM6,Highlands and Islands,2-3,Forestry and fishing,166,195,178,202,194,153,173,211,228,189,230,242,242,301,307,298,355,271,259,336,324,483,411,374,374
TLM6,Highlands and Islands,B (5-9),Mining and quarrying,47,43,55,58,69,72,75,74,83,80,77,59,51,46,63,70,66,71,69,63,71,61,42,52,66
TLM6,Highlands and Islands,10,Manufacture of food products,130,111,105,117,116,142,172,186,178,185,186,219,244,247,251,309,241,237,248,262,246,282,265,273,323
TLM6,Highlands and Islands,11-12,Manufacture of beverages and tobacco products,176,190,201,167,194,209,212,233,292,334,506,558,504,526,496,446,476,475,432,576,602,582,563,631,676
TLM6,Highlands and Islands,13,Manufacture of textiles,17,13,13,14,14,10,9,10,9,12,14,14,17,13,18,19,18,19,24,31,33,41,35,54,68
TLM6,Highlands and Islands,14-15,Manufacture of wearing apparel and leather products,17,14,14,14,12,14,16,18,18,20,21,25,41,32,36,37,49,57,34,56,53,48,23,16,16
TLM6,Highlands and Islands,16-17,Manufacture of wood and paper products,55,53,43,51,44,49,59,58,53,68,83,65,81,73,81,84,95,110,126,109,121,112,85,102,94
TLM6,Highlands and Islands,18,Printing and reproduction of recorded media,8,6,6,8,8,9,8,10,11,10,9,7,6,5,5,5,5,4,5,6,5,4,3,4,4
TLM6,Highlands and Islands,CD-CF (19-21),"Manufacture of petroleum, chemicals and pharmaceuticals",23,39,53,77,99,123,117,150,166,137,142,132,242,309,330,339,325,358,335,283,288,220,134,163,152
TLM6,Highlands and Islands,22,Manufacture of rubber and plastic products,3,4,7,8,7,9,9,10,13,14,15,17,17,18,17,19,18,18,18,19,20,21,20,28,30
TLM6,Highlands and Islands,23,Manufacture of other non-metallic mineral products,13,14,18,20,18,20,16,17,20,22,21,14,14,15,14,13,14,14,12,14,13,14,15,15,14
TLM6,Highlands and Islands,24,Manufacture of basic metals,28,40,51,53,51,48,54,64,50,52,36,24,20,4,4,3,5,6,8,10,12,9,16,10,11
TLM6,Highlands and Islands,25,Manufacture of fabricated metal products,116,95,76,63,80,73,49,56,82,87,84,78,85,136,135,138,159,152,131,127,138,144,134,108,107
TLM6,Highlands and Islands,CI (26),"Manufacture of computer, electronic and optical products",9,8,8,7,9,11,17,17,19,21,17,15,14,18,16,15,19,15,18,17,15,16,13,15,17
TLM6,Highlands and Islands,CJ (27),Manufacture of electrical equipment,7,8,8,7,9,9,16,12,10,15,14,9,9,8,9,9,10,9,6,5,5,8,10,9,10
TLM6,Highlands and Islands,CK (28),Manufacture of machinery and equipment,27,25,22,27,26,27,34,40,38,38,29,17,24,27,26,29,32,25,20,21,21,23,19,22,21
TLM6,Highlands and Islands,29,Manufacture of motor vehicles,5,4,6,6,4,1,1,2,2,2,1,1,2,1,1,1,1,1,1,1,1,1,0,1,1
TLM6,Highlands and Islands,30,Manufacture of other transport equipment,15,14,10,10,9,12,12,11,13,15,13,11,12,12,12,9,8,8,8,8,9,10,5,8,10
TLM6,Highlands and Islands,31,Manufacture of furniture,6,4,4,5,5,5,5,5,5,6,4,4,4,4,2,2,2,2,2,2,2,2,2,2,2
TLM6,Highlands and Islands,32,Other manufacturing,15,13,13,14,15,15,16,15,15,15,12,12,14,17,16,12,13,14,15,14,14,13,11,17,21
TLM6,Highlands and Islands,33,Repair and installation of machinery and equipment,19,13,9,8,6,9,15,13,15,26,45,61,58,69,85,88,82,63,62,66,74,76,53,50,52
TLM6,Highlands and Islands,D (35),"Electricity, gas, steam and air conditioning supply",157,107,102,86,78,73,124,149,165,174,212,285,232,227,296,312,295,356,368,443,375,405,349,395,405
TLM6,Highlands and Islands,E (36-39),Water supply; sewerage and waste management,181,161,184,150,155,171,181,207,173,174,169,181,177,186,181,168,186,193,221,246,283,318,320,355,372
TLM6,Highlands and Islands,41,Construction of buildings,144,161,171,164,183,185,182,200,205,226,205,149,155,165,130,147,157,164,156,169,199,211,131,168,205
TLM6,Highlands and Islands,42,Civil engineering,96,108,110,106,102,129,149,161,179,168,189,190,184,187,208,222,224,228,215,226,199,169,191,170,194
TLM6,Highlands and Islands,43,Specialised construction activities,130,157,161,152,162,227,238,273,266,302,351,282,296,300,316,372,415,436,449,448,470,509,354,543,626
TLM6,Highlands and Islands,45,Motor trades,78,101,102,106,86,92,104,110,86,112,104,103,137,143,177,176,173,150,114,148,165,163,178,177,190
TLM6,Highlands and Islands,46,Wholesale trade,104,103,97,123,128,151,197,200,188,198,213,196,156,129,122,124,126,128,124,143,175,172,157,184,214
TLM6,Highlands and Islands,47,Retail trade,403,452,424,433,399,417,456,503,503,491,536,512,571,601,632,651,672,617,582,687,650,651,889,652,722
TLM6,Highlands and Islands,49,Land transport,103,118,124,149,143,146,143,127,134,159,149,134,134,131,115,115,126,142,159,180,174,173,172,210,272
TLM6,Highlands and Islands,50-51,Water and air transport,48,66,98,113,98,114,153,168,137,122,161,127,144,163,185,200,185,180,180,185,150,169,92,107,138
TLM6,Highlands and Islands,52,Warehousing and transport support activities,47,47,44,38,47,52,48,41,52,56,60,111,103,130,117,124,117,106,116,125,130,143,125,100,129
TLM6,Highlands and Islands,53,Postal and courier activities,44,47,48,52,54,49,45,54,56,62,66,71,67,63,71,68,63,64,56,57,59,62,50,51,53
TLM6,Highlands and Islands,55,Accommodation,109,120,131,133,141,172,201,210,215,207,223,238,229,254,286,334,338,354,394,401,376,359,250,342,489
TLM6,Highlands and Islands,56,Food and beverage service activities,141,144,168,160,146,146,160,169,177,193,176,160,170,182,184,167,178,183,189,222,257,309,150,197,264
TLM6,Highlands and Islands,58,Publishing activities,22,21,20,20,22,25,29,30,28,31,31,26,24,23,25,25,25,25,26,24,23,21,18,13,16
TLM6,Highlands and Islands,59-60,"Film and TV production, programming and broadcasting",13,12,10,13,13,17,20,21,24,27,35,33,32,31,23,27,32,30,30,21,23,23,20,24,33
TLM6,Highlands and Islands,61,Telecommunications,44,47,50,54,50,56,57,51,52,56,71,67,66,71,75,74,82,82,91,95,111,126,97,111,126
TLM6,Highlands and Islands,62,Computer programming and consultancy,10,14,19,31,34,40,36,37,33,39,37,36,33,37,47,42,53,51,64,70,61,54,44,59,74
TLM6,Highlands and Islands,63,Information service activities,6,6,7,8,8,8,8,7,7,7,6,5,4,3,3,3,3,4,4,4,5,4,4,4,4
TLM6,Highlands and Islands,64,Financial service activities,55,57,66,60,59,64,97,96,103,113,110,112,103,89,101,93,74,95,113,111,106,118,100,102,112
TLM6,Highlands and Islands,65,Insurance and pension funding,52,43,31,40,34,25,24,21,16,12,17,23,27,20,18,15,30,9,13,16,11,7,6,0,0
TLM6,Highlands and Islands,66,Activities auxiliary to finance and insurance,10,13,14,15,17,17,13,16,20,20,19,27,28,31,27,37,34,30,30,43,55,47,44,48,44
TLM6,Highlands and Islands,68IMP,Owner-occupiers' imputed rental,564,593,620,620,643,681,699,756,896,891,937,858,816,864,902,935,968,1007,1059,1087,1158,1243,1212,1273,1366
TLM6,Highlands and Islands,68,"Real estate activities, excluding imputed rental",181,200,200,212,198,202,201,207,215,227,202,213,210,261,318,343,362,365,388,389,360,377,345,318,356
TLM6,Highlands and Islands,69,Legal and accounting activities,48,50,52,55,57,62,66,73,81,75,70,70,69,71,66,75,81,82,87,85,96,99,98,120,127
TLM6,Highlands and Islands,70,Head offices and management consultancy,13,14,18,26,25,20,21,28,26,31,28,28,28,31,29,31,37,39,41,40,37,37,25,31,35
TLM6,Highlands and Islands,71,Architectural and engineering activities,55,62,65,75,78,83,73,59,64,73,78,78,78,87,94,111,113,115,113,114,100,118,78,75,85
TLM6,Highlands and Islands,72,Scientific research and development,6,7,8,14,24,39,48,51,54,62,69,76,97,99,88,78,85,91,95,88,109,92,87,53,55
TLM6,Highlands and Islands,73,Advertising and market research,5,6,7,7,8,10,10,10,12,12,9,8,8,9,9,9,8,8,6,6,6,6,6,9,9
TLM6,Highlands and Islands,74,"Other professional, scientific and technical activities",9,10,11,13,13,13,14,16,18,24,17,19,20,24,25,33,38,37,41,43,35,42,45,42,42
TLM6,Highlands and Islands,75,Veterinary activities,10,11,9,8,7,6,8,13,13,14,26,34,32,32,29,31,31,33,31,36,36,37,33,39,48
TLM6,Highlands and Islands,77,Rental and leasing activities,60,65,73,77,90,82,87,84,82,87,81,64,63,58,54,50,41,48,58,71,77,86,105,74,90
TLM6,Highlands and Islands,78,Employment activities,12,15,16,19,23,28,35,45,48,51,64,58,63,67,69,73,74,65,53,48,52,56,47,50,59
TLM6,Highlands and Islands,79,Travel agency and tour operator activities,8,7,7,7,8,7,8,10,13,13,13,14,16,21,23,22,22,16,20,22,25,22,6,6,10
TLM6,Highlands and Islands,80,Security and investigation activities,1,1,2,2,1,1,2,3,3,3,3,3,2,3,3,3,4,4,4,4,4,4,3,4,5
TLM6,Highlands and Islands,81,Services to buildings and landscape activities,20,18,20,21,24,24,26,24,24,28,41,39,39,42,32,33,30,34,44,53,56,53,36,47,58
TLM6,Highlands and Islands,82,Office administration and business support activities,20,17,19,26,32,32,35,34,36,41,49,46,46,47,47,51,54,53,52,63,67,67,44,70,83
TLM6,Highlands and Islands,O (84),Public administration and defence,481,539,601,674,628,720,780,819,812,887,915,934,942,986,933,968,963,1030,1095,1123,1154,1188,1240,1338,1372
TLM6,Highlands and Islands,P (85),Education,203,236,247,278,328,371,395,441,444,449,497,505,520,509,475,463,477,464,446,457,462,484,537,578,596
TLM6,Highlands and Islands,86,Human health activities,383,403,380,446,469,579,617,663,734,701,709,726,739,756,680,703,750,737,793,866,856,856,936,1012,1013
TLM6,Highlands and Islands,87,Residential care activities,53,52,61,61,57,60,83,104,103,120,99,145,148,170,182,178,198,236,208,227,223,235,228,234,212
TLM6,Highlands and Islands,88,Social work activities,48,47,54,60,57,61,67,82,80,103,132,112,118,134,165,167,168,179,190,202,234,239,192,252,285
TLM6,Highlands and Islands,90,"Creative, arts and entertainment activities",8,8,10,7,9,9,10,10,12,11,11,15,19,19,17,16,11,11,13,17,18,17,12,34,38
TLM6,Highlands and Islands,91,"Libraries, archives, museums and other cultural activities",7,8,8,8,8,10,9,10,13,11,14,16,17,19,19,21,21,17,19,17,24,26,16,29,32
TLM6,Highlands and Islands,92,Gambling and betting activities,7,9,7,8,8,11,19,20,19,23,28,27,26,36,32,36,36,29,19,28,26,30,8,13,15
TLM6,Highlands and Islands,93,"Sports, amusement and recreation activities",33,29,29,28,28,45,50,50,59,51,54,58,62,71,74,85,83,91,88,85,78,86,81,65,77
TLM6,Highlands and Islands,94,Activities of membership organisations,14,11,12,16,16,18,20,23,23,20,28,37,42,33,41,49,44,39,41,37,36,38,28,30,30
TLM6,Highlands and Islands,95,"Repair of computers, personal and household goods",4,4,4,2,2,2,2,3,4,4,4,4,4,5,5,5,6,5,6,6,8,8,8,8,8
TLM6,Highlands and Islands,96,Other personal service activities,63,60,58,63,73,80,85,90,94,94,94,89,81,90,104,99,101,114,116,131,137,125,126,156,162
TLM6,Highlands and Islands,T (97-98),Activities of households,11,14,14,16,16,10,9,12,17,19,18,15,19,14,10,10,12,16,17,19,22,31,24,21,18
TLM7,Eastern Scotland,1,Agriculture and hunting,387,367,396,405,450,511,469,351,493,594,502,445,454,487,386,486,454,404,562,541,578,607,631,741,895
TLM7,Eastern Scotland,2-3,Forestry and fishing,37,36,37,41,38,37,40,43,43,45,56,65,58,72,83,73,93,95,79,98,90,120,113,125,119
TLM7,Eastern Scotland,B (5-9),Mining and quarrying,103,72,78,66,63,50,48,47,67,66,65,66,68,57,70,58,47,52,50,52,55,56,43,54,72
TLM7,Eastern Scotland,10,Manufacture of food products,368,357,339,341,342,314,335,310,320,342,315,348,341,336,381,427,323,362,386,397,421,423,331,425,437
TLM7,Eastern Scotland,11-12,Manufacture of beverages and tobacco products,235,287,290,234,284,325,383,444,525,625,691,639,556,516,526,529,618,685,575,706,725,735,725,1060,1260
TLM7,Eastern Scotland,13,Manufacture of textiles,147,154,152,139,146,113,99,106,115,129,118,126,162,128,150,141,148,136,147,160,129,127,140,175,168
TLM7,Eastern Scotland,14-15,Manufacture of wearing apparel and leather products,23,19,16,15,14,15,15,13,13,10,8,8,13,12,14,14,23,27,15,29,30,29,23,31,60
TLM7,Eastern Scotland,16-17,Manufacture of wood and paper products,237,235,225,210,230,206,224,236,234,290,297,240,259,228,261,236,292,324,353,289,288,298,219,283,303
TLM7,Eastern Scotland,18,Printing and reproduction of recorded media,123,113,114,120,109,106,108,116,119,113,115,95,83,72,72,75,94,77,96,110,99,108,111,113,98
TLM7,Eastern Scotland,CD-CF (19-21),"Manufacture of petroleum, chemicals and pharmaceuticals",752,701,740,748,733,797,851,1028,1148,950,1110,1039,1006,761,646,628,656,931,997,1050,940,1105,1467,1280,1327
TLM7,Eastern Scotland,22,Manufacture of rubber and plastic products,159,145,134,137,123,142,152,150,145,150,158,163,170,177,165,207,188,207,184,160,156,169,129,138,152
TLM7,Eastern Scotland,23,Manufacture of other non-metallic mineral products,191,187,199,177,171,202,194,193,194,205,179,153,155,163,151,148,161,198,197,161,157,163,122,162,170
TLM7,Eastern Scotland,24,Manufacture of basic metals,107,99,80,70,53,65,56,63,49,58,66,42,59,72,59,54,76,75,99,76,57,56,50,29,41
TLM7,Eastern Scotland,25,Manufacture of fabricated metal products,339,313,330,300,286,354,318,305,329,336,385,351,305,337,380,407,401,348,361,341,345,342,300,315,319
TLM7,Eastern Scotland,CI (26),"Manufacture of computer, electronic and optical products",1024,893,861,797,753,657,815,752,744,624,736,623,627,681,659,601,627,560,750,778,881,902,779,876,963
TLM7,Eastern Scotland,CJ (27),Manufacture of electrical equipment,163,140,135,141,109,116,102,95,82,86,77,88,94,95,108,114,123,117,96,93,80,101,142,131,153
TLM7,Eastern Scotland,CK (28),Manufacture of machinery and equipment,377,380,389,342,366,391,375,373,392,389,438,320,408,344,348,432,422,385,356,349,392,400,447,464,375
TLM7,Eastern Scotland,29,Manufacture of motor vehicles,51,43,70,41,34,32,25,34,51,47,58,57,93,82,81,105,131,125,137,158,134,130,136,167,133
TLM7,Eastern Scotland,30,Manufacture of other transport equipment,107,133,101,111,101,99,107,93,108,110,126,109,122,139,133,130,145,123,106,100,111,88,52,48,40
TLM7,Eastern Scotland,31,Manufacture of furniture,48,45,50,57,62,72,60,63,69,69,63,48,43,46,41,51,63,51,54,55,57,56,45,45,55
TLM7,Eastern Scotland,32,Other manufacturing,72,76,79,96,93,106,117,119,121,106,91,79,102,102,103,84,115,135,130,116,136,109,148,285,260
TLM7,Eastern Scotland,33,Repair and installation of machinery and equipment,287,299,253,214,172,163,152,151,162,145,154,187,211,216,260,316,376,349,333,289,316,323,271,241,243
TLM7,Eastern Scotland,D (35),"Electricity, gas, steam and air conditioning supply",897,690,545,500,585,571,628,605,803,827,914,1292,1084,982,1271,1388,1327,1455,1512,1434,1346,1522,1273,1174,1361
TLM7,Eastern Scotland,E (36-39),Water supply; sewerage and waste management,456,513,567,573,553,628,624,662,761,833,920,810,840,832,736,750,756,765,790,842,880,910,867,953,993
TLM7,Eastern Scotland,41,Construction of buildings,448,505,513,595,714,766,861,896,1016,1054,812,487,465,481,556,615,537,571,650,745,838,855,631,850,988
TLM7,Eastern Scotland,42,Civil engineering,283,346,360,353,373,388,448,467,481,557,546,541,519,484,511,594,616,583,537,565,518,470,398,351,613
TLM7,Eastern Scotland,43,Specialised construction activities,542,646,664,666,740,743,877,960,1074,1178,1293,1068,1039,1112,1112,1256,1420,1490,1493,1656,1669,1608,1357,1710,1833
TLM7,Eastern Scotland,45,Motor trades,345,324,297,323,334,386,392,412,366,414,391,363,454,448,489,531,602,642,623,645,607,716,503,786,805
TLM7,Eastern Scotland,46,Wholesale trade,713,724,638,645,732,745,815,919,1033,1112,1096,1141,1148,1167,1129,1181,1449,1484,1425,1458,1438,1584,1499,1530,1627
TLM7,Eastern Scotland,47,Retail trade,1676,1739,1855,2024,2002,2112,2124,2130,2259,2207,2202,2342,2392,2406,2553,2636,2607,2782,2811,2637,2696,2944,2554,2902,3216
TLM7,Eastern Scotland,49,Land transport,371,402,401,451,444,508,550,502,508,567,549,534,571,657,637,639,686,674,752,728,777,910,514,572,796
TLM7,Eastern Scotland,50-51,Water and air transport,30,40,55,57,60,70,83,75,66,58,78,56,70,98,97,110,117,117,110,97,95,109,91,56,79
TLM7,Eastern Scotland,52,Warehousing and transport support activities,234,203,229,249,247,246,232,259,291,320,416,429,418,418,462,496,551,534,530,586,643,704,660,531,552
TLM7,Eastern Scotland,53,Postal and courier activities,159,172,186,198,207,209,225,249,268,269,248,260,248,250,274,287,261,285,276,283,272,306,287,270,263
TLM7,Eastern Scotland,55,Accommodation,255,264,266,271,325,390,397,463,468,464,437,395,390,439,519,595,571,589,704,651,780,853,326,584,930
TLM7,Eastern Scotland,56,Food and beverage service activities,588,571,605,646,648,675,688,745,797,811,826,781,814,821,841,843,934,1078,1111,1192,1169,1226,792,903,1208
TLM7,Eastern Scotland,58,Publishing activities,155,159,163,151,149,165,166,153,158,165,157,149,147,136,131,119,123,129,135,128,120,101,106,84,76
TLM7,Eastern Scotland,59-60,"Film and TV production, programming and broadcasting",248,262,479,472,498,566,633,467,42,73,78,86,85,81,89,112,95,123,153,137,126,116,77,92,109
TLM7,Eastern Scotland,61,Telecommunications,326,337,355,401,429,413,378,325,348,359,419,438,466,470,398,351,304,336,411,483,594,636,821,926,879
TLM7,Eastern Scotland,62,Computer programming and consultancy,249,222,246,288,390,451,487,584,613,647,598,679,695,723,691,843,968,1143,1244,1400,1440,1565,1768,1552,1697
TLM7,Eastern Scotland,63,Information service activities,51,46,53,57,54,45,41,44,59,74,64,62,72,76,103,114,106,117,137,155,209,208,144,143,195
TLM7,Eastern Scotland,64,Financial service activities,740,726,807,915,1341,1527,2160,2188,2247,2359,2243,2686,2791,2297,2552,2953,3067,3256,3960,3677,3737,3849,4026,4297,4747
TLM7,Eastern Scotland,65,Insurance and pension funding,968,1078,1260,1577,1564,1822,1830,2360,2114,2572,2360,3114,2784,3020,3046,2833,2870,2229,2246,3012,2511,2000,1680,2052,2636
TLM7,Eastern Scotland,66,Activities auxiliary to finance and insurance,318,176,180,184,252,227,226,298,443,467,577,635,634,584,674,712,685,701,788,966,1017,1254,1244,1481,1656
TLM7,Eastern Scotland,68IMP,Owner-occupiers' imputed rental,2674,2809,2941,2960,3068,3112,3243,3244,3665,3595,3767,3465,3357,3563,3647,3741,3928,4141,4276,4541,4838,5240,5317,5523,5831
TLM7,Eastern Scotland,68,"Real estate activities, excluding imputed rental",644,669,680,742,743,745,749,782,806,849,869,909,873,1076,1270,1350,1390,1472,1537,1625,1610,1722,1636,1623,1733
TLM7,Eastern Scotland,69,Legal and accounting activities,422,420,457,550,532,620,674,663,776,747,706,746,765,765,773,874,868,802,837,881,841,960,884,971,1115
TLM7,Eastern Scotland,70,Head offices and management consultancy,103,91,116,149,160,168,161,156,189,191,211,224,232,208,206,233,240,244,270,292,306,341,252,311,362
TLM7,Eastern Scotland,71,Architectural and engineering activities,221,233,240,259,289,351,375,373,431,460,638,604,595,518,469,517,533,613,648,572,534,486,556,625,692
TLM7,Eastern Scotland,72,Scientific research and development,189,201,188,194,239,318,401,474,446,521,574,579,759,929,965,776,878,1056,1167,1302,1714,1574,1329,1315,1525
TLM7,Eastern Scotland,73,Advertising and market research,58,63,73,84,93,141,147,146,166,144,115,105,100,112,121,152,156,184,156,189,193,163,90,102,105
TLM7,Eastern Scotland,74,"Other professional, scientific and technical activities",71,63,72,80,85,95,101,109,121,124,121,116,116,127,125,142,141,150,173,183,148,162,191,178,169
TLM7,Eastern Scotland,75,Veterinary activities,32,29,27,13,16,16,24,43,56,57,65,78,83,79,76,83,81,91,103,123,111,117,118,142,171
TLM7,Eastern Scotland,77,Rental and leasing activities,270,290,271,303,291,315,286,323,332,363,320,303,274,238,220,226,236,283,324,420,388,455,340,564,750
TLM7,Eastern Scotland,78,Employment activities,173,188,206,260,277,308,284,262,296,339,360,341,351,373,414,422,437,484,477,484,583,615,636,586,550
TLM7,Eastern Scotland,79,Travel agency and tour operator activities,65,64,58,60,63,70,78,95,110,123,114,98,104,113,132,141,179,205,212,182,228,272,106,105,249
TLM7,Eastern Scotland,80,Security and investigation activities,26,28,32,35,34,39,49,51,52,53,47,42,38,40,43,42,42,45,42,46,55,47,55,55,58
TLM7,Eastern Scotland,81,Services to buildings and landscape activities,62,69,73,83,86,104,131,144,150,171,198,176,159,161,172,213,223,263,282,240,289,315,326,427,366
TLM7,Eastern Scotland,82,Office administration and business support activities,132,97,97,121,120,161,198,198,210,226,210,218,216,234,271,308,359,369,352,397,470,400,388,458,419
TLM7,Eastern Scotland,O (84),Public administration and defence,1406,1515,1658,1848,1904,2180,2242,2389,2593,2694,2630,2654,2863,2955,3112,3140,3354,3114,3415,3782,3754,3820,4035,4432,4573
TLM7,Eastern Scotland,P (85),Education,1635,1713,1921,2038,2184,2237,2222,2448,2641,2855,3161,3232,3178,3283,3424,3511,3766,3820,3712,3826,4045,4460,4630,4689,5191
TLM7,Eastern Scotland,86,Human health activities,1240,1212,1364,1514,1644,1901,2150,2281,2509,2614,2618,2687,2706,2714,2699,2639,2782,2809,2945,3117,3248,3361,3716,4284,4140
TLM7,Eastern Scotland,87,Residential care activities,222,233,252,232,244,228,294,432,420,463,490,568,522,552,561,543,641,707,620,668,726,743,912,844,746
TLM7,Eastern Scotland,88,Social work activities,210,221,235,247,263,283,299,421,399,444,461,437,420,495,620,731,614,743,829,869,964,1006,907,1207,1245
TLM7,Eastern Scotland,90,"Creative, arts and entertainment activities",46,51,59,50,58,61,70,69,81,82,77,76,76,84,84,79,54,59,80,102,122,137,227,287,399
TLM7,Eastern Scotland,91,"Libraries, archives, museums and other cultural activities",36,43,52,68,77,84,95,91,106,112,128,114,116,106,114,117,120,147,152,135,142,148,147,151,171
TLM7,Eastern Scotland,92,Gambling and betting activities,66,71,57,72,107,133,188,179,193,181,206,235,210,304,275,298,293,229,158,216,197,231,86,169,159
TLM7,Eastern Scotland,93,"Sports, amusement and recreation activities",119,141,141,159,182,192,220,201,235,232,226,214,226,244,263,273,273,302,328,339,344,370,249,204,242
TLM7,Eastern Scotland,94,Activities of membership organisations,64,61,70,75,93,100,113,111,124,130,139,158,143,114,93,106,115,112,139,130,137,141,121,212,203
TLM7,Eastern Scotland,95,"Repair of computers, personal and household goods",53,52,53,50,57,44,50,45,37,34,34,34,40,48,39,40,52,54,64,61,57,57,58,73,106
TLM7,Eastern Scotland,96,Other personal service activities,245,241,270,269,307,297,339,327,367,388,397,420,444,486,525,560,539,556,617,707,807,810,521,462,623
TLM7,Eastern Scotland,T (97-98),Activities of households,4,8,7,13,9,7,10,8,6,5,7,14,31,26,20,15,24,34,49,56,76,80,60,50,42
TLM8,West Central Scotland,1,Agriculture and hunting,21,19,25,23,28,31,29,19,21,21,28,26,28,31,30,33,43,38,30,29,18,31,29,35,44
TLM8,West Central Scotland,2-3,Forestry and fishing,4,4,4,5,4,4,4,5,5,5,7,7,7,8,8,7,10,11,10,13,11,15,12,12,14
TLM8,West Central Scotland,B (5-9),Mining and quarrying,25,21,25,25,27,28,29,28,38,34,34,28,26,27,35,31,35,37,35,30,31,28,17,16,19
TLM8,West Central Scotland,10,Manufacture of food products,211,191,193,213,199,201,211,209,215,204,197,212,215,197,213,246,227,223,223,233,220,228,158,176,190
TLM8,West Central Scotland,11-12,Manufacture of beverages and tobacco products,429,426,450,478,523,601,709,736,876,834,897,916,902,923,852,717,875,875,841,942,1107,1119,1012,1152,1298
TLM8,West Central Scotland,13,Manufacture of textiles,66,58,55,57,55,62,41,39,39,39,36,38,44,35,40,43,52,55,44,66,54,52,45,73,86
TLM8,West Central Scotland,14-15,Manufacture of wearing apparel and leather products,118,108,95,77,67,55,53,49,51,46,37,33,51,42,48,46,60,65,50,66,66,79,33,34,47
TLM8,West Central Scotland,16-17,Manufacture of wood and paper products,63,61,62,63,67,66,66,72,70,90,105,92,106,103,110,97,115,117,143,143,142,147,114,127,143
TLM8,West Central Scotland,18,Printing and reproduction of recorded media,99,86,83,83,77,82,84,88,95,88,98,88,77,73,81,80,83,70,77,81,80,67,52,65,79
TLM8,West Central Scotland,CD-CF (19-21),"Manufacture of petroleum, chemicals and pharmaceuticals",170,176,193,168,149,132,114,132,143,118,101,102,109,140,134,157,175,229,262,255,256,294,634,573,461
TLM8,West Central Scotland,22,Manufacture of rubber and plastic products,99,130,126,137,124,127,134,138,123,123,112,114,127,130,108,119,110,118,125,114,105,102,90,116,136
TLM8,West Central Scotland,23,Manufacture of other non-metallic mineral products,67,62,68,73,78,72,76,86,85,95,90,69,78,58,51,62,81,90,96,89,85,85,69,80,86
TLM8,West Central Scotland,24,Manufacture of basic metals,42,46,44,47,45,47,39,45,32,31,30,18,25,31,34,43,52,45,45,40,31,33,19,11,14
TLM8,West Central Scotland,25,Manufacture of fabricated metal products,131,132,149,172,169,157,157,176,179,190,228,196,194,223,235,248,243,199,186,179,205,188,194,228,239
TLM8,West Central Scotland,CI (26),"Manufacture of computer, electronic and optical products",881,575,556,492,580,491,587,487,445,325,402,363,260,279,302,340,342,269,257,269,229,246,190,255,270
TLM8,West Central Scotland,CJ (27),Manufacture of electrical equipment,154,142,149,163,151,130,143,121,126,117,98,83,87,85,110,103,134,83,72,70,71,83,111,117,114
TLM8,West Central Scotland,CK (28),Manufacture of machinery and equipment,251,224,232,224,243,224,195,178,166,165,184,159,212,235,225,253,259,238,214,220,225,229,254,295,276
TLM8,West Central Scotland,29,Manufacture of motor vehicles,53,44,57,47,39,37,32,38,34,29,35,21,30,27,27,39,37,36,42,55,50,65,43,75,88
TLM8,West Central Scotland,30,Manufacture of other transport equipment,226,232,216,223,227,241,282,282,291,273,319,279,251,310,292,259,236,202,173,211,233,225,219,251,250
TLM8,West Central Scotland,31,Manufacture of furniture,52,47,47,48,43,53,50,49,58,60,59,51,56,55,52,54,52,43,40,42,40,38,33,41,40
TLM8,West Central Scotland,32,Other manufacturing,85,79,87,86,74,74,74,69,82,82,89,89,114,122,133,123,133,136,132,117,131,121,102,129,133
TLM8,West Central Scotland,33,Repair and installation of machinery and equipment,110,102,82,81,86,87,91,97,106,104,103,126,139,125,154,168,188,167,158,154,156,156,129,130,157
TLM8,West Central Scotland,D (35),"Electricity, gas, steam and air conditioning supply",377,365,303,280,311,509,522,663,816,802,876,922,628,598,822,923,951,920,786,928,828,1123,1602,1172,1217
TLM8,West Central Scotland,E (36-39),Water supply; sewerage and waste management,354,358,365,380,387,368,368,404,463,454,493,519,512,579,488,496,511,534,581,683,738,740,784,853,863
TLM8,West Central Scotland,41,Construction of buildings,465,512,538,562,623,619,584,671,673,734,660,469,484,492,495,489,487,555,549,629,680,730,572,661,749
TLM8,West Central Scotland,42,Civil engineering,265,281,314,295,280,318,340,363,419,399,451,468,491,474,477,459,479,515,444,490,547,582,646,649,720
TLM8,West Central Scotland,43,Specialised construction activities,538,578,632,609,626,743,743,842,947,1012,1195,920,907,974,968,1103,1186,1264,1330,1384,1215,1181,915,1140,1348
TLM8,West Central Scotland,45,Motor trades,445,413,355,358,326,304,287,330,320,358,390,340,373,353,353,346,369,383,340,451,509,501,462,610,609
TLM8,West Central Scotland,46,Wholesale trade,802,739,709,823,796,803,852,789,819,821,915,959,945,924,874,796,866,810,850,968,1148,1226,852,1057,1123
TLM8,West Central Scotland,47,Retail trade,1223,1334,1366,1547,1611,1565,1601,1600,1768,1734,1887,2024,1970,1883,2025,2233,2325,2114,1975,2227,2051,1958,1908,2017,2179
TLM8,West Central Scotland,49,Land transport,499,555,589,652,650,660,642,622,590,625,599,561,576,587,534,553,582,580,633,542,588,550,196,350,523
TLM8,West Central Scotland,50-51,Water and air transport,117,146,187,192,176,192,221,203,168,143,163,109,107,128,143,177,205,227,211,222,214,217,144,147,253
TLM8,West Central Scotland,52,Warehousing and transport support activities,242,234,280,324,339,331,337,351,372,364,427,427,440,519,482,499,546,618,629,732,672,702,649,690,724
TLM8,West Central Scotland,53,Postal and courier activities,138,155,158,167,179,161,178,211,214,223,238,250,259,263,269,299,251,201,210,242,237,235,247,262,260
TLM8,West Central Scotland,55,Accommodation,105,115,102,109,131,141,158,171,179,180,171,137,145,156,173,183,188,224,241,237,235,272,88,246,395
TLM8,West Central Scotland,56,Food and beverage service activities,447,464,517,534,540,536,569,627,601,642,669,625,650,627,669,725,762,727,732,808,848,943,680,803,1061
TLM8,West Central Scotland,58,Publishing activities,184,165,166,167,160,167,200,206,206,196,138,122,111,104,111,100,105,116,111,108,103,90,94,109,117
TLM8,West Central Scotland,59-60,"Film and TV production, programming and broadcasting",176,168,176,167,177,211,237,234,205,224,243,259,268,295,318,448,466,517,474,351,422,436,436,326,438
TLM8,West Central Scotland,61,Telecommunications,447,393,434,538,579,564,609,661,750,843,842,907,862,918,901,888,894,899,922,995,1036,912,899,1040,1153
TLM8,West Central Scotland,62,Computer programming and consultancy,116,138,182,215,264,336,354,393,346,363,352,349,341,354,409,409,478,507,501,618,597,604,650,786,1004
TLM8,West Central Scotland,63,Information service activities,24,25,32,34,39,38,40,48,53,57,53,58,54,55,56,50,42,39,41,45,46,45,30,30,46
TLM8,West Central Scotland,64,Financial service activities,470,513,456,444,471,630,796,942,1143,1238,1205,1180,1390,1348,1358,1526,1652,1546,1800,1893,2079,2555,2525,2342,2341
TLM8,West Central Scotland,65,Insurance and pension funding,710,734,799,896,632,598,848,1021,1000,1049,829,1043,562,565,568,685,645,615,643,624,505,491,423,489,628
TLM8,West Central Scotland,66,Activities auxiliary to finance and insurance,112,208,218,177,246,274,229,208,257,277,387,411,450,407,472,519,613,767,642,687,786,778,682,824,977
TLM8,West Central Scotland,68IMP,Owner-occupiers' imputed rental,1635,1725,1799,1807,1897,1961,2031,2068,2292,2197,2296,2068,1954,2045,2057,2110,2243,2330,2466,2630,2787,3000,2978,3104,3313
TLM8,West Central Scotland,68,"Real estate activities, excluding imputed rental",640,694,665,649,659,727,717,815,826,821,827,860,808,1016,1165,1277,1338,1365,1483,1470,1387,1471,1420,1333,1461
TLM8,West Central Scotland,69,Legal and accounting activities,359,371,366,419,403,419,510,510,548,558,604,646,688,715,786,782,849,814,797,951,876,835,774,987,1151
TLM8,West Central Scotland,70,Head offices and management consultancy,92,82,103,104,94,93,103,147,149,185,189,164,145,158,148,167,185,201,230,256,283,283,216,263,311
TLM8,West Central Scotland,71,Architectural and engineering activities,232,233,238,242,228,240,279,274,284,286,293,315,281,266,255,341,353,376,379,426,450,479,353,404,418
TLM8,West Central Scotland,72,Scientific research and development,17,22,25,41,56,87,112,115,120,139,174,191,260,272,246,209,246,292,307,268,356,359,404,563,596
TLM8,West Central Scotland,73,Advertising and market research,55,73,77,88,111,139,187,202,279,270,211,198,173,186,186,170,138,156,144,168,166,134,98,109,142
TLM8,West Central Scotland,74,"Other professional, scientific and technical activities",66,66,73,75,87,110,115,116,115,112,97,95,93,97,97,115,126,126,162,171,152,165,155,146,154
TLM8,West Central Scotland,75,Veterinary activities,16,14,13,10,8,7,9,14,16,19,36,40,35,33,31,31,31,34,38,47,48,45,43,56,74
TLM8,West Central Scotland,77,Rental and leasing activities,205,239,228,250,267,260,275,309,285,264,264,262,252,248,243,261,280,299,314,393,353,347,318,418,435
TLM8,West Central Scotland,78,Employment activities,182,192,218,248,253,279,305,333,402,422,462,425,379,387,397,446,523,524,471,450,529,513,506,488,585
TLM8,West Central Scotland,79,Travel agency and tour operator activities,47,48,59,85,96,90,81,92,98,109,113,125,126,124,129,159,212,244,269,281,298,258,114,74,118
TLM8,West Central Scotland,80,Security and investigation activities,46,59,66,83,77,80,74,81,83,84,84,79,69,69,66,58,63,66,62,82,95,88,118,108,128
TLM8,West Central Scotland,81,Services to buildings and landscape activities,87,82,76,104,100,120,166,204,210,223,286,343,399,477,502,559,536,516,551,481,528,597,575,626,717
TLM8,West Central Scotland,82,Office administration and business support activities,95,98,96,105,155,277,311,345,330,332,382,407,384,378,353,369,421,414,423,479,535,513,525,627,641
TLM8,West Central Scotland,O (84),Public administration and defence,1386,1459,1544,1620,1580,1676,1758,2037,1932,2135,2148,2163,2253,2272,2217,2074,2204,2359,2622,2731,2835,3086,3277,3632,3771
TLM8,West Central Scotland,P (85),Education,1269,1332,1458,1617,1677,1779,1887,1965,2029,2072,2202,2163,2173,2165,2166,2200,2168,2161,2220,2213,2190,2402,2527,2681,2913
TLM8,West Central Scotland,86,Human health activities,1185,1187,1261,1563,1661,1735,1948,2220,2337,2299,2407,2398,2463,2620,2553,2586,2950,3129,3218,3261,3234,3277,3675,3741,3751
TLM8,West Central Scotland,87,Residential care activities,109,124,133,128,147,166,179,195,208,253,278,283,252,319,324,331,369,358,381,380,376,457,560,559,483
TLM8,West Central Scotland,88,Social work activities,160,190,192,209,251,289,301,358,347,418,573,592,599,601,677,759,781,793,851,944,1018,1069,1014,1281,1123
TLM8,West Central Scotland,90,"Creative, arts and entertainment activities",35,29,37,36,51,51,55,49,59,59,59,105,115,133,146,145,118,93,90,81,74,72,14,129,173
TLM8,West Central Scotland,91,"Libraries, archives, museums and other cultural activities",17,20,21,17,19,21,21,22,22,21,21,19,15,13,16,12,9,6,9,9,12,11,8,12,13
TLM8,West Central Scotland,92,Gambling and betting activities,88,86,71,110,134,164,222,238,251,244,294,271,235,298,274,305,293,304,220,223,220,248,237,137,161
TLM8,West Central Scotland,93,"Sports, amusement and recreation activities",95,109,116,108,121,125,126,132,148,146,160,153,156,161,166,178,167,157,181,202,221,237,147,171,208
TLM8,West Central Scotland,94,Activities of membership organisations,117,103,109,121,143,151,154,160,155,147,103,128,127,99,89,94,85,75,77,94,94,91,111,110,120
TLM8,West Central Scotland,95,"Repair of computers, personal and household goods",36,36,35,37,46,41,39,36,29,21,35,42,46,55,54,75,97,106,124,139,146,122,50,70,59
TLM8,West Central Scotland,96,Other personal service activities,167,170,168,193,209,231,237,250,251,272,288,290,293,288,345,370,404,471,489,465,508,528,368,546,685
TLM8,West Central Scotland,T (97-98),Activities of households,21,27,39,40,43,33,37,39,38,32,26,17,23,19,22,19,25,23,36,36,36,40,34,21,28
TLM9,Southern Scotland,1,Agriculture and hunting,469,434,526,526,602,621,580,485,551,567,591,579,482,536,493,558,704,584,504,547,534,585,586,696,850
TLM9,Southern Scotland,2-3,Forestry and fishing,32,36,37,40,37,35,38,42,43,47,57,61,59,68,73,65,73,73,55,75,72,97,90,94,92
TLM9,Southern Scotland,B (5-9),Mining and quarrying,63,57,63,64,79,80,73,60,94,94,81,92,90,81,84,70,60,64,54,72,59,51,29,29,39
TLM9,Southern Scotland,10,Manufacture of food products,334,310,317,349,338,360,386,374,404,391,397,427,411,410,422,471,453,436,455,480,492,382,263,274,295
TLM9,Southern Scotland,11-12,Manufacture of beverages and tobacco products,93,92,94,97,110,129,156,166,203,193,208,208,199,217,196,167,221,220,209,241,281,267,143,209,257
TLM9,Southern Scotland,13,Manufacture of textiles,77,74,74,69,72,69,52,49,53,60,58,61,72,55,67,69,66,54,53,73,61,67,41,61,67
TLM9,Southern Scotland,14-15,Manufacture of wearing apparel and leather products,168,146,128,111,99,94,84,81,77,72,53,49,83,69,81,76,117,136,62,81,89,77,58,66,44
TLM9,Southern Scotland,16-17,Manufacture of wood and paper products,101,96,95,97,102,100,103,112,112,134,155,137,150,143,151,131,154,162,192,182,192,199,168,192,213
TLM9,Southern Scotland,18,Printing and reproduction of recorded media,41,35,34,33,31,32,33,35,38,35,38,34,29,27,30,35,38,34,38,44,35,33,34,42,41
TLM9,Southern Scotland,CD-CF (19-21),"Manufacture of petroleum, chemicals and pharmaceuticals",359,376,402,337,261,260,230,237,256,238,209,220,271,280,259,258,268,291,350,351,389,412,489,548,638
TLM9,Southern Scotland,22,Manufacture of rubber and plastic products,111,135,129,138,126,131,136,135,126,128,119,117,132,136,118,136,132,141,135,110,114,116,104,110,129
TLM9,Southern Scotland,23,Manufacture of other non-metallic mineral products,45,41,46,47,51,50,51,57,56,62,57,44,50,37,34,37,41,48,51,51,49,50,62,70,83
TLM9,Southern Scotland,24,Manufacture of basic metals,25,28,26,29,27,27,24,28,19,18,17,10,11,13,11,9,8,8,11,12,12,11,17,8,7
TLM9,Southern Scotland,25,Manufacture of fabricated metal products,127,126,142,151,154,150,149,165,168,183,215,181,185,214,230,245,241,215,217,208,214,243,235,217,252
TLM9,Southern Scotland,CI (26),"Manufacture of computer, electronic and optical products",214,160,145,130,150,122,150,128,123,101,110,97,83,90,92,82,77,67,82,82,90,72,60,66,67
TLM9,Southern Scotland,CJ (27),Manufacture of electrical equipment,62,56,58,59,56,49,53,45,46,43,37,32,34,33,43,42,52,33,31,27,29,33,48,35,33
TLM9,Southern Scotland,CK (28),Manufacture of machinery and equipment,129,116,119,115,126,116,101,92,87,86,97,81,110,122,116,121,125,122,97,96,106,98,136,173,150
TLM9,Southern Scotland,29,Manufacture of motor vehicles,21,17,18,14,12,11,10,11,10,10,13,8,12,11,11,14,18,19,22,30,29,24,6,14,24
TLM9,Southern Scotland,30,Manufacture of other transport equipment,90,95,118,117,117,127,143,140,148,114,122,95,78,94,83,74,60,49,40,49,43,51,76,35,43
TLM9,Southern Scotland,31,Manufacture of furniture,10,9,9,10,8,10,10,10,12,12,12,9,9,7,6,6,7,7,8,9,8,8,4,5,5
TLM9,Southern Scotland,32,Other manufacturing,44,42,41,41,35,38,36,36,39,42,48,44,46,48,48,42,47,46,42,40,46,40,32,38,39
TLM9,Southern Scotland,33,Repair and installation of machinery and equipment,128,126,125,114,120,117,127,115,125,126,119,158,213,199,239,250,268,246,210,196,220,199,189,148,176
TLM9,Southern Scotland,D (35),"Electricity, gas, steam and air conditioning supply",375,345,291,267,309,459,467,562,695,689,786,882,648,599,817,1021,1055,956,843,895,808,922,984,547,650
TLM9,Southern Scotland,E (36-39),Water supply; sewerage and waste management,254,265,267,284,280,255,258,303,364,361,378,381,378,418,328,244,244,247,270,315,331,336,358,370,395
TLM9,Southern Scotland,41,Construction of buildings,149,165,172,183,209,207,197,224,229,247,212,149,151,156,155,200,200,228,236,255,264,301,198,255,302
TLM9,Southern Scotland,42,Civil engineering,186,200,221,209,203,221,243,260,292,287,315,324,339,319,348,385,399,426,388,391,396,374,321,336,394
TLM9,Southern Scotland,43,Specialised construction activities,294,321,346,338,353,413,417,472,532,565,651,505,491,529,520,541,596,638,769,799,727,726,703,771,845
TLM9,Southern Scotland,45,Motor trades,250,231,199,201,188,183,169,196,186,205,224,200,225,213,214,214,247,257,231,312,304,248,201,260,311
TLM9,Southern Scotland,46,Wholesale trade,410,386,370,426,413,419,446,424,442,443,497,521,518,507,495,475,517,519,510,571,670,720,564,632,705
TLM9,Southern Scotland,47,Retail trade,678,734,754,846,879,858,877,881,972,953,1024,1089,1078,1034,1104,1192,1242,1180,1118,1242,1147,1178,1099,1237,1352
TLM9,Southern Scotland,49,Land transport,282,305,303,337,341,349,346,339,333,354,341,312,309,318,301,318,360,365,411,364,354,384,247,282,327
TLM9,Southern Scotland,50-51,Water and air transport,68,97,150,161,131,148,171,149,111,89,98,71,61,85,96,106,96,107,96,76,73,78,51,70,86
TLM9,Southern Scotland,52,Warehousing and transport support activities,114,106,121,141,150,144,134,141,151,149,172,174,182,200,181,169,183,202,222,261,231,223,164,186,212
TLM9,Southern Scotland,53,Postal and courier activities,66,72,71,74,81,73,74,88,92,93,100,104,109,106,108,109,94,84,86,98,88,81,103,60,62
TLM9,Southern Scotland,55,Accommodation,101,109,100,106,126,138,151,166,172,174,164,135,142,154,172,179,189,219,246,248,239,301,149,184,239
TLM9,Southern Scotland,56,Food and beverage service activities,199,205,230,238,237,235,248,274,263,282,292,274,288,280,297,321,328,314,335,383,384,360,315,326,442
TLM9,Southern Scotland,58,Publishing activities,26,24,23,23,22,23,27,28,30,29,23,20,19,16,17,17,17,17,18,17,16,14,15,11,9
TLM9,Southern Scotland,59-60,"Film and TV production, programming and broadcasting",46,44,63,62,65,74,82,75,29,32,38,40,40,39,39,40,33,42,60,45,42,38,28,26,33
TLM9,Southern Scotland,61,Telecommunications,55,48,51,64,69,66,71,77,96,107,119,126,125,122,120,126,123,135,137,148,141,143,83,109,136
TLM9,Southern Scotland,62,Computer programming and consultancy,27,30,37,45,56,71,73,81,79,83,89,88,89,84,92,92,91,99,106,125,127,113,152,117,112
TLM9,Southern Scotland,63,Information service activities,6,6,7,8,9,9,9,11,13,14,15,16,15,14,15,14,13,12,13,14,14,12,9,8,13
TLM9,Southern Scotland,64,Financial service activities,172,189,176,177,182,223,284,333,387,407,382,394,416,428,432,488,486,473,541,539,502,555,495,411,430
TLM9,Southern Scotland,65,Insurance and pension funding,63,65,74,82,54,50,68,84,79,85,76,93,52,42,42,49,45,33,13,8,5,8,13,7,34
TLM9,Southern Scotland,66,Activities auxiliary to finance and insurance,17,28,31,25,33,34,28,26,32,35,45,50,54,48,56,58,65,76,68,100,118,117,114,126,114
TLM9,Southern Scotland,68IMP,Owner-occupiers' imputed rental,993,1056,1109,1113,1153,1214,1266,1296,1556,1498,1576,1409,1383,1441,1429,1443,1498,1561,1619,1677,1773,1837,1835,1931,2054
TLM9,Southern Scotland,68,"Real estate activities, excluding imputed rental",256,273,271,274,277,308,307,336,350,353,369,381,377,429,510,551,581,619,634,662,646,646,617,598,668
TLM9,Southern Scotland,69,Legal and accounting activities,97,101,101,114,114,122,139,146,163,164,174,184,192,208,227,243,245,234,227,276,247,248,213,248,287
TLM9,Southern Scotland,70,Head offices and management consultancy,30,27,35,37,35,35,39,55,54,64,65,58,53,57,54,55,70,74,88,98,101,100,60,69,78
TLM9,Southern Scotland,71,Architectural and engineering activities,74,76,78,82,79,84,99,95,102,102,109,114,103,97,91,137,142,152,151,160,164,137,137,187,244
TLM9,Southern Scotland,72,Scientific research and development,7,8,8,11,15,26,34,33,32,40,48,48,68,77,75,59,69,83,85,89,118,147,155,197,89
TLM9,Southern Scotland,73,Advertising and market research,6,7,8,9,11,15,20,20,28,26,20,19,18,19,19,19,15,18,15,18,19,16,21,18,19
TLM9,Southern Scotland,74,"Other professional, scientific and technical activities",21,21,23,23,27,35,37,37,39,38,34,34,33,33,32,37,39,38,50,58,50,69,80,73,75
TLM9,Southern Scotland,75,Veterinary activities,22,19,18,15,12,10,14,21,26,29,49,55,51,48,44,45,48,52,55,69,68,74,57,66,103
TLM9,Southern Scotland,77,Rental and leasing activities,90,100,96,105,111,112,117,133,127,122,124,121,115,111,107,113,114,115,119,146,137,161,128,211,229
TLM9,Southern Scotland,78,Employment activities,12,12,14,17,17,19,20,22,27,29,33,30,25,24,26,40,52,53,62,62,66,63,69,59,53
TLM9,Southern Scotland,79,Travel agency and tour operator activities,19,19,24,33,37,36,33,37,42,47,50,53,53,52,55,59,81,90,96,97,111,115,20,60,137
TLM9,Southern Scotland,80,Security and investigation activities,7,9,10,13,12,13,12,13,14,15,15,13,12,12,11,12,17,19,21,27,30,29,31,25,22
TLM9,Southern Scotland,81,Services to buildings and landscape activities,18,17,17,22,21,26,37,44,47,51,59,68,89,104,110,141,140,138,161,150,148,127,98,112,149
TLM9,Southern Scotland,82,Office administration and business support activities,26,25,25,28,39,67,76,82,73,70,100,105,85,96,93,93,114,122,154,184,190,216,216,250,283
TLM9,Southern Scotland,O (84),Public administration and defence,558,589,625,659,644,684,712,822,787,880,872,886,926,932,913,909,965,981,1097,1110,1126,1130,1161,1222,1232
TLM9,Southern Scotland,P (85),Education,494,522,567,630,657,696,738,793,832,851,907,904,912,909,896,889,918,905,872,868,889,969,1037,1065,1221
TLM9,Southern Scotland,86,Human health activities,632,630,672,832,885,928,1049,1193,1255,1232,1284,1285,1317,1394,1351,1317,1225,1305,1372,1424,1437,1422,1635,1744,1617
TLM9,Southern Scotland,87,Residential care activities,78,88,94,90,103,117,127,140,149,180,195,200,179,222,235,249,282,272,261,249,231,289,311,300,247
TLM9,Southern Scotland,88,Social work activities,106,124,126,135,163,188,196,237,226,272,362,369,371,374,421,442,423,423,475,542,596,609,699,792,878
TLM9,Southern Scotland,90,"Creative, arts and entertainment activities",4,3,4,4,6,5,6,5,6,6,6,10,12,14,15,15,12,12,15,17,16,19,11,34,40
TLM9,Southern Scotland,91,"Libraries, archives, museums and other cultural activities",13,15,16,14,16,19,19,20,21,22,22,22,19,17,20,18,14,9,11,10,16,13,13,16,16
TLM9,Southern Scotland,92,Gambling and betting activities,31,30,24,38,49,59,84,89,95,93,104,105,99,126,114,128,117,125,87,87,80,93,91,54,66
TLM9,Southern Scotland,93,"Sports, amusement and recreation activities",54,62,63,61,73,75,80,80,93,93,97,95,106,110,113,122,102,100,121,135,133,126,83,89,113
TLM9,Southern Scotland,94,Activities of membership organisations,35,31,33,35,42,46,47,48,47,46,35,45,43,34,30,29,31,26,30,37,38,41,35,45,38
TLM9,Southern Scotland,95,"Repair of computers, personal and household goods",15,14,14,15,18,16,15,14,11,8,13,16,18,21,20,19,16,17,21,23,26,23,19,18,22
TLM9,Southern Scotland,96,Other personal service activities,96,100,99,114,125,128,135,142,144,155,159,166,168,170,195,204,222,253,276,262,289,309,287,265,287
TLM9,Southern Scotland,T (97-98),Activities of households,9,12,17,17,18,14,16,17,16,14,11,8,11,9,10,8,11,11,17,14,12,15,10,12,14
TLN0,Northern Ireland,1,Agriculture and hunting,605,569,686,719,739,716,684,481,535,608,573,509,430,524,436,519,627,504,619,733,671,633,782,887,1133
TLN0,Northern Ireland,2-3,Forestry and fishing,15,17,19,25,24,22,22,21,22,24,28,29,38,61,70,63,68,57,43,50,46,66,42,36,39
TLN0,Northern Ireland,B (5-9),Mining and quarrying,47,40,50,47,57,63,70,77,99,94,94,91,76,76,89,94,92,116,118,94,121,142,146,156,167
TLN0,Northern Ireland,10,Manufacture of food products,431,427,463,435,391,468,464,540,534,597,573,538,628,580,615,891,929,1081,1067,831,1124,1268,956,932,1090
TLN0,Northern Ireland,11-12,Manufacture of beverages and tobacco products,809,846,911,756,813,739,776,698,718,699,750,995,936,744,990,879,795,1040,909,513,55,56,104,100,109
TLN0,Northern Ireland,13,Manufacture of textiles,163,172,161,157,148,103,88,87,86,98,78,81,79,69,92,82,80,89,103,163,150,173,139,201,191
TLN0,Northern Ireland,14-15,Manufacture of wearing apparel and leather products,215,216,178,138,115,104,65,46,49,44,32,42,102,79,76,49,61,63,38,72,81,101,87,63,89
TLN0,Northern Ireland,16-17,Manufacture of wood and paper products,143,134,141,124,141,163,170,192,176,213,223,188,174,167,189,176,195,230,269,252,263,320,300,229,233
TLN0,Northern Ireland,18,Printing and reproduction of recorded media,47,41,45,42,42,46,47,58,63,68,82,78,63,60,64,73,71,73,80,72,80,86,68,81,80
TLN0,Northern Ireland,CD-CF (19-21),"Manufacture of petroleum, chemicals and pharmaceuticals",322,311,305,251,246,257,223,259,298,266,343,362,361,381,361,423,410,531,501,481,535,514,477,589,606
TLN0,Northern Ireland,22,Manufacture of rubber and plastic products,170,187,210,229,218,275,335,347,335,276,253,229,242,233,226,283,272,304,272,256,225,248,293,274,298
TLN0,Northern Ireland,23,Manufacture of other non-metallic mineral products,137,155,175,170,182,225,249,316,292,286,275,268,287,232,256,281,269,270,268,234,261,287,305,314,329
TLN0,Northern Ireland,24,Manufacture of basic metals,21,28,31,44,36,37,39,36,26,29,26,19,34,52,52,52,50,46,50,57,55,71,86,78,85
TLN0,Northern Ireland,25,Manufacture of fabricated metal products,162,189,205,236,240,265,280,345,326,316,359,294,289,284,297,372,372,433,454,444,548,613,531,582,583
TLN0,Northern Ireland,CI (26),"Manufacture of computer, electronic and optical products",214,224,225,238,241,226,217,195,230,217,261,343,404,419,442,481,450,448,504,538,557,639,568,457,460
TLN0,Northern Ireland,CJ (27),Manufacture of electrical equipment,89,89,117,120,105,130,137,141,153,159,180,151,186,186,188,177,179,161,164,173,176,207,311,219,217
TLN0,Northern Ireland,CK (28),Manufacture of machinery and equipment,140,146,162,174,218,233,233,225,263,302,301,173,258,288,356,457,478,510,486,490,548,563,466,453,446
TLN0,Northern Ireland,29,Manufacture of motor vehicles,118,110,128,118,99,99,91,109,92,92,110,124,174,164,203,267,226,278,253,249,187,208,150,190,269
TLN0,Northern Ireland,30,Manufacture of other transport equipment,221,255,265,280,263,254,264,267,286,268,362,378,314,347,355,342,283,336,351,348,417,416,479,410,466
TLN0,Northern Ireland,31,Manufacture of furniture,71,79,92,91,81,100,91,113,121,134,127,108,108,105,102,110,121,129,133,128,143,154,119,148,154
TLN0,Northern Ireland,32,Other manufacturing,31,34,39,44,49,63,62,61,63,67,77,68,81,85,90,78,78,91,90,98,98,98,102,107,113
TLN0,Northern Ireland,33,Repair and installation of machinery and equipment,157,195,177,156,184,152,140,131,143,135,56,46,38,33,40,45,50,48,61,65,83,99,96,100,104
TLN0,Northern Ireland,D (35),"Electricity, gas, steam and air conditioning supply",260,268,271,267,269,302,323,346,401,400,446,545,373,305,390,446,429,474,456,532,542,693,683,689,656
TLN0,Northern Ireland,E (36-39),Water supply; sewerage and waste management,244,250,264,302,325,352,420,472,501,533,557,504,509,489,588,588,623,633,635,650,641,644,604,620,640
TLN0,Northern Ireland,41,Construction of buildings,417,520,607,673,757,983,1046,1178,1280,1274,1012,608,594,573,468,490,478,597,645,639,776,835,684,793,960
TLN0,Northern Ireland,42,Civil engineering,233,263,289,373,351,284,295,388,442,455,588,581,575,571,575,638,730,780,837,898,996,1128,1118,1209,1410
TLN0,Northern Ireland,43,Specialised construction activities,551,644,764,814,828,916,1003,1128,1241,1378,1220,950,864,864,804,825,937,1122,1210,1263,1332,1461,1186,1477,1697
TLN0,Northern Ireland,45,Motor trades,270,237,260,282,261,338,399,520,540,582,551,447,521,420,419,378,420,490,444,604,623,617,529,600,614
TLN0,Northern Ireland,46,Wholesale trade,502,668,824,963,875,974,942,879,842,926,965,954,1248,1539,1581,1434,1531,1324,1322,1544,1719,1841,1726,2323,2588
TLN0,Northern Ireland,47,Retail trade,1575,1657,1761,1773,1854,2038,2166,2357,2626,2637,2533,2556,2644,2630,2811,2732,2940,2928,3338,3469,3390,3701,3571,3911,4091
TLN0,Northern Ireland,49,Land transport,418,403,436,499,482,501,579,556,602,670,651,709,735,704,668,692,770,824,900,868,873,964,543,693,824
TLN0,Northern Ireland,50-51,Water and air transport,93,116,159,171,153,233,296,275,225,205,259,153,170,261,263,312,283,309,279,295,318,344,196,297,393
TLN0,Northern Ireland,52,Warehousing and transport support activities,90,100,114,117,112,108,118,110,102,117,133,161,169,172,158,162,210,231,250,253,277,301,325,255,268
TLN0,Northern Ireland,53,Postal and courier activities,122,122,129,143,144,178,182,144,160,170,168,173,159,157,162,154,86,81,91,105,121,143,240,232,233
TLN0,Northern Ireland,55,Accommodation,82,98,93,108,118,143,161,194,198,199,170,145,175,190,205,224,241,240,260,274,294,333,207,285,420
TLN0,Northern Ireland,56,Food and beverage service activities,360,401,435,453,473,534,558,625,638,677,710,630,589,582,609,624,677,733,813,806,844,941,657,739,948
TLN0,Northern Ireland,58,Publishing activities,121,115,116,121,124,132,135,133,133,138,125,108,97,98,92,85,81,74,73,65,56,59,48,43,61
TLN0,Northern Ireland,59-60,"Film and TV production, programming and broadcasting",128,129,140,146,141,185,212,230,186,185,216,195,178,190,147,164,162,149,146,125,119,124,118,140,161
TLN0,Northern Ireland,61,Telecommunications,287,329,345,340,349,353,319,302,317,352,342,361,338,353,386,393,393,402,422,381,430,459,184,135,154
TLN0,Northern Ireland,62,Computer programming and consultancy,48,89,135,166,164,203,212,230,247,325,310,306,306,348,453,442,454,515,567,625,743,847,1068,1080,1201
TLN0,Northern Ireland,63,Information service activities,19,19,20,21,22,19,9,8,8,8,7,5,4,4,5,6,5,6,9,11,12,13,19,26,27
TLN0,Northern Ireland,64,Financial service activities,280,291,306,311,368,471,601,632,688,775,766,858,663,640,543,1197,1021,956,1477,1688,1600,1261,1287,1916,2044
TLN0,Northern Ireland,65,Insurance and pension funding,178,161,156,193,173,154,212,315,324,268,270,354,355,375,413,285,432,327,325,363,250,257,212,198,260
TLN0,Northern Ireland,66,Activities auxiliary to finance and insurance,90,83,106,112,135,163,142,107,142,191,181,223,283,265,300,226,226,235,212,260,275,293,300,287,272
TLN0,Northern Ireland,68IMP,Owner-occupiers' imputed rental,2160,2236,2376,2424,2430,2421,2490,2507,2830,2768,2893,2535,2365,2454,2525,2604,2784,2837,3084,3316,3531,3627,3636,3829,4008
TLN0,Northern Ireland,68,"Real estate activities, excluding imputed rental",702,756,752,772,779,813,822,879,927,986,774,740,743,854,982,999,1079,1122,1120,1200,1265,1331,1564,1482,1490
TLN0,Northern Ireland,69,Legal and accounting activities,214,248,267,308,344,415,446,467,503,523,554,571,558,552,544,567,615,656,714,774,797,858,755,999,1170
TLN0,Northern Ireland,70,Head offices and management consultancy,48,65,61,74,80,92,87,89,97,102,120,117,112,117,123,148,163,171,186,173,191,214,193,235,245
TLN0,Northern Ireland,71,Architectural and engineering activities,161,172,175,171,194,213,227,233,256,278,251,231,213,201,191,208,219,250,247,263,239,263,259,325,326
TLN0,Northern Ireland,72,Scientific research and development,65,81,86,100,111,92,93,95,87,96,102,88,94,102,102,88,107,125,145,144,173,200,243,261,343
TLN0,Northern Ireland,73,Advertising and market research,33,35,38,45,59,79,88,83,89,83,63,61,59,68,74,75,68,82,72,86,81,88,54,69,67
TLN0,Northern Ireland,74,"Other professional, scientific and technical activities",65,68,70,70,74,85,87,89,98,97,74,77,72,71,68,70,69,65,76,82,82,103,127,101,104
TLN0,Northern Ireland,75,Veterinary activities,13,17,20,22,23,24,32,31,29,30,47,50,47,45,47,44,41,47,56,71,80,85,74,91,107
TLN0,Northern Ireland,77,Rental and leasing activities,113,103,123,151,166,150,144,143,152,160,158,168,161,127,121,134,148,165,183,215,207,214,240,312,368
TLN0,Northern Ireland,78,Employment activities,76,85,100,101,116,130,180,189,191,201,206,173,171,189,249,328,375,399,383,426,486,529,454,529,597
TLN0,Northern Ireland,79,Travel agency and tour operator activities,71,63,54,48,51,47,49,53,64,67,64,65,80,74,72,44,38,45,36,37,45,51,54,25,57
TLN0,Northern Ireland,80,Security and investigation activities,30,31,35,36,43,48,53,54,57,59,55,55,50,51,56,59,63,62,60,50,59,68,90,83,108
TLN0,Northern Ireland,81,Services to buildings and landscape activities,55,63,68,73,87,100,115,126,141,150,157,169,184,187,184,212,190,196,227,256,264,305,219,265,307
TLN0,Northern Ireland,82,Office administration and business support activities,45,54,54,66,80,88,99,109,117,136,132,154,154,165,203,238,253,259,262,263,284,246,269,199,182
TLN0,Northern Ireland,O (84),Public administration and defence,1814,1802,1887,1981,2063,2282,2311,2472,2483,2403,2651,2793,2630,2843,2864,2613,2732,2698,2934,3133,3017,3090,3171,3413,3594
TLN0,Northern Ireland,P (85),Education,1261,1372,1454,1487,1605,1689,1767,1943,2033,2113,2262,2316,2263,2245,2290,2264,2202,2121,2128,2234,2227,2365,2411,2441,2704
TLN0,Northern Ireland,86,Human health activities,1126,1141,1221,1394,1483,1562,1619,1736,1867,2114,2094,2389,2333,2488,2653,2542,2467,2495,2657,2798,3033,3062,3437,3780,3817
TLN0,Northern Ireland,87,Residential care activities,221,233,254,230,280,329,348,409,508,515,631,641,552,611,650,690,787,927,1002,992,953,1011,1081,1075,959
TLN0,Northern Ireland,88,Social work activities,200,211,234,244,293,405,449,490,487,444,442,401,374,333,348,375,360,345,418,491,567,659,705,1005,893
TLN0,Northern Ireland,90,"Creative, arts and entertainment activities",30,30,36,34,24,20,17,18,28,28,43,42,44,52,57,53,45,41,42,48,55,47,9,52,66
TLN0,Northern Ireland,91,"Libraries, archives, museums and other cultural activities",31,31,36,35,35,37,37,42,46,41,43,48,51,52,59,68,63,62,62,54,62,59,32,46,57
TLN0,Northern Ireland,92,Gambling and betting activities,31,38,34,32,39,59,60,52,55,107,144,135,121,156,130,140,145,143,123,153,154,164,179,165,197
TLN0,Northern Ireland,93,"Sports, amusement and recreation activities",57,59,69,81,94,112,133,139,146,133,136,148,147,150,161,169,153,140,173,166,173,191,131,160,179
TLN0,Northern Ireland,94,Activities of membership organisations,124,120,136,132,157,147,179,186,204,228,246,301,318,293,308,329,313,278,247,248,257,292,193,208,213
TLN0,Northern Ireland,95,"Repair of computers, personal and household goods",15,14,15,15,15,13,14,14,16,17,19,18,17,20,16,16,22,24,24,25,30,31,21,27,30
TLN0,Northern Ireland,96,Other personal service activities,132,136,142,158,172,179,185,203,218,232,231,229,239,237,244,254,293,332,340,376,383,384,349,402,479
TLN0,Northern Ireland,T (97-98),Activities of households,23,31,42,48,39,32,29,27,17,8,11,11,19,20,22,24,41,48,45,34,50,57,47,61,52
