DATE,ITL_code,GEOGRAPHY_NAME,SIC_CODE,SIC07_description,gva,JOBCOUNT_FULLTIME,JOBCOUNT_PARTTIME,JOBCOUNT_ALLINEMPLOYMENT
2015,TLC1,Tees Valley and Durham,A (1-3),"Agriculture, forestry and fishing",122,900,450,5235
2016,TLC1,Tees Valley and Durham,A (1-3),"Agriculture, forestry and fishing",106,1005,630,5500
2017,TLC1,Tees Valley and Durham,A (1-3),"Agriculture, forestry and fishing",106,830,450,5040
2018,TLC1,Tees Valley and Durham,A (1-3),"Agriculture, forestry and fishing",106,920,460,5080
2019,TLC1,Tees Valley and Durham,A (1-3),"Agriculture, forestry and fishing",120,1150,610,5510
2020,TLC1,Tees Valley and Durham,A (1-3),"Agriculture, forestry and fishing",116,1165,570,5510
2021,TLC1,Tees Valley and Durham,A (1-3),"Agriculture, forestry and fishing",156,1375,465,5715
2022,TLC1,Tees Valley and Durham,A (1-3),"Agriculture, forestry and fishing",187,1120,560,5545
2015,TLC1,Tees Valley and Durham,B (5-9),Mining and quarrying,170,1440,20,1515
2016,TLC1,Tees Valley and Durham,B (5-9),Mining and quarrying,106,1430,10,1430
2017,TLC1,Tees Valley and Durham,B (5-9),Mining and quarrying,89,1175,15,1175
2018,TLC1,Tees Valley and Durham,B (5-9),Mining and quarrying,95,1215,60,1270
2019,TLC1,Tees Valley and Durham,B (5-9),Mining and quarrying,109,1020,20,1020
2020,TLC1,Tees Valley and Durham,B (5-9),Mining and quarrying,79,1760,50,1735
2021,TLC1,Tees Valley and Durham,B (5-9),Mining and quarrying,102,945,45,950
2022,TLC1,Tees Valley and Durham,B (5-9),Mining and quarrying,125,1200,75,1275
2015,TLC1,Tees Valley and Durham,C (10-33),Manufacturing,3400,47355,3645,50600
2016,TLC1,Tees Valley and Durham,C (10-33),Manufacturing,3547,45430,3960,49785
2017,TLC1,Tees Valley and Durham,C (10-33),Manufacturing,3532,49375,2920,52675
2018,TLC1,Tees Valley and Durham,C (10-33),Manufacturing,3794,45815,4665,50410
2019,TLC1,Tees Valley and Durham,C (10-33),Manufacturing,3949,46655,3220,49725
2020,TLC1,Tees Valley and Durham,C (10-33),Manufacturing,4210,43820,2515,47010
2021,TLC1,Tees Valley and Durham,C (10-33),Manufacturing,4263,40360,3520,44625
2022,TLC1,Tees Valley and Durham,C (10-33),Manufacturing,4694,42290,4735,47135
2015,TLC1,Tees Valley and Durham,D (35),"Electricity, gas, steam and air conditioning supply",506,1025,35,1040
2016,TLC1,Tees Valley and Durham,D (35),"Electricity, gas, steam and air conditioning supply",385,1250,260,1635
2017,TLC1,Tees Valley and Durham,D (35),"Electricity, gas, steam and air conditioning supply",323,1310,160,1495
2018,TLC1,Tees Valley and Durham,D (35),"Electricity, gas, steam and air conditioning supply",304,1660,55,1720
2019,TLC1,Tees Valley and Durham,D (35),"Electricity, gas, steam and air conditioning supply",339,3260,240,3650
2020,TLC1,Tees Valley and Durham,D (35),"Electricity, gas, steam and air conditioning supply",348,2220,60,2280
2021,TLC1,Tees Valley and Durham,D (35),"Electricity, gas, steam and air conditioning supply",244,1250,45,1310
2022,TLC1,Tees Valley and Durham,D (35),"Electricity, gas, steam and air conditioning supply",276,1535,355,1810
2015,TLC1,Tees Valley and Durham,E (36-39),Water supply; sewerage and waste management,451,3275,220,3320
2016,TLC1,Tees Valley and Durham,E (36-39),Water supply; sewerage and waste management,485,2590,180,2595
2017,TLC1,Tees Valley and Durham,E (36-39),Water supply; sewerage and waste management,465,5175,395,5775
2018,TLC1,Tees Valley and Durham,E (36-39),Water supply; sewerage and waste management,490,3760,285,4165
2019,TLC1,Tees Valley and Durham,E (36-39),Water supply; sewerage and waste management,440,2900,210,3150
2020,TLC1,Tees Valley and Durham,E (36-39),Water supply; sewerage and waste management,465,3570,360,4000
2021,TLC1,Tees Valley and Durham,E (36-39),Water supply; sewerage and waste management,489,3945,885,4870
2022,TLC1,Tees Valley and Durham,E (36-39),Water supply; sewerage and waste management,538,3885,470,4095
2015,TLC1,Tees Valley and Durham,F (41-43),Construction,1408,21125,2285,24270
2016,TLC1,Tees Valley and Durham,F (41-43),Construction,1407,17495,2020,21265
2017,TLC1,Tees Valley and Durham,F (41-43),Construction,1390,16495,4560,21495
2018,TLC1,Tees Valley and Durham,F (41-43),Construction,1529,22985,2625,25170
2019,TLC1,Tees Valley and Durham,F (41-43),Construction,1622,19270,2195,23980
2020,TLC1,Tees Valley and Durham,F (41-43),Construction,1278,16660,3385,20905
2021,TLC1,Tees Valley and Durham,F (41-43),Construction,1597,22850,1945,24925
2022,TLC1,Tees Valley and Durham,F (41-43),Construction,1795,21070,1750,24295
2015,TLC1,Tees Valley and Durham,G (45-47),Wholesale and retail trade; repair of motor vehicles,2218,34830,30250,66670
2016,TLC1,Tees Valley and Durham,G (45-47),Wholesale and retail trade; repair of motor vehicles,2043,32330,31225,66985
2017,TLC1,Tees Valley and Durham,G (45-47),Wholesale and retail trade; repair of motor vehicles,2030,32640,31175,65905
2018,TLC1,Tees Valley and Durham,G (45-47),Wholesale and retail trade; repair of motor vehicles,2163,33600,29355,65625
2019,TLC1,Tees Valley and Durham,G (45-47),Wholesale and retail trade; repair of motor vehicles,2040,32795,32280,67790
2020,TLC1,Tees Valley and Durham,G (45-47),Wholesale and retail trade; repair of motor vehicles,2125,30680,29290,61885
2021,TLC1,Tees Valley and Durham,G (45-47),Wholesale and retail trade; repair of motor vehicles,2346,32170,33080,67515
2022,TLC1,Tees Valley and Durham,G (45-47),Wholesale and retail trade; repair of motor vehicles,2487,29500,31400,64180
2015,TLC1,Tees Valley and Durham,H (49-53),Transportation and storage,792,15685,3775,20055
2016,TLC1,Tees Valley and Durham,H (49-53),Transportation and storage,792,16575,2585,20535
2017,TLC1,Tees Valley and Durham,H (49-53),Transportation and storage,796,15725,3465,19900
2018,TLC1,Tees Valley and Durham,H (49-53),Transportation and storage,840,17805,3830,21740
2019,TLC1,Tees Valley and Durham,H (49-53),Transportation and storage,919,18305,3755,22535
2020,TLC1,Tees Valley and Durham,H (49-53),Transportation and storage,893,19850,3495,24540
2021,TLC1,Tees Valley and Durham,H (49-53),Transportation and storage,920,24360,4625,29150
2022,TLC1,Tees Valley and Durham,H (49-53),Transportation and storage,1004,23120,3560,26695
2015,TLC1,Tees Valley and Durham,I (55-56),Accommodation and food service activities,502,9950,21110,31900
2016,TLC1,Tees Valley and Durham,I (55-56),Accommodation and food service activities,539,11210,19125,30925
2017,TLC1,Tees Valley and Durham,I (55-56),Accommodation and food service activities,565,12580,21245,36250
2018,TLC1,Tees Valley and Durham,I (55-56),Accommodation and food service activities,574,9445,17735,28750
2019,TLC1,Tees Valley and Durham,I (55-56),Accommodation and food service activities,613,8780,19875,30510
2020,TLC1,Tees Valley and Durham,I (55-56),Accommodation and food service activities,333,10020,21700,33875
2021,TLC1,Tees Valley and Durham,I (55-56),Accommodation and food service activities,543,11760,24105,35325
2022,TLC1,Tees Valley and Durham,I (55-56),Accommodation and food service activities,721,11540,20585,31175
2015,TLC1,Tees Valley and Durham,J (58-63),Information and communication,869,7645,1475,9005
2016,TLC1,Tees Valley and Durham,J (58-63),Information and communication,773,5335,1320,6915
2017,TLC1,Tees Valley and Durham,J (58-63),Information and communication,737,8265,1255,9610
2018,TLC1,Tees Valley and Durham,J (58-63),Information and communication,681,5950,1365,7535
2019,TLC1,Tees Valley and Durham,J (58-63),Information and communication,630,6010,1175,7125
2020,TLC1,Tees Valley and Durham,J (58-63),Information and communication,598,7530,1710,9430
2021,TLC1,Tees Valley and Durham,J (58-63),Information and communication,713,8030,2095,10325
2022,TLC1,Tees Valley and Durham,J (58-63),Information and communication,829,8635,1290,10125
2015,TLC1,Tees Valley and Durham,K (64-66),Financial and insurance activities,875,6255,1715,8280
2016,TLC1,Tees Valley and Durham,K (64-66),Financial and insurance activities,930,5985,1425,7635
2017,TLC1,Tees Valley and Durham,K (64-66),Financial and insurance activities,1000,6135,1985,8260
2018,TLC1,Tees Valley and Durham,K (64-66),Financial and insurance activities,969,6990,2035,9095
2019,TLC1,Tees Valley and Durham,K (64-66),Financial and insurance activities,987,6845,1665,8685
2020,TLC1,Tees Valley and Durham,K (64-66),Financial and insurance activities,856,5420,1785,7210
2021,TLC1,Tees Valley and Durham,K (64-66),Financial and insurance activities,885,4895,1430,6130
2022,TLC1,Tees Valley and Durham,K (64-66),Financial and insurance activities,1012,7550,1490,9505
2015,TLC1,Tees Valley and Durham,M (69-75),"Professional, scientific and technical activities",964,28310,3820,32705
2016,TLC1,Tees Valley and Durham,M (69-75),"Professional, scientific and technical activities",966,20810,4870,27115
2017,TLC1,Tees Valley and Durham,M (69-75),"Professional, scientific and technical activities",976,16155,7005,24645
2018,TLC1,Tees Valley and Durham,M (69-75),"Professional, scientific and technical activities",944,16290,3415,20260
2019,TLC1,Tees Valley and Durham,M (69-75),"Professional, scientific and technical activities",968,21400,4735,27410
2020,TLC1,Tees Valley and Durham,M (69-75),"Professional, scientific and technical activities",952,15380,5080,21165
2021,TLC1,Tees Valley and Durham,M (69-75),"Professional, scientific and technical activities",1128,24185,5920,30355
2022,TLC1,Tees Valley and Durham,M (69-75),"Professional, scientific and technical activities",1136,17610,4695,23565
2015,TLC1,Tees Valley and Durham,N (77-82),Administrative and support service activities,754,17545,9540,27080
2016,TLC1,Tees Valley and Durham,N (77-82),Administrative and support service activities,776,20460,6410,26705
2017,TLC1,Tees Valley and Durham,N (77-82),Administrative and support service activities,749,22625,8290,31570
2018,TLC1,Tees Valley and Durham,N (77-82),Administrative and support service activities,748,19185,10570,29275
2019,TLC1,Tees Valley and Durham,N (77-82),Administrative and support service activities,850,21485,8645,30155
2020,TLC1,Tees Valley and Durham,N (77-82),Administrative and support service activities,848,21425,8110,29705
2021,TLC1,Tees Valley and Durham,N (77-82),Administrative and support service activities,750,17560,8360,26415
2022,TLC1,Tees Valley and Durham,N (77-82),Administrative and support service activities,829,22415,8520,31970
2015,TLC1,Tees Valley and Durham,O (84),Public administration and defence,1259,19875,7985,26975
2016,TLC1,Tees Valley and Durham,O (84),Public administration and defence,1346,20325,7975,27375
2017,TLC1,Tees Valley and Durham,O (84),Public administration and defence,1377,18905,7760,26955
2018,TLC1,Tees Valley and Durham,O (84),Public administration and defence,1442,20905,7950,29355
2019,TLC1,Tees Valley and Durham,O (84),Public administration and defence,1511,21500,8325,30050
2020,TLC1,Tees Valley and Durham,O (84),Public administration and defence,1514,21930,8200,29680
2021,TLC1,Tees Valley and Durham,O (84),Public administration and defence,1566,22650,7795,30450
2022,TLC1,Tees Valley and Durham,O (84),Public administration and defence,1753,24650,7150,31600
2015,TLC1,Tees Valley and Durham,P (85),Education,1521,25320,21565,46625
2016,TLC1,Tees Valley and Durham,P (85),Education,1532,27350,20440,48150
2017,TLC1,Tees Valley and Durham,P (85),Education,1586,26235,19410,43675
2018,TLC1,Tees Valley and Durham,P (85),Education,1646,25315,19600,43450
2019,TLC1,Tees Valley and Durham,P (85),Education,1749,25765,19220,43250
2020,TLC1,Tees Valley and Durham,P (85),Education,1954,26650,17415,44830
2021,TLC1,Tees Valley and Durham,P (85),Education,1950,27150,20170,46075
2022,TLC1,Tees Valley and Durham,P (85),Education,2144,27175,19885,46575
2015,TLC1,Tees Valley and Durham,Q (86-88),Human health and social work activities,2198,41025,31600,72200
2016,TLC1,Tees Valley and Durham,Q (86-88),Human health and social work activities,2182,38100,31875,70050
2017,TLC1,Tees Valley and Durham,Q (86-88),Human health and social work activities,2265,38150,31625,70400
2018,TLC1,Tees Valley and Durham,Q (86-88),Human health and social work activities,2347,39650,27700,67700
2019,TLC1,Tees Valley and Durham,Q (86-88),Human health and social work activities,2486,38600,32700,74650
2020,TLC1,Tees Valley and Durham,Q (86-88),Human health and social work activities,2661,44575,31275,75200
2021,TLC1,Tees Valley and Durham,Q (86-88),Human health and social work activities,2961,41075,27925,70000
2022,TLC1,Tees Valley and Durham,Q (86-88),Human health and social work activities,2939,44425,27475,72750
2015,TLC1,Tees Valley and Durham,R (90-93),"Arts, entertainment and recreation",249,3775,5010,9155
2016,TLC1,Tees Valley and Durham,R (90-93),"Arts, entertainment and recreation",220,4095,6825,10955
2017,TLC1,Tees Valley and Durham,R (90-93),"Arts, entertainment and recreation",232,3530,5960,9790
2018,TLC1,Tees Valley and Durham,R (90-93),"Arts, entertainment and recreation",231,3650,5450,9180
2019,TLC1,Tees Valley and Durham,R (90-93),"Arts, entertainment and recreation",272,4545,6305,11125
2020,TLC1,Tees Valley and Durham,R (90-93),"Arts, entertainment and recreation",159,3205,5285,8860
2021,TLC1,Tees Valley and Durham,R (90-93),"Arts, entertainment and recreation",186,3000,4460,7595
2022,TLC1,Tees Valley and Durham,R (90-93),"Arts, entertainment and recreation",237,3420,4795,8480
2015,TLC1,Tees Valley and Durham,S (94-96),Other service activities,257,2825,4665,8590
2016,TLC1,Tees Valley and Durham,S (94-96),Other service activities,294,2585,3770,7165
2017,TLC1,Tees Valley and Durham,S (94-96),Other service activities,316,3295,4170,8295
2018,TLC1,Tees Valley and Durham,S (94-96),Other service activities,355,4690,3955,9340
2019,TLC1,Tees Valley and Durham,S (94-96),Other service activities,342,3425,4105,7665
2020,TLC1,Tees Valley and Durham,S (94-96),Other service activities,310,2995,3300,7400
2021,TLC1,Tees Valley and Durham,S (94-96),Other service activities,363,4085,3230,7750
2022,TLC1,Tees Valley and Durham,S (94-96),Other service activities,417,4085,3615,8310
2015,TLC1,Tees Valley and Durham,T (97-98),Activities of households,20,0,0,0
2016,TLC1,Tees Valley and Durham,T (97-98),Activities of households,28,0,0,0
2017,TLC1,Tees Valley and Durham,T (97-98),Activities of households,22,0,0,0
2018,TLC1,Tees Valley and Durham,T (97-98),Activities of households,33,0,0,0
2019,TLC1,Tees Valley and Durham,T (97-98),Activities of households,40,0,0,0
2020,TLC1,Tees Valley and Durham,T (97-98),Activities of households,34,0,0,0
2021,TLC1,Tees Valley and Durham,T (97-98),Activities of households,39,0,0,0
2022,TLC1,Tees Valley and Durham,T (97-98),Activities of households,25,0,0,0
2015,TLC2,Northumberland and Tyne and Wear,A (1-3),"Agriculture, forestry and fishing",211,1685,510,6530
2016,TLC2,Northumberland and Tyne and Wear,A (1-3),"Agriculture, forestry and fishing",181,1990,790,7185
2017,TLC2,Northumberland and Tyne and Wear,A (1-3),"Agriculture, forestry and fishing",194,1645,515,6160
2018,TLC2,Northumberland and Tyne and Wear,A (1-3),"Agriculture, forestry and fishing",191,1630,460,6285
2019,TLC2,Northumberland and Tyne and Wear,A (1-3),"Agriculture, forestry and fishing",226,2015,500,6905
2020,TLC2,Northumberland and Tyne and Wear,A (1-3),"Agriculture, forestry and fishing",217,2040,600,6800
2021,TLC2,Northumberland and Tyne and Wear,A (1-3),"Agriculture, forestry and fishing",286,2600,605,7485
2022,TLC2,Northumberland and Tyne and Wear,A (1-3),"Agriculture, forestry and fishing",353,2070,820,7250
2015,TLC2,Northumberland and Tyne and Wear,B (5-9),Mining and quarrying,39,445,0,445
2016,TLC2,Northumberland and Tyne and Wear,B (5-9),Mining and quarrying,24,325,0,350
2017,TLC2,Northumberland and Tyne and Wear,B (5-9),Mining and quarrying,31,265,0,270
2018,TLC2,Northumberland and Tyne and Wear,B (5-9),Mining and quarrying,29,320,10,330
2019,TLC2,Northumberland and Tyne and Wear,B (5-9),Mining and quarrying,31,375,10,400
2020,TLC2,Northumberland and Tyne and Wear,B (5-9),Mining and quarrying,23,515,5,515
2021,TLC2,Northumberland and Tyne and Wear,B (5-9),Mining and quarrying,26,235,0,245
2022,TLC2,Northumberland and Tyne and Wear,B (5-9),Mining and quarrying,28,160,5,200
2015,TLC2,Northumberland and Tyne and Wear,C (10-33),Manufacturing,4130,61995,4080,65990
2016,TLC2,Northumberland and Tyne and Wear,C (10-33),Manufacturing,4188,58470,4930,63745
2017,TLC2,Northumberland and Tyne and Wear,C (10-33),Manufacturing,4196,62950,2890,66640
2018,TLC2,Northumberland and Tyne and Wear,C (10-33),Manufacturing,4197,59670,4850,65740
2019,TLC2,Northumberland and Tyne and Wear,C (10-33),Manufacturing,4281,55280,3150,58400
2020,TLC2,Northumberland and Tyne and Wear,C (10-33),Manufacturing,4004,55270,2380,58295
2021,TLC2,Northumberland and Tyne and Wear,C (10-33),Manufacturing,4192,51275,4325,55760
2022,TLC2,Northumberland and Tyne and Wear,C (10-33),Manufacturing,4705,53240,4110,57165
2015,TLC2,Northumberland and Tyne and Wear,D (35),"Electricity, gas, steam and air conditioning supply",735,3440,610,3440
2016,TLC2,Northumberland and Tyne and Wear,D (35),"Electricity, gas, steam and air conditioning supply",774,2390,575,3065
2017,TLC2,Northumberland and Tyne and Wear,D (35),"Electricity, gas, steam and air conditioning supply",936,4625,920,5225
2018,TLC2,Northumberland and Tyne and Wear,D (35),"Electricity, gas, steam and air conditioning supply",768,4490,830,4990
2019,TLC2,Northumberland and Tyne and Wear,D (35),"Electricity, gas, steam and air conditioning supply",1120,5890,920,7415
2020,TLC2,Northumberland and Tyne and Wear,D (35),"Electricity, gas, steam and air conditioning supply",680,4400,745,4900
2021,TLC2,Northumberland and Tyne and Wear,D (35),"Electricity, gas, steam and air conditioning supply",415,2215,420,2740
2022,TLC2,Northumberland and Tyne and Wear,D (35),"Electricity, gas, steam and air conditioning supply",366,2320,585,2825
2015,TLC2,Northumberland and Tyne and Wear,E (36-39),Water supply; sewerage and waste management,336,2830,155,3260
2016,TLC2,Northumberland and Tyne and Wear,E (36-39),Water supply; sewerage and waste management,358,2535,130,2640
2017,TLC2,Northumberland and Tyne and Wear,E (36-39),Water supply; sewerage and waste management,395,4260,210,4485
2018,TLC2,Northumberland and Tyne and Wear,E (36-39),Water supply; sewerage and waste management,400,3680,220,4185
2019,TLC2,Northumberland and Tyne and Wear,E (36-39),Water supply; sewerage and waste management,399,3045,120,3045
2020,TLC2,Northumberland and Tyne and Wear,E (36-39),Water supply; sewerage and waste management,401,3065,360,3565
2021,TLC2,Northumberland and Tyne and Wear,E (36-39),Water supply; sewerage and waste management,390,3460,610,4065
2022,TLC2,Northumberland and Tyne and Wear,E (36-39),Water supply; sewerage and waste management,398,3075,370,3500
2015,TLC2,Northumberland and Tyne and Wear,F (41-43),Construction,1681,25665,2425,29230
2016,TLC2,Northumberland and Tyne and Wear,F (41-43),Construction,1656,19075,2300,23325
2017,TLC2,Northumberland and Tyne and Wear,F (41-43),Construction,1728,19940,6810,27915
2018,TLC2,Northumberland and Tyne and Wear,F (41-43),Construction,1766,25155,3445,30260
2019,TLC2,Northumberland and Tyne and Wear,F (41-43),Construction,1938,23600,2560,29385
2020,TLC2,Northumberland and Tyne and Wear,F (41-43),Construction,1381,20580,3625,24780
2021,TLC2,Northumberland and Tyne and Wear,F (41-43),Construction,1829,27375,2260,30875
2022,TLC2,Northumberland and Tyne and Wear,F (41-43),Construction,2169,22170,1815,25150
2015,TLC2,Northumberland and Tyne and Wear,G (45-47),Wholesale and retail trade; repair of motor vehicles,2800,45280,40165,90080
2016,TLC2,Northumberland and Tyne and Wear,G (45-47),Wholesale and retail trade; repair of motor vehicles,2760,44540,43880,90295
2017,TLC2,Northumberland and Tyne and Wear,G (45-47),Wholesale and retail trade; repair of motor vehicles,2820,46865,43045,92725
2018,TLC2,Northumberland and Tyne and Wear,G (45-47),Wholesale and retail trade; repair of motor vehicles,2797,46195,39660,88740
2019,TLC2,Northumberland and Tyne and Wear,G (45-47),Wholesale and retail trade; repair of motor vehicles,3139,46145,43745,94150
2020,TLC2,Northumberland and Tyne and Wear,G (45-47),Wholesale and retail trade; repair of motor vehicles,2554,40200,40335,82685
2021,TLC2,Northumberland and Tyne and Wear,G (45-47),Wholesale and retail trade; repair of motor vehicles,3133,41680,43410,87130
2022,TLC2,Northumberland and Tyne and Wear,G (45-47),Wholesale and retail trade; repair of motor vehicles,3467,41105,41485,86900
2015,TLC2,Northumberland and Tyne and Wear,H (49-53),Transportation and storage,1093,19420,4455,24375
2016,TLC2,Northumberland and Tyne and Wear,H (49-53),Transportation and storage,1153,20590,3560,24955
2017,TLC2,Northumberland and Tyne and Wear,H (49-53),Transportation and storage,1159,19940,4035,25030
2018,TLC2,Northumberland and Tyne and Wear,H (49-53),Transportation and storage,1204,22065,4940,27605
2019,TLC2,Northumberland and Tyne and Wear,H (49-53),Transportation and storage,1277,22185,4810,27620
2020,TLC2,Northumberland and Tyne and Wear,H (49-53),Transportation and storage,880,21715,4045,26400
2021,TLC2,Northumberland and Tyne and Wear,H (49-53),Transportation and storage,925,22000,7425,30815
2022,TLC2,Northumberland and Tyne and Wear,H (49-53),Transportation and storage,1148,26490,3260,28695
2015,TLC2,Northumberland and Tyne and Wear,I (55-56),Accommodation and food service activities,844,15875,33185,49710
2016,TLC2,Northumberland and Tyne and Wear,I (55-56),Accommodation and food service activities,983,19700,29795,51935
2017,TLC2,Northumberland and Tyne and Wear,I (55-56),Accommodation and food service activities,1043,20425,35730,59070
2018,TLC2,Northumberland and Tyne and Wear,I (55-56),Accommodation and food service activities,979,18190,29700,48685
2019,TLC2,Northumberland and Tyne and Wear,I (55-56),Accommodation and food service activities,916,16915,33210,53175
2020,TLC2,Northumberland and Tyne and Wear,I (55-56),Accommodation and food service activities,693,19895,37120,60600
2021,TLC2,Northumberland and Tyne and Wear,I (55-56),Accommodation and food service activities,983,21700,37805,60540
2022,TLC2,Northumberland and Tyne and Wear,I (55-56),Accommodation and food service activities,1312,20535,32095,53925
2015,TLC2,Northumberland and Tyne and Wear,J (58-63),Information and communication,1790,20465,3050,23995
2016,TLC2,Northumberland and Tyne and Wear,J (58-63),Information and communication,1856,17630,3210,21475
2017,TLC2,Northumberland and Tyne and Wear,J (58-63),Information and communication,1989,18760,2410,21590
2018,TLC2,Northumberland and Tyne and Wear,J (58-63),Information and communication,1813,22070,3160,24590
2019,TLC2,Northumberland and Tyne and Wear,J (58-63),Information and communication,1826,22465,3155,26125
2020,TLC2,Northumberland and Tyne and Wear,J (58-63),Information and communication,1732,18370,3070,22420
2021,TLC2,Northumberland and Tyne and Wear,J (58-63),Information and communication,2013,18875,3245,22790
2022,TLC2,Northumberland and Tyne and Wear,J (58-63),Information and communication,2367,20390,2490,22970
2015,TLC2,Northumberland and Tyne and Wear,K (64-66),Financial and insurance activities,1813,11875,3355,15625
2016,TLC2,Northumberland and Tyne and Wear,K (64-66),Financial and insurance activities,1764,11940,3065,14265
2017,TLC2,Northumberland and Tyne and Wear,K (64-66),Financial and insurance activities,1924,12335,3905,16545
2018,TLC2,Northumberland and Tyne and Wear,K (64-66),Financial and insurance activities,1986,13560,3705,17340
2019,TLC2,Northumberland and Tyne and Wear,K (64-66),Financial and insurance activities,1746,12525,3205,16070
2020,TLC2,Northumberland and Tyne and Wear,K (64-66),Financial and insurance activities,1713,13115,3480,16755
2021,TLC2,Northumberland and Tyne and Wear,K (64-66),Financial and insurance activities,1846,11570,2665,15240
2022,TLC2,Northumberland and Tyne and Wear,K (64-66),Financial and insurance activities,1967,11460,2485,14310
2015,TLC2,Northumberland and Tyne and Wear,M (69-75),"Professional, scientific and technical activities",1309,33685,5320,39690
2016,TLC2,Northumberland and Tyne and Wear,M (69-75),"Professional, scientific and technical activities",1316,28325,6275,36775
2017,TLC2,Northumberland and Tyne and Wear,M (69-75),"Professional, scientific and technical activities",1381,24010,6705,33250
2018,TLC2,Northumberland and Tyne and Wear,M (69-75),"Professional, scientific and technical activities",1450,23380,4845,29045
2019,TLC2,Northumberland and Tyne and Wear,M (69-75),"Professional, scientific and technical activities",1592,30395,6585,38795
2020,TLC2,Northumberland and Tyne and Wear,M (69-75),"Professional, scientific and technical activities",1509,24590,7240,32800
2021,TLC2,Northumberland and Tyne and Wear,M (69-75),"Professional, scientific and technical activities",1689,35220,8290,45235
2022,TLC2,Northumberland and Tyne and Wear,M (69-75),"Professional, scientific and technical activities",1833,29625,7405,38715
2015,TLC2,Northumberland and Tyne and Wear,N (77-82),Administrative and support service activities,1267,34500,17900,53145
2016,TLC2,Northumberland and Tyne and Wear,N (77-82),Administrative and support service activities,1353,38155,14965,53705
2017,TLC2,Northumberland and Tyne and Wear,N (77-82),Administrative and support service activities,1403,41035,17625,60335
2018,TLC2,Northumberland and Tyne and Wear,N (77-82),Administrative and support service activities,1464,34905,21115,57260
2019,TLC2,Northumberland and Tyne and Wear,N (77-82),Administrative and support service activities,1584,34340,17660,53575
2020,TLC2,Northumberland and Tyne and Wear,N (77-82),Administrative and support service activities,1307,36660,17895,56190
2021,TLC2,Northumberland and Tyne and Wear,N (77-82),Administrative and support service activities,1563,36220,17955,54275
2022,TLC2,Northumberland and Tyne and Wear,N (77-82),Administrative and support service activities,1797,40330,14375,55205
2015,TLC2,Northumberland and Tyne and Wear,O (84),Public administration and defence,1914,27450,12470,39650
2016,TLC2,Northumberland and Tyne and Wear,O (84),Public administration and defence,1860,27100,11120,39100
2017,TLC2,Northumberland and Tyne and Wear,O (84),Public administration and defence,1843,26950,11170,38100
2018,TLC2,Northumberland and Tyne and Wear,O (84),Public administration and defence,1873,25700,11180,37100
2019,TLC2,Northumberland and Tyne and Wear,O (84),Public administration and defence,2044,28650,11135,39100
2020,TLC2,Northumberland and Tyne and Wear,O (84),Public administration and defence,1980,28900,10810,38850
2021,TLC2,Northumberland and Tyne and Wear,O (84),Public administration and defence,2341,32200,11845,43600
2022,TLC2,Northumberland and Tyne and Wear,O (84),Public administration and defence,2620,33750,10150,44100
2015,TLC2,Northumberland and Tyne and Wear,P (85),Education,1950,34400,19245,53650
2016,TLC2,Northumberland and Tyne and Wear,P (85),Education,2033,34485,19900,55285
2017,TLC2,Northumberland and Tyne and Wear,P (85),Education,1947,33310,19970,53035
2018,TLC2,Northumberland and Tyne and Wear,P (85),Education,2010,33485,21115,55160
2019,TLC2,Northumberland and Tyne and Wear,P (85),Education,2180,33210,21330,55010
2020,TLC2,Northumberland and Tyne and Wear,P (85),Education,2325,35925,20405,57030
2021,TLC2,Northumberland and Tyne and Wear,P (85),Education,2315,36850,22610,58930
2022,TLC2,Northumberland and Tyne and Wear,P (85),Education,2444,37940,21680,59280
2015,TLC2,Northumberland and Tyne and Wear,Q (86-88),Human health and social work activities,3015,59750,36075,97175
2016,TLC2,Northumberland and Tyne and Wear,Q (86-88),Human health and social work activities,3116,58500,39700,101900
2017,TLC2,Northumberland and Tyne and Wear,Q (86-88),Human health and social work activities,3400,58250,39175,97825
2018,TLC2,Northumberland and Tyne and Wear,Q (86-88),Human health and social work activities,3396,61175,38375,99850
2019,TLC2,Northumberland and Tyne and Wear,Q (86-88),Human health and social work activities,3543,60050,39025,100950
2020,TLC2,Northumberland and Tyne and Wear,Q (86-88),Human health and social work activities,3887,60700,41850,103850
2021,TLC2,Northumberland and Tyne and Wear,Q (86-88),Human health and social work activities,4053,57125,38325,96350
2022,TLC2,Northumberland and Tyne and Wear,Q (86-88),Human health and social work activities,4130,61850,37850,98850
2015,TLC2,Northumberland and Tyne and Wear,R (90-93),"Arts, entertainment and recreation",537,6560,7610,14555
2016,TLC2,Northumberland and Tyne and Wear,R (90-93),"Arts, entertainment and recreation",475,7060,10175,17470
2017,TLC2,Northumberland and Tyne and Wear,R (90-93),"Arts, entertainment and recreation",479,5860,8545,14385
2018,TLC2,Northumberland and Tyne and Wear,R (90-93),"Arts, entertainment and recreation",464,5860,8030,14200
2019,TLC2,Northumberland and Tyne and Wear,R (90-93),"Arts, entertainment and recreation",485,6645,8630,15950
2020,TLC2,Northumberland and Tyne and Wear,R (90-93),"Arts, entertainment and recreation",326,4855,8045,12870
2021,TLC2,Northumberland and Tyne and Wear,R (90-93),"Arts, entertainment and recreation",352,4125,6555,10725
2022,TLC2,Northumberland and Tyne and Wear,R (90-93),"Arts, entertainment and recreation",477,6340,7710,14580
2015,TLC2,Northumberland and Tyne and Wear,S (94-96),Other service activities,455,7150,7610,15750
2016,TLC2,Northumberland and Tyne and Wear,S (94-96),Other service activities,500,6305,6850,13655
2017,TLC2,Northumberland and Tyne and Wear,S (94-96),Other service activities,579,6505,6305,13905
2018,TLC2,Northumberland and Tyne and Wear,S (94-96),Other service activities,607,7530,6135,14700
2019,TLC2,Northumberland and Tyne and Wear,S (94-96),Other service activities,637,6015,6310,12765
2020,TLC2,Northumberland and Tyne and Wear,S (94-96),Other service activities,533,5375,5410,12290
2021,TLC2,Northumberland and Tyne and Wear,S (94-96),Other service activities,612,6770,5215,12265
2022,TLC2,Northumberland and Tyne and Wear,S (94-96),Other service activities,691,6640,5755,13040
2015,TLC2,Northumberland and Tyne and Wear,T (97-98),Activities of households,33,0,0,0
2016,TLC2,Northumberland and Tyne and Wear,T (97-98),Activities of households,55,0,0,0
2017,TLC2,Northumberland and Tyne and Wear,T (97-98),Activities of households,67,0,0,0
2018,TLC2,Northumberland and Tyne and Wear,T (97-98),Activities of households,60,0,0,0
2019,TLC2,Northumberland and Tyne and Wear,T (97-98),Activities of households,66,0,0,0
2020,TLC2,Northumberland and Tyne and Wear,T (97-98),Activities of households,57,0,0,0
2021,TLC2,Northumberland and Tyne and Wear,T (97-98),Activities of households,66,0,0,0
2022,TLC2,Northumberland and Tyne and Wear,T (97-98),Activities of households,62,0,0,0
2015,TLD1,Cumbria,A (1-3),"Agriculture, forestry and fishing",375,2785,1025,13185
2016,TLD1,Cumbria,A (1-3),"Agriculture, forestry and fishing",315,2795,1175,13115
2017,TLD1,Cumbria,A (1-3),"Agriculture, forestry and fishing",338,2400,1205,13760
2018,TLD1,Cumbria,A (1-3),"Agriculture, forestry and fishing",299,2865,1010,13760
2019,TLD1,Cumbria,A (1-3),"Agriculture, forestry and fishing",339,2430,1410,13540
2020,TLD1,Cumbria,A (1-3),"Agriculture, forestry and fishing",356,2545,1385,14480
2021,TLD1,Cumbria,A (1-3),"Agriculture, forestry and fishing",397,2300,1085,13610
2022,TLD1,Cumbria,A (1-3),"Agriculture, forestry and fishing",497,2490,1015,13515
2015,TLD1,Cumbria,B (5-9),Mining and quarrying,35,295,0,320
2016,TLD1,Cumbria,B (5-9),Mining and quarrying,29,230,15,280
2017,TLD1,Cumbria,B (5-9),Mining and quarrying,32,355,0,355
2018,TLD1,Cumbria,B (5-9),Mining and quarrying,42,435,0,435
2019,TLD1,Cumbria,B (5-9),Mining and quarrying,43,675,10,725
2020,TLD1,Cumbria,B (5-9),Mining and quarrying,23,415,0,440
2021,TLD1,Cumbria,B (5-9),Mining and quarrying,30,335,0,335
2022,TLD1,Cumbria,B (5-9),Mining and quarrying,41,680,10,680
2015,TLD1,Cumbria,C (10-33),Manufacturing,2672,35625,2335,37575
2016,TLD1,Cumbria,C (10-33),Manufacturing,2469,35495,2975,37420
2017,TLD1,Cumbria,C (10-33),Manufacturing,2451,36960,2530,38985
2018,TLD1,Cumbria,C (10-33),Manufacturing,2467,34715,2170,38435
2019,TLD1,Cumbria,C (10-33),Manufacturing,2482,36140,3270,39110
2020,TLD1,Cumbria,C (10-33),Manufacturing,2485,36540,3320,38995
2021,TLD1,Cumbria,C (10-33),Manufacturing,2607,35620,2055,37110
2022,TLD1,Cumbria,C (10-33),Manufacturing,2654,35735,2875,40625
2015,TLD1,Cumbria,D (35),"Electricity, gas, steam and air conditioning supply",107,510,40,535
2016,TLD1,Cumbria,D (35),"Electricity, gas, steam and air conditioning supply",107,550,35,600
2017,TLD1,Cumbria,D (35),"Electricity, gas, steam and air conditioning supply",123,660,10,660
2018,TLD1,Cumbria,D (35),"Electricity, gas, steam and air conditioning supply",133,635,15,645
2019,TLD1,Cumbria,D (35),"Electricity, gas, steam and air conditioning supply",157,560,15,565
2020,TLD1,Cumbria,D (35),"Electricity, gas, steam and air conditioning supply",211,925,210,1130
2021,TLD1,Cumbria,D (35),"Electricity, gas, steam and air conditioning supply",152,535,160,660
2022,TLD1,Cumbria,D (35),"Electricity, gas, steam and air conditioning supply",159,610,30,610
2015,TLD1,Cumbria,E (36-39),Water supply; sewerage and waste management,171,1395,55,1395
2016,TLD1,Cumbria,E (36-39),Water supply; sewerage and waste management,177,1710,130,1860
2017,TLD1,Cumbria,E (36-39),Water supply; sewerage and waste management,202,1550,140,1680
2018,TLD1,Cumbria,E (36-39),Water supply; sewerage and waste management,225,1470,75,1570
2019,TLD1,Cumbria,E (36-39),Water supply; sewerage and waste management,269,1590,95,1725
2020,TLD1,Cumbria,E (36-39),Water supply; sewerage and waste management,311,1545,90,1700
2021,TLD1,Cumbria,E (36-39),Water supply; sewerage and waste management,284,1305,80,1330
2022,TLD1,Cumbria,E (36-39),Water supply; sewerage and waste management,287,1880,115,2005
2015,TLD1,Cumbria,F (41-43),Construction,764,10890,1025,12980
2016,TLD1,Cumbria,F (41-43),Construction,752,9065,1480,11695
2017,TLD1,Cumbria,F (41-43),Construction,744,11675,1735,14370
2018,TLD1,Cumbria,F (41-43),Construction,779,10545,2060,14085
2019,TLD1,Cumbria,F (41-43),Construction,754,10955,1845,14115
2020,TLD1,Cumbria,F (41-43),Construction,592,10180,1190,12255
2021,TLD1,Cumbria,F (41-43),Construction,817,12755,2100,16765
2022,TLD1,Cumbria,F (41-43),Construction,961,13095,1710,15950
2015,TLD1,Cumbria,G (45-47),Wholesale and retail trade; repair of motor vehicles,1204,20630,16185,38670
2016,TLD1,Cumbria,G (45-47),Wholesale and retail trade; repair of motor vehicles,1077,18800,16190,37845
2017,TLD1,Cumbria,G (45-47),Wholesale and retail trade; repair of motor vehicles,1168,19880,16760,38175
2018,TLD1,Cumbria,G (45-47),Wholesale and retail trade; repair of motor vehicles,1267,21760,17815,41840
2019,TLD1,Cumbria,G (45-47),Wholesale and retail trade; repair of motor vehicles,1415,21960,17450,40680
2020,TLD1,Cumbria,G (45-47),Wholesale and retail trade; repair of motor vehicles,1193,21435,18285,41705
2021,TLD1,Cumbria,G (45-47),Wholesale and retail trade; repair of motor vehicles,1178,18750,15470,36700
2022,TLD1,Cumbria,G (45-47),Wholesale and retail trade; repair of motor vehicles,1286,19115,15370,35715
2015,TLD1,Cumbria,H (49-53),Transportation and storage,509,7990,2310,10830
2016,TLD1,Cumbria,H (49-53),Transportation and storage,522,8995,2755,12360
2017,TLD1,Cumbria,H (49-53),Transportation and storage,497,8220,2040,10650
2018,TLD1,Cumbria,H (49-53),Transportation and storage,510,8730,1780,11265
2019,TLD1,Cumbria,H (49-53),Transportation and storage,544,9055,2780,12095
2020,TLD1,Cumbria,H (49-53),Transportation and storage,337,7895,1790,9705
2021,TLD1,Cumbria,H (49-53),Transportation and storage,412,10025,1735,11870
2022,TLD1,Cumbria,H (49-53),Transportation and storage,467,8405,1220,10335
2015,TLD1,Cumbria,I (55-56),Accommodation and food service activities,604,11825,15075,29775
2016,TLD1,Cumbria,I (55-56),Accommodation and food service activities,651,13625,17600,33075
2017,TLD1,Cumbria,I (55-56),Accommodation and food service activities,626,10325,13900,26175
2018,TLD1,Cumbria,I (55-56),Accommodation and food service activities,634,12400,14475,27600
2019,TLD1,Cumbria,I (55-56),Accommodation and food service activities,711,11720,14650,28025
2020,TLD1,Cumbria,I (55-56),Accommodation and food service activities,484,12625,13100,26000
2021,TLD1,Cumbria,I (55-56),Accommodation and food service activities,687,12895,15925,30850
2022,TLD1,Cumbria,I (55-56),Accommodation and food service activities,866,11365,16650,30000
2015,TLD1,Cumbria,J (58-63),Information and communication,150,2645,550,3265
2016,TLD1,Cumbria,J (58-63),Information and communication,155,2230,595,2920
2017,TLD1,Cumbria,J (58-63),Information and communication,150,2555,565,3160
2018,TLD1,Cumbria,J (58-63),Information and communication,157,2340,495,3130
2019,TLD1,Cumbria,J (58-63),Information and communication,159,2180,545,2885
2020,TLD1,Cumbria,J (58-63),Information and communication,134,2205,685,3320
2021,TLD1,Cumbria,J (58-63),Information and communication,134,1965,480,2585
2022,TLD1,Cumbria,J (58-63),Information and communication,163,2500,445,2975
2015,TLD1,Cumbria,K (64-66),Financial and insurance activities,210,1545,700,2240
2016,TLD1,Cumbria,K (64-66),Financial and insurance activities,252,1960,715,2705
2017,TLD1,Cumbria,K (64-66),Financial and insurance activities,259,1685,645,2375
2018,TLD1,Cumbria,K (64-66),Financial and insurance activities,227,1545,600,2130
2019,TLD1,Cumbria,K (64-66),Financial and insurance activities,227,1685,690,2385
2020,TLD1,Cumbria,K (64-66),Financial and insurance activities,200,1450,595,2150
2021,TLD1,Cumbria,K (64-66),Financial and insurance activities,241,2445,725,3060
2022,TLD1,Cumbria,K (64-66),Financial and insurance activities,294,1860,570,2540
2015,TLD1,Cumbria,M (69-75),"Professional, scientific and technical activities",458,8795,2170,11845
2016,TLD1,Cumbria,M (69-75),"Professional, scientific and technical activities",469,10550,2690,13660
2017,TLD1,Cumbria,M (69-75),"Professional, scientific and technical activities",445,9040,2640,12455
2018,TLD1,Cumbria,M (69-75),"Professional, scientific and technical activities",461,9570,3010,12855
2019,TLD1,Cumbria,M (69-75),"Professional, scientific and technical activities",504,11660,2830,14775
2020,TLD1,Cumbria,M (69-75),"Professional, scientific and technical activities",429,10105,2670,12935
2021,TLD1,Cumbria,M (69-75),"Professional, scientific and technical activities",599,10465,2520,13725
2022,TLD1,Cumbria,M (69-75),"Professional, scientific and technical activities",656,11325,2810,14700
2015,TLD1,Cumbria,N (77-82),Administrative and support service activities,322,7035,4035,11210
2016,TLD1,Cumbria,N (77-82),Administrative and support service activities,331,6585,3755,11330
2017,TLD1,Cumbria,N (77-82),Administrative and support service activities,350,7775,4050,12570
2018,TLD1,Cumbria,N (77-82),Administrative and support service activities,350,8680,4175,12925
2019,TLD1,Cumbria,N (77-82),Administrative and support service activities,353,7845,4755,12840
2020,TLD1,Cumbria,N (77-82),Administrative and support service activities,352,7340,3280,10905
2021,TLD1,Cumbria,N (77-82),Administrative and support service activities,377,6920,3705,10880
2022,TLD1,Cumbria,N (77-82),Administrative and support service activities,426,6550,3265,9835
2015,TLD1,Cumbria,O (84),Public administration and defence,461,6750,2675,9600
2016,TLD1,Cumbria,O (84),Public administration and defence,546,7200,2280,9650
2017,TLD1,Cumbria,O (84),Public administration and defence,581,7650,2330,9675
2018,TLD1,Cumbria,O (84),Public administration and defence,595,7350,2320,9775
2019,TLD1,Cumbria,O (84),Public administration and defence,655,7965,2655,10625
2020,TLD1,Cumbria,O (84),Public administration and defence,636,7815,2155,10125
2021,TLD1,Cumbria,O (84),Public administration and defence,614,7900,2885,10350
2022,TLD1,Cumbria,O (84),Public administration and defence,597,6375,2685,9300
2015,TLD1,Cumbria,P (85),Education,583,8970,10350,19360
2016,TLD1,Cumbria,P (85),Education,573,9655,10525,19510
2017,TLD1,Cumbria,P (85),Education,570,8445,10410,19505
2018,TLD1,Cumbria,P (85),Education,593,9065,9435,19575
2019,TLD1,Cumbria,P (85),Education,602,6965,8580,15085
2020,TLD1,Cumbria,P (85),Education,550,7880,7560,15810
2021,TLD1,Cumbria,P (85),Education,554,7850,6710,15140
2022,TLD1,Cumbria,P (85),Education,634,7570,7565,15110
2015,TLD1,Cumbria,Q (86-88),Human health and social work activities,929,15380,15900,31575
2016,TLD1,Cumbria,Q (86-88),Human health and social work activities,921,15385,15885,31425
2017,TLD1,Cumbria,Q (86-88),Human health and social work activities,942,15270,16105,31815
2018,TLD1,Cumbria,Q (86-88),Human health and social work activities,969,15460,13500,29495
2019,TLD1,Cumbria,Q (86-88),Human health and social work activities,1050,16520,14720,31820
2020,TLD1,Cumbria,Q (86-88),Human health and social work activities,1131,15560,13435,29875
2021,TLD1,Cumbria,Q (86-88),Human health and social work activities,1184,16725,15390,32775
2022,TLD1,Cumbria,Q (86-88),Human health and social work activities,1178,17750,12925,32125
2015,TLD1,Cumbria,R (90-93),"Arts, entertainment and recreation",145,2570,3365,6200
2016,TLD1,Cumbria,R (90-93),"Arts, entertainment and recreation",126,2550,2295,5165
2017,TLD1,Cumbria,R (90-93),"Arts, entertainment and recreation",129,2670,3195,5740
2018,TLD1,Cumbria,R (90-93),"Arts, entertainment and recreation",131,2200,3570,5710
2019,TLD1,Cumbria,R (90-93),"Arts, entertainment and recreation",146,3260,3025,6265
2020,TLD1,Cumbria,R (90-93),"Arts, entertainment and recreation",92,2195,2860,5085
2021,TLD1,Cumbria,R (90-93),"Arts, entertainment and recreation",105,1855,2800,4760
2022,TLD1,Cumbria,R (90-93),"Arts, entertainment and recreation",122,2255,2710,5000
2015,TLD1,Cumbria,S (94-96),Other service activities,164,2740,2005,5015
2016,TLD1,Cumbria,S (94-96),Other service activities,183,1745,1715,3740
2017,TLD1,Cumbria,S (94-96),Other service activities,204,2210,1870,4585
2018,TLD1,Cumbria,S (94-96),Other service activities,201,2565,1835,4990
2019,TLD1,Cumbria,S (94-96),Other service activities,224,2655,1620,4745
2020,TLD1,Cumbria,S (94-96),Other service activities,219,2060,2260,4495
2021,TLD1,Cumbria,S (94-96),Other service activities,189,2265,1015,3735
2022,TLD1,Cumbria,S (94-96),Other service activities,207,2725,1760,4625
2015,TLD1,Cumbria,T (97-98),Activities of households,25,0,0,0
2016,TLD1,Cumbria,T (97-98),Activities of households,39,0,0,0
2017,TLD1,Cumbria,T (97-98),Activities of households,42,0,0,0
2018,TLD1,Cumbria,T (97-98),Activities of households,34,0,0,0
2019,TLD1,Cumbria,T (97-98),Activities of households,44,0,0,0
2020,TLD1,Cumbria,T (97-98),Activities of households,35,0,0,0
2021,TLD1,Cumbria,T (97-98),Activities of households,40,0,0,0
2022,TLD1,Cumbria,T (97-98),Activities of households,34,0,0,0
2015,TLD3,Greater Manchester,A (1-3),"Agriculture, forestry and fishing",37,900,210,2870
2016,TLD3,Greater Manchester,A (1-3),"Agriculture, forestry and fishing",35,965,320,3005
2017,TLD3,Greater Manchester,A (1-3),"Agriculture, forestry and fishing",34,770,365,2890
2018,TLD3,Greater Manchester,A (1-3),"Agriculture, forestry and fishing",35,935,160,2810
2019,TLD3,Greater Manchester,A (1-3),"Agriculture, forestry and fishing",40,425,300,2475
2020,TLD3,Greater Manchester,A (1-3),"Agriculture, forestry and fishing",44,510,260,2290
2021,TLD3,Greater Manchester,A (1-3),"Agriculture, forestry and fishing",44,495,235,2385
2022,TLD3,Greater Manchester,A (1-3),"Agriculture, forestry and fishing",50,415,150,2330
2015,TLD3,Greater Manchester,B (5-9),Mining and quarrying,21,205,0,185
2016,TLD3,Greater Manchester,B (5-9),Mining and quarrying,19,140,20,155
2017,TLD3,Greater Manchester,B (5-9),Mining and quarrying,21,290,5,310
2018,TLD3,Greater Manchester,B (5-9),Mining and quarrying,26,360,0,355
2019,TLD3,Greater Manchester,B (5-9),Mining and quarrying,27,550,5,550
2020,TLD3,Greater Manchester,B (5-9),Mining and quarrying,26,255,0,275
2021,TLD3,Greater Manchester,B (5-9),Mining and quarrying,26,190,0,215
2022,TLD3,Greater Manchester,B (5-9),Mining and quarrying,32,640,0,675
2015,TLD3,Greater Manchester,C (10-33),Manufacturing,6447,92700,7645,101545
2016,TLD3,Greater Manchester,C (10-33),Manufacturing,6560,93875,10630,106665
2017,TLD3,Greater Manchester,C (10-33),Manufacturing,7045,96825,9745,108280
2018,TLD3,Greater Manchester,C (10-33),Manufacturing,7247,94290,8540,103745
2019,TLD3,Greater Manchester,C (10-33),Manufacturing,7139,92435,8480,100305
2020,TLD3,Greater Manchester,C (10-33),Manufacturing,7200,91785,12520,106035
2021,TLD3,Greater Manchester,C (10-33),Manufacturing,7275,85790,7495,95130
2022,TLD3,Greater Manchester,C (10-33),Manufacturing,7908,88990,10390,101360
2015,TLD3,Greater Manchester,D (35),"Electricity, gas, steam and air conditioning supply",814,5540,780,6890
2016,TLD3,Greater Manchester,D (35),"Electricity, gas, steam and air conditioning supply",665,6590,695,6915
2017,TLD3,Greater Manchester,D (35),"Electricity, gas, steam and air conditioning supply",735,6415,725,7165
2018,TLD3,Greater Manchester,D (35),"Electricity, gas, steam and air conditioning supply",760,11735,810,11985
2019,TLD3,Greater Manchester,D (35),"Electricity, gas, steam and air conditioning supply",1037,9535,765,10785
2020,TLD3,Greater Manchester,D (35),"Electricity, gas, steam and air conditioning supply",1344,10220,1165,11770
2021,TLD3,Greater Manchester,D (35),"Electricity, gas, steam and air conditioning supply",589,9770,985,11320
2022,TLD3,Greater Manchester,D (35),"Electricity, gas, steam and air conditioning supply",636,4090,570,4865
2015,TLD3,Greater Manchester,E (36-39),Water supply; sewerage and waste management,850,7400,555,8250
2016,TLD3,Greater Manchester,E (36-39),Water supply; sewerage and waste management,857,8910,890,10210
2017,TLD3,Greater Manchester,E (36-39),Water supply; sewerage and waste management,917,6850,920,7625
2018,TLD3,Greater Manchester,E (36-39),Water supply; sewerage and waste management,907,6290,315,6840
2019,TLD3,Greater Manchester,E (36-39),Water supply; sewerage and waste management,853,6100,590,7300
2020,TLD3,Greater Manchester,E (36-39),Water supply; sewerage and waste management,989,6525,450,7325
2021,TLD3,Greater Manchester,E (36-39),Water supply; sewerage and waste management,866,4370,290,4480
2022,TLD3,Greater Manchester,E (36-39),Water supply; sewerage and waste management,882,6530,470,7080
2015,TLD3,Greater Manchester,F (41-43),Construction,3505,47375,3845,53225
2016,TLD3,Greater Manchester,F (41-43),Construction,3716,41985,6785,51310
2017,TLD3,Greater Manchester,F (41-43),Construction,4048,51240,7490,59635
2018,TLD3,Greater Manchester,F (41-43),Construction,4392,49350,9620,61725
2019,TLD3,Greater Manchester,F (41-43),Construction,4225,48210,9585,61660
2020,TLD3,Greater Manchester,F (41-43),Construction,3921,46035,5655,54065
2021,TLD3,Greater Manchester,F (41-43),Construction,4643,63065,11565,77065
2022,TLD3,Greater Manchester,F (41-43),Construction,5430,61015,8075,70015
2015,TLD3,Greater Manchester,G (45-47),Wholesale and retail trade; repair of motor vehicles,7015,122875,76255,208340
2016,TLD3,Greater Manchester,G (45-47),Wholesale and retail trade; repair of motor vehicles,6713,118240,78360,200080
2017,TLD3,Greater Manchester,G (45-47),Wholesale and retail trade; repair of motor vehicles,7554,129055,84670,216415
2018,TLD3,Greater Manchester,G (45-47),Wholesale and retail trade; repair of motor vehicles,8353,135290,89555,229970
2019,TLD3,Greater Manchester,G (45-47),Wholesale and retail trade; repair of motor vehicles,9090,135340,84595,220780
2020,TLD3,Greater Manchester,G (45-47),Wholesale and retail trade; repair of motor vehicles,11260,130060,89905,228335
2021,TLD3,Greater Manchester,G (45-47),Wholesale and retail trade; repair of motor vehicles,10323,121520,78305,205460
2022,TLD3,Greater Manchester,G (45-47),Wholesale and retail trade; repair of motor vehicles,10780,127610,78195,207700
2015,TLD3,Greater Manchester,H (49-53),Transportation and storage,2815,47065,13465,61485
2016,TLD3,Greater Manchester,H (49-53),Transportation and storage,3025,54690,18685,74925
2017,TLD3,Greater Manchester,H (49-53),Transportation and storage,3173,60380,15185,74365
2018,TLD3,Greater Manchester,H (49-53),Transportation and storage,3464,66855,15915,82915
2019,TLD3,Greater Manchester,H (49-53),Transportation and storage,3810,62655,20205,85315
2020,TLD3,Greater Manchester,H (49-53),Transportation and storage,2804,59560,13325,75540
2021,TLD3,Greater Manchester,H (49-53),Transportation and storage,3150,64915,12790,80960
2022,TLD3,Greater Manchester,H (49-53),Transportation and storage,3464,59930,8850,69955
2015,TLD3,Greater Manchester,I (55-56),Accommodation and food service activities,1610,32030,48920,82955
2016,TLD3,Greater Manchester,I (55-56),Accommodation and food service activities,1664,32480,54660,90570
2017,TLD3,Greater Manchester,I (55-56),Accommodation and food service activities,1783,27375,47030,77650
2018,TLD3,Greater Manchester,I (55-56),Accommodation and food service activities,2021,35060,49035,87710
2019,TLD3,Greater Manchester,I (55-56),Accommodation and food service activities,2024,33700,49640,87320
2020,TLD3,Greater Manchester,I (55-56),Accommodation and food service activities,1098,33725,45095,80420
2021,TLD3,Greater Manchester,I (55-56),Accommodation and food service activities,1832,39775,55830,96895
2022,TLD3,Greater Manchester,I (55-56),Accommodation and food service activities,2621,38620,61550,100740
2015,TLD3,Greater Manchester,J (58-63),Information and communication,3255,42465,5465,49550
2016,TLD3,Greater Manchester,J (58-63),Information and communication,3451,34810,5650,39720
2017,TLD3,Greater Manchester,J (58-63),Information and communication,3393,41750,6080,48710
2018,TLD3,Greater Manchester,J (58-63),Information and communication,3645,41010,5290,46500
2019,TLD3,Greater Manchester,J (58-63),Information and communication,3939,44630,6835,50545
2020,TLD3,Greater Manchester,J (58-63),Information and communication,4995,43095,9195,53025
2021,TLD3,Greater Manchester,J (58-63),Information and communication,4784,43495,7120,49665
2022,TLD3,Greater Manchester,J (58-63),Information and communication,5335,55200,7405,63640
2015,TLD3,Greater Manchester,K (64-66),Financial and insurance activities,4819,32160,7795,39485
2016,TLD3,Greater Manchester,K (64-66),Financial and insurance activities,5033,39590,7200,45965
2017,TLD3,Greater Manchester,K (64-66),Financial and insurance activities,5529,37770,6835,44710
2018,TLD3,Greater Manchester,K (64-66),Financial and insurance activities,5247,35180,6040,42470
2019,TLD3,Greater Manchester,K (64-66),Financial and insurance activities,5293,36770,6740,42740
2020,TLD3,Greater Manchester,K (64-66),Financial and insurance activities,5220,33255,5890,37980
2021,TLD3,Greater Manchester,K (64-66),Financial and insurance activities,6351,45665,7305,53090
2022,TLD3,Greater Manchester,K (64-66),Financial and insurance activities,6998,36485,4845,40405
2015,TLD3,Greater Manchester,M (69-75),"Professional, scientific and technical activities",4723,88160,15760,109880
2016,TLD3,Greater Manchester,M (69-75),"Professional, scientific and technical activities",4819,99385,21120,124775
2017,TLD3,Greater Manchester,M (69-75),"Professional, scientific and technical activities",5326,100115,19450,121240
2018,TLD3,Greater Manchester,M (69-75),"Professional, scientific and technical activities",5499,99225,20065,124430
2019,TLD3,Greater Manchester,M (69-75),"Professional, scientific and technical activities",5741,113645,21085,140200
2020,TLD3,Greater Manchester,M (69-75),"Professional, scientific and technical activities",5346,109710,23170,136850
2021,TLD3,Greater Manchester,M (69-75),"Professional, scientific and technical activities",7530,130820,19235,150500
2022,TLD3,Greater Manchester,M (69-75),"Professional, scientific and technical activities",8497,137475,26445,169350
2015,TLD3,Greater Manchester,N (77-82),Administrative and support service activities,3611,82125,41580,121890
2016,TLD3,Greater Manchester,N (77-82),Administrative and support service activities,3927,85625,41235,128285
2017,TLD3,Greater Manchester,N (77-82),Administrative and support service activities,4467,87125,44135,133190
2018,TLD3,Greater Manchester,N (77-82),Administrative and support service activities,4603,96895,44095,142250
2019,TLD3,Greater Manchester,N (77-82),Administrative and support service activities,4900,95430,40870,136960
2020,TLD3,Greater Manchester,N (77-82),Administrative and support service activities,4437,93745,37120,132780
2021,TLD3,Greater Manchester,N (77-82),Administrative and support service activities,4679,93950,44015,140520
2022,TLD3,Greater Manchester,N (77-82),Administrative and support service activities,5371,94255,45320,139590
2015,TLD3,Greater Manchester,O (84),Public administration and defence,2739,39800,11940,53100
2016,TLD3,Greater Manchester,O (84),Public administration and defence,2898,40300,11440,53150
2017,TLD3,Greater Manchester,O (84),Public administration and defence,3151,40550,13400,54650
2018,TLD3,Greater Manchester,O (84),Public administration and defence,3395,42150,13950,55400
2019,TLD3,Greater Manchester,O (84),Public administration and defence,3613,43650,12750,57000
2020,TLD3,Greater Manchester,O (84),Public administration and defence,3475,43900,11650,55000
2021,TLD3,Greater Manchester,O (84),Public administration and defence,3788,48150,13850,62850
2022,TLD3,Greater Manchester,O (84),Public administration and defence,4283,48900,16750,67000
2015,TLD3,Greater Manchester,P (85),Education,3992,59565,48295,107900
2016,TLD3,Greater Manchester,P (85),Education,4016,66845,46965,114985
2017,TLD3,Greater Manchester,P (85),Education,4288,62820,52490,115510
2018,TLD3,Greater Manchester,P (85),Education,4488,66730,47165,113595
2019,TLD3,Greater Manchester,P (85),Education,4726,62775,50340,112890
2020,TLD3,Greater Manchester,P (85),Education,5011,62375,52320,116995
2021,TLD3,Greater Manchester,P (85),Education,5084,65235,47055,112265
2022,TLD3,Greater Manchester,P (85),Education,5778,63210,53260,115715
2015,TLD3,Greater Manchester,Q (86-88),Human health and social work activities,6212,101650,62600,164500
2016,TLD3,Greater Manchester,Q (86-88),Human health and social work activities,6761,100150,66950,169250
2017,TLD3,Greater Manchester,Q (86-88),Human health and social work activities,6905,102700,66050,169750
2018,TLD3,Greater Manchester,Q (86-88),Human health and social work activities,6959,99850,60000,161500
2019,TLD3,Greater Manchester,Q (86-88),Human health and social work activities,7344,108350,65650,176000
2020,TLD3,Greater Manchester,Q (86-88),Human health and social work activities,7336,106350,62500,171250
2021,TLD3,Greater Manchester,Q (86-88),Human health and social work activities,7913,111500,68550,183500
2022,TLD3,Greater Manchester,Q (86-88),Human health and social work activities,8174,129500,69850,200500
2015,TLD3,Greater Manchester,R (90-93),"Arts, entertainment and recreation",1163,11700,15815,27910
2016,TLD3,Greater Manchester,R (90-93),"Arts, entertainment and recreation",1143,11605,14245,25800
2017,TLD3,Greater Manchester,R (90-93),"Arts, entertainment and recreation",1213,13165,17380,31490
2018,TLD3,Greater Manchester,R (90-93),"Arts, entertainment and recreation",1211,10945,18760,30220
2019,TLD3,Greater Manchester,R (90-93),"Arts, entertainment and recreation",1238,15885,18070,33875
2020,TLD3,Greater Manchester,R (90-93),"Arts, entertainment and recreation",946,11200,15815,27280
2021,TLD3,Greater Manchester,R (90-93),"Arts, entertainment and recreation",1138,11120,16290,28435
2022,TLD3,Greater Manchester,R (90-93),"Arts, entertainment and recreation",1433,11740,16005,28090
2015,TLD3,Greater Manchester,S (94-96),Other service activities,1070,16105,9365,26265
2016,TLD3,Greater Manchester,S (94-96),Other service activities,1054,10360,8185,20000
2017,TLD3,Greater Manchester,S (94-96),Other service activities,1232,11830,10205,23860
2018,TLD3,Greater Manchester,S (94-96),Other service activities,1324,14675,9695,25840
2019,TLD3,Greater Manchester,S (94-96),Other service activities,1414,16930,8940,26930
2020,TLD3,Greater Manchester,S (94-96),Other service activities,1226,13085,10660,25590
2021,TLD3,Greater Manchester,S (94-96),Other service activities,1247,15265,5115,22100
2022,TLD3,Greater Manchester,S (94-96),Other service activities,1502,17010,9645,27370
2015,TLD3,Greater Manchester,T (97-98),Activities of households,59,0,0,0
2016,TLD3,Greater Manchester,T (97-98),Activities of households,58,0,0,0
2017,TLD3,Greater Manchester,T (97-98),Activities of households,50,0,0,0
2018,TLD3,Greater Manchester,T (97-98),Activities of households,42,0,0,0
2019,TLD3,Greater Manchester,T (97-98),Activities of households,46,0,0,0
2020,TLD3,Greater Manchester,T (97-98),Activities of households,39,0,0,0
2021,TLD3,Greater Manchester,T (97-98),Activities of households,58,0,0,0
2022,TLD3,Greater Manchester,T (97-98),Activities of households,62,0,0,0
2015,TLD4,Lancashire,A (1-3),"Agriculture, forestry and fishing",210,3845,1015,11305
2016,TLD4,Lancashire,A (1-3),"Agriculture, forestry and fishing",197,3805,1180,11245
2017,TLD4,Lancashire,A (1-3),"Agriculture, forestry and fishing",206,3510,1255,12015
2018,TLD4,Lancashire,A (1-3),"Agriculture, forestry and fishing",184,3710,1005,11915
2019,TLD4,Lancashire,A (1-3),"Agriculture, forestry and fishing",220,3155,1220,11710
2020,TLD4,Lancashire,A (1-3),"Agriculture, forestry and fishing",236,3260,1140,11470
2021,TLD4,Lancashire,A (1-3),"Agriculture, forestry and fishing",252,3750,1070,11505
2022,TLD4,Lancashire,A (1-3),"Agriculture, forestry and fishing",304,3660,1005,11365
2015,TLD4,Lancashire,B (5-9),Mining and quarrying,23,430,10,430
2016,TLD4,Lancashire,B (5-9),Mining and quarrying,20,595,20,600
2017,TLD4,Lancashire,B (5-9),Mining and quarrying,20,405,0,405
2018,TLD4,Lancashire,B (5-9),Mining and quarrying,27,465,0,470
2019,TLD4,Lancashire,B (5-9),Mining and quarrying,30,400,5,400
2020,TLD4,Lancashire,B (5-9),Mining and quarrying,38,305,0,305
2021,TLD4,Lancashire,B (5-9),Mining and quarrying,32,360,0,355
2022,TLD4,Lancashire,B (5-9),Mining and quarrying,36,530,5,560
2015,TLD4,Lancashire,C (10-33),Manufacturing,6042,74460,5130,80905
2016,TLD4,Lancashire,C (10-33),Manufacturing,6197,78075,7125,85620
2017,TLD4,Lancashire,C (10-33),Manufacturing,6469,79125,7295,86005
2018,TLD4,Lancashire,C (10-33),Manufacturing,6312,79745,6790,88470
2019,TLD4,Lancashire,C (10-33),Manufacturing,5951,77735,6965,84050
2020,TLD4,Lancashire,C (10-33),Manufacturing,6020,79345,8425,88485
2021,TLD4,Lancashire,C (10-33),Manufacturing,6750,73930,5705,80555
2022,TLD4,Lancashire,C (10-33),Manufacturing,7660,75915,7780,86340
2015,TLD4,Lancashire,D (35),"Electricity, gas, steam and air conditioning supply",556,2205,80,2330
2016,TLD4,Lancashire,D (35),"Electricity, gas, steam and air conditioning supply",530,2255,80,2280
2017,TLD4,Lancashire,D (35),"Electricity, gas, steam and air conditioning supply",459,2130,80,2530
2018,TLD4,Lancashire,D (35),"Electricity, gas, steam and air conditioning supply",438,2185,90,2485
2019,TLD4,Lancashire,D (35),"Electricity, gas, steam and air conditioning supply",473,1965,95,2115
2020,TLD4,Lancashire,D (35),"Electricity, gas, steam and air conditioning supply",658,2800,260,3000
2021,TLD4,Lancashire,D (35),"Electricity, gas, steam and air conditioning supply",300,2315,260,2565
2022,TLD4,Lancashire,D (35),"Electricity, gas, steam and air conditioning supply",359,2290,95,2340
2015,TLD4,Lancashire,E (36-39),Water supply; sewerage and waste management,464,4975,270,5075
2016,TLD4,Lancashire,E (36-39),Water supply; sewerage and waste management,482,5310,290,5435
2017,TLD4,Lancashire,E (36-39),Water supply; sewerage and waste management,467,5070,330,5170
2018,TLD4,Lancashire,E (36-39),Water supply; sewerage and waste management,511,4950,110,5050
2019,TLD4,Lancashire,E (36-39),Water supply; sewerage and waste management,516,5000,290,5050
2020,TLD4,Lancashire,E (36-39),Water supply; sewerage and waste management,629,4935,200,5385
2021,TLD4,Lancashire,E (36-39),Water supply; sewerage and waste management,604,2835,135,3185
2022,TLD4,Lancashire,E (36-39),Water supply; sewerage and waste management,575,4410,220,4460
2015,TLD4,Lancashire,F (41-43),Construction,2088,31235,2300,34515
2016,TLD4,Lancashire,F (41-43),Construction,2175,26530,3770,32115
2017,TLD4,Lancashire,F (41-43),Construction,2246,31410,4475,36370
2018,TLD4,Lancashire,F (41-43),Construction,2252,30240,5440,38195
2019,TLD4,Lancashire,F (41-43),Construction,2331,31890,5245,39230
2020,TLD4,Lancashire,F (41-43),Construction,2183,31085,3170,35730
2021,TLD4,Lancashire,F (41-43),Construction,2492,31095,5705,38830
2022,TLD4,Lancashire,F (41-43),Construction,2767,31815,4135,38620
2015,TLD4,Lancashire,G (45-47),Wholesale and retail trade; repair of motor vehicles,4060,64135,38095,107790
2016,TLD4,Lancashire,G (45-47),Wholesale and retail trade; repair of motor vehicles,4523,58645,39370,100295
2017,TLD4,Lancashire,G (45-47),Wholesale and retail trade; repair of motor vehicles,4613,63755,40690,106715
2018,TLD4,Lancashire,G (45-47),Wholesale and retail trade; repair of motor vehicles,4528,68000,44370,115990
2019,TLD4,Lancashire,G (45-47),Wholesale and retail trade; repair of motor vehicles,4898,67890,43615,113105
2020,TLD4,Lancashire,G (45-47),Wholesale and retail trade; repair of motor vehicles,4820,65000,45325,116565
2021,TLD4,Lancashire,G (45-47),Wholesale and retail trade; repair of motor vehicles,5487,60675,39465,104420
2022,TLD4,Lancashire,G (45-47),Wholesale and retail trade; repair of motor vehicles,5876,64500,39595,107895
2015,TLD4,Lancashire,H (49-53),Transportation and storage,858,16680,4010,21250
2016,TLD4,Lancashire,H (49-53),Transportation and storage,942,18940,6015,25115
2017,TLD4,Lancashire,H (49-53),Transportation and storage,930,18775,4005,22810
2018,TLD4,Lancashire,H (49-53),Transportation and storage,1002,21865,4545,25815
2019,TLD4,Lancashire,H (49-53),Transportation and storage,1097,20460,7485,29615
2020,TLD4,Lancashire,H (49-53),Transportation and storage,802,17790,4200,22965
2021,TLD4,Lancashire,H (49-53),Transportation and storage,937,22125,4325,27820
2022,TLD4,Lancashire,H (49-53),Transportation and storage,1012,18845,3275,23665
2015,TLD4,Lancashire,I (55-56),Accommodation and food service activities,917,18500,27880,48760
2016,TLD4,Lancashire,I (55-56),Accommodation and food service activities,912,19175,30500,53525
2017,TLD4,Lancashire,I (55-56),Accommodation and food service activities,1007,14600,26225,43625
2018,TLD4,Lancashire,I (55-56),Accommodation and food service activities,1050,17550,27725,48400
2019,TLD4,Lancashire,I (55-56),Accommodation and food service activities,1081,16735,28010,46895
2020,TLD4,Lancashire,I (55-56),Accommodation and food service activities,722,17050,25175,42700
2021,TLD4,Lancashire,I (55-56),Accommodation and food service activities,1209,20275,31975,55525
2022,TLD4,Lancashire,I (55-56),Accommodation and food service activities,1590,19125,35220,55675
2015,TLD4,Lancashire,J (58-63),Information and communication,942,15695,1995,18515
2016,TLD4,Lancashire,J (58-63),Information and communication,1054,12290,3315,15105
2017,TLD4,Lancashire,J (58-63),Information and communication,1042,12915,2020,15455
2018,TLD4,Lancashire,J (58-63),Information and communication,1038,11090,1575,13030
2019,TLD4,Lancashire,J (58-63),Information and communication,1135,12075,1785,13925
2020,TLD4,Lancashire,J (58-63),Information and communication,932,13225,2665,15210
2021,TLD4,Lancashire,J (58-63),Information and communication,1082,12035,2235,14765
2022,TLD4,Lancashire,J (58-63),Information and communication,1128,13695,2415,16845
2015,TLD4,Lancashire,K (64-66),Financial and insurance activities,815,6375,1970,8510
2016,TLD4,Lancashire,K (64-66),Financial and insurance activities,932,8075,2235,10550
2017,TLD4,Lancashire,K (64-66),Financial and insurance activities,904,7210,2240,9965
2018,TLD4,Lancashire,K (64-66),Financial and insurance activities,810,6510,1955,8430
2019,TLD4,Lancashire,K (64-66),Financial and insurance activities,794,7195,2025,9190
2020,TLD4,Lancashire,K (64-66),Financial and insurance activities,760,6250,1975,8240
2021,TLD4,Lancashire,K (64-66),Financial and insurance activities,939,10535,2245,12610
2022,TLD4,Lancashire,K (64-66),Financial and insurance activities,1013,7550,1395,9385
2015,TLD4,Lancashire,M (69-75),"Professional, scientific and technical activities",1175,27430,5575,34155
2016,TLD4,Lancashire,M (69-75),"Professional, scientific and technical activities",1225,33785,6345,40445
2017,TLD4,Lancashire,M (69-75),"Professional, scientific and technical activities",1365,28450,6645,36905
2018,TLD4,Lancashire,M (69-75),"Professional, scientific and technical activities",1365,27805,6725,36230
2019,TLD4,Lancashire,M (69-75),"Professional, scientific and technical activities",1469,31320,6670,39500
2020,TLD4,Lancashire,M (69-75),"Professional, scientific and technical activities",1372,27345,9225,37850
2021,TLD4,Lancashire,M (69-75),"Professional, scientific and technical activities",1750,30545,6215,38155
2022,TLD4,Lancashire,M (69-75),"Professional, scientific and technical activities",1918,33000,6670,41285
2015,TLD4,Lancashire,N (77-82),Administrative and support service activities,1034,30525,11915,43105
2016,TLD4,Lancashire,N (77-82),Administrative and support service activities,1107,29325,12715,43010
2017,TLD4,Lancashire,N (77-82),Administrative and support service activities,1268,31255,13540,45180
2018,TLD4,Lancashire,N (77-82),Administrative and support service activities,1361,31355,14440,45445
2019,TLD4,Lancashire,N (77-82),Administrative and support service activities,1402,30530,12985,43840
2020,TLD4,Lancashire,N (77-82),Administrative and support service activities,1024,26450,12010,39030
2021,TLD4,Lancashire,N (77-82),Administrative and support service activities,1198,25020,13170,39825
2022,TLD4,Lancashire,N (77-82),Administrative and support service activities,1445,28375,11395,40430
2015,TLD4,Lancashire,O (84),Public administration and defence,1402,21975,10455,33525
2016,TLD4,Lancashire,O (84),Public administration and defence,1480,21600,9540,32150
2017,TLD4,Lancashire,O (84),Public administration and defence,1443,21250,8040,31000
2018,TLD4,Lancashire,O (84),Public administration and defence,1538,22500,8425,32600
2019,TLD4,Lancashire,O (84),Public administration and defence,1617,23050,8275,33200
2020,TLD4,Lancashire,O (84),Public administration and defence,1616,23050,7700,30650
2021,TLD4,Lancashire,O (84),Public administration and defence,1860,28000,9450,38350
2022,TLD4,Lancashire,O (84),Public administration and defence,1926,28250,10290,37200
2015,TLD4,Lancashire,P (85),Education,1986,33075,24205,58695
2016,TLD4,Lancashire,P (85),Education,2065,34390,26650,60640
2017,TLD4,Lancashire,P (85),Education,2094,30265,27960,59175
2018,TLD4,Lancashire,P (85),Education,2185,30750,25580,56550
2019,TLD4,Lancashire,P (85),Education,2218,28710,26450,54885
2020,TLD4,Lancashire,P (85),Education,2358,29265,28310,57915
2021,TLD4,Lancashire,P (85),Education,2433,32040,22820,54865
2022,TLD4,Lancashire,P (85),Education,2672,32510,23910,57420
2015,TLD4,Lancashire,Q (86-88),Human health and social work activities,3104,56375,41725,98000
2016,TLD4,Lancashire,Q (86-88),Human health and social work activities,3224,55350,41475,98600
2017,TLD4,Lancashire,Q (86-88),Human health and social work activities,3327,53400,45000,99500
2018,TLD4,Lancashire,Q (86-88),Human health and social work activities,3366,54000,39975,93900
2019,TLD4,Lancashire,Q (86-88),Human health and social work activities,3795,57100,46000,102700
2020,TLD4,Lancashire,Q (86-88),Human health and social work activities,3992,60500,43500,104300
2021,TLD4,Lancashire,Q (86-88),Human health and social work activities,3783,63150,42100,107600
2022,TLD4,Lancashire,Q (86-88),Human health and social work activities,3885,64750,38375,104300
2015,TLD4,Lancashire,R (90-93),"Arts, entertainment and recreation",437,6775,8430,15325
2016,TLD4,Lancashire,R (90-93),"Arts, entertainment and recreation",437,6150,8025,14500
2017,TLD4,Lancashire,R (90-93),"Arts, entertainment and recreation",448,6930,10295,17605
2018,TLD4,Lancashire,R (90-93),"Arts, entertainment and recreation",444,5760,9920,15425
2019,TLD4,Lancashire,R (90-93),"Arts, entertainment and recreation",470,7205,8235,16210
2020,TLD4,Lancashire,R (90-93),"Arts, entertainment and recreation",321,5530,7710,13395
2021,TLD4,Lancashire,R (90-93),"Arts, entertainment and recreation",319,5425,8515,14210
2022,TLD4,Lancashire,R (90-93),"Arts, entertainment and recreation",409,5800,8575,14405
2015,TLD4,Lancashire,S (94-96),Other service activities,477,8165,5030,13585
2016,TLD4,Lancashire,S (94-96),Other service activities,526,5015,4145,9745
2017,TLD4,Lancashire,S (94-96),Other service activities,546,4855,4630,10630
2018,TLD4,Lancashire,S (94-96),Other service activities,552,6210,4410,12080
2019,TLD4,Lancashire,S (94-96),Other service activities,567,7375,4420,12265
2020,TLD4,Lancashire,S (94-96),Other service activities,450,4835,4955,11200
2021,TLD4,Lancashire,S (94-96),Other service activities,535,6465,2600,10010
2022,TLD4,Lancashire,S (94-96),Other service activities,670,6965,4320,12135
2015,TLD4,Lancashire,T (97-98),Activities of households,44,0,0,0
2016,TLD4,Lancashire,T (97-98),Activities of households,34,0,0,0
2017,TLD4,Lancashire,T (97-98),Activities of households,35,0,0,0
2018,TLD4,Lancashire,T (97-98),Activities of households,48,0,0,0
2019,TLD4,Lancashire,T (97-98),Activities of households,55,0,0,0
2020,TLD4,Lancashire,T (97-98),Activities of households,45,0,0,0
2021,TLD4,Lancashire,T (97-98),Activities of households,74,0,0,0
2022,TLD4,Lancashire,T (97-98),Activities of households,62,0,0,0
2015,TLD6,Cheshire,A (1-3),"Agriculture, forestry and fishing",175,3030,925,8355
2016,TLD6,Cheshire,A (1-3),"Agriculture, forestry and fishing",150,3155,955,8545
2017,TLD6,Cheshire,A (1-3),"Agriculture, forestry and fishing",166,2975,1000,9365
2018,TLD6,Cheshire,A (1-3),"Agriculture, forestry and fishing",151,3315,720,9445
2019,TLD6,Cheshire,A (1-3),"Agriculture, forestry and fishing",175,2740,1045,9225
2020,TLD6,Cheshire,A (1-3),"Agriculture, forestry and fishing",171,2825,995,9160
2021,TLD6,Cheshire,A (1-3),"Agriculture, forestry and fishing",199,2805,955,9175
2022,TLD6,Cheshire,A (1-3),"Agriculture, forestry and fishing",278,2970,910,9115
2015,TLD6,Cheshire,B (5-9),Mining and quarrying,52,455,10,420
2016,TLD6,Cheshire,B (5-9),Mining and quarrying,50,300,20,405
2017,TLD6,Cheshire,B (5-9),Mining and quarrying,54,365,5,365
2018,TLD6,Cheshire,B (5-9),Mining and quarrying,73,615,20,630
2019,TLD6,Cheshire,B (5-9),Mining and quarrying,72,780,0,730
2020,TLD6,Cheshire,B (5-9),Mining and quarrying,52,425,5,425
2021,TLD6,Cheshire,B (5-9),Mining and quarrying,85,435,0,410
2022,TLD6,Cheshire,B (5-9),Mining and quarrying,92,1135,10,1185
2015,TLD6,Cheshire,C (10-33),Manufacturing,6506,37840,2490,40930
2016,TLD6,Cheshire,C (10-33),Manufacturing,7250,40520,3855,44250
2017,TLD6,Cheshire,C (10-33),Manufacturing,6840,40740,3400,44835
2018,TLD6,Cheshire,C (10-33),Manufacturing,6478,41850,3215,45015
2019,TLD6,Cheshire,C (10-33),Manufacturing,6556,41080,3685,44470
2020,TLD6,Cheshire,C (10-33),Manufacturing,6249,39530,3845,44445
2021,TLD6,Cheshire,C (10-33),Manufacturing,5772,37080,2880,40880
2022,TLD6,Cheshire,C (10-33),Manufacturing,6988,38050,3220,42915
2015,TLD6,Cheshire,D (35),"Electricity, gas, steam and air conditioning supply",367,1535,160,1740
2016,TLD6,Cheshire,D (35),"Electricity, gas, steam and air conditioning supply",301,1435,80,1485
2017,TLD6,Cheshire,D (35),"Electricity, gas, steam and air conditioning supply",369,1385,110,1385
2018,TLD6,Cheshire,D (35),"Electricity, gas, steam and air conditioning supply",412,1685,85,1585
2019,TLD6,Cheshire,D (35),"Electricity, gas, steam and air conditioning supply",503,1375,85,1535
2020,TLD6,Cheshire,D (35),"Electricity, gas, steam and air conditioning supply",607,1660,300,2060
2021,TLD6,Cheshire,D (35),"Electricity, gas, steam and air conditioning supply",338,1130,195,1425
2022,TLD6,Cheshire,D (35),"Electricity, gas, steam and air conditioning supply",387,1340,150,1590
2015,TLD6,Cheshire,E (36-39),Water supply; sewerage and waste management,418,3475,315,3800
2016,TLD6,Cheshire,E (36-39),Water supply; sewerage and waste management,417,4395,415,4545
2017,TLD6,Cheshire,E (36-39),Water supply; sewerage and waste management,442,3685,345,4120
2018,TLD6,Cheshire,E (36-39),Water supply; sewerage and waste management,480,3635,250,3670
2019,TLD6,Cheshire,E (36-39),Water supply; sewerage and waste management,512,4000,340,4200
2020,TLD6,Cheshire,E (36-39),Water supply; sewerage and waste management,496,3620,295,3780
2021,TLD6,Cheshire,E (36-39),Water supply; sewerage and waste management,484,3280,195,3505
2022,TLD6,Cheshire,E (36-39),Water supply; sewerage and waste management,463,4505,485,5155
2015,TLD6,Cheshire,F (41-43),Construction,1425,18315,1335,20690
2016,TLD6,Cheshire,F (41-43),Construction,1528,15955,2430,18905
2017,TLD6,Cheshire,F (41-43),Construction,1635,20520,2575,24065
2018,TLD6,Cheshire,F (41-43),Construction,1868,19550,3370,24655
2019,TLD6,Cheshire,F (41-43),Construction,1873,19680,3190,24515
2020,TLD6,Cheshire,F (41-43),Construction,1890,18190,1900,21820
2021,TLD6,Cheshire,F (41-43),Construction,2226,23855,4080,28935
2022,TLD6,Cheshire,F (41-43),Construction,2474,23655,2685,28355
2015,TLD6,Cheshire,G (45-47),Wholesale and retail trade; repair of motor vehicles,2723,46580,30830,81040
2016,TLD6,Cheshire,G (45-47),Wholesale and retail trade; repair of motor vehicles,2630,43745,30940,76880
2017,TLD6,Cheshire,G (45-47),Wholesale and retail trade; repair of motor vehicles,3128,47640,31905,82720
2018,TLD6,Cheshire,G (45-47),Wholesale and retail trade; repair of motor vehicles,3622,50840,33155,87360
2019,TLD6,Cheshire,G (45-47),Wholesale and retail trade; repair of motor vehicles,4057,51480,33500,87030
2020,TLD6,Cheshire,G (45-47),Wholesale and retail trade; repair of motor vehicles,3739,48935,34525,86230
2021,TLD6,Cheshire,G (45-47),Wholesale and retail trade; repair of motor vehicles,4011,44915,30510,75525
2022,TLD6,Cheshire,G (45-47),Wholesale and retail trade; repair of motor vehicles,4230,46695,29250,78145
2015,TLD6,Cheshire,H (49-53),Transportation and storage,989,19650,3840,23945
2016,TLD6,Cheshire,H (49-53),Transportation and storage,1039,21975,6360,28605
2017,TLD6,Cheshire,H (49-53),Transportation and storage,1104,20265,3810,24020
2018,TLD6,Cheshire,H (49-53),Transportation and storage,1168,22115,3780,26160
2019,TLD6,Cheshire,H (49-53),Transportation and storage,1307,21500,5175,28180
2020,TLD6,Cheshire,H (49-53),Transportation and storage,1133,22810,3510,27175
2021,TLD6,Cheshire,H (49-53),Transportation and storage,1347,26655,3575,30715
2022,TLD6,Cheshire,H (49-53),Transportation and storage,1469,23555,2680,26420
2015,TLD6,Cheshire,I (55-56),Accommodation and food service activities,805,15295,22120,38145
2016,TLD6,Cheshire,I (55-56),Accommodation and food service activities,905,15265,24140,40305
2017,TLD6,Cheshire,I (55-56),Accommodation and food service activities,914,12945,20910,33390
2018,TLD6,Cheshire,I (55-56),Accommodation and food service activities,853,14105,19835,35750
2019,TLD6,Cheshire,I (55-56),Accommodation and food service activities,869,13375,21010,36450
2020,TLD6,Cheshire,I (55-56),Accommodation and food service activities,589,13055,18405,32700
2021,TLD6,Cheshire,I (55-56),Accommodation and food service activities,760,15775,23005,40480
2022,TLD6,Cheshire,I (55-56),Accommodation and food service activities,1096,15445,25615,41345
2015,TLD6,Cheshire,J (58-63),Information and communication,1149,16795,2480,18730
2016,TLD6,Cheshire,J (58-63),Information and communication,1314,13290,2020,15280
2017,TLD6,Cheshire,J (58-63),Information and communication,1398,15010,2225,17415
2018,TLD6,Cheshire,J (58-63),Information and communication,1422,12485,1810,14635
2019,TLD6,Cheshire,J (58-63),Information and communication,1420,13250,2045,15090
2020,TLD6,Cheshire,J (58-63),Information and communication,1471,13410,3205,17850
2021,TLD6,Cheshire,J (58-63),Information and communication,1283,12980,2590,15165
2022,TLD6,Cheshire,J (58-63),Information and communication,1471,15770,2410,18530
2015,TLD6,Cheshire,K (64-66),Financial and insurance activities,1999,13940,2525,17860
2016,TLD6,Cheshire,K (64-66),Financial and insurance activities,2260,17260,3120,20415
2017,TLD6,Cheshire,K (64-66),Financial and insurance activities,2489,15865,2645,19275
2018,TLD6,Cheshire,K (64-66),Financial and insurance activities,2582,17165,3240,20950
2019,TLD6,Cheshire,K (64-66),Financial and insurance activities,2597,18480,3175,22450
2020,TLD6,Cheshire,K (64-66),Financial and insurance activities,2566,18050,2910,21880
2021,TLD6,Cheshire,K (64-66),Financial and insurance activities,3089,26020,3960,29570
2022,TLD6,Cheshire,K (64-66),Financial and insurance activities,3242,15485,2565,18685
2015,TLD6,Cheshire,M (69-75),"Professional, scientific and technical activities",2281,35665,8055,46035
2016,TLD6,Cheshire,M (69-75),"Professional, scientific and technical activities",2285,50855,13435,63865
2017,TLD6,Cheshire,M (69-75),"Professional, scientific and technical activities",2450,49440,14660,65220
2018,TLD6,Cheshire,M (69-75),"Professional, scientific and technical activities",2521,45915,16625,62740
2019,TLD6,Cheshire,M (69-75),"Professional, scientific and technical activities",2792,54260,11260,66105
2020,TLD6,Cheshire,M (69-75),"Professional, scientific and technical activities",2982,50620,12945,64720
2021,TLD6,Cheshire,M (69-75),"Professional, scientific and technical activities",3263,49285,10595,60300
2022,TLD6,Cheshire,M (69-75),"Professional, scientific and technical activities",3466,49170,9265,60115
2015,TLD6,Cheshire,N (77-82),Administrative and support service activities,1816,40385,13385,52500
2016,TLD6,Cheshire,N (77-82),Administrative and support service activities,1960,32990,14485,47600
2017,TLD6,Cheshire,N (77-82),Administrative and support service activities,2064,34195,14430,48465
2018,TLD6,Cheshire,N (77-82),Administrative and support service activities,1970,32460,12855,45485
2019,TLD6,Cheshire,N (77-82),Administrative and support service activities,2086,33295,13975,48790
2020,TLD6,Cheshire,N (77-82),Administrative and support service activities,1789,35255,13635,49135
2021,TLD6,Cheshire,N (77-82),Administrative and support service activities,1919,31845,16460,48180
2022,TLD6,Cheshire,N (77-82),Administrative and support service activities,2266,33435,16825,50615
2015,TLD6,Cheshire,O (84),Public administration and defence,1008,11050,3655,14050
2016,TLD6,Cheshire,O (84),Public administration and defence,1001,10950,4150,14750
2017,TLD6,Cheshire,O (84),Public administration and defence,985,10050,2750,12700
2018,TLD6,Cheshire,O (84),Public administration and defence,959,10550,2985,13750
2019,TLD6,Cheshire,O (84),Public administration and defence,1046,11550,3510,14700
2020,TLD6,Cheshire,O (84),Public administration and defence,1111,10725,2935,14350
2021,TLD6,Cheshire,O (84),Public administration and defence,1223,12340,3160,15250
2022,TLD6,Cheshire,O (84),Public administration and defence,1349,12300,3625,15600
2015,TLD6,Cheshire,P (85),Education,1050,18565,16945,35135
2016,TLD6,Cheshire,P (85),Education,1044,19825,17295,36990
2017,TLD6,Cheshire,P (85),Education,1067,17590,18085,36170
2018,TLD6,Cheshire,P (85),Education,1129,19175,14145,33320
2019,TLD6,Cheshire,P (85),Education,1173,16720,13425,31185
2020,TLD6,Cheshire,P (85),Education,1186,17245,14780,33870
2021,TLD6,Cheshire,P (85),Education,1189,17145,14495,31510
2022,TLD6,Cheshire,P (85),Education,1299,18050,14905,33305
2015,TLD6,Cheshire,Q (86-88),Human health and social work activities,1640,30075,24675,55875
2016,TLD6,Cheshire,Q (86-88),Human health and social work activities,1761,29600,25600,57225
2017,TLD6,Cheshire,Q (86-88),Human health and social work activities,1920,30075,24750,55825
2018,TLD6,Cheshire,Q (86-88),Human health and social work activities,1904,28200,24000,53125
2019,TLD6,Cheshire,Q (86-88),Human health and social work activities,2053,30925,26370,57225
2020,TLD6,Cheshire,Q (86-88),Human health and social work activities,2112,31600,26150,59450
2021,TLD6,Cheshire,Q (86-88),Human health and social work activities,2270,31700,28075,62825
2022,TLD6,Cheshire,Q (86-88),Human health and social work activities,2277,32400,24550,59450
2015,TLD6,Cheshire,R (90-93),"Arts, entertainment and recreation",252,4585,8195,12820
2016,TLD6,Cheshire,R (90-93),"Arts, entertainment and recreation",248,4275,6055,10500
2017,TLD6,Cheshire,R (90-93),"Arts, entertainment and recreation",259,4935,7605,12660
2018,TLD6,Cheshire,R (90-93),"Arts, entertainment and recreation",285,4070,7965,12455
2019,TLD6,Cheshire,R (90-93),"Arts, entertainment and recreation",303,5785,7240,13550
2020,TLD6,Cheshire,R (90-93),"Arts, entertainment and recreation",192,4395,6830,11060
2021,TLD6,Cheshire,R (90-93),"Arts, entertainment and recreation",245,4300,6170,10750
2022,TLD6,Cheshire,R (90-93),"Arts, entertainment and recreation",287,4650,6045,10865
2015,TLD6,Cheshire,S (94-96),Other service activities,437,7855,4130,12605
2016,TLD6,Cheshire,S (94-96),Other service activities,460,4885,3375,8990
2017,TLD6,Cheshire,S (94-96),Other service activities,508,5045,4165,10650
2018,TLD6,Cheshire,S (94-96),Other service activities,548,5805,3725,10500
2019,TLD6,Cheshire,S (94-96),Other service activities,534,5810,3495,10710
2020,TLD6,Cheshire,S (94-96),Other service activities,379,4555,3645,8865
2021,TLD6,Cheshire,S (94-96),Other service activities,509,5420,2000,8510
2022,TLD6,Cheshire,S (94-96),Other service activities,600,5900,3245,9700
2015,TLD6,Cheshire,T (97-98),Activities of households,22,0,0,0
2016,TLD6,Cheshire,T (97-98),Activities of households,39,0,0,0
2017,TLD6,Cheshire,T (97-98),Activities of households,42,0,0,0
2018,TLD6,Cheshire,T (97-98),Activities of households,36,0,0,0
2019,TLD6,Cheshire,T (97-98),Activities of households,42,0,0,0
2020,TLD6,Cheshire,T (97-98),Activities of households,39,0,0,0
2021,TLD6,Cheshire,T (97-98),Activities of households,40,0,0,0
2022,TLD6,Cheshire,T (97-98),Activities of households,40,0,0,0
2015,TLD7,Merseyside,A (1-3),"Agriculture, forestry and fishing",24,775,80,1380
2016,TLD7,Merseyside,A (1-3),"Agriculture, forestry and fishing",25,715,130,1360
2017,TLD7,Merseyside,A (1-3),"Agriculture, forestry and fishing",22,605,140,1280
2018,TLD7,Merseyside,A (1-3),"Agriculture, forestry and fishing",22,655,50,1190
2019,TLD7,Merseyside,A (1-3),"Agriculture, forestry and fishing",24,530,135,1180
2020,TLD7,Merseyside,A (1-3),"Agriculture, forestry and fishing",23,575,130,1285
2021,TLD7,Merseyside,A (1-3),"Agriculture, forestry and fishing",32,495,95,1100
2022,TLD7,Merseyside,A (1-3),"Agriculture, forestry and fishing",35,450,60,1010
2015,TLD7,Merseyside,B (5-9),Mining and quarrying,5,165,0,165
2016,TLD7,Merseyside,B (5-9),Mining and quarrying,6,80,15,95
2017,TLD7,Merseyside,B (5-9),Mining and quarrying,7,145,0,145
2018,TLD7,Merseyside,B (5-9),Mining and quarrying,10,445,10,445
2019,TLD7,Merseyside,B (5-9),Mining and quarrying,13,400,10,400
2020,TLD7,Merseyside,B (5-9),Mining and quarrying,16,320,10,320
2021,TLD7,Merseyside,B (5-9),Mining and quarrying,16,430,10,425
2022,TLD7,Merseyside,B (5-9),Mining and quarrying,19,390,10,390
2015,TLD7,Merseyside,C (10-33),Manufacturing,4119,43300,2935,47405
2016,TLD7,Merseyside,C (10-33),Manufacturing,4078,43810,3795,48250
2017,TLD7,Merseyside,C (10-33),Manufacturing,4256,45405,4580,50640
2018,TLD7,Merseyside,C (10-33),Manufacturing,4115,45405,3505,49145
2019,TLD7,Merseyside,C (10-33),Manufacturing,4219,45405,3560,49650
2020,TLD7,Merseyside,C (10-33),Manufacturing,3891,43280,4605,48410
2021,TLD7,Merseyside,C (10-33),Manufacturing,4083,43050,3125,46825
2022,TLD7,Merseyside,C (10-33),Manufacturing,4283,42225,4295,47695
2015,TLD7,Merseyside,D (35),"Electricity, gas, steam and air conditioning supply",138,980,45,1005
2016,TLD7,Merseyside,D (35),"Electricity, gas, steam and air conditioning supply",103,1045,40,1045
2017,TLD7,Merseyside,D (35),"Electricity, gas, steam and air conditioning supply",127,1140,30,1165
2018,TLD7,Merseyside,D (35),"Electricity, gas, steam and air conditioning supply",139,1125,30,1125
2019,TLD7,Merseyside,D (35),"Electricity, gas, steam and air conditioning supply",177,915,30,940
2020,TLD7,Merseyside,D (35),"Electricity, gas, steam and air conditioning supply",208,745,85,845
2021,TLD7,Merseyside,D (35),"Electricity, gas, steam and air conditioning supply",147,665,85,685
2022,TLD7,Merseyside,D (35),"Electricity, gas, steam and air conditioning supply",156,745,35,770
2015,TLD7,Merseyside,E (36-39),Water supply; sewerage and waste management,304,3200,335,3550
2016,TLD7,Merseyside,E (36-39),Water supply; sewerage and waste management,366,4740,995,5595
2017,TLD7,Merseyside,E (36-39),Water supply; sewerage and waste management,408,5265,1850,7115
2018,TLD7,Merseyside,E (36-39),Water supply; sewerage and waste management,407,3650,230,4025
2019,TLD7,Merseyside,E (36-39),Water supply; sewerage and waste management,413,4425,395,5175
2020,TLD7,Merseyside,E (36-39),Water supply; sewerage and waste management,452,4100,275,4175
2021,TLD7,Merseyside,E (36-39),Water supply; sewerage and waste management,499,2825,205,3150
2022,TLD7,Merseyside,E (36-39),Water supply; sewerage and waste management,500,4400,285,4950
2015,TLD7,Merseyside,F (41-43),Construction,1647,22095,1540,23925
2016,TLD7,Merseyside,F (41-43),Construction,1748,18855,2780,22185
2017,TLD7,Merseyside,F (41-43),Construction,1928,22935,3355,26830
2018,TLD7,Merseyside,F (41-43),Construction,1932,21145,3880,25710
2019,TLD7,Merseyside,F (41-43),Construction,1959,20775,3965,26165
2020,TLD7,Merseyside,F (41-43),Construction,1793,19975,2455,22990
2021,TLD7,Merseyside,F (41-43),Construction,1787,26700,4770,32985
2022,TLD7,Merseyside,F (41-43),Construction,2112,28235,4150,32775
2015,TLD7,Merseyside,G (45-47),Wholesale and retail trade; repair of motor vehicles,3289,51650,45035,99990
2016,TLD7,Merseyside,G (45-47),Wholesale and retail trade; repair of motor vehicles,3204,46110,42030,92090
2017,TLD7,Merseyside,G (45-47),Wholesale and retail trade; repair of motor vehicles,3103,50525,42355,97420
2018,TLD7,Merseyside,G (45-47),Wholesale and retail trade; repair of motor vehicles,3240,52615,46360,102260
2019,TLD7,Merseyside,G (45-47),Wholesale and retail trade; repair of motor vehicles,3528,52780,45220,100465
2020,TLD7,Merseyside,G (45-47),Wholesale and retail trade; repair of motor vehicles,3432,49570,46170,99530
2021,TLD7,Merseyside,G (45-47),Wholesale and retail trade; repair of motor vehicles,4146,47265,41635,91850
2022,TLD7,Merseyside,G (45-47),Wholesale and retail trade; repair of motor vehicles,4514,50055,39995,92175
2015,TLD7,Merseyside,H (49-53),Transportation and storage,1525,26325,5000,33025
2016,TLD7,Merseyside,H (49-53),Transportation and storage,1497,30910,8265,42585
2017,TLD7,Merseyside,H (49-53),Transportation and storage,1438,28945,4900,33635
2018,TLD7,Merseyside,H (49-53),Transportation and storage,1567,30940,4795,37670
2019,TLD7,Merseyside,H (49-53),Transportation and storage,1728,31500,7905,40915
2020,TLD7,Merseyside,H (49-53),Transportation and storage,1321,29965,4940,36070
2021,TLD7,Merseyside,H (49-53),Transportation and storage,1666,33015,5340,39610
2022,TLD7,Merseyside,H (49-53),Transportation and storage,1929,33260,3800,38290
2015,TLD7,Merseyside,I (55-56),Accommodation and food service activities,802,15590,26800,43650
2016,TLD7,Merseyside,I (55-56),Accommodation and food service activities,843,17920,29625,50100
2017,TLD7,Merseyside,I (55-56),Accommodation and food service activities,842,14620,26480,43305
2018,TLD7,Merseyside,I (55-56),Accommodation and food service activities,873,17510,28295,46875
2019,TLD7,Merseyside,I (55-56),Accommodation and food service activities,947,16700,28505,46925
2020,TLD7,Merseyside,I (55-56),Accommodation and food service activities,622,17290,27870,47355
2021,TLD7,Merseyside,I (55-56),Accommodation and food service activities,848,20515,33770,55375
2022,TLD7,Merseyside,I (55-56),Accommodation and food service activities,1138,18560,33375,52225
2015,TLD7,Merseyside,J (58-63),Information and communication,1563,12600,2530,15585
2016,TLD7,Merseyside,J (58-63),Information and communication,1690,10755,2050,12995
2017,TLD7,Merseyside,J (58-63),Information and communication,1646,12610,2165,15215
2018,TLD7,Merseyside,J (58-63),Information and communication,1515,11705,1740,13555
2019,TLD7,Merseyside,J (58-63),Information and communication,1491,11890,1960,13975
2020,TLD7,Merseyside,J (58-63),Information and communication,1217,10715,2760,13860
2021,TLD7,Merseyside,J (58-63),Information and communication,1371,12200,2730,15240
2022,TLD7,Merseyside,J (58-63),Information and communication,1542,14860,2370,17295
2015,TLD7,Merseyside,K (64-66),Financial and insurance activities,1688,11590,3255,14555
2016,TLD7,Merseyside,K (64-66),Financial and insurance activities,1652,13870,3765,16925
2017,TLD7,Merseyside,K (64-66),Financial and insurance activities,1774,13405,3500,15815
2018,TLD7,Merseyside,K (64-66),Financial and insurance activities,1678,11565,3450,15635
2019,TLD7,Merseyside,K (64-66),Financial and insurance activities,1654,13640,3780,17125
2020,TLD7,Merseyside,K (64-66),Financial and insurance activities,1659,13225,3310,17145
2021,TLD7,Merseyside,K (64-66),Financial and insurance activities,2168,17185,3590,19905
2022,TLD7,Merseyside,K (64-66),Financial and insurance activities,2272,11350,2430,13725
2015,TLD7,Merseyside,M (69-75),"Professional, scientific and technical activities",1642,29310,6600,38840
2016,TLD7,Merseyside,M (69-75),"Professional, scientific and technical activities",1573,39145,7205,48835
2017,TLD7,Merseyside,M (69-75),"Professional, scientific and technical activities",1723,31825,7600,41285
2018,TLD7,Merseyside,M (69-75),"Professional, scientific and technical activities",1687,33160,9745,45600
2019,TLD7,Merseyside,M (69-75),"Professional, scientific and technical activities",1934,41130,10790,54290
2020,TLD7,Merseyside,M (69-75),"Professional, scientific and technical activities",1817,38230,10765,50850
2021,TLD7,Merseyside,M (69-75),"Professional, scientific and technical activities",1983,37375,8825,47350
2022,TLD7,Merseyside,M (69-75),"Professional, scientific and technical activities",2339,37135,11500,51805
2015,TLD7,Merseyside,N (77-82),Administrative and support service activities,1366,35585,16980,52700
2016,TLD7,Merseyside,N (77-82),Administrative and support service activities,1524,32925,14325,49015
2017,TLD7,Merseyside,N (77-82),Administrative and support service activities,1617,35880,17115,52685
2018,TLD7,Merseyside,N (77-82),Administrative and support service activities,1598,36870,16000,52975
2019,TLD7,Merseyside,N (77-82),Administrative and support service activities,1613,36020,15405,51870
2020,TLD7,Merseyside,N (77-82),Administrative and support service activities,1351,32310,13580,46840
2021,TLD7,Merseyside,N (77-82),Administrative and support service activities,1715,31470,16530,50510
2022,TLD7,Merseyside,N (77-82),Administrative and support service activities,1812,32130,17915,50580
2015,TLD7,Merseyside,O (84),Public administration and defence,1816,26350,8950,35900
2016,TLD7,Merseyside,O (84),Public administration and defence,1806,26150,8200,34300
2017,TLD7,Merseyside,O (84),Public administration and defence,2035,27550,8650,36800
2018,TLD7,Merseyside,O (84),Public administration and defence,2140,29000,9850,38200
2019,TLD7,Merseyside,O (84),Public administration and defence,2363,29150,10400,38800
2020,TLD7,Merseyside,O (84),Public administration and defence,2493,29950,9700,40400
2021,TLD7,Merseyside,O (84),Public administration and defence,2525,32350,9175,42200
2022,TLD7,Merseyside,O (84),Public administration and defence,2781,34400,9100,44800
2015,TLD7,Merseyside,P (85),Education,2143,31275,27390,59140
2016,TLD7,Merseyside,P (85),Education,2255,33430,27495,59455
2017,TLD7,Merseyside,P (85),Education,2270,31255,28650,60310
2018,TLD7,Merseyside,P (85),Education,2447,32550,25895,58370
2019,TLD7,Merseyside,P (85),Education,2578,31035,24845,55935
2020,TLD7,Merseyside,P (85),Education,2929,32890,26385,58870
2021,TLD7,Merseyside,P (85),Education,2989,33890,24620,58265
2022,TLD7,Merseyside,P (85),Education,3237,33580,25300,58605
2015,TLD7,Merseyside,Q (86-88),Human health and social work activities,3422,65275,44975,109300
2016,TLD7,Merseyside,Q (86-88),Human health and social work activities,3552,63150,46050,110500
2017,TLD7,Merseyside,Q (86-88),Human health and social work activities,3762,65625,44975,111450
2018,TLD7,Merseyside,Q (86-88),Human health and social work activities,3803,63175,46125,112050
2019,TLD7,Merseyside,Q (86-88),Human health and social work activities,4233,70250,48650,120250
2020,TLD7,Merseyside,Q (86-88),Human health and social work activities,4966,69950,48900,119150
2021,TLD7,Merseyside,Q (86-88),Human health and social work activities,5211,77300,57350,136400
2022,TLD7,Merseyside,Q (86-88),Human health and social work activities,5181,78550,54075,133350
2015,TLD7,Merseyside,R (90-93),"Arts, entertainment and recreation",604,6790,7695,14990
2016,TLD7,Merseyside,R (90-93),"Arts, entertainment and recreation",586,6760,10560,17125
2017,TLD7,Merseyside,R (90-93),"Arts, entertainment and recreation",572,7410,14140,21525
2018,TLD7,Merseyside,R (90-93),"Arts, entertainment and recreation",595,5870,12765,18600
2019,TLD7,Merseyside,R (90-93),"Arts, entertainment and recreation",681,8040,12665,20525
2020,TLD7,Merseyside,R (90-93),"Arts, entertainment and recreation",449,6230,11680,18710
2021,TLD7,Merseyside,R (90-93),"Arts, entertainment and recreation",573,6070,11780,18060
2022,TLD7,Merseyside,R (90-93),"Arts, entertainment and recreation",642,6180,10160,16020
2015,TLD7,Merseyside,S (94-96),Other service activities,489,7450,5210,13430
2016,TLD7,Merseyside,S (94-96),Other service activities,514,4830,4600,10240
2017,TLD7,Merseyside,S (94-96),Other service activities,532,5575,5715,12595
2018,TLD7,Merseyside,S (94-96),Other service activities,568,7515,5615,14350
2019,TLD7,Merseyside,S (94-96),Other service activities,599,7590,5035,13720
2020,TLD7,Merseyside,S (94-96),Other service activities,545,6560,5710,13040
2021,TLD7,Merseyside,S (94-96),Other service activities,529,7360,2925,11050
2022,TLD7,Merseyside,S (94-96),Other service activities,545,7975,4855,13905
2015,TLD7,Merseyside,T (97-98),Activities of households,29,0,0,0
2016,TLD7,Merseyside,T (97-98),Activities of households,29,0,0,0
2017,TLD7,Merseyside,T (97-98),Activities of households,28,0,0,0
2018,TLD7,Merseyside,T (97-98),Activities of households,42,0,0,0
2019,TLD7,Merseyside,T (97-98),Activities of households,44,0,0,0
2020,TLD7,Merseyside,T (97-98),Activities of households,39,0,0,0
2021,TLD7,Merseyside,T (97-98),Activities of households,40,0,0,0
2022,TLD7,Merseyside,T (97-98),Activities of households,37,0,0,0
2015,TLE1,East Yorkshire and Northern Lincolnshire,A (1-3),"Agriculture, forestry and fishing",353,3095,820,8250
2016,TLE1,East Yorkshire and Northern Lincolnshire,A (1-3),"Agriculture, forestry and fishing",348,4595,1615,10580
2017,TLE1,East Yorkshire and Northern Lincolnshire,A (1-3),"Agriculture, forestry and fishing",346,3235,935,8515
2018,TLE1,East Yorkshire and Northern Lincolnshire,A (1-3),"Agriculture, forestry and fishing",350,3720,780,9025
2019,TLE1,East Yorkshire and Northern Lincolnshire,A (1-3),"Agriculture, forestry and fishing",389,3250,820,8430
2020,TLE1,East Yorkshire and Northern Lincolnshire,A (1-3),"Agriculture, forestry and fishing",372,3400,830,8570
2021,TLE1,East Yorkshire and Northern Lincolnshire,A (1-3),"Agriculture, forestry and fishing",481,3480,795,8740
2022,TLE1,East Yorkshire and Northern Lincolnshire,A (1-3),"Agriculture, forestry and fishing",540,3695,680,8950
2015,TLE1,East Yorkshire and Northern Lincolnshire,B (5-9),Mining and quarrying,45,575,15,575
2016,TLE1,East Yorkshire and Northern Lincolnshire,B (5-9),Mining and quarrying,36,970,170,1155
2017,TLE1,East Yorkshire and Northern Lincolnshire,B (5-9),Mining and quarrying,34,400,15,425
2018,TLE1,East Yorkshire and Northern Lincolnshire,B (5-9),Mining and quarrying,39,610,25,645
2019,TLE1,East Yorkshire and Northern Lincolnshire,B (5-9),Mining and quarrying,41,635,5,635
2020,TLE1,East Yorkshire and Northern Lincolnshire,B (5-9),Mining and quarrying,40,525,25,555
2021,TLE1,East Yorkshire and Northern Lincolnshire,B (5-9),Mining and quarrying,30,420,10,445
2022,TLE1,East Yorkshire and Northern Lincolnshire,B (5-9),Mining and quarrying,52,420,5,445
2015,TLE1,East Yorkshire and Northern Lincolnshire,C (10-33),Manufacturing,4540,57720,4170,62305
2016,TLE1,East Yorkshire and Northern Lincolnshire,C (10-33),Manufacturing,4687,53745,3985,58385
2017,TLE1,East Yorkshire and Northern Lincolnshire,C (10-33),Manufacturing,4899,60880,5155,66610
2018,TLE1,East Yorkshire and Northern Lincolnshire,C (10-33),Manufacturing,4986,63035,4490,67915
2019,TLE1,East Yorkshire and Northern Lincolnshire,C (10-33),Manufacturing,5624,59715,5340,65635
2020,TLE1,East Yorkshire and Northern Lincolnshire,C (10-33),Manufacturing,4939,60810,5165,66435
2021,TLE1,East Yorkshire and Northern Lincolnshire,C (10-33),Manufacturing,6537,66150,5990,72360
2022,TLE1,East Yorkshire and Northern Lincolnshire,C (10-33),Manufacturing,7730,68260,5780,74240
2015,TLE1,East Yorkshire and Northern Lincolnshire,D (35),"Electricity, gas, steam and air conditioning supply",559,1380,110,1530
2016,TLE1,East Yorkshire and Northern Lincolnshire,D (35),"Electricity, gas, steam and air conditioning supply",515,1250,130,1520
2017,TLE1,East Yorkshire and Northern Lincolnshire,D (35),"Electricity, gas, steam and air conditioning supply",531,1360,105,1560
2018,TLE1,East Yorkshire and Northern Lincolnshire,D (35),"Electricity, gas, steam and air conditioning supply",496,855,85,995
2019,TLE1,East Yorkshire and Northern Lincolnshire,D (35),"Electricity, gas, steam and air conditioning supply",609,900,5,900
2020,TLE1,East Yorkshire and Northern Lincolnshire,D (35),"Electricity, gas, steam and air conditioning supply",841,1070,265,1385
2021,TLE1,East Yorkshire and Northern Lincolnshire,D (35),"Electricity, gas, steam and air conditioning supply",701,925,30,925
2022,TLE1,East Yorkshire and Northern Lincolnshire,D (35),"Electricity, gas, steam and air conditioning supply",703,1365,20,1315
2015,TLE1,East Yorkshire and Northern Lincolnshire,E (36-39),Water supply; sewerage and waste management,186,2400,400,2825
2016,TLE1,East Yorkshire and Northern Lincolnshire,E (36-39),Water supply; sewerage and waste management,202,2625,135,2700
2017,TLE1,East Yorkshire and Northern Lincolnshire,E (36-39),Water supply; sewerage and waste management,243,2600,290,3210
2018,TLE1,East Yorkshire and Northern Lincolnshire,E (36-39),Water supply; sewerage and waste management,257,3145,460,3820
2019,TLE1,East Yorkshire and Northern Lincolnshire,E (36-39),Water supply; sewerage and waste management,255,3255,375,3365
2020,TLE1,East Yorkshire and Northern Lincolnshire,E (36-39),Water supply; sewerage and waste management,255,3140,415,3665
2021,TLE1,East Yorkshire and Northern Lincolnshire,E (36-39),Water supply; sewerage and waste management,314,3210,270,3360
2022,TLE1,East Yorkshire and Northern Lincolnshire,E (36-39),Water supply; sewerage and waste management,321,3300,680,3925
2015,TLE1,East Yorkshire and Northern Lincolnshire,F (41-43),Construction,1164,17645,2190,20115
2016,TLE1,East Yorkshire and Northern Lincolnshire,F (41-43),Construction,1100,17180,2730,21705
2017,TLE1,East Yorkshire and Northern Lincolnshire,F (41-43),Construction,1196,18300,2470,21100
2018,TLE1,East Yorkshire and Northern Lincolnshire,F (41-43),Construction,1259,15990,1900,18910
2019,TLE1,East Yorkshire and Northern Lincolnshire,F (41-43),Construction,1278,20475,2535,24385
2020,TLE1,East Yorkshire and Northern Lincolnshire,F (41-43),Construction,1163,18960,3600,23735
2021,TLE1,East Yorkshire and Northern Lincolnshire,F (41-43),Construction,1486,18775,2870,22400
2022,TLE1,East Yorkshire and Northern Lincolnshire,F (41-43),Construction,1794,19000,2160,23875
2015,TLE1,East Yorkshire and Northern Lincolnshire,G (45-47),Wholesale and retail trade; repair of motor vehicles,1851,33640,26355,61770
2016,TLE1,East Yorkshire and Northern Lincolnshire,G (45-47),Wholesale and retail trade; repair of motor vehicles,1912,36560,26930,65815
2017,TLE1,East Yorkshire and Northern Lincolnshire,G (45-47),Wholesale and retail trade; repair of motor vehicles,2040,33320,27065,62540
2018,TLE1,East Yorkshire and Northern Lincolnshire,G (45-47),Wholesale and retail trade; repair of motor vehicles,2108,31220,26400,61145
2019,TLE1,East Yorkshire and Northern Lincolnshire,G (45-47),Wholesale and retail trade; repair of motor vehicles,2165,33255,26815,63260
2020,TLE1,East Yorkshire and Northern Lincolnshire,G (45-47),Wholesale and retail trade; repair of motor vehicles,1969,30920,25600,57915
2021,TLE1,East Yorkshire and Northern Lincolnshire,G (45-47),Wholesale and retail trade; repair of motor vehicles,2575,28740,25335,56280
2022,TLE1,East Yorkshire and Northern Lincolnshire,G (45-47),Wholesale and retail trade; repair of motor vehicles,2820,34570,27170,63440
2015,TLE1,East Yorkshire and Northern Lincolnshire,H (49-53),Transportation and storage,1014,18515,3665,22840
2016,TLE1,East Yorkshire and Northern Lincolnshire,H (49-53),Transportation and storage,1085,20885,4960,26535
2017,TLE1,East Yorkshire and Northern Lincolnshire,H (49-53),Transportation and storage,1116,21880,4365,27745
2018,TLE1,East Yorkshire and Northern Lincolnshire,H (49-53),Transportation and storage,1036,19955,4500,24785
2019,TLE1,East Yorkshire and Northern Lincolnshire,H (49-53),Transportation and storage,1092,16990,3660,20700
2020,TLE1,East Yorkshire and Northern Lincolnshire,H (49-53),Transportation and storage,925,18040,3280,21740
2021,TLE1,East Yorkshire and Northern Lincolnshire,H (49-53),Transportation and storage,1075,19310,6265,25985
2022,TLE1,East Yorkshire and Northern Lincolnshire,H (49-53),Transportation and storage,1214,18220,3200,22730
2015,TLE1,East Yorkshire and Northern Lincolnshire,I (55-56),Accommodation and food service activities,410,8555,14450,24065
2016,TLE1,East Yorkshire and Northern Lincolnshire,I (55-56),Accommodation and food service activities,416,7705,14550,23250
2017,TLE1,East Yorkshire and Northern Lincolnshire,I (55-56),Accommodation and food service activities,469,8900,17875,28300
2018,TLE1,East Yorkshire and Northern Lincolnshire,I (55-56),Accommodation and food service activities,502,8705,17435,27125
2019,TLE1,East Yorkshire and Northern Lincolnshire,I (55-56),Accommodation and food service activities,538,7735,15280,24175
2020,TLE1,East Yorkshire and Northern Lincolnshire,I (55-56),Accommodation and food service activities,339,7720,14330,22075
2021,TLE1,East Yorkshire and Northern Lincolnshire,I (55-56),Accommodation and food service activities,648,9175,16825,26850
2022,TLE1,East Yorkshire and Northern Lincolnshire,I (55-56),Accommodation and food service activities,932,9775,17275,27525
2015,TLE1,East Yorkshire and Northern Lincolnshire,J (58-63),Information and communication,295,4120,830,5115
2016,TLE1,East Yorkshire and Northern Lincolnshire,J (58-63),Information and communication,324,5295,1155,6495
2017,TLE1,East Yorkshire and Northern Lincolnshire,J (58-63),Information and communication,319,4445,1225,5745
2018,TLE1,East Yorkshire and Northern Lincolnshire,J (58-63),Information and communication,353,5165,1730,6990
2019,TLE1,East Yorkshire and Northern Lincolnshire,J (58-63),Information and communication,382,5455,1400,6975
2020,TLE1,East Yorkshire and Northern Lincolnshire,J (58-63),Information and communication,312,4965,1390,6355
2021,TLE1,East Yorkshire and Northern Lincolnshire,J (58-63),Information and communication,432,5820,1685,7845
2022,TLE1,East Yorkshire and Northern Lincolnshire,J (58-63),Information and communication,451,5655,1215,6905
2015,TLE1,East Yorkshire and Northern Lincolnshire,K (64-66),Financial and insurance activities,316,3090,1310,4530
2016,TLE1,East Yorkshire and Northern Lincolnshire,K (64-66),Financial and insurance activities,324,2295,1035,3490
2017,TLE1,East Yorkshire and Northern Lincolnshire,K (64-66),Financial and insurance activities,324,2660,1095,4095
2018,TLE1,East Yorkshire and Northern Lincolnshire,K (64-66),Financial and insurance activities,326,2775,950,3740
2019,TLE1,East Yorkshire and Northern Lincolnshire,K (64-66),Financial and insurance activities,287,2185,940,3230
2020,TLE1,East Yorkshire and Northern Lincolnshire,K (64-66),Financial and insurance activities,297,2160,940,2955
2021,TLE1,East Yorkshire and Northern Lincolnshire,K (64-66),Financial and insurance activities,279,2025,970,3155
2022,TLE1,East Yorkshire and Northern Lincolnshire,K (64-66),Financial and insurance activities,366,2630,985,3745
2015,TLE1,East Yorkshire and Northern Lincolnshire,M (69-75),"Professional, scientific and technical activities",616,12645,3905,17710
2016,TLE1,East Yorkshire and Northern Lincolnshire,M (69-75),"Professional, scientific and technical activities",621,13890,3675,18500
2017,TLE1,East Yorkshire and Northern Lincolnshire,M (69-75),"Professional, scientific and technical activities",684,15125,4680,21075
2018,TLE1,East Yorkshire and Northern Lincolnshire,M (69-75),"Professional, scientific and technical activities",725,14530,5115,20830
2019,TLE1,East Yorkshire and Northern Lincolnshire,M (69-75),"Professional, scientific and technical activities",783,15225,4725,20315
2020,TLE1,East Yorkshire and Northern Lincolnshire,M (69-75),"Professional, scientific and technical activities",710,13905,4390,18550
2021,TLE1,East Yorkshire and Northern Lincolnshire,M (69-75),"Professional, scientific and technical activities",821,13945,3720,18840
2022,TLE1,East Yorkshire and Northern Lincolnshire,M (69-75),"Professional, scientific and technical activities",938,12930,4595,18025
2015,TLE1,East Yorkshire and Northern Lincolnshire,N (77-82),Administrative and support service activities,757,22720,8035,31435
2016,TLE1,East Yorkshire and Northern Lincolnshire,N (77-82),Administrative and support service activities,846,19525,11370,31105
2017,TLE1,East Yorkshire and Northern Lincolnshire,N (77-82),Administrative and support service activities,953,22665,10145,33080
2018,TLE1,East Yorkshire and Northern Lincolnshire,N (77-82),Administrative and support service activities,973,22515,11660,34485
2019,TLE1,East Yorkshire and Northern Lincolnshire,N (77-82),Administrative and support service activities,954,21105,10235,32385
2020,TLE1,East Yorkshire and Northern Lincolnshire,N (77-82),Administrative and support service activities,814,23125,10755,34595
2021,TLE1,East Yorkshire and Northern Lincolnshire,N (77-82),Administrative and support service activities,956,18250,10700,30280
2022,TLE1,East Yorkshire and Northern Lincolnshire,N (77-82),Administrative and support service activities,1028,18695,9125,29510
2015,TLE1,East Yorkshire and Northern Lincolnshire,O (84),Public administration and defence,1079,13150,6270,19250
2016,TLE1,East Yorkshire and Northern Lincolnshire,O (84),Public administration and defence,936,13000,5670,17800
2017,TLE1,East Yorkshire and Northern Lincolnshire,O (84),Public administration and defence,961,12300,6220,18800
2018,TLE1,East Yorkshire and Northern Lincolnshire,O (84),Public administration and defence,947,12750,6330,19000
2019,TLE1,East Yorkshire and Northern Lincolnshire,O (84),Public administration and defence,980,11950,5705,16950
2020,TLE1,East Yorkshire and Northern Lincolnshire,O (84),Public administration and defence,1026,11910,5030,17010
2021,TLE1,East Yorkshire and Northern Lincolnshire,O (84),Public administration and defence,1072,12700,4900,17650
2022,TLE1,East Yorkshire and Northern Lincolnshire,O (84),Public administration and defence,1112,12475,5250,17350
2015,TLE1,East Yorkshire and Northern Lincolnshire,P (85),Education,1100,19110,17860,36605
2016,TLE1,East Yorkshire and Northern Lincolnshire,P (85),Education,1049,17735,16010,34175
2017,TLE1,East Yorkshire and Northern Lincolnshire,P (85),Education,1060,17545,16995,35350
2018,TLE1,East Yorkshire and Northern Lincolnshire,P (85),Education,1121,19735,15820,35480
2019,TLE1,East Yorkshire and Northern Lincolnshire,P (85),Education,1198,18220,15690,34050
2020,TLE1,East Yorkshire and Northern Lincolnshire,P (85),Education,1175,18145,14845,32940
2021,TLE1,East Yorkshire and Northern Lincolnshire,P (85),Education,1276,18430,16565,35110
2022,TLE1,East Yorkshire and Northern Lincolnshire,P (85),Education,1437,18000,14585,32240
2015,TLE1,East Yorkshire and Northern Lincolnshire,Q (86-88),Human health and social work activities,1658,28275,25125,54700
2016,TLE1,East Yorkshire and Northern Lincolnshire,Q (86-88),Human health and social work activities,1715,29925,25050,56725
2017,TLE1,East Yorkshire and Northern Lincolnshire,Q (86-88),Human health and social work activities,1704,28225,23275,54350
2018,TLE1,East Yorkshire and Northern Lincolnshire,Q (86-88),Human health and social work activities,1773,29575,22425,53850
2019,TLE1,East Yorkshire and Northern Lincolnshire,Q (86-88),Human health and social work activities,1900,29075,25800,55775
2020,TLE1,East Yorkshire and Northern Lincolnshire,Q (86-88),Human health and social work activities,1956,29325,23725,52300
2021,TLE1,East Yorkshire and Northern Lincolnshire,Q (86-88),Human health and social work activities,2184,31375,28150,59825
2022,TLE1,East Yorkshire and Northern Lincolnshire,Q (86-88),Human health and social work activities,2020,33575,23625,58750
2015,TLE1,East Yorkshire and Northern Lincolnshire,R (90-93),"Arts, entertainment and recreation",159,3010,5095,7990
2016,TLE1,East Yorkshire and Northern Lincolnshire,R (90-93),"Arts, entertainment and recreation",156,2850,5570,8625
2017,TLE1,East Yorkshire and Northern Lincolnshire,R (90-93),"Arts, entertainment and recreation",173,2980,4555,7530
2018,TLE1,East Yorkshire and Northern Lincolnshire,R (90-93),"Arts, entertainment and recreation",169,2735,5330,8005
2019,TLE1,East Yorkshire and Northern Lincolnshire,R (90-93),"Arts, entertainment and recreation",179,2560,5000,7925
2020,TLE1,East Yorkshire and Northern Lincolnshire,R (90-93),"Arts, entertainment and recreation",152,3880,5070,9385
2021,TLE1,East Yorkshire and Northern Lincolnshire,R (90-93),"Arts, entertainment and recreation",171,2700,4525,7260
2022,TLE1,East Yorkshire and Northern Lincolnshire,R (90-93),"Arts, entertainment and recreation",232,2840,5045,7985
2015,TLE1,East Yorkshire and Northern Lincolnshire,S (94-96),Other service activities,236,2710,2230,5445
2016,TLE1,East Yorkshire and Northern Lincolnshire,S (94-96),Other service activities,263,3235,2605,6395
2017,TLE1,East Yorkshire and Northern Lincolnshire,S (94-96),Other service activities,282,2110,2305,5060
2018,TLE1,East Yorkshire and Northern Lincolnshire,S (94-96),Other service activities,272,2380,1845,4830
2019,TLE1,East Yorkshire and Northern Lincolnshire,S (94-96),Other service activities,306,4305,3420,8875
2020,TLE1,East Yorkshire and Northern Lincolnshire,S (94-96),Other service activities,261,2465,2030,5475
2021,TLE1,East Yorkshire and Northern Lincolnshire,S (94-96),Other service activities,294,4645,3005,8250
2022,TLE1,East Yorkshire and Northern Lincolnshire,S (94-96),Other service activities,328,2720,2220,5595
2015,TLE1,East Yorkshire and Northern Lincolnshire,T (97-98),Activities of households,19,0,0,0
2016,TLE1,East Yorkshire and Northern Lincolnshire,T (97-98),Activities of households,21,0,0,0
2017,TLE1,East Yorkshire and Northern Lincolnshire,T (97-98),Activities of households,15,0,0,0
2018,TLE1,East Yorkshire and Northern Lincolnshire,T (97-98),Activities of households,15,0,0,0
2019,TLE1,East Yorkshire and Northern Lincolnshire,T (97-98),Activities of households,18,0,0,0
2020,TLE1,East Yorkshire and Northern Lincolnshire,T (97-98),Activities of households,14,0,0,0
2021,TLE1,East Yorkshire and Northern Lincolnshire,T (97-98),Activities of households,6,0,0,0
2022,TLE1,East Yorkshire and Northern Lincolnshire,T (97-98),Activities of households,12,0,0,0
2015,TLE2,North Yorkshire,A (1-3),"Agriculture, forestry and fishing",518,4265,1825,18750
2016,TLE2,North Yorkshire,A (1-3),"Agriculture, forestry and fishing",453,6255,2850,20920
2017,TLE2,North Yorkshire,A (1-3),"Agriculture, forestry and fishing",497,4925,2225,19055
2018,TLE2,North Yorkshire,A (1-3),"Agriculture, forestry and fishing",459,5620,1870,20735
2019,TLE2,North Yorkshire,A (1-3),"Agriculture, forestry and fishing",527,5035,1750,20080
2020,TLE2,North Yorkshire,A (1-3),"Agriculture, forestry and fishing",533,5225,2085,20380
2021,TLE2,North Yorkshire,A (1-3),"Agriculture, forestry and fishing",673,5445,2080,20355
2022,TLE2,North Yorkshire,A (1-3),"Agriculture, forestry and fishing",793,5545,2025,21180
2015,TLE2,North Yorkshire,B (5-9),Mining and quarrying,62,735,5,735
2016,TLE2,North Yorkshire,B (5-9),Mining and quarrying,31,565,90,665
2017,TLE2,North Yorkshire,B (5-9),Mining and quarrying,27,285,10,320
2018,TLE2,North Yorkshire,B (5-9),Mining and quarrying,38,475,10,525
2019,TLE2,North Yorkshire,B (5-9),Mining and quarrying,34,410,5,410
2020,TLE2,North Yorkshire,B (5-9),Mining and quarrying,46,640,10,640
2021,TLE2,North Yorkshire,B (5-9),Mining and quarrying,36,900,25,925
2022,TLE2,North Yorkshire,B (5-9),Mining and quarrying,28,515,20,575
2015,TLE2,North Yorkshire,C (10-33),Manufacturing,2249,32805,2645,35840
2016,TLE2,North Yorkshire,C (10-33),Manufacturing,2299,29770,2415,33315
2017,TLE2,North Yorkshire,C (10-33),Manufacturing,2384,32035,4145,36200
2018,TLE2,North Yorkshire,C (10-33),Manufacturing,2557,33120,3105,36535
2019,TLE2,North Yorkshire,C (10-33),Manufacturing,2523,33035,3175,36175
2020,TLE2,North Yorkshire,C (10-33),Manufacturing,2636,34135,3685,37865
2021,TLE2,North Yorkshire,C (10-33),Manufacturing,2907,34020,3835,38290
2022,TLE2,North Yorkshire,C (10-33),Manufacturing,3106,34575,3490,38735
2015,TLE2,North Yorkshire,D (35),"Electricity, gas, steam and air conditioning supply",461,1820,50,1580
2016,TLE2,North Yorkshire,D (35),"Electricity, gas, steam and air conditioning supply",467,1935,150,1785
2017,TLE2,North Yorkshire,D (35),"Electricity, gas, steam and air conditioning supply",498,1490,40,1475
2018,TLE2,North Yorkshire,D (35),"Electricity, gas, steam and air conditioning supply",439,1415,125,1720
2019,TLE2,North Yorkshire,D (35),"Electricity, gas, steam and air conditioning supply",572,1365,90,1415
2020,TLE2,North Yorkshire,D (35),"Electricity, gas, steam and air conditioning supply",556,1965,360,2255
2021,TLE2,North Yorkshire,D (35),"Electricity, gas, steam and air conditioning supply",284,1470,70,1570
2022,TLE2,North Yorkshire,D (35),"Electricity, gas, steam and air conditioning supply",355,1360,40,1360
2015,TLE2,North Yorkshire,E (36-39),Water supply; sewerage and waste management,133,1480,205,1705
2016,TLE2,North Yorkshire,E (36-39),Water supply; sewerage and waste management,141,1690,80,1765
2017,TLE2,North Yorkshire,E (36-39),Water supply; sewerage and waste management,151,1480,55,1490
2018,TLE2,North Yorkshire,E (36-39),Water supply; sewerage and waste management,153,1535,175,1835
2019,TLE2,North Yorkshire,E (36-39),Water supply; sewerage and waste management,144,1325,55,1400
2020,TLE2,North Yorkshire,E (36-39),Water supply; sewerage and waste management,112,1310,145,1685
2021,TLE2,North Yorkshire,E (36-39),Water supply; sewerage and waste management,194,1525,65,1625
2022,TLE2,North Yorkshire,E (36-39),Water supply; sewerage and waste management,209,1850,320,2175
2015,TLE2,North Yorkshire,F (41-43),Construction,1059,14480,1695,16700
2016,TLE2,North Yorkshire,F (41-43),Construction,1088,15015,2385,19820
2017,TLE2,North Yorkshire,F (41-43),Construction,1110,15980,2155,19700
2018,TLE2,North Yorkshire,F (41-43),Construction,1143,13530,1695,17010
2019,TLE2,North Yorkshire,F (41-43),Construction,1214,17815,2430,22270
2020,TLE2,North Yorkshire,F (41-43),Construction,929,15085,3380,19965
2021,TLE2,North Yorkshire,F (41-43),Construction,1221,15065,2695,18900
2022,TLE2,North Yorkshire,F (41-43),Construction,1356,14805,1645,19590
2015,TLE2,North Yorkshire,G (45-47),Wholesale and retail trade; repair of motor vehicles,1924,33895,24040,61230
2016,TLE2,North Yorkshire,G (45-47),Wholesale and retail trade; repair of motor vehicles,2113,35570,25820,63620
2017,TLE2,North Yorkshire,G (45-47),Wholesale and retail trade; repair of motor vehicles,2297,33670,25555,61550
2018,TLE2,North Yorkshire,G (45-47),Wholesale and retail trade; repair of motor vehicles,2156,31165,24740,58700
2019,TLE2,North Yorkshire,G (45-47),Wholesale and retail trade; repair of motor vehicles,2066,32440,25680,62600
2020,TLE2,North Yorkshire,G (45-47),Wholesale and retail trade; repair of motor vehicles,1992,31785,24630,57355
2021,TLE2,North Yorkshire,G (45-47),Wholesale and retail trade; repair of motor vehicles,2480,27695,22685,52660
2022,TLE2,North Yorkshire,G (45-47),Wholesale and retail trade; repair of motor vehicles,2688,31265,25465,60100
2015,TLE2,North Yorkshire,H (49-53),Transportation and storage,810,13285,2465,16235
2016,TLE2,North Yorkshire,H (49-53),Transportation and storage,824,13930,2625,16995
2017,TLE2,North Yorkshire,H (49-53),Transportation and storage,851,15220,2715,19730
2018,TLE2,North Yorkshire,H (49-53),Transportation and storage,799,14445,2875,18220
2019,TLE2,North Yorkshire,H (49-53),Transportation and storage,828,13400,2085,16340
2020,TLE2,North Yorkshire,H (49-53),Transportation and storage,616,12665,1885,15955
2021,TLE2,North Yorkshire,H (49-53),Transportation and storage,738,13150,2590,17140
2022,TLE2,North Yorkshire,H (49-53),Transportation and storage,819,13230,1855,15740
2015,TLE2,North Yorkshire,I (55-56),Accommodation and food service activities,864,16850,24500,42300
2016,TLE2,North Yorkshire,I (55-56),Accommodation and food service activities,876,13720,24000,41225
2017,TLE2,North Yorkshire,I (55-56),Accommodation and food service activities,961,17545,27725,47425
2018,TLE2,North Yorkshire,I (55-56),Accommodation and food service activities,950,16515,27175,46675
2019,TLE2,North Yorkshire,I (55-56),Accommodation and food service activities,1016,15095,23800,41600
2020,TLE2,North Yorkshire,I (55-56),Accommodation and food service activities,679,15045,22125,40450
2021,TLE2,North Yorkshire,I (55-56),Accommodation and food service activities,1149,17325,27275,48225
2022,TLE2,North Yorkshire,I (55-56),Accommodation and food service activities,1508,18825,27000,47350
2015,TLE2,North Yorkshire,J (58-63),Information and communication,423,5215,1425,6445
2016,TLE2,North Yorkshire,J (58-63),Information and communication,496,7230,2025,9630
2017,TLE2,North Yorkshire,J (58-63),Information and communication,502,5790,1740,7550
2018,TLE2,North Yorkshire,J (58-63),Information and communication,510,7790,1875,9635
2019,TLE2,North Yorkshire,J (58-63),Information and communication,544,6825,1290,8115
2020,TLE2,North Yorkshire,J (58-63),Information and communication,555,6245,1270,7670
2021,TLE2,North Yorkshire,J (58-63),Information and communication,659,8025,1855,9735
2022,TLE2,North Yorkshire,J (58-63),Information and communication,686,7200,1175,8230
2015,TLE2,North Yorkshire,K (64-66),Financial and insurance activities,1046,9640,1930,11695
2016,TLE2,North Yorkshire,K (64-66),Financial and insurance activities,1029,7970,1765,9555
2017,TLE2,North Yorkshire,K (64-66),Financial and insurance activities,1187,7775,1775,9805
2018,TLE2,North Yorkshire,K (64-66),Financial and insurance activities,1077,8230,1715,9585
2019,TLE2,North Yorkshire,K (64-66),Financial and insurance activities,1090,6450,2030,8885
2020,TLE2,North Yorkshire,K (64-66),Financial and insurance activities,1154,7070,1770,9285
2021,TLE2,North Yorkshire,K (64-66),Financial and insurance activities,1396,6955,1765,9345
2022,TLE2,North Yorkshire,K (64-66),Financial and insurance activities,1630,8870,1865,10940
2015,TLE2,North Yorkshire,M (69-75),"Professional, scientific and technical activities",1056,19530,6690,27090
2016,TLE2,North Yorkshire,M (69-75),"Professional, scientific and technical activities",1155,21760,5670,28885
2017,TLE2,North Yorkshire,M (69-75),"Professional, scientific and technical activities",1264,23985,6935,31690
2018,TLE2,North Yorkshire,M (69-75),"Professional, scientific and technical activities",1263,22305,7230,30140
2019,TLE2,North Yorkshire,M (69-75),"Professional, scientific and technical activities",1333,21840,6460,29810
2020,TLE2,North Yorkshire,M (69-75),"Professional, scientific and technical activities",1212,21810,6285,29215
2021,TLE2,North Yorkshire,M (69-75),"Professional, scientific and technical activities",1355,20700,5650,27845
2022,TLE2,North Yorkshire,M (69-75),"Professional, scientific and technical activities",1473,21345,6325,28855
2015,TLE2,North Yorkshire,N (77-82),Administrative and support service activities,672,16585,12680,30595
2016,TLE2,North Yorkshire,N (77-82),Administrative and support service activities,706,13795,13515,27530
2017,TLE2,North Yorkshire,N (77-82),Administrative and support service activities,776,16035,12895,31145
2018,TLE2,North Yorkshire,N (77-82),Administrative and support service activities,846,14850,14355,29080
2019,TLE2,North Yorkshire,N (77-82),Administrative and support service activities,884,14050,14045,29085
2020,TLE2,North Yorkshire,N (77-82),Administrative and support service activities,859,18185,14750,33945
2021,TLE2,North Yorkshire,N (77-82),Administrative and support service activities,887,20105,14500,34990
2022,TLE2,North Yorkshire,N (77-82),Administrative and support service activities,976,15725,13850,31175
2015,TLE2,North Yorkshire,O (84),Public administration and defence,1287,11150,3775,14300
2016,TLE2,North Yorkshire,O (84),Public administration and defence,1332,10700,3265,13050
2017,TLE2,North Yorkshire,O (84),Public administration and defence,1438,11400,5375,16950
2018,TLE2,North Yorkshire,O (84),Public administration and defence,1453,12650,4570,16950
2019,TLE2,North Yorkshire,O (84),Public administration and defence,1579,11650,5530,17100
2020,TLE2,North Yorkshire,O (84),Public administration and defence,1549,11380,3970,15200
2021,TLE2,North Yorkshire,O (84),Public administration and defence,1602,13300,4545,17700
2022,TLE2,North Yorkshire,O (84),Public administration and defence,1794,14950,4545,19900
2015,TLE2,North Yorkshire,P (85),Education,1246,17670,18860,36545
2016,TLE2,North Yorkshire,P (85),Education,1250,17615,18330,36360
2017,TLE2,North Yorkshire,P (85),Education,1353,18215,17185,35015
2018,TLE2,North Yorkshire,P (85),Education,1457,17885,18030,36460
2019,TLE2,North Yorkshire,P (85),Education,1397,16250,16500,32835
2020,TLE2,North Yorkshire,P (85),Education,1348,17005,14865,32635
2021,TLE2,North Yorkshire,P (85),Education,1491,18405,15510,34785
2022,TLE2,North Yorkshire,P (85),Education,1702,18455,15130,32685
2015,TLE2,North Yorkshire,Q (86-88),Human health and social work activities,1434,23540,25050,50050
2016,TLE2,North Yorkshire,Q (86-88),Human health and social work activities,1467,29240,20525,52375
2017,TLE2,North Yorkshire,Q (86-88),Human health and social work activities,1553,24890,20350,46700
2018,TLE2,North Yorkshire,Q (86-88),Human health and social work activities,1613,25100,21150,45375
2019,TLE2,North Yorkshire,Q (86-88),Human health and social work activities,1703,23975,23100,47850
2020,TLE2,North Yorkshire,Q (86-88),Human health and social work activities,1820,22175,19425,43375
2021,TLE2,North Yorkshire,Q (86-88),Human health and social work activities,2089,24000,22425,47825
2022,TLE2,North Yorkshire,Q (86-88),Human health and social work activities,1979,27225,21725,49550
2015,TLE2,North Yorkshire,R (90-93),"Arts, entertainment and recreation",252,5180,7015,12705
2016,TLE2,North Yorkshire,R (90-93),"Arts, entertainment and recreation",247,4545,6790,11420
2017,TLE2,North Yorkshire,R (90-93),"Arts, entertainment and recreation",276,4565,5405,10240
2018,TLE2,North Yorkshire,R (90-93),"Arts, entertainment and recreation",282,4490,5905,10690
2019,TLE2,North Yorkshire,R (90-93),"Arts, entertainment and recreation",296,4205,6825,11000
2020,TLE2,North Yorkshire,R (90-93),"Arts, entertainment and recreation",212,5085,5205,10505
2021,TLE2,North Yorkshire,R (90-93),"Arts, entertainment and recreation",290,4030,5525,10145
2022,TLE2,North Yorkshire,R (90-93),"Arts, entertainment and recreation",333,4160,5705,10185
2015,TLE2,North Yorkshire,S (94-96),Other service activities,287,3570,2720,6720
2016,TLE2,North Yorkshire,S (94-96),Other service activities,297,3745,3165,7900
2017,TLE2,North Yorkshire,S (94-96),Other service activities,340,2695,3020,6145
2018,TLE2,North Yorkshire,S (94-96),Other service activities,348,3125,2415,6425
2019,TLE2,North Yorkshire,S (94-96),Other service activities,358,5040,4185,10105
2020,TLE2,North Yorkshire,S (94-96),Other service activities,275,3370,2905,7385
2021,TLE2,North Yorkshire,S (94-96),Other service activities,406,5075,3430,9505
2022,TLE2,North Yorkshire,S (94-96),Other service activities,484,3210,2800,6550
2015,TLE2,North Yorkshire,T (97-98),Activities of households,45,0,0,0
2016,TLE2,North Yorkshire,T (97-98),Activities of households,51,0,0,0
2017,TLE2,North Yorkshire,T (97-98),Activities of households,44,0,0,0
2018,TLE2,North Yorkshire,T (97-98),Activities of households,42,0,0,0
2019,TLE2,North Yorkshire,T (97-98),Activities of households,44,0,0,0
2020,TLE2,North Yorkshire,T (97-98),Activities of households,35,0,0,0
2021,TLE2,North Yorkshire,T (97-98),Activities of households,30,0,0,0
2022,TLE2,North Yorkshire,T (97-98),Activities of households,45,0,0,0
2015,TLE3,South Yorkshire,A (1-3),"Agriculture, forestry and fishing",52,585,250,2660
2016,TLE3,South Yorkshire,A (1-3),"Agriculture, forestry and fishing",45,970,470,3240
2017,TLE3,South Yorkshire,A (1-3),"Agriculture, forestry and fishing",54,645,295,2785
2018,TLE3,South Yorkshire,A (1-3),"Agriculture, forestry and fishing",54,935,220,2985
2019,TLE3,South Yorkshire,A (1-3),"Agriculture, forestry and fishing",63,760,250,2775
2020,TLE3,South Yorkshire,A (1-3),"Agriculture, forestry and fishing",52,770,265,2790
2021,TLE3,South Yorkshire,A (1-3),"Agriculture, forestry and fishing",78,655,285,2840
2022,TLE3,South Yorkshire,A (1-3),"Agriculture, forestry and fishing",103,800,240,3035
2015,TLE3,South Yorkshire,B (5-9),Mining and quarrying,36,685,30,720
2016,TLE3,South Yorkshire,B (5-9),Mining and quarrying,16,240,55,300
2017,TLE3,South Yorkshire,B (5-9),Mining and quarrying,20,145,0,130
2018,TLE3,South Yorkshire,B (5-9),Mining and quarrying,36,195,0,195
2019,TLE3,South Yorkshire,B (5-9),Mining and quarrying,40,195,0,195
2020,TLE3,South Yorkshire,B (5-9),Mining and quarrying,22,180,0,155
2021,TLE3,South Yorkshire,B (5-9),Mining and quarrying,22,185,5,160
2022,TLE3,South Yorkshire,B (5-9),Mining and quarrying,25,150,0,155
2015,TLE3,South Yorkshire,C (10-33),Manufacturing,3139,54680,4400,59180
2016,TLE3,South Yorkshire,C (10-33),Manufacturing,3060,47890,3935,52735
2017,TLE3,South Yorkshire,C (10-33),Manufacturing,3233,54875,4930,59840
2018,TLE3,South Yorkshire,C (10-33),Manufacturing,3367,58735,5345,63170
2019,TLE3,South Yorkshire,C (10-33),Manufacturing,3453,53155,5380,58580
2020,TLE3,South Yorkshire,C (10-33),Manufacturing,3540,54465,5170,58765
2021,TLE3,South Yorkshire,C (10-33),Manufacturing,3506,54610,5450,60115
2022,TLE3,South Yorkshire,C (10-33),Manufacturing,3647,54265,5180,59925
2015,TLE3,South Yorkshire,D (35),"Electricity, gas, steam and air conditioning supply",244,925,50,925
2016,TLE3,South Yorkshire,D (35),"Electricity, gas, steam and air conditioning supply",204,850,105,1025
2017,TLE3,South Yorkshire,D (35),"Electricity, gas, steam and air conditioning supply",220,1215,70,1220
2018,TLE3,South Yorkshire,D (35),"Electricity, gas, steam and air conditioning supply",202,1235,70,1260
2019,TLE3,South Yorkshire,D (35),"Electricity, gas, steam and air conditioning supply",277,1030,30,1030
2020,TLE3,South Yorkshire,D (35),"Electricity, gas, steam and air conditioning supply",210,985,130,1160
2021,TLE3,South Yorkshire,D (35),"Electricity, gas, steam and air conditioning supply",137,765,35,765
2022,TLE3,South Yorkshire,D (35),"Electricity, gas, steam and air conditioning supply",156,750,30,800
2015,TLE3,South Yorkshire,E (36-39),Water supply; sewerage and waste management,307,3190,265,3465
2016,TLE3,South Yorkshire,E (36-39),Water supply; sewerage and waste management,303,3140,240,3540
2017,TLE3,South Yorkshire,E (36-39),Water supply; sewerage and waste management,331,2915,135,3265
2018,TLE3,South Yorkshire,E (36-39),Water supply; sewerage and waste management,339,3525,260,4200
2019,TLE3,South Yorkshire,E (36-39),Water supply; sewerage and waste management,327,2525,80,2565
2020,TLE3,South Yorkshire,E (36-39),Water supply; sewerage and waste management,294,4290,370,4695
2021,TLE3,South Yorkshire,E (36-39),Water supply; sewerage and waste management,397,3830,120,3890
2022,TLE3,South Yorkshire,E (36-39),Water supply; sewerage and waste management,410,4250,705,4850
2015,TLE3,South Yorkshire,F (41-43),Construction,1805,23565,3085,27830
2016,TLE3,South Yorkshire,F (41-43),Construction,1874,24595,3675,30065
2017,TLE3,South Yorkshire,F (41-43),Construction,2034,24500,3175,28500
2018,TLE3,South Yorkshire,F (41-43),Construction,2053,21430,2715,24685
2019,TLE3,South Yorkshire,F (41-43),Construction,2164,27960,3575,33060
2020,TLE3,South Yorkshire,F (41-43),Construction,1832,25250,5035,31400
2021,TLE3,South Yorkshire,F (41-43),Construction,2057,23535,3455,28135
2022,TLE3,South Yorkshire,F (41-43),Construction,2434,26385,3025,31360
2015,TLE3,South Yorkshire,G (45-47),Wholesale and retail trade; repair of motor vehicles,2706,48935,36780,89630
2016,TLE3,South Yorkshire,G (45-47),Wholesale and retail trade; repair of motor vehicles,2939,52150,37905,92455
2017,TLE3,South Yorkshire,G (45-47),Wholesale and retail trade; repair of motor vehicles,3238,49040,38695,89525
2018,TLE3,South Yorkshire,G (45-47),Wholesale and retail trade; repair of motor vehicles,2979,48715,37995,90020
2019,TLE3,South Yorkshire,G (45-47),Wholesale and retail trade; repair of motor vehicles,3139,50525,38630,92655
2020,TLE3,South Yorkshire,G (45-47),Wholesale and retail trade; repair of motor vehicles,3546,46385,36150,84730
2021,TLE3,South Yorkshire,G (45-47),Wholesale and retail trade; repair of motor vehicles,3578,43100,36000,82270
2022,TLE3,South Yorkshire,G (45-47),Wholesale and retail trade; repair of motor vehicles,3820,50215,39020,93155
2015,TLE3,South Yorkshire,H (49-53),Transportation and storage,1097,23400,4045,28735
2016,TLE3,South Yorkshire,H (49-53),Transportation and storage,1076,25540,4410,29510
2017,TLE3,South Yorkshire,H (49-53),Transportation and storage,1109,26280,4565,32285
2018,TLE3,South Yorkshire,H (49-53),Transportation and storage,1131,26720,5110,32675
2019,TLE3,South Yorkshire,H (49-53),Transportation and storage,1247,27675,5120,34025
2020,TLE3,South Yorkshire,H (49-53),Transportation and storage,1131,29610,4735,35155
2021,TLE3,South Yorkshire,H (49-53),Transportation and storage,1132,31755,7975,41375
2022,TLE3,South Yorkshire,H (49-53),Transportation and storage,1308,32730,6985,40695
2015,TLE3,South Yorkshire,I (55-56),Accommodation and food service activities,587,11015,20485,33600
2016,TLE3,South Yorkshire,I (55-56),Accommodation and food service activities,624,10240,20520,31110
2017,TLE3,South Yorkshire,I (55-56),Accommodation and food service activities,721,11860,23595,37190
2018,TLE3,South Yorkshire,I (55-56),Accommodation and food service activities,691,12275,25300,38385
2019,TLE3,South Yorkshire,I (55-56),Accommodation and food service activities,708,11285,21800,34625
2020,TLE3,South Yorkshire,I (55-56),Accommodation and food service activities,456,10945,21955,32415
2021,TLE3,South Yorkshire,I (55-56),Accommodation and food service activities,583,12290,25605,38220
2022,TLE3,South Yorkshire,I (55-56),Accommodation and food service activities,799,13605,24440,39215
2015,TLE3,South Yorkshire,J (58-63),Information and communication,939,10080,1855,12330
2016,TLE3,South Yorkshire,J (58-63),Information and communication,961,11450,2115,13575
2017,TLE3,South Yorkshire,J (58-63),Information and communication,935,11000,2455,13875
2018,TLE3,South Yorkshire,J (58-63),Information and communication,1049,14995,3540,18210
2019,TLE3,South Yorkshire,J (58-63),Information and communication,1159,15750,2805,18140
2020,TLE3,South Yorkshire,J (58-63),Information and communication,1415,13315,3115,15420
2021,TLE3,South Yorkshire,J (58-63),Information and communication,1489,14685,3440,18445
2022,TLE3,South Yorkshire,J (58-63),Information and communication,1512,13945,2430,16155
2015,TLE3,South Yorkshire,K (64-66),Financial and insurance activities,1366,12150,3095,16210
2016,TLE3,South Yorkshire,K (64-66),Financial and insurance activities,1222,11110,2665,13335
2017,TLE3,South Yorkshire,K (64-66),Financial and insurance activities,1242,11370,2900,15720
2018,TLE3,South Yorkshire,K (64-66),Financial and insurance activities,1283,11900,2820,14805
2019,TLE3,South Yorkshire,K (64-66),Financial and insurance activities,1279,10670,3080,13795
2020,TLE3,South Yorkshire,K (64-66),Financial and insurance activities,1355,10720,2850,13805
2021,TLE3,South Yorkshire,K (64-66),Financial and insurance activities,1635,10350,3025,14415
2022,TLE3,South Yorkshire,K (64-66),Financial and insurance activities,1863,11410,2980,14395
2015,TLE3,South Yorkshire,M (69-75),"Professional, scientific and technical activities",1111,23990,6190,31605
2016,TLE3,South Yorkshire,M (69-75),"Professional, scientific and technical activities",1071,25175,6890,34645
2017,TLE3,South Yorkshire,M (69-75),"Professional, scientific and technical activities",1147,29890,9615,39830
2018,TLE3,South Yorkshire,M (69-75),"Professional, scientific and technical activities",1144,24120,9260,34785
2019,TLE3,South Yorkshire,M (69-75),"Professional, scientific and technical activities",1241,24320,9070,34730
2020,TLE3,South Yorkshire,M (69-75),"Professional, scientific and technical activities",1226,23335,8860,32800
2021,TLE3,South Yorkshire,M (69-75),"Professional, scientific and technical activities",1395,24190,8075,33685
2022,TLE3,South Yorkshire,M (69-75),"Professional, scientific and technical activities",1620,24290,8495,33825
2015,TLE3,South Yorkshire,N (77-82),Administrative and support service activities,1162,32565,14620,48980
2016,TLE3,South Yorkshire,N (77-82),Administrative and support service activities,1223,28430,17670,46895
2017,TLE3,South Yorkshire,N (77-82),Administrative and support service activities,1237,29030,16125,45890
2018,TLE3,South Yorkshire,N (77-82),Administrative and support service activities,1264,30045,15295,46600
2019,TLE3,South Yorkshire,N (77-82),Administrative and support service activities,1207,26025,17480,44010
2020,TLE3,South Yorkshire,N (77-82),Administrative and support service activities,1140,33905,17515,52170
2021,TLE3,South Yorkshire,N (77-82),Administrative and support service activities,1310,28755,19095,49190
2022,TLE3,South Yorkshire,N (77-82),Administrative and support service activities,1417,27800,18075,46320
2015,TLE3,South Yorkshire,O (84),Public administration and defence,1494,23840,6150,30340
2016,TLE3,South Yorkshire,O (84),Public administration and defence,1560,21830,6275,28580
2017,TLE3,South Yorkshire,O (84),Public administration and defence,1545,21830,5075,26580
2018,TLE3,South Yorkshire,O (84),Public administration and defence,1498,21380,5270,25830
2019,TLE3,South Yorkshire,O (84),Public administration and defence,1483,17630,8030,26530
2020,TLE3,South Yorkshire,O (84),Public administration and defence,1619,22130,9390,31330
2021,TLE3,South Yorkshire,O (84),Public administration and defence,1758,23670,9010,32370
2022,TLE3,South Yorkshire,O (84),Public administration and defence,1934,24145,8790,32695
2015,TLE3,South Yorkshire,P (85),Education,2662,38420,21480,61330
2016,TLE3,South Yorkshire,P (85),Education,2659,38480,22940,60985
2017,TLE3,South Yorkshire,P (85),Education,2632,36920,21870,59780
2018,TLE3,South Yorkshire,P (85),Education,2731,37310,21100,61030
2019,TLE3,South Yorkshire,P (85),Education,2713,33715,24910,60330
2020,TLE3,South Yorkshire,P (85),Education,2819,34450,23750,58910
2021,TLE3,South Yorkshire,P (85),Education,3023,35155,27075,62850
2022,TLE3,South Yorkshire,P (85),Education,3326,36320,23950,58070
2015,TLE3,South Yorkshire,Q (86-88),Human health and social work activities,2726,49550,39375,89600
2016,TLE3,South Yorkshire,Q (86-88),Human health and social work activities,2884,52350,42000,95850
2017,TLE3,South Yorkshire,Q (86-88),Human health and social work activities,2987,50650,36950,89100
2018,TLE3,South Yorkshire,Q (86-88),Human health and social work activities,3011,51900,37050,89100
2019,TLE3,South Yorkshire,Q (86-88),Human health and social work activities,3251,53200,38050,91700
2020,TLE3,South Yorkshire,Q (86-88),Human health and social work activities,3252,52100,33225,86350
2021,TLE3,South Yorkshire,Q (86-88),Human health and social work activities,3622,53350,39350,93400
2022,TLE3,South Yorkshire,Q (86-88),Human health and social work activities,3665,54650,40600,96500
2015,TLE3,South Yorkshire,R (90-93),"Arts, entertainment and recreation",240,5210,8260,13655
2016,TLE3,South Yorkshire,R (90-93),"Arts, entertainment and recreation",237,4835,8060,13645
2017,TLE3,South Yorkshire,R (90-93),"Arts, entertainment and recreation",250,5200,7615,13385
2018,TLE3,South Yorkshire,R (90-93),"Arts, entertainment and recreation",260,5425,7770,13660
2019,TLE3,South Yorkshire,R (90-93),"Arts, entertainment and recreation",283,4930,8010,12775
2020,TLE3,South Yorkshire,R (90-93),"Arts, entertainment and recreation",181,5915,7360,13475
2021,TLE3,South Yorkshire,R (90-93),"Arts, entertainment and recreation",230,4595,7300,12125
2022,TLE3,South Yorkshire,R (90-93),"Arts, entertainment and recreation",278,4450,8000,12725
2015,TLE3,South Yorkshire,S (94-96),Other service activities,383,4290,3385,8355
2016,TLE3,South Yorkshire,S (94-96),Other service activities,417,4545,3935,9755
2017,TLE3,South Yorkshire,S (94-96),Other service activities,418,3325,3105,7045
2018,TLE3,South Yorkshire,S (94-96),Other service activities,423,3805,2825,7555
2019,TLE3,South Yorkshire,S (94-96),Other service activities,463,6145,4710,11775
2020,TLE3,South Yorkshire,S (94-96),Other service activities,391,3905,3785,8720
2021,TLE3,South Yorkshire,S (94-96),Other service activities,393,5845,3985,10995
2022,TLE3,South Yorkshire,S (94-96),Other service activities,449,3940,3790,8205
2015,TLE3,South Yorkshire,T (97-98),Activities of households,32,0,0,0
2016,TLE3,South Yorkshire,T (97-98),Activities of households,51,0,0,0
2017,TLE3,South Yorkshire,T (97-98),Activities of households,39,0,0,0
2018,TLE3,South Yorkshire,T (97-98),Activities of households,39,0,0,0
2019,TLE3,South Yorkshire,T (97-98),Activities of households,44,0,0,0
2020,TLE3,South Yorkshire,T (97-98),Activities of households,35,0,0,0
2021,TLE3,South Yorkshire,T (97-98),Activities of households,16,0,0,0
2022,TLE3,South Yorkshire,T (97-98),Activities of households,8,0,0,0
2015,TLE4,West Yorkshire,A (1-3),"Agriculture, forestry and fishing",77,970,410,4715
2016,TLE4,West Yorkshire,A (1-3),"Agriculture, forestry and fishing",67,1735,810,5405
2017,TLE4,West Yorkshire,A (1-3),"Agriculture, forestry and fishing",75,1050,470,4825
2018,TLE4,West Yorkshire,A (1-3),"Agriculture, forestry and fishing",87,1360,385,5080
2019,TLE4,West Yorkshire,A (1-3),"Agriculture, forestry and fishing",95,1175,425,4890
2020,TLE4,West Yorkshire,A (1-3),"Agriculture, forestry and fishing",96,1220,435,4965
2021,TLE4,West Yorkshire,A (1-3),"Agriculture, forestry and fishing",108,1155,440,5030
2022,TLE4,West Yorkshire,A (1-3),"Agriculture, forestry and fishing",116,1280,350,5355
2015,TLE4,West Yorkshire,B (5-9),Mining and quarrying,41,445,10,470
2016,TLE4,West Yorkshire,B (5-9),Mining and quarrying,39,800,165,995
2017,TLE4,West Yorkshire,B (5-9),Mining and quarrying,40,350,5,385
2018,TLE4,West Yorkshire,B (5-9),Mining and quarrying,54,535,20,680
2019,TLE4,West Yorkshire,B (5-9),Mining and quarrying,54,410,5,410
2020,TLE4,West Yorkshire,B (5-9),Mining and quarrying,58,380,25,475
2021,TLE4,West Yorkshire,B (5-9),Mining and quarrying,40,420,10,495
2022,TLE4,West Yorkshire,B (5-9),Mining and quarrying,49,485,15,510
2015,TLE4,West Yorkshire,C (10-33),Manufacturing,6722,101930,8530,112580
2016,TLE4,West Yorkshire,C (10-33),Manufacturing,6609,89795,7515,98465
2017,TLE4,West Yorkshire,C (10-33),Manufacturing,6956,101045,9490,112370
2018,TLE4,West Yorkshire,C (10-33),Manufacturing,7340,105800,10390,116380
2019,TLE4,West Yorkshire,C (10-33),Manufacturing,7341,99815,12135,112660
2020,TLE4,West Yorkshire,C (10-33),Manufacturing,7261,94290,10045,105230
2021,TLE4,West Yorkshire,C (10-33),Manufacturing,7169,104050,13030,117670
2022,TLE4,West Yorkshire,C (10-33),Manufacturing,7658,101230,10655,112470
2015,TLE4,West Yorkshire,D (35),"Electricity, gas, steam and air conditioning supply",1002,5450,395,5450
2016,TLE4,West Yorkshire,D (35),"Electricity, gas, steam and air conditioning supply",934,4570,285,4870
2017,TLE4,West Yorkshire,D (35),"Electricity, gas, steam and air conditioning supply",898,3835,295,4085
2018,TLE4,West Yorkshire,D (35),"Electricity, gas, steam and air conditioning supply",827,4885,585,5660
2019,TLE4,West Yorkshire,D (35),"Electricity, gas, steam and air conditioning supply",1039,4485,440,4735
2020,TLE4,West Yorkshire,D (35),"Electricity, gas, steam and air conditioning supply",605,3955,520,4380
2021,TLE4,West Yorkshire,D (35),"Electricity, gas, steam and air conditioning supply",645,3070,295,3320
2022,TLE4,West Yorkshire,D (35),"Electricity, gas, steam and air conditioning supply",662,2855,405,3055
2015,TLE4,West Yorkshire,E (36-39),Water supply; sewerage and waste management,1017,6140,725,6840
2016,TLE4,West Yorkshire,E (36-39),Water supply; sewerage and waste management,962,8460,790,9210
2017,TLE4,West Yorkshire,E (36-39),Water supply; sewerage and waste management,912,7310,385,7920
2018,TLE4,West Yorkshire,E (36-39),Water supply; sewerage and waste management,902,9005,810,10210
2019,TLE4,West Yorkshire,E (36-39),Water supply; sewerage and waste management,851,8445,380,8550
2020,TLE4,West Yorkshire,E (36-39),Water supply; sewerage and waste management,707,8030,1050,8990
2021,TLE4,West Yorkshire,E (36-39),Water supply; sewerage and waste management,1077,8685,520,8710
2022,TLE4,West Yorkshire,E (36-39),Water supply; sewerage and waste management,1086,8710,1300,9490
2015,TLE4,West Yorkshire,F (41-43),Construction,2872,38900,4585,47490
2016,TLE4,West Yorkshire,F (41-43),Construction,2971,41510,6315,49140
2017,TLE4,West Yorkshire,F (41-43),Construction,3172,41850,5610,49495
2018,TLE4,West Yorkshire,F (41-43),Construction,3424,35660,4670,43005
2019,TLE4,West Yorkshire,F (41-43),Construction,3605,48050,6730,55685
2020,TLE4,West Yorkshire,F (41-43),Construction,2842,41220,9210,53395
2021,TLE4,West Yorkshire,F (41-43),Construction,3417,38130,7255,47070
2022,TLE4,West Yorkshire,F (41-43),Construction,4056,41460,5035,49740
2015,TLE4,West Yorkshire,G (45-47),Wholesale and retail trade; repair of motor vehicles,5379,96375,58970,159560
2016,TLE4,West Yorkshire,G (45-47),Wholesale and retail trade; repair of motor vehicles,5395,99980,63285,169750
2017,TLE4,West Yorkshire,G (45-47),Wholesale and retail trade; repair of motor vehicles,5914,97120,63920,166320
2018,TLE4,West Yorkshire,G (45-47),Wholesale and retail trade; repair of motor vehicles,6438,94040,62425,161660
2019,TLE4,West Yorkshire,G (45-47),Wholesale and retail trade; repair of motor vehicles,6678,95715,63840,164790
2020,TLE4,West Yorkshire,G (45-47),Wholesale and retail trade; repair of motor vehicles,6388,90120,60325,156965
2021,TLE4,West Yorkshire,G (45-47),Wholesale and retail trade; repair of motor vehicles,6772,85650,58465,147275
2022,TLE4,West Yorkshire,G (45-47),Wholesale and retail trade; repair of motor vehicles,7373,99815,65420,168020
2015,TLE4,West Yorkshire,H (49-53),Transportation and storage,2105,39020,8620,49905
2016,TLE4,West Yorkshire,H (49-53),Transportation and storage,2254,43650,9745,52950
2017,TLE4,West Yorkshire,H (49-53),Transportation and storage,2323,46310,9485,57860
2018,TLE4,West Yorkshire,H (49-53),Transportation and storage,2402,46855,11085,59080
2019,TLE4,West Yorkshire,H (49-53),Transportation and storage,2540,44875,9425,54355
2020,TLE4,West Yorkshire,H (49-53),Transportation and storage,2246,42655,9430,55140
2021,TLE4,West Yorkshire,H (49-53),Transportation and storage,2128,44580,12600,58980
2022,TLE4,West Yorkshire,H (49-53),Transportation and storage,2503,45820,10055,57900
2015,TLE4,West Yorkshire,I (55-56),Accommodation and food service activities,1049,21825,36895,61060
2016,TLE4,West Yorkshire,I (55-56),Accommodation and food service activities,1061,19515,34275,56660
2017,TLE4,West Yorkshire,I (55-56),Accommodation and food service activities,1241,22770,42230,66510
2018,TLE4,West Yorkshire,I (55-56),Accommodation and food service activities,1394,23205,43375,69845
2019,TLE4,West Yorkshire,I (55-56),Accommodation and food service activities,1407,21870,39135,63815
2020,TLE4,West Yorkshire,I (55-56),Accommodation and food service activities,886,20165,35160,57675
2021,TLE4,West Yorkshire,I (55-56),Accommodation and food service activities,1131,22795,41575,67630
2022,TLE4,West Yorkshire,I (55-56),Accommodation and food service activities,1496,23980,43270,70085
2015,TLE4,West Yorkshire,J (58-63),Information and communication,2113,22430,4650,27260
2016,TLE4,West Yorkshire,J (58-63),Information and communication,2411,28235,5955,33735
2017,TLE4,West Yorkshire,J (58-63),Information and communication,2534,25965,8295,34935
2018,TLE4,West Yorkshire,J (58-63),Information and communication,2696,33535,6795,39840
2019,TLE4,West Yorkshire,J (58-63),Information and communication,2850,31365,5285,37305
2020,TLE4,West Yorkshire,J (58-63),Information and communication,2501,26955,5515,32860
2021,TLE4,West Yorkshire,J (58-63),Information and communication,3438,34145,6355,41255
2022,TLE4,West Yorkshire,J (58-63),Information and communication,3597,30365,4885,35680
2015,TLE4,West Yorkshire,K (64-66),Financial and insurance activities,4695,38980,8065,47965
2016,TLE4,West Yorkshire,K (64-66),Financial and insurance activities,4654,33445,7255,41605
2017,TLE4,West Yorkshire,K (64-66),Financial and insurance activities,5049,34920,8785,45660
2018,TLE4,West Yorkshire,K (64-66),Financial and insurance activities,5132,36410,8135,45900
2019,TLE4,West Yorkshire,K (64-66),Financial and insurance activities,4953,33980,7915,41890
2020,TLE4,West Yorkshire,K (64-66),Financial and insurance activities,5149,34050,8030,41400
2021,TLE4,West Yorkshire,K (64-66),Financial and insurance activities,5556,32595,7410,40615
2022,TLE4,West Yorkshire,K (64-66),Financial and insurance activities,6262,36080,8110,45065
2015,TLE4,West Yorkshire,M (69-75),"Professional, scientific and technical activities",3034,62725,16670,80975
2016,TLE4,West Yorkshire,M (69-75),"Professional, scientific and technical activities",3192,63875,13095,80225
2017,TLE4,West Yorkshire,M (69-75),"Professional, scientific and technical activities",3431,68970,16390,86500
2018,TLE4,West Yorkshire,M (69-75),"Professional, scientific and technical activities",3562,65510,18360,86290
2019,TLE4,West Yorkshire,M (69-75),"Professional, scientific and technical activities",3613,64375,16745,84900
2020,TLE4,West Yorkshire,M (69-75),"Professional, scientific and technical activities",3764,63465,18025,83875
2021,TLE4,West Yorkshire,M (69-75),"Professional, scientific and technical activities",4199,65220,15115,82515
2022,TLE4,West Yorkshire,M (69-75),"Professional, scientific and technical activities",4518,66115,16050,85995
2015,TLE4,West Yorkshire,N (77-82),Administrative and support service activities,2705,81120,29535,111350
2016,TLE4,West Yorkshire,N (77-82),Administrative and support service activities,2859,67470,36775,105440
2017,TLE4,West Yorkshire,N (77-82),Administrative and support service activities,2840,67150,38835,106490
2018,TLE4,West Yorkshire,N (77-82),Administrative and support service activities,2985,65560,32430,99960
2019,TLE4,West Yorkshire,N (77-82),Administrative and support service activities,2782,59445,36755,96965
2020,TLE4,West Yorkshire,N (77-82),Administrative and support service activities,2499,70030,37835,110205
2021,TLE4,West Yorkshire,N (77-82),Administrative and support service activities,3174,63080,42285,103995
2022,TLE4,West Yorkshire,N (77-82),Administrative and support service activities,3707,67015,46995,115645
2015,TLE4,West Yorkshire,O (84),Public administration and defence,2343,30600,10750,41800
2016,TLE4,West Yorkshire,O (84),Public administration and defence,2286,29850,10600,39800
2017,TLE4,West Yorkshire,O (84),Public administration and defence,2401,30400,10650,40950
2018,TLE4,West Yorkshire,O (84),Public administration and defence,2450,30050,12050,42550
2019,TLE4,West Yorkshire,O (84),Public administration and defence,2594,33200,10860,43300
2020,TLE4,West Yorkshire,O (84),Public administration and defence,2789,32200,11310,44150
2021,TLE4,West Yorkshire,O (84),Public administration and defence,2934,33950,11900,45800
2022,TLE4,West Yorkshire,O (84),Public administration and defence,3222,36440,10950,47300
2015,TLE4,West Yorkshire,P (85),Education,3846,55500,47170,103390
2016,TLE4,West Yorkshire,P (85),Education,3705,54010,46185,101895
2017,TLE4,West Yorkshire,P (85),Education,3636,53315,44235,97950
2018,TLE4,West Yorkshire,P (85),Education,3837,58800,43315,102990
2019,TLE4,West Yorkshire,P (85),Education,3989,56520,42815,99435
2020,TLE4,West Yorkshire,P (85),Education,4143,59575,40285,98935
2021,TLE4,West Yorkshire,P (85),Education,4460,60975,43570,105950
2022,TLE4,West Yorkshire,P (85),Education,4815,59250,40040,100790
2015,TLE4,West Yorkshire,Q (86-88),Human health and social work activities,4403,73550,59650,135950
2016,TLE4,West Yorkshire,Q (86-88),Human health and social work activities,4621,81450,57500,140850
2017,TLE4,West Yorkshire,Q (86-88),Human health and social work activities,4495,76700,53200,132350
2018,TLE4,West Yorkshire,Q (86-88),Human health and social work activities,4784,80500,57150,140500
2019,TLE4,West Yorkshire,Q (86-88),Human health and social work activities,5200,85025,59250,146850
2020,TLE4,West Yorkshire,Q (86-88),Human health and social work activities,5558,85550,56175,141750
2021,TLE4,West Yorkshire,Q (86-88),Human health and social work activities,6174,92475,68600,161000
2022,TLE4,West Yorkshire,Q (86-88),Human health and social work activities,6348,101750,65000,168250
2015,TLE4,West Yorkshire,R (90-93),"Arts, entertainment and recreation",614,11765,13525,25615
2016,TLE4,West Yorkshire,R (90-93),"Arts, entertainment and recreation",637,10000,14320,24365
2017,TLE4,West Yorkshire,R (90-93),"Arts, entertainment and recreation",681,10505,11080,22185
2018,TLE4,West Yorkshire,R (90-93),"Arts, entertainment and recreation",780,10935,12580,24725
2019,TLE4,West Yorkshire,R (90-93),"Arts, entertainment and recreation",768,10025,13275,23600
2020,TLE4,West Yorkshire,R (90-93),"Arts, entertainment and recreation",603,11380,11930,24365
2021,TLE4,West Yorkshire,R (90-93),"Arts, entertainment and recreation",632,9450,11380,22275
2022,TLE4,West Yorkshire,R (90-93),"Arts, entertainment and recreation",705,9320,13490,23025
2015,TLE4,West Yorkshire,S (94-96),Other service activities,762,8130,6945,16050
2016,TLE4,West Yorkshire,S (94-96),Other service activities,809,10050,8590,20175
2017,TLE4,West Yorkshire,S (94-96),Other service activities,900,7890,7195,15815
2018,TLE4,West Yorkshire,S (94-96),Other service activities,958,8520,6425,16220
2019,TLE4,West Yorkshire,S (94-96),Other service activities,943,12835,9295,24075
2020,TLE4,West Yorkshire,S (94-96),Other service activities,925,9605,6955,17875
2021,TLE4,West Yorkshire,S (94-96),Other service activities,1047,13370,10025,25320
2022,TLE4,West Yorkshire,S (94-96),Other service activities,1195,9295,7565,18110
2015,TLE4,West Yorkshire,T (97-98),Activities of households,39,0,0,0
2016,TLE4,West Yorkshire,T (97-98),Activities of households,34,0,0,0
2017,TLE4,West Yorkshire,T (97-98),Activities of households,44,0,0,0
2018,TLE4,West Yorkshire,T (97-98),Activities of households,50,0,0,0
2019,TLE4,West Yorkshire,T (97-98),Activities of households,53,0,0,0
2020,TLE4,West Yorkshire,T (97-98),Activities of households,50,0,0,0
2021,TLE4,West Yorkshire,T (97-98),Activities of households,52,0,0,0
2022,TLE4,West Yorkshire,T (97-98),Activities of households,63,0,0,0
2015,TLF1,Derbyshire and Nottinghamshire,A (1-3),"Agriculture, forestry and fishing",293,3430,1040,12270
2016,TLF1,Derbyshire and Nottinghamshire,A (1-3),"Agriculture, forestry and fishing",269,3130,960,12105
2017,TLF1,Derbyshire and Nottinghamshire,A (1-3),"Agriculture, forestry and fishing",294,3915,1340,13135
2018,TLF1,Derbyshire and Nottinghamshire,A (1-3),"Agriculture, forestry and fishing",283,3065,1285,12210
2019,TLF1,Derbyshire and Nottinghamshire,A (1-3),"Agriculture, forestry and fishing",307,3830,835,12450
2020,TLF1,Derbyshire and Nottinghamshire,A (1-3),"Agriculture, forestry and fishing",311,4435,1185,13580
2021,TLF1,Derbyshire and Nottinghamshire,A (1-3),"Agriculture, forestry and fishing",359,2730,1090,11935
2022,TLF1,Derbyshire and Nottinghamshire,A (1-3),"Agriculture, forestry and fishing",413,3270,965,12130
2015,TLF1,Derbyshire and Nottinghamshire,B (5-9),Mining and quarrying,139,1740,480,2265
2016,TLF1,Derbyshire and Nottinghamshire,B (5-9),Mining and quarrying,111,1510,55,1520
2017,TLF1,Derbyshire and Nottinghamshire,B (5-9),Mining and quarrying,120,1445,40,1475
2018,TLF1,Derbyshire and Nottinghamshire,B (5-9),Mining and quarrying,135,1305,60,1355
2019,TLF1,Derbyshire and Nottinghamshire,B (5-9),Mining and quarrying,154,1575,75,1705
2020,TLF1,Derbyshire and Nottinghamshire,B (5-9),Mining and quarrying,158,1315,65,1325
2021,TLF1,Derbyshire and Nottinghamshire,B (5-9),Mining and quarrying,147,1430,70,1490
2022,TLF1,Derbyshire and Nottinghamshire,B (5-9),Mining and quarrying,173,1710,55,1710
2015,TLF1,Derbyshire and Nottinghamshire,C (10-33),Manufacturing,8011,117050,9180,127560
2016,TLF1,Derbyshire and Nottinghamshire,C (10-33),Manufacturing,8011,114735,11220,125875
2017,TLF1,Derbyshire and Nottinghamshire,C (10-33),Manufacturing,7941,123290,11265,135835
2018,TLF1,Derbyshire and Nottinghamshire,C (10-33),Manufacturing,8460,117795,9690,128245
2019,TLF1,Derbyshire and Nottinghamshire,C (10-33),Manufacturing,9321,117710,9685,127830
2020,TLF1,Derbyshire and Nottinghamshire,C (10-33),Manufacturing,9771,111115,10345,121935
2021,TLF1,Derbyshire and Nottinghamshire,C (10-33),Manufacturing,10357,103580,10695,114485
2022,TLF1,Derbyshire and Nottinghamshire,C (10-33),Manufacturing,10151,101795,9480,113395
2015,TLF1,Derbyshire and Nottinghamshire,D (35),"Electricity, gas, steam and air conditioning supply",1209,6745,635,7745
2016,TLF1,Derbyshire and Nottinghamshire,D (35),"Electricity, gas, steam and air conditioning supply",1055,5740,635,6250
2017,TLF1,Derbyshire and Nottinghamshire,D (35),"Electricity, gas, steam and air conditioning supply",1099,7385,630,7635
2018,TLF1,Derbyshire and Nottinghamshire,D (35),"Electricity, gas, steam and air conditioning supply",977,6445,730,7695
2019,TLF1,Derbyshire and Nottinghamshire,D (35),"Electricity, gas, steam and air conditioning supply",1099,6040,795,6865
2020,TLF1,Derbyshire and Nottinghamshire,D (35),"Electricity, gas, steam and air conditioning supply",990,5440,695,6470
2021,TLF1,Derbyshire and Nottinghamshire,D (35),"Electricity, gas, steam and air conditioning supply",457,8485,840,9965
2022,TLF1,Derbyshire and Nottinghamshire,D (35),"Electricity, gas, steam and air conditioning supply",473,5665,465,6340
2015,TLF1,Derbyshire and Nottinghamshire,E (36-39),Water supply; sewerage and waste management,523,5335,480,5845
2016,TLF1,Derbyshire and Nottinghamshire,E (36-39),Water supply; sewerage and waste management,545,4700,520,5550
2017,TLF1,Derbyshire and Nottinghamshire,E (36-39),Water supply; sewerage and waste management,548,5590,565,6390
2018,TLF1,Derbyshire and Nottinghamshire,E (36-39),Water supply; sewerage and waste management,583,6295,525,7045
2019,TLF1,Derbyshire and Nottinghamshire,E (36-39),Water supply; sewerage and waste management,559,6575,215,6675
2020,TLF1,Derbyshire and Nottinghamshire,E (36-39),Water supply; sewerage and waste management,481,5115,450,5365
2021,TLF1,Derbyshire and Nottinghamshire,E (36-39),Water supply; sewerage and waste management,558,5260,480,5515
2022,TLF1,Derbyshire and Nottinghamshire,E (36-39),Water supply; sewerage and waste management,643,5175,600,5875
2015,TLF1,Derbyshire and Nottinghamshire,F (41-43),Construction,2886,41790,6165,51105
2016,TLF1,Derbyshire and Nottinghamshire,F (41-43),Construction,3016,44195,6360,51205
2017,TLF1,Derbyshire and Nottinghamshire,F (41-43),Construction,3124,35830,7450,47105
2018,TLF1,Derbyshire and Nottinghamshire,F (41-43),Construction,3194,35865,7940,48790
2019,TLF1,Derbyshire and Nottinghamshire,F (41-43),Construction,3354,40025,6565,49560
2020,TLF1,Derbyshire and Nottinghamshire,F (41-43),Construction,3239,38190,6390,46625
2021,TLF1,Derbyshire and Nottinghamshire,F (41-43),Construction,3550,39455,7340,50740
2022,TLF1,Derbyshire and Nottinghamshire,F (41-43),Construction,4039,47430,8070,59290
2015,TLF1,Derbyshire and Nottinghamshire,G (45-47),Wholesale and retail trade; repair of motor vehicles,5504,87390,64910,160405
2016,TLF1,Derbyshire and Nottinghamshire,G (45-47),Wholesale and retail trade; repair of motor vehicles,5481,91625,63320,161570
2017,TLF1,Derbyshire and Nottinghamshire,G (45-47),Wholesale and retail trade; repair of motor vehicles,5885,83900,61675,150420
2018,TLF1,Derbyshire and Nottinghamshire,G (45-47),Wholesale and retail trade; repair of motor vehicles,6116,89955,60360,156905
2019,TLF1,Derbyshire and Nottinghamshire,G (45-47),Wholesale and retail trade; repair of motor vehicles,5931,85495,61575,155450
2020,TLF1,Derbyshire and Nottinghamshire,G (45-47),Wholesale and retail trade; repair of motor vehicles,6199,82860,60055,149845
2021,TLF1,Derbyshire and Nottinghamshire,G (45-47),Wholesale and retail trade; repair of motor vehicles,6425,81800,63695,150800
2022,TLF1,Derbyshire and Nottinghamshire,G (45-47),Wholesale and retail trade; repair of motor vehicles,6596,84965,58410,148375
2015,TLF1,Derbyshire and Nottinghamshire,H (49-53),Transportation and storage,1665,31545,5485,38100
2016,TLF1,Derbyshire and Nottinghamshire,H (49-53),Transportation and storage,1780,33215,5270,39000
2017,TLF1,Derbyshire and Nottinghamshire,H (49-53),Transportation and storage,1731,34245,6855,42630
2018,TLF1,Derbyshire and Nottinghamshire,H (49-53),Transportation and storage,1805,34900,5735,42220
2019,TLF1,Derbyshire and Nottinghamshire,H (49-53),Transportation and storage,2048,38215,8255,46715
2020,TLF1,Derbyshire and Nottinghamshire,H (49-53),Transportation and storage,2059,39800,7120,50120
2021,TLF1,Derbyshire and Nottinghamshire,H (49-53),Transportation and storage,1980,40150,7140,50860
2022,TLF1,Derbyshire and Nottinghamshire,H (49-53),Transportation and storage,2225,44035,9180,53085
2015,TLF1,Derbyshire and Nottinghamshire,I (55-56),Accommodation and food service activities,1076,19200,32650,56950
2016,TLF1,Derbyshire and Nottinghamshire,I (55-56),Accommodation and food service activities,1206,26150,42500,70650
2017,TLF1,Derbyshire and Nottinghamshire,I (55-56),Accommodation and food service activities,1354,25200,39900,67100
2018,TLF1,Derbyshire and Nottinghamshire,I (55-56),Accommodation and food service activities,1371,24325,41600,68100
2019,TLF1,Derbyshire and Nottinghamshire,I (55-56),Accommodation and food service activities,1321,22625,40600,68300
2020,TLF1,Derbyshire and Nottinghamshire,I (55-56),Accommodation and food service activities,896,22425,39200,64100
2021,TLF1,Derbyshire and Nottinghamshire,I (55-56),Accommodation and food service activities,1199,25375,41650,70450
2022,TLF1,Derbyshire and Nottinghamshire,I (55-56),Accommodation and food service activities,1620,25250,51675,80550
2015,TLF1,Derbyshire and Nottinghamshire,J (58-63),Information and communication,1749,21150,2875,24825
2016,TLF1,Derbyshire and Nottinghamshire,J (58-63),Information and communication,1868,21295,3475,25035
2017,TLF1,Derbyshire and Nottinghamshire,J (58-63),Information and communication,1932,25475,4250,30450
2018,TLF1,Derbyshire and Nottinghamshire,J (58-63),Information and communication,2000,26020,4865,30320
2019,TLF1,Derbyshire and Nottinghamshire,J (58-63),Information and communication,1827,21930,3820,25970
2020,TLF1,Derbyshire and Nottinghamshire,J (58-63),Information and communication,1816,25110,7315,32670
2021,TLF1,Derbyshire and Nottinghamshire,J (58-63),Information and communication,2263,28310,4465,33225
2022,TLF1,Derbyshire and Nottinghamshire,J (58-63),Information and communication,2368,25530,3855,30250
2015,TLF1,Derbyshire and Nottinghamshire,K (64-66),Financial and insurance activities,1164,8930,3120,12830
2016,TLF1,Derbyshire and Nottinghamshire,K (64-66),Financial and insurance activities,1105,7580,2550,10655
2017,TLF1,Derbyshire and Nottinghamshire,K (64-66),Financial and insurance activities,1274,9945,2560,12060
2018,TLF1,Derbyshire and Nottinghamshire,K (64-66),Financial and insurance activities,1234,9170,3000,12765
2019,TLF1,Derbyshire and Nottinghamshire,K (64-66),Financial and insurance activities,1321,10180,2740,13040
2020,TLF1,Derbyshire and Nottinghamshire,K (64-66),Financial and insurance activities,1190,8715,2480,11820
2021,TLF1,Derbyshire and Nottinghamshire,K (64-66),Financial and insurance activities,1485,10750,3390,13495
2022,TLF1,Derbyshire and Nottinghamshire,K (64-66),Financial and insurance activities,1651,11190,2855,13710
2015,TLF1,Derbyshire and Nottinghamshire,M (69-75),"Professional, scientific and technical activities",2208,40910,11325,56590
2016,TLF1,Derbyshire and Nottinghamshire,M (69-75),"Professional, scientific and technical activities",2434,44570,11695,59005
2017,TLF1,Derbyshire and Nottinghamshire,M (69-75),"Professional, scientific and technical activities",2505,42530,13335,57545
2018,TLF1,Derbyshire and Nottinghamshire,M (69-75),"Professional, scientific and technical activities",2661,46340,11960,59125
2019,TLF1,Derbyshire and Nottinghamshire,M (69-75),"Professional, scientific and technical activities",2886,50990,19170,72225
2020,TLF1,Derbyshire and Nottinghamshire,M (69-75),"Professional, scientific and technical activities",2753,50295,16215,67925
2021,TLF1,Derbyshire and Nottinghamshire,M (69-75),"Professional, scientific and technical activities",3022,46925,19415,68440
2022,TLF1,Derbyshire and Nottinghamshire,M (69-75),"Professional, scientific and technical activities",3523,50225,15795,67700
2015,TLF1,Derbyshire and Nottinghamshire,N (77-82),Administrative and support service activities,2236,72525,34145,106740
2016,TLF1,Derbyshire and Nottinghamshire,N (77-82),Administrative and support service activities,2274,63455,33500,97050
2017,TLF1,Derbyshire and Nottinghamshire,N (77-82),Administrative and support service activities,2338,45275,21765,69025
2018,TLF1,Derbyshire and Nottinghamshire,N (77-82),Administrative and support service activities,2286,45730,22705,68535
2019,TLF1,Derbyshire and Nottinghamshire,N (77-82),Administrative and support service activities,2285,47775,26170,75285
2020,TLF1,Derbyshire and Nottinghamshire,N (77-82),Administrative and support service activities,2110,35995,21245,57715
2021,TLF1,Derbyshire and Nottinghamshire,N (77-82),Administrative and support service activities,2302,43570,22545,68575
2022,TLF1,Derbyshire and Nottinghamshire,N (77-82),Administrative and support service activities,2685,54035,27170,82835
2015,TLF1,Derbyshire and Nottinghamshire,O (84),Public administration and defence,1899,26800,10950,37600
2016,TLF1,Derbyshire and Nottinghamshire,O (84),Public administration and defence,1947,28200,12125,40100
2017,TLF1,Derbyshire and Nottinghamshire,O (84),Public administration and defence,1919,26050,11800,36700
2018,TLF1,Derbyshire and Nottinghamshire,O (84),Public administration and defence,1928,24700,10750,36350
2019,TLF1,Derbyshire and Nottinghamshire,O (84),Public administration and defence,2115,27400,10200,37400
2020,TLF1,Derbyshire and Nottinghamshire,O (84),Public administration and defence,2261,28550,10175,39450
2021,TLF1,Derbyshire and Nottinghamshire,O (84),Public administration and defence,2471,32250,9975,42050
2022,TLF1,Derbyshire and Nottinghamshire,O (84),Public administration and defence,2513,32250,8740,42300
2015,TLF1,Derbyshire and Nottinghamshire,P (85),Education,3043,45470,40695,88715
2016,TLF1,Derbyshire and Nottinghamshire,P (85),Education,3032,44085,40185,83550
2017,TLF1,Derbyshire and Nottinghamshire,P (85),Education,3131,46115,39025,83955
2018,TLF1,Derbyshire and Nottinghamshire,P (85),Education,3353,49620,39465,88815
2019,TLF1,Derbyshire and Nottinghamshire,P (85),Education,3588,45595,41465,86860
2020,TLF1,Derbyshire and Nottinghamshire,P (85),Education,3470,44070,40445,85365
2021,TLF1,Derbyshire and Nottinghamshire,P (85),Education,3706,43695,40790,86485
2022,TLF1,Derbyshire and Nottinghamshire,P (85),Education,4189,45555,40235,87095
2015,TLF1,Derbyshire and Nottinghamshire,Q (86-88),Human health and social work activities,4202,68350,54625,124100
2016,TLF1,Derbyshire and Nottinghamshire,Q (86-88),Human health and social work activities,4576,71700,58600,134950
2017,TLF1,Derbyshire and Nottinghamshire,Q (86-88),Human health and social work activities,4619,77450,60500,141050
2018,TLF1,Derbyshire and Nottinghamshire,Q (86-88),Human health and social work activities,4890,72900,56550,133500
2019,TLF1,Derbyshire and Nottinghamshire,Q (86-88),Human health and social work activities,4989,67300,54400,123100
2020,TLF1,Derbyshire and Nottinghamshire,Q (86-88),Human health and social work activities,5504,72900,60300,135750
2021,TLF1,Derbyshire and Nottinghamshire,Q (86-88),Human health and social work activities,5685,74750,63900,139700
2022,TLF1,Derbyshire and Nottinghamshire,Q (86-88),Human health and social work activities,5340,81800,60950,144250
2015,TLF1,Derbyshire and Nottinghamshire,R (90-93),"Arts, entertainment and recreation",514,8975,8980,18960
2016,TLF1,Derbyshire and Nottinghamshire,R (90-93),"Arts, entertainment and recreation",499,10095,10085,19850
2017,TLF1,Derbyshire and Nottinghamshire,R (90-93),"Arts, entertainment and recreation",527,6925,11445,18835
2018,TLF1,Derbyshire and Nottinghamshire,R (90-93),"Arts, entertainment and recreation",565,11360,12570,26025
2019,TLF1,Derbyshire and Nottinghamshire,R (90-93),"Arts, entertainment and recreation",522,8735,13115,24670
2020,TLF1,Derbyshire and Nottinghamshire,R (90-93),"Arts, entertainment and recreation",438,6735,12765,25075
2021,TLF1,Derbyshire and Nottinghamshire,R (90-93),"Arts, entertainment and recreation",458,9980,11565,26065
2022,TLF1,Derbyshire and Nottinghamshire,R (90-93),"Arts, entertainment and recreation",505,7575,13310,23960
2015,TLF1,Derbyshire and Nottinghamshire,S (94-96),Other service activities,733,9955,5715,17585
2016,TLF1,Derbyshire and Nottinghamshire,S (94-96),Other service activities,813,8155,6490,15590
2017,TLF1,Derbyshire and Nottinghamshire,S (94-96),Other service activities,914,6925,6460,14645
2018,TLF1,Derbyshire and Nottinghamshire,S (94-96),Other service activities,993,10440,7065,18055
2019,TLF1,Derbyshire and Nottinghamshire,S (94-96),Other service activities,928,9885,7150,18450
2020,TLF1,Derbyshire and Nottinghamshire,S (94-96),Other service activities,903,8105,5445,14725
2021,TLF1,Derbyshire and Nottinghamshire,S (94-96),Other service activities,911,9125,6120,15510
2022,TLF1,Derbyshire and Nottinghamshire,S (94-96),Other service activities,1072,7380,4995,13465
2015,TLF1,Derbyshire and Nottinghamshire,T (97-98),Activities of households,46,0,0,0
2016,TLF1,Derbyshire and Nottinghamshire,T (97-98),Activities of households,72,0,0,0
2017,TLF1,Derbyshire and Nottinghamshire,T (97-98),Activities of households,54,0,0,0
2018,TLF1,Derbyshire and Nottinghamshire,T (97-98),Activities of households,60,0,0,0
2019,TLF1,Derbyshire and Nottinghamshire,T (97-98),Activities of households,69,0,0,0
2020,TLF1,Derbyshire and Nottinghamshire,T (97-98),Activities of households,55,0,0,0
2021,TLF1,Derbyshire and Nottinghamshire,T (97-98),Activities of households,81,0,0,0
2022,TLF1,Derbyshire and Nottinghamshire,T (97-98),Activities of households,70,0,0,0
2015,TLF2,"Leicestershire, Rutland and Northamptonshire",A (1-3),"Agriculture, forestry and fishing",307,3255,1080,11105
2016,TLF2,"Leicestershire, Rutland and Northamptonshire",A (1-3),"Agriculture, forestry and fishing",270,3560,1010,10980
2017,TLF2,"Leicestershire, Rutland and Northamptonshire",A (1-3),"Agriculture, forestry and fishing",285,4235,1450,11835
2018,TLF2,"Leicestershire, Rutland and Northamptonshire",A (1-3),"Agriculture, forestry and fishing",301,3520,1395,11200
2019,TLF2,"Leicestershire, Rutland and Northamptonshire",A (1-3),"Agriculture, forestry and fishing",318,4265,925,11475
2020,TLF2,"Leicestershire, Rutland and Northamptonshire",A (1-3),"Agriculture, forestry and fishing",282,4605,1280,12940
2021,TLF2,"Leicestershire, Rutland and Northamptonshire",A (1-3),"Agriculture, forestry and fishing",388,2730,1125,10830
2022,TLF2,"Leicestershire, Rutland and Northamptonshire",A (1-3),"Agriculture, forestry and fishing",490,3355,1075,11165
2015,TLF2,"Leicestershire, Rutland and Northamptonshire",B (5-9),Mining and quarrying,164,2510,280,2895
2016,TLF2,"Leicestershire, Rutland and Northamptonshire",B (5-9),Mining and quarrying,156,2135,100,2385
2017,TLF2,"Leicestershire, Rutland and Northamptonshire",B (5-9),Mining and quarrying,172,2175,100,2425
2018,TLF2,"Leicestershire, Rutland and Northamptonshire",B (5-9),Mining and quarrying,215,2130,100,2115
2019,TLF2,"Leicestershire, Rutland and Northamptonshire",B (5-9),Mining and quarrying,231,1930,60,1930
2020,TLF2,"Leicestershire, Rutland and Northamptonshire",B (5-9),Mining and quarrying,182,1865,50,1865
2021,TLF2,"Leicestershire, Rutland and Northamptonshire",B (5-9),Mining and quarrying,242,1905,105,1905
2022,TLF2,"Leicestershire, Rutland and Northamptonshire",B (5-9),Mining and quarrying,274,2330,100,2330
2015,TLF2,"Leicestershire, Rutland and Northamptonshire",C (10-33),Manufacturing,6693,94580,9070,105270
2016,TLF2,"Leicestershire, Rutland and Northamptonshire",C (10-33),Manufacturing,6630,93920,12525,107210
2017,TLF2,"Leicestershire, Rutland and Northamptonshire",C (10-33),Manufacturing,6940,99925,11195,112635
2018,TLF2,"Leicestershire, Rutland and Northamptonshire",C (10-33),Manufacturing,7296,91400,9625,103320
2019,TLF2,"Leicestershire, Rutland and Northamptonshire",C (10-33),Manufacturing,7573,94320,11565,106350
2020,TLF2,"Leicestershire, Rutland and Northamptonshire",C (10-33),Manufacturing,6945,84930,10820,96280
2021,TLF2,"Leicestershire, Rutland and Northamptonshire",C (10-33),Manufacturing,7539,90165,9480,100670
2022,TLF2,"Leicestershire, Rutland and Northamptonshire",C (10-33),Manufacturing,8153,86200,10065,96425
2015,TLF2,"Leicestershire, Rutland and Northamptonshire",D (35),"Electricity, gas, steam and air conditioning supply",1590,8775,810,9075
2016,TLF2,"Leicestershire, Rutland and Northamptonshire",D (35),"Electricity, gas, steam and air conditioning supply",1424,7360,675,8135
2017,TLF2,"Leicestershire, Rutland and Northamptonshire",D (35),"Electricity, gas, steam and air conditioning supply",1397,9210,860,9715
2018,TLF2,"Leicestershire, Rutland and Northamptonshire",D (35),"Electricity, gas, steam and air conditioning supply",1232,6945,885,7695
2019,TLF2,"Leicestershire, Rutland and Northamptonshire",D (35),"Electricity, gas, steam and air conditioning supply",1249,5750,840,6750
2020,TLF2,"Leicestershire, Rutland and Northamptonshire",D (35),"Electricity, gas, steam and air conditioning supply",1149,5360,545,5860
2021,TLF2,"Leicestershire, Rutland and Northamptonshire",D (35),"Electricity, gas, steam and air conditioning supply",735,5185,635,5935
2022,TLF2,"Leicestershire, Rutland and Northamptonshire",D (35),"Electricity, gas, steam and air conditioning supply",762,5100,725,5650
2015,TLF2,"Leicestershire, Rutland and Northamptonshire",E (36-39),Water supply; sewerage and waste management,410,4280,230,4330
2016,TLF2,"Leicestershire, Rutland and Northamptonshire",E (36-39),Water supply; sewerage and waste management,453,3950,315,4250
2017,TLF2,"Leicestershire, Rutland and Northamptonshire",E (36-39),Water supply; sewerage and waste management,468,4570,360,5115
2018,TLF2,"Leicestershire, Rutland and Northamptonshire",E (36-39),Water supply; sewerage and waste management,464,4530,305,4830
2019,TLF2,"Leicestershire, Rutland and Northamptonshire",E (36-39),Water supply; sewerage and waste management,441,4235,190,4590
2020,TLF2,"Leicestershire, Rutland and Northamptonshire",E (36-39),Water supply; sewerage and waste management,360,3850,265,3955
2021,TLF2,"Leicestershire, Rutland and Northamptonshire",E (36-39),Water supply; sewerage and waste management,440,4420,440,4625
2022,TLF2,"Leicestershire, Rutland and Northamptonshire",E (36-39),Water supply; sewerage and waste management,451,3915,480,4165
2015,TLF2,"Leicestershire, Rutland and Northamptonshire",F (41-43),Construction,2924,33365,4625,40940
2016,TLF2,"Leicestershire, Rutland and Northamptonshire",F (41-43),Construction,2935,32975,4645,38595
2017,TLF2,"Leicestershire, Rutland and Northamptonshire",F (41-43),Construction,3117,27985,5955,36895
2018,TLF2,"Leicestershire, Rutland and Northamptonshire",F (41-43),Construction,3432,28155,6200,38940
2019,TLF2,"Leicestershire, Rutland and Northamptonshire",F (41-43),Construction,3661,32455,5180,38345
2020,TLF2,"Leicestershire, Rutland and Northamptonshire",F (41-43),Construction,2852,30070,5205,37580
2021,TLF2,"Leicestershire, Rutland and Northamptonshire",F (41-43),Construction,3523,30300,5900,38630
2022,TLF2,"Leicestershire, Rutland and Northamptonshire",F (41-43),Construction,4210,37370,7200,47930
2015,TLF2,"Leicestershire, Rutland and Northamptonshire",G (45-47),Wholesale and retail trade; repair of motor vehicles,5216,82465,53270,141350
2016,TLF2,"Leicestershire, Rutland and Northamptonshire",G (45-47),Wholesale and retail trade; repair of motor vehicles,5269,91370,51700,145855
2017,TLF2,"Leicestershire, Rutland and Northamptonshire",G (45-47),Wholesale and retail trade; repair of motor vehicles,5441,86270,49575,137875
2018,TLF2,"Leicestershire, Rutland and Northamptonshire",G (45-47),Wholesale and retail trade; repair of motor vehicles,5472,92245,50630,147535
2019,TLF2,"Leicestershire, Rutland and Northamptonshire",G (45-47),Wholesale and retail trade; repair of motor vehicles,5480,92580,51670,150030
2020,TLF2,"Leicestershire, Rutland and Northamptonshire",G (45-47),Wholesale and retail trade; repair of motor vehicles,5236,87690,51520,146700
2021,TLF2,"Leicestershire, Rutland and Northamptonshire",G (45-47),Wholesale and retail trade; repair of motor vehicles,6147,91450,54735,152525
2022,TLF2,"Leicestershire, Rutland and Northamptonshire",G (45-47),Wholesale and retail trade; repair of motor vehicles,6470,90210,51225,143585
2015,TLF2,"Leicestershire, Rutland and Northamptonshire",H (49-53),Transportation and storage,2120,47255,7385,54715
2016,TLF2,"Leicestershire, Rutland and Northamptonshire",H (49-53),Transportation and storage,2166,51720,6935,59345
2017,TLF2,"Leicestershire, Rutland and Northamptonshire",H (49-53),Transportation and storage,2331,53290,8510,63110
2018,TLF2,"Leicestershire, Rutland and Northamptonshire",H (49-53),Transportation and storage,2502,52295,7830,61125
2019,TLF2,"Leicestershire, Rutland and Northamptonshire",H (49-53),Transportation and storage,2655,56565,12445,70600
2020,TLF2,"Leicestershire, Rutland and Northamptonshire",H (49-53),Transportation and storage,2781,71490,12225,86180
2021,TLF2,"Leicestershire, Rutland and Northamptonshire",H (49-53),Transportation and storage,3004,60310,14845,77430
2022,TLF2,"Leicestershire, Rutland and Northamptonshire",H (49-53),Transportation and storage,3201,68455,9460,77260
2015,TLF2,"Leicestershire, Rutland and Northamptonshire",I (55-56),Accommodation and food service activities,875,14960,25960,43610
2016,TLF2,"Leicestershire, Rutland and Northamptonshire",I (55-56),Accommodation and food service activities,1012,20645,34985,55960
2017,TLF2,"Leicestershire, Rutland and Northamptonshire",I (55-56),Accommodation and food service activities,961,20645,31630,55290
2018,TLF2,"Leicestershire, Rutland and Northamptonshire",I (55-56),Accommodation and food service activities,1014,19490,32605,52000
2019,TLF2,"Leicestershire, Rutland and Northamptonshire",I (55-56),Accommodation and food service activities,1089,18690,31775,51115
2020,TLF2,"Leicestershire, Rutland and Northamptonshire",I (55-56),Accommodation and food service activities,776,16010,30755,46045
2021,TLF2,"Leicestershire, Rutland and Northamptonshire",I (55-56),Accommodation and food service activities,965,17850,30640,50175
2022,TLF2,"Leicestershire, Rutland and Northamptonshire",I (55-56),Accommodation and food service activities,1380,19250,37965,59100
2015,TLF2,"Leicestershire, Rutland and Northamptonshire",J (58-63),Information and communication,1014,13265,2245,16440
2016,TLF2,"Leicestershire, Rutland and Northamptonshire",J (58-63),Information and communication,1180,12805,2905,16060
2017,TLF2,"Leicestershire, Rutland and Northamptonshire",J (58-63),Information and communication,1102,19400,3735,22280
2018,TLF2,"Leicestershire, Rutland and Northamptonshire",J (58-63),Information and communication,1276,17830,4335,21955
2019,TLF2,"Leicestershire, Rutland and Northamptonshire",J (58-63),Information and communication,1333,15550,2840,18520
2020,TLF2,"Leicestershire, Rutland and Northamptonshire",J (58-63),Information and communication,1250,17480,6750,24450
2021,TLF2,"Leicestershire, Rutland and Northamptonshire",J (58-63),Information and communication,1807,20300,3685,23965
2022,TLF2,"Leicestershire, Rutland and Northamptonshire",J (58-63),Information and communication,1967,19735,3210,23485
2015,TLF2,"Leicestershire, Rutland and Northamptonshire",K (64-66),Financial and insurance activities,2119,16190,4070,19890
2016,TLF2,"Leicestershire, Rutland and Northamptonshire",K (64-66),Financial and insurance activities,2069,14420,3620,18180
2017,TLF2,"Leicestershire, Rutland and Northamptonshire",K (64-66),Financial and insurance activities,2166,15990,4345,21195
2018,TLF2,"Leicestershire, Rutland and Northamptonshire",K (64-66),Financial and insurance activities,2286,15525,4830,20570
2019,TLF2,"Leicestershire, Rutland and Northamptonshire",K (64-66),Financial and insurance activities,2289,16765,4475,21605
2020,TLF2,"Leicestershire, Rutland and Northamptonshire",K (64-66),Financial and insurance activities,2491,15675,4660,19810
2021,TLF2,"Leicestershire, Rutland and Northamptonshire",K (64-66),Financial and insurance activities,2604,17950,5020,23800
2022,TLF2,"Leicestershire, Rutland and Northamptonshire",K (64-66),Financial and insurance activities,2818,15320,3735,19505
2015,TLF2,"Leicestershire, Rutland and Northamptonshire",M (69-75),"Professional, scientific and technical activities",2165,45840,11000,60570
2016,TLF2,"Leicestershire, Rutland and Northamptonshire",M (69-75),"Professional, scientific and technical activities",2378,50920,12260,66460
2017,TLF2,"Leicestershire, Rutland and Northamptonshire",M (69-75),"Professional, scientific and technical activities",2566,49155,13100,67190
2018,TLF2,"Leicestershire, Rutland and Northamptonshire",M (69-75),"Professional, scientific and technical activities",2693,49675,11255,63770
2019,TLF2,"Leicestershire, Rutland and Northamptonshire",M (69-75),"Professional, scientific and technical activities",2767,55390,17690,74935
2020,TLF2,"Leicestershire, Rutland and Northamptonshire",M (69-75),"Professional, scientific and technical activities",2834,55400,14510,71020
2021,TLF2,"Leicestershire, Rutland and Northamptonshire",M (69-75),"Professional, scientific and technical activities",3222,51785,16565,71300
2022,TLF2,"Leicestershire, Rutland and Northamptonshire",M (69-75),"Professional, scientific and technical activities",3687,56180,13650,71335
2015,TLF2,"Leicestershire, Rutland and Northamptonshire",N (77-82),Administrative and support service activities,2115,54455,22830,78610
2016,TLF2,"Leicestershire, Rutland and Northamptonshire",N (77-82),Administrative and support service activities,2244,50330,24900,75710
2017,TLF2,"Leicestershire, Rutland and Northamptonshire",N (77-82),Administrative and support service activities,2283,61975,22880,83265
2018,TLF2,"Leicestershire, Rutland and Northamptonshire",N (77-82),Administrative and support service activities,2484,55715,24495,81585
2019,TLF2,"Leicestershire, Rutland and Northamptonshire",N (77-82),Administrative and support service activities,2345,51880,22170,75410
2020,TLF2,"Leicestershire, Rutland and Northamptonshire",N (77-82),Administrative and support service activities,2038,42670,20800,66060
2021,TLF2,"Leicestershire, Rutland and Northamptonshire",N (77-82),Administrative and support service activities,2282,55545,24355,81610
2022,TLF2,"Leicestershire, Rutland and Northamptonshire",N (77-82),Administrative and support service activities,2635,57995,27390,85550
2015,TLF2,"Leicestershire, Rutland and Northamptonshire",O (84),Public administration and defence,1447,20550,7270,28800
2016,TLF2,"Leicestershire, Rutland and Northamptonshire",O (84),Public administration and defence,1571,21600,7230,29150
2017,TLF2,"Leicestershire, Rutland and Northamptonshire",O (84),Public administration and defence,1535,20250,8115,28750
2018,TLF2,"Leicestershire, Rutland and Northamptonshire",O (84),Public administration and defence,1618,22400,8450,30850
2019,TLF2,"Leicestershire, Rutland and Northamptonshire",O (84),Public administration and defence,1678,22450,8450,30700
2020,TLF2,"Leicestershire, Rutland and Northamptonshire",O (84),Public administration and defence,1674,20950,7375,28700
2021,TLF2,"Leicestershire, Rutland and Northamptonshire",O (84),Public administration and defence,1997,23700,8750,32450
2022,TLF2,"Leicestershire, Rutland and Northamptonshire",O (84),Public administration and defence,2177,26700,8150,35100
2015,TLF2,"Leicestershire, Rutland and Northamptonshire",P (85),Education,2824,39250,36100,75025
2016,TLF2,"Leicestershire, Rutland and Northamptonshire",P (85),Education,2839,34940,36990,73080
2017,TLF2,"Leicestershire, Rutland and Northamptonshire",P (85),Education,2950,35845,36615,72560
2018,TLF2,"Leicestershire, Rutland and Northamptonshire",P (85),Education,3112,41145,35340,76235
2019,TLF2,"Leicestershire, Rutland and Northamptonshire",P (85),Education,3267,42740,36985,78730
2020,TLF2,"Leicestershire, Rutland and Northamptonshire",P (85),Education,3453,41365,35910,78275
2021,TLF2,"Leicestershire, Rutland and Northamptonshire",P (85),Education,3466,42265,37085,77900
2022,TLF2,"Leicestershire, Rutland and Northamptonshire",P (85),Education,3667,42740,32035,74350
2015,TLF2,"Leicestershire, Rutland and Northamptonshire",Q (86-88),Human health and social work activities,3000,51800,39775,93600
2016,TLF2,"Leicestershire, Rutland and Northamptonshire",Q (86-88),Human health and social work activities,3318,51425,44350,96700
2017,TLF2,"Leicestershire, Rutland and Northamptonshire",Q (86-88),Human health and social work activities,3275,58300,43625,101650
2018,TLF2,"Leicestershire, Rutland and Northamptonshire",Q (86-88),Human health and social work activities,3317,53625,43025,97850
2019,TLF2,"Leicestershire, Rutland and Northamptonshire",Q (86-88),Human health and social work activities,3311,50750,38775,90025
2020,TLF2,"Leicestershire, Rutland and Northamptonshire",Q (86-88),Human health and social work activities,3593,54475,41550,97800
2021,TLF2,"Leicestershire, Rutland and Northamptonshire",Q (86-88),Human health and social work activities,3744,58300,44375,103450
2022,TLF2,"Leicestershire, Rutland and Northamptonshire",Q (86-88),Human health and social work activities,3800,63500,46275,108800
2015,TLF2,"Leicestershire, Rutland and Northamptonshire",R (90-93),"Arts, entertainment and recreation",647,9755,8490,18440
2016,TLF2,"Leicestershire, Rutland and Northamptonshire",R (90-93),"Arts, entertainment and recreation",674,9475,8955,18965
2017,TLF2,"Leicestershire, Rutland and Northamptonshire",R (90-93),"Arts, entertainment and recreation",815,6785,10290,17400
2018,TLF2,"Leicestershire, Rutland and Northamptonshire",R (90-93),"Arts, entertainment and recreation",717,10020,11540,24890
2019,TLF2,"Leicestershire, Rutland and Northamptonshire",R (90-93),"Arts, entertainment and recreation",726,8745,10635,22560
2020,TLF2,"Leicestershire, Rutland and Northamptonshire",R (90-93),"Arts, entertainment and recreation",541,7225,10335,23085
2021,TLF2,"Leicestershire, Rutland and Northamptonshire",R (90-93),"Arts, entertainment and recreation",724,10310,9535,23710
2022,TLF2,"Leicestershire, Rutland and Northamptonshire",R (90-93),"Arts, entertainment and recreation",996,8420,10340,21185
2015,TLF2,"Leicestershire, Rutland and Northamptonshire",S (94-96),Other service activities,697,10805,5920,18280
2016,TLF2,"Leicestershire, Rutland and Northamptonshire",S (94-96),Other service activities,706,9170,6430,17280
2017,TLF2,"Leicestershire, Rutland and Northamptonshire",S (94-96),Other service activities,744,8755,6185,15625
2018,TLF2,"Leicestershire, Rutland and Northamptonshire",S (94-96),Other service activities,800,11635,6840,19440
2019,TLF2,"Leicestershire, Rutland and Northamptonshire",S (94-96),Other service activities,858,10450,7160,20140
2020,TLF2,"Leicestershire, Rutland and Northamptonshire",S (94-96),Other service activities,636,9585,5340,16420
2021,TLF2,"Leicestershire, Rutland and Northamptonshire",S (94-96),Other service activities,777,10545,6235,17700
2022,TLF2,"Leicestershire, Rutland and Northamptonshire",S (94-96),Other service activities,936,7755,5225,13535
2015,TLF2,"Leicestershire, Rutland and Northamptonshire",T (97-98),Activities of households,52,0,0,0
2016,TLF2,"Leicestershire, Rutland and Northamptonshire",T (97-98),Activities of households,85,0,0,0
2017,TLF2,"Leicestershire, Rutland and Northamptonshire",T (97-98),Activities of households,90,0,0,0
2018,TLF2,"Leicestershire, Rutland and Northamptonshire",T (97-98),Activities of households,93,0,0,0
2019,TLF2,"Leicestershire, Rutland and Northamptonshire",T (97-98),Activities of households,103,0,0,0
2020,TLF2,"Leicestershire, Rutland and Northamptonshire",T (97-98),Activities of households,77,0,0,0
2021,TLF2,"Leicestershire, Rutland and Northamptonshire",T (97-98),Activities of households,97,0,0,0
2022,TLF2,"Leicestershire, Rutland and Northamptonshire",T (97-98),Activities of households,93,0,0,0
2015,TLF3,Lincolnshire,A (1-3),"Agriculture, forestry and fishing",720,7055,1345,14365
2016,TLF3,Lincolnshire,A (1-3),"Agriculture, forestry and fishing",756,7695,1195,14285
2017,TLF3,Lincolnshire,A (1-3),"Agriculture, forestry and fishing",749,8600,1625,16480
2018,TLF3,Lincolnshire,A (1-3),"Agriculture, forestry and fishing",752,7735,1570,15400
2019,TLF3,Lincolnshire,A (1-3),"Agriculture, forestry and fishing",779,8550,1035,15695
2020,TLF3,Lincolnshire,A (1-3),"Agriculture, forestry and fishing",808,9590,1480,18125
2021,TLF3,Lincolnshire,A (1-3),"Agriculture, forestry and fishing",1057,7790,1665,15380
2022,TLF3,Lincolnshire,A (1-3),"Agriculture, forestry and fishing",1155,8205,1310,15610
2015,TLF3,Lincolnshire,B (5-9),Mining and quarrying,33,360,155,505
2016,TLF3,Lincolnshire,B (5-9),Mining and quarrying,35,300,10,275
2017,TLF3,Lincolnshire,B (5-9),Mining and quarrying,36,370,10,395
2018,TLF3,Lincolnshire,B (5-9),Mining and quarrying,64,300,15,325
2019,TLF3,Lincolnshire,B (5-9),Mining and quarrying,54,370,25,400
2020,TLF3,Lincolnshire,B (5-9),Mining and quarrying,56,335,15,335
2021,TLF3,Lincolnshire,B (5-9),Mining and quarrying,64,345,15,375
2022,TLF3,Lincolnshire,B (5-9),Mining and quarrying,88,450,25,475
2015,TLF3,Lincolnshire,C (10-33),Manufacturing,2020,35360,2380,38350
2016,TLF3,Lincolnshire,C (10-33),Manufacturing,2087,32610,2525,35670
2017,TLF3,Lincolnshire,C (10-33),Manufacturing,2244,37565,2735,40130
2018,TLF3,Lincolnshire,C (10-33),Manufacturing,2335,35215,2770,38470
2019,TLF3,Lincolnshire,C (10-33),Manufacturing,2296,32920,2435,36240
2020,TLF3,Lincolnshire,C (10-33),Manufacturing,2129,32050,2630,34920
2021,TLF3,Lincolnshire,C (10-33),Manufacturing,2117,33285,2875,36275
2022,TLF3,Lincolnshire,C (10-33),Manufacturing,2149,32285,2335,35335
2015,TLF3,Lincolnshire,D (35),"Electricity, gas, steam and air conditioning supply",143,695,0,645
2016,TLF3,Lincolnshire,D (35),"Electricity, gas, steam and air conditioning supply",138,495,5,495
2017,TLF3,Lincolnshire,D (35),"Electricity, gas, steam and air conditioning supply",160,595,5,620
2018,TLF3,Lincolnshire,D (35),"Electricity, gas, steam and air conditioning supply",152,730,5,730
2019,TLF3,Lincolnshire,D (35),"Electricity, gas, steam and air conditioning supply",163,605,10,605
2020,TLF3,Lincolnshire,D (35),"Electricity, gas, steam and air conditioning supply",190,540,20,590
2021,TLF3,Lincolnshire,D (35),"Electricity, gas, steam and air conditioning supply",90,675,20,675
2022,TLF3,Lincolnshire,D (35),"Electricity, gas, steam and air conditioning supply",111,530,10,560
2015,TLF3,Lincolnshire,E (36-39),Water supply; sewerage and waste management,343,2830,370,3280
2016,TLF3,Lincolnshire,E (36-39),Water supply; sewerage and waste management,370,2820,360,3270
2017,TLF3,Lincolnshire,E (36-39),Water supply; sewerage and waste management,413,3150,345,3400
2018,TLF3,Lincolnshire,E (36-39),Water supply; sewerage and waste management,419,2770,985,3770
2019,TLF3,Lincolnshire,E (36-39),Water supply; sewerage and waste management,442,3170,265,3670
2020,TLF3,Lincolnshire,E (36-39),Water supply; sewerage and waste management,465,2960,230,3110
2021,TLF3,Lincolnshire,E (36-39),Water supply; sewerage and waste management,477,3110,285,3510
2022,TLF3,Lincolnshire,E (36-39),Water supply; sewerage and waste management,511,3065,280,3275
2015,TLF3,Lincolnshire,F (41-43),Construction,991,13320,1905,16430
2016,TLF3,Lincolnshire,F (41-43),Construction,1000,14470,2070,17420
2017,TLF3,Lincolnshire,F (41-43),Construction,1063,11015,2570,14580
2018,TLF3,Lincolnshire,F (41-43),Construction,993,10600,2240,14100
2019,TLF3,Lincolnshire,F (41-43),Construction,1060,11625,2085,14905
2020,TLF3,Lincolnshire,F (41-43),Construction,961,10975,1985,14865
2021,TLF3,Lincolnshire,F (41-43),Construction,1073,11535,2365,16300
2022,TLF3,Lincolnshire,F (41-43),Construction,1225,14205,2845,19155
2015,TLF3,Lincolnshire,G (45-47),Wholesale and retail trade; repair of motor vehicles,1733,30340,22545,54550
2016,TLF3,Lincolnshire,G (45-47),Wholesale and retail trade; repair of motor vehicles,1671,31355,22590,57005
2017,TLF3,Lincolnshire,G (45-47),Wholesale and retail trade; repair of motor vehicles,1908,28880,21445,52825
2018,TLF3,Lincolnshire,G (45-47),Wholesale and retail trade; repair of motor vehicles,2050,29855,20730,53870
2019,TLF3,Lincolnshire,G (45-47),Wholesale and retail trade; repair of motor vehicles,2199,31565,20845,55340
2020,TLF3,Lincolnshire,G (45-47),Wholesale and retail trade; repair of motor vehicles,2086,28610,21935,53570
2021,TLF3,Lincolnshire,G (45-47),Wholesale and retail trade; repair of motor vehicles,2556,28655,22895,54980
2022,TLF3,Lincolnshire,G (45-47),Wholesale and retail trade; repair of motor vehicles,2718,31000,21465,53585
2015,TLF3,Lincolnshire,H (49-53),Transportation and storage,453,8595,1640,11155
2016,TLF3,Lincolnshire,H (49-53),Transportation and storage,464,11060,1740,12325
2017,TLF3,Lincolnshire,H (49-53),Transportation and storage,484,9585,2310,12145
2018,TLF3,Lincolnshire,H (49-53),Transportation and storage,453,9365,1920,11265
2019,TLF3,Lincolnshire,H (49-53),Transportation and storage,502,8850,2845,12895
2020,TLF3,Lincolnshire,H (49-53),Transportation and storage,471,9985,2160,12995
2021,TLF3,Lincolnshire,H (49-53),Transportation and storage,523,9705,2040,12855
2022,TLF3,Lincolnshire,H (49-53),Transportation and storage,603,10115,2405,12485
2015,TLF3,Lincolnshire,I (55-56),Accommodation and food service activities,402,8730,11535,22200
2016,TLF3,Lincolnshire,I (55-56),Accommodation and food service activities,447,11460,16125,28800
2017,TLF3,Lincolnshire,I (55-56),Accommodation and food service activities,491,11575,14250,26125
2018,TLF3,Lincolnshire,I (55-56),Accommodation and food service activities,510,9590,14450,25850
2019,TLF3,Lincolnshire,I (55-56),Accommodation and food service activities,620,9480,14190,24825
2020,TLF3,Lincolnshire,I (55-56),Accommodation and food service activities,401,9660,12515,22675
2021,TLF3,Lincolnshire,I (55-56),Accommodation and food service activities,566,10090,12610,25125
2022,TLF3,Lincolnshire,I (55-56),Accommodation and food service activities,715,9715,17405,28650
2015,TLF3,Lincolnshire,J (58-63),Information and communication,248,3715,640,4425
2016,TLF3,Lincolnshire,J (58-63),Information and communication,262,3830,775,4815
2017,TLF3,Lincolnshire,J (58-63),Information and communication,304,4840,845,5755
2018,TLF3,Lincolnshire,J (58-63),Information and communication,341,4945,1045,5860
2019,TLF3,Lincolnshire,J (58-63),Information and communication,356,4095,670,4640
2020,TLF3,Lincolnshire,J (58-63),Information and communication,410,4430,1710,6050
2021,TLF3,Lincolnshire,J (58-63),Information and communication,459,5395,875,6280
2022,TLF3,Lincolnshire,J (58-63),Information and communication,451,5010,930,6230
2015,TLF3,Lincolnshire,K (64-66),Financial and insurance activities,257,2065,770,2885
2016,TLF3,Lincolnshire,K (64-66),Financial and insurance activities,247,1365,575,1860
2017,TLF3,Lincolnshire,K (64-66),Financial and insurance activities,229,2080,635,2765
2018,TLF3,Lincolnshire,K (64-66),Financial and insurance activities,218,1880,750,2725
2019,TLF3,Lincolnshire,K (64-66),Financial and insurance activities,213,1925,735,2625
2020,TLF3,Lincolnshire,K (64-66),Financial and insurance activities,214,1795,665,2420
2021,TLF3,Lincolnshire,K (64-66),Financial and insurance activities,255,1955,865,2900
2022,TLF3,Lincolnshire,K (64-66),Financial and insurance activities,307,2080,680,2665
2015,TLF3,Lincolnshire,M (69-75),"Professional, scientific and technical activities",492,9370,3185,13605
2016,TLF3,Lincolnshire,M (69-75),"Professional, scientific and technical activities",478,10090,3220,14265
2017,TLF3,Lincolnshire,M (69-75),"Professional, scientific and technical activities",477,9985,3585,14035
2018,TLF3,Lincolnshire,M (69-75),"Professional, scientific and technical activities",491,10045,2900,13435
2019,TLF3,Lincolnshire,M (69-75),"Professional, scientific and technical activities",522,10870,4550,16275
2020,TLF3,Lincolnshire,M (69-75),"Professional, scientific and technical activities",472,10070,3515,14050
2021,TLF3,Lincolnshire,M (69-75),"Professional, scientific and technical activities",551,9700,4215,14720
2022,TLF3,Lincolnshire,M (69-75),"Professional, scientific and technical activities",575,10200,3440,14865
2015,TLF3,Lincolnshire,N (77-82),Administrative and support service activities,609,18325,8120,27325
2016,TLF3,Lincolnshire,N (77-82),Administrative and support service activities,586,16070,8705,25675
2017,TLF3,Lincolnshire,N (77-82),Administrative and support service activities,618,18745,8555,27335
2018,TLF3,Lincolnshire,N (77-82),Administrative and support service activities,668,17525,9285,26695
2019,TLF3,Lincolnshire,N (77-82),Administrative and support service activities,744,18370,9190,28185
2020,TLF3,Lincolnshire,N (77-82),Administrative and support service activities,620,14940,7865,22635
2021,TLF3,Lincolnshire,N (77-82),Administrative and support service activities,761,17070,8640,27320
2022,TLF3,Lincolnshire,N (77-82),Administrative and support service activities,818,17795,9865,27505
2015,TLF3,Lincolnshire,O (84),Public administration and defence,973,7050,2600,9750
2016,TLF3,Lincolnshire,O (84),Public administration and defence,1005,7900,2475,9900
2017,TLF3,Lincolnshire,O (84),Public administration and defence,1040,6750,2350,8800
2018,TLF3,Lincolnshire,O (84),Public administration and defence,1023,7000,2260,9525
2019,TLF3,Lincolnshire,O (84),Public administration and defence,1085,7300,2965,10475
2020,TLF3,Lincolnshire,O (84),Public administration and defence,1164,7425,3550,10850
2021,TLF3,Lincolnshire,O (84),Public administration and defence,1201,7800,2675,10300
2022,TLF3,Lincolnshire,O (84),Public administration and defence,1238,8225,2525,10175
2015,TLF3,Lincolnshire,P (85),Education,847,14025,11600,26500
2016,TLF3,Lincolnshire,P (85),Education,804,12095,10715,23300
2017,TLF3,Lincolnshire,P (85),Education,851,12475,10255,22535
2018,TLF3,Lincolnshire,P (85),Education,892,13660,10835,24355
2019,TLF3,Lincolnshire,P (85),Education,969,14515,11300,25330
2020,TLF3,Lincolnshire,P (85),Education,986,14100,11335,25420
2021,TLF3,Lincolnshire,P (85),Education,980,13080,10340,24680
2022,TLF3,Lincolnshire,P (85),Education,1047,14445,9915,24195
2015,TLF3,Lincolnshire,Q (86-88),Human health and social work activities,1188,20125,15925,38300
2016,TLF3,Lincolnshire,Q (86-88),Human health and social work activities,1218,20625,18300,40325
2017,TLF3,Lincolnshire,Q (86-88),Human health and social work activities,1279,21850,19275,43675
2018,TLF3,Lincolnshire,Q (86-88),Human health and social work activities,1341,20800,18700,40250
2019,TLF3,Lincolnshire,Q (86-88),Human health and social work activities,1310,20490,16745,38200
2020,TLF3,Lincolnshire,Q (86-88),Human health and social work activities,1452,21925,20300,43450
2021,TLF3,Lincolnshire,Q (86-88),Human health and social work activities,1526,24150,20550,44925
2022,TLF3,Lincolnshire,Q (86-88),Human health and social work activities,1588,25350,18450,45200
2015,TLF3,Lincolnshire,R (90-93),"Arts, entertainment and recreation",125,2865,2265,5225
2016,TLF3,Lincolnshire,R (90-93),"Arts, entertainment and recreation",129,3225,2735,6025
2017,TLF3,Lincolnshire,R (90-93),"Arts, entertainment and recreation",139,2220,3245,5645
2018,TLF3,Lincolnshire,R (90-93),"Arts, entertainment and recreation",145,3530,3890,8265
2019,TLF3,Lincolnshire,R (90-93),"Arts, entertainment and recreation",151,3020,3630,8000
2020,TLF3,Lincolnshire,R (90-93),"Arts, entertainment and recreation",122,2605,3495,8665
2021,TLF3,Lincolnshire,R (90-93),"Arts, entertainment and recreation",125,3380,3125,8425
2022,TLF3,Lincolnshire,R (90-93),"Arts, entertainment and recreation",151,2375,3805,7430
2015,TLF3,Lincolnshire,S (94-96),Other service activities,239,3865,1745,6470
2016,TLF3,Lincolnshire,S (94-96),Other service activities,244,2975,2135,5705
2017,TLF3,Lincolnshire,S (94-96),Other service activities,295,3090,2055,5665
2018,TLF3,Lincolnshire,S (94-96),Other service activities,307,3855,2115,6395
2019,TLF3,Lincolnshire,S (94-96),Other service activities,366,3700,2250,7020
2020,TLF3,Lincolnshire,S (94-96),Other service activities,359,3155,1690,5485
2021,TLF3,Lincolnshire,S (94-96),Other service activities,284,3270,1940,5895
2022,TLF3,Lincolnshire,S (94-96),Other service activities,311,2940,1730,4780
2015,TLF3,Lincolnshire,T (97-98),Activities of households,35,0,0,0
2016,TLF3,Lincolnshire,T (97-98),Activities of households,34,0,0,0
2017,TLF3,Lincolnshire,T (97-98),Activities of households,36,0,0,0
2018,TLF3,Lincolnshire,T (97-98),Activities of households,37,0,0,0
2019,TLF3,Lincolnshire,T (97-98),Activities of households,38,0,0,0
2020,TLF3,Lincolnshire,T (97-98),Activities of households,30,0,0,0
2021,TLF3,Lincolnshire,T (97-98),Activities of households,40,0,0,0
2022,TLF3,Lincolnshire,T (97-98),Activities of households,35,0,0,0
2015,TLG1,"Herefordshire, Worcestershire and Warwickshire",A (1-3),"Agriculture, forestry and fishing",540,11295,1900,23935
2016,TLG1,"Herefordshire, Worcestershire and Warwickshire",A (1-3),"Agriculture, forestry and fishing",495,10105,1925,22910
2017,TLG1,"Herefordshire, Worcestershire and Warwickshire",A (1-3),"Agriculture, forestry and fishing",484,10265,1865,23715
2018,TLG1,"Herefordshire, Worcestershire and Warwickshire",A (1-3),"Agriculture, forestry and fishing",513,10870,1820,24575
2019,TLG1,"Herefordshire, Worcestershire and Warwickshire",A (1-3),"Agriculture, forestry and fishing",566,10565,1600,24255
2020,TLG1,"Herefordshire, Worcestershire and Warwickshire",A (1-3),"Agriculture, forestry and fishing",618,10500,1530,23855
2021,TLG1,"Herefordshire, Worcestershire and Warwickshire",A (1-3),"Agriculture, forestry and fishing",714,8705,1570,22450
2022,TLG1,"Herefordshire, Worcestershire and Warwickshire",A (1-3),"Agriculture, forestry and fishing",776,8265,1540,22670
2015,TLG1,"Herefordshire, Worcestershire and Warwickshire",B (5-9),Mining and quarrying,18,225,5,225
2016,TLG1,"Herefordshire, Worcestershire and Warwickshire",B (5-9),Mining and quarrying,15,140,0,120
2017,TLG1,"Herefordshire, Worcestershire and Warwickshire",B (5-9),Mining and quarrying,17,235,0,235
2018,TLG1,"Herefordshire, Worcestershire and Warwickshire",B (5-9),Mining and quarrying,22,180,10,205
2019,TLG1,"Herefordshire, Worcestershire and Warwickshire",B (5-9),Mining and quarrying,27,445,10,470
2020,TLG1,"Herefordshire, Worcestershire and Warwickshire",B (5-9),Mining and quarrying,26,350,35,410
2021,TLG1,"Herefordshire, Worcestershire and Warwickshire",B (5-9),Mining and quarrying,17,200,0,200
2022,TLG1,"Herefordshire, Worcestershire and Warwickshire",B (5-9),Mining and quarrying,21,305,10,305
2015,TLG1,"Herefordshire, Worcestershire and Warwickshire",C (10-33),Manufacturing,5701,70990,5395,77010
2016,TLG1,"Herefordshire, Worcestershire and Warwickshire",C (10-33),Manufacturing,5844,72385,5255,78385
2017,TLG1,"Herefordshire, Worcestershire and Warwickshire",C (10-33),Manufacturing,6775,73005,6035,80225
2018,TLG1,"Herefordshire, Worcestershire and Warwickshire",C (10-33),Manufacturing,7224,73760,6470,82515
2019,TLG1,"Herefordshire, Worcestershire and Warwickshire",C (10-33),Manufacturing,6853,71520,7640,80475
2020,TLG1,"Herefordshire, Worcestershire and Warwickshire",C (10-33),Manufacturing,5988,69755,5495,75535
2021,TLG1,"Herefordshire, Worcestershire and Warwickshire",C (10-33),Manufacturing,6396,69590,6065,77730
2022,TLG1,"Herefordshire, Worcestershire and Warwickshire",C (10-33),Manufacturing,5911,75045,8470,83520
2015,TLG1,"Herefordshire, Worcestershire and Warwickshire",D (35),"Electricity, gas, steam and air conditioning supply",1348,3785,160,4040
2016,TLG1,"Herefordshire, Worcestershire and Warwickshire",D (35),"Electricity, gas, steam and air conditioning supply",1259,3930,170,4030
2017,TLG1,"Herefordshire, Worcestershire and Warwickshire",D (35),"Electricity, gas, steam and air conditioning supply",1414,4500,195,4450
2018,TLG1,"Herefordshire, Worcestershire and Warwickshire",D (35),"Electricity, gas, steam and air conditioning supply",1335,4220,200,4220
2019,TLG1,"Herefordshire, Worcestershire and Warwickshire",D (35),"Electricity, gas, steam and air conditioning supply",1578,4345,195,4370
2020,TLG1,"Herefordshire, Worcestershire and Warwickshire",D (35),"Electricity, gas, steam and air conditioning supply",1503,4570,355,5260
2021,TLG1,"Herefordshire, Worcestershire and Warwickshire",D (35),"Electricity, gas, steam and air conditioning supply",918,4845,175,4870
2022,TLG1,"Herefordshire, Worcestershire and Warwickshire",D (35),"Electricity, gas, steam and air conditioning supply",986,6895,300,6970
2015,TLG1,"Herefordshire, Worcestershire and Warwickshire",E (36-39),Water supply; sewerage and waste management,402,3605,310,4110
2016,TLG1,"Herefordshire, Worcestershire and Warwickshire",E (36-39),Water supply; sewerage and waste management,392,3120,360,3375
2017,TLG1,"Herefordshire, Worcestershire and Warwickshire",E (36-39),Water supply; sewerage and waste management,410,4905,685,5955
2018,TLG1,"Herefordshire, Worcestershire and Warwickshire",E (36-39),Water supply; sewerage and waste management,404,3850,270,4200
2019,TLG1,"Herefordshire, Worcestershire and Warwickshire",E (36-39),Water supply; sewerage and waste management,410,3645,385,3955
2020,TLG1,"Herefordshire, Worcestershire and Warwickshire",E (36-39),Water supply; sewerage and waste management,417,3485,350,3745
2021,TLG1,"Herefordshire, Worcestershire and Warwickshire",E (36-39),Water supply; sewerage and waste management,501,4270,190,4630
2022,TLG1,"Herefordshire, Worcestershire and Warwickshire",E (36-39),Water supply; sewerage and waste management,541,3860,310,4435
2015,TLG1,"Herefordshire, Worcestershire and Warwickshire",F (41-43),Construction,2070,26855,4940,34215
2016,TLG1,"Herefordshire, Worcestershire and Warwickshire",F (41-43),Construction,2056,22545,2675,27400
2017,TLG1,"Herefordshire, Worcestershire and Warwickshire",F (41-43),Construction,2327,25910,3800,31310
2018,TLG1,"Herefordshire, Worcestershire and Warwickshire",F (41-43),Construction,2373,27095,3765,33390
2019,TLG1,"Herefordshire, Worcestershire and Warwickshire",F (41-43),Construction,2608,25610,3580,33360
2020,TLG1,"Herefordshire, Worcestershire and Warwickshire",F (41-43),Construction,2079,23280,5135,31125
2021,TLG1,"Herefordshire, Worcestershire and Warwickshire",F (41-43),Construction,2260,24470,4775,31825
2022,TLG1,"Herefordshire, Worcestershire and Warwickshire",F (41-43),Construction,2580,25530,3950,30605
2015,TLG1,"Herefordshire, Worcestershire and Warwickshire",G (45-47),Wholesale and retail trade; repair of motor vehicles,4332,62850,39015,104785
2016,TLG1,"Herefordshire, Worcestershire and Warwickshire",G (45-47),Wholesale and retail trade; repair of motor vehicles,4039,67860,39775,110260
2017,TLG1,"Herefordshire, Worcestershire and Warwickshire",G (45-47),Wholesale and retail trade; repair of motor vehicles,4375,66690,40620,109740
2018,TLG1,"Herefordshire, Worcestershire and Warwickshire",G (45-47),Wholesale and retail trade; repair of motor vehicles,4504,65960,38175,106875
2019,TLG1,"Herefordshire, Worcestershire and Warwickshire",G (45-47),Wholesale and retail trade; repair of motor vehicles,4315,65220,39100,107925
2020,TLG1,"Herefordshire, Worcestershire and Warwickshire",G (45-47),Wholesale and retail trade; repair of motor vehicles,4264,65515,38255,106960
2021,TLG1,"Herefordshire, Worcestershire and Warwickshire",G (45-47),Wholesale and retail trade; repair of motor vehicles,4485,61985,39835,103530
2022,TLG1,"Herefordshire, Worcestershire and Warwickshire",G (45-47),Wholesale and retail trade; repair of motor vehicles,4843,63270,36315,102660
2015,TLG1,"Herefordshire, Worcestershire and Warwickshire",H (49-53),Transportation and storage,1301,29690,5680,38150
2016,TLG1,"Herefordshire, Worcestershire and Warwickshire",H (49-53),Transportation and storage,1341,35565,9095,44505
2017,TLG1,"Herefordshire, Worcestershire and Warwickshire",H (49-53),Transportation and storage,1433,35110,8705,43505
2018,TLG1,"Herefordshire, Worcestershire and Warwickshire",H (49-53),Transportation and storage,1389,27745,5070,33750
2019,TLG1,"Herefordshire, Worcestershire and Warwickshire",H (49-53),Transportation and storage,1453,29580,11255,42000
2020,TLG1,"Herefordshire, Worcestershire and Warwickshire",H (49-53),Transportation and storage,1311,28465,9385,37815
2021,TLG1,"Herefordshire, Worcestershire and Warwickshire",H (49-53),Transportation and storage,1345,35650,5045,43150
2022,TLG1,"Herefordshire, Worcestershire and Warwickshire",H (49-53),Transportation and storage,1603,37995,7990,46270
2015,TLG1,"Herefordshire, Worcestershire and Warwickshire",I (55-56),Accommodation and food service activities,895,16865,23510,43825
2016,TLG1,"Herefordshire, Worcestershire and Warwickshire",I (55-56),Accommodation and food service activities,936,16800,27300,46570
2017,TLG1,"Herefordshire, Worcestershire and Warwickshire",I (55-56),Accommodation and food service activities,1004,17810,29785,52000
2018,TLG1,"Herefordshire, Worcestershire and Warwickshire",I (55-56),Accommodation and food service activities,987,14715,25985,43175
2019,TLG1,"Herefordshire, Worcestershire and Warwickshire",I (55-56),Accommodation and food service activities,1098,19145,35895,57355
2020,TLG1,"Herefordshire, Worcestershire and Warwickshire",I (55-56),Accommodation and food service activities,755,15940,25970,43080
2021,TLG1,"Herefordshire, Worcestershire and Warwickshire",I (55-56),Accommodation and food service activities,893,17765,29375,48905
2022,TLG1,"Herefordshire, Worcestershire and Warwickshire",I (55-56),Accommodation and food service activities,1207,18285,28630,48505
2015,TLG1,"Herefordshire, Worcestershire and Warwickshire",J (58-63),Information and communication,1232,16000,1805,18175
2016,TLG1,"Herefordshire, Worcestershire and Warwickshire",J (58-63),Information and communication,1293,17160,1740,18790
2017,TLG1,"Herefordshire, Worcestershire and Warwickshire",J (58-63),Information and communication,1418,16410,2585,18795
2018,TLG1,"Herefordshire, Worcestershire and Warwickshire",J (58-63),Information and communication,1478,17055,3720,20720
2019,TLG1,"Herefordshire, Worcestershire and Warwickshire",J (58-63),Information and communication,1500,16745,2550,17960
2020,TLG1,"Herefordshire, Worcestershire and Warwickshire",J (58-63),Information and communication,1796,18835,2330,21615
2021,TLG1,"Herefordshire, Worcestershire and Warwickshire",J (58-63),Information and communication,1704,23000,4910,27885
2022,TLG1,"Herefordshire, Worcestershire and Warwickshire",J (58-63),Information and communication,1860,17740,4485,21665
2015,TLG1,"Herefordshire, Worcestershire and Warwickshire",K (64-66),Financial and insurance activities,1158,9175,2110,11600
2016,TLG1,"Herefordshire, Worcestershire and Warwickshire",K (64-66),Financial and insurance activities,1158,8335,2070,10765
2017,TLG1,"Herefordshire, Worcestershire and Warwickshire",K (64-66),Financial and insurance activities,1259,7860,1860,9710
2018,TLG1,"Herefordshire, Worcestershire and Warwickshire",K (64-66),Financial and insurance activities,1299,8695,1730,10945
2019,TLG1,"Herefordshire, Worcestershire and Warwickshire",K (64-66),Financial and insurance activities,1343,8455,2530,11210
2020,TLG1,"Herefordshire, Worcestershire and Warwickshire",K (64-66),Financial and insurance activities,1452,8955,2085,10830
2021,TLG1,"Herefordshire, Worcestershire and Warwickshire",K (64-66),Financial and insurance activities,1565,7455,1780,8900
2022,TLG1,"Herefordshire, Worcestershire and Warwickshire",K (64-66),Financial and insurance activities,2040,14570,2065,16805
2015,TLG1,"Herefordshire, Worcestershire and Warwickshire",M (69-75),"Professional, scientific and technical activities",1850,34815,6960,43715
2016,TLG1,"Herefordshire, Worcestershire and Warwickshire",M (69-75),"Professional, scientific and technical activities",1976,33010,8405,43870
2017,TLG1,"Herefordshire, Worcestershire and Warwickshire",M (69-75),"Professional, scientific and technical activities",2064,36580,10935,50725
2018,TLG1,"Herefordshire, Worcestershire and Warwickshire",M (69-75),"Professional, scientific and technical activities",2071,35190,11625,48565
2019,TLG1,"Herefordshire, Worcestershire and Warwickshire",M (69-75),"Professional, scientific and technical activities",2134,36750,8770,47715
2020,TLG1,"Herefordshire, Worcestershire and Warwickshire",M (69-75),"Professional, scientific and technical activities",2012,36990,9615,47660
2021,TLG1,"Herefordshire, Worcestershire and Warwickshire",M (69-75),"Professional, scientific and technical activities",2163,33130,12425,47680
2022,TLG1,"Herefordshire, Worcestershire and Warwickshire",M (69-75),"Professional, scientific and technical activities",2522,41285,12875,54795
2015,TLG1,"Herefordshire, Worcestershire and Warwickshire",N (77-82),Administrative and support service activities,1496,27650,13495,42765
2016,TLG1,"Herefordshire, Worcestershire and Warwickshire",N (77-82),Administrative and support service activities,1552,29060,14425,43980
2017,TLG1,"Herefordshire, Worcestershire and Warwickshire",N (77-82),Administrative and support service activities,1800,34560,16605,53085
2018,TLG1,"Herefordshire, Worcestershire and Warwickshire",N (77-82),Administrative and support service activities,1821,33770,19565,54370
2019,TLG1,"Herefordshire, Worcestershire and Warwickshire",N (77-82),Administrative and support service activities,1976,34895,22280,59175
2020,TLG1,"Herefordshire, Worcestershire and Warwickshire",N (77-82),Administrative and support service activities,1757,39020,20070,61360
2021,TLG1,"Herefordshire, Worcestershire and Warwickshire",N (77-82),Administrative and support service activities,1841,33005,14740,50205
2022,TLG1,"Herefordshire, Worcestershire and Warwickshire",N (77-82),Administrative and support service activities,2029,28935,16555,47000
2015,TLG1,"Herefordshire, Worcestershire and Warwickshire",O (84),Public administration and defence,949,13900,5100,19900
2016,TLG1,"Herefordshire, Worcestershire and Warwickshire",O (84),Public administration and defence,1025,13500,4645,18350
2017,TLG1,"Herefordshire, Worcestershire and Warwickshire",O (84),Public administration and defence,1070,13275,5195,18650
2018,TLG1,"Herefordshire, Worcestershire and Warwickshire",O (84),Public administration and defence,1073,13600,5260,18350
2019,TLG1,"Herefordshire, Worcestershire and Warwickshire",O (84),Public administration and defence,1133,13800,5540,20000
2020,TLG1,"Herefordshire, Worcestershire and Warwickshire",O (84),Public administration and defence,1217,15600,5215,20350
2021,TLG1,"Herefordshire, Worcestershire and Warwickshire",O (84),Public administration and defence,1169,13600,4240,18100
2022,TLG1,"Herefordshire, Worcestershire and Warwickshire",O (84),Public administration and defence,1348,15050,4965,19450
2015,TLG1,"Herefordshire, Worcestershire and Warwickshire",P (85),Education,1691,21140,27145,47750
2016,TLG1,"Herefordshire, Worcestershire and Warwickshire",P (85),Education,1663,20810,25395,46870
2017,TLG1,"Herefordshire, Worcestershire and Warwickshire",P (85),Education,1746,20620,27090,47895
2018,TLG1,"Herefordshire, Worcestershire and Warwickshire",P (85),Education,1833,23880,26645,51635
2019,TLG1,"Herefordshire, Worcestershire and Warwickshire",P (85),Education,1844,23455,25445,47635
2020,TLG1,"Herefordshire, Worcestershire and Warwickshire",P (85),Education,1935,23605,24755,49260
2021,TLG1,"Herefordshire, Worcestershire and Warwickshire",P (85),Education,1982,24780,24215,47885
2022,TLG1,"Herefordshire, Worcestershire and Warwickshire",P (85),Education,2232,21680,24470,45785
2015,TLG1,"Herefordshire, Worcestershire and Warwickshire",Q (86-88),Human health and social work activities,2006,32500,33650,68150
2016,TLG1,"Herefordshire, Worcestershire and Warwickshire",Q (86-88),Human health and social work activities,2096,37725,39725,79500
2017,TLG1,"Herefordshire, Worcestershire and Warwickshire",Q (86-88),Human health and social work activities,2282,38175,39475,79650
2018,TLG1,"Herefordshire, Worcestershire and Warwickshire",Q (86-88),Human health and social work activities,2402,39375,39175,79600
2019,TLG1,"Herefordshire, Worcestershire and Warwickshire",Q (86-88),Human health and social work activities,2501,38550,35225,75900
2020,TLG1,"Herefordshire, Worcestershire and Warwickshire",Q (86-88),Human health and social work activities,2630,40100,35000,77000
2021,TLG1,"Herefordshire, Worcestershire and Warwickshire",Q (86-88),Human health and social work activities,2926,42400,37775,83150
2022,TLG1,"Herefordshire, Worcestershire and Warwickshire",Q (86-88),Human health and social work activities,2930,43250,35075,81300
2015,TLG1,"Herefordshire, Worcestershire and Warwickshire",R (90-93),"Arts, entertainment and recreation",431,7205,7390,14760
2016,TLG1,"Herefordshire, Worcestershire and Warwickshire",R (90-93),"Arts, entertainment and recreation",439,6140,10290,16750
2017,TLG1,"Herefordshire, Worcestershire and Warwickshire",R (90-93),"Arts, entertainment and recreation",496,6170,10715,17350
2018,TLG1,"Herefordshire, Worcestershire and Warwickshire",R (90-93),"Arts, entertainment and recreation",485,4715,8295,14060
2019,TLG1,"Herefordshire, Worcestershire and Warwickshire",R (90-93),"Arts, entertainment and recreation",476,6860,9395,16350
2020,TLG1,"Herefordshire, Worcestershire and Warwickshire",R (90-93),"Arts, entertainment and recreation",272,5170,6645,11825
2021,TLG1,"Herefordshire, Worcestershire and Warwickshire",R (90-93),"Arts, entertainment and recreation",403,9080,8070,17575
2022,TLG1,"Herefordshire, Worcestershire and Warwickshire",R (90-93),"Arts, entertainment and recreation",452,6410,6540,13240
2015,TLG1,"Herefordshire, Worcestershire and Warwickshire",S (94-96),Other service activities,611,9525,5015,15040
2016,TLG1,"Herefordshire, Worcestershire and Warwickshire",S (94-96),Other service activities,623,8880,5715,15580
2017,TLG1,"Herefordshire, Worcestershire and Warwickshire",S (94-96),Other service activities,664,8380,5900,15290
2018,TLG1,"Herefordshire, Worcestershire and Warwickshire",S (94-96),Other service activities,779,9945,6240,17555
2019,TLG1,"Herefordshire, Worcestershire and Warwickshire",S (94-96),Other service activities,730,7950,5865,14635
2020,TLG1,"Herefordshire, Worcestershire and Warwickshire",S (94-96),Other service activities,993,9145,7965,18870
2021,TLG1,"Herefordshire, Worcestershire and Warwickshire",S (94-96),Other service activities,738,6385,6430,13865
2022,TLG1,"Herefordshire, Worcestershire and Warwickshire",S (94-96),Other service activities,890,10110,8860,20240
2015,TLG1,"Herefordshire, Worcestershire and Warwickshire",T (97-98),Activities of households,37,0,0,0
2016,TLG1,"Herefordshire, Worcestershire and Warwickshire",T (97-98),Activities of households,28,0,0,0
2017,TLG1,"Herefordshire, Worcestershire and Warwickshire",T (97-98),Activities of households,24,0,0,0
2018,TLG1,"Herefordshire, Worcestershire and Warwickshire",T (97-98),Activities of households,25,0,0,0
2019,TLG1,"Herefordshire, Worcestershire and Warwickshire",T (97-98),Activities of households,33,0,0,0
2020,TLG1,"Herefordshire, Worcestershire and Warwickshire",T (97-98),Activities of households,25,0,0,0
2021,TLG1,"Herefordshire, Worcestershire and Warwickshire",T (97-98),Activities of households,35,0,0,0
2022,TLG1,"Herefordshire, Worcestershire and Warwickshire",T (97-98),Activities of households,34,0,0,0
2015,TLG2,Shropshire and Staffordshire,A (1-3),"Agriculture, forestry and fishing",496,7340,1870,21985
2016,TLG2,Shropshire and Staffordshire,A (1-3),"Agriculture, forestry and fishing",453,7090,1945,20800
2017,TLG2,Shropshire and Staffordshire,A (1-3),"Agriculture, forestry and fishing",478,7285,1625,21735
2018,TLG2,Shropshire and Staffordshire,A (1-3),"Agriculture, forestry and fishing",480,8075,2105,22955
2019,TLG2,Shropshire and Staffordshire,A (1-3),"Agriculture, forestry and fishing",546,6670,1865,22470
2020,TLG2,Shropshire and Staffordshire,A (1-3),"Agriculture, forestry and fishing",559,7610,1780,22970
2021,TLG2,Shropshire and Staffordshire,A (1-3),"Agriculture, forestry and fishing",636,9645,1875,26895
2022,TLG2,Shropshire and Staffordshire,A (1-3),"Agriculture, forestry and fishing",775,7385,1550,22970
2015,TLG2,Shropshire and Staffordshire,B (5-9),Mining and quarrying,49,590,20,615
2016,TLG2,Shropshire and Staffordshire,B (5-9),Mining and quarrying,41,275,0,250
2017,TLG2,Shropshire and Staffordshire,B (5-9),Mining and quarrying,39,480,15,535
2018,TLG2,Shropshire and Staffordshire,B (5-9),Mining and quarrying,43,415,15,440
2019,TLG2,Shropshire and Staffordshire,B (5-9),Mining and quarrying,43,770,25,875
2020,TLG2,Shropshire and Staffordshire,B (5-9),Mining and quarrying,47,655,90,775
2021,TLG2,Shropshire and Staffordshire,B (5-9),Mining and quarrying,56,295,10,270
2022,TLG2,Shropshire and Staffordshire,B (5-9),Mining and quarrying,68,485,15,490
2015,TLG2,Shropshire and Staffordshire,C (10-33),Manufacturing,4873,76915,6870,83980
2016,TLG2,Shropshire and Staffordshire,C (10-33),Manufacturing,5077,75445,6300,83380
2017,TLG2,Shropshire and Staffordshire,C (10-33),Manufacturing,5349,78930,6210,85880
2018,TLG2,Shropshire and Staffordshire,C (10-33),Manufacturing,5641,82020,6815,89460
2019,TLG2,Shropshire and Staffordshire,C (10-33),Manufacturing,5627,79650,7435,88190
2020,TLG2,Shropshire and Staffordshire,C (10-33),Manufacturing,5392,73690,7150,81885
2021,TLG2,Shropshire and Staffordshire,C (10-33),Manufacturing,6198,70270,6865,78595
2022,TLG2,Shropshire and Staffordshire,C (10-33),Manufacturing,6842,80680,10210,92470
2015,TLG2,Shropshire and Staffordshire,D (35),"Electricity, gas, steam and air conditioning supply",295,960,0,960
2016,TLG2,Shropshire and Staffordshire,D (35),"Electricity, gas, steam and air conditioning supply",233,810,0,835
2017,TLG2,Shropshire and Staffordshire,D (35),"Electricity, gas, steam and air conditioning supply",261,1065,15,1090
2018,TLG2,Shropshire and Staffordshire,D (35),"Electricity, gas, steam and air conditioning supply",271,755,0,755
2019,TLG2,Shropshire and Staffordshire,D (35),"Electricity, gas, steam and air conditioning supply",265,815,10,815
2020,TLG2,Shropshire and Staffordshire,D (35),"Electricity, gas, steam and air conditioning supply",250,985,150,1140
2021,TLG2,Shropshire and Staffordshire,D (35),"Electricity, gas, steam and air conditioning supply",150,955,5,830
2022,TLG2,Shropshire and Staffordshire,D (35),"Electricity, gas, steam and air conditioning supply",156,980,10,985
2015,TLG2,Shropshire and Staffordshire,E (36-39),Water supply; sewerage and waste management,487,4400,355,4650
2016,TLG2,Shropshire and Staffordshire,E (36-39),Water supply; sewerage and waste management,479,3680,695,4130
2017,TLG2,Shropshire and Staffordshire,E (36-39),Water supply; sewerage and waste management,473,4500,1315,5825
2018,TLG2,Shropshire and Staffordshire,E (36-39),Water supply; sewerage and waste management,524,5200,495,5850
2019,TLG2,Shropshire and Staffordshire,E (36-39),Water supply; sewerage and waste management,536,5425,540,6000
2020,TLG2,Shropshire and Staffordshire,E (36-39),Water supply; sewerage and waste management,491,4275,465,4650
2021,TLG2,Shropshire and Staffordshire,E (36-39),Water supply; sewerage and waste management,662,5855,255,6205
2022,TLG2,Shropshire and Staffordshire,E (36-39),Water supply; sewerage and waste management,767,5555,440,5955
2015,TLG2,Shropshire and Staffordshire,F (41-43),Construction,2294,31585,5830,39240
2016,TLG2,Shropshire and Staffordshire,F (41-43),Construction,2410,25640,3285,30980
2017,TLG2,Shropshire and Staffordshire,F (41-43),Construction,2538,29635,4225,36360
2018,TLG2,Shropshire and Staffordshire,F (41-43),Construction,2557,33635,4655,40490
2019,TLG2,Shropshire and Staffordshire,F (41-43),Construction,2622,30820,4185,39695
2020,TLG2,Shropshire and Staffordshire,F (41-43),Construction,2221,27195,5625,34845
2021,TLG2,Shropshire and Staffordshire,F (41-43),Construction,2477,28545,5470,35500
2022,TLG2,Shropshire and Staffordshire,F (41-43),Construction,2830,27595,4520,33850
2015,TLG2,Shropshire and Staffordshire,G (45-47),Wholesale and retail trade; repair of motor vehicles,3855,69460,48295,121565
2016,TLG2,Shropshire and Staffordshire,G (45-47),Wholesale and retail trade; repair of motor vehicles,3924,73295,49320,124630
2017,TLG2,Shropshire and Staffordshire,G (45-47),Wholesale and retail trade; repair of motor vehicles,4365,70610,48835,123735
2018,TLG2,Shropshire and Staffordshire,G (45-47),Wholesale and retail trade; repair of motor vehicles,4398,72510,47545,123100
2019,TLG2,Shropshire and Staffordshire,G (45-47),Wholesale and retail trade; repair of motor vehicles,4220,70350,45880,120510
2020,TLG2,Shropshire and Staffordshire,G (45-47),Wholesale and retail trade; repair of motor vehicles,4410,69800,44980,119965
2021,TLG2,Shropshire and Staffordshire,G (45-47),Wholesale and retail trade; repair of motor vehicles,6079,71340,46685,120065
2022,TLG2,Shropshire and Staffordshire,G (45-47),Wholesale and retail trade; repair of motor vehicles,6517,68780,43715,115150
2015,TLG2,Shropshire and Staffordshire,H (49-53),Transportation and storage,1448,35445,6145,42535
2016,TLG2,Shropshire and Staffordshire,H (49-53),Transportation and storage,1465,35235,6465,41885
2017,TLG2,Shropshire and Staffordshire,H (49-53),Transportation and storage,1421,34635,5170,40155
2018,TLG2,Shropshire and Staffordshire,H (49-53),Transportation and storage,1610,34515,5305,42055
2019,TLG2,Shropshire and Staffordshire,H (49-53),Transportation and storage,1881,35180,11040,47665
2020,TLG2,Shropshire and Staffordshire,H (49-53),Transportation and storage,1719,35070,12365,49670
2021,TLG2,Shropshire and Staffordshire,H (49-53),Transportation and storage,1996,38980,8285,49095
2022,TLG2,Shropshire and Staffordshire,H (49-53),Transportation and storage,2227,41265,11820,55355
2015,TLG2,Shropshire and Staffordshire,I (55-56),Accommodation and food service activities,1059,17600,27300,48675
2016,TLG2,Shropshire and Staffordshire,I (55-56),Accommodation and food service activities,1062,18655,30015,50615
2017,TLG2,Shropshire and Staffordshire,I (55-56),Accommodation and food service activities,1111,17025,32320,53775
2018,TLG2,Shropshire and Staffordshire,I (55-56),Accommodation and food service activities,1087,12295,28250,42825
2019,TLG2,Shropshire and Staffordshire,I (55-56),Accommodation and food service activities,1041,17635,35635,55325
2020,TLG2,Shropshire and Staffordshire,I (55-56),Accommodation and food service activities,634,14910,26990,44885
2021,TLG2,Shropshire and Staffordshire,I (55-56),Accommodation and food service activities,909,16945,29735,47235
2022,TLG2,Shropshire and Staffordshire,I (55-56),Accommodation and food service activities,1191,17530,29080,47890
2015,TLG2,Shropshire and Staffordshire,J (58-63),Information and communication,1148,14145,1695,16230
2016,TLG2,Shropshire and Staffordshire,J (58-63),Information and communication,1280,14925,1695,17440
2017,TLG2,Shropshire and Staffordshire,J (58-63),Information and communication,1265,15230,2360,17270
2018,TLG2,Shropshire and Staffordshire,J (58-63),Information and communication,1353,15580,2575,18370
2019,TLG2,Shropshire and Staffordshire,J (58-63),Information and communication,1412,15290,2110,18010
2020,TLG2,Shropshire and Staffordshire,J (58-63),Information and communication,1668,16520,2195,19350
2021,TLG2,Shropshire and Staffordshire,J (58-63),Information and communication,1770,20290,4245,24575
2022,TLG2,Shropshire and Staffordshire,J (58-63),Information and communication,1897,17210,3035,20455
2015,TLG2,Shropshire and Staffordshire,K (64-66),Financial and insurance activities,881,8685,2610,11415
2016,TLG2,Shropshire and Staffordshire,K (64-66),Financial and insurance activities,1028,8000,2305,10015
2017,TLG2,Shropshire and Staffordshire,K (64-66),Financial and insurance activities,1050,7530,2065,9735
2018,TLG2,Shropshire and Staffordshire,K (64-66),Financial and insurance activities,1122,7915,1745,9750
2019,TLG2,Shropshire and Staffordshire,K (64-66),Financial and insurance activities,1077,7605,2405,9955
2020,TLG2,Shropshire and Staffordshire,K (64-66),Financial and insurance activities,959,7925,2010,9985
2021,TLG2,Shropshire and Staffordshire,K (64-66),Financial and insurance activities,1148,6040,1680,7640
2022,TLG2,Shropshire and Staffordshire,K (64-66),Financial and insurance activities,1329,7220,1635,8495
2015,TLG2,Shropshire and Staffordshire,M (69-75),"Professional, scientific and technical activities",1157,26235,7340,35070
2016,TLG2,Shropshire and Staffordshire,M (69-75),"Professional, scientific and technical activities",1242,29280,8220,39445
2017,TLG2,Shropshire and Staffordshire,M (69-75),"Professional, scientific and technical activities",1386,30525,10805,41830
2018,TLG2,Shropshire and Staffordshire,M (69-75),"Professional, scientific and technical activities",1340,27250,12190,41580
2019,TLG2,Shropshire and Staffordshire,M (69-75),"Professional, scientific and technical activities",1456,28210,7695,37535
2020,TLG2,Shropshire and Staffordshire,M (69-75),"Professional, scientific and technical activities",1325,30805,9060,40305
2021,TLG2,Shropshire and Staffordshire,M (69-75),"Professional, scientific and technical activities",1530,27250,9525,37630
2022,TLG2,Shropshire and Staffordshire,M (69-75),"Professional, scientific and technical activities",1753,30240,8650,40565
2015,TLG2,Shropshire and Staffordshire,N (77-82),Administrative and support service activities,1469,34825,16910,53245
2016,TLG2,Shropshire and Staffordshire,N (77-82),Administrative and support service activities,1451,33130,13825,47360
2017,TLG2,Shropshire and Staffordshire,N (77-82),Administrative and support service activities,1564,33655,16880,52205
2018,TLG2,Shropshire and Staffordshire,N (77-82),Administrative and support service activities,1556,34990,15145,51040
2019,TLG2,Shropshire and Staffordshire,N (77-82),Administrative and support service activities,1565,31515,18685,51725
2020,TLG2,Shropshire and Staffordshire,N (77-82),Administrative and support service activities,1471,35065,22255,58625
2021,TLG2,Shropshire and Staffordshire,N (77-82),Administrative and support service activities,1804,38145,13340,52215
2022,TLG2,Shropshire and Staffordshire,N (77-82),Administrative and support service activities,1949,35115,16240,52590
2015,TLG2,Shropshire and Staffordshire,O (84),Public administration and defence,1563,19700,8030,27550
2016,TLG2,Shropshire and Staffordshire,O (84),Public administration and defence,1695,18975,7800,25375
2017,TLG2,Shropshire and Staffordshire,O (84),Public administration and defence,1776,18250,6935,25825
2018,TLG2,Shropshire and Staffordshire,O (84),Public administration and defence,1810,18400,7075,25750
2019,TLG2,Shropshire and Staffordshire,O (84),Public administration and defence,1908,19250,6745,26000
2020,TLG2,Shropshire and Staffordshire,O (84),Public administration and defence,1876,19050,6625,26300
2021,TLG2,Shropshire and Staffordshire,O (84),Public administration and defence,2004,19800,6975,27650
2022,TLG2,Shropshire and Staffordshire,O (84),Public administration and defence,2180,22550,6975,29650
2015,TLG2,Shropshire and Staffordshire,P (85),Education,1855,29490,25535,55600
2016,TLG2,Shropshire and Staffordshire,P (85),Education,1873,29665,24610,54025
2017,TLG2,Shropshire and Staffordshire,P (85),Education,1853,27415,23040,51580
2018,TLG2,Shropshire and Staffordshire,P (85),Education,1937,31395,24965,56260
2019,TLG2,Shropshire and Staffordshire,P (85),Education,2046,28265,24680,54130
2020,TLG2,Shropshire and Staffordshire,P (85),Education,2048,32020,23810,56105
2021,TLG2,Shropshire and Staffordshire,P (85),Education,2121,31145,23775,53555
2022,TLG2,Shropshire and Staffordshire,P (85),Education,2337,28765,22580,52200
2015,TLG2,Shropshire and Staffordshire,Q (86-88),Human health and social work activities,2680,47270,36825,86475
2016,TLG2,Shropshire and Staffordshire,Q (86-88),Human health and social work activities,2816,51450,44150,96450
2017,TLG2,Shropshire and Staffordshire,Q (86-88),Human health and social work activities,2870,52475,39425,94100
2018,TLG2,Shropshire and Staffordshire,Q (86-88),Human health and social work activities,3151,52800,39650,93250
2019,TLG2,Shropshire and Staffordshire,Q (86-88),Human health and social work activities,3307,53000,37725,91750
2020,TLG2,Shropshire and Staffordshire,Q (86-88),Human health and social work activities,3743,54450,37600,94000
2021,TLG2,Shropshire and Staffordshire,Q (86-88),Human health and social work activities,4021,58550,46325,106500
2022,TLG2,Shropshire and Staffordshire,Q (86-88),Human health and social work activities,4030,60050,40925,102250
2015,TLG2,Shropshire and Staffordshire,R (90-93),"Arts, entertainment and recreation",620,10485,8915,19595
2016,TLG2,Shropshire and Staffordshire,R (90-93),"Arts, entertainment and recreation",617,8775,11365,19555
2017,TLG2,Shropshire and Staffordshire,R (90-93),"Arts, entertainment and recreation",709,8830,11185,20825
2018,TLG2,Shropshire and Staffordshire,R (90-93),"Arts, entertainment and recreation",706,7160,8940,16755
2019,TLG2,Shropshire and Staffordshire,R (90-93),"Arts, entertainment and recreation",735,8190,10410,20210
2020,TLG2,Shropshire and Staffordshire,R (90-93),"Arts, entertainment and recreation",542,7405,8345,16510
2021,TLG2,Shropshire and Staffordshire,R (90-93),"Arts, entertainment and recreation",713,11135,9540,20970
2022,TLG2,Shropshire and Staffordshire,R (90-93),"Arts, entertainment and recreation",670,8165,8900,17405
2015,TLG2,Shropshire and Staffordshire,S (94-96),Other service activities,619,9535,4785,15250
2016,TLG2,Shropshire and Staffordshire,S (94-96),Other service activities,596,8835,5740,16230
2017,TLG2,Shropshire and Staffordshire,S (94-96),Other service activities,619,8435,6205,16390
2018,TLG2,Shropshire and Staffordshire,S (94-96),Other service activities,693,8840,6445,16880
2019,TLG2,Shropshire and Staffordshire,S (94-96),Other service activities,727,7180,5560,13855
2020,TLG2,Shropshire and Staffordshire,S (94-96),Other service activities,633,9765,6545,17905
2021,TLG2,Shropshire and Staffordshire,S (94-96),Other service activities,833,6730,5605,13690
2022,TLG2,Shropshire and Staffordshire,S (94-96),Other service activities,932,10565,8180,20380
2015,TLG2,Shropshire and Staffordshire,T (97-98),Activities of households,37,0,0,0
2016,TLG2,Shropshire and Staffordshire,T (97-98),Activities of households,31,0,0,0
2017,TLG2,Shropshire and Staffordshire,T (97-98),Activities of households,30,0,0,0
2018,TLG2,Shropshire and Staffordshire,T (97-98),Activities of households,32,0,0,0
2019,TLG2,Shropshire and Staffordshire,T (97-98),Activities of households,45,0,0,0
2020,TLG2,Shropshire and Staffordshire,T (97-98),Activities of households,32,0,0,0
2021,TLG2,Shropshire and Staffordshire,T (97-98),Activities of households,52,0,0,0
2022,TLG2,Shropshire and Staffordshire,T (97-98),Activities of households,45,0,0,0
2015,TLG3,West Midlands,A (1-3),"Agriculture, forestry and fishing",23,530,135,1105
2016,TLG3,West Midlands,A (1-3),"Agriculture, forestry and fishing",22,290,215,955
2017,TLG3,West Midlands,A (1-3),"Agriculture, forestry and fishing",26,370,100,1005
2018,TLG3,West Midlands,A (1-3),"Agriculture, forestry and fishing",25,520,230,1175
2019,TLG3,West Midlands,A (1-3),"Agriculture, forestry and fishing",28,290,95,840
2020,TLG3,West Midlands,A (1-3),"Agriculture, forestry and fishing",19,300,85,880
2021,TLG3,West Midlands,A (1-3),"Agriculture, forestry and fishing",25,335,65,970
2022,TLG3,West Midlands,A (1-3),"Agriculture, forestry and fishing",32,240,55,945
2015,TLG3,West Midlands,B (5-9),Mining and quarrying,6,120,0,140
2016,TLG3,West Midlands,B (5-9),Mining and quarrying,5,40,0,40
2017,TLG3,West Midlands,B (5-9),Mining and quarrying,7,110,0,115
2018,TLG3,West Midlands,B (5-9),Mining and quarrying,8,85,0,85
2019,TLG3,West Midlands,B (5-9),Mining and quarrying,8,305,5,305
2020,TLG3,West Midlands,B (5-9),Mining and quarrying,14,270,40,280
2021,TLG3,West Midlands,B (5-9),Mining and quarrying,10,50,0,50
2022,TLG3,West Midlands,B (5-9),Mining and quarrying,10,80,0,85
2015,TLG3,West Midlands,C (10-33),Manufacturing,9424,125435,10885,136500
2016,TLG3,West Midlands,C (10-33),Manufacturing,9973,121060,11745,133735
2017,TLG3,West Midlands,C (10-33),Manufacturing,10015,122280,9720,133385
2018,TLG3,West Midlands,C (10-33),Manufacturing,9654,121340,10365,133915
2019,TLG3,West Midlands,C (10-33),Manufacturing,9189,122540,11765,135980
2020,TLG3,West Midlands,C (10-33),Manufacturing,8167,112110,9150,122170
2021,TLG3,West Midlands,C (10-33),Manufacturing,8048,105690,9620,118980
2022,TLG3,West Midlands,C (10-33),Manufacturing,8243,113635,14145,129075
2015,TLG3,West Midlands,D (35),"Electricity, gas, steam and air conditioning supply",1320,7115,420,7300
2016,TLG3,West Midlands,D (35),"Electricity, gas, steam and air conditioning supply",1209,7100,435,7350
2017,TLG3,West Midlands,D (35),"Electricity, gas, steam and air conditioning supply",1079,7625,445,7675
2018,TLG3,West Midlands,D (35),"Electricity, gas, steam and air conditioning supply",1071,4510,405,5010
2019,TLG3,West Midlands,D (35),"Electricity, gas, steam and air conditioning supply",1199,4760,455,5360
2020,TLG3,West Midlands,D (35),"Electricity, gas, steam and air conditioning supply",683,5560,880,6160
2021,TLG3,West Midlands,D (35),"Electricity, gas, steam and air conditioning supply",324,5180,390,5785
2022,TLG3,West Midlands,D (35),"Electricity, gas, steam and air conditioning supply",284,5150,360,5175
2015,TLG3,West Midlands,E (36-39),Water supply; sewerage and waste management,1047,8040,675,8950
2016,TLG3,West Midlands,E (36-39),Water supply; sewerage and waste management,1068,8080,645,8580
2017,TLG3,West Midlands,E (36-39),Water supply; sewerage and waste management,1138,9355,975,10230
2018,TLG3,West Midlands,E (36-39),Water supply; sewerage and waste management,1185,9975,595,11005
2019,TLG3,West Midlands,E (36-39),Water supply; sewerage and waste management,1195,9590,920,10665
2020,TLG3,West Midlands,E (36-39),Water supply; sewerage and waste management,1121,8510,1030,9315
2021,TLG3,West Midlands,E (36-39),Water supply; sewerage and waste management,1377,11450,415,11600
2022,TLG3,West Midlands,E (36-39),Water supply; sewerage and waste management,1506,9450,520,10200
2015,TLG3,West Midlands,F (41-43),Construction,3301,50670,7255,59975
2016,TLG3,West Midlands,F (41-43),Construction,3532,37290,4800,44050
2017,TLG3,West Midlands,F (41-43),Construction,3579,41675,6350,50010
2018,TLG3,West Midlands,F (41-43),Construction,3806,45160,6745,54120
2019,TLG3,West Midlands,F (41-43),Construction,4028,43465,5470,52285
2020,TLG3,West Midlands,F (41-43),Construction,3800,40635,8770,52620
2021,TLG3,West Midlands,F (41-43),Construction,4114,40310,8515,49975
2022,TLG3,West Midlands,F (41-43),Construction,4776,42210,6585,50470
2015,TLG3,West Midlands,G (45-47),Wholesale and retail trade; repair of motor vehicles,6245,116640,76135,196980
2016,TLG3,West Midlands,G (45-47),Wholesale and retail trade; repair of motor vehicles,6882,119695,78630,204095
2017,TLG3,West Midlands,G (45-47),Wholesale and retail trade; repair of motor vehicles,7361,118660,80425,204135
2018,TLG3,West Midlands,G (45-47),Wholesale and retail trade; repair of motor vehicles,7851,123115,77120,204690
2019,TLG3,West Midlands,G (45-47),Wholesale and retail trade; repair of motor vehicles,7511,117080,78320,198740
2020,TLG3,West Midlands,G (45-47),Wholesale and retail trade; repair of motor vehicles,6641,117540,74660,197560
2021,TLG3,West Midlands,G (45-47),Wholesale and retail trade; repair of motor vehicles,7909,114055,79120,198080
2022,TLG3,West Midlands,G (45-47),Wholesale and retail trade; repair of motor vehicles,8554,110950,72690,188985
2015,TLG3,West Midlands,H (49-53),Transportation and storage,2713,57330,12220,69440
2016,TLG3,West Midlands,H (49-53),Transportation and storage,2745,55470,10975,66310
2017,TLG3,West Midlands,H (49-53),Transportation and storage,2741,50215,9710,60625
2018,TLG3,West Midlands,H (49-53),Transportation and storage,2906,56440,11145,69075
2019,TLG3,West Midlands,H (49-53),Transportation and storage,3095,51695,16310,68160
2020,TLG3,West Midlands,H (49-53),Transportation and storage,2430,52030,16680,68105
2021,TLG3,West Midlands,H (49-53),Transportation and storage,2744,55920,9735,67715
2022,TLG3,West Midlands,H (49-53),Transportation and storage,3154,58215,17055,77200
2015,TLG3,West Midlands,I (55-56),Accommodation and food service activities,1531,27805,39190,69100
2016,TLG3,West Midlands,I (55-56),Accommodation and food service activities,1791,29800,39000,72615
2017,TLG3,West Midlands,I (55-56),Accommodation and food service activities,1899,28445,48295,78810
2018,TLG3,West Midlands,I (55-56),Accommodation and food service activities,2005,24090,40080,65810
2019,TLG3,West Midlands,I (55-56),Accommodation and food service activities,2110,28320,53390,85090
2020,TLG3,West Midlands,I (55-56),Accommodation and food service activities,1120,26430,46780,74715
2021,TLG3,West Midlands,I (55-56),Accommodation and food service activities,1508,27540,47560,76840
2022,TLG3,West Midlands,I (55-56),Accommodation and food service activities,1927,29115,44085,72390
2015,TLG3,West Midlands,J (58-63),Information and communication,2345,25785,3255,29700
2016,TLG3,West Midlands,J (58-63),Information and communication,2799,28075,3475,31265
2017,TLG3,West Midlands,J (58-63),Information and communication,2792,27575,4375,31125
2018,TLG3,West Midlands,J (58-63),Information and communication,3065,26260,4475,32375
2019,TLG3,West Midlands,J (58-63),Information and communication,3345,26485,4230,30520
2020,TLG3,West Midlands,J (58-63),Information and communication,2841,29060,4225,32225
2021,TLG3,West Midlands,J (58-63),Information and communication,2685,33640,6955,40845
2022,TLG3,West Midlands,J (58-63),Information and communication,2949,28585,5690,34560
2015,TLG3,West Midlands,K (64-66),Financial and insurance activities,4844,33560,7455,41075
2016,TLG3,West Midlands,K (64-66),Financial and insurance activities,5416,31520,7090,39280
2017,TLG3,West Midlands,K (64-66),Financial and insurance activities,5187,31210,6610,37670
2018,TLG3,West Midlands,K (64-66),Financial and insurance activities,5140,35610,6430,41930
2019,TLG3,West Midlands,K (64-66),Financial and insurance activities,5242,34270,7980,43155
2020,TLG3,West Midlands,K (64-66),Financial and insurance activities,5338,34510,7125,41985
2021,TLG3,West Midlands,K (64-66),Financial and insurance activities,5543,31280,6140,36960
2022,TLG3,West Midlands,K (64-66),Financial and insurance activities,6032,34185,5415,39235
2015,TLG3,West Midlands,M (69-75),"Professional, scientific and technical activities",3259,71055,16940,90975
2016,TLG3,West Midlands,M (69-75),"Professional, scientific and technical activities",3520,69715,18410,92420
2017,TLG3,West Midlands,M (69-75),"Professional, scientific and technical activities",3937,72950,21145,98725
2018,TLG3,West Midlands,M (69-75),"Professional, scientific and technical activities",3794,69060,22740,94470
2019,TLG3,West Midlands,M (69-75),"Professional, scientific and technical activities",3679,67570,15995,87775
2020,TLG3,West Midlands,M (69-75),"Professional, scientific and technical activities",3780,72200,19990,95250
2021,TLG3,West Midlands,M (69-75),"Professional, scientific and technical activities",4652,72585,22230,98430
2022,TLG3,West Midlands,M (69-75),"Professional, scientific and technical activities",5189,83685,20680,107080
2015,TLG3,West Midlands,N (77-82),Administrative and support service activities,3104,78050,36150,114160
2016,TLG3,West Midlands,N (77-82),Administrative and support service activities,3315,76245,35910,112215
2017,TLG3,West Midlands,N (77-82),Administrative and support service activities,3634,81990,38210,124835
2018,TLG3,West Midlands,N (77-82),Administrative and support service activities,3598,85690,51025,135205
2019,TLG3,West Midlands,N (77-82),Administrative and support service activities,3628,79200,55100,134600
2020,TLG3,West Midlands,N (77-82),Administrative and support service activities,3248,80820,49560,132660
2021,TLG3,West Midlands,N (77-82),Administrative and support service activities,3672,92895,47915,140935
2022,TLG3,West Midlands,N (77-82),Administrative and support service activities,4218,83390,48420,133915
2015,TLG3,West Midlands,O (84),Public administration and defence,2855,38500,11300,49350
2016,TLG3,West Midlands,O (84),Public administration and defence,3063,38600,11100,48600
2017,TLG3,West Midlands,O (84),Public administration and defence,3221,39200,11575,51850
2018,TLG3,West Midlands,O (84),Public administration and defence,3430,38200,10275,49850
2019,TLG3,West Midlands,O (84),Public administration and defence,3627,38700,11150,50100
2020,TLG3,West Midlands,O (84),Public administration and defence,3854,41900,9750,52100
2021,TLG3,West Midlands,O (84),Public administration and defence,3829,42650,11360,55450
2022,TLG3,West Midlands,O (84),Public administration and defence,4353,45100,10530,57150
2015,TLG3,West Midlands,P (85),Education,4617,74615,53320,127900
2016,TLG3,West Midlands,P (85),Education,4649,75300,50260,125550
2017,TLG3,West Midlands,P (85),Education,4939,74750,51725,128975
2018,TLG3,West Midlands,P (85),Education,5379,80375,50625,131975
2019,TLG3,West Midlands,P (85),Education,5738,76925,49375,125350
2020,TLG3,West Midlands,P (85),Education,6023,80175,49150,130225
2021,TLG3,West Midlands,P (85),Education,6250,77300,45900,123775
2022,TLG3,West Midlands,P (85),Education,6660,74825,49500,122150
2015,TLG3,West Midlands,Q (86-88),Human health and social work activities,5468,91775,61700,154400
2016,TLG3,West Midlands,Q (86-88),Human health and social work activities,5780,103300,76650,183250
2017,TLG3,West Midlands,Q (86-88),Human health and social work activities,5934,103100,73700,178250
2018,TLG3,West Midlands,Q (86-88),Human health and social work activities,6249,104600,71250,177750
2019,TLG3,West Midlands,Q (86-88),Human health and social work activities,6517,106950,72750,180250
2020,TLG3,West Midlands,Q (86-88),Human health and social work activities,6901,112250,68350,185000
2021,TLG3,West Midlands,Q (86-88),Human health and social work activities,7326,112250,84400,197500
2022,TLG3,West Midlands,Q (86-88),Human health and social work activities,7656,122250,78350,202000
2015,TLG3,West Midlands,R (90-93),"Arts, entertainment and recreation",672,10590,12210,23285
2016,TLG3,West Midlands,R (90-93),"Arts, entertainment and recreation",696,10010,14770,25585
2017,TLG3,West Midlands,R (90-93),"Arts, entertainment and recreation",745,9650,14585,24725
2018,TLG3,West Midlands,R (90-93),"Arts, entertainment and recreation",704,8365,11340,20225
2019,TLG3,West Midlands,R (90-93),"Arts, entertainment and recreation",800,10325,13345,23660
2020,TLG3,West Midlands,R (90-93),"Arts, entertainment and recreation",521,9665,10565,20360
2021,TLG3,West Midlands,R (90-93),"Arts, entertainment and recreation",794,13850,12155,26345
2022,TLG3,West Midlands,R (90-93),"Arts, entertainment and recreation",807,10110,10405,20675
2015,TLG3,West Midlands,S (94-96),Other service activities,1317,20310,8300,30155
2016,TLG3,West Midlands,S (94-96),Other service activities,1440,20300,10535,32650
2017,TLG3,West Midlands,S (94-96),Other service activities,1676,19040,10585,31175
2018,TLG3,West Midlands,S (94-96),Other service activities,1637,18360,12115,31750
2019,TLG3,West Midlands,S (94-96),Other service activities,1463,14860,10135,25750
2020,TLG3,West Midlands,S (94-96),Other service activities,1093,20275,11365,32625
2021,TLG3,West Midlands,S (94-96),Other service activities,1340,13965,8740,24775
2022,TLG3,West Midlands,S (94-96),Other service activities,1600,20200,12800,34165
2015,TLG3,West Midlands,T (97-98),Activities of households,19,0,0,0
2016,TLG3,West Midlands,T (97-98),Activities of households,31,0,0,0
2017,TLG3,West Midlands,T (97-98),Activities of households,22,0,0,0
2018,TLG3,West Midlands,T (97-98),Activities of households,37,0,0,0
2019,TLG3,West Midlands,T (97-98),Activities of households,39,0,0,0
2020,TLG3,West Midlands,T (97-98),Activities of households,28,0,0,0
2021,TLG3,West Midlands,T (97-98),Activities of households,23,0,0,0
2022,TLG3,West Midlands,T (97-98),Activities of households,32,0,0,0
2015,TLH1,East Anglia,A (1-3),"Agriculture, forestry and fishing",1086,14710,3405,30450
2016,TLH1,East Anglia,A (1-3),"Agriculture, forestry and fishing",1107,15825,2740,31560
2017,TLH1,East Anglia,A (1-3),"Agriculture, forestry and fishing",1087,16530,3180,32220
2018,TLH1,East Anglia,A (1-3),"Agriculture, forestry and fishing",1044,14925,2975,31655
2019,TLH1,East Anglia,A (1-3),"Agriculture, forestry and fishing",1231,15835,2815,33570
2020,TLH1,East Anglia,A (1-3),"Agriculture, forestry and fishing",1299,18635,2825,36370
2021,TLH1,East Anglia,A (1-3),"Agriculture, forestry and fishing",1576,14495,3135,32255
2022,TLH1,East Anglia,A (1-3),"Agriculture, forestry and fishing",1707,16295,3375,33635
2015,TLH1,East Anglia,B (5-9),Mining and quarrying,97,1280,20,1280
2016,TLH1,East Anglia,B (5-9),Mining and quarrying,72,910,115,1050
2017,TLH1,East Anglia,B (5-9),Mining and quarrying,60,1330,45,1485
2018,TLH1,East Anglia,B (5-9),Mining and quarrying,58,1215,35,1370
2019,TLH1,East Anglia,B (5-9),Mining and quarrying,72,1265,55,1390
2020,TLH1,East Anglia,B (5-9),Mining and quarrying,56,710,200,925
2021,TLH1,East Anglia,B (5-9),Mining and quarrying,57,1035,25,1040
2022,TLH1,East Anglia,B (5-9),Mining and quarrying,71,600,0,550
2015,TLH1,East Anglia,C (10-33),Manufacturing,7669,91440,8150,102695
2016,TLH1,East Anglia,C (10-33),Manufacturing,7357,95675,8705,105025
2017,TLH1,East Anglia,C (10-33),Manufacturing,7725,98580,9390,109915
2018,TLH1,East Anglia,C (10-33),Manufacturing,7727,94880,11145,106795
2019,TLH1,East Anglia,C (10-33),Manufacturing,7921,96355,10640,107555
2020,TLH1,East Anglia,C (10-33),Manufacturing,7611,88225,9425,101085
2021,TLH1,East Anglia,C (10-33),Manufacturing,8051,94920,9395,107105
2022,TLH1,East Anglia,C (10-33),Manufacturing,8744,95215,10615,106875
2015,TLH1,East Anglia,D (35),"Electricity, gas, steam and air conditioning supply",765,3275,150,3275
2016,TLH1,East Anglia,D (35),"Electricity, gas, steam and air conditioning supply",759,3380,280,3480
2017,TLH1,East Anglia,D (35),"Electricity, gas, steam and air conditioning supply",778,4030,220,4030
2018,TLH1,East Anglia,D (35),"Electricity, gas, steam and air conditioning supply",669,3390,275,3950
2019,TLH1,East Anglia,D (35),"Electricity, gas, steam and air conditioning supply",822,3260,260,3420
2020,TLH1,East Anglia,D (35),"Electricity, gas, steam and air conditioning supply",810,3210,550,3610
2021,TLH1,East Anglia,D (35),"Electricity, gas, steam and air conditioning supply",593,2825,170,2825
2022,TLH1,East Anglia,D (35),"Electricity, gas, steam and air conditioning supply",638,3950,205,3895
2015,TLH1,East Anglia,E (36-39),Water supply; sewerage and waste management,1025,9765,960,10565
2016,TLH1,East Anglia,E (36-39),Water supply; sewerage and waste management,1121,7720,765,8570
2017,TLH1,East Anglia,E (36-39),Water supply; sewerage and waste management,1206,7225,615,7975
2018,TLH1,East Anglia,E (36-39),Water supply; sewerage and waste management,1241,10710,1345,11910
2019,TLH1,East Anglia,E (36-39),Water supply; sewerage and waste management,1225,8560,770,9560
2020,TLH1,East Anglia,E (36-39),Water supply; sewerage and waste management,1228,9250,885,10150
2021,TLH1,East Anglia,E (36-39),Water supply; sewerage and waste management,1154,9245,620,9505
2022,TLH1,East Anglia,E (36-39),Water supply; sewerage and waste management,1224,8700,890,9230
2015,TLH1,East Anglia,F (41-43),Construction,3806,49360,6055,59435
2016,TLH1,East Anglia,F (41-43),Construction,4109,42695,8725,56245
2017,TLH1,East Anglia,F (41-43),Construction,4231,43850,7875,56250
2018,TLH1,East Anglia,F (41-43),Construction,4507,44310,6930,56410
2019,TLH1,East Anglia,F (41-43),Construction,4780,46910,9010,60985
2020,TLH1,East Anglia,F (41-43),Construction,4598,49185,8700,63620
2021,TLH1,East Anglia,F (41-43),Construction,4710,45865,10755,62970
2022,TLH1,East Anglia,F (41-43),Construction,5620,53345,10030,68295
2015,TLH1,East Anglia,G (45-47),Wholesale and retail trade; repair of motor vehicles,6024,114715,73135,192865
2016,TLH1,East Anglia,G (45-47),Wholesale and retail trade; repair of motor vehicles,6219,104525,73075,187920
2017,TLH1,East Anglia,G (45-47),Wholesale and retail trade; repair of motor vehicles,6419,102345,76055,184725
2018,TLH1,East Anglia,G (45-47),Wholesale and retail trade; repair of motor vehicles,6175,101890,75490,189070
2019,TLH1,East Anglia,G (45-47),Wholesale and retail trade; repair of motor vehicles,6846,98160,71945,176175
2020,TLH1,East Anglia,G (45-47),Wholesale and retail trade; repair of motor vehicles,6993,101345,76625,182375
2021,TLH1,East Anglia,G (45-47),Wholesale and retail trade; repair of motor vehicles,7374,97130,72940,177065
2022,TLH1,East Anglia,G (45-47),Wholesale and retail trade; repair of motor vehicles,7893,99855,72235,178855
2015,TLH1,East Anglia,H (49-53),Transportation and storage,2405,42295,6965,49890
2016,TLH1,East Anglia,H (49-53),Transportation and storage,2427,46355,7775,56660
2017,TLH1,East Anglia,H (49-53),Transportation and storage,2495,42765,6455,50805
2018,TLH1,East Anglia,H (49-53),Transportation and storage,2569,48065,9385,57750
2019,TLH1,East Anglia,H (49-53),Transportation and storage,2565,42980,8580,52675
2020,TLH1,East Anglia,H (49-53),Transportation and storage,2192,44070,11120,57080
2021,TLH1,East Anglia,H (49-53),Transportation and storage,2407,46060,9770,59220
2022,TLH1,East Anglia,H (49-53),Transportation and storage,2762,49645,7865,58845
2015,TLH1,East Anglia,I (55-56),Accommodation and food service activities,1584,28235,44670,76565
2016,TLH1,East Anglia,I (55-56),Accommodation and food service activities,1695,31710,43065,77475
2017,TLH1,East Anglia,I (55-56),Accommodation and food service activities,1900,32960,48235,84245
2018,TLH1,East Anglia,I (55-56),Accommodation and food service activities,1914,31085,50055,83740
2019,TLH1,East Anglia,I (55-56),Accommodation and food service activities,1899,34635,50200,86460
2020,TLH1,East Anglia,I (55-56),Accommodation and food service activities,1396,33735,51750,87735
2021,TLH1,East Anglia,I (55-56),Accommodation and food service activities,1682,33800,50730,87730
2022,TLH1,East Anglia,I (55-56),Accommodation and food service activities,2248,38735,58070,97980
2015,TLH1,East Anglia,J (58-63),Information and communication,2711,33490,5740,39140
2016,TLH1,East Anglia,J (58-63),Information and communication,3104,32270,7655,41235
2017,TLH1,East Anglia,J (58-63),Information and communication,3153,33215,6240,41035
2018,TLH1,East Anglia,J (58-63),Information and communication,3158,30695,7350,38335
2019,TLH1,East Anglia,J (58-63),Information and communication,3288,36160,7540,42725
2020,TLH1,East Anglia,J (58-63),Information and communication,3067,36905,7845,44795
2021,TLH1,East Anglia,J (58-63),Information and communication,3191,37050,8535,46045
2022,TLH1,East Anglia,J (58-63),Information and communication,3418,35715,6215,43575
2015,TLH1,East Anglia,K (64-66),Financial and insurance activities,2794,22605,4870,27620
2016,TLH1,East Anglia,K (64-66),Financial and insurance activities,2979,23025,6000,30550
2017,TLH1,East Anglia,K (64-66),Financial and insurance activities,3360,25525,4965,30125
2018,TLH1,East Anglia,K (64-66),Financial and insurance activities,3353,24520,5965,31700
2019,TLH1,East Anglia,K (64-66),Financial and insurance activities,3627,26235,5530,31810
2020,TLH1,East Anglia,K (64-66),Financial and insurance activities,3630,24120,5825,30910
2021,TLH1,East Anglia,K (64-66),Financial and insurance activities,3918,22545,5140,28880
2022,TLH1,East Anglia,K (64-66),Financial and insurance activities,4105,22710,5245,26735
2015,TLH1,East Anglia,M (69-75),"Professional, scientific and technical activities",3873,62430,16835,84560
2016,TLH1,East Anglia,M (69-75),"Professional, scientific and technical activities",3844,66420,15820,86595
2017,TLH1,East Anglia,M (69-75),"Professional, scientific and technical activities",4097,74165,20510,99710
2018,TLH1,East Anglia,M (69-75),"Professional, scientific and technical activities",3959,76500,19665,102100
2019,TLH1,East Anglia,M (69-75),"Professional, scientific and technical activities",4215,79965,21485,103950
2020,TLH1,East Anglia,M (69-75),"Professional, scientific and technical activities",4203,74265,18350,96975
2021,TLH1,East Anglia,M (69-75),"Professional, scientific and technical activities",4793,78455,18985,101190
2022,TLH1,East Anglia,M (69-75),"Professional, scientific and technical activities",5261,73435,18165,95150
2015,TLH1,East Anglia,N (77-82),Administrative and support service activities,2609,69505,34555,106320
2016,TLH1,East Anglia,N (77-82),Administrative and support service activities,2802,70890,39945,112630
2017,TLH1,East Anglia,N (77-82),Administrative and support service activities,3068,74590,33375,109865
2018,TLH1,East Anglia,N (77-82),Administrative and support service activities,3078,67120,34815,103235
2019,TLH1,East Anglia,N (77-82),Administrative and support service activities,3509,73745,29020,104550
2020,TLH1,East Anglia,N (77-82),Administrative and support service activities,2777,73090,30760,104540
2021,TLH1,East Anglia,N (77-82),Administrative and support service activities,3155,76820,29445,109085
2022,TLH1,East Anglia,N (77-82),Administrative and support service activities,3472,70575,26590,99370
2015,TLH1,East Anglia,O (84),Public administration and defence,2976,30450,11275,40750
2016,TLH1,East Anglia,O (84),Public administration and defence,3105,29600,12150,43000
2017,TLH1,East Anglia,O (84),Public administration and defence,3079,29250,10675,39750
2018,TLH1,East Anglia,O (84),Public administration and defence,3181,30050,11000,41000
2019,TLH1,East Anglia,O (84),Public administration and defence,3377,32550,12050,44550
2020,TLH1,East Anglia,O (84),Public administration and defence,3377,31700,12350,44100
2021,TLH1,East Anglia,O (84),Public administration and defence,3582,32950,12700,45500
2022,TLH1,East Anglia,O (84),Public administration and defence,3896,33850,11350,45000
2015,TLH1,East Anglia,P (85),Education,4075,54600,47175,101625
2016,TLH1,East Anglia,P (85),Education,4103,55600,47775,103250
2017,TLH1,East Anglia,P (85),Education,4304,53700,50975,106675
2018,TLH1,East Anglia,P (85),Education,4534,56675,52425,109600
2019,TLH1,East Anglia,P (85),Education,4807,57400,52300,111200
2020,TLH1,East Anglia,P (85),Education,4894,57750,48775,107025
2021,TLH1,East Anglia,P (85),Education,4977,61950,54175,114100
2022,TLH1,East Anglia,P (85),Education,5241,58200,51300,109250
2015,TLH1,East Anglia,Q (86-88),Human health and social work activities,4490,79700,62400,145100
2016,TLH1,East Anglia,Q (86-88),Human health and social work activities,4810,77350,67100,145250
2017,TLH1,East Anglia,Q (86-88),Human health and social work activities,5017,83300,71700,157900
2018,TLH1,East Anglia,Q (86-88),Human health and social work activities,5324,80550,64700,150100
2019,TLH1,East Anglia,Q (86-88),Human health and social work activities,5509,83150,65050,150300
2020,TLH1,East Anglia,Q (86-88),Human health and social work activities,6349,87300,68600,158250
2021,TLH1,East Anglia,Q (86-88),Human health and social work activities,6856,87750,63050,153250
2022,TLH1,East Anglia,Q (86-88),Human health and social work activities,6314,97750,62200,162800
2015,TLH1,East Anglia,R (90-93),"Arts, entertainment and recreation",638,10080,15015,26375
2016,TLH1,East Anglia,R (90-93),"Arts, entertainment and recreation",674,13410,18670,33325
2017,TLH1,East Anglia,R (90-93),"Arts, entertainment and recreation",752,13060,17610,31660
2018,TLH1,East Anglia,R (90-93),"Arts, entertainment and recreation",729,12565,13845,29005
2019,TLH1,East Anglia,R (90-93),"Arts, entertainment and recreation",861,13565,16565,30985
2020,TLH1,East Anglia,R (90-93),"Arts, entertainment and recreation",752,10265,12515,24855
2021,TLH1,East Anglia,R (90-93),"Arts, entertainment and recreation",701,11325,15030,26500
2022,TLH1,East Anglia,R (90-93),"Arts, entertainment and recreation",777,11100,14480,28450
2015,TLH1,East Anglia,S (94-96),Other service activities,980,14650,10295,25975
2016,TLH1,East Anglia,S (94-96),Other service activities,999,12440,8390,24060
2017,TLH1,East Anglia,S (94-96),Other service activities,1053,11840,8740,21910
2018,TLH1,East Anglia,S (94-96),Other service activities,1058,10620,8400,20755
2019,TLH1,East Anglia,S (94-96),Other service activities,1138,11885,9210,23190
2020,TLH1,East Anglia,S (94-96),Other service activities,953,12440,8665,21935
2021,TLH1,East Anglia,S (94-96),Other service activities,1057,10530,9145,21600
2022,TLH1,East Anglia,S (94-96),Other service activities,1226,12305,6540,19705
2015,TLH1,East Anglia,T (97-98),Activities of households,185,0,0,0
2016,TLH1,East Anglia,T (97-98),Activities of households,228,0,0,0
2017,TLH1,East Anglia,T (97-98),Activities of households,217,0,0,0
2018,TLH1,East Anglia,T (97-98),Activities of households,226,0,0,0
2019,TLH1,East Anglia,T (97-98),Activities of households,260,0,0,0
2020,TLH1,East Anglia,T (97-98),Activities of households,203,0,0,0
2021,TLH1,East Anglia,T (97-98),Activities of households,170,0,0,0
2022,TLH1,East Anglia,T (97-98),Activities of households,156,0,0,0
2015,TLH2,Bedfordshire and Hertfordshire,A (1-3),"Agriculture, forestry and fishing",122,1935,640,5170
2016,TLH2,Bedfordshire and Hertfordshire,A (1-3),"Agriculture, forestry and fishing",102,2200,440,5395
2017,TLH2,Bedfordshire and Hertfordshire,A (1-3),"Agriculture, forestry and fishing",119,2080,615,5365
2018,TLH2,Bedfordshire and Hertfordshire,A (1-3),"Agriculture, forestry and fishing",133,1940,610,5195
2019,TLH2,Bedfordshire and Hertfordshire,A (1-3),"Agriculture, forestry and fishing",155,2230,520,5375
2020,TLH2,Bedfordshire and Hertfordshire,A (1-3),"Agriculture, forestry and fishing",131,3130,515,6780
2021,TLH2,Bedfordshire and Hertfordshire,A (1-3),"Agriculture, forestry and fishing",189,2180,590,5565
2022,TLH2,Bedfordshire and Hertfordshire,A (1-3),"Agriculture, forestry and fishing",246,2775,765,6190
2015,TLH2,Bedfordshire and Hertfordshire,B (5-9),Mining and quarrying,19,140,0,145
2016,TLH2,Bedfordshire and Hertfordshire,B (5-9),Mining and quarrying,19,150,5,160
2017,TLH2,Bedfordshire and Hertfordshire,B (5-9),Mining and quarrying,22,250,5,260
2018,TLH2,Bedfordshire and Hertfordshire,B (5-9),Mining and quarrying,24,210,0,210
2019,TLH2,Bedfordshire and Hertfordshire,B (5-9),Mining and quarrying,27,220,0,220
2020,TLH2,Bedfordshire and Hertfordshire,B (5-9),Mining and quarrying,24,210,5,215
2021,TLH2,Bedfordshire and Hertfordshire,B (5-9),Mining and quarrying,18,220,0,220
2022,TLH2,Bedfordshire and Hertfordshire,B (5-9),Mining and quarrying,22,185,0,185
2015,TLH2,Bedfordshire and Hertfordshire,C (10-33),Manufacturing,5830,52105,4490,58310
2016,TLH2,Bedfordshire and Hertfordshire,C (10-33),Manufacturing,6081,54645,5455,60625
2017,TLH2,Bedfordshire and Hertfordshire,C (10-33),Manufacturing,6244,57260,5425,63455
2018,TLH2,Bedfordshire and Hertfordshire,C (10-33),Manufacturing,6074,52195,6120,58665
2019,TLH2,Bedfordshire and Hertfordshire,C (10-33),Manufacturing,6178,52165,5260,58035
2020,TLH2,Bedfordshire and Hertfordshire,C (10-33),Manufacturing,6127,47865,4895,53525
2021,TLH2,Bedfordshire and Hertfordshire,C (10-33),Manufacturing,6224,51120,5055,56215
2022,TLH2,Bedfordshire and Hertfordshire,C (10-33),Manufacturing,6586,50420,5775,57000
2015,TLH2,Bedfordshire and Hertfordshire,D (35),"Electricity, gas, steam and air conditioning supply",377,1370,160,1595
2016,TLH2,Bedfordshire and Hertfordshire,D (35),"Electricity, gas, steam and air conditioning supply",359,1250,185,1525
2017,TLH2,Bedfordshire and Hertfordshire,D (35),"Electricity, gas, steam and air conditioning supply",425,1850,350,1965
2018,TLH2,Bedfordshire and Hertfordshire,D (35),"Electricity, gas, steam and air conditioning supply",372,2035,390,2430
2019,TLH2,Bedfordshire and Hertfordshire,D (35),"Electricity, gas, steam and air conditioning supply",431,1145,520,1735
2020,TLH2,Bedfordshire and Hertfordshire,D (35),"Electricity, gas, steam and air conditioning supply",224,1450,750,2205
2021,TLH2,Bedfordshire and Hertfordshire,D (35),"Electricity, gas, steam and air conditioning supply",203,1330,160,1425
2022,TLH2,Bedfordshire and Hertfordshire,D (35),"Electricity, gas, steam and air conditioning supply",263,1915,50,1915
2015,TLH2,Bedfordshire and Hertfordshire,E (36-39),Water supply; sewerage and waste management,506,4810,420,5820
2016,TLH2,Bedfordshire and Hertfordshire,E (36-39),Water supply; sewerage and waste management,571,4930,530,5230
2017,TLH2,Bedfordshire and Hertfordshire,E (36-39),Water supply; sewerage and waste management,605,4425,275,4450
2018,TLH2,Bedfordshire and Hertfordshire,E (36-39),Water supply; sewerage and waste management,592,6280,715,6930
2019,TLH2,Bedfordshire and Hertfordshire,E (36-39),Water supply; sewerage and waste management,606,4800,245,5200
2020,TLH2,Bedfordshire and Hertfordshire,E (36-39),Water supply; sewerage and waste management,731,5645,485,6220
2021,TLH2,Bedfordshire and Hertfordshire,E (36-39),Water supply; sewerage and waste management,805,4310,190,5110
2022,TLH2,Bedfordshire and Hertfordshire,E (36-39),Water supply; sewerage and waste management,807,5110,495,5610
2015,TLH2,Bedfordshire and Hertfordshire,F (41-43),Construction,4721,47325,5005,55405
2016,TLH2,Bedfordshire and Hertfordshire,F (41-43),Construction,4842,42150,8055,52805
2017,TLH2,Bedfordshire and Hertfordshire,F (41-43),Construction,5129,44175,7185,53780
2018,TLH2,Bedfordshire and Hertfordshire,F (41-43),Construction,5264,46080,7125,57060
2019,TLH2,Bedfordshire and Hertfordshire,F (41-43),Construction,5258,47345,8735,60070
2020,TLH2,Bedfordshire and Hertfordshire,F (41-43),Construction,4561,51955,8475,62535
2021,TLH2,Bedfordshire and Hertfordshire,F (41-43),Construction,4738,45870,9820,58150
2022,TLH2,Bedfordshire and Hertfordshire,F (41-43),Construction,5480,53840,9550,67020
2015,TLH2,Bedfordshire and Hertfordshire,G (45-47),Wholesale and retail trade; repair of motor vehicles,6645,98015,53390,155620
2016,TLH2,Bedfordshire and Hertfordshire,G (45-47),Wholesale and retail trade; repair of motor vehicles,6563,99050,51830,155355
2017,TLH2,Bedfordshire and Hertfordshire,G (45-47),Wholesale and retail trade; repair of motor vehicles,7415,95455,56730,154235
2018,TLH2,Bedfordshire and Hertfordshire,G (45-47),Wholesale and retail trade; repair of motor vehicles,7539,95355,55890,154225
2019,TLH2,Bedfordshire and Hertfordshire,G (45-47),Wholesale and retail trade; repair of motor vehicles,7586,94975,52545,149150
2020,TLH2,Bedfordshire and Hertfordshire,G (45-47),Wholesale and retail trade; repair of motor vehicles,7130,92755,52580,146660
2021,TLH2,Bedfordshire and Hertfordshire,G (45-47),Wholesale and retail trade; repair of motor vehicles,8112,83520,50940,138635
2022,TLH2,Bedfordshire and Hertfordshire,G (45-47),Wholesale and retail trade; repair of motor vehicles,9008,89825,50230,142840
2015,TLH2,Bedfordshire and Hertfordshire,H (49-53),Transportation and storage,1851,28975,4480,35460
2016,TLH2,Bedfordshire and Hertfordshire,H (49-53),Transportation and storage,2045,37415,6105,46985
2017,TLH2,Bedfordshire and Hertfordshire,H (49-53),Transportation and storage,2281,40850,5555,47815
2018,TLH2,Bedfordshire and Hertfordshire,H (49-53),Transportation and storage,2377,46405,7460,54420
2019,TLH2,Bedfordshire and Hertfordshire,H (49-53),Transportation and storage,2514,37065,6750,44345
2020,TLH2,Bedfordshire and Hertfordshire,H (49-53),Transportation and storage,2215,38100,8750,48970
2021,TLH2,Bedfordshire and Hertfordshire,H (49-53),Transportation and storage,2273,39140,7910,49585
2022,TLH2,Bedfordshire and Hertfordshire,H (49-53),Transportation and storage,2707,41980,5715,48235
2015,TLH2,Bedfordshire and Hertfordshire,I (55-56),Accommodation and food service activities,1212,18725,31165,50320
2016,TLH2,Bedfordshire and Hertfordshire,I (55-56),Accommodation and food service activities,1311,21060,30460,54195
2017,TLH2,Bedfordshire and Hertfordshire,I (55-56),Accommodation and food service activities,1392,21325,32650,57145
2018,TLH2,Bedfordshire and Hertfordshire,I (55-56),Accommodation and food service activities,1442,20310,33660,54620
2019,TLH2,Bedfordshire and Hertfordshire,I (55-56),Accommodation and food service activities,1417,22260,34645,57195
2020,TLH2,Bedfordshire and Hertfordshire,I (55-56),Accommodation and food service activities,929,21350,35210,57745
2021,TLH2,Bedfordshire and Hertfordshire,I (55-56),Accommodation and food service activities,1551,22965,35150,56585
2022,TLH2,Bedfordshire and Hertfordshire,I (55-56),Accommodation and food service activities,2085,26875,39695,67735
2015,TLH2,Bedfordshire and Hertfordshire,J (58-63),Information and communication,2940,33515,6120,39280
2016,TLH2,Bedfordshire and Hertfordshire,J (58-63),Information and communication,3127,30670,8400,40260
2017,TLH2,Bedfordshire and Hertfordshire,J (58-63),Information and communication,3271,30100,6650,38355
2018,TLH2,Bedfordshire and Hertfordshire,J (58-63),Information and communication,3096,29045,9325,38955
2019,TLH2,Bedfordshire and Hertfordshire,J (58-63),Information and communication,3464,33055,9850,43130
2020,TLH2,Bedfordshire and Hertfordshire,J (58-63),Information and communication,3377,31930,9290,42640
2021,TLH2,Bedfordshire and Hertfordshire,J (58-63),Information and communication,3209,33855,10860,43805
2022,TLH2,Bedfordshire and Hertfordshire,J (58-63),Information and communication,3378,31115,8020,40290
2015,TLH2,Bedfordshire and Hertfordshire,K (64-66),Financial and insurance activities,1794,12315,2615,15195
2016,TLH2,Bedfordshire and Hertfordshire,K (64-66),Financial and insurance activities,1921,11615,3775,15765
2017,TLH2,Bedfordshire and Hertfordshire,K (64-66),Financial and insurance activities,2210,12275,2830,15755
2018,TLH2,Bedfordshire and Hertfordshire,K (64-66),Financial and insurance activities,2275,12695,3645,16820
2019,TLH2,Bedfordshire and Hertfordshire,K (64-66),Financial and insurance activities,2294,14070,3695,17800
2020,TLH2,Bedfordshire and Hertfordshire,K (64-66),Financial and insurance activities,2135,12290,3960,16560
2021,TLH2,Bedfordshire and Hertfordshire,K (64-66),Financial and insurance activities,2412,10845,3155,14105
2022,TLH2,Bedfordshire and Hertfordshire,K (64-66),Financial and insurance activities,2465,11205,3070,14235
2015,TLH2,Bedfordshire and Hertfordshire,M (69-75),"Professional, scientific and technical activities",3615,69745,24415,99040
2016,TLH2,Bedfordshire and Hertfordshire,M (69-75),"Professional, scientific and technical activities",3888,78090,19900,101325
2017,TLH2,Bedfordshire and Hertfordshire,M (69-75),"Professional, scientific and technical activities",4342,86500,24985,113775
2018,TLH2,Bedfordshire and Hertfordshire,M (69-75),"Professional, scientific and technical activities",4252,81910,24870,110195
2019,TLH2,Bedfordshire and Hertfordshire,M (69-75),"Professional, scientific and technical activities",4456,81295,23770,109230
2020,TLH2,Bedfordshire and Hertfordshire,M (69-75),"Professional, scientific and technical activities",4104,77510,22300,103415
2021,TLH2,Bedfordshire and Hertfordshire,M (69-75),"Professional, scientific and technical activities",5055,71550,30915,105530
2022,TLH2,Bedfordshire and Hertfordshire,M (69-75),"Professional, scientific and technical activities",5501,68925,20185,89880
2015,TLH2,Bedfordshire and Hertfordshire,N (77-82),Administrative and support service activities,3189,55985,53985,110005
2016,TLH2,Bedfordshire and Hertfordshire,N (77-82),Administrative and support service activities,3367,59295,63060,123275
2017,TLH2,Bedfordshire and Hertfordshire,N (77-82),Administrative and support service activities,3833,61490,62730,125835
2018,TLH2,Bedfordshire and Hertfordshire,N (77-82),Administrative and support service activities,4193,59635,61665,123640
2019,TLH2,Bedfordshire and Hertfordshire,N (77-82),Administrative and support service activities,4427,66175,57295,125205
2020,TLH2,Bedfordshire and Hertfordshire,N (77-82),Administrative and support service activities,4067,66205,62955,131610
2021,TLH2,Bedfordshire and Hertfordshire,N (77-82),Administrative and support service activities,4569,120225,39240,162255
2022,TLH2,Bedfordshire and Hertfordshire,N (77-82),Administrative and support service activities,5202,113575,36235,152090
2015,TLH2,Bedfordshire and Hertfordshire,O (84),Public administration and defence,1668,17800,5225,23700
2016,TLH2,Bedfordshire and Hertfordshire,O (84),Public administration and defence,1720,17800,7250,25800
2017,TLH2,Bedfordshire and Hertfordshire,O (84),Public administration and defence,1632,16350,4950,21800
2018,TLH2,Bedfordshire and Hertfordshire,O (84),Public administration and defence,1719,18100,5075,22350
2019,TLH2,Bedfordshire and Hertfordshire,O (84),Public administration and defence,1831,19000,4825,23350
2020,TLH2,Bedfordshire and Hertfordshire,O (84),Public administration and defence,1878,19300,5000,24300
2021,TLH2,Bedfordshire and Hertfordshire,O (84),Public administration and defence,1912,19350,4350,22450
2022,TLH2,Bedfordshire and Hertfordshire,O (84),Public administration and defence,2203,21000,4240,23750
2015,TLH2,Bedfordshire and Hertfordshire,P (85),Education,2704,36695,36400,75125
2016,TLH2,Bedfordshire and Hertfordshire,P (85),Education,2768,38970,38200,76850
2017,TLH2,Bedfordshire and Hertfordshire,P (85),Education,2780,35300,36600,73150
2018,TLH2,Bedfordshire and Hertfordshire,P (85),Education,3019,38550,38875,76900
2019,TLH2,Bedfordshire and Hertfordshire,P (85),Education,3360,39100,40650,78650
2020,TLH2,Bedfordshire and Hertfordshire,P (85),Education,3155,38550,36050,76275
2021,TLH2,Bedfordshire and Hertfordshire,P (85),Education,3402,44250,39275,83075
2022,TLH2,Bedfordshire and Hertfordshire,P (85),Education,3500,39425,35550,74925
2015,TLH2,Bedfordshire and Hertfordshire,Q (86-88),Human health and social work activities,2785,47075,34250,81850
2016,TLH2,Bedfordshire and Hertfordshire,Q (86-88),Human health and social work activities,2677,44800,36550,81200
2017,TLH2,Bedfordshire and Hertfordshire,Q (86-88),Human health and social work activities,3056,49850,40350,90500
2018,TLH2,Bedfordshire and Hertfordshire,Q (86-88),Human health and social work activities,3084,49450,39675,88500
2019,TLH2,Bedfordshire and Hertfordshire,Q (86-88),Human health and social work activities,3268,48975,40275,89850
2020,TLH2,Bedfordshire and Hertfordshire,Q (86-88),Human health and social work activities,3440,53650,43950,98300
2021,TLH2,Bedfordshire and Hertfordshire,Q (86-88),Human health and social work activities,3806,55750,40200,98450
2022,TLH2,Bedfordshire and Hertfordshire,Q (86-88),Human health and social work activities,3688,59975,35650,94900
2015,TLH2,Bedfordshire and Hertfordshire,R (90-93),"Arts, entertainment and recreation",666,7340,9880,17575
2016,TLH2,Bedfordshire and Hertfordshire,R (90-93),"Arts, entertainment and recreation",710,8870,12725,23015
2017,TLH2,Bedfordshire and Hertfordshire,R (90-93),"Arts, entertainment and recreation",875,9795,13280,22590
2018,TLH2,Bedfordshire and Hertfordshire,R (90-93),"Arts, entertainment and recreation",971,9730,10425,20655
2019,TLH2,Bedfordshire and Hertfordshire,R (90-93),"Arts, entertainment and recreation",1130,9700,12065,22995
2020,TLH2,Bedfordshire and Hertfordshire,R (90-93),"Arts, entertainment and recreation",1148,7665,9905,18955
2021,TLH2,Bedfordshire and Hertfordshire,R (90-93),"Arts, entertainment and recreation",857,8310,10900,19110
2022,TLH2,Bedfordshire and Hertfordshire,R (90-93),"Arts, entertainment and recreation",876,8140,11375,21425
2015,TLH2,Bedfordshire and Hertfordshire,S (94-96),Other service activities,911,15875,8250,25075
2016,TLH2,Bedfordshire and Hertfordshire,S (94-96),Other service activities,1014,12975,6185,21065
2017,TLH2,Bedfordshire and Hertfordshire,S (94-96),Other service activities,1008,11440,6295,18695
2018,TLH2,Bedfordshire and Hertfordshire,S (94-96),Other service activities,993,11040,6225,18550
2019,TLH2,Bedfordshire and Hertfordshire,S (94-96),Other service activities,991,11550,6925,19450
2020,TLH2,Bedfordshire and Hertfordshire,S (94-96),Other service activities,821,11910,6565,19215
2021,TLH2,Bedfordshire and Hertfordshire,S (94-96),Other service activities,1149,11385,7130,19790
2022,TLH2,Bedfordshire and Hertfordshire,S (94-96),Other service activities,1357,12440,5170,17235
2015,TLH2,Bedfordshire and Hertfordshire,T (97-98),Activities of households,86,0,0,0
2016,TLH2,Bedfordshire and Hertfordshire,T (97-98),Activities of households,96,0,0,0
2017,TLH2,Bedfordshire and Hertfordshire,T (97-98),Activities of households,101,0,0,0
2018,TLH2,Bedfordshire and Hertfordshire,T (97-98),Activities of households,111,0,0,0
2019,TLH2,Bedfordshire and Hertfordshire,T (97-98),Activities of households,105,0,0,0
2020,TLH2,Bedfordshire and Hertfordshire,T (97-98),Activities of households,81,0,0,0
2021,TLH2,Bedfordshire and Hertfordshire,T (97-98),Activities of households,102,0,0,0
2022,TLH2,Bedfordshire and Hertfordshire,T (97-98),Activities of households,98,0,0,0
2015,TLH3,Essex,A (1-3),"Agriculture, forestry and fishing",187,3270,1020,8540
2016,TLH3,Essex,A (1-3),"Agriculture, forestry and fishing",164,4000,845,8730
2017,TLH3,Essex,A (1-3),"Agriculture, forestry and fishing",179,3945,1005,8640
2018,TLH3,Essex,A (1-3),"Agriculture, forestry and fishing",193,3810,935,8545
2019,TLH3,Essex,A (1-3),"Agriculture, forestry and fishing",216,4165,865,8885
2020,TLH3,Essex,A (1-3),"Agriculture, forestry and fishing",192,5120,870,9865
2021,TLH3,Essex,A (1-3),"Agriculture, forestry and fishing",297,3575,880,8010
2022,TLH3,Essex,A (1-3),"Agriculture, forestry and fishing",377,4290,1100,9795
2015,TLH3,Essex,B (5-9),Mining and quarrying,41,180,0,180
2016,TLH3,Essex,B (5-9),Mining and quarrying,35,215,30,270
2017,TLH3,Essex,B (5-9),Mining and quarrying,30,105,10,145
2018,TLH3,Essex,B (5-9),Mining and quarrying,37,255,0,280
2019,TLH3,Essex,B (5-9),Mining and quarrying,40,265,0,270
2020,TLH3,Essex,B (5-9),Mining and quarrying,27,245,30,270
2021,TLH3,Essex,B (5-9),Mining and quarrying,48,300,5,315
2022,TLH3,Essex,B (5-9),Mining and quarrying,55,235,0,235
2015,TLH3,Essex,C (10-33),Manufacturing,3949,41720,4110,46755
2016,TLH3,Essex,C (10-33),Manufacturing,4199,45020,4810,50290
2017,TLH3,Essex,C (10-33),Manufacturing,4225,44320,5405,50425
2018,TLH3,Essex,C (10-33),Manufacturing,4175,41680,5510,48100
2019,TLH3,Essex,C (10-33),Manufacturing,4110,41215,5795,48265
2020,TLH3,Essex,C (10-33),Manufacturing,3798,36995,4515,42510
2021,TLH3,Essex,C (10-33),Manufacturing,3894,40890,4755,46645
2022,TLH3,Essex,C (10-33),Manufacturing,4363,41660,5480,47355
2015,TLH3,Essex,D (35),"Electricity, gas, steam and air conditioning supply",256,620,10,630
2016,TLH3,Essex,D (35),"Electricity, gas, steam and air conditioning supply",204,660,30,635
2017,TLH3,Essex,D (35),"Electricity, gas, steam and air conditioning supply",225,715,95,800
2018,TLH3,Essex,D (35),"Electricity, gas, steam and air conditioning supply",218,795,45,830
2019,TLH3,Essex,D (35),"Electricity, gas, steam and air conditioning supply",250,620,55,660
2020,TLH3,Essex,D (35),"Electricity, gas, steam and air conditioning supply",162,555,190,760
2021,TLH3,Essex,D (35),"Electricity, gas, steam and air conditioning supply",125,745,25,745
2022,TLH3,Essex,D (35),"Electricity, gas, steam and air conditioning supply",149,1000,15,1050
2015,TLH3,Essex,E (36-39),Water supply; sewerage and waste management,593,7890,515,8620
2016,TLH3,Essex,E (36-39),Water supply; sewerage and waste management,563,5555,395,5780
2017,TLH3,Essex,E (36-39),Water supply; sewerage and waste management,606,4755,260,5155
2018,TLH3,Essex,E (36-39),Water supply; sewerage and waste management,660,7950,850,8800
2019,TLH3,Essex,E (36-39),Water supply; sewerage and waste management,610,5895,345,6520
2020,TLH3,Essex,E (36-39),Water supply; sewerage and waste management,748,7035,730,8265
2021,TLH3,Essex,E (36-39),Water supply; sewerage and waste management,709,5665,380,6265
2022,TLH3,Essex,E (36-39),Water supply; sewerage and waste management,705,6170,890,6870
2015,TLH3,Essex,F (41-43),Construction,4220,43820,5365,52900
2016,TLH3,Essex,F (41-43),Construction,4273,37885,9155,49900
2017,TLH3,Essex,F (41-43),Construction,4849,40345,7495,51320
2018,TLH3,Essex,F (41-43),Construction,5095,41370,6845,52105
2019,TLH3,Essex,F (41-43),Construction,5150,44645,9225,56470
2020,TLH3,Essex,F (41-43),Construction,4000,48680,8620,62165
2021,TLH3,Essex,F (41-43),Construction,4833,44335,10570,57285
2022,TLH3,Essex,F (41-43),Construction,5629,52505,10450,65265
2015,TLH3,Essex,G (45-47),Wholesale and retail trade; repair of motor vehicles,4592,75330,53665,133745
2016,TLH3,Essex,G (45-47),Wholesale and retail trade; repair of motor vehicles,4741,68985,53305,128530
2017,TLH3,Essex,G (45-47),Wholesale and retail trade; repair of motor vehicles,5297,71235,54505,129350
2018,TLH3,Essex,G (45-47),Wholesale and retail trade; repair of motor vehicles,5488,72510,56440,133245
2019,TLH3,Essex,G (45-47),Wholesale and retail trade; repair of motor vehicles,5468,70660,53455,125945
2020,TLH3,Essex,G (45-47),Wholesale and retail trade; repair of motor vehicles,5355,70030,54380,128140
2021,TLH3,Essex,G (45-47),Wholesale and retail trade; repair of motor vehicles,6511,67220,50160,120860
2022,TLH3,Essex,G (45-47),Wholesale and retail trade; repair of motor vehicles,7338,70390,52570,125550
2015,TLH3,Essex,H (49-53),Transportation and storage,1928,31205,6425,38430
2016,TLH3,Essex,H (49-53),Transportation and storage,1976,34850,7340,43405
2017,TLH3,Essex,H (49-53),Transportation and storage,2022,32590,7070,42520
2018,TLH3,Essex,H (49-53),Transportation and storage,2143,38425,8900,48785
2019,TLH3,Essex,H (49-53),Transportation and storage,2286,32610,8555,41930
2020,TLH3,Essex,H (49-53),Transportation and storage,1917,41455,10785,53865
2021,TLH3,Essex,H (49-53),Transportation and storage,2136,39585,9865,51045
2022,TLH3,Essex,H (49-53),Transportation and storage,2430,44515,8205,53705
2015,TLH3,Essex,I (55-56),Accommodation and food service activities,1037,17890,29285,48325
2016,TLH3,Essex,I (55-56),Accommodation and food service activities,1165,20155,29445,50625
2017,TLH3,Essex,I (55-56),Accommodation and food service activities,1149,19295,30615,51375
2018,TLH3,Essex,I (55-56),Accommodation and food service activities,1239,18000,31225,52700
2019,TLH3,Essex,I (55-56),Accommodation and food service activities,1215,19820,31015,52840
2020,TLH3,Essex,I (55-56),Accommodation and food service activities,826,18980,31990,51515
2021,TLH3,Essex,I (55-56),Accommodation and food service activities,1081,19080,32970,54125
2022,TLH3,Essex,I (55-56),Accommodation and food service activities,1481,23140,38210,62125
2015,TLH3,Essex,J (58-63),Information and communication,1345,19745,5210,25160
2016,TLH3,Essex,J (58-63),Information and communication,1329,17485,6425,24435
2017,TLH3,Essex,J (58-63),Information and communication,1342,17570,4040,22205
2018,TLH3,Essex,J (58-63),Information and communication,1423,15140,4360,19485
2019,TLH3,Essex,J (58-63),Information and communication,1486,17495,4640,21745
2020,TLH3,Essex,J (58-63),Information and communication,1386,17090,4465,21800
2021,TLH3,Essex,J (58-63),Information and communication,1537,18190,4905,23925
2022,TLH3,Essex,J (58-63),Information and communication,1592,14970,3580,19100
2015,TLH3,Essex,K (64-66),Financial and insurance activities,2054,15485,3510,18750
2016,TLH3,Essex,K (64-66),Financial and insurance activities,2095,14175,4140,18615
2017,TLH3,Essex,K (64-66),Financial and insurance activities,2535,16385,3445,20260
2018,TLH3,Essex,K (64-66),Financial and insurance activities,2447,15095,4405,20035
2019,TLH3,Essex,K (64-66),Financial and insurance activities,2447,15840,3725,19990
2020,TLH3,Essex,K (64-66),Financial and insurance activities,2444,13625,4835,19090
2021,TLH3,Essex,K (64-66),Financial and insurance activities,2538,13155,3915,17850
2022,TLH3,Essex,K (64-66),Financial and insurance activities,3120,22540,4765,26775
2015,TLH3,Essex,M (69-75),"Professional, scientific and technical activities",2180,37655,12370,52525
2016,TLH3,Essex,M (69-75),"Professional, scientific and technical activities",2340,41495,13250,57370
2017,TLH3,Essex,M (69-75),"Professional, scientific and technical activities",2683,45555,15145,65190
2018,TLH3,Essex,M (69-75),"Professional, scientific and technical activities",2687,46140,14960,65450
2019,TLH3,Essex,M (69-75),"Professional, scientific and technical activities",2755,45045,14935,61775
2020,TLH3,Essex,M (69-75),"Professional, scientific and technical activities",2371,43820,13705,58255
2021,TLH3,Essex,M (69-75),"Professional, scientific and technical activities",2834,43480,13525,59410
2022,TLH3,Essex,M (69-75),"Professional, scientific and technical activities",3147,33245,12055,48950
2015,TLH3,Essex,N (77-82),Administrative and support service activities,1621,36795,20225,58825
2016,TLH3,Essex,N (77-82),Administrative and support service activities,1730,36555,27005,66120
2017,TLH3,Essex,N (77-82),Administrative and support service activities,1940,36820,21910,61195
2018,TLH3,Essex,N (77-82),Administrative and support service activities,2048,33250,25075,58750
2019,TLH3,Essex,N (77-82),Administrative and support service activities,2114,36130,21115,59605
2020,TLH3,Essex,N (77-82),Administrative and support service activities,1952,38170,24520,63335
2021,TLH3,Essex,N (77-82),Administrative and support service activities,2011,45140,20955,69385
2022,TLH3,Essex,N (77-82),Administrative and support service activities,2408,42115,21405,63280
2015,TLH3,Essex,O (84),Public administration and defence,1393,16400,5825,21300
2016,TLH3,Essex,O (84),Public administration and defence,1526,18450,6600,24350
2017,TLH3,Essex,O (84),Public administration and defence,1535,16300,5450,20950
2018,TLH3,Essex,O (84),Public administration and defence,1548,16250,5400,21800
2019,TLH3,Essex,O (84),Public administration and defence,1695,17700,5850,23900
2020,TLH3,Essex,O (84),Public administration and defence,1684,17550,5850,23550
2021,TLH3,Essex,O (84),Public administration and defence,1856,17250,9050,27100
2022,TLH3,Essex,O (84),Public administration and defence,1946,21100,7940,28800
2015,TLH3,Essex,P (85),Education,1911,29080,32230,61035
2016,TLH3,Essex,P (85),Education,1975,30585,33410,64770
2017,TLH3,Essex,P (85),Education,1999,28660,35810,64515
2018,TLH3,Essex,P (85),Education,2143,30580,37705,69810
2019,TLH3,Essex,P (85),Education,2299,30805,34405,67710
2020,TLH3,Essex,P (85),Education,2254,31830,30105,62960
2021,TLH3,Essex,P (85),Education,2565,35380,34230,71215
2022,TLH3,Essex,P (85),Education,2653,32705,28405,61260
2015,TLH3,Essex,Q (86-88),Human health and social work activities,2895,52925,39350,91900
2016,TLH3,Essex,Q (86-88),Human health and social work activities,3141,52650,40925,96300
2017,TLH3,Essex,Q (86-88),Human health and social work activities,3411,55400,44575,100500
2018,TLH3,Essex,Q (86-88),Human health and social work activities,3427,51950,41625,95850
2019,TLH3,Essex,Q (86-88),Human health and social work activities,3546,53850,41050,96100
2020,TLH3,Essex,Q (86-88),Human health and social work activities,3540,54625,43745,99425
2021,TLH3,Essex,Q (86-88),Human health and social work activities,3981,57700,38725,97150
2022,TLH3,Essex,Q (86-88),Human health and social work activities,3951,58950,35300,94750
2015,TLH3,Essex,R (90-93),"Arts, entertainment and recreation",461,6210,9325,16785
2016,TLH3,Essex,R (90-93),"Arts, entertainment and recreation",460,7280,11550,19540
2017,TLH3,Essex,R (90-93),"Arts, entertainment and recreation",494,7480,12350,20285
2018,TLH3,Essex,R (90-93),"Arts, entertainment and recreation",491,7775,10210,18625
2019,TLH3,Essex,R (90-93),"Arts, entertainment and recreation",576,7780,10270,18860
2020,TLH3,Essex,R (90-93),"Arts, entertainment and recreation",443,6085,8785,14805
2021,TLH3,Essex,R (90-93),"Arts, entertainment and recreation",442,6260,9435,16210
2022,TLH3,Essex,R (90-93),"Arts, entertainment and recreation",539,6305,10225,17665
2015,TLH3,Essex,S (94-96),Other service activities,676,9980,6815,17490
2016,TLH3,Essex,S (94-96),Other service activities,618,8215,5210,14450
2017,TLH3,Essex,S (94-96),Other service activities,652,7605,5365,13370
2018,TLH3,Essex,S (94-96),Other service activities,679,6815,4875,12725
2019,TLH3,Essex,S (94-96),Other service activities,685,7815,5805,14715
2020,TLH3,Essex,S (94-96),Other service activities,585,7355,5030,12620
2021,TLH3,Essex,S (94-96),Other service activities,693,7160,6220,14280
2022,TLH3,Essex,S (94-96),Other service activities,849,8345,4375,12765
2015,TLH3,Essex,T (97-98),Activities of households,62,0,0,0
2016,TLH3,Essex,T (97-98),Activities of households,74,0,0,0
2017,TLH3,Essex,T (97-98),Activities of households,62,0,0,0
2018,TLH3,Essex,T (97-98),Activities of households,57,0,0,0
2019,TLH3,Essex,T (97-98),Activities of households,70,0,0,0
2020,TLH3,Essex,T (97-98),Activities of households,52,0,0,0
2021,TLH3,Essex,T (97-98),Activities of households,88,0,0,0
2022,TLH3,Essex,T (97-98),Activities of households,74,0,0,0
2015,TLI3,Inner London - West,A (1-3),"Agriculture, forestry and fishing",10,155,25,205
2016,TLI3,Inner London - West,A (1-3),"Agriculture, forestry and fishing",11,175,5,180
2017,TLI3,Inner London - West,A (1-3),"Agriculture, forestry and fishing",14,245,0,315
2018,TLI3,Inner London - West,A (1-3),"Agriculture, forestry and fishing",16,155,90,310
2019,TLI3,Inner London - West,A (1-3),"Agriculture, forestry and fishing",20,420,140,605
2020,TLI3,Inner London - West,A (1-3),"Agriculture, forestry and fishing",18,75,65,305
2021,TLI3,Inner London - West,A (1-3),"Agriculture, forestry and fishing",16,545,5,560
2022,TLI3,Inner London - West,A (1-3),"Agriculture, forestry and fishing",14,465,330,795
2015,TLI3,Inner London - West,B (5-9),Mining and quarrying,71,2200,35,2200
2016,TLI3,Inner London - West,B (5-9),Mining and quarrying,55,1975,275,2310
2017,TLI3,Inner London - West,B (5-9),Mining and quarrying,62,1085,55,1085
2018,TLI3,Inner London - West,B (5-9),Mining and quarrying,104,1120,610,1685
2019,TLI3,Inner London - West,B (5-9),Mining and quarrying,144,1535,40,1590
2020,TLI3,Inner London - West,B (5-9),Mining and quarrying,229,1435,155,1595
2021,TLI3,Inner London - West,B (5-9),Mining and quarrying,260,1120,145,1370
2022,TLI3,Inner London - West,B (5-9),Mining and quarrying,307,1410,50,1685
2015,TLI3,Inner London - West,C (10-33),Manufacturing,1164,12900,1815,15265
2016,TLI3,Inner London - West,C (10-33),Manufacturing,1166,11360,2105,14160
2017,TLI3,Inner London - West,C (10-33),Manufacturing,1317,12020,2425,14885
2018,TLI3,Inner London - West,C (10-33),Manufacturing,1452,15820,2730,18965
2019,TLI3,Inner London - West,C (10-33),Manufacturing,1580,17220,3045,20225
2020,TLI3,Inner London - West,C (10-33),Manufacturing,1566,14565,3305,17810
2021,TLI3,Inner London - West,C (10-33),Manufacturing,1763,19715,4080,23125
2022,TLI3,Inner London - West,C (10-33),Manufacturing,1910,21320,3280,23725
2015,TLI3,Inner London - West,D (35),"Electricity, gas, steam and air conditioning supply",964,3220,40,4320
2016,TLI3,Inner London - West,D (35),"Electricity, gas, steam and air conditioning supply",926,4620,40,5475
2017,TLI3,Inner London - West,D (35),"Electricity, gas, steam and air conditioning supply",1015,4825,575,6125
2018,TLI3,Inner London - West,D (35),"Electricity, gas, steam and air conditioning supply",1056,11060,1025,12760
2019,TLI3,Inner London - West,D (35),"Electricity, gas, steam and air conditioning supply",1387,4190,1150,6735
2020,TLI3,Inner London - West,D (35),"Electricity, gas, steam and air conditioning supply",1715,6110,1145,7585
2021,TLI3,Inner London - West,D (35),"Electricity, gas, steam and air conditioning supply",1203,8030,3850,12830
2022,TLI3,Inner London - West,D (35),"Electricity, gas, steam and air conditioning supply",1385,5670,755,7270
2015,TLI3,Inner London - West,E (36-39),Water supply; sewerage and waste management,184,1060,90,1150
2016,TLI3,Inner London - West,E (36-39),Water supply; sewerage and waste management,184,1065,110,1140
2017,TLI3,Inner London - West,E (36-39),Water supply; sewerage and waste management,224,1235,30,1335
2018,TLI3,Inner London - West,E (36-39),Water supply; sewerage and waste management,243,1290,40,1305
2019,TLI3,Inner London - West,E (36-39),Water supply; sewerage and waste management,259,1595,150,1770
2020,TLI3,Inner London - West,E (36-39),Water supply; sewerage and waste management,272,1665,75,1765
2021,TLI3,Inner London - West,E (36-39),Water supply; sewerage and waste management,319,1410,65,1520
2022,TLI3,Inner London - West,E (36-39),Water supply; sewerage and waste management,308,2025,385,2485
2015,TLI3,Inner London - West,F (41-43),Construction,4445,29350,4690,35955
2016,TLI3,Inner London - West,F (41-43),Construction,4434,35050,8020,43590
2017,TLI3,Inner London - West,F (41-43),Construction,4473,35575,7895,42400
2018,TLI3,Inner London - West,F (41-43),Construction,4671,34095,7770,42805
2019,TLI3,Inner London - West,F (41-43),Construction,4887,38120,6010,44150
2020,TLI3,Inner London - West,F (41-43),Construction,3969,30295,6965,39570
2021,TLI3,Inner London - West,F (41-43),Construction,4226,31430,8825,43495
2022,TLI3,Inner London - West,F (41-43),Construction,5252,33670,8045,44345
2015,TLI3,Inner London - West,G (45-47),Wholesale and retail trade; repair of motor vehicles,9963,115245,69405,188650
2016,TLI3,Inner London - West,G (45-47),Wholesale and retail trade; repair of motor vehicles,10447,108590,66450,179065
2017,TLI3,Inner London - West,G (45-47),Wholesale and retail trade; repair of motor vehicles,11121,116690,66780,188240
2018,TLI3,Inner London - West,G (45-47),Wholesale and retail trade; repair of motor vehicles,12175,122940,64915,192490
2019,TLI3,Inner London - West,G (45-47),Wholesale and retail trade; repair of motor vehicles,13642,120395,65195,187585
2020,TLI3,Inner London - West,G (45-47),Wholesale and retail trade; repair of motor vehicles,14306,123535,65560,191755
2021,TLI3,Inner London - West,G (45-47),Wholesale and retail trade; repair of motor vehicles,16496,117460,61795,183885
2022,TLI3,Inner London - West,G (45-47),Wholesale and retail trade; repair of motor vehicles,18644,121375,59450,183210
2015,TLI3,Inner London - West,H (49-53),Transportation and storage,4031,34685,3630,39900
2016,TLI3,Inner London - West,H (49-53),Transportation and storage,4199,33005,4630,37070
2017,TLI3,Inner London - West,H (49-53),Transportation and storage,4585,33545,4355,39940
2018,TLI3,Inner London - West,H (49-53),Transportation and storage,4326,29510,3050,31740
2019,TLI3,Inner London - West,H (49-53),Transportation and storage,4529,31175,4950,38590
2020,TLI3,Inner London - West,H (49-53),Transportation and storage,1793,31170,5445,38050
2021,TLI3,Inner London - West,H (49-53),Transportation and storage,1999,30040,3785,35140
2022,TLI3,Inner London - West,H (49-53),Transportation and storage,2843,31615,5190,42535
2015,TLI3,Inner London - West,I (55-56),Accommodation and food service activities,5785,111540,60865,172830
2016,TLI3,Inner London - West,I (55-56),Accommodation and food service activities,6327,117920,62970,182840
2017,TLI3,Inner London - West,I (55-56),Accommodation and food service activities,6516,107395,62690,171605
2018,TLI3,Inner London - West,I (55-56),Accommodation and food service activities,7201,120825,68660,195525
2019,TLI3,Inner London - West,I (55-56),Accommodation and food service activities,7483,126150,69085,195900
2020,TLI3,Inner London - West,I (55-56),Accommodation and food service activities,4074,98900,67295,168475
2021,TLI3,Inner London - West,I (55-56),Accommodation and food service activities,4516,96425,65010,161075
2022,TLI3,Inner London - West,I (55-56),Accommodation and food service activities,6848,116250,82700,201450
2015,TLI3,Inner London - West,J (58-63),Information and communication,20669,165850,13385,181575
2016,TLI3,Inner London - West,J (58-63),Information and communication,22989,169675,15705,186225
2017,TLI3,Inner London - West,J (58-63),Information and communication,24294,175525,19970,199325
2018,TLI3,Inner London - West,J (58-63),Information and communication,25563,182125,17630,200575
2019,TLI3,Inner London - West,J (58-63),Information and communication,27471,194050,20715,217950
2020,TLI3,Inner London - West,J (58-63),Information and communication,28500,184675,21675,210975
2021,TLI3,Inner London - West,J (58-63),Information and communication,31089,207200,21665,232500
2022,TLI3,Inner London - West,J (58-63),Information and communication,35560,244050,20740,266175
2015,TLI3,Inner London - West,K (64-66),Financial and insurance activities,42524,204795,15150,228595
2016,TLI3,Inner London - West,K (64-66),Financial and insurance activities,50821,222980,20395,252730
2017,TLI3,Inner London - West,K (64-66),Financial and insurance activities,55315,223405,16670,245335
2018,TLI3,Inner London - West,K (64-66),Financial and insurance activities,56912,222155,16795,244860
2019,TLI3,Inner London - West,K (64-66),Financial and insurance activities,58204,239715,17515,264570
2020,TLI3,Inner London - West,K (64-66),Financial and insurance activities,61371,235370,19490,267350
2021,TLI3,Inner London - West,K (64-66),Financial and insurance activities,70226,265645,26480,299995
2022,TLI3,Inner London - West,K (64-66),Financial and insurance activities,74434,237035,20690,265145
2015,TLI3,Inner London - West,M (69-75),"Professional, scientific and technical activities",29001,305075,47665,380150
2016,TLI3,Inner London - West,M (69-75),"Professional, scientific and technical activities",31166,326000,46295,396950
2017,TLI3,Inner London - West,M (69-75),"Professional, scientific and technical activities",31661,301625,43720,373275
2018,TLI3,Inner London - West,M (69-75),"Professional, scientific and technical activities",32527,311500,42910,380225
2019,TLI3,Inner London - West,M (69-75),"Professional, scientific and technical activities",34108,301600,46425,371600
2020,TLI3,Inner London - West,M (69-75),"Professional, scientific and technical activities",32820,286300,50875,370425
2021,TLI3,Inner London - West,M (69-75),"Professional, scientific and technical activities",36895,341550,47395,411675
2022,TLI3,Inner London - West,M (69-75),"Professional, scientific and technical activities",40986,372550,47445,444450
2015,TLI3,Inner London - West,N (77-82),Administrative and support service activities,9876,132120,49190,190230
2016,TLI3,Inner London - West,N (77-82),Administrative and support service activities,10221,132700,53345,190320
2017,TLI3,Inner London - West,N (77-82),Administrative and support service activities,10839,143190,66085,212660
2018,TLI3,Inner London - West,N (77-82),Administrative and support service activities,11538,138645,55045,197070
2019,TLI3,Inner London - West,N (77-82),Administrative and support service activities,12221,143310,55820,205600
2020,TLI3,Inner London - West,N (77-82),Administrative and support service activities,8910,129975,53520,187175
2021,TLI3,Inner London - West,N (77-82),Administrative and support service activities,10292,136810,45690,183320
2022,TLI3,Inner London - West,N (77-82),Administrative and support service activities,11847,152695,55270,211145
2015,TLI3,Inner London - West,O (84),Public administration and defence,5890,77500,11050,88100
2016,TLI3,Inner London - West,O (84),Public administration and defence,6607,75550,10185,86300
2017,TLI3,Inner London - West,O (84),Public administration and defence,7154,82750,10860,93300
2018,TLI3,Inner London - West,O (84),Public administration and defence,7636,87300,9710,98050
2019,TLI3,Inner London - West,O (84),Public administration and defence,7782,88800,10585,99300
2020,TLI3,Inner London - West,O (84),Public administration and defence,8369,88550,13060,104300
2021,TLI3,Inner London - West,O (84),Public administration and defence,8715,96800,9960,107550
2022,TLI3,Inner London - West,O (84),Public administration and defence,9338,95800,9865,107300
2015,TLI3,Inner London - West,P (85),Education,7016,62950,33960,98125
2016,TLI3,Inner London - West,P (85),Education,6806,60840,35175,97475
2017,TLI3,Inner London - West,P (85),Education,6958,63450,36990,102050
2018,TLI3,Inner London - West,P (85),Education,7579,65475,34710,101025
2019,TLI3,Inner London - West,P (85),Education,7763,62700,36520,100400
2020,TLI3,Inner London - West,P (85),Education,7419,64525,36775,99825
2021,TLI3,Inner London - West,P (85),Education,7645,67075,35020,102675
2022,TLI3,Inner London - West,P (85),Education,8165,66800,38200,104000
2015,TLI3,Inner London - West,Q (86-88),Human health and social work activities,5836,89200,36425,126350
2016,TLI3,Inner London - West,Q (86-88),Human health and social work activities,6264,89650,35275,126050
2017,TLI3,Inner London - West,Q (86-88),Human health and social work activities,6433,93850,46800,143150
2018,TLI3,Inner London - West,Q (86-88),Human health and social work activities,6793,95200,45050,142000
2019,TLI3,Inner London - West,Q (86-88),Human health and social work activities,7280,100250,41175,142100
2020,TLI3,Inner London - West,Q (86-88),Human health and social work activities,7407,114750,49050,164600
2021,TLI3,Inner London - West,Q (86-88),Human health and social work activities,8168,118100,48050,168700
2022,TLI3,Inner London - West,Q (86-88),Human health and social work activities,8098,116450,47900,165850
2015,TLI3,Inner London - West,R (90-93),"Arts, entertainment and recreation",3443,31750,19180,56175
2016,TLI3,Inner London - West,R (90-93),"Arts, entertainment and recreation",3498,33270,19270,56050
2017,TLI3,Inner London - West,R (90-93),"Arts, entertainment and recreation",3723,36545,20030,60125
2018,TLI3,Inner London - West,R (90-93),"Arts, entertainment and recreation",3951,32385,18345,53175
2019,TLI3,Inner London - West,R (90-93),"Arts, entertainment and recreation",4407,39295,20435,62675
2020,TLI3,Inner London - West,R (90-93),"Arts, entertainment and recreation",3333,27425,18025,51935
2021,TLI3,Inner London - West,R (90-93),"Arts, entertainment and recreation",3780,34605,26535,64195
2022,TLI3,Inner London - West,R (90-93),"Arts, entertainment and recreation",4584,35840,17360,57485
2015,TLI3,Inner London - West,S (94-96),Other service activities,3136,36575,13045,50620
2016,TLI3,Inner London - West,S (94-96),Other service activities,3270,38075,14520,53530
2017,TLI3,Inner London - West,S (94-96),Other service activities,3463,35850,12800,49935
2018,TLI3,Inner London - West,S (94-96),Other service activities,3556,36595,14690,50475
2019,TLI3,Inner London - West,S (94-96),Other service activities,3734,37570,12365,51310
2020,TLI3,Inner London - West,S (94-96),Other service activities,2975,35160,14490,49710
2021,TLI3,Inner London - West,S (94-96),Other service activities,3371,37605,14895,54165
2022,TLI3,Inner London - West,S (94-96),Other service activities,3570,39025,12585,53875
2015,TLI3,Inner London - West,T (97-98),Activities of households,169,0,0,0
2016,TLI3,Inner London - West,T (97-98),Activities of households,198,0,0,0
2017,TLI3,Inner London - West,T (97-98),Activities of households,185,0,0,0
2018,TLI3,Inner London - West,T (97-98),Activities of households,187,0,0,0
2019,TLI3,Inner London - West,T (97-98),Activities of households,206,0,0,0
2020,TLI3,Inner London - West,T (97-98),Activities of households,171,0,0,0
2021,TLI3,Inner London - West,T (97-98),Activities of households,123,0,0,0
2022,TLI3,Inner London - West,T (97-98),Activities of households,107,0,0,0
2015,TLI4,Inner London - East,A (1-3),"Agriculture, forestry and fishing",12,215,20,260
2016,TLI4,Inner London - East,A (1-3),"Agriculture, forestry and fishing",10,145,10,155
2017,TLI4,Inner London - East,A (1-3),"Agriculture, forestry and fishing",12,170,0,295
2018,TLI4,Inner London - East,A (1-3),"Agriculture, forestry and fishing",11,105,45,260
2019,TLI4,Inner London - East,A (1-3),"Agriculture, forestry and fishing",15,190,30,250
2020,TLI4,Inner London - East,A (1-3),"Agriculture, forestry and fishing",13,40,45,360
2021,TLI4,Inner London - East,A (1-3),"Agriculture, forestry and fishing",14,370,0,375
2022,TLI4,Inner London - East,A (1-3),"Agriculture, forestry and fishing",12,365,220,575
2015,TLI4,Inner London - East,B (5-9),Mining and quarrying,35,110,0,110
2016,TLI4,Inner London - East,B (5-9),Mining and quarrying,17,105,5,120
2017,TLI4,Inner London - East,B (5-9),Mining and quarrying,15,90,0,140
2018,TLI4,Inner London - East,B (5-9),Mining and quarrying,15,90,15,135
2019,TLI4,Inner London - East,B (5-9),Mining and quarrying,20,175,0,200
2020,TLI4,Inner London - East,B (5-9),Mining and quarrying,13,145,20,155
2021,TLI4,Inner London - East,B (5-9),Mining and quarrying,13,95,20,110
2022,TLI4,Inner London - East,B (5-9),Mining and quarrying,21,100,0,105
2015,TLI4,Inner London - East,C (10-33),Manufacturing,1352,20285,2910,24215
2016,TLI4,Inner London - East,C (10-33),Manufacturing,1325,15820,3220,20110
2017,TLI4,Inner London - East,C (10-33),Manufacturing,1561,16605,3300,20290
2018,TLI4,Inner London - East,C (10-33),Manufacturing,1646,18505,3290,22160
2019,TLI4,Inner London - East,C (10-33),Manufacturing,1621,19400,3755,23095
2020,TLI4,Inner London - East,C (10-33),Manufacturing,1510,17175,3895,21350
2021,TLI4,Inner London - East,C (10-33),Manufacturing,1784,15765,4155,19980
2022,TLI4,Inner London - East,C (10-33),Manufacturing,1806,18325,2960,21530
2015,TLI4,Inner London - East,D (35),"Electricity, gas, steam and air conditioning supply",676,2620,40,2670
2016,TLI4,Inner London - East,D (35),"Electricity, gas, steam and air conditioning supply",636,2245,160,2145
2017,TLI4,Inner London - East,D (35),"Electricity, gas, steam and air conditioning supply",589,2040,160,2245
2018,TLI4,Inner London - East,D (35),"Electricity, gas, steam and air conditioning supply",619,3450,255,3755
2019,TLI4,Inner London - East,D (35),"Electricity, gas, steam and air conditioning supply",685,2695,305,2930
2020,TLI4,Inner London - East,D (35),"Electricity, gas, steam and air conditioning supply",947,2955,295,3215
2021,TLI4,Inner London - East,D (35),"Electricity, gas, steam and air conditioning supply",1005,3160,695,3885
2022,TLI4,Inner London - East,D (35),"Electricity, gas, steam and air conditioning supply",1035,2545,295,2805
2015,TLI4,Inner London - East,E (36-39),Water supply; sewerage and waste management,539,4610,345,4810
2016,TLI4,Inner London - East,E (36-39),Water supply; sewerage and waste management,528,4590,870,5700
2017,TLI4,Inner London - East,E (36-39),Water supply; sewerage and waste management,511,4740,135,4790
2018,TLI4,Inner London - East,E (36-39),Water supply; sewerage and waste management,466,3660,455,3785
2019,TLI4,Inner London - East,E (36-39),Water supply; sewerage and waste management,514,4260,205,4335
2020,TLI4,Inner London - East,E (36-39),Water supply; sewerage and waste management,522,4600,215,4600
2021,TLI4,Inner London - East,E (36-39),Water supply; sewerage and waste management,428,4245,270,4770
2022,TLI4,Inner London - East,E (36-39),Water supply; sewerage and waste management,425,3950,250,4555
2015,TLI4,Inner London - East,F (41-43),Construction,3799,25300,4440,30155
2016,TLI4,Inner London - East,F (41-43),Construction,3790,31265,5670,38600
2017,TLI4,Inner London - East,F (41-43),Construction,4230,34170,8600,42645
2018,TLI4,Inner London - East,F (41-43),Construction,4639,33790,7805,42220
2019,TLI4,Inner London - East,F (41-43),Construction,4582,35270,7385,43100
2020,TLI4,Inner London - East,F (41-43),Construction,3186,29450,5855,36055
2021,TLI4,Inner London - East,F (41-43),Construction,3242,28295,9200,39695
2022,TLI4,Inner London - East,F (41-43),Construction,3639,30015,9280,41345
2015,TLI4,Inner London - East,G (45-47),Wholesale and retail trade; repair of motor vehicles,5963,67065,49500,120570
2016,TLI4,Inner London - East,G (45-47),Wholesale and retail trade; repair of motor vehicles,5697,60040,47420,111300
2017,TLI4,Inner London - East,G (45-47),Wholesale and retail trade; repair of motor vehicles,6369,64605,48600,120645
2018,TLI4,Inner London - East,G (45-47),Wholesale and retail trade; repair of motor vehicles,6812,70335,48265,124100
2019,TLI4,Inner London - East,G (45-47),Wholesale and retail trade; repair of motor vehicles,7194,66290,48375,118405
2020,TLI4,Inner London - East,G (45-47),Wholesale and retail trade; repair of motor vehicles,5672,71670,53375,127060
2021,TLI4,Inner London - East,G (45-47),Wholesale and retail trade; repair of motor vehicles,6796,71545,54595,130180
2022,TLI4,Inner London - East,G (45-47),Wholesale and retail trade; repair of motor vehicles,8143,80770,56980,141710
2015,TLI4,Inner London - East,H (49-53),Transportation and storage,3183,40185,4125,44765
2016,TLI4,Inner London - East,H (49-53),Transportation and storage,3275,38555,5915,44065
2017,TLI4,Inner London - East,H (49-53),Transportation and storage,3320,38600,5545,46220
2018,TLI4,Inner London - East,H (49-53),Transportation and storage,3262,36170,4180,41995
2019,TLI4,Inner London - East,H (49-53),Transportation and storage,3739,43135,7040,50140
2020,TLI4,Inner London - East,H (49-53),Transportation and storage,2317,42325,7990,52195
2021,TLI4,Inner London - East,H (49-53),Transportation and storage,2689,41480,5935,49030
2022,TLI4,Inner London - East,H (49-53),Transportation and storage,3615,45525,6590,52445
2015,TLI4,Inner London - East,I (55-56),Accommodation and food service activities,2294,48040,37975,88365
2016,TLI4,Inner London - East,I (55-56),Accommodation and food service activities,2536,52575,37350,91680
2017,TLI4,Inner London - East,I (55-56),Accommodation and food service activities,2739,50765,39970,89245
2018,TLI4,Inner London - East,I (55-56),Accommodation and food service activities,2968,58085,43705,103895
2019,TLI4,Inner London - East,I (55-56),Accommodation and food service activities,3156,55805,45755,101985
2020,TLI4,Inner London - East,I (55-56),Accommodation and food service activities,2096,48145,43855,94030
2021,TLI4,Inner London - East,I (55-56),Accommodation and food service activities,2449,51225,46370,97135
2022,TLI4,Inner London - East,I (55-56),Accommodation and food service activities,3446,63195,58145,121885
2015,TLI4,Inner London - East,J (58-63),Information and communication,12010,98795,8770,109875
2016,TLI4,Inner London - East,J (58-63),Information and communication,13316,101485,11685,113995
2017,TLI4,Inner London - East,J (58-63),Information and communication,13699,107870,13635,120350
2018,TLI4,Inner London - East,J (58-63),Information and communication,13636,103995,12090,115945
2019,TLI4,Inner London - East,J (58-63),Information and communication,13655,113335,13675,125600
2020,TLI4,Inner London - East,J (58-63),Information and communication,13351,102560,12430,116065
2021,TLI4,Inner London - East,J (58-63),Information and communication,14335,116330,11340,127375
2022,TLI4,Inner London - East,J (58-63),Information and communication,16604,124705,11440,137310
2015,TLI4,Inner London - East,K (64-66),Financial and insurance activities,19557,93775,5290,100455
2016,TLI4,Inner London - East,K (64-66),Financial and insurance activities,20354,92275,6620,99235
2017,TLI4,Inner London - East,K (64-66),Financial and insurance activities,21901,85670,5420,91840
2018,TLI4,Inner London - East,K (64-66),Financial and insurance activities,20221,86930,5000,92460
2019,TLI4,Inner London - East,K (64-66),Financial and insurance activities,19756,88720,5465,93920
2020,TLI4,Inner London - East,K (64-66),Financial and insurance activities,19344,90585,4985,95750
2021,TLI4,Inner London - East,K (64-66),Financial and insurance activities,19736,94135,6120,100925
2022,TLI4,Inner London - East,K (64-66),Financial and insurance activities,22164,84845,4875,89835
2015,TLI4,Inner London - East,M (69-75),"Professional, scientific and technical activities",11843,150320,19175,179575
2016,TLI4,Inner London - East,M (69-75),"Professional, scientific and technical activities",12696,170825,26850,206050
2017,TLI4,Inner London - East,M (69-75),"Professional, scientific and technical activities",13975,162925,25905,197250
2018,TLI4,Inner London - East,M (69-75),"Professional, scientific and technical activities",14899,174825,26330,211425
2019,TLI4,Inner London - East,M (69-75),"Professional, scientific and technical activities",15498,171400,27930,207175
2020,TLI4,Inner London - East,M (69-75),"Professional, scientific and technical activities",15631,172150,31500,216575
2021,TLI4,Inner London - East,M (69-75),"Professional, scientific and technical activities",16636,193700,27805,231400
2022,TLI4,Inner London - East,M (69-75),"Professional, scientific and technical activities",17913,206025,35245,252875
2015,TLI4,Inner London - East,N (77-82),Administrative and support service activities,6190,100455,42240,154350
2016,TLI4,Inner London - East,N (77-82),Administrative and support service activities,6620,102230,41945,144770
2017,TLI4,Inner London - East,N (77-82),Administrative and support service activities,6685,101805,43155,146170
2018,TLI4,Inner London - East,N (77-82),Administrative and support service activities,7520,101690,46905,147910
2019,TLI4,Inner London - East,N (77-82),Administrative and support service activities,8046,105275,44330,153805
2020,TLI4,Inner London - East,N (77-82),Administrative and support service activities,7234,86590,38280,125840
2021,TLI4,Inner London - East,N (77-82),Administrative and support service activities,7334,92140,43100,135710
2022,TLI4,Inner London - East,N (77-82),Administrative and support service activities,8657,113165,49035,165210
2015,TLI4,Inner London - East,O (84),Public administration and defence,3916,49675,8420,57900
2016,TLI4,Inner London - East,O (84),Public administration and defence,4354,48750,8050,57575
2017,TLI4,Inner London - East,O (84),Public administration and defence,4296,45200,8710,53600
2018,TLI4,Inner London - East,O (84),Public administration and defence,4557,50075,7300,57075
2019,TLI4,Inner London - East,O (84),Public administration and defence,4556,50075,7105,57075
2020,TLI4,Inner London - East,O (84),Public administration and defence,4635,54375,7205,61075
2021,TLI4,Inner London - East,O (84),Public administration and defence,5041,55850,12755,68350
2022,TLI4,Inner London - East,O (84),Public administration and defence,5546,60100,8525,69100
2015,TLI4,Inner London - East,P (85),Education,4372,59725,37330,99910
2016,TLI4,Inner London - East,P (85),Education,4210,55050,38045,92760
2017,TLI4,Inner London - East,P (85),Education,4235,60545,38855,99475
2018,TLI4,Inner London - East,P (85),Education,4397,57160,37545,96850
2019,TLI4,Inner London - East,P (85),Education,4643,58660,36940,95825
2020,TLI4,Inner London - East,P (85),Education,4554,61010,36725,99650
2021,TLI4,Inner London - East,P (85),Education,4912,63195,37675,100725
2022,TLI4,Inner London - East,P (85),Education,5698,65120,39110,103975
2015,TLI4,Inner London - East,Q (86-88),Human health and social work activities,5235,99100,47700,149000
2016,TLI4,Inner London - East,Q (86-88),Human health and social work activities,5596,94525,45100,140150
2017,TLI4,Inner London - East,Q (86-88),Human health and social work activities,6057,100450,53650,159000
2018,TLI4,Inner London - East,Q (86-88),Human health and social work activities,6124,100650,49350,153700
2019,TLI4,Inner London - East,Q (86-88),Human health and social work activities,6608,99500,52650,154100
2020,TLI4,Inner London - East,Q (86-88),Human health and social work activities,7089,105150,55450,163450
2021,TLI4,Inner London - East,Q (86-88),Human health and social work activities,7113,103750,45650,154000
2022,TLI4,Inner London - East,Q (86-88),Human health and social work activities,7287,111550,46750,160250
2015,TLI4,Inner London - East,R (90-93),"Arts, entertainment and recreation",1999,16425,12855,30930
2016,TLI4,Inner London - East,R (90-93),"Arts, entertainment and recreation",2004,18405,12150,32530
2017,TLI4,Inner London - East,R (90-93),"Arts, entertainment and recreation",2221,19990,13295,35875
2018,TLI4,Inner London - East,R (90-93),"Arts, entertainment and recreation",2461,19010,13025,34315
2019,TLI4,Inner London - East,R (90-93),"Arts, entertainment and recreation",2696,21540,12945,36730
2020,TLI4,Inner London - East,R (90-93),"Arts, entertainment and recreation",1867,14905,11350,28325
2021,TLI4,Inner London - East,R (90-93),"Arts, entertainment and recreation",2157,18860,17385,37410
2022,TLI4,Inner London - East,R (90-93),"Arts, entertainment and recreation",2733,18720,11540,32410
2015,TLI4,Inner London - East,S (94-96),Other service activities,1371,19920,8545,29495
2016,TLI4,Inner London - East,S (94-96),Other service activities,1422,21390,9775,31210
2017,TLI4,Inner London - East,S (94-96),Other service activities,1581,19375,9075,28425
2018,TLI4,Inner London - East,S (94-96),Other service activities,1657,19240,10905,31120
2019,TLI4,Inner London - East,S (94-96),Other service activities,1722,21090,8745,29610
2020,TLI4,Inner London - East,S (94-96),Other service activities,1281,19575,9815,29630
2021,TLI4,Inner London - East,S (94-96),Other service activities,1595,22700,10845,33810
2022,TLI4,Inner London - East,S (94-96),Other service activities,1995,25300,9300,34250
2015,TLI4,Inner London - East,T (97-98),Activities of households,109,0,0,0
2016,TLI4,Inner London - East,T (97-98),Activities of households,128,0,0,0
2017,TLI4,Inner London - East,T (97-98),Activities of households,120,0,0,0
2018,TLI4,Inner London - East,T (97-98),Activities of households,119,0,0,0
2019,TLI4,Inner London - East,T (97-98),Activities of households,125,0,0,0
2020,TLI4,Inner London - East,T (97-98),Activities of households,114,0,0,0
2021,TLI4,Inner London - East,T (97-98),Activities of households,123,0,0,0
2022,TLI4,Inner London - East,T (97-98),Activities of households,139,0,0,0
2015,TLI5,Outer London - East and North East,A (1-3),"Agriculture, forestry and fishing",8,235,85,390
2016,TLI5,Outer London - East and North East,A (1-3),"Agriculture, forestry and fishing",7,155,45,270
2017,TLI5,Outer London - East and North East,A (1-3),"Agriculture, forestry and fishing",7,185,35,345
2018,TLI5,Outer London - East and North East,A (1-3),"Agriculture, forestry and fishing",8,90,75,315
2019,TLI5,Outer London - East and North East,A (1-3),"Agriculture, forestry and fishing",11,115,55,270
2020,TLI5,Outer London - East and North East,A (1-3),"Agriculture, forestry and fishing",10,65,45,250
2021,TLI5,Outer London - East and North East,A (1-3),"Agriculture, forestry and fishing",10,340,40,465
2022,TLI5,Outer London - East and North East,A (1-3),"Agriculture, forestry and fishing",13,330,185,640
2015,TLI5,Outer London - East and North East,B (5-9),Mining and quarrying,11,100,0,100
2016,TLI5,Outer London - East and North East,B (5-9),Mining and quarrying,11,100,0,100
2017,TLI5,Outer London - East and North East,B (5-9),Mining and quarrying,11,105,0,130
2018,TLI5,Outer London - East and North East,B (5-9),Mining and quarrying,14,110,0,110
2019,TLI5,Outer London - East and North East,B (5-9),Mining and quarrying,16,120,0,145
2020,TLI5,Outer London - East and North East,B (5-9),Mining and quarrying,15,230,15,240
2021,TLI5,Outer London - East and North East,B (5-9),Mining and quarrying,9,200,10,180
2022,TLI5,Outer London - East and North East,B (5-9),Mining and quarrying,12,210,10,210
2015,TLI5,Outer London - East and North East,C (10-33),Manufacturing,2365,23510,2990,27165
2016,TLI5,Outer London - East and North East,C (10-33),Manufacturing,2171,23360,3125,27335
2017,TLI5,Outer London - East and North East,C (10-33),Manufacturing,2218,19945,2860,23500
2018,TLI5,Outer London - East and North East,C (10-33),Manufacturing,2240,21645,2325,24460
2019,TLI5,Outer London - East and North East,C (10-33),Manufacturing,2276,23790,3085,27020
2020,TLI5,Outer London - East and North East,C (10-33),Manufacturing,1813,22055,3375,26205
2021,TLI5,Outer London - East and North East,C (10-33),Manufacturing,1974,19005,3390,22740
2022,TLI5,Outer London - East and North East,C (10-33),Manufacturing,2257,19910,3085,23545
2015,TLI5,Outer London - East and North East,D (35),"Electricity, gas, steam and air conditioning supply",350,1170,30,1070
2016,TLI5,Outer London - East and North East,D (35),"Electricity, gas, steam and air conditioning supply",341,995,30,995
2017,TLI5,Outer London - East and North East,D (35),"Electricity, gas, steam and air conditioning supply",300,945,25,950
2018,TLI5,Outer London - East and North East,D (35),"Electricity, gas, steam and air conditioning supply",258,955,40,980
2019,TLI5,Outer London - East and North East,D (35),"Electricity, gas, steam and air conditioning supply",271,885,45,895
2020,TLI5,Outer London - East and North East,D (35),"Electricity, gas, steam and air conditioning supply",181,705,40,720
2021,TLI5,Outer London - East and North East,D (35),"Electricity, gas, steam and air conditioning supply",88,895,95,970
2022,TLI5,Outer London - East and North East,D (35),"Electricity, gas, steam and air conditioning supply",102,495,15,560
2015,TLI5,Outer London - East and North East,E (36-39),Water supply; sewerage and waste management,655,3955,395,4330
2016,TLI5,Outer London - East and North East,E (36-39),Water supply; sewerage and waste management,650,3980,605,4580
2017,TLI5,Outer London - East and North East,E (36-39),Water supply; sewerage and waste management,681,4150,150,4675
2018,TLI5,Outer London - East and North East,E (36-39),Water supply; sewerage and waste management,705,4375,150,4450
2019,TLI5,Outer London - East and North East,E (36-39),Water supply; sewerage and waste management,692,4525,340,4825
2020,TLI5,Outer London - East and North East,E (36-39),Water supply; sewerage and waste management,717,5595,290,5950
2021,TLI5,Outer London - East and North East,E (36-39),Water supply; sewerage and waste management,652,4760,335,5270
2022,TLI5,Outer London - East and North East,E (36-39),Water supply; sewerage and waste management,640,6490,805,7395
2015,TLI5,Outer London - East and North East,F (41-43),Construction,3457,22685,4700,29410
2016,TLI5,Outer London - East and North East,F (41-43),Construction,3780,28350,5560,35790
2017,TLI5,Outer London - East and North East,F (41-43),Construction,3963,32495,8965,42975
2018,TLI5,Outer London - East and North East,F (41-43),Construction,4202,27380,9110,36610
2019,TLI5,Outer London - East and North East,F (41-43),Construction,4247,31375,8235,41835
2020,TLI5,Outer London - East and North East,F (41-43),Construction,3505,27990,6585,35545
2021,TLI5,Outer London - East and North East,F (41-43),Construction,4097,29975,11710,43040
2022,TLI5,Outer London - East and North East,F (41-43),Construction,4627,27720,11110,40410
2015,TLI5,Outer London - East and North East,G (45-47),Wholesale and retail trade; repair of motor vehicles,3481,54115,42365,100495
2016,TLI5,Outer London - East and North East,G (45-47),Wholesale and retail trade; repair of motor vehicles,3350,50065,39435,91180
2017,TLI5,Outer London - East and North East,G (45-47),Wholesale and retail trade; repair of motor vehicles,3551,54050,41660,98400
2018,TLI5,Outer London - East and North East,G (45-47),Wholesale and retail trade; repair of motor vehicles,3362,56110,39775,98295
2019,TLI5,Outer London - East and North East,G (45-47),Wholesale and retail trade; repair of motor vehicles,3512,54420,41180,99015
2020,TLI5,Outer London - East and North East,G (45-47),Wholesale and retail trade; repair of motor vehicles,3086,56785,40665,101620
2021,TLI5,Outer London - East and North East,G (45-47),Wholesale and retail trade; repair of motor vehicles,3621,53325,42790,97405
2022,TLI5,Outer London - East and North East,G (45-47),Wholesale and retail trade; repair of motor vehicles,3745,52095,40895,95245
2015,TLI5,Outer London - East and North East,H (49-53),Transportation and storage,2025,26700,3325,30525
2016,TLI5,Outer London - East and North East,H (49-53),Transportation and storage,2097,27050,5485,34020
2017,TLI5,Outer London - East and North East,H (49-53),Transportation and storage,2069,30905,4970,36885
2018,TLI5,Outer London - East and North East,H (49-53),Transportation and storage,2155,27220,3990,31725
2019,TLI5,Outer London - East and North East,H (49-53),Transportation and storage,2485,33705,7930,42785
2020,TLI5,Outer London - East and North East,H (49-53),Transportation and storage,1597,34025,8475,42590
2021,TLI5,Outer London - East and North East,H (49-53),Transportation and storage,1788,29210,5525,36055
2022,TLI5,Outer London - East and North East,H (49-53),Transportation and storage,2274,32170,6745,39600
2015,TLI5,Outer London - East and North East,I (55-56),Accommodation and food service activities,790,14320,16120,31955
2016,TLI5,Outer London - East and North East,I (55-56),Accommodation and food service activities,868,17945,16710,35510
2017,TLI5,Outer London - East and North East,I (55-56),Accommodation and food service activities,892,16040,17955,35060
2018,TLI5,Outer London - East and North East,I (55-56),Accommodation and food service activities,902,19105,20230,40595
2019,TLI5,Outer London - East and North East,I (55-56),Accommodation and food service activities,1026,16350,19450,35660
2020,TLI5,Outer London - East and North East,I (55-56),Accommodation and food service activities,557,15570,18690,34930
2021,TLI5,Outer London - East and North East,I (55-56),Accommodation and food service activities,815,17995,18915,38410
2022,TLI5,Outer London - East and North East,I (55-56),Accommodation and food service activities,1120,20850,25610,47510
2015,TLI5,Outer London - East and North East,J (58-63),Information and communication,1318,14265,2170,16710
2016,TLI5,Outer London - East and North East,J (58-63),Information and communication,1417,15460,3000,17830
2017,TLI5,Outer London - East and North East,J (58-63),Information and communication,1454,15520,3410,19265
2018,TLI5,Outer London - East and North East,J (58-63),Information and communication,1508,14540,2995,18160
2019,TLI5,Outer London - East and North East,J (58-63),Information and communication,1597,16790,3280,20115
2020,TLI5,Outer London - East and North East,J (58-63),Information and communication,1186,12430,3035,15845
2021,TLI5,Outer London - East and North East,J (58-63),Information and communication,1047,13815,2125,16735
2022,TLI5,Outer London - East and North East,J (58-63),Information and communication,1377,13435,1905,14920
2015,TLI5,Outer London - East and North East,K (64-66),Financial and insurance activities,761,5900,1665,7515
2016,TLI5,Outer London - East and North East,K (64-66),Financial and insurance activities,828,6475,1915,8635
2017,TLI5,Outer London - East and North East,K (64-66),Financial and insurance activities,834,6545,1625,7865
2018,TLI5,Outer London - East and North East,K (64-66),Financial and insurance activities,772,5540,1530,7050
2019,TLI5,Outer London - East and North East,K (64-66),Financial and insurance activities,726,5805,1560,7395
2020,TLI5,Outer London - East and North East,K (64-66),Financial and insurance activities,642,5665,1350,6905
2021,TLI5,Outer London - East and North East,K (64-66),Financial and insurance activities,645,5525,1445,7090
2022,TLI5,Outer London - East and North East,K (64-66),Financial and insurance activities,675,4120,1000,5345
2015,TLI5,Outer London - East and North East,M (69-75),"Professional, scientific and technical activities",1384,22310,4410,28155
2016,TLI5,Outer London - East and North East,M (69-75),"Professional, scientific and technical activities",1480,27815,5350,34705
2017,TLI5,Outer London - East and North East,M (69-75),"Professional, scientific and technical activities",1476,21865,6105,29015
2018,TLI5,Outer London - East and North East,M (69-75),"Professional, scientific and technical activities",1464,25600,5555,32395
2019,TLI5,Outer London - East and North East,M (69-75),"Professional, scientific and technical activities",1481,21380,6365,29230
2020,TLI5,Outer London - East and North East,M (69-75),"Professional, scientific and technical activities",1241,22055,6585,32825
2021,TLI5,Outer London - East and North East,M (69-75),"Professional, scientific and technical activities",1326,25970,5170,32050
2022,TLI5,Outer London - East and North East,M (69-75),"Professional, scientific and technical activities",1356,25435,5865,32340
2015,TLI5,Outer London - East and North East,N (77-82),Administrative and support service activities,1757,33065,20030,56720
2016,TLI5,Outer London - East and North East,N (77-82),Administrative and support service activities,1626,32610,21015,53610
2017,TLI5,Outer London - East and North East,N (77-82),Administrative and support service activities,1602,36230,23650,60125
2018,TLI5,Outer London - East and North East,N (77-82),Administrative and support service activities,1798,36525,25290,63535
2019,TLI5,Outer London - East and North East,N (77-82),Administrative and support service activities,2034,37305,22800,62805
2020,TLI5,Outer London - East and North East,N (77-82),Administrative and support service activities,1647,33875,20575,54470
2021,TLI5,Outer London - East and North East,N (77-82),Administrative and support service activities,2057,40620,20445,61670
2022,TLI5,Outer London - East and North East,N (77-82),Administrative and support service activities,2349,42550,20575,63415
2015,TLI5,Outer London - East and North East,O (84),Public administration and defence,1575,18450,4810,24150
2016,TLI5,Outer London - East and North East,O (84),Public administration and defence,1713,18250,3835,22200
2017,TLI5,Outer London - East and North East,O (84),Public administration and defence,1754,18400,3820,21350
2018,TLI5,Outer London - East and North East,O (84),Public administration and defence,1793,18200,5170,23100
2019,TLI5,Outer London - East and North East,O (84),Public administration and defence,1767,20200,3670,23150
2020,TLI5,Outer London - East and North East,O (84),Public administration and defence,1697,20900,4045,24500
2021,TLI5,Outer London - East and North East,O (84),Public administration and defence,1691,20500,4000,24050
2022,TLI5,Outer London - East and North East,O (84),Public administration and defence,1722,19650,3620,22950
2015,TLI5,Outer London - East and North East,P (85),Education,2284,34725,31930,66710
2016,TLI5,Outer London - East and North East,P (85),Education,2150,31890,31460,62670
2017,TLI5,Outer London - East and North East,P (85),Education,2227,32970,33650,67530
2018,TLI5,Outer London - East and North East,P (85),Education,2343,33465,29195,63875
2019,TLI5,Outer London - East and North East,P (85),Education,2519,31420,29760,60860
2020,TLI5,Outer London - East and North East,P (85),Education,2364,33800,30340,64445
2021,TLI5,Outer London - East and North East,P (85),Education,2470,33855,28360,61845
2022,TLI5,Outer London - East and North East,P (85),Education,2786,31760,29035,61920
2015,TLI5,Outer London - East and North East,Q (86-88),Human health and social work activities,2669,51200,31900,84600
2016,TLI5,Outer London - East and North East,Q (86-88),Human health and social work activities,2897,47350,29650,79100
2017,TLI5,Outer London - East and North East,Q (86-88),Human health and social work activities,3134,51050,35075,87400
2018,TLI5,Outer London - East and North East,Q (86-88),Human health and social work activities,2981,49700,31375,81600
2019,TLI5,Outer London - East and North East,Q (86-88),Human health and social work activities,3213,47800,31750,79700
2020,TLI5,Outer London - East and North East,Q (86-88),Human health and social work activities,3198,52450,33525,88700
2021,TLI5,Outer London - East and North East,Q (86-88),Human health and social work activities,3465,51275,33075,85750
2022,TLI5,Outer London - East and North East,Q (86-88),Human health and social work activities,3863,54300,32950,88450
2015,TLI5,Outer London - East and North East,R (90-93),"Arts, entertainment and recreation",462,6050,6765,13025
2016,TLI5,Outer London - East and North East,R (90-93),"Arts, entertainment and recreation",456,6360,6660,13675
2017,TLI5,Outer London - East and North East,R (90-93),"Arts, entertainment and recreation",495,6830,7235,14775
2018,TLI5,Outer London - East and North East,R (90-93),"Arts, entertainment and recreation",516,6235,7005,13905
2019,TLI5,Outer London - East and North East,R (90-93),"Arts, entertainment and recreation",562,6655,6830,13465
2020,TLI5,Outer London - East and North East,R (90-93),"Arts, entertainment and recreation",444,5640,6360,12755
2021,TLI5,Outer London - East and North East,R (90-93),"Arts, entertainment and recreation",532,6550,7695,14170
2022,TLI5,Outer London - East and North East,R (90-93),"Arts, entertainment and recreation",663,6985,6870,13725
2015,TLI5,Outer London - East and North East,S (94-96),Other service activities,566,6620,3935,10720
2016,TLI5,Outer London - East and North East,S (94-96),Other service activities,623,7475,5150,13395
2017,TLI5,Outer London - East and North East,S (94-96),Other service activities,596,6600,4730,12015
2018,TLI5,Outer London - East and North East,S (94-96),Other service activities,628,6550,4970,12730
2019,TLI5,Outer London - East and North East,S (94-96),Other service activities,626,7335,4140,12150
2020,TLI5,Outer London - East and North East,S (94-96),Other service activities,600,6260,4585,11350
2021,TLI5,Outer London - East and North East,S (94-96),Other service activities,530,8355,4645,13680
2022,TLI5,Outer London - East and North East,S (94-96),Other service activities,648,11605,4450,16720
2015,TLI5,Outer London - East and North East,T (97-98),Activities of households,117,0,0,0
2016,TLI5,Outer London - East and North East,T (97-98),Activities of households,147,0,0,0
2017,TLI5,Outer London - East and North East,T (97-98),Activities of households,158,0,0,0
2018,TLI5,Outer London - East and North East,T (97-98),Activities of households,173,0,0,0
2019,TLI5,Outer London - East and North East,T (97-98),Activities of households,178,0,0,0
2020,TLI5,Outer London - East and North East,T (97-98),Activities of households,152,0,0,0
2021,TLI5,Outer London - East and North East,T (97-98),Activities of households,103,0,0,0
2022,TLI5,Outer London - East and North East,T (97-98),Activities of households,79,0,0,0
2015,TLI6,Outer London - South,A (1-3),"Agriculture, forestry and fishing",13,450,45,705
2016,TLI6,Outer London - South,A (1-3),"Agriculture, forestry and fishing",10,335,55,525
2017,TLI6,Outer London - South,A (1-3),"Agriculture, forestry and fishing",11,370,20,695
2018,TLI6,Outer London - South,A (1-3),"Agriculture, forestry and fishing",10,255,80,520
2019,TLI6,Outer London - South,A (1-3),"Agriculture, forestry and fishing",11,290,60,490
2020,TLI6,Outer London - South,A (1-3),"Agriculture, forestry and fishing",11,235,50,540
2021,TLI6,Outer London - South,A (1-3),"Agriculture, forestry and fishing",10,405,20,530
2022,TLI6,Outer London - South,A (1-3),"Agriculture, forestry and fishing",11,370,165,655
2015,TLI6,Outer London - South,B (5-9),Mining and quarrying,2,10,0,5
2016,TLI6,Outer London - South,B (5-9),Mining and quarrying,2,5,0,10
2017,TLI6,Outer London - South,B (5-9),Mining and quarrying,1,15,0,15
2018,TLI6,Outer London - South,B (5-9),Mining and quarrying,1,0,0,10
2019,TLI6,Outer London - South,B (5-9),Mining and quarrying,2,15,0,15
2020,TLI6,Outer London - South,B (5-9),Mining and quarrying,3,0,0,0
2021,TLI6,Outer London - South,B (5-9),Mining and quarrying,2,5,0,5
2022,TLI6,Outer London - South,B (5-9),Mining and quarrying,2,5,0,5
2015,TLI6,Outer London - South,C (10-33),Manufacturing,564,10045,1040,11300
2016,TLI6,Outer London - South,C (10-33),Manufacturing,560,10685,1625,12650
2017,TLI6,Outer London - South,C (10-33),Manufacturing,586,8550,1475,10485
2018,TLI6,Outer London - South,C (10-33),Manufacturing,593,9075,1305,10675
2019,TLI6,Outer London - South,C (10-33),Manufacturing,604,10125,1370,11595
2020,TLI6,Outer London - South,C (10-33),Manufacturing,595,9460,1535,11435
2021,TLI6,Outer London - South,C (10-33),Manufacturing,672,7720,2045,10890
2022,TLI6,Outer London - South,C (10-33),Manufacturing,704,9440,1225,11250
2015,TLI6,Outer London - South,D (35),"Electricity, gas, steam and air conditioning supply",145,410,10,410
2016,TLI6,Outer London - South,D (35),"Electricity, gas, steam and air conditioning supply",160,620,10,620
2017,TLI6,Outer London - South,D (35),"Electricity, gas, steam and air conditioning supply",183,1035,40,1050
2018,TLI6,Outer London - South,D (35),"Electricity, gas, steam and air conditioning supply",199,1155,45,1280
2019,TLI6,Outer London - South,D (35),"Electricity, gas, steam and air conditioning supply",253,1045,40,1055
2020,TLI6,Outer London - South,D (35),"Electricity, gas, steam and air conditioning supply",287,1040,30,1050
2021,TLI6,Outer London - South,D (35),"Electricity, gas, steam and air conditioning supply",117,985,135,1205
2022,TLI6,Outer London - South,D (35),"Electricity, gas, steam and air conditioning supply",119,345,320,745
2015,TLI6,Outer London - South,E (36-39),Water supply; sewerage and waste management,228,1925,115,2025
2016,TLI6,Outer London - South,E (36-39),Water supply; sewerage and waste management,213,1770,315,2040
2017,TLI6,Outer London - South,E (36-39),Water supply; sewerage and waste management,230,1550,60,1600
2018,TLI6,Outer London - South,E (36-39),Water supply; sewerage and waste management,210,1385,50,1475
2019,TLI6,Outer London - South,E (36-39),Water supply; sewerage and waste management,203,1375,120,1550
2020,TLI6,Outer London - South,E (36-39),Water supply; sewerage and waste management,190,1845,110,2120
2021,TLI6,Outer London - South,E (36-39),Water supply; sewerage and waste management,135,1645,150,1970
2022,TLI6,Outer London - South,E (36-39),Water supply; sewerage and waste management,135,1990,290,2190
2015,TLI6,Outer London - South,F (41-43),Construction,2267,15805,3655,21190
2016,TLI6,Outer London - South,F (41-43),Construction,2360,21405,4090,26930
2017,TLI6,Outer London - South,F (41-43),Construction,2658,23825,6520,31700
2018,TLI6,Outer London - South,F (41-43),Construction,2694,20165,5680,27100
2019,TLI6,Outer London - South,F (41-43),Construction,2764,22915,5860,29780
2020,TLI6,Outer London - South,F (41-43),Construction,2265,20125,4250,24805
2021,TLI6,Outer London - South,F (41-43),Construction,2275,20205,6980,28170
2022,TLI6,Outer London - South,F (41-43),Construction,2524,18585,6555,26005
2015,TLI6,Outer London - South,G (45-47),Wholesale and retail trade; repair of motor vehicles,2894,42545,36235,80745
2016,TLI6,Outer London - South,G (45-47),Wholesale and retail trade; repair of motor vehicles,2713,38670,32920,74275
2017,TLI6,Outer London - South,G (45-47),Wholesale and retail trade; repair of motor vehicles,2851,42320,33590,77815
2018,TLI6,Outer London - South,G (45-47),Wholesale and retail trade; repair of motor vehicles,2766,41885,33730,78895
2019,TLI6,Outer London - South,G (45-47),Wholesale and retail trade; repair of motor vehicles,2953,40275,33365,75245
2020,TLI6,Outer London - South,G (45-47),Wholesale and retail trade; repair of motor vehicles,2690,41200,32175,75685
2021,TLI6,Outer London - South,G (45-47),Wholesale and retail trade; repair of motor vehicles,2225,39225,33280,73900
2022,TLI6,Outer London - South,G (45-47),Wholesale and retail trade; repair of motor vehicles,2432,39600,32160,73685
2015,TLI6,Outer London - South,H (49-53),Transportation and storage,1123,14990,1965,16820
2016,TLI6,Outer London - South,H (49-53),Transportation and storage,1196,14690,2905,17965
2017,TLI6,Outer London - South,H (49-53),Transportation and storage,1227,15855,2740,19585
2018,TLI6,Outer London - South,H (49-53),Transportation and storage,1215,14515,2290,16265
2019,TLI6,Outer London - South,H (49-53),Transportation and storage,1332,17650,4120,21575
2020,TLI6,Outer London - South,H (49-53),Transportation and storage,877,18240,4530,22880
2021,TLI6,Outer London - South,H (49-53),Transportation and storage,874,16570,2630,18830
2022,TLI6,Outer London - South,H (49-53),Transportation and storage,1235,16870,2885,19625
2015,TLI6,Outer London - South,I (55-56),Accommodation and food service activities,637,13025,13360,28160
2016,TLI6,Outer London - South,I (55-56),Accommodation and food service activities,712,15245,13695,30490
2017,TLI6,Outer London - South,I (55-56),Accommodation and food service activities,779,13910,14765,30480
2018,TLI6,Outer London - South,I (55-56),Accommodation and food service activities,822,15730,16230,32475
2019,TLI6,Outer London - South,I (55-56),Accommodation and food service activities,947,13690,15840,29475
2020,TLI6,Outer London - South,I (55-56),Accommodation and food service activities,511,13925,17205,31085
2021,TLI6,Outer London - South,I (55-56),Accommodation and food service activities,1167,16695,17470,33700
2022,TLI6,Outer London - South,I (55-56),Accommodation and food service activities,1606,17090,18160,36275
2015,TLI6,Outer London - South,J (58-63),Information and communication,1566,17725,3190,20135
2016,TLI6,Outer London - South,J (58-63),Information and communication,1720,19170,3810,24105
2017,TLI6,Outer London - South,J (58-63),Information and communication,1800,19295,3400,23720
2018,TLI6,Outer London - South,J (58-63),Information and communication,1670,16950,3190,20895
2019,TLI6,Outer London - South,J (58-63),Information and communication,1726,17775,3200,21605
2020,TLI6,Outer London - South,J (58-63),Information and communication,1515,14205,2480,16610
2021,TLI6,Outer London - South,J (58-63),Information and communication,1437,15495,2400,18265
2022,TLI6,Outer London - South,J (58-63),Information and communication,1690,16430,2080,19270
2015,TLI6,Outer London - South,K (64-66),Financial and insurance activities,1763,12610,1845,15540
2016,TLI6,Outer London - South,K (64-66),Financial and insurance activities,1914,12940,2365,15345
2017,TLI6,Outer London - South,K (64-66),Financial and insurance activities,1860,12090,1840,14030
2018,TLI6,Outer London - South,K (64-66),Financial and insurance activities,1768,11225,1610,12620
2019,TLI6,Outer London - South,K (64-66),Financial and insurance activities,1830,11665,2090,14210
2020,TLI6,Outer London - South,K (64-66),Financial and insurance activities,1876,11610,1590,13620
2021,TLI6,Outer London - South,K (64-66),Financial and insurance activities,2153,11985,1795,14225
2022,TLI6,Outer London - South,K (64-66),Financial and insurance activities,2086,11135,1745,12100
2015,TLI6,Outer London - South,M (69-75),"Professional, scientific and technical activities",2078,31580,5740,39930
2016,TLI6,Outer London - South,M (69-75),"Professional, scientific and technical activities",2224,37555,6840,47220
2017,TLI6,Outer London - South,M (69-75),"Professional, scientific and technical activities",2223,29690,6845,39155
2018,TLI6,Outer London - South,M (69-75),"Professional, scientific and technical activities",2282,32755,6620,43000
2019,TLI6,Outer London - South,M (69-75),"Professional, scientific and technical activities",2323,28225,7650,36740
2020,TLI6,Outer London - South,M (69-75),"Professional, scientific and technical activities",2027,29205,7345,41570
2021,TLI6,Outer London - South,M (69-75),"Professional, scientific and technical activities",2197,31790,7265,40540
2022,TLI6,Outer London - South,M (69-75),"Professional, scientific and technical activities",2429,31100,7565,41065
2015,TLI6,Outer London - South,N (77-82),Administrative and support service activities,2074,33600,27155,62675
2016,TLI6,Outer London - South,N (77-82),Administrative and support service activities,2165,33065,25550,59605
2017,TLI6,Outer London - South,N (77-82),Administrative and support service activities,2146,35695,26855,63880
2018,TLI6,Outer London - South,N (77-82),Administrative and support service activities,2230,34590,25915,60505
2019,TLI6,Outer London - South,N (77-82),Administrative and support service activities,2317,34505,24145,59305
2020,TLI6,Outer London - South,N (77-82),Administrative and support service activities,2018,27235,22260,50340
2021,TLI6,Outer London - South,N (77-82),Administrative and support service activities,1812,34190,20035,52985
2022,TLI6,Outer London - South,N (77-82),Administrative and support service activities,2043,41970,22105,66180
2015,TLI6,Outer London - South,O (84),Public administration and defence,1200,15020,4000,19030
2016,TLI6,Outer London - South,O (84),Public administration and defence,1269,14720,4000,18930
2017,TLI6,Outer London - South,O (84),Public administration and defence,1368,15930,4650,21230
2018,TLI6,Outer London - South,O (84),Public administration and defence,1429,16810,3965,21130
2019,TLI6,Outer London - South,O (84),Public administration and defence,1385,16500,3865,21660
2020,TLI6,Outer London - South,O (84),Public administration and defence,1445,18270,4920,23170
2021,TLI6,Outer London - South,O (84),Public administration and defence,1519,18170,4070,21370
2022,TLI6,Outer London - South,O (84),Public administration and defence,1729,21160,3570,24760
2015,TLI6,Outer London - South,P (85),Education,1923,27205,20300,47050
2016,TLI6,Outer London - South,P (85),Education,1927,25105,18765,42275
2017,TLI6,Outer London - South,P (85),Education,1947,26985,22860,49545
2018,TLI6,Outer London - South,P (85),Education,2030,24790,21280,46300
2019,TLI6,Outer London - South,P (85),Education,2222,24885,21050,45995
2020,TLI6,Outer London - South,P (85),Education,2054,26405,20230,47635
2021,TLI6,Outer London - South,P (85),Education,2166,25055,21195,45555
2022,TLI6,Outer London - South,P (85),Education,2026,23825,22000,46200
2015,TLI6,Outer London - South,Q (86-88),Human health and social work activities,2211,37500,24925,63000
2016,TLI6,Outer London - South,Q (86-88),Human health and social work activities,2435,34900,22625,60250
2017,TLI6,Outer London - South,Q (86-88),Human health and social work activities,2452,38950,26650,68400
2018,TLI6,Outer London - South,Q (86-88),Human health and social work activities,2540,37950,24650,63850
2019,TLI6,Outer London - South,Q (86-88),Human health and social work activities,2667,37650,25275,63150
2020,TLI6,Outer London - South,Q (86-88),Human health and social work activities,2632,41700,27300,69250
2021,TLI6,Outer London - South,Q (86-88),Human health and social work activities,2804,39650,25800,66250
2022,TLI6,Outer London - South,Q (86-88),Human health and social work activities,2797,42500,27975,70950
2015,TLI6,Outer London - South,R (90-93),"Arts, entertainment and recreation",494,5210,7015,12445
2016,TLI6,Outer London - South,R (90-93),"Arts, entertainment and recreation",507,5380,7110,12880
2017,TLI6,Outer London - South,R (90-93),"Arts, entertainment and recreation",563,6035,7635,13475
2018,TLI6,Outer London - South,R (90-93),"Arts, entertainment and recreation",603,4510,7520,11905
2019,TLI6,Outer London - South,R (90-93),"Arts, entertainment and recreation",708,5475,7975,14115
2020,TLI6,Outer London - South,R (90-93),"Arts, entertainment and recreation",468,5085,8570,13925
2021,TLI6,Outer London - South,R (90-93),"Arts, entertainment and recreation",603,5215,9010,14730
2022,TLI6,Outer London - South,R (90-93),"Arts, entertainment and recreation",667,5455,6715,12905
2015,TLI6,Outer London - South,S (94-96),Other service activities,555,7405,3835,11365
2016,TLI6,Outer London - South,S (94-96),Other service activities,575,7655,5240,13895
2017,TLI6,Outer London - South,S (94-96),Other service activities,557,6620,4850,12150
2018,TLI6,Outer London - South,S (94-96),Other service activities,548,6420,4500,11590
2019,TLI6,Outer London - South,S (94-96),Other service activities,553,7630,4240,12315
2020,TLI6,Outer London - South,S (94-96),Other service activities,480,6890,3985,11140
2021,TLI6,Outer London - South,S (94-96),Other service activities,499,8315,4250,12820
2022,TLI6,Outer London - South,S (94-96),Other service activities,582,8680,4025,12520
2015,TLI6,Outer London - South,T (97-98),Activities of households,90,0,0,0
2016,TLI6,Outer London - South,T (97-98),Activities of households,125,0,0,0
2017,TLI6,Outer London - South,T (97-98),Activities of households,137,0,0,0
2018,TLI6,Outer London - South,T (97-98),Activities of households,152,0,0,0
2019,TLI6,Outer London - South,T (97-98),Activities of households,147,0,0,0
2020,TLI6,Outer London - South,T (97-98),Activities of households,131,0,0,0
2021,TLI6,Outer London - South,T (97-98),Activities of households,135,0,0,0
2022,TLI6,Outer London - South,T (97-98),Activities of households,124,0,0,0
2015,TLI7,Outer London - West and North West,A (1-3),"Agriculture, forestry and fishing",9,290,50,455
2016,TLI7,Outer London - West and North West,A (1-3),"Agriculture, forestry and fishing",6,165,25,250
2017,TLI7,Outer London - West and North West,A (1-3),"Agriculture, forestry and fishing",8,215,10,395
2018,TLI7,Outer London - West and North West,A (1-3),"Agriculture, forestry and fishing",8,80,80,280
2019,TLI7,Outer London - West and North West,A (1-3),"Agriculture, forestry and fishing",9,85,50,200
2020,TLI7,Outer London - West and North West,A (1-3),"Agriculture, forestry and fishing",7,50,45,285
2021,TLI7,Outer London - West and North West,A (1-3),"Agriculture, forestry and fishing",8,355,15,480
2022,TLI7,Outer London - West and North West,A (1-3),"Agriculture, forestry and fishing",11,280,175,600
2015,TLI7,Outer London - West and North West,B (5-9),Mining and quarrying,19,715,25,715
2016,TLI7,Outer London - West and North West,B (5-9),Mining and quarrying,17,725,115,960
2017,TLI7,Outer London - West and North West,B (5-9),Mining and quarrying,12,905,20,935
2018,TLI7,Outer London - West and North West,B (5-9),Mining and quarrying,15,705,185,755
2019,TLI7,Outer London - West and North West,B (5-9),Mining and quarrying,16,725,20,750
2020,TLI7,Outer London - West and North West,B (5-9),Mining and quarrying,21,230,310,610
2021,TLI7,Outer London - West and North West,B (5-9),Mining and quarrying,12,510,25,525
2022,TLI7,Outer London - West and North West,B (5-9),Mining and quarrying,14,415,10,420
2015,TLI7,Outer London - West and North West,C (10-33),Manufacturing,2786,34195,3825,38675
2016,TLI7,Outer London - West and North West,C (10-33),Manufacturing,2788,34740,3560,38530
2017,TLI7,Outer London - West and North West,C (10-33),Manufacturing,2960,31935,3305,35900
2018,TLI7,Outer London - West and North West,C (10-33),Manufacturing,3274,34855,3220,37790
2019,TLI7,Outer London - West and North West,C (10-33),Manufacturing,3297,35245,4860,41375
2020,TLI7,Outer London - West and North West,C (10-33),Manufacturing,2855,33130,5115,38505
2021,TLI7,Outer London - West and North West,C (10-33),Manufacturing,3117,29120,4985,36050
2022,TLI7,Outer London - West and North West,C (10-33),Manufacturing,3463,32675,3800,36285
2015,TLI7,Outer London - West and North West,D (35),"Electricity, gas, steam and air conditioning supply",176,450,10,450
2016,TLI7,Outer London - West and North West,D (35),"Electricity, gas, steam and air conditioning supply",172,770,20,770
2017,TLI7,Outer London - West and North West,D (35),"Electricity, gas, steam and air conditioning supply",150,655,30,760
2018,TLI7,Outer London - West and North West,D (35),"Electricity, gas, steam and air conditioning supply",184,870,45,870
2019,TLI7,Outer London - West and North West,D (35),"Electricity, gas, steam and air conditioning supply",257,835,50,865
2020,TLI7,Outer London - West and North West,D (35),"Electricity, gas, steam and air conditioning supply",418,880,40,905
2021,TLI7,Outer London - West and North West,D (35),"Electricity, gas, steam and air conditioning supply",287,1140,60,1175
2022,TLI7,Outer London - West and North West,D (35),"Electricity, gas, steam and air conditioning supply",286,865,60,875
2015,TLI7,Outer London - West and North West,E (36-39),Water supply; sewerage and waste management,464,3360,285,3510
2016,TLI7,Outer London - West and North West,E (36-39),Water supply; sewerage and waste management,424,3105,750,4100
2017,TLI7,Outer London - West and North West,E (36-39),Water supply; sewerage and waste management,434,3150,210,3450
2018,TLI7,Outer London - West and North West,E (36-39),Water supply; sewerage and waste management,391,3080,265,3480
2019,TLI7,Outer London - West and North West,E (36-39),Water supply; sewerage and waste management,411,3070,330,3445
2020,TLI7,Outer London - West and North West,E (36-39),Water supply; sewerage and waste management,467,4110,315,4460
2021,TLI7,Outer London - West and North West,E (36-39),Water supply; sewerage and waste management,440,4100,330,4625
2022,TLI7,Outer London - West and North West,E (36-39),Water supply; sewerage and waste management,438,5040,760,5440
2015,TLI7,Outer London - West and North West,F (41-43),Construction,4589,24275,4780,30610
2016,TLI7,Outer London - West and North West,F (41-43),Construction,4895,32360,7135,41790
2017,TLI7,Outer London - West and North West,F (41-43),Construction,5236,36400,10145,46800
2018,TLI7,Outer London - West and North West,F (41-43),Construction,5750,29500,9940,41240
2019,TLI7,Outer London - West and North West,F (41-43),Construction,5683,35345,9225,45450
2020,TLI7,Outer London - West and North West,F (41-43),Construction,4742,28855,7405,36930
2021,TLI7,Outer London - West and North West,F (41-43),Construction,5117,30560,11500,45245
2022,TLI7,Outer London - West and North West,F (41-43),Construction,5815,30965,11425,44230
2015,TLI7,Outer London - West and North West,G (45-47),Wholesale and retail trade; repair of motor vehicles,7027,89155,52315,146105
2016,TLI7,Outer London - West and North West,G (45-47),Wholesale and retail trade; repair of motor vehicles,6688,82830,48100,133395
2017,TLI7,Outer London - West and North West,G (45-47),Wholesale and retail trade; repair of motor vehicles,7024,89580,50195,142070
2018,TLI7,Outer London - West and North West,G (45-47),Wholesale and retail trade; repair of motor vehicles,6726,87310,48500,139360
2019,TLI7,Outer London - West and North West,G (45-47),Wholesale and retail trade; repair of motor vehicles,7366,86390,50090,139955
2020,TLI7,Outer London - West and North West,G (45-47),Wholesale and retail trade; repair of motor vehicles,6324,89280,50975,141830
2021,TLI7,Outer London - West and North West,G (45-47),Wholesale and retail trade; repair of motor vehicles,5626,84230,51080,138985
2022,TLI7,Outer London - West and North West,G (45-47),Wholesale and retail trade; repair of motor vehicles,5817,85840,51075,139595
2015,TLI7,Outer London - West and North West,H (49-53),Transportation and storage,6514,78510,19970,98810
2016,TLI7,Outer London - West and North West,H (49-53),Transportation and storage,6805,77245,23360,100290
2017,TLI7,Outer London - West and North West,H (49-53),Transportation and storage,7213,78285,21705,100965
2018,TLI7,Outer London - West and North West,H (49-53),Transportation and storage,7000,73035,19825,93805
2019,TLI7,Outer London - West and North West,H (49-53),Transportation and storage,7771,84715,25740,111465
2020,TLI7,Outer London - West and North West,H (49-53),Transportation and storage,3935,79345,24720,103700
2021,TLI7,Outer London - West and North West,H (49-53),Transportation and storage,4013,62620,24525,88710
2022,TLI7,Outer London - West and North West,H (49-53),Transportation and storage,5427,68550,28130,96595
2015,TLI7,Outer London - West and North West,I (55-56),Accommodation and food service activities,1713,33240,26970,60215
2016,TLI7,Outer London - West and North West,I (55-56),Accommodation and food service activities,1751,37285,26710,65360
2017,TLI7,Outer London - West and North West,I (55-56),Accommodation and food service activities,2005,35295,28550,63685
2018,TLI7,Outer London - West and North West,I (55-56),Accommodation and food service activities,2086,39795,32080,70560
2019,TLI7,Outer London - West and North West,I (55-56),Accommodation and food service activities,2131,37415,29370,68545
2020,TLI7,Outer London - West and North West,I (55-56),Accommodation and food service activities,1275,33585,28470,64120
2021,TLI7,Outer London - West and North West,I (55-56),Accommodation and food service activities,1764,37205,30020,66245
2022,TLI7,Outer London - West and North West,I (55-56),Accommodation and food service activities,2425,43760,34610,79420
2015,TLI7,Outer London - West and North West,J (58-63),Information and communication,7145,51565,5260,57940
2016,TLI7,Outer London - West and North West,J (58-63),Information and communication,7888,53505,7035,61085
2017,TLI7,Outer London - West and North West,J (58-63),Information and communication,7523,50955,7640,58820
2018,TLI7,Outer London - West and North West,J (58-63),Information and communication,7494,48675,6560,56180
2019,TLI7,Outer London - West and North West,J (58-63),Information and communication,7511,52265,7185,59670
2020,TLI7,Outer London - West and North West,J (58-63),Information and communication,6049,43935,6045,50575
2021,TLI7,Outer London - West and North West,J (58-63),Information and communication,5151,49335,5270,53535
2022,TLI7,Outer London - West and North West,J (58-63),Information and communication,5836,56630,5445,62035
2015,TLI7,Outer London - West and North West,K (64-66),Financial and insurance activities,1561,9945,2260,12375
2016,TLI7,Outer London - West and North West,K (64-66),Financial and insurance activities,1654,10990,2605,13730
2017,TLI7,Outer London - West and North West,K (64-66),Financial and insurance activities,1659,10690,2100,12645
2018,TLI7,Outer London - West and North West,K (64-66),Financial and insurance activities,1601,9240,1950,11525
2019,TLI7,Outer London - West and North West,K (64-66),Financial and insurance activities,1629,9875,1910,12310
2020,TLI7,Outer London - West and North West,K (64-66),Financial and insurance activities,1735,10515,1695,12430
2021,TLI7,Outer London - West and North West,K (64-66),Financial and insurance activities,1676,9970,2280,12400
2022,TLI7,Outer London - West and North West,K (64-66),Financial and insurance activities,1749,8600,1580,10380
2015,TLI7,Outer London - West and North West,M (69-75),"Professional, scientific and technical activities",4648,65370,14160,83300
2016,TLI7,Outer London - West and North West,M (69-75),"Professional, scientific and technical activities",4889,75775,15445,94750
2017,TLI7,Outer London - West and North West,M (69-75),"Professional, scientific and technical activities",4996,63575,14590,81950
2018,TLI7,Outer London - West and North West,M (69-75),"Professional, scientific and technical activities",4925,65875,13185,81900
2019,TLI7,Outer London - West and North West,M (69-75),"Professional, scientific and technical activities",4827,56700,13770,73250
2020,TLI7,Outer London - West and North West,M (69-75),"Professional, scientific and technical activities",3672,53720,12920,75425
2021,TLI7,Outer London - West and North West,M (69-75),"Professional, scientific and technical activities",4373,60425,12870,76100
2022,TLI7,Outer London - West and North West,M (69-75),"Professional, scientific and technical activities",4667,61700,11500,76000
2015,TLI7,Outer London - West and North West,N (77-82),Administrative and support service activities,4141,62625,28375,93760
2016,TLI7,Outer London - West and North West,N (77-82),Administrative and support service activities,4166,63005,29700,92820
2017,TLI7,Outer London - West and North West,N (77-82),Administrative and support service activities,4022,68460,30725,99950
2018,TLI7,Outer London - West and North West,N (77-82),Administrative and support service activities,4060,59265,28335,87675
2019,TLI7,Outer London - West and North West,N (77-82),Administrative and support service activities,4070,66610,26780,97640
2020,TLI7,Outer London - West and North West,N (77-82),Administrative and support service activities,3244,64145,22710,88430
2021,TLI7,Outer London - West and North West,N (77-82),Administrative and support service activities,3348,64860,22840,86960
2022,TLI7,Outer London - West and North West,N (77-82),Administrative and support service activities,3746,67415,28210,95935
2015,TLI7,Outer London - West and North West,O (84),Public administration and defence,1850,20750,5925,28100
2016,TLI7,Outer London - West and North West,O (84),Public administration and defence,1998,18650,7600,27750
2017,TLI7,Outer London - West and North West,O (84),Public administration and defence,2072,18200,6475,24200
2018,TLI7,Outer London - West and North West,O (84),Public administration and defence,2151,18850,6750,24750
2019,TLI7,Outer London - West and North West,O (84),Public administration and defence,2241,19500,5975,24950
2020,TLI7,Outer London - West and North West,O (84),Public administration and defence,2222,21100,5360,25600
2021,TLI7,Outer London - West and North West,O (84),Public administration and defence,2170,21100,4310,25150
2022,TLI7,Outer London - West and North West,O (84),Public administration and defence,2358,23600,4675,26200
2015,TLI7,Outer London - West and North West,P (85),Education,3384,46075,32265,80075
2016,TLI7,Outer London - West and North West,P (85),Education,3252,41375,30145,72750
2017,TLI7,Outer London - West and North West,P (85),Education,3384,46150,35500,82850
2018,TLI7,Outer London - West and North West,P (85),Education,3371,45600,31405,77250
2019,TLI7,Outer London - West and North West,P (85),Education,3574,43215,30605,74525
2020,TLI7,Outer London - West and North West,P (85),Education,3638,44255,34320,78125
2021,TLI7,Outer London - West and North West,P (85),Education,3607,43950,32790,77220
2022,TLI7,Outer London - West and North West,P (85),Education,3755,42530,34575,76975
2015,TLI7,Outer London - West and North West,Q (86-88),Human health and social work activities,3165,56250,33650,90000
2016,TLI7,Outer London - West and North West,Q (86-88),Human health and social work activities,3580,56075,34225,92600
2017,TLI7,Outer London - West and North West,Q (86-88),Human health and social work activities,3691,63950,36950,104400
2018,TLI7,Outer London - West and North West,Q (86-88),Human health and social work activities,3828,61200,35300,97950
2019,TLI7,Outer London - West and North West,Q (86-88),Human health and social work activities,3978,57975,34625,92800
2020,TLI7,Outer London - West and North West,Q (86-88),Human health and social work activities,4158,62200,36125,100350
2021,TLI7,Outer London - West and North West,Q (86-88),Human health and social work activities,4225,62400,34650,99050
2022,TLI7,Outer London - West and North West,Q (86-88),Human health and social work activities,4201,65950,35400,103750
2015,TLI7,Outer London - West and North West,R (90-93),"Arts, entertainment and recreation",1186,11780,10425,24080
2016,TLI7,Outer London - West and North West,R (90-93),"Arts, entertainment and recreation",1261,12550,11160,23705
2017,TLI7,Outer London - West and North West,R (90-93),"Arts, entertainment and recreation",1277,12780,10385,24045
2018,TLI7,Outer London - West and North West,R (90-93),"Arts, entertainment and recreation",1257,9480,9830,19445
2019,TLI7,Outer London - West and North West,R (90-93),"Arts, entertainment and recreation",1418,11550,8195,20345
2020,TLI7,Outer London - West and North West,R (90-93),"Arts, entertainment and recreation",1068,9485,8500,18795
2021,TLI7,Outer London - West and North West,R (90-93),"Arts, entertainment and recreation",1202,11295,11670,23445
2022,TLI7,Outer London - West and North West,R (90-93),"Arts, entertainment and recreation",1387,10865,8340,20055
2015,TLI7,Outer London - West and North West,S (94-96),Other service activities,834,10345,5585,16360
2016,TLI7,Outer London - West and North West,S (94-96),Other service activities,885,11960,7820,21090
2017,TLI7,Outer London - West and North West,S (94-96),Other service activities,938,9930,6715,17230
2018,TLI7,Outer London - West and North West,S (94-96),Other service activities,1065,10615,6840,18745
2019,TLI7,Outer London - West and North West,S (94-96),Other service activities,1046,11325,6295,18460
2020,TLI7,Outer London - West and North West,S (94-96),Other service activities,739,9500,6485,16585
2021,TLI7,Outer London - West and North West,S (94-96),Other service activities,798,11900,6500,19165
2022,TLI7,Outer London - West and North West,S (94-96),Other service activities,924,13670,6335,21085
2015,TLI7,Outer London - West and North West,T (97-98),Activities of households,194,0,0,0
2016,TLI7,Outer London - West and North West,T (97-98),Activities of households,244,0,0,0
2017,TLI7,Outer London - West and North West,T (97-98),Activities of households,265,0,0,0
2018,TLI7,Outer London - West and North West,T (97-98),Activities of households,285,0,0,0
2019,TLI7,Outer London - West and North West,T (97-98),Activities of households,297,0,0,0
2020,TLI7,Outer London - West and North West,T (97-98),Activities of households,218,0,0,0
2021,TLI7,Outer London - West and North West,T (97-98),Activities of households,168,0,0,0
2022,TLI7,Outer London - West and North West,T (97-98),Activities of households,187,0,0,0
2015,TLJ1,"Berkshire, Buckinghamshire and Oxfordshire",A (1-3),"Agriculture, forestry and fishing",287,4600,1415,12170
2016,TLJ1,"Berkshire, Buckinghamshire and Oxfordshire",A (1-3),"Agriculture, forestry and fishing",269,3270,1055,10825
2017,TLJ1,"Berkshire, Buckinghamshire and Oxfordshire",A (1-3),"Agriculture, forestry and fishing",278,4345,1100,11655
2018,TLJ1,"Berkshire, Buckinghamshire and Oxfordshire",A (1-3),"Agriculture, forestry and fishing",277,4470,970,11155
2019,TLJ1,"Berkshire, Buckinghamshire and Oxfordshire",A (1-3),"Agriculture, forestry and fishing",312,4350,955,12450
2020,TLJ1,"Berkshire, Buckinghamshire and Oxfordshire",A (1-3),"Agriculture, forestry and fishing",279,5465,1155,12925
2021,TLJ1,"Berkshire, Buckinghamshire and Oxfordshire",A (1-3),"Agriculture, forestry and fishing",365,4380,1390,12415
2022,TLJ1,"Berkshire, Buckinghamshire and Oxfordshire",A (1-3),"Agriculture, forestry and fishing",451,4965,1235,12640
2015,TLJ1,"Berkshire, Buckinghamshire and Oxfordshire",B (5-9),Mining and quarrying,91,1080,35,1105
2016,TLJ1,"Berkshire, Buckinghamshire and Oxfordshire",B (5-9),Mining and quarrying,66,1135,40,1185
2017,TLJ1,"Berkshire, Buckinghamshire and Oxfordshire",B (5-9),Mining and quarrying,55,390,20,400
2018,TLJ1,"Berkshire, Buckinghamshire and Oxfordshire",B (5-9),Mining and quarrying,69,370,15,400
2019,TLJ1,"Berkshire, Buckinghamshire and Oxfordshire",B (5-9),Mining and quarrying,80,585,20,615
2020,TLJ1,"Berkshire, Buckinghamshire and Oxfordshire",B (5-9),Mining and quarrying,74,520,10,525
2021,TLJ1,"Berkshire, Buckinghamshire and Oxfordshire",B (5-9),Mining and quarrying,71,465,145,595
2022,TLJ1,"Berkshire, Buckinghamshire and Oxfordshire",B (5-9),Mining and quarrying,80,660,5,660
2015,TLJ1,"Berkshire, Buckinghamshire and Oxfordshire",C (10-33),Manufacturing,6693,69790,5545,77230
2016,TLJ1,"Berkshire, Buckinghamshire and Oxfordshire",C (10-33),Manufacturing,6990,73475,6245,82270
2017,TLJ1,"Berkshire, Buckinghamshire and Oxfordshire",C (10-33),Manufacturing,7630,69725,7135,79325
2018,TLJ1,"Berkshire, Buckinghamshire and Oxfordshire",C (10-33),Manufacturing,7936,72895,6475,80645
2019,TLJ1,"Berkshire, Buckinghamshire and Oxfordshire",C (10-33),Manufacturing,8239,78115,6895,84765
2020,TLJ1,"Berkshire, Buckinghamshire and Oxfordshire",C (10-33),Manufacturing,7864,72775,8410,81245
2021,TLJ1,"Berkshire, Buckinghamshire and Oxfordshire",C (10-33),Manufacturing,7970,70825,7715,78695
2022,TLJ1,"Berkshire, Buckinghamshire and Oxfordshire",C (10-33),Manufacturing,8449,73220,7830,82835
2015,TLJ1,"Berkshire, Buckinghamshire and Oxfordshire",D (35),"Electricity, gas, steam and air conditioning supply",1125,3950,145,4150
2016,TLJ1,"Berkshire, Buckinghamshire and Oxfordshire",D (35),"Electricity, gas, steam and air conditioning supply",908,4450,150,4700
2017,TLJ1,"Berkshire, Buckinghamshire and Oxfordshire",D (35),"Electricity, gas, steam and air conditioning supply",1046,4600,105,4500
2018,TLJ1,"Berkshire, Buckinghamshire and Oxfordshire",D (35),"Electricity, gas, steam and air conditioning supply",1137,4960,265,5460
2019,TLJ1,"Berkshire, Buckinghamshire and Oxfordshire",D (35),"Electricity, gas, steam and air conditioning supply",1310,4685,395,4960
2020,TLJ1,"Berkshire, Buckinghamshire and Oxfordshire",D (35),"Electricity, gas, steam and air conditioning supply",1994,4610,245,4860
2021,TLJ1,"Berkshire, Buckinghamshire and Oxfordshire",D (35),"Electricity, gas, steam and air conditioning supply",1548,5660,220,5910
2022,TLJ1,"Berkshire, Buckinghamshire and Oxfordshire",D (35),"Electricity, gas, steam and air conditioning supply",1542,3185,270,3585
2015,TLJ1,"Berkshire, Buckinghamshire and Oxfordshire",E (36-39),Water supply; sewerage and waste management,1981,7665,880,8940
2016,TLJ1,"Berkshire, Buckinghamshire and Oxfordshire",E (36-39),Water supply; sewerage and waste management,2021,9080,505,9080
2017,TLJ1,"Berkshire, Buckinghamshire and Oxfordshire",E (36-39),Water supply; sewerage and waste management,1955,10710,685,10810
2018,TLJ1,"Berkshire, Buckinghamshire and Oxfordshire",E (36-39),Water supply; sewerage and waste management,2066,10500,725,11775
2019,TLJ1,"Berkshire, Buckinghamshire and Oxfordshire",E (36-39),Water supply; sewerage and waste management,2322,10670,1065,11935
2020,TLJ1,"Berkshire, Buckinghamshire and Oxfordshire",E (36-39),Water supply; sewerage and waste management,2432,11800,580,12725
2021,TLJ1,"Berkshire, Buckinghamshire and Oxfordshire",E (36-39),Water supply; sewerage and waste management,2586,14110,1280,15270
2022,TLJ1,"Berkshire, Buckinghamshire and Oxfordshire",E (36-39),Water supply; sewerage and waste management,2950,13175,835,13800
2015,TLJ1,"Berkshire, Buckinghamshire and Oxfordshire",F (41-43),Construction,4522,41715,5500,53200
2016,TLJ1,"Berkshire, Buckinghamshire and Oxfordshire",F (41-43),Construction,4543,46575,7975,59775
2017,TLJ1,"Berkshire, Buckinghamshire and Oxfordshire",F (41-43),Construction,4610,51560,7590,64910
2018,TLJ1,"Berkshire, Buckinghamshire and Oxfordshire",F (41-43),Construction,4892,48685,8560,61585
2019,TLJ1,"Berkshire, Buckinghamshire and Oxfordshire",F (41-43),Construction,5281,52460,6790,65360
2020,TLJ1,"Berkshire, Buckinghamshire and Oxfordshire",F (41-43),Construction,5679,53935,8815,67785
2021,TLJ1,"Berkshire, Buckinghamshire and Oxfordshire",F (41-43),Construction,5327,49690,9145,62365
2022,TLJ1,"Berkshire, Buckinghamshire and Oxfordshire",F (41-43),Construction,6248,43760,9345,59685
2015,TLJ1,"Berkshire, Buckinghamshire and Oxfordshire",G (45-47),Wholesale and retail trade; repair of motor vehicles,11945,135270,73450,214295
2016,TLJ1,"Berkshire, Buckinghamshire and Oxfordshire",G (45-47),Wholesale and retail trade; repair of motor vehicles,11224,140980,71515,217780
2017,TLJ1,"Berkshire, Buckinghamshire and Oxfordshire",G (45-47),Wholesale and retail trade; repair of motor vehicles,11547,131840,72535,208560
2018,TLJ1,"Berkshire, Buckinghamshire and Oxfordshire",G (45-47),Wholesale and retail trade; repair of motor vehicles,12219,137370,76810,216595
2019,TLJ1,"Berkshire, Buckinghamshire and Oxfordshire",G (45-47),Wholesale and retail trade; repair of motor vehicles,13437,140090,73940,217600
2020,TLJ1,"Berkshire, Buckinghamshire and Oxfordshire",G (45-47),Wholesale and retail trade; repair of motor vehicles,12700,127395,71125,202440
2021,TLJ1,"Berkshire, Buckinghamshire and Oxfordshire",G (45-47),Wholesale and retail trade; repair of motor vehicles,13308,127880,70960,203690
2022,TLJ1,"Berkshire, Buckinghamshire and Oxfordshire",G (45-47),Wholesale and retail trade; repair of motor vehicles,14185,128825,69225,203755
2015,TLJ1,"Berkshire, Buckinghamshire and Oxfordshire",H (49-53),Transportation and storage,2719,45835,5805,54760
2016,TLJ1,"Berkshire, Buckinghamshire and Oxfordshire",H (49-53),Transportation and storage,2773,50640,12605,66390
2017,TLJ1,"Berkshire, Buckinghamshire and Oxfordshire",H (49-53),Transportation and storage,2829,50445,8270,59280
2018,TLJ1,"Berkshire, Buckinghamshire and Oxfordshire",H (49-53),Transportation and storage,2921,52955,6425,59415
2019,TLJ1,"Berkshire, Buckinghamshire and Oxfordshire",H (49-53),Transportation and storage,3033,46945,7690,58310
2020,TLJ1,"Berkshire, Buckinghamshire and Oxfordshire",H (49-53),Transportation and storage,3029,47765,9420,58115
2021,TLJ1,"Berkshire, Buckinghamshire and Oxfordshire",H (49-53),Transportation and storage,3093,50935,8795,61245
2022,TLJ1,"Berkshire, Buckinghamshire and Oxfordshire",H (49-53),Transportation and storage,3363,54435,8935,64250
2015,TLJ1,"Berkshire, Buckinghamshire and Oxfordshire",I (55-56),Accommodation and food service activities,1855,36990,41635,79925
2016,TLJ1,"Berkshire, Buckinghamshire and Oxfordshire",I (55-56),Accommodation and food service activities,1992,37925,37255,75175
2017,TLJ1,"Berkshire, Buckinghamshire and Oxfordshire",I (55-56),Accommodation and food service activities,2069,34440,43950,82425
2018,TLJ1,"Berkshire, Buckinghamshire and Oxfordshire",I (55-56),Accommodation and food service activities,2330,37240,44850,86350
2019,TLJ1,"Berkshire, Buckinghamshire and Oxfordshire",I (55-56),Accommodation and food service activities,2433,40120,47375,88075
2020,TLJ1,"Berkshire, Buckinghamshire and Oxfordshire",I (55-56),Accommodation and food service activities,1430,36260,44720,84065
2021,TLJ1,"Berkshire, Buckinghamshire and Oxfordshire",I (55-56),Accommodation and food service activities,1983,36060,45965,83530
2022,TLJ1,"Berkshire, Buckinghamshire and Oxfordshire",I (55-56),Accommodation and food service activities,2708,37310,47935,86570
2015,TLJ1,"Berkshire, Buckinghamshire and Oxfordshire",J (58-63),Information and communication,12218,105575,12565,119585
2016,TLJ1,"Berkshire, Buckinghamshire and Oxfordshire",J (58-63),Information and communication,12818,102740,13755,118480
2017,TLJ1,"Berkshire, Buckinghamshire and Oxfordshire",J (58-63),Information and communication,12578,101555,13660,115210
2018,TLJ1,"Berkshire, Buckinghamshire and Oxfordshire",J (58-63),Information and communication,12846,95745,14530,110745
2019,TLJ1,"Berkshire, Buckinghamshire and Oxfordshire",J (58-63),Information and communication,13539,97205,16600,114335
2020,TLJ1,"Berkshire, Buckinghamshire and Oxfordshire",J (58-63),Information and communication,14751,102410,14870,118700
2021,TLJ1,"Berkshire, Buckinghamshire and Oxfordshire",J (58-63),Information and communication,15617,95990,15170,111185
2022,TLJ1,"Berkshire, Buckinghamshire and Oxfordshire",J (58-63),Information and communication,16917,108010,13825,123315
2015,TLJ1,"Berkshire, Buckinghamshire and Oxfordshire",K (64-66),Financial and insurance activities,3574,23145,4755,28050
2016,TLJ1,"Berkshire, Buckinghamshire and Oxfordshire",K (64-66),Financial and insurance activities,3496,23100,4825,28700
2017,TLJ1,"Berkshire, Buckinghamshire and Oxfordshire",K (64-66),Financial and insurance activities,3823,23445,5305,27955
2018,TLJ1,"Berkshire, Buckinghamshire and Oxfordshire",K (64-66),Financial and insurance activities,3682,24265,4355,28690
2019,TLJ1,"Berkshire, Buckinghamshire and Oxfordshire",K (64-66),Financial and insurance activities,3545,24415,3655,27875
2020,TLJ1,"Berkshire, Buckinghamshire and Oxfordshire",K (64-66),Financial and insurance activities,3767,25250,4955,30265
2021,TLJ1,"Berkshire, Buckinghamshire and Oxfordshire",K (64-66),Financial and insurance activities,4353,24255,4630,29395
2022,TLJ1,"Berkshire, Buckinghamshire and Oxfordshire",K (64-66),Financial and insurance activities,4539,22005,3605,26925
2015,TLJ1,"Berkshire, Buckinghamshire and Oxfordshire",M (69-75),"Professional, scientific and technical activities",7673,113545,25285,141775
2016,TLJ1,"Berkshire, Buckinghamshire and Oxfordshire",M (69-75),"Professional, scientific and technical activities",7547,111610,29725,147575
2017,TLJ1,"Berkshire, Buckinghamshire and Oxfordshire",M (69-75),"Professional, scientific and technical activities",8087,97225,26550,128910
2018,TLJ1,"Berkshire, Buckinghamshire and Oxfordshire",M (69-75),"Professional, scientific and technical activities",8920,109355,31070,144850
2019,TLJ1,"Berkshire, Buckinghamshire and Oxfordshire",M (69-75),"Professional, scientific and technical activities",9208,110550,31845,146900
2020,TLJ1,"Berkshire, Buckinghamshire and Oxfordshire",M (69-75),"Professional, scientific and technical activities",9868,108215,29940,143550
2021,TLJ1,"Berkshire, Buckinghamshire and Oxfordshire",M (69-75),"Professional, scientific and technical activities",10788,115500,29120,149850
2022,TLJ1,"Berkshire, Buckinghamshire and Oxfordshire",M (69-75),"Professional, scientific and technical activities",12157,138245,31470,172600
2015,TLJ1,"Berkshire, Buckinghamshire and Oxfordshire",N (77-82),Administrative and support service activities,4461,62805,32525,96170
2016,TLJ1,"Berkshire, Buckinghamshire and Oxfordshire",N (77-82),Administrative and support service activities,4521,78925,40275,119840
2017,TLJ1,"Berkshire, Buckinghamshire and Oxfordshire",N (77-82),Administrative and support service activities,4793,74660,38965,118260
2018,TLJ1,"Berkshire, Buckinghamshire and Oxfordshire",N (77-82),Administrative and support service activities,5044,75480,43675,123315
2019,TLJ1,"Berkshire, Buckinghamshire and Oxfordshire",N (77-82),Administrative and support service activities,5337,77715,40795,119775
2020,TLJ1,"Berkshire, Buckinghamshire and Oxfordshire",N (77-82),Administrative and support service activities,4714,76290,38425,116945
2021,TLJ1,"Berkshire, Buckinghamshire and Oxfordshire",N (77-82),Administrative and support service activities,5599,82765,42500,127700
2022,TLJ1,"Berkshire, Buckinghamshire and Oxfordshire",N (77-82),Administrative and support service activities,6300,88910,39450,130080
2015,TLJ1,"Berkshire, Buckinghamshire and Oxfordshire",O (84),Public administration and defence,3782,26400,7925,34150
2016,TLJ1,"Berkshire, Buckinghamshire and Oxfordshire",O (84),Public administration and defence,3826,26800,7175,33450
2017,TLJ1,"Berkshire, Buckinghamshire and Oxfordshire",O (84),Public administration and defence,4001,25450,7825,32100
2018,TLJ1,"Berkshire, Buckinghamshire and Oxfordshire",O (84),Public administration and defence,4118,26200,7075,32950
2019,TLJ1,"Berkshire, Buckinghamshire and Oxfordshire",O (84),Public administration and defence,4358,25700,7050,33350
2020,TLJ1,"Berkshire, Buckinghamshire and Oxfordshire",O (84),Public administration and defence,4529,26750,5950,33700
2021,TLJ1,"Berkshire, Buckinghamshire and Oxfordshire",O (84),Public administration and defence,4365,26050,6600,32800
2022,TLJ1,"Berkshire, Buckinghamshire and Oxfordshire",O (84),Public administration and defence,5065,28950,7400,35950
2015,TLJ1,"Berkshire, Buckinghamshire and Oxfordshire",P (85),Education,5285,80625,63625,144075
2016,TLJ1,"Berkshire, Buckinghamshire and Oxfordshire",P (85),Education,5242,77475,65650,141775
2017,TLJ1,"Berkshire, Buckinghamshire and Oxfordshire",P (85),Education,5440,71950,67875,141825
2018,TLJ1,"Berkshire, Buckinghamshire and Oxfordshire",P (85),Education,5712,73075,65300,139050
2019,TLJ1,"Berkshire, Buckinghamshire and Oxfordshire",P (85),Education,6220,79375,66400,145450
2020,TLJ1,"Berkshire, Buckinghamshire and Oxfordshire",P (85),Education,6866,79075,64200,145150
2021,TLJ1,"Berkshire, Buckinghamshire and Oxfordshire",P (85),Education,7378,79875,58375,137900
2022,TLJ1,"Berkshire, Buckinghamshire and Oxfordshire",P (85),Education,8006,84900,61825,148075
2015,TLJ1,"Berkshire, Buckinghamshire and Oxfordshire",Q (86-88),Human health and social work activities,4381,75800,51400,128650
2016,TLJ1,"Berkshire, Buckinghamshire and Oxfordshire",Q (86-88),Human health and social work activities,4554,72550,52550,127600
2017,TLJ1,"Berkshire, Buckinghamshire and Oxfordshire",Q (86-88),Human health and social work activities,4651,73200,58350,134950
2018,TLJ1,"Berkshire, Buckinghamshire and Oxfordshire",Q (86-88),Human health and social work activities,5001,79750,57050,139000
2019,TLJ1,"Berkshire, Buckinghamshire and Oxfordshire",Q (86-88),Human health and social work activities,5482,78300,60900,141000
2020,TLJ1,"Berkshire, Buckinghamshire and Oxfordshire",Q (86-88),Human health and social work activities,5566,79250,53600,136250
2021,TLJ1,"Berkshire, Buckinghamshire and Oxfordshire",Q (86-88),Human health and social work activities,6065,79000,57000,136500
2022,TLJ1,"Berkshire, Buckinghamshire and Oxfordshire",Q (86-88),Human health and social work activities,6218,87750,52950,144750
2015,TLJ1,"Berkshire, Buckinghamshire and Oxfordshire",R (90-93),"Arts, entertainment and recreation",1112,13120,15175,29125
2016,TLJ1,"Berkshire, Buckinghamshire and Oxfordshire",R (90-93),"Arts, entertainment and recreation",1102,12755,16985,31725
2017,TLJ1,"Berkshire, Buckinghamshire and Oxfordshire",R (90-93),"Arts, entertainment and recreation",1251,13510,17365,32125
2018,TLJ1,"Berkshire, Buckinghamshire and Oxfordshire",R (90-93),"Arts, entertainment and recreation",1353,13330,17975,33200
2019,TLJ1,"Berkshire, Buckinghamshire and Oxfordshire",R (90-93),"Arts, entertainment and recreation",1383,12650,14910,28325
2020,TLJ1,"Berkshire, Buckinghamshire and Oxfordshire",R (90-93),"Arts, entertainment and recreation",1140,14265,15875,30450
2021,TLJ1,"Berkshire, Buckinghamshire and Oxfordshire",R (90-93),"Arts, entertainment and recreation",1396,12725,14070,27050
2022,TLJ1,"Berkshire, Buckinghamshire and Oxfordshire",R (90-93),"Arts, entertainment and recreation",1529,17200,18320,36250
2015,TLJ1,"Berkshire, Buckinghamshire and Oxfordshire",S (94-96),Other service activities,1653,22545,10895,34675
2016,TLJ1,"Berkshire, Buckinghamshire and Oxfordshire",S (94-96),Other service activities,1691,19800,10325,30650
2017,TLJ1,"Berkshire, Buckinghamshire and Oxfordshire",S (94-96),Other service activities,1819,21750,12425,35655
2018,TLJ1,"Berkshire, Buckinghamshire and Oxfordshire",S (94-96),Other service activities,1980,17140,10740,29175
2019,TLJ1,"Berkshire, Buckinghamshire and Oxfordshire",S (94-96),Other service activities,2051,19815,12605,33875
2020,TLJ1,"Berkshire, Buckinghamshire and Oxfordshire",S (94-96),Other service activities,1846,17375,9595,28495
2021,TLJ1,"Berkshire, Buckinghamshire and Oxfordshire",S (94-96),Other service activities,1869,17025,8360,26965
2022,TLJ1,"Berkshire, Buckinghamshire and Oxfordshire",S (94-96),Other service activities,2105,17465,8340,27495
2015,TLJ1,"Berkshire, Buckinghamshire and Oxfordshire",T (97-98),Activities of households,123,0,0,0
2016,TLJ1,"Berkshire, Buckinghamshire and Oxfordshire",T (97-98),Activities of households,158,0,0,0
2017,TLJ1,"Berkshire, Buckinghamshire and Oxfordshire",T (97-98),Activities of households,167,0,0,0
2018,TLJ1,"Berkshire, Buckinghamshire and Oxfordshire",T (97-98),Activities of households,232,0,0,0
2019,TLJ1,"Berkshire, Buckinghamshire and Oxfordshire",T (97-98),Activities of households,245,0,0,0
2020,TLJ1,"Berkshire, Buckinghamshire and Oxfordshire",T (97-98),Activities of households,186,0,0,0
2021,TLJ1,"Berkshire, Buckinghamshire and Oxfordshire",T (97-98),Activities of households,167,0,0,0
2022,TLJ1,"Berkshire, Buckinghamshire and Oxfordshire",T (97-98),Activities of households,140,0,0,0
2015,TLJ2,"Surrey, East and West Sussex",A (1-3),"Agriculture, forestry and fishing",251,8500,2190,17480
2016,TLJ2,"Surrey, East and West Sussex",A (1-3),"Agriculture, forestry and fishing",228,6410,1495,15150
2017,TLJ2,"Surrey, East and West Sussex",A (1-3),"Agriculture, forestry and fishing",240,8225,1595,16670
2018,TLJ2,"Surrey, East and West Sussex",A (1-3),"Agriculture, forestry and fishing",244,7515,1345,15725
2019,TLJ2,"Surrey, East and West Sussex",A (1-3),"Agriculture, forestry and fishing",274,7445,1340,16410
2020,TLJ2,"Surrey, East and West Sussex",A (1-3),"Agriculture, forestry and fishing",293,8335,1745,18015
2021,TLJ2,"Surrey, East and West Sussex",A (1-3),"Agriculture, forestry and fishing",324,7370,1700,16210
2022,TLJ2,"Surrey, East and West Sussex",A (1-3),"Agriculture, forestry and fishing",383,7570,1870,17805
2015,TLJ2,"Surrey, East and West Sussex",B (5-9),Mining and quarrying,94,315,20,365
2016,TLJ2,"Surrey, East and West Sussex",B (5-9),Mining and quarrying,67,295,5,300
2017,TLJ2,"Surrey, East and West Sussex",B (5-9),Mining and quarrying,59,235,5,240
2018,TLJ2,"Surrey, East and West Sussex",B (5-9),Mining and quarrying,72,305,25,355
2019,TLJ2,"Surrey, East and West Sussex",B (5-9),Mining and quarrying,75,665,35,700
2020,TLJ2,"Surrey, East and West Sussex",B (5-9),Mining and quarrying,57,765,5,765
2021,TLJ2,"Surrey, East and West Sussex",B (5-9),Mining and quarrying,75,1055,30,1055
2022,TLJ2,"Surrey, East and West Sussex",B (5-9),Mining and quarrying,82,1030,15,980
2015,TLJ2,"Surrey, East and West Sussex",C (10-33),Manufacturing,5517,58045,5200,65155
2016,TLJ2,"Surrey, East and West Sussex",C (10-33),Manufacturing,6105,61220,5855,69035
2017,TLJ2,"Surrey, East and West Sussex",C (10-33),Manufacturing,6805,58840,6610,67715
2018,TLJ2,"Surrey, East and West Sussex",C (10-33),Manufacturing,7148,62420,5445,69145
2019,TLJ2,"Surrey, East and West Sussex",C (10-33),Manufacturing,7280,65290,6785,74105
2020,TLJ2,"Surrey, East and West Sussex",C (10-33),Manufacturing,7289,62300,7800,70205
2021,TLJ2,"Surrey, East and West Sussex",C (10-33),Manufacturing,7144,55585,6610,64585
2022,TLJ2,"Surrey, East and West Sussex",C (10-33),Manufacturing,6699,56385,7500,65265
2015,TLJ2,"Surrey, East and West Sussex",D (35),"Electricity, gas, steam and air conditioning supply",1603,7015,355,7015
2016,TLJ2,"Surrey, East and West Sussex",D (35),"Electricity, gas, steam and air conditioning supply",1536,10115,660,10640
2017,TLJ2,"Surrey, East and West Sussex",D (35),"Electricity, gas, steam and air conditioning supply",1667,8940,580,9665
2018,TLJ2,"Surrey, East and West Sussex",D (35),"Electricity, gas, steam and air conditioning supply",1439,5150,435,5600
2019,TLJ2,"Surrey, East and West Sussex",D (35),"Electricity, gas, steam and air conditioning supply",1437,4925,615,5575
2020,TLJ2,"Surrey, East and West Sussex",D (35),"Electricity, gas, steam and air conditioning supply",1227,4400,370,4675
2021,TLJ2,"Surrey, East and West Sussex",D (35),"Electricity, gas, steam and air conditioning supply",825,4000,335,4250
2022,TLJ2,"Surrey, East and West Sussex",D (35),"Electricity, gas, steam and air conditioning supply",721,2660,1020,3560
2015,TLJ2,"Surrey, East and West Sussex",E (36-39),Water supply; sewerage and waste management,962,5600,700,6600
2016,TLJ2,"Surrey, East and West Sussex",E (36-39),Water supply; sewerage and waste management,934,6370,490,6945
2017,TLJ2,"Surrey, East and West Sussex",E (36-39),Water supply; sewerage and waste management,968,8180,660,9535
2018,TLJ2,"Surrey, East and West Sussex",E (36-39),Water supply; sewerage and waste management,1091,7275,575,7575
2019,TLJ2,"Surrey, East and West Sussex",E (36-39),Water supply; sewerage and waste management,1076,6820,1105,8685
2020,TLJ2,"Surrey, East and West Sussex",E (36-39),Water supply; sewerage and waste management,964,5465,1825,7215
2021,TLJ2,"Surrey, East and West Sussex",E (36-39),Water supply; sewerage and waste management,1086,7785,765,8485
2022,TLJ2,"Surrey, East and West Sussex",E (36-39),Water supply; sewerage and waste management,1096,9630,665,11030
2015,TLJ2,"Surrey, East and West Sussex",F (41-43),Construction,5384,47210,7255,62525
2016,TLJ2,"Surrey, East and West Sussex",F (41-43),Construction,5204,51625,10175,67940
2017,TLJ2,"Surrey, East and West Sussex",F (41-43),Construction,5484,57045,9725,72220
2018,TLJ2,"Surrey, East and West Sussex",F (41-43),Construction,5784,53290,11285,70115
2019,TLJ2,"Surrey, East and West Sussex",F (41-43),Construction,6342,56885,8595,70685
2020,TLJ2,"Surrey, East and West Sussex",F (41-43),Construction,5325,60070,10785,77370
2021,TLJ2,"Surrey, East and West Sussex",F (41-43),Construction,5924,58900,12330,76450
2022,TLJ2,"Surrey, East and West Sussex",F (41-43),Construction,6787,50925,12240,69240
2015,TLJ2,"Surrey, East and West Sussex",G (45-47),Wholesale and retail trade; repair of motor vehicles,8352,124125,79560,212325
2016,TLJ2,"Surrey, East and West Sussex",G (45-47),Wholesale and retail trade; repair of motor vehicles,8269,120315,80960,206940
2017,TLJ2,"Surrey, East and West Sussex",G (45-47),Wholesale and retail trade; repair of motor vehicles,8447,117955,82160,206910
2018,TLJ2,"Surrey, East and West Sussex",G (45-47),Wholesale and retail trade; repair of motor vehicles,9078,116585,84005,209720
2019,TLJ2,"Surrey, East and West Sussex",G (45-47),Wholesale and retail trade; repair of motor vehicles,9559,120385,81635,210480
2020,TLJ2,"Surrey, East and West Sussex",G (45-47),Wholesale and retail trade; repair of motor vehicles,9616,107070,78785,189965
2021,TLJ2,"Surrey, East and West Sussex",G (45-47),Wholesale and retail trade; repair of motor vehicles,10233,113920,78270,196535
2022,TLJ2,"Surrey, East and West Sussex",G (45-47),Wholesale and retail trade; repair of motor vehicles,10961,107320,75355,187915
2015,TLJ2,"Surrey, East and West Sussex",H (49-53),Transportation and storage,2771,44730,7695,54435
2016,TLJ2,"Surrey, East and West Sussex",H (49-53),Transportation and storage,2874,47905,14300,62715
2017,TLJ2,"Surrey, East and West Sussex",H (49-53),Transportation and storage,2953,44375,9610,54815
2018,TLJ2,"Surrey, East and West Sussex",H (49-53),Transportation and storage,3185,48920,8365,56590
2019,TLJ2,"Surrey, East and West Sussex",H (49-53),Transportation and storage,3488,44745,9940,55710
2020,TLJ2,"Surrey, East and West Sussex",H (49-53),Transportation and storage,2257,45030,9655,55590
2021,TLJ2,"Surrey, East and West Sussex",H (49-53),Transportation and storage,2816,50890,10650,64690
2022,TLJ2,"Surrey, East and West Sussex",H (49-53),Transportation and storage,3508,45380,8390,55095
2015,TLJ2,"Surrey, East and West Sussex",I (55-56),Accommodation and food service activities,2263,44910,55500,104650
2016,TLJ2,"Surrey, East and West Sussex",I (55-56),Accommodation and food service activities,2477,48500,47325,97675
2017,TLJ2,"Surrey, East and West Sussex",I (55-56),Accommodation and food service activities,2556,42500,56575,101200
2018,TLJ2,"Surrey, East and West Sussex",I (55-56),Accommodation and food service activities,2587,45540,56800,104325
2019,TLJ2,"Surrey, East and West Sussex",I (55-56),Accommodation and food service activities,2783,46780,58300,110075
2020,TLJ2,"Surrey, East and West Sussex",I (55-56),Accommodation and food service activities,1913,43920,56935,102500
2021,TLJ2,"Surrey, East and West Sussex",I (55-56),Accommodation and food service activities,2663,41615,58070,101510
2022,TLJ2,"Surrey, East and West Sussex",I (55-56),Accommodation and food service activities,3685,46425,59950,109350
2015,TLJ2,"Surrey, East and West Sussex",J (58-63),Information and communication,4653,55965,8415,65420
2016,TLJ2,"Surrey, East and West Sussex",J (58-63),Information and communication,4603,55825,8650,65460
2017,TLJ2,"Surrey, East and West Sussex",J (58-63),Information and communication,4534,50320,9605,61020
2018,TLJ2,"Surrey, East and West Sussex",J (58-63),Information and communication,4955,51715,9520,61325
2019,TLJ2,"Surrey, East and West Sussex",J (58-63),Information and communication,5310,50455,11390,63410
2020,TLJ2,"Surrey, East and West Sussex",J (58-63),Information and communication,6049,55280,10265,65710
2021,TLJ2,"Surrey, East and West Sussex",J (58-63),Information and communication,5368,49045,9430,59685
2022,TLJ2,"Surrey, East and West Sussex",J (58-63),Information and communication,6012,59050,10100,71380
2015,TLJ2,"Surrey, East and West Sussex",K (64-66),Financial and insurance activities,5808,38645,7280,46600
2016,TLJ2,"Surrey, East and West Sussex",K (64-66),Financial and insurance activities,5751,38340,7465,46745
2017,TLJ2,"Surrey, East and West Sussex",K (64-66),Financial and insurance activities,6316,37130,8010,45380
2018,TLJ2,"Surrey, East and West Sussex",K (64-66),Financial and insurance activities,5628,38060,7755,46300
2019,TLJ2,"Surrey, East and West Sussex",K (64-66),Financial and insurance activities,5390,38305,6095,43885
2020,TLJ2,"Surrey, East and West Sussex",K (64-66),Financial and insurance activities,5840,39210,7655,46035
2021,TLJ2,"Surrey, East and West Sussex",K (64-66),Financial and insurance activities,6758,39000,7105,45780
2022,TLJ2,"Surrey, East and West Sussex",K (64-66),Financial and insurance activities,7749,37580,6140,44555
2015,TLJ2,"Surrey, East and West Sussex",M (69-75),"Professional, scientific and technical activities",6847,96125,20615,119575
2016,TLJ2,"Surrey, East and West Sussex",M (69-75),"Professional, scientific and technical activities",6699,89475,25715,122575
2017,TLJ2,"Surrey, East and West Sussex",M (69-75),"Professional, scientific and technical activities",6455,78065,24555,106225
2018,TLJ2,"Surrey, East and West Sussex",M (69-75),"Professional, scientific and technical activities",6752,91045,27090,124090
2019,TLJ2,"Surrey, East and West Sussex",M (69-75),"Professional, scientific and technical activities",7083,91275,28985,123775
2020,TLJ2,"Surrey, East and West Sussex",M (69-75),"Professional, scientific and technical activities",8006,80985,27000,112450
2021,TLJ2,"Surrey, East and West Sussex",M (69-75),"Professional, scientific and technical activities",8034,91250,26170,121300
2022,TLJ2,"Surrey, East and West Sussex",M (69-75),"Professional, scientific and technical activities",9162,93515,26120,121450
2015,TLJ2,"Surrey, East and West Sussex",N (77-82),Administrative and support service activities,3652,62960,34125,100035
2016,TLJ2,"Surrey, East and West Sussex",N (77-82),Administrative and support service activities,3840,73250,39200,114545
2017,TLJ2,"Surrey, East and West Sussex",N (77-82),Administrative and support service activities,4180,64785,37115,107855
2018,TLJ2,"Surrey, East and West Sussex",N (77-82),Administrative and support service activities,4238,63040,42480,110530
2019,TLJ2,"Surrey, East and West Sussex",N (77-82),Administrative and support service activities,4588,63945,34370,99760
2020,TLJ2,"Surrey, East and West Sussex",N (77-82),Administrative and support service activities,3789,64035,31930,97210
2021,TLJ2,"Surrey, East and West Sussex",N (77-82),Administrative and support service activities,4173,70700,37525,111565
2022,TLJ2,"Surrey, East and West Sussex",N (77-82),Administrative and support service activities,5226,77595,37205,119495
2015,TLJ2,"Surrey, East and West Sussex",O (84),Public administration and defence,2468,27600,9400,37450
2016,TLJ2,"Surrey, East and West Sussex",O (84),Public administration and defence,2503,26600,8700,36050
2017,TLJ2,"Surrey, East and West Sussex",O (84),Public administration and defence,2695,28350,9550,36800
2018,TLJ2,"Surrey, East and West Sussex",O (84),Public administration and defence,2777,27750,9775,36750
2019,TLJ2,"Surrey, East and West Sussex",O (84),Public administration and defence,2937,28450,9875,37900
2020,TLJ2,"Surrey, East and West Sussex",O (84),Public administration and defence,2854,28600,9450,37950
2021,TLJ2,"Surrey, East and West Sussex",O (84),Public administration and defence,3062,29000,9125,37100
2022,TLJ2,"Surrey, East and West Sussex",O (84),Public administration and defence,3358,31000,9925,40600
2015,TLJ2,"Surrey, East and West Sussex",P (85),Education,4765,64125,55750,120350
2016,TLJ2,"Surrey, East and West Sussex",P (85),Education,4919,62725,56075,119875
2017,TLJ2,"Surrey, East and West Sussex",P (85),Education,5040,61775,58700,120950
2018,TLJ2,"Surrey, East and West Sussex",P (85),Education,4922,61625,57545,119150
2019,TLJ2,"Surrey, East and West Sussex",P (85),Education,5282,62900,58415,123200
2020,TLJ2,"Surrey, East and West Sussex",P (85),Education,5654,63450,59410,121425
2021,TLJ2,"Surrey, East and West Sussex",P (85),Education,5622,61135,55100,115300
2022,TLJ2,"Surrey, East and West Sussex",P (85),Education,6228,64775,58180,122650
2015,TLJ2,"Surrey, East and West Sussex",Q (86-88),Human health and social work activities,5592,99350,76050,178000
2016,TLJ2,"Surrey, East and West Sussex",Q (86-88),Human health and social work activities,5901,96200,72800,171250
2017,TLJ2,"Surrey, East and West Sussex",Q (86-88),Human health and social work activities,6197,99550,78450,183500
2018,TLJ2,"Surrey, East and West Sussex",Q (86-88),Human health and social work activities,6143,98700,81050,183000
2019,TLJ2,"Surrey, East and West Sussex",Q (86-88),Human health and social work activities,6802,102650,84000,187000
2020,TLJ2,"Surrey, East and West Sussex",Q (86-88),Human health and social work activities,6799,103750,78800,183500
2021,TLJ2,"Surrey, East and West Sussex",Q (86-88),Human health and social work activities,7787,101500,83250,186750
2022,TLJ2,"Surrey, East and West Sussex",Q (86-88),Human health and social work activities,7600,101800,74950,179500
2015,TLJ2,"Surrey, East and West Sussex",R (90-93),"Arts, entertainment and recreation",1334,16910,20500,38500
2016,TLJ2,"Surrey, East and West Sussex",R (90-93),"Arts, entertainment and recreation",1371,17290,21995,41500
2017,TLJ2,"Surrey, East and West Sussex",R (90-93),"Arts, entertainment and recreation",1574,18790,21550,41825
2018,TLJ2,"Surrey, East and West Sussex",R (90-93),"Arts, entertainment and recreation",1603,17585,22975,41550
2019,TLJ2,"Surrey, East and West Sussex",R (90-93),"Arts, entertainment and recreation",1660,16590,18810,36790
2020,TLJ2,"Surrey, East and West Sussex",R (90-93),"Arts, entertainment and recreation",1363,18615,21605,42340
2021,TLJ2,"Surrey, East and West Sussex",R (90-93),"Arts, entertainment and recreation",1607,18245,18295,37735
2022,TLJ2,"Surrey, East and West Sussex",R (90-93),"Arts, entertainment and recreation",1817,22590,26680,49775
2015,TLJ2,"Surrey, East and West Sussex",S (94-96),Other service activities,1323,18500,11245,31275
2016,TLJ2,"Surrey, East and West Sussex",S (94-96),Other service activities,1323,17600,11170,30075
2017,TLJ2,"Surrey, East and West Sussex",S (94-96),Other service activities,1503,19385,13960,34515
2018,TLJ2,"Surrey, East and West Sussex",S (94-96),Other service activities,1470,15785,11090,29800
2019,TLJ2,"Surrey, East and West Sussex",S (94-96),Other service activities,1470,18125,14265,34400
2020,TLJ2,"Surrey, East and West Sussex",S (94-96),Other service activities,1403,17160,10370,30020
2021,TLJ2,"Surrey, East and West Sussex",S (94-96),Other service activities,1624,19375,9685,30840
2022,TLJ2,"Surrey, East and West Sussex",S (94-96),Other service activities,1839,17890,9045,28650
2015,TLJ2,"Surrey, East and West Sussex",T (97-98),Activities of households,193,0,0,0
2016,TLJ2,"Surrey, East and West Sussex",T (97-98),Activities of households,278,0,0,0
2017,TLJ2,"Surrey, East and West Sussex",T (97-98),Activities of households,293,0,0,0
2018,TLJ2,"Surrey, East and West Sussex",T (97-98),Activities of households,325,0,0,0
2019,TLJ2,"Surrey, East and West Sussex",T (97-98),Activities of households,348,0,0,0
2020,TLJ2,"Surrey, East and West Sussex",T (97-98),Activities of households,287,0,0,0
2021,TLJ2,"Surrey, East and West Sussex",T (97-98),Activities of households,262,0,0,0
2022,TLJ2,"Surrey, East and West Sussex",T (97-98),Activities of households,256,0,0,0
2015,TLJ3,Hampshire and Isle of Wight,A (1-3),"Agriculture, forestry and fishing",188,5365,1495,10480
2016,TLJ3,Hampshire and Isle of Wight,A (1-3),"Agriculture, forestry and fishing",193,4000,980,8950
2017,TLJ3,Hampshire and Isle of Wight,A (1-3),"Agriculture, forestry and fishing",207,5570,1030,10890
2018,TLJ3,Hampshire and Isle of Wight,A (1-3),"Agriculture, forestry and fishing",213,5625,880,10305
2019,TLJ3,Hampshire and Isle of Wight,A (1-3),"Agriculture, forestry and fishing",245,5560,865,11600
2020,TLJ3,Hampshire and Isle of Wight,A (1-3),"Agriculture, forestry and fishing",236,6855,970,12215
2021,TLJ3,Hampshire and Isle of Wight,A (1-3),"Agriculture, forestry and fishing",299,4070,975,9625
2022,TLJ3,Hampshire and Isle of Wight,A (1-3),"Agriculture, forestry and fishing",351,4720,1095,11130
2015,TLJ3,Hampshire and Isle of Wight,B (5-9),Mining and quarrying,44,370,0,420
2016,TLJ3,Hampshire and Isle of Wight,B (5-9),Mining and quarrying,54,320,15,320
2017,TLJ3,Hampshire and Isle of Wight,B (5-9),Mining and quarrying,65,455,25,460
2018,TLJ3,Hampshire and Isle of Wight,B (5-9),Mining and quarrying,149,420,10,420
2019,TLJ3,Hampshire and Isle of Wight,B (5-9),Mining and quarrying,162,695,20,645
2020,TLJ3,Hampshire and Isle of Wight,B (5-9),Mining and quarrying,118,515,10,540
2021,TLJ3,Hampshire and Isle of Wight,B (5-9),Mining and quarrying,110,690,20,740
2022,TLJ3,Hampshire and Isle of Wight,B (5-9),Mining and quarrying,202,470,15,515
2015,TLJ3,Hampshire and Isle of Wight,C (10-33),Manufacturing,5385,61920,5295,67940
2016,TLJ3,Hampshire and Isle of Wight,C (10-33),Manufacturing,5563,61170,5475,67500
2017,TLJ3,Hampshire and Isle of Wight,C (10-33),Manufacturing,5968,56405,6610,63530
2018,TLJ3,Hampshire and Isle of Wight,C (10-33),Manufacturing,6157,61735,5240,68335
2019,TLJ3,Hampshire and Isle of Wight,C (10-33),Manufacturing,6664,64520,6420,71970
2020,TLJ3,Hampshire and Isle of Wight,C (10-33),Manufacturing,6980,57150,7480,65940
2021,TLJ3,Hampshire and Isle of Wight,C (10-33),Manufacturing,6888,53780,6115,60900
2022,TLJ3,Hampshire and Isle of Wight,C (10-33),Manufacturing,7308,55145,6410,62215
2015,TLJ3,Hampshire and Isle of Wight,D (35),"Electricity, gas, steam and air conditioning supply",1169,2630,260,2880
2016,TLJ3,Hampshire and Isle of Wight,D (35),"Electricity, gas, steam and air conditioning supply",902,3510,235,3510
2017,TLJ3,Hampshire and Isle of Wight,D (35),"Electricity, gas, steam and air conditioning supply",903,4325,235,4325
2018,TLJ3,Hampshire and Isle of Wight,D (35),"Electricity, gas, steam and air conditioning supply",832,3725,190,3725
2019,TLJ3,Hampshire and Isle of Wight,D (35),"Electricity, gas, steam and air conditioning supply",1060,3725,240,4450
2020,TLJ3,Hampshire and Isle of Wight,D (35),"Electricity, gas, steam and air conditioning supply",1586,4775,500,5375
2021,TLJ3,Hampshire and Isle of Wight,D (35),"Electricity, gas, steam and air conditioning supply",1010,4535,440,5085
2022,TLJ3,Hampshire and Isle of Wight,D (35),"Electricity, gas, steam and air conditioning supply",919,3185,1000,4265
2015,TLJ3,Hampshire and Isle of Wight,E (36-39),Water supply; sewerage and waste management,593,4550,365,4825
2016,TLJ3,Hampshire and Isle of Wight,E (36-39),Water supply; sewerage and waste management,560,4200,305,4600
2017,TLJ3,Hampshire and Isle of Wight,E (36-39),Water supply; sewerage and waste management,574,6080,440,6185
2018,TLJ3,Hampshire and Isle of Wight,E (36-39),Water supply; sewerage and waste management,618,4845,370,5275
2019,TLJ3,Hampshire and Isle of Wight,E (36-39),Water supply; sewerage and waste management,594,4775,635,5600
2020,TLJ3,Hampshire and Isle of Wight,E (36-39),Water supply; sewerage and waste management,629,4150,555,4575
2021,TLJ3,Hampshire and Isle of Wight,E (36-39),Water supply; sewerage and waste management,751,6835,870,7490
2022,TLJ3,Hampshire and Isle of Wight,E (36-39),Water supply; sewerage and waste management,761,6920,480,7495
2015,TLJ3,Hampshire and Isle of Wight,F (41-43),Construction,3435,36440,4925,43495
2016,TLJ3,Hampshire and Isle of Wight,F (41-43),Construction,3655,37200,6695,47800
2017,TLJ3,Hampshire and Isle of Wight,F (41-43),Construction,3975,41900,6720,51675
2018,TLJ3,Hampshire and Isle of Wight,F (41-43),Construction,3960,37015,6965,47345
2019,TLJ3,Hampshire and Isle of Wight,F (41-43),Construction,4175,40850,5635,48700
2020,TLJ3,Hampshire and Isle of Wight,F (41-43),Construction,3803,41195,6930,51385
2021,TLJ3,Hampshire and Isle of Wight,F (41-43),Construction,3849,41720,7645,50695
2022,TLJ3,Hampshire and Isle of Wight,F (41-43),Construction,4570,36115,7785,47350
2015,TLJ3,Hampshire and Isle of Wight,G (45-47),Wholesale and retail trade; repair of motor vehicles,5753,82990,56275,143285
2016,TLJ3,Hampshire and Isle of Wight,G (45-47),Wholesale and retail trade; repair of motor vehicles,5761,82975,57480,144335
2017,TLJ3,Hampshire and Isle of Wight,G (45-47),Wholesale and retail trade; repair of motor vehicles,6414,81295,58555,145410
2018,TLJ3,Hampshire and Isle of Wight,G (45-47),Wholesale and retail trade; repair of motor vehicles,6811,80580,60925,145835
2019,TLJ3,Hampshire and Isle of Wight,G (45-47),Wholesale and retail trade; repair of motor vehicles,7646,85155,61200,149655
2020,TLJ3,Hampshire and Isle of Wight,G (45-47),Wholesale and retail trade; repair of motor vehicles,7018,74800,56665,135570
2021,TLJ3,Hampshire and Isle of Wight,G (45-47),Wholesale and retail trade; repair of motor vehicles,7917,83880,58505,145430
2022,TLJ3,Hampshire and Isle of Wight,G (45-47),Wholesale and retail trade; repair of motor vehicles,8377,81960,57040,141885
2015,TLJ3,Hampshire and Isle of Wight,H (49-53),Transportation and storage,2742,30940,6165,37770
2016,TLJ3,Hampshire and Isle of Wight,H (49-53),Transportation and storage,2826,31620,8835,42410
2017,TLJ3,Hampshire and Isle of Wight,H (49-53),Transportation and storage,2846,30965,6040,38780
2018,TLJ3,Hampshire and Isle of Wight,H (49-53),Transportation and storage,2983,32245,5625,39330
2019,TLJ3,Hampshire and Isle of Wight,H (49-53),Transportation and storage,3055,31965,6275,38280
2020,TLJ3,Hampshire and Isle of Wight,H (49-53),Transportation and storage,2133,31350,6220,38060
2021,TLJ3,Hampshire and Isle of Wight,H (49-53),Transportation and storage,2132,36695,6330,44880
2022,TLJ3,Hampshire and Isle of Wight,H (49-53),Transportation and storage,2708,36815,6890,43145
2015,TLJ3,Hampshire and Isle of Wight,I (55-56),Accommodation and food service activities,1423,30585,39085,71535
2016,TLJ3,Hampshire and Isle of Wight,I (55-56),Accommodation and food service activities,1492,32040,33545,67785
2017,TLJ3,Hampshire and Isle of Wight,I (55-56),Accommodation and food service activities,1649,28525,40710,71935
2018,TLJ3,Hampshire and Isle of Wight,I (55-56),Accommodation and food service activities,1664,29225,41350,72825
2019,TLJ3,Hampshire and Isle of Wight,I (55-56),Accommodation and food service activities,1756,29800,41935,75860
2020,TLJ3,Hampshire and Isle of Wight,I (55-56),Accommodation and food service activities,1118,27295,38185,66485
2021,TLJ3,Hampshire and Isle of Wight,I (55-56),Accommodation and food service activities,1800,26550,40455,66605
2022,TLJ3,Hampshire and Isle of Wight,I (55-56),Accommodation and food service activities,2492,29305,41130,72735
2015,TLJ3,Hampshire and Isle of Wight,J (58-63),Information and communication,4072,43385,9375,52275
2016,TLJ3,Hampshire and Isle of Wight,J (58-63),Information and communication,4347,43240,8480,51850
2017,TLJ3,Hampshire and Isle of Wight,J (58-63),Information and communication,4167,39655,6165,45450
2018,TLJ3,Hampshire and Isle of Wight,J (58-63),Information and communication,4101,38410,7245,46540
2019,TLJ3,Hampshire and Isle of Wight,J (58-63),Information and communication,4618,37185,7715,44780
2020,TLJ3,Hampshire and Isle of Wight,J (58-63),Information and communication,3940,39410,6220,46725
2021,TLJ3,Hampshire and Isle of Wight,J (58-63),Information and communication,4201,33365,6040,39735
2022,TLJ3,Hampshire and Isle of Wight,J (58-63),Information and communication,4625,40900,5920,47560
2015,TLJ3,Hampshire and Isle of Wight,K (64-66),Financial and insurance activities,3172,20735,4905,26135
2016,TLJ3,Hampshire and Isle of Wight,K (64-66),Financial and insurance activities,2965,19280,4150,24460
2017,TLJ3,Hampshire and Isle of Wight,K (64-66),Financial and insurance activities,3331,18945,4685,24525
2018,TLJ3,Hampshire and Isle of Wight,K (64-66),Financial and insurance activities,3375,21515,4355,24855
2019,TLJ3,Hampshire and Isle of Wight,K (64-66),Financial and insurance activities,3178,20245,4005,24200
2020,TLJ3,Hampshire and Isle of Wight,K (64-66),Financial and insurance activities,3269,21200,4950,25575
2021,TLJ3,Hampshire and Isle of Wight,K (64-66),Financial and insurance activities,3531,17490,4035,22560
2022,TLJ3,Hampshire and Isle of Wight,K (64-66),Financial and insurance activities,3656,16285,4190,21005
2015,TLJ3,Hampshire and Isle of Wight,M (69-75),"Professional, scientific and technical activities",3660,51890,11040,64675
2016,TLJ3,Hampshire and Isle of Wight,M (69-75),"Professional, scientific and technical activities",3657,50035,14230,67770
2017,TLJ3,Hampshire and Isle of Wight,M (69-75),"Professional, scientific and technical activities",3596,45020,13655,61470
2018,TLJ3,Hampshire and Isle of Wight,M (69-75),"Professional, scientific and technical activities",3714,53855,15610,72435
2019,TLJ3,Hampshire and Isle of Wight,M (69-75),"Professional, scientific and technical activities",4078,52305,15755,71640
2020,TLJ3,Hampshire and Isle of Wight,M (69-75),"Professional, scientific and technical activities",4553,52270,15790,71530
2021,TLJ3,Hampshire and Isle of Wight,M (69-75),"Professional, scientific and technical activities",4685,55595,15325,73810
2022,TLJ3,Hampshire and Isle of Wight,M (69-75),"Professional, scientific and technical activities",5448,58955,14455,76575
2015,TLJ3,Hampshire and Isle of Wight,N (77-82),Administrative and support service activities,2800,46980,20430,69115
2016,TLJ3,Hampshire and Isle of Wight,N (77-82),Administrative and support service activities,3013,55110,24755,80600
2017,TLJ3,Hampshire and Isle of Wight,N (77-82),Administrative and support service activities,3170,50930,22330,76000
2018,TLJ3,Hampshire and Isle of Wight,N (77-82),Administrative and support service activities,3233,49340,25525,77265
2019,TLJ3,Hampshire and Isle of Wight,N (77-82),Administrative and support service activities,3450,46675,23385,70795
2020,TLJ3,Hampshire and Isle of Wight,N (77-82),Administrative and support service activities,2925,39505,19850,59630
2021,TLJ3,Hampshire and Isle of Wight,N (77-82),Administrative and support service activities,3104,44525,21000,68015
2022,TLJ3,Hampshire and Isle of Wight,N (77-82),Administrative and support service activities,3566,51245,23085,76315
2015,TLJ3,Hampshire and Isle of Wight,O (84),Public administration and defence,3172,23325,9400,33150
2016,TLJ3,Hampshire and Isle of Wight,O (84),Public administration and defence,3069,23075,10900,33150
2017,TLJ3,Hampshire and Isle of Wight,O (84),Public administration and defence,3399,25075,8325,32700
2018,TLJ3,Hampshire and Isle of Wight,O (84),Public administration and defence,3408,25150,8225,32250
2019,TLJ3,Hampshire and Isle of Wight,O (84),Public administration and defence,3657,25025,8325,34250
2020,TLJ3,Hampshire and Isle of Wight,O (84),Public administration and defence,3931,27450,10100,35550
2021,TLJ3,Hampshire and Isle of Wight,O (84),Public administration and defence,4132,27200,10350,36950
2022,TLJ3,Hampshire and Isle of Wight,O (84),Public administration and defence,4683,29350,15125,44100
2015,TLJ3,Hampshire and Isle of Wight,P (85),Education,2910,37775,49745,88300
2016,TLJ3,Hampshire and Isle of Wight,P (85),Education,2954,40310,44325,87425
2017,TLJ3,Hampshire and Isle of Wight,P (85),Education,2942,35720,51195,88490
2018,TLJ3,Hampshire and Isle of Wight,P (85),Education,2960,41445,41810,81360
2019,TLJ3,Hampshire and Isle of Wight,P (85),Education,3038,42525,37945,79470
2020,TLJ3,Hampshire and Isle of Wight,P (85),Education,3147,41875,38335,79990
2021,TLJ3,Hampshire and Isle of Wight,P (85),Education,3313,42045,28220,70080
2022,TLJ3,Hampshire and Isle of Wight,P (85),Education,3607,49425,29415,78765
2015,TLJ3,Hampshire and Isle of Wight,Q (86-88),Human health and social work activities,3572,64900,49400,115650
2016,TLJ3,Hampshire and Isle of Wight,Q (86-88),Human health and social work activities,3560,57150,51550,110400
2017,TLJ3,Hampshire and Isle of Wight,Q (86-88),Human health and social work activities,3714,62850,49425,114950
2018,TLJ3,Hampshire and Isle of Wight,Q (86-88),Human health and social work activities,3930,64850,50450,118900
2019,TLJ3,Hampshire and Isle of Wight,Q (86-88),Human health and social work activities,4375,66900,50750,121250
2020,TLJ3,Hampshire and Isle of Wight,Q (86-88),Human health and social work activities,4518,66500,46450,115500
2021,TLJ3,Hampshire and Isle of Wight,Q (86-88),Human health and social work activities,4898,66900,51400,116500
2022,TLJ3,Hampshire and Isle of Wight,Q (86-88),Human health and social work activities,5111,72700,49450,122050
2015,TLJ3,Hampshire and Isle of Wight,R (90-93),"Arts, entertainment and recreation",526,8820,11310,20950
2016,TLJ3,Hampshire and Isle of Wight,R (90-93),"Arts, entertainment and recreation",564,9005,13320,22630
2017,TLJ3,Hampshire and Isle of Wight,R (90-93),"Arts, entertainment and recreation",649,9585,12930,22800
2018,TLJ3,Hampshire and Isle of Wight,R (90-93),"Arts, entertainment and recreation",665,8930,12535,22070
2019,TLJ3,Hampshire and Isle of Wight,R (90-93),"Arts, entertainment and recreation",657,7875,11580,20455
2020,TLJ3,Hampshire and Isle of Wight,R (90-93),"Arts, entertainment and recreation",564,9615,11575,22750
2021,TLJ3,Hampshire and Isle of Wight,R (90-93),"Arts, entertainment and recreation",665,8360,10655,19415
2022,TLJ3,Hampshire and Isle of Wight,R (90-93),"Arts, entertainment and recreation",826,10485,13805,25330
2015,TLJ3,Hampshire and Isle of Wight,S (94-96),Other service activities,1030,12625,6905,20250
2016,TLJ3,Hampshire and Isle of Wight,S (94-96),Other service activities,1072,10660,7100,19100
2017,TLJ3,Hampshire and Isle of Wight,S (94-96),Other service activities,1202,11885,8230,20985
2018,TLJ3,Hampshire and Isle of Wight,S (94-96),Other service activities,1226,12550,6885,20350
2019,TLJ3,Hampshire and Isle of Wight,S (94-96),Other service activities,1281,13930,8590,24100
2020,TLJ3,Hampshire and Isle of Wight,S (94-96),Other service activities,1040,12980,6300,21395
2021,TLJ3,Hampshire and Isle of Wight,S (94-96),Other service activities,1110,13515,5675,20125
2022,TLJ3,Hampshire and Isle of Wight,S (94-96),Other service activities,1258,12930,5610,20525
2015,TLJ3,Hampshire and Isle of Wight,T (97-98),Activities of households,78,0,0,0
2016,TLJ3,Hampshire and Isle of Wight,T (97-98),Activities of households,128,0,0,0
2017,TLJ3,Hampshire and Isle of Wight,T (97-98),Activities of households,134,0,0,0
2018,TLJ3,Hampshire and Isle of Wight,T (97-98),Activities of households,118,0,0,0
2019,TLJ3,Hampshire and Isle of Wight,T (97-98),Activities of households,142,0,0,0
2020,TLJ3,Hampshire and Isle of Wight,T (97-98),Activities of households,100,0,0,0
2021,TLJ3,Hampshire and Isle of Wight,T (97-98),Activities of households,114,0,0,0
2022,TLJ3,Hampshire and Isle of Wight,T (97-98),Activities of households,155,0,0,0
2015,TLJ4,Kent,A (1-3),"Agriculture, forestry and fishing",293,11055,1760,16620
2016,TLJ4,Kent,A (1-3),"Agriculture, forestry and fishing",284,9650,1200,15060
2017,TLJ4,Kent,A (1-3),"Agriculture, forestry and fishing",295,10860,1235,17205
2018,TLJ4,Kent,A (1-3),"Agriculture, forestry and fishing",323,11415,1060,16545
2019,TLJ4,Kent,A (1-3),"Agriculture, forestry and fishing",346,10995,1060,17565
2020,TLJ4,Kent,A (1-3),"Agriculture, forestry and fishing",415,11500,1135,17815
2021,TLJ4,Kent,A (1-3),"Agriculture, forestry and fishing",433,9865,930,15315
2022,TLJ4,Kent,A (1-3),"Agriculture, forestry and fishing",510,11010,920,16565
2015,TLJ4,Kent,B (5-9),Mining and quarrying,54,315,10,370
2016,TLJ4,Kent,B (5-9),Mining and quarrying,59,335,10,335
2017,TLJ4,Kent,B (5-9),Mining and quarrying,48,215,15,240
2018,TLJ4,Kent,B (5-9),Mining and quarrying,49,300,10,305
2019,TLJ4,Kent,B (5-9),Mining and quarrying,48,275,5,275
2020,TLJ4,Kent,B (5-9),Mining and quarrying,34,255,5,255
2021,TLJ4,Kent,B (5-9),Mining and quarrying,40,390,5,390
2022,TLJ4,Kent,B (5-9),Mining and quarrying,45,355,0,355
2015,TLJ4,Kent,C (10-33),Manufacturing,3172,42035,4130,47085
2016,TLJ4,Kent,C (10-33),Manufacturing,3316,43145,3765,48255
2017,TLJ4,Kent,C (10-33),Manufacturing,3383,40610,4540,45760
2018,TLJ4,Kent,C (10-33),Manufacturing,3532,43480,3530,47985
2019,TLJ4,Kent,C (10-33),Manufacturing,3955,44090,4300,49070
2020,TLJ4,Kent,C (10-33),Manufacturing,3851,39875,4975,46120
2021,TLJ4,Kent,C (10-33),Manufacturing,4252,36570,4590,42275
2022,TLJ4,Kent,C (10-33),Manufacturing,3623,37705,5230,43910
2015,TLJ4,Kent,D (35),"Electricity, gas, steam and air conditioning supply",877,2370,85,2470
2016,TLJ4,Kent,D (35),"Electricity, gas, steam and air conditioning supply",839,2575,125,2575
2017,TLJ4,Kent,D (35),"Electricity, gas, steam and air conditioning supply",888,2385,70,2735
2018,TLJ4,Kent,D (35),"Electricity, gas, steam and air conditioning supply",764,2350,70,2700
2019,TLJ4,Kent,D (35),"Electricity, gas, steam and air conditioning supply",845,2735,125,3035
2020,TLJ4,Kent,D (35),"Electricity, gas, steam and air conditioning supply",983,2575,75,2775
2021,TLJ4,Kent,D (35),"Electricity, gas, steam and air conditioning supply",432,2610,115,2610
2022,TLJ4,Kent,D (35),"Electricity, gas, steam and air conditioning supply",456,1735,315,1990
2015,TLJ4,Kent,E (36-39),Water supply; sewerage and waste management,607,5045,365,5150
2016,TLJ4,Kent,E (36-39),Water supply; sewerage and waste management,607,4800,520,5550
2017,TLJ4,Kent,E (36-39),Water supply; sewerage and waste management,602,6440,615,7095
2018,TLJ4,Kent,E (36-39),Water supply; sewerage and waste management,650,5630,505,6155
2019,TLJ4,Kent,E (36-39),Water supply; sewerage and waste management,637,5705,835,7065
2020,TLJ4,Kent,E (36-39),Water supply; sewerage and waste management,605,4510,715,5165
2021,TLJ4,Kent,E (36-39),Water supply; sewerage and waste management,751,8075,985,9185
2022,TLJ4,Kent,E (36-39),Water supply; sewerage and waste management,793,8330,605,9130
2015,TLJ4,Kent,F (41-43),Construction,3742,35450,4265,43310
2016,TLJ4,Kent,F (41-43),Construction,3879,38650,6295,47410
2017,TLJ4,Kent,F (41-43),Construction,4188,40035,6985,51275
2018,TLJ4,Kent,F (41-43),Construction,4331,37020,7060,48845
2019,TLJ4,Kent,F (41-43),Construction,4616,41570,5985,50475
2020,TLJ4,Kent,F (41-43),Construction,4322,45445,8160,57390
2021,TLJ4,Kent,F (41-43),Construction,4835,47060,8990,58660
2022,TLJ4,Kent,F (41-43),Construction,5577,42660,9125,55840
2015,TLJ4,Kent,G (45-47),Wholesale and retail trade; repair of motor vehicles,4150,72810,52025,127930
2016,TLJ4,Kent,G (45-47),Wholesale and retail trade; repair of motor vehicles,4470,69875,52525,127530
2017,TLJ4,Kent,G (45-47),Wholesale and retail trade; repair of motor vehicles,4902,69120,53330,124095
2018,TLJ4,Kent,G (45-47),Wholesale and retail trade; repair of motor vehicles,4985,67310,55190,127335
2019,TLJ4,Kent,G (45-47),Wholesale and retail trade; repair of motor vehicles,5308,70555,53850,127855
2020,TLJ4,Kent,G (45-47),Wholesale and retail trade; repair of motor vehicles,5403,63150,51315,117650
2021,TLJ4,Kent,G (45-47),Wholesale and retail trade; repair of motor vehicles,4994,67575,53140,123585
2022,TLJ4,Kent,G (45-47),Wholesale and retail trade; repair of motor vehicles,5423,66970,49925,121320
2015,TLJ4,Kent,H (49-53),Transportation and storage,2082,32225,4370,38045
2016,TLJ4,Kent,H (49-53),Transportation and storage,2149,32665,9905,45240
2017,TLJ4,Kent,H (49-53),Transportation and storage,2105,31165,6010,39235
2018,TLJ4,Kent,H (49-53),Transportation and storage,2308,35135,4935,40225
2019,TLJ4,Kent,H (49-53),Transportation and storage,2436,32045,6200,40230
2020,TLJ4,Kent,H (49-53),Transportation and storage,1951,31525,7060,39935
2021,TLJ4,Kent,H (49-53),Transportation and storage,2132,39570,9185,50465
2022,TLJ4,Kent,H (49-53),Transportation and storage,2480,39730,6890,47960
2015,TLJ4,Kent,I (55-56),Accommodation and food service activities,1019,19870,28645,51690
2016,TLJ4,Kent,I (55-56),Accommodation and food service activities,1062,21325,26760,48175
2017,TLJ4,Kent,I (55-56),Accommodation and food service activities,1112,19635,30560,52485
2018,TLJ4,Kent,I (55-56),Accommodation and food service activities,1192,20485,30370,52645
2019,TLJ4,Kent,I (55-56),Accommodation and food service activities,1240,22385,33370,56495
2020,TLJ4,Kent,I (55-56),Accommodation and food service activities,937,21195,29615,52540
2021,TLJ4,Kent,I (55-56),Accommodation and food service activities,1258,20905,32220,55265
2022,TLJ4,Kent,I (55-56),Accommodation and food service activities,1729,22075,33635,56565
2015,TLJ4,Kent,J (58-63),Information and communication,1233,17100,2890,20370
2016,TLJ4,Kent,J (58-63),Information and communication,1235,15915,2970,19560
2017,TLJ4,Kent,J (58-63),Information and communication,1319,15360,3210,18930
2018,TLJ4,Kent,J (58-63),Information and communication,1410,15640,3425,19130
2019,TLJ4,Kent,J (58-63),Information and communication,1537,15375,4070,20035
2020,TLJ4,Kent,J (58-63),Information and communication,1542,16640,3285,19770
2021,TLJ4,Kent,J (58-63),Information and communication,1479,14320,3330,18330
2022,TLJ4,Kent,J (58-63),Information and communication,1577,17845,3200,21095
2015,TLJ4,Kent,K (64-66),Financial and insurance activities,2048,15810,3775,19850
2016,TLJ4,Kent,K (64-66),Financial and insurance activities,2054,16180,3885,20530
2017,TLJ4,Kent,K (64-66),Financial and insurance activities,2172,14425,3655,18385
2018,TLJ4,Kent,K (64-66),Financial and insurance activities,2058,15910,3540,19080
2019,TLJ4,Kent,K (64-66),Financial and insurance activities,1920,15765,3090,18335
2020,TLJ4,Kent,K (64-66),Financial and insurance activities,2092,16390,4085,20880
2021,TLJ4,Kent,K (64-66),Financial and insurance activities,2329,15925,3930,20520
2022,TLJ4,Kent,K (64-66),Financial and insurance activities,2595,14215,3165,17600
2015,TLJ4,Kent,M (69-75),"Professional, scientific and technical activities",2212,39555,8110,50530
2016,TLJ4,Kent,M (69-75),"Professional, scientific and technical activities",2302,32365,11100,46155
2017,TLJ4,Kent,M (69-75),"Professional, scientific and technical activities",2233,28180,11295,40910
2018,TLJ4,Kent,M (69-75),"Professional, scientific and technical activities",2297,33910,10385,46550
2019,TLJ4,Kent,M (69-75),"Professional, scientific and technical activities",2378,35930,12340,51085
2020,TLJ4,Kent,M (69-75),"Professional, scientific and technical activities",2535,32710,11700,46480
2021,TLJ4,Kent,M (69-75),"Professional, scientific and technical activities",2612,35055,10915,48365
2022,TLJ4,Kent,M (69-75),"Professional, scientific and technical activities",2991,35585,10355,48645
2015,TLJ4,Kent,N (77-82),Administrative and support service activities,1872,41560,19945,64595
2016,TLJ4,Kent,N (77-82),Administrative and support service activities,2016,43500,23025,66830
2017,TLJ4,Kent,N (77-82),Administrative and support service activities,2136,41220,22515,66300
2018,TLJ4,Kent,N (77-82),Administrative and support service activities,2238,35125,25660,63090
2019,TLJ4,Kent,N (77-82),Administrative and support service activities,2381,38770,23650,62310
2020,TLJ4,Kent,N (77-82),Administrative and support service activities,2424,38855,21720,61650
2021,TLJ4,Kent,N (77-82),Administrative and support service activities,2250,41215,26885,69670
2022,TLJ4,Kent,N (77-82),Administrative and support service activities,2553,47010,24715,73375
2015,TLJ4,Kent,O (84),Public administration and defence,1799,20950,6730,27500
2016,TLJ4,Kent,O (84),Public administration and defence,1873,22150,6155,27500
2017,TLJ4,Kent,O (84),Public administration and defence,1795,20150,6885,26900
2018,TLJ4,Kent,O (84),Public administration and defence,1868,20500,6260,26300
2019,TLJ4,Kent,O (84),Public administration and defence,1950,20250,6830,26700
2020,TLJ4,Kent,O (84),Public administration and defence,2001,21100,6080,26700
2021,TLJ4,Kent,O (84),Public administration and defence,2105,22825,5565,28550
2022,TLJ4,Kent,O (84),Public administration and defence,2245,24100,6475,30950
2015,TLJ4,Kent,P (85),Education,2543,39555,32760,71855
2016,TLJ4,Kent,P (85),Education,2586,39555,33630,73475
2017,TLJ4,Kent,P (85),Education,2670,37995,34225,72575
2018,TLJ4,Kent,P (85),Education,2835,38525,34045,72545
2019,TLJ4,Kent,P (85),Education,2957,39935,31265,71340
2020,TLJ4,Kent,P (85),Education,2978,40355,33245,73435
2021,TLJ4,Kent,P (85),Education,3199,37780,30410,68510
2022,TLJ4,Kent,P (85),Education,3732,42630,30595,73360
2015,TLJ4,Kent,Q (86-88),Human health and social work activities,2741,53950,42450,98000
2016,TLJ4,Kent,Q (86-88),Human health and social work activities,2874,49800,41850,92300
2017,TLJ4,Kent,Q (86-88),Human health and social work activities,2939,52500,42950,99250
2018,TLJ4,Kent,Q (86-88),Human health and social work activities,3032,52700,42650,97000
2019,TLJ4,Kent,Q (86-88),Human health and social work activities,3338,54550,43250,99900
2020,TLJ4,Kent,Q (86-88),Human health and social work activities,3407,58200,38800,98750
2021,TLJ4,Kent,Q (86-88),Human health and social work activities,3839,56400,43400,101000
2022,TLJ4,Kent,Q (86-88),Human health and social work activities,3931,56500,41050,99500
2015,TLJ4,Kent,R (90-93),"Arts, entertainment and recreation",425,6265,9215,15975
2016,TLJ4,Kent,R (90-93),"Arts, entertainment and recreation",444,6790,9580,16880
2017,TLJ4,Kent,R (90-93),"Arts, entertainment and recreation",515,7455,9780,17590
2018,TLJ4,Kent,R (90-93),"Arts, entertainment and recreation",534,7055,10235,18140
2019,TLJ4,Kent,R (90-93),"Arts, entertainment and recreation",529,6135,8490,15440
2020,TLJ4,Kent,R (90-93),"Arts, entertainment and recreation",394,7785,8560,17745
2021,TLJ4,Kent,R (90-93),"Arts, entertainment and recreation",479,6860,8310,15340
2022,TLJ4,Kent,R (90-93),"Arts, entertainment and recreation",577,7810,10810,19680
2015,TLJ4,Kent,S (94-96),Other service activities,810,9240,5525,16475
2016,TLJ4,Kent,S (94-96),Other service activities,863,8975,4915,14690
2017,TLJ4,Kent,S (94-96),Other service activities,847,9090,6290,16540
2018,TLJ4,Kent,S (94-96),Other service activities,870,7760,5135,14290
2019,TLJ4,Kent,S (94-96),Other service activities,976,9145,6290,17055
2020,TLJ4,Kent,S (94-96),Other service activities,1050,8675,5055,14860
2021,TLJ4,Kent,S (94-96),Other service activities,1083,9295,4945,14685
2022,TLJ4,Kent,S (94-96),Other service activities,1354,11240,5190,16610
2015,TLJ4,Kent,T (97-98),Activities of households,84,0,0,0
2016,TLJ4,Kent,T (97-98),Activities of households,90,0,0,0
2017,TLJ4,Kent,T (97-98),Activities of households,105,0,0,0
2018,TLJ4,Kent,T (97-98),Activities of households,144,0,0,0
2019,TLJ4,Kent,T (97-98),Activities of households,160,0,0,0
2020,TLJ4,Kent,T (97-98),Activities of households,120,0,0,0
2021,TLJ4,Kent,T (97-98),Activities of households,93,0,0,0
2022,TLJ4,Kent,T (97-98),Activities of households,83,0,0,0
2015,TLK1,"Gloucestershire, Wiltshire and Bath/Bristol area",A (1-3),"Agriculture, forestry and fishing",420,5720,2485,19265
2016,TLK1,"Gloucestershire, Wiltshire and Bath/Bristol area",A (1-3),"Agriculture, forestry and fishing",355,5205,2025,18290
2017,TLK1,"Gloucestershire, Wiltshire and Bath/Bristol area",A (1-3),"Agriculture, forestry and fishing",389,5095,2105,18585
2018,TLK1,"Gloucestershire, Wiltshire and Bath/Bristol area",A (1-3),"Agriculture, forestry and fishing",402,5705,1875,18430
2019,TLK1,"Gloucestershire, Wiltshire and Bath/Bristol area",A (1-3),"Agriculture, forestry and fishing",442,5705,2085,19645
2020,TLK1,"Gloucestershire, Wiltshire and Bath/Bristol area",A (1-3),"Agriculture, forestry and fishing",417,5905,2000,19540
2021,TLK1,"Gloucestershire, Wiltshire and Bath/Bristol area",A (1-3),"Agriculture, forestry and fishing",530,6435,2050,20025
2022,TLK1,"Gloucestershire, Wiltshire and Bath/Bristol area",A (1-3),"Agriculture, forestry and fishing",665,6770,1720,19725
2015,TLK1,"Gloucestershire, Wiltshire and Bath/Bristol area",B (5-9),Mining and quarrying,62,795,15,900
2016,TLK1,"Gloucestershire, Wiltshire and Bath/Bristol area",B (5-9),Mining and quarrying,54,570,10,570
2017,TLK1,"Gloucestershire, Wiltshire and Bath/Bristol area",B (5-9),Mining and quarrying,55,545,10,545
2018,TLK1,"Gloucestershire, Wiltshire and Bath/Bristol area",B (5-9),Mining and quarrying,63,625,25,650
2019,TLK1,"Gloucestershire, Wiltshire and Bath/Bristol area",B (5-9),Mining and quarrying,71,860,35,885
2020,TLK1,"Gloucestershire, Wiltshire and Bath/Bristol area",B (5-9),Mining and quarrying,45,430,5,455
2021,TLK1,"Gloucestershire, Wiltshire and Bath/Bristol area",B (5-9),Mining and quarrying,49,825,10,725
2022,TLK1,"Gloucestershire, Wiltshire and Bath/Bristol area",B (5-9),Mining and quarrying,57,345,0,370
2015,TLK1,"Gloucestershire, Wiltshire and Bath/Bristol area",C (10-33),Manufacturing,7647,90470,6740,97875
2016,TLK1,"Gloucestershire, Wiltshire and Bath/Bristol area",C (10-33),Manufacturing,7819,96960,7835,105375
2017,TLK1,"Gloucestershire, Wiltshire and Bath/Bristol area",C (10-33),Manufacturing,8298,87630,7915,98500
2018,TLK1,"Gloucestershire, Wiltshire and Bath/Bristol area",C (10-33),Manufacturing,8411,92185,6640,100885
2019,TLK1,"Gloucestershire, Wiltshire and Bath/Bristol area",C (10-33),Manufacturing,8594,95245,8840,104170
2020,TLK1,"Gloucestershire, Wiltshire and Bath/Bristol area",C (10-33),Manufacturing,8106,92330,7370,100295
2021,TLK1,"Gloucestershire, Wiltshire and Bath/Bristol area",C (10-33),Manufacturing,8548,87300,9110,98085
2022,TLK1,"Gloucestershire, Wiltshire and Bath/Bristol area",C (10-33),Manufacturing,9425,90470,8765,99950
2015,TLK1,"Gloucestershire, Wiltshire and Bath/Bristol area",D (35),"Electricity, gas, steam and air conditioning supply",1412,4530,245,4805
2016,TLK1,"Gloucestershire, Wiltshire and Bath/Bristol area",D (35),"Electricity, gas, steam and air conditioning supply",1130,4080,300,4130
2017,TLK1,"Gloucestershire, Wiltshire and Bath/Bristol area",D (35),"Electricity, gas, steam and air conditioning supply",1096,5650,315,5950
2018,TLK1,"Gloucestershire, Wiltshire and Bath/Bristol area",D (35),"Electricity, gas, steam and air conditioning supply",1093,5700,570,6700
2019,TLK1,"Gloucestershire, Wiltshire and Bath/Bristol area",D (35),"Electricity, gas, steam and air conditioning supply",1452,4970,345,5195
2020,TLK1,"Gloucestershire, Wiltshire and Bath/Bristol area",D (35),"Electricity, gas, steam and air conditioning supply",1087,5160,275,5185
2021,TLK1,"Gloucestershire, Wiltshire and Bath/Bristol area",D (35),"Electricity, gas, steam and air conditioning supply",713,6125,205,6605
2022,TLK1,"Gloucestershire, Wiltshire and Bath/Bristol area",D (35),"Electricity, gas, steam and air conditioning supply",779,5590,195,5590
2015,TLK1,"Gloucestershire, Wiltshire and Bath/Bristol area",E (36-39),Water supply; sewerage and waste management,1455,8555,545,8665
2016,TLK1,"Gloucestershire, Wiltshire and Bath/Bristol area",E (36-39),Water supply; sewerage and waste management,1494,9775,995,11000
2017,TLK1,"Gloucestershire, Wiltshire and Bath/Bristol area",E (36-39),Water supply; sewerage and waste management,1471,8580,670,9830
2018,TLK1,"Gloucestershire, Wiltshire and Bath/Bristol area",E (36-39),Water supply; sewerage and waste management,1461,10015,1465,11825
2019,TLK1,"Gloucestershire, Wiltshire and Bath/Bristol area",E (36-39),Water supply; sewerage and waste management,1517,10495,790,11350
2020,TLK1,"Gloucestershire, Wiltshire and Bath/Bristol area",E (36-39),Water supply; sewerage and waste management,1531,11375,715,12075
2021,TLK1,"Gloucestershire, Wiltshire and Bath/Bristol area",E (36-39),Water supply; sewerage and waste management,1415,11830,950,13180
2022,TLK1,"Gloucestershire, Wiltshire and Bath/Bristol area",E (36-39),Water supply; sewerage and waste management,1514,13150,770,14400
2015,TLK1,"Gloucestershire, Wiltshire and Bath/Bristol area",F (41-43),Construction,4146,49020,5300,56920
2016,TLK1,"Gloucestershire, Wiltshire and Bath/Bristol area",F (41-43),Construction,4194,51915,6380,60515
2017,TLK1,"Gloucestershire, Wiltshire and Bath/Bristol area",F (41-43),Construction,4547,52635,8195,64970
2018,TLK1,"Gloucestershire, Wiltshire and Bath/Bristol area",F (41-43),Construction,4489,51935,9155,64950
2019,TLK1,"Gloucestershire, Wiltshire and Bath/Bristol area",F (41-43),Construction,4712,58410,7565,71140
2020,TLK1,"Gloucestershire, Wiltshire and Bath/Bristol area",F (41-43),Construction,4083,49550,9225,63470
2021,TLK1,"Gloucestershire, Wiltshire and Bath/Bristol area",F (41-43),Construction,5112,50510,7795,59950
2022,TLK1,"Gloucestershire, Wiltshire and Bath/Bristol area",F (41-43),Construction,5865,53340,10295,68505
2015,TLK1,"Gloucestershire, Wiltshire and Bath/Bristol area",G (45-47),Wholesale and retail trade; repair of motor vehicles,6849,108485,76775,191945
2016,TLK1,"Gloucestershire, Wiltshire and Bath/Bristol area",G (45-47),Wholesale and retail trade; repair of motor vehicles,6452,109555,75385,194295
2017,TLK1,"Gloucestershire, Wiltshire and Bath/Bristol area",G (45-47),Wholesale and retail trade; repair of motor vehicles,7197,102445,78210,183885
2018,TLK1,"Gloucestershire, Wiltshire and Bath/Bristol area",G (45-47),Wholesale and retail trade; repair of motor vehicles,7783,106545,75025,188350
2019,TLK1,"Gloucestershire, Wiltshire and Bath/Bristol area",G (45-47),Wholesale and retail trade; repair of motor vehicles,8362,102665,79375,189065
2020,TLK1,"Gloucestershire, Wiltshire and Bath/Bristol area",G (45-47),Wholesale and retail trade; repair of motor vehicles,7605,101940,71170,176170
2021,TLK1,"Gloucestershire, Wiltshire and Bath/Bristol area",G (45-47),Wholesale and retail trade; repair of motor vehicles,8933,95880,78570,178990
2022,TLK1,"Gloucestershire, Wiltshire and Bath/Bristol area",G (45-47),Wholesale and retail trade; repair of motor vehicles,8825,90385,68335,161380
2015,TLK1,"Gloucestershire, Wiltshire and Bath/Bristol area",H (49-53),Transportation and storage,2281,46000,8655,55165
2016,TLK1,"Gloucestershire, Wiltshire and Bath/Bristol area",H (49-53),Transportation and storage,2323,36610,7310,46260
2017,TLK1,"Gloucestershire, Wiltshire and Bath/Bristol area",H (49-53),Transportation and storage,2330,40915,6770,48805
2018,TLK1,"Gloucestershire, Wiltshire and Bath/Bristol area",H (49-53),Transportation and storage,2365,43385,8775,53945
2019,TLK1,"Gloucestershire, Wiltshire and Bath/Bristol area",H (49-53),Transportation and storage,2450,42835,7935,52285
2020,TLK1,"Gloucestershire, Wiltshire and Bath/Bristol area",H (49-53),Transportation and storage,2084,48670,8465,58960
2021,TLK1,"Gloucestershire, Wiltshire and Bath/Bristol area",H (49-53),Transportation and storage,2395,54495,10125,67715
2022,TLK1,"Gloucestershire, Wiltshire and Bath/Bristol area",H (49-53),Transportation and storage,2781,50410,11315,63130
2015,TLK1,"Gloucestershire, Wiltshire and Bath/Bristol area",I (55-56),Accommodation and food service activities,1849,32495,44925,79975
2016,TLK1,"Gloucestershire, Wiltshire and Bath/Bristol area",I (55-56),Accommodation and food service activities,2059,36945,49900,90325
2017,TLK1,"Gloucestershire, Wiltshire and Bath/Bristol area",I (55-56),Accommodation and food service activities,2250,40510,55010,99325
2018,TLK1,"Gloucestershire, Wiltshire and Bath/Bristol area",I (55-56),Accommodation and food service activities,2137,38225,56350,99325
2019,TLK1,"Gloucestershire, Wiltshire and Bath/Bristol area",I (55-56),Accommodation and food service activities,2425,36545,58525,96175
2020,TLK1,"Gloucestershire, Wiltshire and Bath/Bristol area",I (55-56),Accommodation and food service activities,1433,34765,53890,92450
2021,TLK1,"Gloucestershire, Wiltshire and Bath/Bristol area",I (55-56),Accommodation and food service activities,2033,41435,58275,102040
2022,TLK1,"Gloucestershire, Wiltshire and Bath/Bristol area",I (55-56),Accommodation and food service activities,2650,40320,58475,100875
2015,TLK1,"Gloucestershire, Wiltshire and Bath/Bristol area",J (58-63),Information and communication,3309,37000,6175,44660
2016,TLK1,"Gloucestershire, Wiltshire and Bath/Bristol area",J (58-63),Information and communication,3587,42320,7250,49935
2017,TLK1,"Gloucestershire, Wiltshire and Bath/Bristol area",J (58-63),Information and communication,3550,48145,7445,55225
2018,TLK1,"Gloucestershire, Wiltshire and Bath/Bristol area",J (58-63),Information and communication,3465,46435,7485,54695
2019,TLK1,"Gloucestershire, Wiltshire and Bath/Bristol area",J (58-63),Information and communication,3428,39955,8690,50220
2020,TLK1,"Gloucestershire, Wiltshire and Bath/Bristol area",J (58-63),Information and communication,4246,53780,13195,66585
2021,TLK1,"Gloucestershire, Wiltshire and Bath/Bristol area",J (58-63),Information and communication,4230,44525,7040,51950
2022,TLK1,"Gloucestershire, Wiltshire and Bath/Bristol area",J (58-63),Information and communication,4816,46500,7485,54245
2015,TLK1,"Gloucestershire, Wiltshire and Bath/Bristol area",K (64-66),Financial and insurance activities,5456,43780,10520,55435
2016,TLK1,"Gloucestershire, Wiltshire and Bath/Bristol area",K (64-66),Financial and insurance activities,5953,45060,13770,58140
2017,TLK1,"Gloucestershire, Wiltshire and Bath/Bristol area",K (64-66),Financial and insurance activities,6156,44400,8745,54220
2018,TLK1,"Gloucestershire, Wiltshire and Bath/Bristol area",K (64-66),Financial and insurance activities,6101,37515,7440,45590
2019,TLK1,"Gloucestershire, Wiltshire and Bath/Bristol area",K (64-66),Financial and insurance activities,6231,43920,7750,51235
2020,TLK1,"Gloucestershire, Wiltshire and Bath/Bristol area",K (64-66),Financial and insurance activities,6007,36340,7390,44970
2021,TLK1,"Gloucestershire, Wiltshire and Bath/Bristol area",K (64-66),Financial and insurance activities,6202,37190,7210,45075
2022,TLK1,"Gloucestershire, Wiltshire and Bath/Bristol area",K (64-66),Financial and insurance activities,7209,39655,8405,52235
2015,TLK1,"Gloucestershire, Wiltshire and Bath/Bristol area",M (69-75),"Professional, scientific and technical activities",4953,86825,19420,109825
2016,TLK1,"Gloucestershire, Wiltshire and Bath/Bristol area",M (69-75),"Professional, scientific and technical activities",5093,73770,18285,97175
2017,TLK1,"Gloucestershire, Wiltshire and Bath/Bristol area",M (69-75),"Professional, scientific and technical activities",5038,79025,24185,110750
2018,TLK1,"Gloucestershire, Wiltshire and Bath/Bristol area",M (69-75),"Professional, scientific and technical activities",5221,80925,23945,111475
2019,TLK1,"Gloucestershire, Wiltshire and Bath/Bristol area",M (69-75),"Professional, scientific and technical activities",5547,93295,29060,128225
2020,TLK1,"Gloucestershire, Wiltshire and Bath/Bristol area",M (69-75),"Professional, scientific and technical activities",5500,86105,30375,120125
2021,TLK1,"Gloucestershire, Wiltshire and Bath/Bristol area",M (69-75),"Professional, scientific and technical activities",6644,91950,28345,123650
2022,TLK1,"Gloucestershire, Wiltshire and Bath/Bristol area",M (69-75),"Professional, scientific and technical activities",7532,100375,28015,133725
2015,TLK1,"Gloucestershire, Wiltshire and Bath/Bristol area",N (77-82),Administrative and support service activities,4645,63515,33925,98665
2016,TLK1,"Gloucestershire, Wiltshire and Bath/Bristol area",N (77-82),Administrative and support service activities,4836,63680,33515,98780
2017,TLK1,"Gloucestershire, Wiltshire and Bath/Bristol area",N (77-82),Administrative and support service activities,4984,63925,35530,101520
2018,TLK1,"Gloucestershire, Wiltshire and Bath/Bristol area",N (77-82),Administrative and support service activities,5159,56930,31905,89900
2019,TLK1,"Gloucestershire, Wiltshire and Bath/Bristol area",N (77-82),Administrative and support service activities,5179,65990,32785,102220
2020,TLK1,"Gloucestershire, Wiltshire and Bath/Bristol area",N (77-82),Administrative and support service activities,5045,76835,34935,110970
2021,TLK1,"Gloucestershire, Wiltshire and Bath/Bristol area",N (77-82),Administrative and support service activities,5869,66665,33650,102885
2022,TLK1,"Gloucestershire, Wiltshire and Bath/Bristol area",N (77-82),Administrative and support service activities,6725,68480,31510,100585
2015,TLK1,"Gloucestershire, Wiltshire and Bath/Bristol area",O (84),Public administration and defence,4215,41550,12800,54750
2016,TLK1,"Gloucestershire, Wiltshire and Bath/Bristol area",O (84),Public administration and defence,4616,38000,9675,47950
2017,TLK1,"Gloucestershire, Wiltshire and Bath/Bristol area",O (84),Public administration and defence,4665,39200,11125,50550
2018,TLK1,"Gloucestershire, Wiltshire and Bath/Bristol area",O (84),Public administration and defence,4869,42400,13950,58550
2019,TLK1,"Gloucestershire, Wiltshire and Bath/Bristol area",O (84),Public administration and defence,5085,43400,13000,56600
2020,TLK1,"Gloucestershire, Wiltshire and Bath/Bristol area",O (84),Public administration and defence,5590,44600,14000,58750
2021,TLK1,"Gloucestershire, Wiltshire and Bath/Bristol area",O (84),Public administration and defence,5739,48500,13350,63250
2022,TLK1,"Gloucestershire, Wiltshire and Bath/Bristol area",O (84),Public administration and defence,6351,47800,13450,61250
2015,TLK1,"Gloucestershire, Wiltshire and Bath/Bristol area",P (85),Education,4083,49405,51030,99475
2016,TLK1,"Gloucestershire, Wiltshire and Bath/Bristol area",P (85),Education,4126,53770,55770,109750
2017,TLK1,"Gloucestershire, Wiltshire and Bath/Bristol area",P (85),Education,4154,52770,54435,108850
2018,TLK1,"Gloucestershire, Wiltshire and Bath/Bristol area",P (85),Education,4229,50945,52870,105445
2019,TLK1,"Gloucestershire, Wiltshire and Bath/Bristol area",P (85),Education,4535,52350,50190,101595
2020,TLK1,"Gloucestershire, Wiltshire and Bath/Bristol area",P (85),Education,4583,56020,51320,106840
2021,TLK1,"Gloucestershire, Wiltshire and Bath/Bristol area",P (85),Education,4980,60915,50300,110725
2022,TLK1,"Gloucestershire, Wiltshire and Bath/Bristol area",P (85),Education,5406,57520,58725,116295
2015,TLK1,"Gloucestershire, Wiltshire and Bath/Bristol area",Q (86-88),Human health and social work activities,4706,79200,76200,158400
2016,TLK1,"Gloucestershire, Wiltshire and Bath/Bristol area",Q (86-88),Human health and social work activities,4920,82300,73750,161900
2017,TLK1,"Gloucestershire, Wiltshire and Bath/Bristol area",Q (86-88),Human health and social work activities,4918,77800,71000,149800
2018,TLK1,"Gloucestershire, Wiltshire and Bath/Bristol area",Q (86-88),Human health and social work activities,5179,82900,82200,165500
2019,TLK1,"Gloucestershire, Wiltshire and Bath/Bristol area",Q (86-88),Human health and social work activities,5406,79300,75650,157000
2020,TLK1,"Gloucestershire, Wiltshire and Bath/Bristol area",Q (86-88),Human health and social work activities,5695,79450,73700,154000
2021,TLK1,"Gloucestershire, Wiltshire and Bath/Bristol area",Q (86-88),Human health and social work activities,6549,92100,78900,173500
2022,TLK1,"Gloucestershire, Wiltshire and Bath/Bristol area",Q (86-88),Human health and social work activities,6708,89700,79650,170500
2015,TLK1,"Gloucestershire, Wiltshire and Bath/Bristol area",R (90-93),"Arts, entertainment and recreation",624,9295,13240,23690
2016,TLK1,"Gloucestershire, Wiltshire and Bath/Bristol area",R (90-93),"Arts, entertainment and recreation",592,8580,14135,23925
2017,TLK1,"Gloucestershire, Wiltshire and Bath/Bristol area",R (90-93),"Arts, entertainment and recreation",631,10220,14315,24965
2018,TLK1,"Gloucestershire, Wiltshire and Bath/Bristol area",R (90-93),"Arts, entertainment and recreation",678,12120,16220,30045
2019,TLK1,"Gloucestershire, Wiltshire and Bath/Bristol area",R (90-93),"Arts, entertainment and recreation",713,10735,16370,28390
2020,TLK1,"Gloucestershire, Wiltshire and Bath/Bristol area",R (90-93),"Arts, entertainment and recreation",469,9850,12335,22610
2021,TLK1,"Gloucestershire, Wiltshire and Bath/Bristol area",R (90-93),"Arts, entertainment and recreation",675,9750,13220,23585
2022,TLK1,"Gloucestershire, Wiltshire and Bath/Bristol area",R (90-93),"Arts, entertainment and recreation",809,13230,17885,31860
2015,TLK1,"Gloucestershire, Wiltshire and Bath/Bristol area",S (94-96),Other service activities,930,12500,9445,24175
2016,TLK1,"Gloucestershire, Wiltshire and Bath/Bristol area",S (94-96),Other service activities,1045,12480,10355,24800
2017,TLK1,"Gloucestershire, Wiltshire and Bath/Bristol area",S (94-96),Other service activities,1222,13230,8135,23450
2018,TLK1,"Gloucestershire, Wiltshire and Bath/Bristol area",S (94-96),Other service activities,1249,12905,8405,23150
2019,TLK1,"Gloucestershire, Wiltshire and Bath/Bristol area",S (94-96),Other service activities,1332,11730,8640,21300
2020,TLK1,"Gloucestershire, Wiltshire and Bath/Bristol area",S (94-96),Other service activities,1253,11795,6560,19770
2021,TLK1,"Gloucestershire, Wiltshire and Bath/Bristol area",S (94-96),Other service activities,1181,11755,6405,19275
2022,TLK1,"Gloucestershire, Wiltshire and Bath/Bristol area",S (94-96),Other service activities,1399,12215,9800,22970
2015,TLK1,"Gloucestershire, Wiltshire and Bath/Bristol area",T (97-98),Activities of households,123,0,0,0
2016,TLK1,"Gloucestershire, Wiltshire and Bath/Bristol area",T (97-98),Activities of households,184,0,0,0
2017,TLK1,"Gloucestershire, Wiltshire and Bath/Bristol area",T (97-98),Activities of households,207,0,0,0
2018,TLK1,"Gloucestershire, Wiltshire and Bath/Bristol area",T (97-98),Activities of households,257,0,0,0
2019,TLK1,"Gloucestershire, Wiltshire and Bath/Bristol area",T (97-98),Activities of households,276,0,0,0
2020,TLK1,"Gloucestershire, Wiltshire and Bath/Bristol area",T (97-98),Activities of households,214,0,0,0
2021,TLK1,"Gloucestershire, Wiltshire and Bath/Bristol area",T (97-98),Activities of households,179,0,0,0
2022,TLK1,"Gloucestershire, Wiltshire and Bath/Bristol area",T (97-98),Activities of households,166,0,0,0
2015,TLK2,Dorset and Somerset,A (1-3),"Agriculture, forestry and fishing",436,5645,2090,19105
2016,TLK2,Dorset and Somerset,A (1-3),"Agriculture, forestry and fishing",371,5430,1950,18350
2017,TLK2,Dorset and Somerset,A (1-3),"Agriculture, forestry and fishing",412,5410,1980,18955
2018,TLK2,Dorset and Somerset,A (1-3),"Agriculture, forestry and fishing",383,5465,1855,18860
2019,TLK2,Dorset and Somerset,A (1-3),"Agriculture, forestry and fishing",441,5760,2020,19735
2020,TLK2,Dorset and Somerset,A (1-3),"Agriculture, forestry and fishing",434,5935,1975,20975
2021,TLK2,Dorset and Somerset,A (1-3),"Agriculture, forestry and fishing",481,4985,1995,19515
2022,TLK2,Dorset and Somerset,A (1-3),"Agriculture, forestry and fishing",626,5045,1695,19145
2015,TLK2,Dorset and Somerset,B (5-9),Mining and quarrying,146,955,45,1205
2016,TLK2,Dorset and Somerset,B (5-9),Mining and quarrying,181,630,25,680
2017,TLK2,Dorset and Somerset,B (5-9),Mining and quarrying,191,745,20,750
2018,TLK2,Dorset and Somerset,B (5-9),Mining and quarrying,436,1035,35,1070
2019,TLK2,Dorset and Somerset,B (5-9),Mining and quarrying,372,1405,45,1630
2020,TLK2,Dorset and Somerset,B (5-9),Mining and quarrying,332,735,20,770
2021,TLK2,Dorset and Somerset,B (5-9),Mining and quarrying,383,1150,25,1150
2022,TLK2,Dorset and Somerset,B (5-9),Mining and quarrying,512,625,5,625
2015,TLK2,Dorset and Somerset,C (10-33),Manufacturing,3280,50855,5100,56830
2016,TLK2,Dorset and Somerset,C (10-33),Manufacturing,3256,53045,5485,59615
2017,TLK2,Dorset and Somerset,C (10-33),Manufacturing,3526,50665,4505,56540
2018,TLK2,Dorset and Somerset,C (10-33),Manufacturing,3706,51215,4305,56850
2019,TLK2,Dorset and Somerset,C (10-33),Manufacturing,3753,48620,6655,56755
2020,TLK2,Dorset and Somerset,C (10-33),Manufacturing,3939,49455,4550,55235
2021,TLK2,Dorset and Somerset,C (10-33),Manufacturing,3949,52215,6500,60390
2022,TLK2,Dorset and Somerset,C (10-33),Manufacturing,4086,51300,5160,56565
2015,TLK2,Dorset and Somerset,D (35),"Electricity, gas, steam and air conditioning supply",452,1660,60,1660
2016,TLK2,Dorset and Somerset,D (35),"Electricity, gas, steam and air conditioning supply",449,1740,45,1840
2017,TLK2,Dorset and Somerset,D (35),"Electricity, gas, steam and air conditioning supply",445,2775,55,2775
2018,TLK2,Dorset and Somerset,D (35),"Electricity, gas, steam and air conditioning supply",394,2740,170,2990
2019,TLK2,Dorset and Somerset,D (35),"Electricity, gas, steam and air conditioning supply",463,2475,75,2575
2020,TLK2,Dorset and Somerset,D (35),"Electricity, gas, steam and air conditioning supply",397,1790,55,1890
2021,TLK2,Dorset and Somerset,D (35),"Electricity, gas, steam and air conditioning supply",260,2440,60,2440
2022,TLK2,Dorset and Somerset,D (35),"Electricity, gas, steam and air conditioning supply",266,2275,215,2175
2015,TLK2,Dorset and Somerset,E (36-39),Water supply; sewerage and waste management,386,3255,160,3355
2016,TLK2,Dorset and Somerset,E (36-39),Water supply; sewerage and waste management,418,4720,715,5745
2017,TLK2,Dorset and Somerset,E (36-39),Water supply; sewerage and waste management,398,3980,130,4055
2018,TLK2,Dorset and Somerset,E (36-39),Water supply; sewerage and waste management,389,3510,525,4265
2019,TLK2,Dorset and Somerset,E (36-39),Water supply; sewerage and waste management,362,3705,205,3905
2020,TLK2,Dorset and Somerset,E (36-39),Water supply; sewerage and waste management,364,3640,180,4095
2021,TLK2,Dorset and Somerset,E (36-39),Water supply; sewerage and waste management,415,4365,305,4715
2022,TLK2,Dorset and Somerset,E (36-39),Water supply; sewerage and waste management,434,4150,190,4400
2015,TLK2,Dorset and Somerset,F (41-43),Construction,1871,25340,2980,29490
2016,TLK2,Dorset and Somerset,F (41-43),Construction,1941,25310,3540,30905
2017,TLK2,Dorset and Somerset,F (41-43),Construction,2151,25195,4195,32050
2018,TLK2,Dorset and Somerset,F (41-43),Construction,2265,25200,5300,33390
2019,TLK2,Dorset and Somerset,F (41-43),Construction,2191,28725,3805,35735
2020,TLK2,Dorset and Somerset,F (41-43),Construction,1942,23490,4910,31485
2021,TLK2,Dorset and Somerset,F (41-43),Construction,2198,23595,4045,30175
2022,TLK2,Dorset and Somerset,F (41-43),Construction,2547,26385,5435,34655
2015,TLK2,Dorset and Somerset,G (45-47),Wholesale and retail trade; repair of motor vehicles,2820,53665,41245,98875
2016,TLK2,Dorset and Somerset,G (45-47),Wholesale and retail trade; repair of motor vehicles,2875,52370,41205,98485
2017,TLK2,Dorset and Somerset,G (45-47),Wholesale and retail trade; repair of motor vehicles,3091,47385,42595,92535
2018,TLK2,Dorset and Somerset,G (45-47),Wholesale and retail trade; repair of motor vehicles,3065,49365,40335,94750
2019,TLK2,Dorset and Somerset,G (45-47),Wholesale and retail trade; repair of motor vehicles,3247,47390,43455,94090
2020,TLK2,Dorset and Somerset,G (45-47),Wholesale and retail trade; repair of motor vehicles,3013,45565,38590,89040
2021,TLK2,Dorset and Somerset,G (45-47),Wholesale and retail trade; repair of motor vehicles,3265,46940,43555,93445
2022,TLK2,Dorset and Somerset,G (45-47),Wholesale and retail trade; repair of motor vehicles,3455,42955,37080,82670
2015,TLK2,Dorset and Somerset,H (49-53),Transportation and storage,712,16670,3740,21880
2016,TLK2,Dorset and Somerset,H (49-53),Transportation and storage,681,13450,2900,17040
2017,TLK2,Dorset and Somerset,H (49-53),Transportation and storage,672,14020,2670,16770
2018,TLK2,Dorset and Somerset,H (49-53),Transportation and storage,730,14870,3545,19420
2019,TLK2,Dorset and Somerset,H (49-53),Transportation and storage,734,15085,3315,18740
2020,TLK2,Dorset and Somerset,H (49-53),Transportation and storage,658,16830,3360,20800
2021,TLK2,Dorset and Somerset,H (49-53),Transportation and storage,836,17875,3475,22695
2022,TLK2,Dorset and Somerset,H (49-53),Transportation and storage,920,16080,3710,21215
2015,TLK2,Dorset and Somerset,I (55-56),Accommodation and food service activities,986,20960,25470,48980
2016,TLK2,Dorset and Somerset,I (55-56),Accommodation and food service activities,1045,22060,28830,52990
2017,TLK2,Dorset and Somerset,I (55-56),Accommodation and food service activities,1187,24585,30295,57530
2018,TLK2,Dorset and Somerset,I (55-56),Accommodation and food service activities,1151,24860,31145,58180
2019,TLK2,Dorset and Somerset,I (55-56),Accommodation and food service activities,1129,21485,31805,55780
2020,TLK2,Dorset and Somerset,I (55-56),Accommodation and food service activities,827,21435,29735,52370
2021,TLK2,Dorset and Somerset,I (55-56),Accommodation and food service activities,1172,25410,31935,60620
2022,TLK2,Dorset and Somerset,I (55-56),Accommodation and food service activities,1514,24275,34705,61830
2015,TLK2,Dorset and Somerset,J (58-63),Information and communication,680,9790,1845,12150
2016,TLK2,Dorset and Somerset,J (58-63),Information and communication,791,11480,2145,13685
2017,TLK2,Dorset and Somerset,J (58-63),Information and communication,834,12715,2075,15315
2018,TLK2,Dorset and Somerset,J (58-63),Information and communication,882,12080,2150,14245
2019,TLK2,Dorset and Somerset,J (58-63),Information and communication,830,9645,2485,12515
2020,TLK2,Dorset and Somerset,J (58-63),Information and communication,964,13235,3660,16815
2021,TLK2,Dorset and Somerset,J (58-63),Information and communication,869,11315,1875,13865
2022,TLK2,Dorset and Somerset,J (58-63),Information and communication,948,11360,1935,13420
2015,TLK2,Dorset and Somerset,K (64-66),Financial and insurance activities,1688,13510,2545,16785
2016,TLK2,Dorset and Somerset,K (64-66),Financial and insurance activities,1796,14830,3400,18570
2017,TLK2,Dorset and Somerset,K (64-66),Financial and insurance activities,1994,17410,2995,20495
2018,TLK2,Dorset and Somerset,K (64-66),Financial and insurance activities,2042,13960,2625,17245
2019,TLK2,Dorset and Somerset,K (64-66),Financial and insurance activities,2013,16405,2675,19110
2020,TLK2,Dorset and Somerset,K (64-66),Financial and insurance activities,1982,14390,2425,17305
2021,TLK2,Dorset and Somerset,K (64-66),Financial and insurance activities,2306,14175,2540,17255
2022,TLK2,Dorset and Somerset,K (64-66),Financial and insurance activities,2355,13410,2480,16630
2015,TLK2,Dorset and Somerset,M (69-75),"Professional, scientific and technical activities",1459,32475,7985,42360
2016,TLK2,Dorset and Somerset,M (69-75),"Professional, scientific and technical activities",1483,26510,6510,34820
2017,TLK2,Dorset and Somerset,M (69-75),"Professional, scientific and technical activities",1645,29215,8340,40230
2018,TLK2,Dorset and Somerset,M (69-75),"Professional, scientific and technical activities",1592,28065,8900,38260
2019,TLK2,Dorset and Somerset,M (69-75),"Professional, scientific and technical activities",1686,32595,10995,45475
2020,TLK2,Dorset and Somerset,M (69-75),"Professional, scientific and technical activities",1683,29060,10465,40325
2021,TLK2,Dorset and Somerset,M (69-75),"Professional, scientific and technical activities",1786,29545,9860,39690
2022,TLK2,Dorset and Somerset,M (69-75),"Professional, scientific and technical activities",2016,33055,8660,43295
2015,TLK2,Dorset and Somerset,N (77-82),Administrative and support service activities,765,19700,11350,31760
2016,TLK2,Dorset and Somerset,N (77-82),Administrative and support service activities,786,19995,11750,32850
2017,TLK2,Dorset and Somerset,N (77-82),Administrative and support service activities,846,20655,14930,37130
2018,TLK2,Dorset and Somerset,N (77-82),Administrative and support service activities,877,18775,13420,32780
2019,TLK2,Dorset and Somerset,N (77-82),Administrative and support service activities,940,21345,12195,35045
2020,TLK2,Dorset and Somerset,N (77-82),Administrative and support service activities,831,25090,13040,38470
2021,TLK2,Dorset and Somerset,N (77-82),Administrative and support service activities,1019,21820,11910,34580
2022,TLK2,Dorset and Somerset,N (77-82),Administrative and support service activities,1204,27575,10720,39945
2015,TLK2,Dorset and Somerset,O (84),Public administration and defence,1436,14100,5260,20100
2016,TLK2,Dorset and Somerset,O (84),Public administration and defence,1429,12935,5740,19200
2017,TLK2,Dorset and Somerset,O (84),Public administration and defence,1620,14290,5805,20075
2018,TLK2,Dorset and Somerset,O (84),Public administration and defence,1631,14450,6425,20400
2019,TLK2,Dorset and Somerset,O (84),Public administration and defence,1707,13175,6400,20700
2020,TLK2,Dorset and Somerset,O (84),Public administration and defence,1708,13675,6100,19375
2021,TLK2,Dorset and Somerset,O (84),Public administration and defence,1735,14800,5275,20225
2022,TLK2,Dorset and Somerset,O (84),Public administration and defence,1947,15300,5330,20975
2015,TLK2,Dorset and Somerset,P (85),Education,1757,22920,24705,47810
2016,TLK2,Dorset and Somerset,P (85),Education,1731,25145,27525,50785
2017,TLK2,Dorset and Somerset,P (85),Education,1695,25275,26225,51760
2018,TLK2,Dorset and Somerset,P (85),Education,1767,23425,25550,50150
2019,TLK2,Dorset and Somerset,P (85),Education,1936,23650,23875,49825
2020,TLK2,Dorset and Somerset,P (85),Education,1986,25880,24905,51310
2021,TLK2,Dorset and Somerset,P (85),Education,2037,26685,24755,51690
2022,TLK2,Dorset and Somerset,P (85),Education,2296,26155,28460,53320
2015,TLK2,Dorset and Somerset,Q (86-88),Human health and social work activities,2431,42650,40025,83000
2016,TLK2,Dorset and Somerset,Q (86-88),Human health and social work activities,2500,45300,41200,87750
2017,TLK2,Dorset and Somerset,Q (86-88),Human health and social work activities,2648,40750,40950,82175
2018,TLK2,Dorset and Somerset,Q (86-88),Human health and social work activities,2701,43500,48400,92150
2019,TLK2,Dorset and Somerset,Q (86-88),Human health and social work activities,2828,42300,42350,82950
2020,TLK2,Dorset and Somerset,Q (86-88),Human health and social work activities,2871,41925,39825,84000
2021,TLK2,Dorset and Somerset,Q (86-88),Human health and social work activities,3280,46975,39250,87925
2022,TLK2,Dorset and Somerset,Q (86-88),Human health and social work activities,3238,47400,38275,87050
2015,TLK2,Dorset and Somerset,R (90-93),"Arts, entertainment and recreation",345,5260,7705,13175
2016,TLK2,Dorset and Somerset,R (90-93),"Arts, entertainment and recreation",335,4930,8565,13965
2017,TLK2,Dorset and Somerset,R (90-93),"Arts, entertainment and recreation",377,5560,9800,15915
2018,TLK2,Dorset and Somerset,R (90-93),"Arts, entertainment and recreation",363,6920,10185,17670
2019,TLK2,Dorset and Somerset,R (90-93),"Arts, entertainment and recreation",350,5710,9160,15345
2020,TLK2,Dorset and Somerset,R (90-93),"Arts, entertainment and recreation",253,5045,7385,13075
2021,TLK2,Dorset and Somerset,R (90-93),"Arts, entertainment and recreation",361,5340,7725,13655
2022,TLK2,Dorset and Somerset,R (90-93),"Arts, entertainment and recreation",413,6860,10195,17950
2015,TLK2,Dorset and Somerset,S (94-96),Other service activities,511,6505,4785,12660
2016,TLK2,Dorset and Somerset,S (94-96),Other service activities,557,6110,5290,12455
2017,TLK2,Dorset and Somerset,S (94-96),Other service activities,619,6990,4180,12345
2018,TLK2,Dorset and Somerset,S (94-96),Other service activities,657,7145,4330,12535
2019,TLK2,Dorset and Somerset,S (94-96),Other service activities,643,6310,4520,11990
2020,TLK2,Dorset and Somerset,S (94-96),Other service activities,464,5930,3560,10680
2021,TLK2,Dorset and Somerset,S (94-96),Other service activities,777,6025,3010,10340
2022,TLK2,Dorset and Somerset,S (94-96),Other service activities,1020,7045,5350,12995
2015,TLK2,Dorset and Somerset,T (97-98),Activities of households,59,0,0,0
2016,TLK2,Dorset and Somerset,T (97-98),Activities of households,61,0,0,0
2017,TLK2,Dorset and Somerset,T (97-98),Activities of households,57,0,0,0
2018,TLK2,Dorset and Somerset,T (97-98),Activities of households,87,0,0,0
2019,TLK2,Dorset and Somerset,T (97-98),Activities of households,99,0,0,0
2020,TLK2,Dorset and Somerset,T (97-98),Activities of households,73,0,0,0
2021,TLK2,Dorset and Somerset,T (97-98),Activities of households,60,0,0,0
2022,TLK2,Dorset and Somerset,T (97-98),Activities of households,59,0,0,0
2015,TLK3,Cornwall and Isles of Scilly,A (1-3),"Agriculture, forestry and fishing",469,3180,1425,12210
2016,TLK3,Cornwall and Isles of Scilly,A (1-3),"Agriculture, forestry and fishing",471,2840,1100,12940
2017,TLK3,Cornwall and Isles of Scilly,A (1-3),"Agriculture, forestry and fishing",611,2755,1355,12600
2018,TLK3,Cornwall and Isles of Scilly,A (1-3),"Agriculture, forestry and fishing",594,3275,1280,12530
2019,TLK3,Cornwall and Isles of Scilly,A (1-3),"Agriculture, forestry and fishing",591,3010,1400,13075
2020,TLK3,Cornwall and Isles of Scilly,A (1-3),"Agriculture, forestry and fishing",662,2985,1340,13010
2021,TLK3,Cornwall and Isles of Scilly,A (1-3),"Agriculture, forestry and fishing",587,4010,1105,13780
2022,TLK3,Cornwall and Isles of Scilly,A (1-3),"Agriculture, forestry and fishing",603,3835,1085,13705
2015,TLK3,Cornwall and Isles of Scilly,B (5-9),Mining and quarrying,66,860,20,910
2016,TLK3,Cornwall and Isles of Scilly,B (5-9),Mining and quarrying,60,810,20,810
2017,TLK3,Cornwall and Isles of Scilly,B (5-9),Mining and quarrying,60,745,25,745
2018,TLK3,Cornwall and Isles of Scilly,B (5-9),Mining and quarrying,67,825,25,855
2019,TLK3,Cornwall and Isles of Scilly,B (5-9),Mining and quarrying,75,860,25,915
2020,TLK3,Cornwall and Isles of Scilly,B (5-9),Mining and quarrying,54,650,15,650
2021,TLK3,Cornwall and Isles of Scilly,B (5-9),Mining and quarrying,69,1010,0,1010
2022,TLK3,Cornwall and Isles of Scilly,B (5-9),Mining and quarrying,91,805,0,805
2015,TLK3,Cornwall and Isles of Scilly,C (10-33),Manufacturing,788,14205,1730,16565
2016,TLK3,Cornwall and Isles of Scilly,C (10-33),Manufacturing,818,15300,1865,17810
2017,TLK3,Cornwall and Isles of Scilly,C (10-33),Manufacturing,889,13350,1485,15625
2018,TLK3,Cornwall and Isles of Scilly,C (10-33),Manufacturing,883,13355,1400,15535
2019,TLK3,Cornwall and Isles of Scilly,C (10-33),Manufacturing,853,12535,2045,15325
2020,TLK3,Cornwall and Isles of Scilly,C (10-33),Manufacturing,821,12865,1440,14705
2021,TLK3,Cornwall and Isles of Scilly,C (10-33),Manufacturing,999,13755,2240,16600
2022,TLK3,Cornwall and Isles of Scilly,C (10-33),Manufacturing,1117,14910,1675,16805
2015,TLK3,Cornwall and Isles of Scilly,D (35),"Electricity, gas, steam and air conditioning supply",144,495,15,520
2016,TLK3,Cornwall and Isles of Scilly,D (35),"Electricity, gas, steam and air conditioning supply",120,470,20,470
2017,TLK3,Cornwall and Isles of Scilly,D (35),"Electricity, gas, steam and air conditioning supply",123,690,15,690
2018,TLK3,Cornwall and Isles of Scilly,D (35),"Electricity, gas, steam and air conditioning supply",114,760,95,885
2019,TLK3,Cornwall and Isles of Scilly,D (35),"Electricity, gas, steam and air conditioning supply",152,595,15,595
2020,TLK3,Cornwall and Isles of Scilly,D (35),"Electricity, gas, steam and air conditioning supply",120,505,15,515
2021,TLK3,Cornwall and Isles of Scilly,D (35),"Electricity, gas, steam and air conditioning supply",92,780,30,785
2022,TLK3,Cornwall and Isles of Scilly,D (35),"Electricity, gas, steam and air conditioning supply",91,840,15,940
2015,TLK3,Cornwall and Isles of Scilly,E (36-39),Water supply; sewerage and waste management,144,1255,125,1410
2016,TLK3,Cornwall and Isles of Scilly,E (36-39),Water supply; sewerage and waste management,143,1570,250,1960
2017,TLK3,Cornwall and Isles of Scilly,E (36-39),Water supply; sewerage and waste management,150,1510,95,1635
2018,TLK3,Cornwall and Isles of Scilly,E (36-39),Water supply; sewerage and waste management,156,1415,325,1700
2019,TLK3,Cornwall and Isles of Scilly,E (36-39),Water supply; sewerage and waste management,149,1350,135,1500
2020,TLK3,Cornwall and Isles of Scilly,E (36-39),Water supply; sewerage and waste management,156,2285,190,2395
2021,TLK3,Cornwall and Isles of Scilly,E (36-39),Water supply; sewerage and waste management,147,1790,255,2040
2022,TLK3,Cornwall and Isles of Scilly,E (36-39),Water supply; sewerage and waste management,156,2020,110,2295
2015,TLK3,Cornwall and Isles of Scilly,F (41-43),Construction,838,10210,1245,13435
2016,TLK3,Cornwall and Isles of Scilly,F (41-43),Construction,879,11250,1865,14995
2017,TLK3,Cornwall and Isles of Scilly,F (41-43),Construction,988,10590,2045,14605
2018,TLK3,Cornwall and Isles of Scilly,F (41-43),Construction,991,10390,2695,15005
2019,TLK3,Cornwall and Isles of Scilly,F (41-43),Construction,1020,11475,2210,16465
2020,TLK3,Cornwall and Isles of Scilly,F (41-43),Construction,1032,10320,2780,15765
2021,TLK3,Cornwall and Isles of Scilly,F (41-43),Construction,1050,10845,2385,15125
2022,TLK3,Cornwall and Isles of Scilly,F (41-43),Construction,1240,12165,2510,16280
2015,TLK3,Cornwall and Isles of Scilly,G (45-47),Wholesale and retail trade; repair of motor vehicles,1058,23220,17940,42955
2016,TLK3,Cornwall and Isles of Scilly,G (45-47),Wholesale and retail trade; repair of motor vehicles,1127,21590,17290,42050
2017,TLK3,Cornwall and Isles of Scilly,G (45-47),Wholesale and retail trade; repair of motor vehicles,1247,19115,18335,40690
2018,TLK3,Cornwall and Isles of Scilly,G (45-47),Wholesale and retail trade; repair of motor vehicles,1305,19625,18130,40065
2019,TLK3,Cornwall and Isles of Scilly,G (45-47),Wholesale and retail trade; repair of motor vehicles,1365,20685,20140,44215
2020,TLK3,Cornwall and Isles of Scilly,G (45-47),Wholesale and retail trade; repair of motor vehicles,1300,19470,17950,39585
2021,TLK3,Cornwall and Isles of Scilly,G (45-47),Wholesale and retail trade; repair of motor vehicles,1573,20130,20690,43020
2022,TLK3,Cornwall and Isles of Scilly,G (45-47),Wholesale and retail trade; repair of motor vehicles,1632,19100,18120,37660
2015,TLK3,Cornwall and Isles of Scilly,H (49-53),Transportation and storage,278,5910,1575,7990
2016,TLK3,Cornwall and Isles of Scilly,H (49-53),Transportation and storage,260,4245,1720,6965
2017,TLK3,Cornwall and Isles of Scilly,H (49-53),Transportation and storage,268,4915,1700,7130
2018,TLK3,Cornwall and Isles of Scilly,H (49-53),Transportation and storage,276,5405,1500,8010
2019,TLK3,Cornwall and Isles of Scilly,H (49-53),Transportation and storage,281,4690,1585,6955
2020,TLK3,Cornwall and Isles of Scilly,H (49-53),Transportation and storage,233,5730,1340,7925
2021,TLK3,Cornwall and Isles of Scilly,H (49-53),Transportation and storage,284,6815,1615,9710
2022,TLK3,Cornwall and Isles of Scilly,H (49-53),Transportation and storage,325,6070,1690,8550
2015,TLK3,Cornwall and Isles of Scilly,I (55-56),Accommodation and food service activities,612,11675,15250,29150
2016,TLK3,Cornwall and Isles of Scilly,I (55-56),Accommodation and food service activities,671,13620,16950,32500
2017,TLK3,Cornwall and Isles of Scilly,I (55-56),Accommodation and food service activities,797,15005,18450,35075
2018,TLK3,Cornwall and Isles of Scilly,I (55-56),Accommodation and food service activities,867,14785,18925,35675
2019,TLK3,Cornwall and Isles of Scilly,I (55-56),Accommodation and food service activities,868,13850,19750,36075
2020,TLK3,Cornwall and Isles of Scilly,I (55-56),Accommodation and food service activities,573,13605,17650,32700
2021,TLK3,Cornwall and Isles of Scilly,I (55-56),Accommodation and food service activities,894,15645,20150,37625
2022,TLK3,Cornwall and Isles of Scilly,I (55-56),Accommodation and food service activities,1148,16275,21350,39750
2015,TLK3,Cornwall and Isles of Scilly,J (58-63),Information and communication,138,2215,480,3035
2016,TLK3,Cornwall and Isles of Scilly,J (58-63),Information and communication,154,2655,475,3420
2017,TLK3,Cornwall and Isles of Scilly,J (58-63),Information and communication,181,3175,590,3900
2018,TLK3,Cornwall and Isles of Scilly,J (58-63),Information and communication,200,3120,620,3795
2019,TLK3,Cornwall and Isles of Scilly,J (58-63),Information and communication,221,2690,715,3530
2020,TLK3,Cornwall and Isles of Scilly,J (58-63),Information and communication,215,3450,950,4395
2021,TLK3,Cornwall and Isles of Scilly,J (58-63),Information and communication,242,3050,560,3715
2022,TLK3,Cornwall and Isles of Scilly,J (58-63),Information and communication,265,3320,600,3995
2015,TLK3,Cornwall and Isles of Scilly,K (64-66),Financial and insurance activities,189,1545,555,2115
2016,TLK3,Cornwall and Isles of Scilly,K (64-66),Financial and insurance activities,188,1410,760,2225
2017,TLK3,Cornwall and Isles of Scilly,K (64-66),Financial and insurance activities,198,1900,595,2600
2018,TLK3,Cornwall and Isles of Scilly,K (64-66),Financial and insurance activities,182,1230,400,1660
2019,TLK3,Cornwall and Isles of Scilly,K (64-66),Financial and insurance activities,178,1610,450,2055
2020,TLK3,Cornwall and Isles of Scilly,K (64-66),Financial and insurance activities,140,985,355,1280
2021,TLK3,Cornwall and Isles of Scilly,K (64-66),Financial and insurance activities,143,995,365,1435
2022,TLK3,Cornwall and Isles of Scilly,K (64-66),Financial and insurance activities,189,1300,530,2120
2015,TLK3,Cornwall and Isles of Scilly,M (69-75),"Professional, scientific and technical activities",360,8850,2745,13185
2016,TLK3,Cornwall and Isles of Scilly,M (69-75),"Professional, scientific and technical activities",383,6740,2290,10295
2017,TLK3,Cornwall and Isles of Scilly,M (69-75),"Professional, scientific and technical activities",385,7345,2565,10720
2018,TLK3,Cornwall and Isles of Scilly,M (69-75),"Professional, scientific and technical activities",400,6670,3025,10705
2019,TLK3,Cornwall and Isles of Scilly,M (69-75),"Professional, scientific and technical activities",420,8355,3165,12455
2020,TLK3,Cornwall and Isles of Scilly,M (69-75),"Professional, scientific and technical activities",399,8170,3785,12455
2021,TLK3,Cornwall and Isles of Scilly,M (69-75),"Professional, scientific and technical activities",508,8325,3330,12480
2022,TLK3,Cornwall and Isles of Scilly,M (69-75),"Professional, scientific and technical activities",562,9220,3285,13205
2015,TLK3,Cornwall and Isles of Scilly,N (77-82),Administrative and support service activities,248,6530,5400,12980
2016,TLK3,Cornwall and Isles of Scilly,N (77-82),Administrative and support service activities,283,6955,4475,12090
2017,TLK3,Cornwall and Isles of Scilly,N (77-82),Administrative and support service activities,311,8340,5890,15185
2018,TLK3,Cornwall and Isles of Scilly,N (77-82),Administrative and support service activities,311,6625,5545,12755
2019,TLK3,Cornwall and Isles of Scilly,N (77-82),Administrative and support service activities,319,7665,5205,13705
2020,TLK3,Cornwall and Isles of Scilly,N (77-82),Administrative and support service activities,275,9220,5520,15885
2021,TLK3,Cornwall and Isles of Scilly,N (77-82),Administrative and support service activities,395,9755,5275,15475
2022,TLK3,Cornwall and Isles of Scilly,N (77-82),Administrative and support service activities,443,9180,4935,14735
2015,TLK3,Cornwall and Isles of Scilly,O (84),Public administration and defence,701,4200,1810,6025
2016,TLK3,Cornwall and Isles of Scilly,O (84),Public administration and defence,715,5550,2025,7400
2017,TLK3,Cornwall and Isles of Scilly,O (84),Public administration and defence,818,5250,1995,7425
2018,TLK3,Cornwall and Isles of Scilly,O (84),Public administration and defence,783,5100,1985,7125
2019,TLK3,Cornwall and Isles of Scilly,O (84),Public administration and defence,738,5250,1815,6800
2020,TLK3,Cornwall and Isles of Scilly,O (84),Public administration and defence,733,4680,1740,7090
2021,TLK3,Cornwall and Isles of Scilly,O (84),Public administration and defence,796,5380,1860,7335
2022,TLK3,Cornwall and Isles of Scilly,O (84),Public administration and defence,889,5130,1890,6740
2015,TLK3,Cornwall and Isles of Scilly,P (85),Education,544,7575,11195,18405
2016,TLK3,Cornwall and Isles of Scilly,P (85),Education,565,8300,9905,18810
2017,TLK3,Cornwall and Isles of Scilly,P (85),Education,567,9505,9340,18540
2018,TLK3,Cornwall and Isles of Scilly,P (85),Education,584,8955,8480,17720
2019,TLK3,Cornwall and Isles of Scilly,P (85),Education,639,8480,8145,17210
2020,TLK3,Cornwall and Isles of Scilly,P (85),Education,660,8570,8565,17025
2021,TLK3,Cornwall and Isles of Scilly,P (85),Education,694,9655,7590,18215
2022,TLK3,Cornwall and Isles of Scilly,P (85),Education,771,9125,8870,18015
2015,TLK3,Cornwall and Isles of Scilly,Q (86-88),Human health and social work activities,818,16750,14150,30550
2016,TLK3,Cornwall and Isles of Scilly,Q (86-88),Human health and social work activities,889,17475,14165,32325
2017,TLK3,Cornwall and Isles of Scilly,Q (86-88),Human health and social work activities,922,15725,12675,29850
2018,TLK3,Cornwall and Isles of Scilly,Q (86-88),Human health and social work activities,930,16695,16000,33400
2019,TLK3,Cornwall and Isles of Scilly,Q (86-88),Human health and social work activities,1021,16540,14000,31100
2020,TLK3,Cornwall and Isles of Scilly,Q (86-88),Human health and social work activities,1094,16575,15400,32025
2021,TLK3,Cornwall and Isles of Scilly,Q (86-88),Human health and social work activities,1318,19725,16585,37775
2022,TLK3,Cornwall and Isles of Scilly,Q (86-88),Human health and social work activities,1258,18090,15400,35425
2015,TLK3,Cornwall and Isles of Scilly,R (90-93),"Arts, entertainment and recreation",141,2430,3135,5820
2016,TLK3,Cornwall and Isles of Scilly,R (90-93),"Arts, entertainment and recreation",140,2510,3210,5625
2017,TLK3,Cornwall and Isles of Scilly,R (90-93),"Arts, entertainment and recreation",145,2985,3645,7020
2018,TLK3,Cornwall and Isles of Scilly,R (90-93),"Arts, entertainment and recreation",152,3055,3870,7430
2019,TLK3,Cornwall and Isles of Scilly,R (90-93),"Arts, entertainment and recreation",156,2505,3485,6270
2020,TLK3,Cornwall and Isles of Scilly,R (90-93),"Arts, entertainment and recreation",115,2625,2890,5875
2021,TLK3,Cornwall and Isles of Scilly,R (90-93),"Arts, entertainment and recreation",174,2550,2975,5860
2022,TLK3,Cornwall and Isles of Scilly,R (90-93),"Arts, entertainment and recreation",203,3715,4200,8085
2015,TLK3,Cornwall and Isles of Scilly,S (94-96),Other service activities,173,2275,1870,4775
2016,TLK3,Cornwall and Isles of Scilly,S (94-96),Other service activities,180,2275,2180,5475
2017,TLK3,Cornwall and Isles of Scilly,S (94-96),Other service activities,193,2540,1685,5185
2018,TLK3,Cornwall and Isles of Scilly,S (94-96),Other service activities,211,2495,1875,4895
2019,TLK3,Cornwall and Isles of Scilly,S (94-96),Other service activities,193,2315,1795,4515
2020,TLK3,Cornwall and Isles of Scilly,S (94-96),Other service activities,163,2120,1445,3950
2021,TLK3,Cornwall and Isles of Scilly,S (94-96),Other service activities,215,2205,1220,3840
2022,TLK3,Cornwall and Isles of Scilly,S (94-96),Other service activities,251,2275,2015,4675
2015,TLK3,Cornwall and Isles of Scilly,T (97-98),Activities of households,23,0,0,0
2016,TLK3,Cornwall and Isles of Scilly,T (97-98),Activities of households,23,0,0,0
2017,TLK3,Cornwall and Isles of Scilly,T (97-98),Activities of households,31,0,0,0
2018,TLK3,Cornwall and Isles of Scilly,T (97-98),Activities of households,44,0,0,0
2019,TLK3,Cornwall and Isles of Scilly,T (97-98),Activities of households,49,0,0,0
2020,TLK3,Cornwall and Isles of Scilly,T (97-98),Activities of households,39,0,0,0
2021,TLK3,Cornwall and Isles of Scilly,T (97-98),Activities of households,30,0,0,0
2022,TLK3,Cornwall and Isles of Scilly,T (97-98),Activities of households,52,0,0,0
2015,TLK4,Devon,A (1-3),"Agriculture, forestry and fishing",487,4590,2290,21020
2016,TLK4,Devon,A (1-3),"Agriculture, forestry and fishing",395,3920,1930,20250
2017,TLK4,Devon,A (1-3),"Agriculture, forestry and fishing",436,3970,1980,20955
2018,TLK4,Devon,A (1-3),"Agriculture, forestry and fishing",409,4490,2115,21865
2019,TLK4,Devon,A (1-3),"Agriculture, forestry and fishing",474,4275,2245,22510
2020,TLK4,Devon,A (1-3),"Agriculture, forestry and fishing",480,4480,2205,22735
2021,TLK4,Devon,A (1-3),"Agriculture, forestry and fishing",524,4605,2220,22495
2022,TLK4,Devon,A (1-3),"Agriculture, forestry and fishing",661,4095,2210,23145
2015,TLK4,Devon,B (5-9),Mining and quarrying,37,560,30,610
2016,TLK4,Devon,B (5-9),Mining and quarrying,30,655,25,655
2017,TLK4,Devon,B (5-9),Mining and quarrying,32,655,55,705
2018,TLK4,Devon,B (5-9),Mining and quarrying,42,565,20,615
2019,TLK4,Devon,B (5-9),Mining and quarrying,46,760,25,765
2020,TLK4,Devon,B (5-9),Mining and quarrying,44,655,20,705
2021,TLK4,Devon,B (5-9),Mining and quarrying,48,820,0,820
2022,TLK4,Devon,B (5-9),Mining and quarrying,51,495,0,495
2015,TLK4,Devon,C (10-33),Manufacturing,2241,35680,3115,39610
2016,TLK4,Devon,C (10-33),Manufacturing,2319,38200,3910,43210
2017,TLK4,Devon,C (10-33),Manufacturing,2585,37105,3985,41410
2018,TLK4,Devon,C (10-33),Manufacturing,2591,37955,3910,41945
2019,TLK4,Devon,C (10-33),Manufacturing,2531,38295,4390,43515
2020,TLK4,Devon,C (10-33),Manufacturing,2452,39435,2995,43200
2021,TLK4,Devon,C (10-33),Manufacturing,2782,40145,3855,47345
2022,TLK4,Devon,C (10-33),Manufacturing,3123,42170,4270,46645
2015,TLK4,Devon,D (35),"Electricity, gas, steam and air conditioning supply",382,860,40,860
2016,TLK4,Devon,D (35),"Electricity, gas, steam and air conditioning supply",412,1980,365,2230
2017,TLK4,Devon,D (35),"Electricity, gas, steam and air conditioning supply",410,1940,350,2190
2018,TLK4,Devon,D (35),"Electricity, gas, steam and air conditioning supply",392,2090,450,2390
2019,TLK4,Devon,D (35),"Electricity, gas, steam and air conditioning supply",439,1920,305,2420
2020,TLK4,Devon,D (35),"Electricity, gas, steam and air conditioning supply",357,1865,305,1865
2021,TLK4,Devon,D (35),"Electricity, gas, steam and air conditioning supply",322,2325,310,2325
2022,TLK4,Devon,D (35),"Electricity, gas, steam and air conditioning supply",342,2120,200,2125
2015,TLK4,Devon,E (36-39),Water supply; sewerage and waste management,513,3035,280,3185
2016,TLK4,Devon,E (36-39),Water supply; sewerage and waste management,540,3695,635,4570
2017,TLK4,Devon,E (36-39),Water supply; sewerage and waste management,594,3415,190,3515
2018,TLK4,Devon,E (36-39),Water supply; sewerage and waste management,587,3085,665,4150
2019,TLK4,Devon,E (36-39),Water supply; sewerage and waste management,524,2925,230,3325
2020,TLK4,Devon,E (36-39),Water supply; sewerage and waste management,515,3950,245,4175
2021,TLK4,Devon,E (36-39),Water supply; sewerage and waste management,585,4180,310,4855
2022,TLK4,Devon,E (36-39),Water supply; sewerage and waste management,568,4415,305,4465
2015,TLK4,Devon,F (41-43),Construction,1783,22315,2335,27270
2016,TLK4,Devon,F (41-43),Construction,1786,23535,2915,28600
2017,TLK4,Devon,F (41-43),Construction,1870,22610,3575,29245
2018,TLK4,Devon,F (41-43),Construction,1932,21955,4245,29275
2019,TLK4,Devon,F (41-43),Construction,2035,24470,3165,31895
2020,TLK4,Devon,F (41-43),Construction,1612,19840,4085,28610
2021,TLK4,Devon,F (41-43),Construction,1957,21240,3320,27785
2022,TLK4,Devon,F (41-43),Construction,2257,23695,4570,31465
2015,TLK4,Devon,G (45-47),Wholesale and retail trade; repair of motor vehicles,2407,46170,37380,88510
2016,TLK4,Devon,G (45-47),Wholesale and retail trade; repair of motor vehicles,2509,46230,36720,88805
2017,TLK4,Devon,G (45-47),Wholesale and retail trade; repair of motor vehicles,2662,40790,37710,83035
2018,TLK4,Devon,G (45-47),Wholesale and retail trade; repair of motor vehicles,2748,42840,37520,84450
2019,TLK4,Devon,G (45-47),Wholesale and retail trade; repair of motor vehicles,2676,43095,41095,86975
2020,TLK4,Devon,G (45-47),Wholesale and retail trade; repair of motor vehicles,2625,41695,36530,80930
2021,TLK4,Devon,G (45-47),Wholesale and retail trade; repair of motor vehicles,3495,41995,38870,84730
2022,TLK4,Devon,G (45-47),Wholesale and retail trade; repair of motor vehicles,3696,39390,33835,75585
2015,TLK4,Devon,H (49-53),Transportation and storage,652,17765,3610,22450
2016,TLK4,Devon,H (49-53),Transportation and storage,620,13540,2965,16735
2017,TLK4,Devon,H (49-53),Transportation and storage,659,13940,2790,17165
2018,TLK4,Devon,H (49-53),Transportation and storage,689,16065,3475,21020
2019,TLK4,Devon,H (49-53),Transportation and storage,703,15310,3335,19720
2020,TLK4,Devon,H (49-53),Transportation and storage,605,15970,3690,20150
2021,TLK4,Devon,H (49-53),Transportation and storage,685,17945,4155,22950
2022,TLK4,Devon,H (49-53),Transportation and storage,774,15825,4035,21390
2015,TLK4,Devon,I (55-56),Accommodation and food service activities,913,18915,25195,45790
2016,TLK4,Devon,I (55-56),Accommodation and food service activities,1007,20505,26170,51250
2017,TLK4,Devon,I (55-56),Accommodation and food service activities,1108,23530,30330,54350
2018,TLK4,Devon,I (55-56),Accommodation and food service activities,1044,23335,30630,54725
2019,TLK4,Devon,I (55-56),Accommodation and food service activities,1080,20950,30070,54475
2020,TLK4,Devon,I (55-56),Accommodation and food service activities,691,20820,28445,51365
2021,TLK4,Devon,I (55-56),Accommodation and food service activities,1240,24145,31550,57945
2022,TLK4,Devon,I (55-56),Accommodation and food service activities,1587,24800,32750,58500
2015,TLK4,Devon,J (58-63),Information and communication,748,8935,1770,10905
2016,TLK4,Devon,J (58-63),Information and communication,860,9670,2085,12290
2017,TLK4,Devon,J (58-63),Information and communication,919,11105,1905,13590
2018,TLK4,Devon,J (58-63),Information and communication,827,10465,1830,12640
2019,TLK4,Devon,J (58-63),Information and communication,820,8970,2300,11525
2020,TLK4,Devon,J (58-63),Information and communication,704,10710,2835,14010
2021,TLK4,Devon,J (58-63),Information and communication,950,9405,1805,11610
2022,TLK4,Devon,J (58-63),Information and communication,1015,9260,2170,11450
2015,TLK4,Devon,K (64-66),Financial and insurance activities,591,5260,1670,6760
2016,TLK4,Devon,K (64-66),Financial and insurance activities,589,5275,2060,7495
2017,TLK4,Devon,K (64-66),Financial and insurance activities,614,6380,1585,8120
2018,TLK4,Devon,K (64-66),Financial and insurance activities,520,4235,1315,5585
2019,TLK4,Devon,K (64-66),Financial and insurance activities,547,5005,1365,6225
2020,TLK4,Devon,K (64-66),Financial and insurance activities,454,3260,975,4345
2021,TLK4,Devon,K (64-66),Financial and insurance activities,426,3340,1105,4480
2022,TLK4,Devon,K (64-66),Financial and insurance activities,519,3740,1265,5490
2015,TLK4,Devon,M (69-75),"Professional, scientific and technical activities",1179,22905,6105,30710
2016,TLK4,Devon,M (69-75),"Professional, scientific and technical activities",1174,18615,5405,26125
2017,TLK4,Devon,M (69-75),"Professional, scientific and technical activities",1172,20055,6600,29230
2018,TLK4,Devon,M (69-75),"Professional, scientific and technical activities",1200,18900,6385,27115
2019,TLK4,Devon,M (69-75),"Professional, scientific and technical activities",1310,22700,8075,32625
2020,TLK4,Devon,M (69-75),"Professional, scientific and technical activities",1308,22060,8065,31500
2021,TLK4,Devon,M (69-75),"Professional, scientific and technical activities",1556,23320,8270,32790
2022,TLK4,Devon,M (69-75),"Professional, scientific and technical activities",1711,24370,7740,34065
2015,TLK4,Devon,N (77-82),Administrative and support service activities,717,18415,10845,30705
2016,TLK4,Devon,N (77-82),Administrative and support service activities,722,16700,10905,28465
2017,TLK4,Devon,N (77-82),Administrative and support service activities,727,18360,13905,32690
2018,TLK4,Devon,N (77-82),Administrative and support service activities,775,16540,12190,29345
2019,TLK4,Devon,N (77-82),Administrative and support service activities,775,17840,11785,31250
2020,TLK4,Devon,N (77-82),Administrative and support service activities,646,20010,11865,33500
2021,TLK4,Devon,N (77-82),Administrative and support service activities,889,18755,11200,30135
2022,TLK4,Devon,N (77-82),Administrative and support service activities,986,19455,9725,29290
2015,TLK4,Devon,O (84),Public administration and defence,1944,16400,6000,21850
2016,TLK4,Devon,O (84),Public administration and defence,1990,16350,5375,22850
2017,TLK4,Devon,O (84),Public administration and defence,2026,16900,5450,21600
2018,TLK4,Devon,O (84),Public administration and defence,2072,17300,6050,24450
2019,TLK4,Devon,O (84),Public administration and defence,2066,16400,5300,22350
2020,TLK4,Devon,O (84),Public administration and defence,2006,16500,5700,22600
2021,TLK4,Devon,O (84),Public administration and defence,2124,16650,5475,22950
2022,TLK4,Devon,O (84),Public administration and defence,2447,17950,5075,24250
2015,TLK4,Devon,P (85),Education,1677,22365,23690,44580
2016,TLK4,Devon,P (85),Education,1745,22645,23745,46295
2017,TLK4,Devon,P (85),Education,1809,23650,24960,48095
2018,TLK4,Devon,P (85),Education,1893,21565,23240,44325
2019,TLK4,Devon,P (85),Education,2000,22905,22725,46175
2020,TLK4,Devon,P (85),Education,2112,25345,23410,48540
2021,TLK4,Devon,P (85),Education,2193,26380,23250,50190
2022,TLK4,Devon,P (85),Education,2426,26005,25750,51950
2015,TLK4,Devon,Q (86-88),Human health and social work activities,2401,41525,36375,79750
2016,TLK4,Devon,Q (86-88),Human health and social work activities,2420,44475,34575,78975
2017,TLK4,Devon,Q (86-88),Human health and social work activities,2383,39225,32150,73175
2018,TLK4,Devon,Q (86-88),Human health and social work activities,2358,40750,36600,78100
2019,TLK4,Devon,Q (86-88),Human health and social work activities,2679,41100,33425,76400
2020,TLK4,Devon,Q (86-88),Human health and social work activities,2758,41250,34875,76100
2021,TLK4,Devon,Q (86-88),Human health and social work activities,3185,46275,36475,84100
2022,TLK4,Devon,Q (86-88),Human health and social work activities,3193,46600,32800,78500
2015,TLK4,Devon,R (90-93),"Arts, entertainment and recreation",278,4495,6895,11865
2016,TLK4,Devon,R (90-93),"Arts, entertainment and recreation",267,4360,7175,11525
2017,TLK4,Devon,R (90-93),"Arts, entertainment and recreation",290,5035,7935,13070
2018,TLK4,Devon,R (90-93),"Arts, entertainment and recreation",303,5565,7990,14320
2019,TLK4,Devon,R (90-93),"Arts, entertainment and recreation",315,4940,7385,13230
2020,TLK4,Devon,R (90-93),"Arts, entertainment and recreation",189,3990,5795,10050
2021,TLK4,Devon,R (90-93),"Arts, entertainment and recreation",301,4390,5690,10595
2022,TLK4,Devon,R (90-93),"Arts, entertainment and recreation",376,6330,8270,15325
2015,TLK4,Devon,S (94-96),Other service activities,355,4830,4220,9725
2016,TLK4,Devon,S (94-96),Other service activities,401,4625,4710,10320
2017,TLK4,Devon,S (94-96),Other service activities,414,5525,3920,10125
2018,TLK4,Devon,S (94-96),Other service activities,426,5275,4110,10345
2019,TLK4,Devon,S (94-96),Other service activities,458,4940,4345,10225
2020,TLK4,Devon,S (94-96),Other service activities,380,5000,3465,9250
2021,TLK4,Devon,S (94-96),Other service activities,455,4895,3050,8680
2022,TLK4,Devon,S (94-96),Other service activities,494,5585,4785,11310
2015,TLK4,Devon,T (97-98),Activities of households,47,0,0,0
2016,TLK4,Devon,T (97-98),Activities of households,54,0,0,0
2017,TLK4,Devon,T (97-98),Activities of households,57,0,0,0
2018,TLK4,Devon,T (97-98),Activities of households,62,0,0,0
2019,TLK4,Devon,T (97-98),Activities of households,68,0,0,0
2020,TLK4,Devon,T (97-98),Activities of households,52,0,0,0
2021,TLK4,Devon,T (97-98),Activities of households,56,0,0,0
2022,TLK4,Devon,T (97-98),Activities of households,52,0,0,0
2015,TLL1,West Wales,A (1-3),"Agriculture, forestry and fishing",478,3550,7060,38295
2016,TLL1,West Wales,A (1-3),"Agriculture, forestry and fishing",455,4575,6535,37835
2017,TLL1,West Wales,A (1-3),"Agriculture, forestry and fishing",469,2315,6465,35860
2018,TLL1,West Wales,A (1-3),"Agriculture, forestry and fishing",543,8030,2105,24730
2019,TLL1,West Wales,A (1-3),"Agriculture, forestry and fishing",465,7720,2170,27060
2020,TLL1,West Wales,A (1-3),"Agriculture, forestry and fishing",543,8790,2620,30905
2021,TLL1,West Wales,A (1-3),"Agriculture, forestry and fishing",587,8490,2170,26560
2022,TLL1,West Wales,A (1-3),"Agriculture, forestry and fishing",757,7030,2440,24040
2015,TLL1,West Wales,B (5-9),Mining and quarrying,115,1280,25,1270
2016,TLL1,West Wales,B (5-9),Mining and quarrying,88,1555,10,1605
2017,TLL1,West Wales,B (5-9),Mining and quarrying,107,1065,95,1140
2018,TLL1,West Wales,B (5-9),Mining and quarrying,107,1275,5,1300
2019,TLL1,West Wales,B (5-9),Mining and quarrying,148,1875,10,1875
2020,TLL1,West Wales,B (5-9),Mining and quarrying,140,1615,45,1770
2021,TLL1,West Wales,B (5-9),Mining and quarrying,60,1375,40,1430
2022,TLL1,West Wales,B (5-9),Mining and quarrying,161,1430,40,1485
2015,TLL1,West Wales,C (10-33),Manufacturing,5605,76905,4940,82210
2016,TLL1,West Wales,C (10-33),Manufacturing,5682,75705,3965,80795
2017,TLL1,West Wales,C (10-33),Manufacturing,5871,74135,5150,79385
2018,TLL1,West Wales,C (10-33),Manufacturing,5660,76530,4250,82780
2019,TLL1,West Wales,C (10-33),Manufacturing,5980,74090,5750,81315
2020,TLL1,West Wales,C (10-33),Manufacturing,5419,73760,5725,79660
2021,TLL1,West Wales,C (10-33),Manufacturing,5312,71625,5850,78220
2022,TLL1,West Wales,C (10-33),Manufacturing,5805,72675,5565,79220
2015,TLL1,West Wales,D (35),"Electricity, gas, steam and air conditioning supply",743,4455,90,4530
2016,TLL1,West Wales,D (35),"Electricity, gas, steam and air conditioning supply",676,2370,75,2580
2017,TLL1,West Wales,D (35),"Electricity, gas, steam and air conditioning supply",648,2475,135,2680
2018,TLL1,West Wales,D (35),"Electricity, gas, steam and air conditioning supply",582,2130,35,2180
2019,TLL1,West Wales,D (35),"Electricity, gas, steam and air conditioning supply",677,2170,35,2170
2020,TLL1,West Wales,D (35),"Electricity, gas, steam and air conditioning supply",667,2025,385,2365
2021,TLL1,West Wales,D (35),"Electricity, gas, steam and air conditioning supply",478,2720,125,2820
2022,TLL1,West Wales,D (35),"Electricity, gas, steam and air conditioning supply",567,2165,65,2170
2015,TLL1,West Wales,E (36-39),Water supply; sewerage and waste management,691,7915,565,8765
2016,TLL1,West Wales,E (36-39),Water supply; sewerage and waste management,647,6025,590,6875
2017,TLL1,West Wales,E (36-39),Water supply; sewerage and waste management,700,6040,1325,7665
2018,TLL1,West Wales,E (36-39),Water supply; sewerage and waste management,692,6360,1045,7725
2019,TLL1,West Wales,E (36-39),Water supply; sewerage and waste management,710,6665,835,7765
2020,TLL1,West Wales,E (36-39),Water supply; sewerage and waste management,607,7975,1000,9075
2021,TLL1,West Wales,E (36-39),Water supply; sewerage and waste management,777,6860,1340,8110
2022,TLL1,West Wales,E (36-39),Water supply; sewerage and waste management,771,7105,1165,8410
2015,TLL1,West Wales,F (41-43),Construction,2117,30665,3290,37915
2016,TLL1,West Wales,F (41-43),Construction,2200,40010,3790,46630
2017,TLL1,West Wales,F (41-43),Construction,2348,29260,2955,36815
2018,TLL1,West Wales,F (41-43),Construction,2523,35560,3785,43120
2019,TLL1,West Wales,F (41-43),Construction,2607,30830,5395,40435
2020,TLL1,West Wales,F (41-43),Construction,2130,37615,3975,46290
2021,TLL1,West Wales,F (41-43),Construction,2506,29195,2850,38075
2022,TLL1,West Wales,F (41-43),Construction,2951,33500,5830,42515
2015,TLL1,West Wales,G (45-47),Wholesale and retail trade; repair of motor vehicles,3096,59525,51680,116695
2016,TLL1,West Wales,G (45-47),Wholesale and retail trade; repair of motor vehicles,3247,53965,52695,113125
2017,TLL1,West Wales,G (45-47),Wholesale and retail trade; repair of motor vehicles,3354,48280,54090,107655
2018,TLL1,West Wales,G (45-47),Wholesale and retail trade; repair of motor vehicles,3762,55080,51945,114260
2019,TLL1,West Wales,G (45-47),Wholesale and retail trade; repair of motor vehicles,4045,60545,52975,119565
2020,TLL1,West Wales,G (45-47),Wholesale and retail trade; repair of motor vehicles,3730,48515,51320,105170
2021,TLL1,West Wales,G (45-47),Wholesale and retail trade; repair of motor vehicles,4099,51870,54165,120120
2022,TLL1,West Wales,G (45-47),Wholesale and retail trade; repair of motor vehicles,4319,47495,52175,105270
2015,TLL1,West Wales,H (49-53),Transportation and storage,934,18255,6075,25870
2016,TLL1,West Wales,H (49-53),Transportation and storage,931,18075,3025,22805
2017,TLL1,West Wales,H (49-53),Transportation and storage,929,17355,3765,22530
2018,TLL1,West Wales,H (49-53),Transportation and storage,978,17120,4315,22795
2019,TLL1,West Wales,H (49-53),Transportation and storage,1045,18430,4645,24865
2020,TLL1,West Wales,H (49-53),Transportation and storage,885,21735,3950,28605
2021,TLL1,West Wales,H (49-53),Transportation and storage,1073,21450,3750,27000
2022,TLL1,West Wales,H (49-53),Transportation and storage,1288,24685,6135,32405
2015,TLL1,West Wales,I (55-56),Accommodation and food service activities,1145,21525,35425,62875
2016,TLL1,West Wales,I (55-56),Accommodation and food service activities,1198,26275,44150,74875
2017,TLL1,West Wales,I (55-56),Accommodation and food service activities,1317,21820,36450,61225
2018,TLL1,West Wales,I (55-56),Accommodation and food service activities,1447,22575,39300,66425
2019,TLL1,West Wales,I (55-56),Accommodation and food service activities,1521,27375,45125,77175
2020,TLL1,West Wales,I (55-56),Accommodation and food service activities,949,25325,37900,68050
2021,TLL1,West Wales,I (55-56),Accommodation and food service activities,1346,20680,39420,62675
2022,TLL1,West Wales,I (55-56),Accommodation and food service activities,1765,27460,40650,71925
2015,TLL1,West Wales,J (58-63),Information and communication,777,7610,1600,9750
2016,TLL1,West Wales,J (58-63),Information and communication,921,11730,2110,14815
2017,TLL1,West Wales,J (58-63),Information and communication,1016,22835,3270,25945
2018,TLL1,West Wales,J (58-63),Information and communication,1036,9765,2240,12655
2019,TLL1,West Wales,J (58-63),Information and communication,1023,11005,2020,13450
2020,TLL1,West Wales,J (58-63),Information and communication,770,9880,2210,12095
2021,TLL1,West Wales,J (58-63),Information and communication,825,14720,1720,15995
2022,TLL1,West Wales,J (58-63),Information and communication,900,10120,2070,12600
2015,TLL1,West Wales,K (64-66),Financial and insurance activities,1102,7575,2825,11210
2016,TLL1,West Wales,K (64-66),Financial and insurance activities,1164,6690,4120,10915
2017,TLL1,West Wales,K (64-66),Financial and insurance activities,1156,8140,3285,11135
2018,TLL1,West Wales,K (64-66),Financial and insurance activities,1266,9790,2890,12390
2019,TLL1,West Wales,K (64-66),Financial and insurance activities,1411,9990,2535,12215
2020,TLL1,West Wales,K (64-66),Financial and insurance activities,1313,8075,2190,10525
2021,TLL1,West Wales,K (64-66),Financial and insurance activities,1388,9620,2660,11885
2022,TLL1,West Wales,K (64-66),Financial and insurance activities,1536,12015,2355,14235
2015,TLL1,West Wales,M (69-75),"Professional, scientific and technical activities",960,23135,5985,32200
2016,TLL1,West Wales,M (69-75),"Professional, scientific and technical activities",978,18380,5825,26000
2017,TLL1,West Wales,M (69-75),"Professional, scientific and technical activities",1038,23160,6255,31375
2018,TLL1,West Wales,M (69-75),"Professional, scientific and technical activities",1085,22050,9950,34840
2019,TLL1,West Wales,M (69-75),"Professional, scientific and technical activities",1100,19220,6750,27795
2020,TLL1,West Wales,M (69-75),"Professional, scientific and technical activities",1111,21490,6600,30325
2021,TLL1,West Wales,M (69-75),"Professional, scientific and technical activities",1120,23065,6840,30615
2022,TLL1,West Wales,M (69-75),"Professional, scientific and technical activities",1188,19995,7905,28980
2015,TLL1,West Wales,N (77-82),Administrative and support service activities,979,22780,12345,36170
2016,TLL1,West Wales,N (77-82),Administrative and support service activities,1048,22695,14325,38230
2017,TLL1,West Wales,N (77-82),Administrative and support service activities,1019,23915,13705,40170
2018,TLL1,West Wales,N (77-82),Administrative and support service activities,1091,24325,13950,39650
2019,TLL1,West Wales,N (77-82),Administrative and support service activities,1138,24800,15385,41085
2020,TLL1,West Wales,N (77-82),Administrative and support service activities,1000,27325,16445,46930
2021,TLL1,West Wales,N (77-82),Administrative and support service activities,971,26640,20310,47860
2022,TLL1,West Wales,N (77-82),Administrative and support service activities,1126,25115,17540,44185
2015,TLL1,West Wales,O (84),Public administration and defence,2459,32950,17950,50500
2016,TLL1,West Wales,O (84),Public administration and defence,2556,35850,13525,49500
2017,TLL1,West Wales,O (84),Public administration and defence,2719,35250,16645,52050
2018,TLL1,West Wales,O (84),Public administration and defence,2773,36150,14575,50200
2019,TLL1,West Wales,O (84),Public administration and defence,3125,38950,17005,56450
2020,TLL1,West Wales,O (84),Public administration and defence,3360,43750,15225,59300
2021,TLL1,West Wales,O (84),Public administration and defence,3547,41900,16150,58500
2022,TLL1,West Wales,O (84),Public administration and defence,3779,43575,17870,62400
2015,TLL1,West Wales,P (85),Education,2159,36000,41050,78635
2016,TLL1,West Wales,P (85),Education,2200,36280,41020,78225
2017,TLL1,West Wales,P (85),Education,2225,35310,38650,73550
2018,TLL1,West Wales,P (85),Education,2222,32910,37610,70550
2019,TLL1,West Wales,P (85),Education,2348,35035,32915,68075
2020,TLL1,West Wales,P (85),Education,2318,34160,33560,68100
2021,TLL1,West Wales,P (85),Education,2421,34125,32830,66820
2022,TLL1,West Wales,P (85),Education,2602,36715,33110,69050
2015,TLL1,West Wales,Q (86-88),Human health and social work activities,3658,68575,52775,122550
2016,TLL1,West Wales,Q (86-88),Human health and social work activities,3945,68850,52625,123400
2017,TLL1,West Wales,Q (86-88),Human health and social work activities,4090,65925,53450,121850
2018,TLL1,West Wales,Q (86-88),Human health and social work activities,4184,72050,56900,130750
2019,TLL1,West Wales,Q (86-88),Human health and social work activities,4264,67250,52250,120300
2020,TLL1,West Wales,Q (86-88),Human health and social work activities,4670,69150,51825,122150
2021,TLL1,West Wales,Q (86-88),Human health and social work activities,4763,65525,52900,118900
2022,TLL1,West Wales,Q (86-88),Human health and social work activities,4973,71325,50900,122050
2015,TLL1,West Wales,R (90-93),"Arts, entertainment and recreation",417,8310,11450,21000
2016,TLL1,West Wales,R (90-93),"Arts, entertainment and recreation",397,7130,10925,18370
2017,TLL1,West Wales,R (90-93),"Arts, entertainment and recreation",419,6765,12550,19415
2018,TLL1,West Wales,R (90-93),"Arts, entertainment and recreation",419,6480,10365,17595
2019,TLL1,West Wales,R (90-93),"Arts, entertainment and recreation",424,7355,7770,15350
2020,TLL1,West Wales,R (90-93),"Arts, entertainment and recreation",317,7600,9340,17045
2021,TLL1,West Wales,R (90-93),"Arts, entertainment and recreation",423,8195,10335,19065
2022,TLL1,West Wales,R (90-93),"Arts, entertainment and recreation",495,8495,10905,19830
2015,TLL1,West Wales,S (94-96),Other service activities,551,5260,5970,13095
2016,TLL1,West Wales,S (94-96),Other service activities,603,5540,4340,11270
2017,TLL1,West Wales,S (94-96),Other service activities,632,6525,5795,14570
2018,TLL1,West Wales,S (94-96),Other service activities,691,6025,5550,13190
2019,TLL1,West Wales,S (94-96),Other service activities,682,5050,4595,10145
2020,TLL1,West Wales,S (94-96),Other service activities,503,5955,4235,11280
2021,TLL1,West Wales,S (94-96),Other service activities,558,4920,6230,12490
2022,TLL1,West Wales,S (94-96),Other service activities,646,7665,6700,15555
2015,TLL1,West Wales,T (97-98),Activities of households,45,0,0,0
2016,TLL1,West Wales,T (97-98),Activities of households,42,0,0,0
2017,TLL1,West Wales,T (97-98),Activities of households,38,0,0,0
2018,TLL1,West Wales,T (97-98),Activities of households,32,0,0,0
2019,TLL1,West Wales,T (97-98),Activities of households,36,0,0,0
2020,TLL1,West Wales,T (97-98),Activities of households,26,0,0,0
2021,TLL1,West Wales,T (97-98),Activities of households,33,0,0,0
2022,TLL1,West Wales,T (97-98),Activities of households,39,0,0,0
2015,TLL2,East Wales,A (1-3),"Agriculture, forestry and fishing",271,2395,5020,22105
2016,TLL2,East Wales,A (1-3),"Agriculture, forestry and fishing",260,3060,4305,22120
2017,TLL2,East Wales,A (1-3),"Agriculture, forestry and fishing",268,1580,3730,20910
2018,TLL2,East Wales,A (1-3),"Agriculture, forestry and fishing",315,4530,1050,14310
2019,TLL2,East Wales,A (1-3),"Agriculture, forestry and fishing",272,4390,1350,15685
2020,TLL2,East Wales,A (1-3),"Agriculture, forestry and fishing",323,4990,1565,18225
2021,TLL2,East Wales,A (1-3),"Agriculture, forestry and fishing",346,5140,1340,16345
2022,TLL2,East Wales,A (1-3),"Agriculture, forestry and fishing",437,4135,1245,14240
2015,TLL2,East Wales,B (5-9),Mining and quarrying,26,250,5,275
2016,TLL2,East Wales,B (5-9),Mining and quarrying,25,910,0,870
2017,TLL2,East Wales,B (5-9),Mining and quarrying,28,535,25,535
2018,TLL2,East Wales,B (5-9),Mining and quarrying,37,585,10,585
2019,TLL2,East Wales,B (5-9),Mining and quarrying,43,785,20,735
2020,TLL2,East Wales,B (5-9),Mining and quarrying,57,535,10,540
2021,TLL2,East Wales,B (5-9),Mining and quarrying,46,575,10,585
2022,TLL2,East Wales,B (5-9),Mining and quarrying,55,590,10,600
2015,TLL2,East Wales,C (10-33),Manufacturing,4711,59700,2950,63770
2016,TLL2,East Wales,C (10-33),Manufacturing,4900,59845,2495,62345
2017,TLL2,East Wales,C (10-33),Manufacturing,4945,56375,3555,60295
2018,TLL2,East Wales,C (10-33),Manufacturing,5297,59490,2550,62765
2019,TLL2,East Wales,C (10-33),Manufacturing,5310,57860,3680,62085
2020,TLL2,East Wales,C (10-33),Manufacturing,4965,56225,3700,59680
2021,TLL2,East Wales,C (10-33),Manufacturing,5146,54470,4270,59905
2022,TLL2,East Wales,C (10-33),Manufacturing,5647,56010,4190,61585
2015,TLL2,East Wales,D (35),"Electricity, gas, steam and air conditioning supply",702,5495,690,6245
2016,TLL2,East Wales,D (35),"Electricity, gas, steam and air conditioning supply",690,4395,495,4895
2017,TLL2,East Wales,D (35),"Electricity, gas, steam and air conditioning supply",844,4250,585,5100
2018,TLL2,East Wales,D (35),"Electricity, gas, steam and air conditioning supply",813,4500,690,5260
2019,TLL2,East Wales,D (35),"Electricity, gas, steam and air conditioning supply",1049,4630,690,5480
2020,TLL2,East Wales,D (35),"Electricity, gas, steam and air conditioning supply",1046,3800,800,4515
2021,TLL2,East Wales,D (35),"Electricity, gas, steam and air conditioning supply",414,3815,820,4870
2022,TLL2,East Wales,D (35),"Electricity, gas, steam and air conditioning supply",474,3515,750,4270
2015,TLL2,East Wales,E (36-39),Water supply; sewerage and waste management,474,4110,220,4510
2016,TLL2,East Wales,E (36-39),Water supply; sewerage and waste management,511,3700,265,3950
2017,TLL2,East Wales,E (36-39),Water supply; sewerage and waste management,543,3960,385,4510
2018,TLL2,East Wales,E (36-39),Water supply; sewerage and waste management,554,4325,500,4935
2019,TLL2,East Wales,E (36-39),Water supply; sewerage and waste management,518,4830,170,4855
2020,TLL2,East Wales,E (36-39),Water supply; sewerage and waste management,465,4230,215,4485
2021,TLL2,East Wales,E (36-39),Water supply; sewerage and waste management,578,4200,450,4810
2022,TLL2,East Wales,E (36-39),Water supply; sewerage and waste management,604,4455,305,4805
2015,TLL2,East Wales,F (41-43),Construction,1378,16750,1720,20530
2016,TLL2,East Wales,F (41-43),Construction,1501,22235,1990,26075
2017,TLL2,East Wales,F (41-43),Construction,1508,18685,1755,21855
2018,TLL2,East Wales,F (41-43),Construction,1635,23235,2410,26820
2019,TLL2,East Wales,F (41-43),Construction,1652,20310,3315,25415
2020,TLL2,East Wales,F (41-43),Construction,1654,23645,2200,27925
2021,TLL2,East Wales,F (41-43),Construction,1581,17575,1725,21855
2022,TLL2,East Wales,F (41-43),Construction,1795,19420,3245,24795
2015,TLL2,East Wales,G (45-47),Wholesale and retail trade; repair of motor vehicles,2317,42935,35840,80600
2016,TLL2,East Wales,G (45-47),Wholesale and retail trade; repair of motor vehicles,2333,42415,35270,79825
2017,TLL2,East Wales,G (45-47),Wholesale and retail trade; repair of motor vehicles,2335,34445,35595,74830
2018,TLL2,East Wales,G (45-47),Wholesale and retail trade; repair of motor vehicles,2447,37240,32780,74820
2019,TLL2,East Wales,G (45-47),Wholesale and retail trade; repair of motor vehicles,2630,44020,34700,82780
2020,TLL2,East Wales,G (45-47),Wholesale and retail trade; repair of motor vehicles,2419,35535,31070,69240
2021,TLL2,East Wales,G (45-47),Wholesale and retail trade; repair of motor vehicles,2918,34270,33995,75460
2022,TLL2,East Wales,G (45-47),Wholesale and retail trade; repair of motor vehicles,3151,34460,33645,71945
2015,TLL2,East Wales,H (49-53),Transportation and storage,811,15090,3705,19200
2016,TLL2,East Wales,H (49-53),Transportation and storage,826,13545,2025,15925
2017,TLL2,East Wales,H (49-53),Transportation and storage,795,15180,2695,19840
2018,TLL2,East Wales,H (49-53),Transportation and storage,863,17070,3425,21435
2019,TLL2,East Wales,H (49-53),Transportation and storage,907,15955,3435,19410
2020,TLL2,East Wales,H (49-53),Transportation and storage,776,17340,2735,21850
2021,TLL2,East Wales,H (49-53),Transportation and storage,717,15440,2485,18920
2022,TLL2,East Wales,H (49-53),Transportation and storage,884,18925,3835,24000
2015,TLL2,East Wales,I (55-56),Accommodation and food service activities,697,14160,21760,38200
2016,TLL2,East Wales,I (55-56),Accommodation and food service activities,799,17345,25225,46150
2017,TLL2,East Wales,I (55-56),Accommodation and food service activities,849,14350,22960,38950
2018,TLL2,East Wales,I (55-56),Accommodation and food service activities,818,15620,24385,41850
2019,TLL2,East Wales,I (55-56),Accommodation and food service activities,957,16520,26835,44775
2020,TLL2,East Wales,I (55-56),Accommodation and food service activities,511,15590,25270,42475
2021,TLL2,East Wales,I (55-56),Accommodation and food service activities,723,13550,27150,43415
2022,TLL2,East Wales,I (55-56),Accommodation and food service activities,1002,17335,26400,45225
2015,TLL2,East Wales,J (58-63),Information and communication,981,7900,2370,10425
2016,TLL2,East Wales,J (58-63),Information and communication,1058,12035,3310,16705
2017,TLL2,East Wales,J (58-63),Information and communication,946,22765,3930,25630
2018,TLL2,East Wales,J (58-63),Information and communication,1050,11480,2560,14600
2019,TLL2,East Wales,J (58-63),Information and communication,1094,12230,1825,14125
2020,TLL2,East Wales,J (58-63),Information and communication,1069,12260,2295,14380
2021,TLL2,East Wales,J (58-63),Information and communication,1112,20030,1925,21660
2022,TLL2,East Wales,J (58-63),Information and communication,1240,15360,2350,17150
2015,TLL2,East Wales,K (64-66),Financial and insurance activities,1941,13885,3330,19290
2016,TLL2,East Wales,K (64-66),Financial and insurance activities,2229,14155,3690,17665
2017,TLL2,East Wales,K (64-66),Financial and insurance activities,2362,14355,3875,17990
2018,TLL2,East Wales,K (64-66),Financial and insurance activities,2392,16210,3415,20075
2019,TLL2,East Wales,K (64-66),Financial and insurance activities,2351,17205,2945,19915
2020,TLL2,East Wales,K (64-66),Financial and insurance activities,2477,14885,2995,18000
2021,TLL2,East Wales,K (64-66),Financial and insurance activities,2902,17435,3790,20885
2022,TLL2,East Wales,K (64-66),Financial and insurance activities,3016,20550,3725,24365
2015,TLL2,East Wales,M (69-75),"Professional, scientific and technical activities",1177,26805,6295,35925
2016,TLL2,East Wales,M (69-75),"Professional, scientific and technical activities",1204,23170,6595,30780
2017,TLL2,East Wales,M (69-75),"Professional, scientific and technical activities",1241,29070,6925,37825
2018,TLL2,East Wales,M (69-75),"Professional, scientific and technical activities",1248,29345,10495,42100
2019,TLL2,East Wales,M (69-75),"Professional, scientific and technical activities",1348,27945,8940,39025
2020,TLL2,East Wales,M (69-75),"Professional, scientific and technical activities",1417,31510,8330,41815
2021,TLL2,East Wales,M (69-75),"Professional, scientific and technical activities",1621,31465,8425,40960
2022,TLL2,East Wales,M (69-75),"Professional, scientific and technical activities",1858,29370,9120,38735
2015,TLL2,East Wales,N (77-82),Administrative and support service activities,1012,28500,13820,43705
2016,TLL2,East Wales,N (77-82),Administrative and support service activities,1082,29890,13895,45295
2017,TLL2,East Wales,N (77-82),Administrative and support service activities,1241,32670,14905,49095
2018,TLL2,East Wales,N (77-82),Administrative and support service activities,1349,32415,15780,48000
2019,TLL2,East Wales,N (77-82),Administrative and support service activities,1247,28105,14605,43480
2020,TLL2,East Wales,N (77-82),Administrative and support service activities,1098,31925,15365,49565
2021,TLL2,East Wales,N (77-82),Administrative and support service activities,1179,31425,17020,49675
2022,TLL2,East Wales,N (77-82),Administrative and support service activities,1240,27455,15735,44615
2015,TLL2,East Wales,O (84),Public administration and defence,1722,24900,10125,35000
2016,TLL2,East Wales,O (84),Public administration and defence,1856,25300,10425,36000
2017,TLL2,East Wales,O (84),Public administration and defence,1882,25300,9725,34900
2018,TLL2,East Wales,O (84),Public administration and defence,1932,25750,10800,36000
2019,TLL2,East Wales,O (84),Public administration and defence,2114,29650,9450,39500
2020,TLL2,East Wales,O (84),Public administration and defence,2417,33100,9800,42400
2021,TLL2,East Wales,O (84),Public administration and defence,2397,32150,8675,40650
2022,TLL2,East Wales,O (84),Public administration and defence,2722,33300,8475,41750
2015,TLL2,East Wales,P (85),Education,1824,25195,22460,47400
2016,TLL2,East Wales,P (85),Education,1824,26720,19840,47925
2017,TLL2,East Wales,P (85),Education,1830,28950,19470,48800
2018,TLL2,East Wales,P (85),Education,1875,25835,17340,44975
2019,TLL2,East Wales,P (85),Education,1998,26105,21015,46200
2020,TLL2,East Wales,P (85),Education,2027,26490,18975,45675
2021,TLL2,East Wales,P (85),Education,2011,25510,20280,45795
2022,TLL2,East Wales,P (85),Education,2113,26930,19540,46000
2015,TLL2,East Wales,Q (86-88),Human health and social work activities,2585,43150,32650,77850
2016,TLL2,East Wales,Q (86-88),Human health and social work activities,2746,44650,34050,77950
2017,TLL2,East Wales,Q (86-88),Human health and social work activities,2880,46100,32925,79250
2018,TLL2,East Wales,Q (86-88),Human health and social work activities,2912,45150,36900,84350
2019,TLL2,East Wales,Q (86-88),Human health and social work activities,3206,44500,34700,80200
2020,TLL2,East Wales,Q (86-88),Human health and social work activities,3142,45050,31025,77250
2021,TLL2,East Wales,Q (86-88),Human health and social work activities,3312,43550,31550,76525
2022,TLL2,East Wales,Q (86-88),Human health and social work activities,3302,43450,30025,75600
2015,TLL2,East Wales,R (90-93),"Arts, entertainment and recreation",335,5960,7750,14280
2016,TLL2,East Wales,R (90-93),"Arts, entertainment and recreation",295,5215,7100,12400
2017,TLL2,East Wales,R (90-93),"Arts, entertainment and recreation",317,4790,8685,13805
2018,TLL2,East Wales,R (90-93),"Arts, entertainment and recreation",312,4900,7235,12530
2019,TLL2,East Wales,R (90-93),"Arts, entertainment and recreation",329,5285,6260,12155
2020,TLL2,East Wales,R (90-93),"Arts, entertainment and recreation",242,5835,6530,12430
2021,TLL2,East Wales,R (90-93),"Arts, entertainment and recreation",316,5925,7170,12785
2022,TLL2,East Wales,R (90-93),"Arts, entertainment and recreation",423,6505,8255,14895
2015,TLL2,East Wales,S (94-96),Other service activities,391,5025,4405,10685
2016,TLL2,East Wales,S (94-96),Other service activities,429,5560,3345,9850
2017,TLL2,East Wales,S (94-96),Other service activities,450,6810,4525,12425
2018,TLL2,East Wales,S (94-96),Other service activities,473,6380,4810,12385
2019,TLL2,East Wales,S (94-96),Other service activities,456,5595,4240,9980
2020,TLL2,East Wales,S (94-96),Other service activities,442,6320,4025,10930
2021,TLL2,East Wales,S (94-96),Other service activities,469,5305,5125,11505
2022,TLL2,East Wales,S (94-96),Other service activities,558,6410,5375,12940
2015,TLL2,East Wales,T (97-98),Activities of households,23,0,0,0
2016,TLL2,East Wales,T (97-98),Activities of households,28,0,0,0
2017,TLL2,East Wales,T (97-98),Activities of households,24,0,0,0
2018,TLL2,East Wales,T (97-98),Activities of households,31,0,0,0
2019,TLL2,East Wales,T (97-98),Activities of households,32,0,0,0
2020,TLL2,East Wales,T (97-98),Activities of households,26,0,0,0
2021,TLL2,East Wales,T (97-98),Activities of households,29,0,0,0
2022,TLL2,East Wales,T (97-98),Activities of households,24,0,0,0
2015,TLM5,North Eastern Scotland,A (1-3),"Agriculture, forestry and fishing",391,1200,180,1970
2016,TLM5,North Eastern Scotland,A (1-3),"Agriculture, forestry and fishing",407,1545,335,2620
2017,TLM5,North Eastern Scotland,A (1-3),"Agriculture, forestry and fishing",448,1415,425,2520
2018,TLM5,North Eastern Scotland,A (1-3),"Agriculture, forestry and fishing",410,3225,2595,12110
2019,TLM5,North Eastern Scotland,A (1-3),"Agriculture, forestry and fishing",438,3255,2410,12185
2020,TLM5,North Eastern Scotland,A (1-3),"Agriculture, forestry and fishing",446,3240,2110,11250
2021,TLM5,North Eastern Scotland,A (1-3),"Agriculture, forestry and fishing",504,4325,2005,13320
2022,TLM5,North Eastern Scotland,A (1-3),"Agriculture, forestry and fishing",592,4260,2430,13430
2015,TLM5,North Eastern Scotland,B (5-9),Mining and quarrying,1893,30950,785,31000
2016,TLM5,North Eastern Scotland,B (5-9),Mining and quarrying,1227,25405,1670,26405
2017,TLM5,North Eastern Scotland,B (5-9),Mining and quarrying,1208,25410,1115,26415
2018,TLM5,North Eastern Scotland,B (5-9),Mining and quarrying,1275,24505,1165,25510
2019,TLM5,North Eastern Scotland,B (5-9),Mining and quarrying,1295,24365,1315,24415
2020,TLM5,North Eastern Scotland,B (5-9),Mining and quarrying,1008,23420,1270,25480
2021,TLM5,North Eastern Scotland,B (5-9),Mining and quarrying,1166,21390,605,21390
2022,TLM5,North Eastern Scotland,B (5-9),Mining and quarrying,1411,22310,555,22310
2015,TLM5,North Eastern Scotland,C (10-33),Manufacturing,2165,23915,1560,26650
2016,TLM5,North Eastern Scotland,C (10-33),Manufacturing,2040,21595,1670,23860
2017,TLM5,North Eastern Scotland,C (10-33),Manufacturing,2072,21965,2030,24590
2018,TLM5,North Eastern Scotland,C (10-33),Manufacturing,2022,20260,1855,22380
2019,TLM5,North Eastern Scotland,C (10-33),Manufacturing,2039,19260,1655,20585
2020,TLM5,North Eastern Scotland,C (10-33),Manufacturing,1908,20325,2365,23380
2021,TLM5,North Eastern Scotland,C (10-33),Manufacturing,1901,19895,2655,22445
2022,TLM5,North Eastern Scotland,C (10-33),Manufacturing,2002,18555,2330,21230
2015,TLM5,North Eastern Scotland,D (35),"Electricity, gas, steam and air conditioning supply",508,600,85,775
2016,TLM5,North Eastern Scotland,D (35),"Electricity, gas, steam and air conditioning supply",425,750,260,1010
2017,TLM5,North Eastern Scotland,D (35),"Electricity, gas, steam and air conditioning supply",473,700,60,860
2018,TLM5,North Eastern Scotland,D (35),"Electricity, gas, steam and air conditioning supply",382,1010,70,1060
2019,TLM5,North Eastern Scotland,D (35),"Electricity, gas, steam and air conditioning supply",432,895,120,1045
2020,TLM5,North Eastern Scotland,D (35),"Electricity, gas, steam and air conditioning supply",369,885,235,1095
2021,TLM5,North Eastern Scotland,D (35),"Electricity, gas, steam and air conditioning supply",333,895,20,895
2022,TLM5,North Eastern Scotland,D (35),"Electricity, gas, steam and air conditioning supply",333,930,110,975
2015,TLM5,North Eastern Scotland,E (36-39),Water supply; sewerage and waste management,108,965,40,1020
2016,TLM5,North Eastern Scotland,E (36-39),Water supply; sewerage and waste management,112,815,100,890
2017,TLM5,North Eastern Scotland,E (36-39),Water supply; sewerage and waste management,128,995,65,1145
2018,TLM5,North Eastern Scotland,E (36-39),Water supply; sewerage and waste management,138,1080,115,1255
2019,TLM5,North Eastern Scotland,E (36-39),Water supply; sewerage and waste management,137,955,60,1055
2020,TLM5,North Eastern Scotland,E (36-39),Water supply; sewerage and waste management,134,970,65,1095
2021,TLM5,North Eastern Scotland,E (36-39),Water supply; sewerage and waste management,145,1135,140,1290
2022,TLM5,North Eastern Scotland,E (36-39),Water supply; sewerage and waste management,143,1110,125,1140
2015,TLM5,North Eastern Scotland,F (41-43),Construction,928,12425,785,14090
2016,TLM5,North Eastern Scotland,F (41-43),Construction,930,13290,1390,15765
2017,TLM5,North Eastern Scotland,F (41-43),Construction,1013,12625,1500,14930
2018,TLM5,North Eastern Scotland,F (41-43),Construction,971,12790,1390,14330
2019,TLM5,North Eastern Scotland,F (41-43),Construction,972,12125,1300,14095
2020,TLM5,North Eastern Scotland,F (41-43),Construction,798,10615,1310,13015
2021,TLM5,North Eastern Scotland,F (41-43),Construction,690,14060,1400,15950
2022,TLM5,North Eastern Scotland,F (41-43),Construction,770,11880,1525,13895
2015,TLM5,North Eastern Scotland,G (45-47),Wholesale and retail trade; repair of motor vehicles,1907,20315,16295,37045
2016,TLM5,North Eastern Scotland,G (45-47),Wholesale and retail trade; repair of motor vehicles,1671,19365,16455,36085
2017,TLM5,North Eastern Scotland,G (45-47),Wholesale and retail trade; repair of motor vehicles,1552,18745,14775,34945
2018,TLM5,North Eastern Scotland,G (45-47),Wholesale and retail trade; repair of motor vehicles,1596,18585,14650,34260
2019,TLM5,North Eastern Scotland,G (45-47),Wholesale and retail trade; repair of motor vehicles,1481,17755,14460,32755
2020,TLM5,North Eastern Scotland,G (45-47),Wholesale and retail trade; repair of motor vehicles,1471,17260,14420,31980
2021,TLM5,North Eastern Scotland,G (45-47),Wholesale and retail trade; repair of motor vehicles,1683,17950,15690,34125
2022,TLM5,North Eastern Scotland,G (45-47),Wholesale and retail trade; repair of motor vehicles,1837,16085,13295,30040
2015,TLM5,North Eastern Scotland,H (49-53),Transportation and storage,816,10510,1890,13235
2016,TLM5,North Eastern Scotland,H (49-53),Transportation and storage,799,11310,1795,13130
2017,TLM5,North Eastern Scotland,H (49-53),Transportation and storage,798,10820,1705,12660
2018,TLM5,North Eastern Scotland,H (49-53),Transportation and storage,819,9825,2005,12030
2019,TLM5,North Eastern Scotland,H (49-53),Transportation and storage,795,8945,1645,10815
2020,TLM5,North Eastern Scotland,H (49-53),Transportation and storage,683,8805,1760,10675
2021,TLM5,North Eastern Scotland,H (49-53),Transportation and storage,684,9215,2055,11175
2022,TLM5,North Eastern Scotland,H (49-53),Transportation and storage,819,9375,1525,11405
2015,TLM5,North Eastern Scotland,I (55-56),Accommodation and food service activities,493,9180,11970,21935
2016,TLM5,North Eastern Scotland,I (55-56),Accommodation and food service activities,505,9810,9275,19535
2017,TLM5,North Eastern Scotland,I (55-56),Accommodation and food service activities,529,9070,10800,20555
2018,TLM5,North Eastern Scotland,I (55-56),Accommodation and food service activities,532,9335,11905,21755
2019,TLM5,North Eastern Scotland,I (55-56),Accommodation and food service activities,526,8760,11800,22135
2020,TLM5,North Eastern Scotland,I (55-56),Accommodation and food service activities,366,8165,9390,17625
2021,TLM5,North Eastern Scotland,I (55-56),Accommodation and food service activities,393,8565,10620,19240
2022,TLM5,North Eastern Scotland,I (55-56),Accommodation and food service activities,574,8250,11585,20810
2015,TLM5,North Eastern Scotland,J (58-63),Information and communication,377,3700,670,4615
2016,TLM5,North Eastern Scotland,J (58-63),Information and communication,405,3690,790,4780
2017,TLM5,North Eastern Scotland,J (58-63),Information and communication,365,3225,525,3605
2018,TLM5,North Eastern Scotland,J (58-63),Information and communication,376,3785,700,4545
2019,TLM5,North Eastern Scotland,J (58-63),Information and communication,394,3910,780,4750
2020,TLM5,North Eastern Scotland,J (58-63),Information and communication,306,4260,655,5110
2021,TLM5,North Eastern Scotland,J (58-63),Information and communication,273,3600,755,4390
2022,TLM5,North Eastern Scotland,J (58-63),Information and communication,368,4130,750,4900
2015,TLM5,North Eastern Scotland,K (64-66),Financial and insurance activities,253,1830,430,2235
2016,TLM5,North Eastern Scotland,K (64-66),Financial and insurance activities,291,1675,410,2085
2017,TLM5,North Eastern Scotland,K (64-66),Financial and insurance activities,283,1700,445,2255
2018,TLM5,North Eastern Scotland,K (64-66),Financial and insurance activities,262,1670,420,2100
2019,TLM5,North Eastern Scotland,K (64-66),Financial and insurance activities,251,1505,440,2040
2020,TLM5,North Eastern Scotland,K (64-66),Financial and insurance activities,274,1555,385,2050
2021,TLM5,North Eastern Scotland,K (64-66),Financial and insurance activities,230,1210,385,1645
2022,TLM5,North Eastern Scotland,K (64-66),Financial and insurance activities,306,1345,460,1815
2015,TLM5,North Eastern Scotland,M (69-75),"Professional, scientific and technical activities",2168,32905,7255,40655
2016,TLM5,North Eastern Scotland,M (69-75),"Professional, scientific and technical activities",1861,28085,6695,35790
2017,TLM5,North Eastern Scotland,M (69-75),"Professional, scientific and technical activities",1849,27345,7975,36675
2018,TLM5,North Eastern Scotland,M (69-75),"Professional, scientific and technical activities",1934,26760,7985,35590
2019,TLM5,North Eastern Scotland,M (69-75),"Professional, scientific and technical activities",1945,29000,8045,36810
2020,TLM5,North Eastern Scotland,M (69-75),"Professional, scientific and technical activities",1759,25990,6625,33015
2021,TLM5,North Eastern Scotland,M (69-75),"Professional, scientific and technical activities",2149,24985,5335,30580
2022,TLM5,North Eastern Scotland,M (69-75),"Professional, scientific and technical activities",2426,26780,4670,32085
2015,TLM5,North Eastern Scotland,N (77-82),Administrative and support service activities,989,12915,5925,18865
2016,TLM5,North Eastern Scotland,N (77-82),Administrative and support service activities,881,12410,4950,17950
2017,TLM5,North Eastern Scotland,N (77-82),Administrative and support service activities,811,11920,5670,18320
2018,TLM5,North Eastern Scotland,N (77-82),Administrative and support service activities,898,13340,5860,19165
2019,TLM5,North Eastern Scotland,N (77-82),Administrative and support service activities,967,15090,5680,19890
2020,TLM5,North Eastern Scotland,N (77-82),Administrative and support service activities,766,11565,5455,17795
2021,TLM5,North Eastern Scotland,N (77-82),Administrative and support service activities,795,11720,4605,16630
2022,TLM5,North Eastern Scotland,N (77-82),Administrative and support service activities,967,12865,5150,18900
2015,TLM5,North Eastern Scotland,O (84),Public administration and defence,831,7750,4350,11850
2016,TLM5,North Eastern Scotland,O (84),Public administration and defence,836,7750,3920,12200
2017,TLM5,North Eastern Scotland,O (84),Public administration and defence,817,7950,3630,11350
2018,TLM5,North Eastern Scotland,O (84),Public administration and defence,854,8100,4130,12500
2019,TLM5,North Eastern Scotland,O (84),Public administration and defence,843,7300,3610,11500
2020,TLM5,North Eastern Scotland,O (84),Public administration and defence,762,7850,2865,10625
2021,TLM5,North Eastern Scotland,O (84),Public administration and defence,801,7875,2680,10560
2022,TLM5,North Eastern Scotland,O (84),Public administration and defence,897,8010,2870,10785
2015,TLM5,North Eastern Scotland,P (85),Education,787,9690,7390,17195
2016,TLM5,North Eastern Scotland,P (85),Education,731,9650,7260,16345
2017,TLM5,North Eastern Scotland,P (85),Education,746,9710,8120,18350
2018,TLM5,North Eastern Scotland,P (85),Education,754,9510,8500,17730
2019,TLM5,North Eastern Scotland,P (85),Education,814,9730,8190,18125
2020,TLM5,North Eastern Scotland,P (85),Education,851,9705,8020,17270
2021,TLM5,North Eastern Scotland,P (85),Education,851,10445,8540,18575
2022,TLM5,North Eastern Scotland,P (85),Education,958,10730,8580,18710
2015,TLM5,North Eastern Scotland,Q (86-88),Human health and social work activities,1036,16155,18500,34575
2016,TLM5,North Eastern Scotland,Q (86-88),Human health and social work activities,1145,16450,20595,38200
2017,TLM5,North Eastern Scotland,Q (86-88),Human health and social work activities,1160,16355,20810,37700
2018,TLM5,North Eastern Scotland,Q (86-88),Human health and social work activities,1229,16790,19725,36750
2019,TLM5,North Eastern Scotland,Q (86-88),Human health and social work activities,1352,16475,21345,38275
2020,TLM5,North Eastern Scotland,Q (86-88),Human health and social work activities,1451,16150,21175,38100
2021,TLM5,North Eastern Scotland,Q (86-88),Human health and social work activities,1473,16445,20040,36925
2022,TLM5,North Eastern Scotland,Q (86-88),Human health and social work activities,1420,15470,20650,36275
2015,TLM5,North Eastern Scotland,R (90-93),"Arts, entertainment and recreation",177,2675,2985,5845
2016,TLM5,North Eastern Scotland,R (90-93),"Arts, entertainment and recreation",159,3020,3600,6930
2017,TLM5,North Eastern Scotland,R (90-93),"Arts, entertainment and recreation",157,2205,3725,5860
2018,TLM5,North Eastern Scotland,R (90-93),"Arts, entertainment and recreation",150,2530,3455,6095
2019,TLM5,North Eastern Scotland,R (90-93),"Arts, entertainment and recreation",166,2300,3535,5810
2020,TLM5,North Eastern Scotland,R (90-93),"Arts, entertainment and recreation",103,2145,2610,4815
2021,TLM5,North Eastern Scotland,R (90-93),"Arts, entertainment and recreation",130,2165,2930,5245
2022,TLM5,North Eastern Scotland,R (90-93),"Arts, entertainment and recreation",166,2770,3280,6385
2015,TLM5,North Eastern Scotland,S (94-96),Other service activities,214,2105,1755,4135
2016,TLM5,North Eastern Scotland,S (94-96),Other service activities,224,2690,2115,4930
2017,TLM5,North Eastern Scotland,S (94-96),Other service activities,249,1835,2190,4295
2018,TLM5,North Eastern Scotland,S (94-96),Other service activities,274,2180,1885,4230
2019,TLM5,North Eastern Scotland,S (94-96),Other service activities,228,1585,1510,3555
2020,TLM5,North Eastern Scotland,S (94-96),Other service activities,206,1620,1580,3600
2021,TLM5,North Eastern Scotland,S (94-96),Other service activities,174,2215,1495,3970
2022,TLM5,North Eastern Scotland,S (94-96),Other service activities,175,2000,1325,3470
2015,TLM5,North Eastern Scotland,T (97-98),Activities of households,16,0,0,0
2016,TLM5,North Eastern Scotland,T (97-98),Activities of households,22,0,0,0
2017,TLM5,North Eastern Scotland,T (97-98),Activities of households,23,0,0,0
2018,TLM5,North Eastern Scotland,T (97-98),Activities of households,32,0,0,0
2019,TLM5,North Eastern Scotland,T (97-98),Activities of households,31,0,0,0
2020,TLM5,North Eastern Scotland,T (97-98),Activities of households,29,0,0,0
2021,TLM5,North Eastern Scotland,T (97-98),Activities of households,24,0,0,0
2022,TLM5,North Eastern Scotland,T (97-98),Activities of households,21,0,0,0
2015,TLM6,Highlands and Islands,A (1-3),"Agriculture, forestry and fishing",375,2995,400,4165
2016,TLM6,Highlands and Islands,A (1-3),"Agriculture, forestry and fishing",334,3355,525,5010
2017,TLM6,Highlands and Islands,A (1-3),"Agriculture, forestry and fishing",439,3655,600,5025
2018,TLM6,Highlands and Islands,A (1-3),"Agriculture, forestry and fishing",443,5890,4380,28800
2019,TLM6,Highlands and Islands,A (1-3),"Agriculture, forestry and fishing",627,6165,5070,29535
2020,TLM6,Highlands and Islands,A (1-3),"Agriculture, forestry and fishing",583,6315,4675,28335
2021,TLM6,Highlands and Islands,A (1-3),"Agriculture, forestry and fishing",593,8105,4525,31885
2022,TLM6,Highlands and Islands,A (1-3),"Agriculture, forestry and fishing",642,7405,4695,31535
2015,TLM6,Highlands and Islands,B (5-9),Mining and quarrying,71,830,35,905
2016,TLM6,Highlands and Islands,B (5-9),Mining and quarrying,69,795,25,810
2017,TLM6,Highlands and Islands,B (5-9),Mining and quarrying,63,940,40,940
2018,TLM6,Highlands and Islands,B (5-9),Mining and quarrying,71,1045,45,1060
2019,TLM6,Highlands and Islands,B (5-9),Mining and quarrying,61,905,50,940
2020,TLM6,Highlands and Islands,B (5-9),Mining and quarrying,42,980,40,1035
2021,TLM6,Highlands and Islands,B (5-9),Mining and quarrying,52,800,125,875
2022,TLM6,Highlands and Islands,B (5-9),Mining and quarrying,66,805,35,855
2015,TLM6,Highlands and Islands,C (10-33),Manufacturing,1585,14175,2285,16595
2016,TLM6,Highlands and Islands,C (10-33),Manufacturing,1503,13835,2165,16480
2017,TLM6,Highlands and Islands,C (10-33),Manufacturing,1627,14240,2380,17005
2018,TLM6,Highlands and Islands,C (10-33),Manufacturing,1669,13540,2360,16545
2019,TLM6,Highlands and Islands,C (10-33),Manufacturing,1625,13095,1965,15205
2020,TLM6,Highlands and Islands,C (10-33),Manufacturing,1407,13800,1750,16210
2021,TLM6,Highlands and Islands,C (10-33),Manufacturing,1528,13520,2170,15755
2022,TLM6,Highlands and Islands,C (10-33),Manufacturing,1627,13510,2165,16310
2015,TLM6,Highlands and Islands,D (35),"Electricity, gas, steam and air conditioning supply",356,955,70,1015
2016,TLM6,Highlands and Islands,D (35),"Electricity, gas, steam and air conditioning supply",368,1265,235,1425
2017,TLM6,Highlands and Islands,D (35),"Electricity, gas, steam and air conditioning supply",443,1265,135,1375
2018,TLM6,Highlands and Islands,D (35),"Electricity, gas, steam and air conditioning supply",375,1430,130,1730
2019,TLM6,Highlands and Islands,D (35),"Electricity, gas, steam and air conditioning supply",405,1310,180,1665
2020,TLM6,Highlands and Islands,D (35),"Electricity, gas, steam and air conditioning supply",349,1625,355,2125
2021,TLM6,Highlands and Islands,D (35),"Electricity, gas, steam and air conditioning supply",395,1820,65,2020
2022,TLM6,Highlands and Islands,D (35),"Electricity, gas, steam and air conditioning supply",405,1620,250,1775
2015,TLM6,Highlands and Islands,E (36-39),Water supply; sewerage and waste management,193,2010,225,2095
2016,TLM6,Highlands and Islands,E (36-39),Water supply; sewerage and waste management,221,2430,215,2610
2017,TLM6,Highlands and Islands,E (36-39),Water supply; sewerage and waste management,246,2085,240,2770
2018,TLM6,Highlands and Islands,E (36-39),Water supply; sewerage and waste management,283,2130,270,2305
2019,TLM6,Highlands and Islands,E (36-39),Water supply; sewerage and waste management,318,2075,215,2780
2020,TLM6,Highlands and Islands,E (36-39),Water supply; sewerage and waste management,320,2595,170,2830
2021,TLM6,Highlands and Islands,E (36-39),Water supply; sewerage and waste management,355,2720,290,2805
2022,TLM6,Highlands and Islands,E (36-39),Water supply; sewerage and waste management,372,2790,270,2860
2015,TLM6,Highlands and Islands,F (41-43),Construction,828,13700,995,16340
2016,TLM6,Highlands and Islands,F (41-43),Construction,820,13200,1415,15345
2017,TLM6,Highlands and Islands,F (41-43),Construction,843,12975,1455,16385
2018,TLM6,Highlands and Islands,F (41-43),Construction,868,12790,1535,15675
2019,TLM6,Highlands and Islands,F (41-43),Construction,889,12000,2005,15425
2020,TLM6,Highlands and Islands,F (41-43),Construction,676,11700,1405,14150
2021,TLM6,Highlands and Islands,F (41-43),Construction,881,14545,1450,17245
2022,TLM6,Highlands and Islands,F (41-43),Construction,1024,13510,1785,16595
2015,TLM6,Highlands and Islands,G (45-47),Wholesale and retail trade; repair of motor vehicles,895,16195,13955,32355
2016,TLM6,Highlands and Islands,G (45-47),Wholesale and retail trade; repair of motor vehicles,820,16220,13945,32325
2017,TLM6,Highlands and Islands,G (45-47),Wholesale and retail trade; repair of motor vehicles,979,15610,13430,31470
2018,TLM6,Highlands and Islands,G (45-47),Wholesale and retail trade; repair of motor vehicles,990,15240,13660,31905
2019,TLM6,Highlands and Islands,G (45-47),Wholesale and retail trade; repair of motor vehicles,986,14650,14110,31105
2020,TLM6,Highlands and Islands,G (45-47),Wholesale and retail trade; repair of motor vehicles,1224,14850,14265,31115
2021,TLM6,Highlands and Islands,G (45-47),Wholesale and retail trade; repair of motor vehicles,1013,15080,15795,32740
2022,TLM6,Highlands and Islands,G (45-47),Wholesale and retail trade; repair of motor vehicles,1126,15580,13655,31345
2015,TLM6,Highlands and Islands,H (49-53),Transportation and storage,493,8475,2305,11435
2016,TLM6,Highlands and Islands,H (49-53),Transportation and storage,511,8770,2315,11485
2017,TLM6,Highlands and Islands,H (49-53),Transportation and storage,546,9095,2130,11835
2018,TLM6,Highlands and Islands,H (49-53),Transportation and storage,514,8895,2220,11265
2019,TLM6,Highlands and Islands,H (49-53),Transportation and storage,546,8675,2075,11510
2020,TLM6,Highlands and Islands,H (49-53),Transportation and storage,439,8770,2050,11075
2021,TLM6,Highlands and Islands,H (49-53),Transportation and storage,468,7970,2290,10840
2022,TLM6,Highlands and Islands,H (49-53),Transportation and storage,592,8065,1695,10395
2015,TLM6,Highlands and Islands,I (55-56),Accommodation and food service activities,537,11475,13320,25525
2016,TLM6,Highlands and Islands,I (55-56),Accommodation and food service activities,583,11200,9865,23450
2017,TLM6,Highlands and Islands,I (55-56),Accommodation and food service activities,623,9590,11790,23850
2018,TLM6,Highlands and Islands,I (55-56),Accommodation and food service activities,632,11420,11260,24450
2019,TLM6,Highlands and Islands,I (55-56),Accommodation and food service activities,668,12775,13800,29225
2020,TLM6,Highlands and Islands,I (55-56),Accommodation and food service activities,400,9665,9745,21000
2021,TLM6,Highlands and Islands,I (55-56),Accommodation and food service activities,539,9540,10960,22200
2022,TLM6,Highlands and Islands,I (55-56),Accommodation and food service activities,753,12175,12925,26700
2015,TLM6,Highlands and Islands,J (58-63),Information and communication,192,2390,795,3215
2016,TLM6,Highlands and Islands,J (58-63),Information and communication,213,2785,935,3820
2017,TLM6,Highlands and Islands,J (58-63),Information and communication,214,2345,790,3260
2018,TLM6,Highlands and Islands,J (58-63),Information and communication,223,2730,775,3665
2019,TLM6,Highlands and Islands,J (58-63),Information and communication,227,3100,735,4015
2020,TLM6,Highlands and Islands,J (58-63),Information and communication,184,3185,670,4035
2021,TLM6,Highlands and Islands,J (58-63),Information and communication,211,2750,660,3510
2022,TLM6,Highlands and Islands,J (58-63),Information and communication,252,3135,835,4105
2015,TLM6,Highlands and Islands,K (64-66),Financial and insurance activities,134,1100,490,1720
2016,TLM6,Highlands and Islands,K (64-66),Financial and insurance activities,155,1095,540,1640
2017,TLM6,Highlands and Islands,K (64-66),Financial and insurance activities,170,1175,470,1750
2018,TLM6,Highlands and Islands,K (64-66),Financial and insurance activities,172,1250,430,1835
2019,TLM6,Highlands and Islands,K (64-66),Financial and insurance activities,173,1235,435,1795
2020,TLM6,Highlands and Islands,K (64-66),Financial and insurance activities,150,1020,350,1345
2021,TLM6,Highlands and Islands,K (64-66),Financial and insurance activities,150,900,395,1340
2022,TLM6,Highlands and Islands,K (64-66),Financial and insurance activities,156,1120,375,1580
2015,TLM6,Highlands and Islands,M (69-75),"Professional, scientific and technical activities",404,7720,2065,10520
2016,TLM6,Highlands and Islands,M (69-75),"Professional, scientific and technical activities",414,7995,2185,11115
2017,TLM6,Highlands and Islands,M (69-75),"Professional, scientific and technical activities",411,7100,2415,10280
2018,TLM6,Highlands and Islands,M (69-75),"Professional, scientific and technical activities",420,7405,2310,10375
2019,TLM6,Highlands and Islands,M (69-75),"Professional, scientific and technical activities",430,7580,2325,10505
2020,TLM6,Highlands and Islands,M (69-75),"Professional, scientific and technical activities",371,6895,2495,10010
2021,TLM6,Highlands and Islands,M (69-75),"Professional, scientific and technical activities",369,6850,1980,9070
2022,TLM6,Highlands and Islands,M (69-75),"Professional, scientific and technical activities",401,7950,2020,10630
2015,TLM6,Highlands and Islands,N (77-82),Administrative and support service activities,221,5635,2815,9150
2016,TLM6,Highlands and Islands,N (77-82),Administrative and support service activities,231,5595,2695,8920
2017,TLM6,Highlands and Islands,N (77-82),Administrative and support service activities,261,5585,3180,9850
2018,TLM6,Highlands and Islands,N (77-82),Administrative and support service activities,282,6525,3525,10655
2019,TLM6,Highlands and Islands,N (77-82),Administrative and support service activities,288,6765,2770,9705
2020,TLM6,Highlands and Islands,N (77-82),Administrative and support service activities,241,5275,3605,9460
2021,TLM6,Highlands and Islands,N (77-82),Administrative and support service activities,252,6695,2960,10430
2022,TLM6,Highlands and Islands,N (77-82),Administrative and support service activities,305,6970,3205,10250
2015,TLM6,Highlands and Islands,O (84),Public administration and defence,1030,7925,4625,12725
2016,TLM6,Highlands and Islands,O (84),Public administration and defence,1095,8350,4815,13250
2017,TLM6,Highlands and Islands,O (84),Public administration and defence,1123,7900,6240,14450
2018,TLM6,Highlands and Islands,O (84),Public administration and defence,1154,8150,6665,14700
2019,TLM6,Highlands and Islands,O (84),Public administration and defence,1188,7875,5840,13950
2020,TLM6,Highlands and Islands,O (84),Public administration and defence,1240,8325,4690,13200
2021,TLM6,Highlands and Islands,O (84),Public administration and defence,1338,8800,5265,13950
2022,TLM6,Highlands and Islands,O (84),Public administration and defence,1372,9700,4690,13450
2015,TLM6,Highlands and Islands,P (85),Education,464,7390,8555,15655
2016,TLM6,Highlands and Islands,P (85),Education,446,6985,9310,15770
2017,TLM6,Highlands and Islands,P (85),Education,457,6985,8985,15500
2018,TLM6,Highlands and Islands,P (85),Education,462,6585,8830,15930
2019,TLM6,Highlands and Islands,P (85),Education,484,7700,9560,17155
2020,TLM6,Highlands and Islands,P (85),Education,537,7040,10025,17535
2021,TLM6,Highlands and Islands,P (85),Education,578,8175,9030,18450
2022,TLM6,Highlands and Islands,P (85),Education,596,8145,10425,17675
2015,TLM6,Highlands and Islands,Q (86-88),Human health and social work activities,1152,17290,20215,38790
2016,TLM6,Highlands and Islands,Q (86-88),Human health and social work activities,1191,16365,21775,38195
2017,TLM6,Highlands and Islands,Q (86-88),Human health and social work activities,1295,16545,19060,35880
2018,TLM6,Highlands and Islands,Q (86-88),Human health and social work activities,1314,17290,19420,36240
2019,TLM6,Highlands and Islands,Q (86-88),Human health and social work activities,1330,15245,20040,35395
2020,TLM6,Highlands and Islands,Q (86-88),Human health and social work activities,1356,16595,19885,36375
2021,TLM6,Highlands and Islands,Q (86-88),Human health and social work activities,1498,17535,17220,35640
2022,TLM6,Highlands and Islands,Q (86-88),Human health and social work activities,1511,18635,16375,35375
2015,TLM6,Highlands and Islands,R (90-93),"Arts, entertainment and recreation",148,3110,3655,6910
2016,TLM6,Highlands and Islands,R (90-93),"Arts, entertainment and recreation",139,3800,4435,8870
2017,TLM6,Highlands and Islands,R (90-93),"Arts, entertainment and recreation",145,2970,4495,7485
2018,TLM6,Highlands and Islands,R (90-93),"Arts, entertainment and recreation",146,3425,3550,7170
2019,TLM6,Highlands and Islands,R (90-93),"Arts, entertainment and recreation",159,3230,3595,7215
2020,TLM6,Highlands and Islands,R (90-93),"Arts, entertainment and recreation",117,2835,2430,5185
2021,TLM6,Highlands and Islands,R (90-93),"Arts, entertainment and recreation",141,3075,3045,6195
2022,TLM6,Highlands and Islands,R (90-93),"Arts, entertainment and recreation",162,3425,3960,7540
2015,TLM6,Highlands and Islands,S (94-96),Other service activities,158,1845,1575,3940
2016,TLM6,Highlands and Islands,S (94-96),Other service activities,162,2375,1780,4630
2017,TLM6,Highlands and Islands,S (94-96),Other service activities,175,1395,1975,3780
2018,TLM6,Highlands and Islands,S (94-96),Other service activities,180,1835,1780,4005
2019,TLM6,Highlands and Islands,S (94-96),Other service activities,171,1330,1555,3170
2020,TLM6,Highlands and Islands,S (94-96),Other service activities,161,1670,1565,3660
2021,TLM6,Highlands and Islands,S (94-96),Other service activities,194,2185,1575,4020
2022,TLM6,Highlands and Islands,S (94-96),Other service activities,201,1760,1370,3325
2015,TLM6,Highlands and Islands,T (97-98),Activities of households,16,0,0,0
2016,TLM6,Highlands and Islands,T (97-98),Activities of households,17,0,0,0
2017,TLM6,Highlands and Islands,T (97-98),Activities of households,19,0,0,0
2018,TLM6,Highlands and Islands,T (97-98),Activities of households,22,0,0,0
2019,TLM6,Highlands and Islands,T (97-98),Activities of households,31,0,0,0
2020,TLM6,Highlands and Islands,T (97-98),Activities of households,24,0,0,0
2021,TLM6,Highlands and Islands,T (97-98),Activities of households,21,0,0,0
2022,TLM6,Highlands and Islands,T (97-98),Activities of households,18,0,0,0
2015,TLM7,Eastern Scotland,A (1-3),"Agriculture, forestry and fishing",499,1350,185,2145
2016,TLM7,Eastern Scotland,A (1-3),"Agriculture, forestry and fishing",641,1480,270,2540
2017,TLM7,Eastern Scotland,A (1-3),"Agriculture, forestry and fishing",639,1940,380,2885
2018,TLM7,Eastern Scotland,A (1-3),"Agriculture, forestry and fishing",668,6395,6665,19755
2019,TLM7,Eastern Scotland,A (1-3),"Agriculture, forestry and fishing",727,6330,7700,21810
2020,TLM7,Eastern Scotland,A (1-3),"Agriculture, forestry and fishing",744,5835,6485,19110
2021,TLM7,Eastern Scotland,A (1-3),"Agriculture, forestry and fishing",867,7250,6320,20815
2022,TLM7,Eastern Scotland,A (1-3),"Agriculture, forestry and fishing",1014,7005,7585,20800
2015,TLM7,Eastern Scotland,B (5-9),Mining and quarrying,52,860,20,840
2016,TLM7,Eastern Scotland,B (5-9),Mining and quarrying,50,1035,35,1065
2017,TLM7,Eastern Scotland,B (5-9),Mining and quarrying,52,845,40,860
2018,TLM7,Eastern Scotland,B (5-9),Mining and quarrying,55,990,45,1000
2019,TLM7,Eastern Scotland,B (5-9),Mining and quarrying,56,875,45,905
2020,TLM7,Eastern Scotland,B (5-9),Mining and quarrying,43,735,35,740
2021,TLM7,Eastern Scotland,B (5-9),Mining and quarrying,54,685,25,665
2022,TLM7,Eastern Scotland,B (5-9),Mining and quarrying,72,745,25,770
2015,TLM7,Eastern Scotland,C (10-33),Manufacturing,5217,55415,5225,60780
2016,TLM7,Eastern Scotland,C (10-33),Manufacturing,5370,55770,4335,61295
2017,TLM7,Eastern Scotland,C (10-33),Manufacturing,5417,56995,4680,62255
2018,TLM7,Eastern Scotland,C (10-33),Manufacturing,5452,55800,5340,62680
2019,TLM7,Eastern Scotland,C (10-33),Manufacturing,5663,52625,4585,58370
2020,TLM7,Eastern Scotland,C (10-33),Manufacturing,5635,51885,5150,58665
2021,TLM7,Eastern Scotland,C (10-33),Manufacturing,6268,53925,5735,61000
2022,TLM7,Eastern Scotland,C (10-33),Manufacturing,6559,52845,5285,58910
2015,TLM7,Eastern Scotland,D (35),"Electricity, gas, steam and air conditioning supply",1455,5180,370,5205
2016,TLM7,Eastern Scotland,D (35),"Electricity, gas, steam and air conditioning supply",1512,5230,520,5365
2017,TLM7,Eastern Scotland,D (35),"Electricity, gas, steam and air conditioning supply",1434,5260,355,5265
2018,TLM7,Eastern Scotland,D (35),"Electricity, gas, steam and air conditioning supply",1346,5470,465,5995
2019,TLM7,Eastern Scotland,D (35),"Electricity, gas, steam and air conditioning supply",1522,5370,620,5920
2020,TLM7,Eastern Scotland,D (35),"Electricity, gas, steam and air conditioning supply",1273,6745,1075,7630
2021,TLM7,Eastern Scotland,D (35),"Electricity, gas, steam and air conditioning supply",1174,6920,390,7170
2022,TLM7,Eastern Scotland,D (35),"Electricity, gas, steam and air conditioning supply",1361,6480,1055,7480
2015,TLM7,Eastern Scotland,E (36-39),Water supply; sewerage and waste management,765,5200,285,5550
2016,TLM7,Eastern Scotland,E (36-39),Water supply; sewerage and waste management,790,5175,555,5730
2017,TLM7,Eastern Scotland,E (36-39),Water supply; sewerage and waste management,842,5300,470,5875
2018,TLM7,Eastern Scotland,E (36-39),Water supply; sewerage and waste management,880,5845,675,6520
2019,TLM7,Eastern Scotland,E (36-39),Water supply; sewerage and waste management,910,5205,550,5855
2020,TLM7,Eastern Scotland,E (36-39),Water supply; sewerage and waste management,867,5055,425,5580
2021,TLM7,Eastern Scotland,E (36-39),Water supply; sewerage and waste management,953,5990,645,6670
2022,TLM7,Eastern Scotland,E (36-39),Water supply; sewerage and waste management,993,4905,600,5735
2015,TLM7,Eastern Scotland,F (41-43),Construction,2644,42135,3435,48710
2016,TLM7,Eastern Scotland,F (41-43),Construction,2681,40160,4330,46340
2017,TLM7,Eastern Scotland,F (41-43),Construction,2967,40510,4940,48315
2018,TLM7,Eastern Scotland,F (41-43),Construction,3026,39965,4655,47175
2019,TLM7,Eastern Scotland,F (41-43),Construction,2934,40385,4320,47360
2020,TLM7,Eastern Scotland,F (41-43),Construction,2386,37875,4245,45130
2021,TLM7,Eastern Scotland,F (41-43),Construction,2912,44880,3830,50800
2022,TLM7,Eastern Scotland,F (41-43),Construction,3434,40055,5995,49730
2015,TLM7,Eastern Scotland,G (45-47),Wholesale and retail trade; repair of motor vehicles,4907,72540,59345,136435
2016,TLM7,Eastern Scotland,G (45-47),Wholesale and retail trade; repair of motor vehicles,4858,71225,59405,134515
2017,TLM7,Eastern Scotland,G (45-47),Wholesale and retail trade; repair of motor vehicles,4740,71350,57905,133275
2018,TLM7,Eastern Scotland,G (45-47),Wholesale and retail trade; repair of motor vehicles,4741,69635,55720,126955
2019,TLM7,Eastern Scotland,G (45-47),Wholesale and retail trade; repair of motor vehicles,5244,65855,56875,124670
2020,TLM7,Eastern Scotland,G (45-47),Wholesale and retail trade; repair of motor vehicles,4556,66255,55870,125970
2021,TLM7,Eastern Scotland,G (45-47),Wholesale and retail trade; repair of motor vehicles,5218,68305,64070,137020
2022,TLM7,Eastern Scotland,G (45-47),Wholesale and retail trade; repair of motor vehicles,5648,64970,53815,122665
2015,TLM7,Eastern Scotland,H (49-53),Transportation and storage,1611,26445,5595,32675
2016,TLM7,Eastern Scotland,H (49-53),Transportation and storage,1668,30655,4685,35220
2017,TLM7,Eastern Scotland,H (49-53),Transportation and storage,1694,29195,5210,34840
2018,TLM7,Eastern Scotland,H (49-53),Transportation and storage,1787,28825,6415,36025
2019,TLM7,Eastern Scotland,H (49-53),Transportation and storage,2029,30620,5405,36695
2020,TLM7,Eastern Scotland,H (49-53),Transportation and storage,1552,31740,5965,37765
2021,TLM7,Eastern Scotland,H (49-53),Transportation and storage,1429,29705,6360,37190
2022,TLM7,Eastern Scotland,H (49-53),Transportation and storage,1690,30355,5045,37395
2015,TLM7,Eastern Scotland,I (55-56),Accommodation and food service activities,1668,33300,44650,78750
2016,TLM7,Eastern Scotland,I (55-56),Accommodation and food service activities,1815,33150,38350,73225
2017,TLM7,Eastern Scotland,I (55-56),Accommodation and food service activities,1843,30575,42975,76650
2018,TLM7,Eastern Scotland,I (55-56),Accommodation and food service activities,1949,33750,43240,79900
2019,TLM7,Eastern Scotland,I (55-56),Accommodation and food service activities,2079,35275,44000,81750
2020,TLM7,Eastern Scotland,I (55-56),Accommodation and food service activities,1118,31175,36105,70125
2021,TLM7,Eastern Scotland,I (55-56),Accommodation and food service activities,1487,30875,42520,75850
2022,TLM7,Eastern Scotland,I (55-56),Accommodation and food service activities,2138,35400,46840,83375
2015,TLM7,Eastern Scotland,J (58-63),Information and communication,1848,24225,4150,28230
2016,TLM7,Eastern Scotland,J (58-63),Information and communication,2080,27595,6030,34395
2017,TLM7,Eastern Scotland,J (58-63),Information and communication,2302,27745,5200,32745
2018,TLM7,Eastern Scotland,J (58-63),Information and communication,2490,33370,5740,39770
2019,TLM7,Eastern Scotland,J (58-63),Information and communication,2626,36900,6855,45275
2020,TLM7,Eastern Scotland,J (58-63),Information and communication,2917,38570,5480,43540
2021,TLM7,Eastern Scotland,J (58-63),Information and communication,2797,32045,6240,38210
2022,TLM7,Eastern Scotland,J (58-63),Information and communication,2956,30545,5285,36655
2015,TLM7,Eastern Scotland,K (64-66),Financial and insurance activities,6186,36975,10070,47020
2016,TLM7,Eastern Scotland,K (64-66),Financial and insurance activities,6994,37300,7135,44745
2017,TLM7,Eastern Scotland,K (64-66),Financial and insurance activities,7655,37170,7095,46145
2018,TLM7,Eastern Scotland,K (64-66),Financial and insurance activities,7264,39180,7715,47040
2019,TLM7,Eastern Scotland,K (64-66),Financial and insurance activities,7103,36585,6600,43275
2020,TLM7,Eastern Scotland,K (64-66),Financial and insurance activities,6950,36610,6000,42020
2021,TLM7,Eastern Scotland,K (64-66),Financial and insurance activities,7830,36215,6445,43050
2022,TLM7,Eastern Scotland,K (64-66),Financial and insurance activities,9038,43925,6110,50080
2015,TLM7,Eastern Scotland,M (69-75),"Professional, scientific and technical activities",3140,45690,10155,59140
2016,TLM7,Eastern Scotland,M (69-75),"Professional, scientific and technical activities",3354,48765,10205,62275
2017,TLM7,Eastern Scotland,M (69-75),"Professional, scientific and technical activities",3543,46085,12620,62615
2018,TLM7,Eastern Scotland,M (69-75),"Professional, scientific and technical activities",3847,48475,12325,64050
2019,TLM7,Eastern Scotland,M (69-75),"Professional, scientific and technical activities",3802,48175,12435,62770
2020,TLM7,Eastern Scotland,M (69-75),"Professional, scientific and technical activities",3419,46515,14650,64705
2021,TLM7,Eastern Scotland,M (69-75),"Professional, scientific and technical activities",3644,44390,11665,59305
2022,TLM7,Eastern Scotland,M (69-75),"Professional, scientific and technical activities",4140,56010,11360,70895
2015,TLM7,Eastern Scotland,N (77-82),Administrative and support service activities,1649,35720,17765,55160
2016,TLM7,Eastern Scotland,N (77-82),Administrative and support service activities,1690,38525,17445,57315
2017,TLM7,Eastern Scotland,N (77-82),Administrative and support service activities,1769,43630,18615,62990
2018,TLM7,Eastern Scotland,N (77-82),Administrative and support service activities,2012,45295,20215,67175
2019,TLM7,Eastern Scotland,N (77-82),Administrative and support service activities,2105,47310,18655,68500
2020,TLM7,Eastern Scotland,N (77-82),Administrative and support service activities,1850,50835,17210,69765
2021,TLM7,Eastern Scotland,N (77-82),Administrative and support service activities,2196,50875,17730,69935
2022,TLM7,Eastern Scotland,N (77-82),Administrative and support service activities,2393,42625,19255,62550
2015,TLM7,Eastern Scotland,O (84),Public administration and defence,3114,41600,13150,55300
2016,TLM7,Eastern Scotland,O (84),Public administration and defence,3415,44600,16500,60800
2017,TLM7,Eastern Scotland,O (84),Public administration and defence,3782,43850,17750,60800
2018,TLM7,Eastern Scotland,O (84),Public administration and defence,3754,43050,16850,59000
2019,TLM7,Eastern Scotland,O (84),Public administration and defence,3820,44050,13750,58050
2020,TLM7,Eastern Scotland,O (84),Public administration and defence,4035,45050,13400,59550
2021,TLM7,Eastern Scotland,O (84),Public administration and defence,4432,48050,14850,61800
2022,TLM7,Eastern Scotland,O (84),Public administration and defence,4573,48550,11600,59800
2015,TLM7,Eastern Scotland,P (85),Education,3820,47575,31260,79250
2016,TLM7,Eastern Scotland,P (85),Education,3712,44975,31400,79625
2017,TLM7,Eastern Scotland,P (85),Education,3826,47500,34725,81500
2018,TLM7,Eastern Scotland,P (85),Education,4045,47330,34420,81725
2019,TLM7,Eastern Scotland,P (85),Education,4460,51070,34930,86025
2020,TLM7,Eastern Scotland,P (85),Education,4630,51820,35160,86010
2021,TLM7,Eastern Scotland,P (85),Education,4689,53935,36090,90325
2022,TLM7,Eastern Scotland,P (85),Education,5191,53835,39300,91600
2015,TLM7,Eastern Scotland,Q (86-88),Human health and social work activities,4259,81825,61450,146800
2016,TLM7,Eastern Scotland,Q (86-88),Human health and social work activities,4394,74475,64600,138350
2017,TLM7,Eastern Scotland,Q (86-88),Human health and social work activities,4654,78850,56975,136950
2018,TLM7,Eastern Scotland,Q (86-88),Human health and social work activities,4938,76875,60675,140600
2019,TLM7,Eastern Scotland,Q (86-88),Human health and social work activities,5110,76875,63300,139500
2020,TLM7,Eastern Scotland,Q (86-88),Human health and social work activities,5536,73550,65500,143100
2021,TLM7,Eastern Scotland,Q (86-88),Human health and social work activities,6334,79100,67775,147150
2022,TLM7,Eastern Scotland,Q (86-88),Human health and social work activities,6131,81050,64300,147950
2015,TLM7,Eastern Scotland,R (90-93),"Arts, entertainment and recreation",737,13785,12570,26940
2016,TLM7,Eastern Scotland,R (90-93),"Arts, entertainment and recreation",718,15390,14780,32415
2017,TLM7,Eastern Scotland,R (90-93),"Arts, entertainment and recreation",793,12445,15335,27830
2018,TLM7,Eastern Scotland,R (90-93),"Arts, entertainment and recreation",805,13695,13590,27935
2019,TLM7,Eastern Scotland,R (90-93),"Arts, entertainment and recreation",886,13715,14070,28190
2020,TLM7,Eastern Scotland,R (90-93),"Arts, entertainment and recreation",709,12450,9990,22955
2021,TLM7,Eastern Scotland,R (90-93),"Arts, entertainment and recreation",810,12685,11400,25255
2022,TLM7,Eastern Scotland,R (90-93),"Arts, entertainment and recreation",970,14900,14610,30025
2015,TLM7,Eastern Scotland,S (94-96),Other service activities,722,9670,6015,17915
2016,TLM7,Eastern Scotland,S (94-96),Other service activities,819,12095,7665,21280
2017,TLM7,Eastern Scotland,S (94-96),Other service activities,898,9055,8030,18505
2018,TLM7,Eastern Scotland,S (94-96),Other service activities,1001,11445,9020,20825
2019,TLM7,Eastern Scotland,S (94-96),Other service activities,1008,8985,7525,17290
2020,TLM7,Eastern Scotland,S (94-96),Other service activities,701,8760,7490,17475
2021,TLM7,Eastern Scotland,S (94-96),Other service activities,747,10225,7115,18620
2022,TLM7,Eastern Scotland,S (94-96),Other service activities,932,11125,6205,17805
2015,TLM7,Eastern Scotland,T (97-98),Activities of households,34,0,0,0
2016,TLM7,Eastern Scotland,T (97-98),Activities of households,49,0,0,0
2017,TLM7,Eastern Scotland,T (97-98),Activities of households,56,0,0,0
2018,TLM7,Eastern Scotland,T (97-98),Activities of households,76,0,0,0
2019,TLM7,Eastern Scotland,T (97-98),Activities of households,80,0,0,0
2020,TLM7,Eastern Scotland,T (97-98),Activities of households,60,0,0,0
2021,TLM7,Eastern Scotland,T (97-98),Activities of households,50,0,0,0
2022,TLM7,Eastern Scotland,T (97-98),Activities of households,42,0,0,0
2015,TLM8,West Central Scotland,A (1-3),"Agriculture, forestry and fishing",49,140,15,215
2016,TLM8,West Central Scotland,A (1-3),"Agriculture, forestry and fishing",41,165,35,285
2017,TLM8,West Central Scotland,A (1-3),"Agriculture, forestry and fishing",41,160,25,245
2018,TLM8,West Central Scotland,A (1-3),"Agriculture, forestry and fishing",29,615,505,2300
2019,TLM8,West Central Scotland,A (1-3),"Agriculture, forestry and fishing",46,590,530,2370
2020,TLM8,West Central Scotland,A (1-3),"Agriculture, forestry and fishing",41,545,495,2055
2021,TLM8,West Central Scotland,A (1-3),"Agriculture, forestry and fishing",47,790,525,2390
2022,TLM8,West Central Scotland,A (1-3),"Agriculture, forestry and fishing",58,765,555,2470
2015,TLM8,West Central Scotland,B (5-9),Mining and quarrying,37,325,20,355
2016,TLM8,West Central Scotland,B (5-9),Mining and quarrying,35,290,0,315
2017,TLM8,West Central Scotland,B (5-9),Mining and quarrying,30,375,10,350
2018,TLM8,West Central Scotland,B (5-9),Mining and quarrying,31,280,0,330
2019,TLM8,West Central Scotland,B (5-9),Mining and quarrying,28,270,10,320
2020,TLM8,West Central Scotland,B (5-9),Mining and quarrying,17,230,0,225
2021,TLM8,West Central Scotland,B (5-9),Mining and quarrying,16,210,0,210
2022,TLM8,West Central Scotland,B (5-9),Mining and quarrying,19,215,0,240
2015,TLM8,West Central Scotland,C (10-33),Manufacturing,3258,37270,5560,43430
2016,TLM8,West Central Scotland,C (10-33),Manufacturing,3179,38095,3780,42870
2017,TLM8,West Central Scotland,C (10-33),Manufacturing,3347,42135,3740,46750
2018,TLM8,West Central Scotland,C (10-33),Manufacturing,3485,41755,3260,44820
2019,TLM8,West Central Scotland,C (10-33),Manufacturing,3558,38980,3320,41925
2020,TLM8,West Central Scotland,C (10-33),Manufacturing,3502,41060,4290,45700
2021,TLM8,West Central Scotland,C (10-33),Manufacturing,3928,40770,4610,45520
2022,TLM8,West Central Scotland,C (10-33),Manufacturing,4108,40165,3725,44130
2015,TLM8,West Central Scotland,D (35),"Electricity, gas, steam and air conditioning supply",920,4360,425,4985
2016,TLM8,West Central Scotland,D (35),"Electricity, gas, steam and air conditioning supply",786,4460,590,5235
2017,TLM8,West Central Scotland,D (35),"Electricity, gas, steam and air conditioning supply",928,4400,540,4435
2018,TLM8,West Central Scotland,D (35),"Electricity, gas, steam and air conditioning supply",828,4535,595,5295
2019,TLM8,West Central Scotland,D (35),"Electricity, gas, steam and air conditioning supply",1123,4445,695,5150
2020,TLM8,West Central Scotland,D (35),"Electricity, gas, steam and air conditioning supply",1602,5030,625,5800
2021,TLM8,West Central Scotland,D (35),"Electricity, gas, steam and air conditioning supply",1172,4775,325,5275
2022,TLM8,West Central Scotland,D (35),"Electricity, gas, steam and air conditioning supply",1217,4710,935,5760
2015,TLM8,West Central Scotland,E (36-39),Water supply; sewerage and waste management,534,5090,455,5740
2016,TLM8,West Central Scotland,E (36-39),Water supply; sewerage and waste management,581,5110,320,5410
2017,TLM8,West Central Scotland,E (36-39),Water supply; sewerage and waste management,683,5870,255,6645
2018,TLM8,West Central Scotland,E (36-39),Water supply; sewerage and waste management,738,6285,375,6495
2019,TLM8,West Central Scotland,E (36-39),Water supply; sewerage and waste management,740,5810,265,6180
2020,TLM8,West Central Scotland,E (36-39),Water supply; sewerage and waste management,784,6000,280,6175
2021,TLM8,West Central Scotland,E (36-39),Water supply; sewerage and waste management,853,5665,395,5860
2022,TLM8,West Central Scotland,E (36-39),Water supply; sewerage and waste management,863,5380,345,5750
2015,TLM8,West Central Scotland,F (41-43),Construction,2335,34815,2330,38595
2016,TLM8,West Central Scotland,F (41-43),Construction,2322,36080,3195,38830
2017,TLM8,West Central Scotland,F (41-43),Construction,2503,39385,3625,43985
2018,TLM8,West Central Scotland,F (41-43),Construction,2443,37995,3425,42825
2019,TLM8,West Central Scotland,F (41-43),Construction,2494,37620,3610,42380
2020,TLM8,West Central Scotland,F (41-43),Construction,2133,32360,3540,37760
2021,TLM8,West Central Scotland,F (41-43),Construction,2449,43735,3510,47260
2022,TLM8,West Central Scotland,F (41-43),Construction,2817,38415,4660,44665
2015,TLM8,West Central Scotland,G (45-47),Wholesale and retail trade; repair of motor vehicles,3306,55575,45915,103180
2016,TLM8,West Central Scotland,G (45-47),Wholesale and retail trade; repair of motor vehicles,3165,54980,46670,105460
2017,TLM8,West Central Scotland,G (45-47),Wholesale and retail trade; repair of motor vehicles,3647,54625,45870,103235
2018,TLM8,West Central Scotland,G (45-47),Wholesale and retail trade; repair of motor vehicles,3708,53980,46080,100810
2019,TLM8,West Central Scotland,G (45-47),Wholesale and retail trade; repair of motor vehicles,3685,50810,46070,99340
2020,TLM8,West Central Scotland,G (45-47),Wholesale and retail trade; repair of motor vehicles,3222,52580,45330,100010
2021,TLM8,West Central Scotland,G (45-47),Wholesale and retail trade; repair of motor vehicles,3684,52150,50570,105675
2022,TLM8,West Central Scotland,G (45-47),Wholesale and retail trade; repair of motor vehicles,3911,48770,43525,95270
2015,TLM8,West Central Scotland,H (49-53),Transportation and storage,1625,26160,5695,32055
2016,TLM8,West Central Scotland,H (49-53),Transportation and storage,1682,29215,4990,34875
2017,TLM8,West Central Scotland,H (49-53),Transportation and storage,1738,28660,5300,34460
2018,TLM8,West Central Scotland,H (49-53),Transportation and storage,1711,29360,5860,34890
2019,TLM8,West Central Scotland,H (49-53),Transportation and storage,1704,26930,4915,33095
2020,TLM8,West Central Scotland,H (49-53),Transportation and storage,1237,29830,5125,34855
2021,TLM8,West Central Scotland,H (49-53),Transportation and storage,1449,27910,6140,33950
2022,TLM8,West Central Scotland,H (49-53),Transportation and storage,1760,25805,5040,32720
2015,TLM8,West Central Scotland,I (55-56),Accommodation and food service activities,950,20615,31495,53365
2016,TLM8,West Central Scotland,I (55-56),Accommodation and food service activities,973,19985,24865,46450
2017,TLM8,West Central Scotland,I (55-56),Accommodation and food service activities,1045,18785,30060,48680
2018,TLM8,West Central Scotland,I (55-56),Accommodation and food service activities,1083,21420,30290,52965
2019,TLM8,West Central Scotland,I (55-56),Accommodation and food service activities,1215,20295,30115,52270
2020,TLM8,West Central Scotland,I (55-56),Accommodation and food service activities,768,20600,25015,44640
2021,TLM8,West Central Scotland,I (55-56),Accommodation and food service activities,1049,19730,30990,52195
2022,TLM8,West Central Scotland,I (55-56),Accommodation and food service activities,1456,23080,29650,54435
2015,TLM8,West Central Scotland,J (58-63),Information and communication,2078,19880,2610,23265
2016,TLM8,West Central Scotland,J (58-63),Information and communication,2050,22270,4010,26930
2017,TLM8,West Central Scotland,J (58-63),Information and communication,2117,20800,3615,25270
2018,TLM8,West Central Scotland,J (58-63),Information and communication,2204,24430,4050,27625
2019,TLM8,West Central Scotland,J (58-63),Information and communication,2088,25490,4230,30270
2020,TLM8,West Central Scotland,J (58-63),Information and communication,2109,28005,4095,31640
2021,TLM8,West Central Scotland,J (58-63),Information and communication,2291,22910,4165,26750
2022,TLM8,West Central Scotland,J (58-63),Information and communication,2757,26785,3660,30850
2015,TLM8,West Central Scotland,K (64-66),Financial and insurance activities,2928,24770,5465,29560
2016,TLM8,West Central Scotland,K (64-66),Financial and insurance activities,3085,23765,5520,29610
2017,TLM8,West Central Scotland,K (64-66),Financial and insurance activities,3205,23670,5040,29555
2018,TLM8,West Central Scotland,K (64-66),Financial and insurance activities,3370,25175,5020,30060
2019,TLM8,West Central Scotland,K (64-66),Financial and insurance activities,3824,26105,5230,31465
2020,TLM8,West Central Scotland,K (64-66),Financial and insurance activities,3630,23940,4680,29215
2021,TLM8,West Central Scotland,K (64-66),Financial and insurance activities,3655,22440,5115,27655
2022,TLM8,West Central Scotland,K (64-66),Financial and insurance activities,3945,20070,4525,24810
2015,TLM8,West Central Scotland,M (69-75),"Professional, scientific and technical activities",1998,35685,6505,44165
2016,TLM8,West Central Scotland,M (69-75),"Professional, scientific and technical activities",2057,41000,7075,51065
2017,TLM8,West Central Scotland,M (69-75),"Professional, scientific and technical activities",2288,37490,9680,50175
2018,TLM8,West Central Scotland,M (69-75),"Professional, scientific and technical activities",2330,42615,9015,54385
2019,TLM8,West Central Scotland,M (69-75),"Professional, scientific and technical activities",2299,44020,9065,53560
2020,TLM8,West Central Scotland,M (69-75),"Professional, scientific and technical activities",2044,40250,11245,54225
2021,TLM8,West Central Scotland,M (69-75),"Professional, scientific and technical activities",2527,41725,8800,51510
2022,TLM8,West Central Scotland,M (69-75),"Professional, scientific and technical activities",2845,49005,9150,60325
2015,TLM8,West Central Scotland,N (77-82),Administrative and support service activities,2063,45580,34830,82535
2016,TLM8,West Central Scotland,N (77-82),Administrative and support service activities,2090,46270,33115,81360
2017,TLM8,West Central Scotland,N (77-82),Administrative and support service activities,2165,48535,35440,84430
2018,TLM8,West Central Scotland,N (77-82),Administrative and support service activities,2338,50750,35185,87655
2019,TLM8,West Central Scotland,N (77-82),Administrative and support service activities,2317,52975,31235,83240
2020,TLM8,West Central Scotland,N (77-82),Administrative and support service activities,2156,47585,31355,80670
2021,TLM8,West Central Scotland,N (77-82),Administrative and support service activities,2340,52730,30865,86325
2022,TLM8,West Central Scotland,N (77-82),Administrative and support service activities,2623,56305,32410,90650
2015,TLM8,West Central Scotland,O (84),Public administration and defence,2359,36500,11250,48500
2016,TLM8,West Central Scotland,O (84),Public administration and defence,2622,38250,11550,49750
2017,TLM8,West Central Scotland,O (84),Public administration and defence,2731,39500,11025,50000
2018,TLM8,West Central Scotland,O (84),Public administration and defence,2835,38250,11350,49750
2019,TLM8,West Central Scotland,O (84),Public administration and defence,3086,40250,12350,52500
2020,TLM8,West Central Scotland,O (84),Public administration and defence,3277,44500,11900,57000
2021,TLM8,West Central Scotland,O (84),Public administration and defence,3632,44350,12295,57900
2022,TLM8,West Central Scotland,O (84),Public administration and defence,3771,45150,12915,58450
2015,TLM8,West Central Scotland,P (85),Education,2161,36025,19720,55500
2016,TLM8,West Central Scotland,P (85),Education,2220,36575,18615,53875
2017,TLM8,West Central Scotland,P (85),Education,2213,35075,19535,54900
2018,TLM8,West Central Scotland,P (85),Education,2190,32450,21070,53650
2019,TLM8,West Central Scotland,P (85),Education,2402,35150,21235,57225
2020,TLM8,West Central Scotland,P (85),Education,2527,35000,21315,57850
2021,TLM8,West Central Scotland,P (85),Education,2681,38840,23825,63500
2022,TLM8,West Central Scotland,P (85),Education,2913,38425,24225,63725
2015,TLM8,West Central Scotland,Q (86-88),Human health and social work activities,4280,73450,60250,134450
2016,TLM8,West Central Scotland,Q (86-88),Human health and social work activities,4449,70875,60200,134200
2017,TLM8,West Central Scotland,Q (86-88),Human health and social work activities,4584,65625,51650,118450
2018,TLM8,West Central Scotland,Q (86-88),Human health and social work activities,4628,67750,49975,120750
2019,TLM8,West Central Scotland,Q (86-88),Human health and social work activities,4803,68750,50550,121250
2020,TLM8,West Central Scotland,Q (86-88),Human health and social work activities,5250,68600,53600,124100
2021,TLM8,West Central Scotland,Q (86-88),Human health and social work activities,5581,65050,48700,114750
2022,TLM8,West Central Scotland,Q (86-88),Human health and social work activities,5358,66700,44450,112700
2015,TLM8,West Central Scotland,R (90-93),"Arts, entertainment and recreation",561,9440,8455,18460
2016,TLM8,West Central Scotland,R (90-93),"Arts, entertainment and recreation",501,10750,10370,21380
2017,TLM8,West Central Scotland,R (90-93),"Arts, entertainment and recreation",516,8015,10005,18600
2018,TLM8,West Central Scotland,R (90-93),"Arts, entertainment and recreation",527,9360,9695,20275
2019,TLM8,West Central Scotland,R (90-93),"Arts, entertainment and recreation",568,8915,9375,18775
2020,TLM8,West Central Scotland,R (90-93),"Arts, entertainment and recreation",405,7630,7400,14575
2021,TLM8,West Central Scotland,R (90-93),"Arts, entertainment and recreation",450,7590,9320,16890
2022,TLM8,West Central Scotland,R (90-93),"Arts, entertainment and recreation",556,9635,11045,21335
2015,TLM8,West Central Scotland,S (94-96),Other service activities,653,8305,4735,14125
2016,TLM8,West Central Scotland,S (94-96),Other service activities,689,9935,5480,16570
2017,TLM8,West Central Scotland,S (94-96),Other service activities,697,8310,6255,14860
2018,TLM8,West Central Scotland,S (94-96),Other service activities,748,10305,5920,16950
2019,TLM8,West Central Scotland,S (94-96),Other service activities,741,7980,4685,13755
2020,TLM8,West Central Scotland,S (94-96),Other service activities,529,7375,4815,12925
2021,TLM8,West Central Scotland,S (94-96),Other service activities,726,8000,4910,13680
2022,TLM8,West Central Scotland,S (94-96),Other service activities,864,8550,4080,13350
2015,TLM8,West Central Scotland,T (97-98),Activities of households,23,0,0,0
2016,TLM8,West Central Scotland,T (97-98),Activities of households,36,0,0,0
2017,TLM8,West Central Scotland,T (97-98),Activities of households,36,0,0,0
2018,TLM8,West Central Scotland,T (97-98),Activities of households,36,0,0,0
2019,TLM8,West Central Scotland,T (97-98),Activities of households,40,0,0,0
2020,TLM8,West Central Scotland,T (97-98),Activities of households,34,0,0,0
2021,TLM8,West Central Scotland,T (97-98),Activities of households,21,0,0,0
2022,TLM8,West Central Scotland,T (97-98),Activities of households,28,0,0,0
2015,TLM9,Southern Scotland,A (1-3),"Agriculture, forestry and fishing",658,1155,120,1885
2016,TLM9,Southern Scotland,A (1-3),"Agriculture, forestry and fishing",560,1335,225,2280
2017,TLM9,Southern Scotland,A (1-3),"Agriculture, forestry and fishing",622,1210,280,2090
2018,TLM9,Southern Scotland,A (1-3),"Agriculture, forestry and fishing",606,5755,4365,20425
2019,TLM9,Southern Scotland,A (1-3),"Agriculture, forestry and fishing",682,5680,4495,20460
2020,TLM9,Southern Scotland,A (1-3),"Agriculture, forestry and fishing",677,5650,3775,18890
2021,TLM9,Southern Scotland,A (1-3),"Agriculture, forestry and fishing",790,7160,4190,20755
2022,TLM9,Southern Scotland,A (1-3),"Agriculture, forestry and fishing",941,6750,4310,20780
2015,TLM9,Southern Scotland,B (5-9),Mining and quarrying,64,630,10,655
2016,TLM9,Southern Scotland,B (5-9),Mining and quarrying,54,795,35,920
2017,TLM9,Southern Scotland,B (5-9),Mining and quarrying,72,860,30,910
2018,TLM9,Southern Scotland,B (5-9),Mining and quarrying,59,790,20,790
2019,TLM9,Southern Scotland,B (5-9),Mining and quarrying,51,635,60,740
2020,TLM9,Southern Scotland,B (5-9),Mining and quarrying,29,605,15,605
2021,TLM9,Southern Scotland,B (5-9),Mining and quarrying,29,530,5,555
2022,TLM9,Southern Scotland,B (5-9),Mining and quarrying,39,480,10,480
2015,TLM9,Southern Scotland,C (10-33),Manufacturing,2335,31080,3085,34120
2016,TLM9,Southern Scotland,C (10-33),Manufacturing,2307,30840,2845,34410
2017,TLM9,Southern Scotland,C (10-33),Manufacturing,2364,30925,3430,35500
2018,TLM9,Southern Scotland,C (10-33),Manufacturing,2497,30165,3400,33900
2019,TLM9,Southern Scotland,C (10-33),Manufacturing,2383,28335,3100,31820
2020,TLM9,Southern Scotland,C (10-33),Manufacturing,2167,29400,3105,33605
2021,TLM9,Southern Scotland,C (10-33),Manufacturing,2310,29405,3785,33835
2022,TLM9,Southern Scotland,C (10-33),Manufacturing,2563,28175,4130,33010
2015,TLM9,Southern Scotland,D (35),"Electricity, gas, steam and air conditioning supply",956,2850,3350,6000
2016,TLM9,Southern Scotland,D (35),"Electricity, gas, steam and air conditioning supply",843,2965,3410,5920
2017,TLM9,Southern Scotland,D (35),"Electricity, gas, steam and air conditioning supply",895,2920,3230,5870
2018,TLM9,Southern Scotland,D (35),"Electricity, gas, steam and air conditioning supply",808,4010,495,4260
2019,TLM9,Southern Scotland,D (35),"Electricity, gas, steam and air conditioning supply",922,3355,455,3710
2020,TLM9,Southern Scotland,D (35),"Electricity, gas, steam and air conditioning supply",984,3470,435,3830
2021,TLM9,Southern Scotland,D (35),"Electricity, gas, steam and air conditioning supply",547,2650,410,3100
2022,TLM9,Southern Scotland,D (35),"Electricity, gas, steam and air conditioning supply",650,2500,400,3000
2015,TLM9,Southern Scotland,E (36-39),Water supply; sewerage and waste management,247,2535,85,2785
2016,TLM9,Southern Scotland,E (36-39),Water supply; sewerage and waste management,270,2240,140,2460
2017,TLM9,Southern Scotland,E (36-39),Water supply; sewerage and waste management,315,2625,195,2750
2018,TLM9,Southern Scotland,E (36-39),Water supply; sewerage and waste management,331,2705,255,3005
2019,TLM9,Southern Scotland,E (36-39),Water supply; sewerage and waste management,336,2685,215,2935
2020,TLM9,Southern Scotland,E (36-39),Water supply; sewerage and waste management,358,2595,205,3045
2021,TLM9,Southern Scotland,E (36-39),Water supply; sewerage and waste management,370,2955,360,3225
2022,TLM9,Southern Scotland,E (36-39),Water supply; sewerage and waste management,395,2600,365,3005
2015,TLM9,Southern Scotland,F (41-43),Construction,1292,19235,1245,21760
2016,TLM9,Southern Scotland,F (41-43),Construction,1394,20325,1770,24100
2017,TLM9,Southern Scotland,F (41-43),Construction,1446,20455,2115,24090
2018,TLM9,Southern Scotland,F (41-43),Construction,1387,19690,2185,23075
2019,TLM9,Southern Scotland,F (41-43),Construction,1401,20190,2205,24175
2020,TLM9,Southern Scotland,F (41-43),Construction,1221,17205,2130,20415
2021,TLM9,Southern Scotland,F (41-43),Construction,1362,22030,1930,25215
2022,TLM9,Southern Scotland,F (41-43),Construction,1540,20590,2780,24515
2015,TLM9,Southern Scotland,G (45-47),Wholesale and retail trade; repair of motor vehicles,1956,32210,26190,61805
2016,TLM9,Southern Scotland,G (45-47),Wholesale and retail trade; repair of motor vehicles,1859,31230,27450,61570
2017,TLM9,Southern Scotland,G (45-47),Wholesale and retail trade; repair of motor vehicles,2125,31725,26120,60805
2018,TLM9,Southern Scotland,G (45-47),Wholesale and retail trade; repair of motor vehicles,2122,30610,25280,59585
2019,TLM9,Southern Scotland,G (45-47),Wholesale and retail trade; repair of motor vehicles,2146,28210,25475,56310
2020,TLM9,Southern Scotland,G (45-47),Wholesale and retail trade; repair of motor vehicles,1865,28180,25370,56300
2021,TLM9,Southern Scotland,G (45-47),Wholesale and retail trade; repair of motor vehicles,2129,27825,29010,60825
2022,TLM9,Southern Scotland,G (45-47),Wholesale and retail trade; repair of motor vehicles,2368,28060,24095,55115
2015,TLM9,Southern Scotland,H (49-53),Transportation and storage,758,11025,3235,15280
2016,TLM9,Southern Scotland,H (49-53),Transportation and storage,814,12000,2260,14530
2017,TLM9,Southern Scotland,H (49-53),Transportation and storage,800,11965,2530,15090
2018,TLM9,Southern Scotland,H (49-53),Transportation and storage,746,10780,2405,13620
2019,TLM9,Southern Scotland,H (49-53),Transportation and storage,766,10935,2530,14205
2020,TLM9,Southern Scotland,H (49-53),Transportation and storage,565,12130,2275,14655
2021,TLM9,Southern Scotland,H (49-53),Transportation and storage,598,10455,2415,13765
2022,TLM9,Southern Scotland,H (49-53),Transportation and storage,687,10545,1995,13215
2015,TLM9,Southern Scotland,I (55-56),Accommodation and food service activities,532,11130,17140,29800
2016,TLM9,Southern Scotland,I (55-56),Accommodation and food service activities,581,11530,14345,27545
2017,TLM9,Southern Scotland,I (55-56),Accommodation and food service activities,631,10530,15135,27500
2018,TLM9,Southern Scotland,I (55-56),Accommodation and food service activities,623,10760,15455,28140
2019,TLM9,Southern Scotland,I (55-56),Accommodation and food service activities,661,10865,16740,28635
2020,TLM9,Southern Scotland,I (55-56),Accommodation and food service activities,464,10450,12550,25505
2021,TLM9,Southern Scotland,I (55-56),Accommodation and food service activities,509,10025,15975,27580
2022,TLM9,Southern Scotland,I (55-56),Accommodation and food service activities,681,12330,16430,30265
2015,TLM9,Southern Scotland,J (58-63),Information and communication,305,2930,485,3480
2016,TLM9,Southern Scotland,J (58-63),Information and communication,333,3425,805,4395
2017,TLM9,Southern Scotland,J (58-63),Information and communication,349,3160,660,3885
2018,TLM9,Southern Scotland,J (58-63),Information and communication,340,3755,820,4690
2019,TLM9,Southern Scotland,J (58-63),Information and communication,320,3940,865,5125
2020,TLM9,Southern Scotland,J (58-63),Information and communication,287,4030,730,4810
2021,TLM9,Southern Scotland,J (58-63),Information and communication,272,3420,790,4090
2022,TLM9,Southern Scotland,J (58-63),Information and communication,303,3695,790,4390
2015,TLM9,Southern Scotland,K (64-66),Financial and insurance activities,581,3550,1325,5095
2016,TLM9,Southern Scotland,K (64-66),Financial and insurance activities,622,3340,1340,4555
2017,TLM9,Southern Scotland,K (64-66),Financial and insurance activities,647,3605,1210,4780
2018,TLM9,Southern Scotland,K (64-66),Financial and insurance activities,625,4315,1230,5545
2019,TLM9,Southern Scotland,K (64-66),Financial and insurance activities,680,3725,1300,5040
2020,TLM9,Southern Scotland,K (64-66),Financial and insurance activities,623,3715,920,4565
2021,TLM9,Southern Scotland,K (64-66),Financial and insurance activities,544,2715,955,3620
2022,TLM9,Southern Scotland,K (64-66),Financial and insurance activities,577,3135,1000,4180
2015,TLM9,Southern Scotland,M (69-75),"Professional, scientific and technical activities",651,11215,2550,14805
2016,TLM9,Southern Scotland,M (69-75),"Professional, scientific and technical activities",671,12485,3075,16495
2017,TLM9,Southern Scotland,M (69-75),"Professional, scientific and technical activities",767,12580,3690,16725
2018,TLM9,Southern Scotland,M (69-75),"Professional, scientific and technical activities",767,14270,3560,18810
2019,TLM9,Southern Scotland,M (69-75),"Professional, scientific and technical activities",791,12930,3835,17660
2020,TLM9,Southern Scotland,M (69-75),"Professional, scientific and technical activities",722,11740,4195,17255
2021,TLM9,Southern Scotland,M (69-75),"Professional, scientific and technical activities",859,11600,3370,15965
2022,TLM9,Southern Scotland,M (69-75),"Professional, scientific and technical activities",894,14430,3185,18330
2015,TLM9,Southern Scotland,N (77-82),Administrative and support service activities,537,12240,7120,20540
2016,TLM9,Southern Scotland,N (77-82),Administrative and support service activities,613,14565,7805,22615
2017,TLM9,Southern Scotland,N (77-82),Administrative and support service activities,666,13390,8115,22265
2018,TLM9,Southern Scotland,N (77-82),Administrative and support service activities,681,13280,7650,21570
2019,TLM9,Southern Scotland,N (77-82),Administrative and support service activities,710,13695,6850,21285
2020,TLM9,Southern Scotland,N (77-82),Administrative and support service activities,562,11215,8175,19895
2021,TLM9,Southern Scotland,N (77-82),Administrative and support service activities,717,11975,6975,19880
2022,TLM9,Southern Scotland,N (77-82),Administrative and support service activities,873,13855,7730,22445
2015,TLM9,Southern Scotland,O (84),Public administration and defence,981,15300,4785,19525
2016,TLM9,Southern Scotland,O (84),Public administration and defence,1097,15475,4785,20500
2017,TLM9,Southern Scotland,O (84),Public administration and defence,1110,15250,5360,20100
2018,TLM9,Southern Scotland,O (84),Public administration and defence,1126,14325,5995,20650
2019,TLM9,Southern Scotland,O (84),Public administration and defence,1130,13275,5130,20050
2020,TLM9,Southern Scotland,O (84),Public administration and defence,1161,14550,4905,19500
2021,TLM9,Southern Scotland,O (84),Public administration and defence,1222,15025,4620,19725
2022,TLM9,Southern Scotland,O (84),Public administration and defence,1232,13350,5150,19450
2015,TLM9,Southern Scotland,P (85),Education,905,13855,11170,25185
2016,TLM9,Southern Scotland,P (85),Education,872,13545,10805,24125
2017,TLM9,Southern Scotland,P (85),Education,868,13625,11140,24140
2018,TLM9,Southern Scotland,P (85),Education,889,13420,10830,23705
2019,TLM9,Southern Scotland,P (85),Education,969,14615,11215,26080
2020,TLM9,Southern Scotland,P (85),Education,1037,14695,11275,25910
2021,TLM9,Southern Scotland,P (85),Education,1065,15295,11625,27485
2022,TLM9,Southern Scotland,P (85),Education,1221,15550,11730,27435
2015,TLM9,Southern Scotland,Q (86-88),Human health and social work activities,2000,33400,29975,64000
2016,TLM9,Southern Scotland,Q (86-88),Human health and social work activities,2108,32000,30100,62675
2017,TLM9,Southern Scotland,Q (86-88),Human health and social work activities,2215,32475,25600,59350
2018,TLM9,Southern Scotland,Q (86-88),Human health and social work activities,2263,32425,28500,61025
2019,TLM9,Southern Scotland,Q (86-88),Human health and social work activities,2319,33875,29350,65000
2020,TLM9,Southern Scotland,Q (86-88),Human health and social work activities,2645,34025,32625,68475
2021,TLM9,Southern Scotland,Q (86-88),Human health and social work activities,2836,34415,30625,64300
2022,TLM9,Southern Scotland,Q (86-88),Human health and social work activities,2742,34300,27425,63425
2015,TLM9,Southern Scotland,R (90-93),"Arts, entertainment and recreation",246,4190,4705,9435
2016,TLM9,Southern Scotland,R (90-93),"Arts, entertainment and recreation",234,5250,6110,11860
2017,TLM9,Southern Scotland,R (90-93),"Arts, entertainment and recreation",249,3885,6355,10195
2018,TLM9,Southern Scotland,R (90-93),"Arts, entertainment and recreation",245,4390,5740,10325
2019,TLM9,Southern Scotland,R (90-93),"Arts, entertainment and recreation",251,4155,5825,10470
2020,TLM9,Southern Scotland,R (90-93),"Arts, entertainment and recreation",198,3675,4165,7885
2021,TLM9,Southern Scotland,R (90-93),"Arts, entertainment and recreation",194,3825,5070,9165
2022,TLM9,Southern Scotland,R (90-93),"Arts, entertainment and recreation",235,4695,6475,11645
2015,TLM9,Southern Scotland,S (94-96),Other service activities,297,3300,2525,6580
2016,TLM9,Southern Scotland,S (94-96),Other service activities,327,3765,2935,7355
2017,TLM9,Southern Scotland,S (94-96),Other service activities,322,2830,3460,6875
2018,TLM9,Southern Scotland,S (94-96),Other service activities,354,3695,3445,7290
2019,TLM9,Southern Scotland,S (94-96),Other service activities,373,2855,2620,6130
2020,TLM9,Southern Scotland,S (94-96),Other service activities,341,2685,2765,6395
2021,TLM9,Southern Scotland,S (94-96),Other service activities,328,3565,2835,6735
2022,TLM9,Southern Scotland,S (94-96),Other service activities,346,3260,2120,5985
2015,TLM9,Southern Scotland,T (97-98),Activities of households,11,0,0,0
2016,TLM9,Southern Scotland,T (97-98),Activities of households,17,0,0,0
2017,TLM9,Southern Scotland,T (97-98),Activities of households,14,0,0,0
2018,TLM9,Southern Scotland,T (97-98),Activities of households,12,0,0,0
2019,TLM9,Southern Scotland,T (97-98),Activities of households,15,0,0,0
2020,TLM9,Southern Scotland,T (97-98),Activities of households,10,0,0,0
2021,TLM9,Southern Scotland,T (97-98),Activities of households,12,0,0,0
2022,TLM9,Southern Scotland,T (97-98),Activities of households,14,0,0,0
